"participant_id","trial","fixationTime","meanVal","indexSelected","array_length","color","rt"
"55ecd6ff748092000daa9f5f",21,500,26,22,10,"blue","3227"
"55ecd6ff748092000daa9f5f",22,500,35,20,20,"blue","1458"
"55ecd6ff748092000daa9f5f",23,400,26,24,20,"blue","1694"
"55ecd6ff748092000daa9f5f",24,600,18,11,2,"blue","1461"
"55ecd6ff748092000daa9f5f",25,400,36,28,2,"blue","1275"
"55ecd6ff748092000daa9f5f",26,600,16,17,2,"blue","1954"
"55ecd6ff748092000daa9f5f",27,600,34,25,2,"blue","1512"
"55ecd6ff748092000daa9f5f",28,500,32,27,2,"blue","1533"
"55ecd6ff748092000daa9f5f",29,500,18,16,20,"blue","1567"
"55ecd6ff748092000daa9f5f",30,400,30,23,20,"blue","1734"
"55ecd6ff748092000daa9f5f",31,500,15,12,10,"blue","1264"
"55ecd6ff748092000daa9f5f",32,500,14,12,10,"blue","1487"
"55ecd6ff748092000daa9f5f",33,500,21,20,10,"blue","1392"
"55ecd6ff748092000daa9f5f",34,500,31,32,10,"blue","1288"
"55ecd6ff748092000daa9f5f",35,600,32,24,10,"blue","1964"
"55ecd6ff748092000daa9f5f",36,400,14,6,2,"blue","1267"
"55ecd6ff748092000daa9f5f",37,600,28,25,2,"blue","1746"
"55ecd6ff748092000daa9f5f",38,400,21,25,20,"blue","1577"
"55ecd6ff748092000daa9f5f",39,500,20,16,2,"blue","1790"
"55ecd6ff748092000daa9f5f",40,500,14,12,10,"blue","1219"
"55ecd6ff748092000daa9f5f",41,500,34,35,20,"blue","1301"
"55ecd6ff748092000daa9f5f",42,500,22,26,2,"blue","1424"
"55ecd6ff748092000daa9f5f",43,400,19,20,10,"blue","2177"
"55ecd6ff748092000daa9f5f",44,500,25,20,2,"blue","1476"
"55ecd6ff748092000daa9f5f",45,500,18,29,10,"blue","1241"
"55ecd6ff748092000daa9f5f",46,600,28,24,20,"blue","1758"
"55ecd6ff748092000daa9f5f",47,500,16,16,2,"blue","1387"
"55ecd6ff748092000daa9f5f",48,400,35,35,10,"blue","1316"
"55ecd6ff748092000daa9f5f",49,600,29,32,2,"blue","1779"
"55ecd6ff748092000daa9f5f",50,400,30,24,2,"blue","1545"
"55ecd6ff748092000daa9f5f",51,600,18,15,10,"blue","1722"
"55ecd6ff748092000daa9f5f",52,500,29,30,20,"blue","1235"
"55ecd6ff748092000daa9f5f",53,600,31,28,2,"blue","1598"
"55ecd6ff748092000daa9f5f",54,400,28,32,10,"blue","1494"
"55ecd6ff748092000daa9f5f",55,600,30,29,20,"blue","1392"
"55ecd6ff748092000daa9f5f",56,500,24,27,10,"blue","1390"
"55ecd6ff748092000daa9f5f",57,500,34,34,20,"blue","1212"
"55ecd6ff748092000daa9f5f",58,600,34,27,20,"blue","1284"
"55ecd6ff748092000daa9f5f",59,500,29,26,20,"blue","1302"
"55ecd6ff748092000daa9f5f",60,500,20,10,20,"blue","1103"
"55ecd6ff748092000daa9f5f",61,400,31,24,2,"blue","1433"
"55ecd6ff748092000daa9f5f",62,600,16,13,10,"blue","1263"
"55ecd6ff748092000daa9f5f",63,600,31,29,2,"blue","1049"
"55ecd6ff748092000daa9f5f",64,600,22,27,20,"blue","1225"
"55ecd6ff748092000daa9f5f",65,500,22,16,10,"blue","1258"
"55ecd6ff748092000daa9f5f",66,500,22,10,20,"blue","1088"
"55ecd6ff748092000daa9f5f",67,600,18,19,20,"blue","1320"
"55ecd6ff748092000daa9f5f",68,400,26,22,10,"blue","1313"
"55ecd6ff748092000daa9f5f",69,600,25,20,10,"red","1468"
"55ecd6ff748092000daa9f5f",70,500,22,16,20,"red","1183"
"55ecd6ff748092000daa9f5f",71,600,15,10,2,"red","1552"
"55ecd6ff748092000daa9f5f",72,400,18,15,20,"red","2056"
"55ecd6ff748092000daa9f5f",73,500,20,19,2,"red","1422"
"55ecd6ff748092000daa9f5f",74,500,32,36,10,"red","1462"
"55ecd6ff748092000daa9f5f",75,500,21,16,10,"red","1979"
"55ecd6ff748092000daa9f5f",76,600,25,13,2,"red","1206"
"55ecd6ff748092000daa9f5f",77,400,31,24,10,"red","1459"
"55ecd6ff748092000daa9f5f",78,500,36,29,10,"red","1584"
"55ecd6ff748092000daa9f5f",79,600,33,34,20,"red","1545"
"55ecd6ff748092000daa9f5f",80,400,15,13,10,"red","1522"
"55ecd6ff748092000daa9f5f",81,500,25,12,20,"red","1748"
"55ecd6ff748092000daa9f5f",82,400,15,7,20,"red","1622"
"55ecd6ff748092000daa9f5f",83,500,24,15,20,"red","1753"
"55ecd6ff748092000daa9f5f",84,600,17,20,2,"red","1473"
"55ecd6ff748092000daa9f5f",85,600,16,6,10,"red","1703"
"55ecd6ff748092000daa9f5f",86,600,17,9,20,"red","1469"
"55ecd6ff748092000daa9f5f",87,400,34,7,10,"red","3303"
"55ecd6ff748092000daa9f5f",88,500,36,18,20,"red","1674"
"55ecd6ff748092000daa9f5f",89,400,30,30,10,"red","1943"
"55ecd6ff748092000daa9f5f",90,400,35,35,20,"red","1711"
"55ecd6ff748092000daa9f5f",91,400,26,22,2,"red","1792"
"55ecd6ff748092000daa9f5f",92,500,30,28,10,"red","1471"
"55ecd6ff748092000daa9f5f",93,600,17,14,2,"red","1420"
"55ecd6ff748092000daa9f5f",94,400,19,20,10,"red","1394"
"55ecd6ff748092000daa9f5f",95,600,34,30,20,"red","1606"
"55ecd6ff748092000daa9f5f",96,400,28,21,2,"red","1204"
"55ecd6ff748092000daa9f5f",97,500,15,10,2,"red","1349"
"55ecd6ff748092000daa9f5f",98,600,33,29,10,"red","1472"
"55ecd6ff748092000daa9f5f",99,400,24,27,2,"red","1552"
"55ecd6ff748092000daa9f5f",100,500,21,27,2,"red","1526"
"55ecd6ff748092000daa9f5f",101,400,34,35,20,"red","1481"
"55ecd6ff748092000daa9f5f",102,500,20,18,2,"red","1628"
"55ecd6ff748092000daa9f5f",103,500,21,22,20,"red","1565"
"55ecd6ff748092000daa9f5f",104,500,26,26,10,"red","1526"
"55ecd6ff748092000daa9f5f",105,400,32,30,20,"red","1319"
"55ecd6ff748092000daa9f5f",106,400,17,25,10,"red","1055"
"55ecd6ff748092000daa9f5f",107,600,25,16,2,"red","1253"
"55ecd6ff748092000daa9f5f",108,500,26,21,2,"red","1340"
"55ecd6ff748092000daa9f5f",109,400,28,26,2,"red","1418"
"55ecd6ff748092000daa9f5f",110,400,27,23,20,"red","1695"
"55ecd6ff748092000daa9f5f",111,500,33,30,2,"red","1424"
"55ecd6ff748092000daa9f5f",112,500,32,28,20,"red","1524"
"55ecd6ff748092000daa9f5f",113,400,25,18,2,"red","1957"
"55ecd6ff748092000daa9f5f",114,400,36,31,10,"red","1627"
"55ecd6ff748092000daa9f5f",115,400,18,16,10,"red","1908"
"55ecd6ff748092000daa9f5f",116,500,31,27,20,"red","1446"
"56b53292a9d33a000c8981a6",21,400,30,23,20,"red","3331"
"56b53292a9d33a000c8981a6",22,500,22,24,20,"red","3104"
"56b53292a9d33a000c8981a6",23,500,27,28,10,"red","2886"
"56b53292a9d33a000c8981a6",24,400,24,23,20,"red","3503"
"56b53292a9d33a000c8981a6",25,600,16,18,20,"red","3728"
"56b53292a9d33a000c8981a6",26,400,17,19,20,"red","6039"
"56b53292a9d33a000c8981a6",27,600,27,28,2,"red","3157"
"56b53292a9d33a000c8981a6",28,500,34,31,10,"red","3490"
"56b53292a9d33a000c8981a6",29,500,15,15,20,"red","4185"
"56b53292a9d33a000c8981a6",30,600,15,13,20,"red","4323"
"56b53292a9d33a000c8981a6",31,400,36,33,2,"red","4838"
"56b53292a9d33a000c8981a6",32,600,14,16,20,"red","4822"
"56b53292a9d33a000c8981a6",33,600,34,33,20,"red","4619"
"56b53292a9d33a000c8981a6",34,600,21,22,20,"red","5419"
"56b53292a9d33a000c8981a6",35,400,32,24,2,"red","3972"
"56b53292a9d33a000c8981a6",36,500,35,30,20,"red","12256"
"56b53292a9d33a000c8981a6",37,500,19,16,20,"red","4255"
"56b53292a9d33a000c8981a6",38,400,25,31,10,"red","4571"
"56b53292a9d33a000c8981a6",39,500,26,28,20,"red","4657"
"56b53292a9d33a000c8981a6",40,500,17,16,20,"red","7431"
"56b53292a9d33a000c8981a6",41,500,33,23,2,"red","7268"
"56b53292a9d33a000c8981a6",42,600,36,33,20,"red","5951"
"56b53292a9d33a000c8981a6",43,600,26,24,20,"red","5138"
"56b53292a9d33a000c8981a6",44,500,17,15,2,"red","3482"
"56b53292a9d33a000c8981a6",45,400,29,19,2,"red","3023"
"56b53292a9d33a000c8981a6",46,500,33,25,2,"red","2726"
"56b53292a9d33a000c8981a6",47,500,23,23,2,"red","3620"
"56b53292a9d33a000c8981a6",48,500,29,29,2,"red","3853"
"56b53292a9d33a000c8981a6",49,600,18,21,2,"red","3654"
"56b53292a9d33a000c8981a6",50,400,26,23,10,"red","9473"
"56b53292a9d33a000c8981a6",51,500,30,30,10,"red","4767"
"56b53292a9d33a000c8981a6",52,600,22,13,2,"red","3908"
"56b53292a9d33a000c8981a6",53,600,23,19,10,"red","4018"
"56b53292a9d33a000c8981a6",54,500,29,15,2,"red","2872"
"56b53292a9d33a000c8981a6",55,400,16,10,2,"red","6003"
"56b53292a9d33a000c8981a6",56,500,19,12,2,"red","5251"
"56b53292a9d33a000c8981a6",57,400,21,11,2,"red","4269"
"56b53292a9d33a000c8981a6",58,500,22,15,2,"red","4021"
"56b53292a9d33a000c8981a6",59,600,21,27,10,"red","3771"
"56b53292a9d33a000c8981a6",60,400,25,28,10,"red","3373"
"56b53292a9d33a000c8981a6",61,500,18,22,10,"red","5720"
"56b53292a9d33a000c8981a6",62,600,22,24,10,"red","3291"
"56b53292a9d33a000c8981a6",63,400,35,35,10,"red","3169"
"56b53292a9d33a000c8981a6",64,400,23,27,10,"red","4268"
"56b53292a9d33a000c8981a6",65,400,16,17,10,"red","6961"
"56b53292a9d33a000c8981a6",66,400,27,28,10,"red","3920"
"56b53292a9d33a000c8981a6",67,500,15,21,10,"red","4787"
"56b53292a9d33a000c8981a6",68,500,35,35,10,"red","3438"
"56b53292a9d33a000c8981a6",69,600,33,0,2,"blue","11771"
"56b53292a9d33a000c8981a6",70,400,29,29,2,"blue","4235"
"56b53292a9d33a000c8981a6",71,500,14,19,2,"blue","4704"
"56b53292a9d33a000c8981a6",72,400,34,31,10,"blue","6005"
"56b53292a9d33a000c8981a6",73,500,27,30,2,"blue","3542"
"56b53292a9d33a000c8981a6",74,400,17,23,10,"blue","3423"
"56b53292a9d33a000c8981a6",75,600,14,16,10,"blue","2854"
"56b53292a9d33a000c8981a6",76,500,27,25,10,"blue","4487"
"56b53292a9d33a000c8981a6",77,500,35,28,2,"blue","3455"
"56b53292a9d33a000c8981a6",78,400,34,32,10,"blue","3971"
"56b53292a9d33a000c8981a6",79,400,35,34,2,"blue","4124"
"56b53292a9d33a000c8981a6",80,600,27,26,2,"blue","3805"
"56b53292a9d33a000c8981a6",81,400,17,24,10,"blue","3787"
"56b53292a9d33a000c8981a6",82,400,22,24,10,"blue","8022"
"56b53292a9d33a000c8981a6",83,600,16,20,10,"blue","3555"
"56b53292a9d33a000c8981a6",84,400,14,15,2,"blue","2751"
"56b53292a9d33a000c8981a6",85,500,17,20,10,"blue","3904"
"56b53292a9d33a000c8981a6",86,600,30,26,2,"blue","4212"
"56b53292a9d33a000c8981a6",87,600,31,25,2,"blue","6619"
"56b53292a9d33a000c8981a6",88,400,34,29,10,"blue","3353"
"56b53292a9d33a000c8981a6",89,500,26,27,2,"blue","2607"
"56b53292a9d33a000c8981a6",90,600,15,15,2,"blue","2773"
"56b53292a9d33a000c8981a6",91,500,25,22,10,"blue","4827"
"56b53292a9d33a000c8981a6",92,600,23,23,10,"blue","3837"
"56b53292a9d33a000c8981a6",93,600,14,17,2,"blue","2471"
"56b53292a9d33a000c8981a6",94,600,19,20,10,"blue","4439"
"56b53292a9d33a000c8981a6",95,500,16,18,2,"blue","6201"
"56b53292a9d33a000c8981a6",96,600,26,19,2,"blue","3276"
"56b53292a9d33a000c8981a6",97,600,35,29,2,"blue","3939"
"56b53292a9d33a000c8981a6",98,500,17,23,10,"blue","4202"
"56b53292a9d33a000c8981a6",99,500,15,19,10,"blue","3703"
"56b53292a9d33a000c8981a6",100,600,22,23,10,"blue","4272"
"56b53292a9d33a000c8981a6",101,600,20,18,20,"blue","4086"
"56b53292a9d33a000c8981a6",102,600,24,21,20,"blue","5336"
"56b53292a9d33a000c8981a6",103,500,30,28,20,"blue","3270"
"56b53292a9d33a000c8981a6",104,400,26,24,20,"blue","3677"
"56b53292a9d33a000c8981a6",105,600,18,19,20,"blue","3852"
"56b53292a9d33a000c8981a6",106,500,16,16,20,"blue","4687"
"56b53292a9d33a000c8981a6",107,400,36,30,20,"blue","2651"
"56b53292a9d33a000c8981a6",108,600,36,36,20,"blue","2686"
"56b53292a9d33a000c8981a6",109,400,36,34,20,"blue","3277"
"56b53292a9d33a000c8981a6",110,400,23,23,20,"blue","3284"
"56b53292a9d33a000c8981a6",111,500,16,17,20,"blue","7841"
"56b53292a9d33a000c8981a6",112,400,17,17,20,"blue","4055"
"56b53292a9d33a000c8981a6",113,500,34,32,20,"blue","2787"
"56b53292a9d33a000c8981a6",114,600,22,26,20,"blue","3336"
"56b53292a9d33a000c8981a6",115,600,26,24,20,"blue","3104"
"56b53292a9d33a000c8981a6",116,500,27,26,20,"blue","2510"
"59205f5005b0ce000123c6e6",21,600,21,16,10,"red","1270"
"59205f5005b0ce000123c6e6",22,500,15,12,2,"red","1185"
"59205f5005b0ce000123c6e6",23,500,23,35,10,"red","1045"
"59205f5005b0ce000123c6e6",24,600,14,9,20,"red","1688"
"59205f5005b0ce000123c6e6",25,500,31,39,10,"red","1502"
"59205f5005b0ce000123c6e6",26,400,16,17,2,"red","1782"
"59205f5005b0ce000123c6e6",27,400,27,33,20,"red","1149"
"59205f5005b0ce000123c6e6",28,600,29,39,2,"red","956"
"59205f5005b0ce000123c6e6",29,400,33,34,10,"red","1265"
"59205f5005b0ce000123c6e6",30,500,26,29,20,"red","1167"
"59205f5005b0ce000123c6e6",31,400,17,20,10,"red","1205"
"59205f5005b0ce000123c6e6",32,400,27,26,20,"red","996"
"59205f5005b0ce000123c6e6",33,600,32,37,20,"red","932"
"59205f5005b0ce000123c6e6",34,500,33,31,20,"red","997"
"59205f5005b0ce000123c6e6",35,400,29,21,10,"red","1024"
"59205f5005b0ce000123c6e6",36,600,26,24,2,"red","856"
"59205f5005b0ce000123c6e6",37,400,36,37,20,"red","863"
"59205f5005b0ce000123c6e6",38,500,30,33,2,"red","799"
"59205f5005b0ce000123c6e6",39,400,28,20,20,"red","1194"
"59205f5005b0ce000123c6e6",40,500,14,9,10,"red","933"
"59205f5005b0ce000123c6e6",41,400,20,15,10,"red","840"
"59205f5005b0ce000123c6e6",42,600,29,34,10,"red","812"
"59205f5005b0ce000123c6e6",43,600,15,9,2,"red","1035"
"59205f5005b0ce000123c6e6",44,500,34,37,20,"red","816"
"59205f5005b0ce000123c6e6",45,400,29,24,2,"red","734"
"59205f5005b0ce000123c6e6",46,400,32,38,10,"red","846"
"59205f5005b0ce000123c6e6",47,500,33,29,2,"red","743"
"59205f5005b0ce000123c6e6",48,400,19,22,2,"red","669"
"59205f5005b0ce000123c6e6",49,400,16,9,10,"red","929"
"59205f5005b0ce000123c6e6",50,400,33,34,20,"red","648"
"59205f5005b0ce000123c6e6",51,500,25,26,2,"red","680"
"59205f5005b0ce000123c6e6",52,400,30,17,2,"red","676"
"59205f5005b0ce000123c6e6",53,500,33,37,2,"red","841"
"59205f5005b0ce000123c6e6",54,500,22,25,20,"red","708"
"59205f5005b0ce000123c6e6",55,500,29,25,2,"red","485"
"59205f5005b0ce000123c6e6",56,400,31,12,10,"red","582"
"59205f5005b0ce000123c6e6",57,500,25,21,20,"red","700"
"59205f5005b0ce000123c6e6",58,600,31,31,10,"red","749"
"59205f5005b0ce000123c6e6",59,600,17,16,2,"red","781"
"59205f5005b0ce000123c6e6",60,600,33,21,20,"red","846"
"59205f5005b0ce000123c6e6",61,600,18,20,20,"red","1085"
"59205f5005b0ce000123c6e6",62,600,26,20,2,"red","888"
"59205f5005b0ce000123c6e6",63,400,28,18,10,"red","1152"
"59205f5005b0ce000123c6e6",64,500,15,13,10,"red","776"
"59205f5005b0ce000123c6e6",65,400,31,26,10,"red","754"
"59205f5005b0ce000123c6e6",66,500,19,11,20,"red","855"
"59205f5005b0ce000123c6e6",67,400,23,17,20,"red","962"
"59205f5005b0ce000123c6e6",68,500,22,13,2,"red","694"
"59205f5005b0ce000123c6e6",69,400,20,16,20,"blue","1674"
"59205f5005b0ce000123c6e6",70,400,22,14,10,"blue","708"
"59205f5005b0ce000123c6e6",71,600,18,12,20,"blue","713"
"59205f5005b0ce000123c6e6",72,600,24,22,10,"blue","1125"
"59205f5005b0ce000123c6e6",73,500,29,17,10,"blue","629"
"59205f5005b0ce000123c6e6",74,600,28,27,2,"blue","777"
"59205f5005b0ce000123c6e6",75,400,21,22,2,"blue","1211"
"59205f5005b0ce000123c6e6",76,600,27,14,20,"blue","1269"
"59205f5005b0ce000123c6e6",77,400,30,19,10,"blue","1138"
"59205f5005b0ce000123c6e6",78,400,34,38,2,"blue","843"
"59205f5005b0ce000123c6e6",79,500,32,24,2,"blue","763"
"59205f5005b0ce000123c6e6",80,500,35,29,10,"blue","883"
"59205f5005b0ce000123c6e6",81,500,15,12,20,"blue","745"
"59205f5005b0ce000123c6e6",82,400,30,24,2,"blue","671"
"59205f5005b0ce000123c6e6",83,400,33,13,20,"blue","783"
"59205f5005b0ce000123c6e6",84,500,15,14,10,"blue","634"
"59205f5005b0ce000123c6e6",85,500,36,46,2,"blue","695"
"59205f5005b0ce000123c6e6",86,600,14,14,20,"blue","918"
"59205f5005b0ce000123c6e6",87,600,34,31,2,"blue","966"
"59205f5005b0ce000123c6e6",88,600,17,12,2,"blue","795"
"59205f5005b0ce000123c6e6",89,500,16,18,20,"blue","796"
"59205f5005b0ce000123c6e6",90,500,30,30,2,"blue","774"
"59205f5005b0ce000123c6e6",91,600,36,19,10,"blue","5538"
"59205f5005b0ce000123c6e6",92,400,23,22,20,"blue","606"
"59205f5005b0ce000123c6e6",93,500,33,30,20,"blue","1000"
"59205f5005b0ce000123c6e6",94,400,30,20,10,"blue","694"
"59205f5005b0ce000123c6e6",95,500,17,11,10,"blue","722"
"59205f5005b0ce000123c6e6",96,500,25,25,2,"blue","603"
"59205f5005b0ce000123c6e6",97,600,29,24,10,"blue","705"
"59205f5005b0ce000123c6e6",98,600,22,16,2,"blue","648"
"59205f5005b0ce000123c6e6",99,600,34,31,2,"blue","621"
"59205f5005b0ce000123c6e6",100,600,30,25,2,"blue","712"
"59205f5005b0ce000123c6e6",101,600,23,11,20,"blue","777"
"59205f5005b0ce000123c6e6",102,500,30,27,10,"blue","632"
"59205f5005b0ce000123c6e6",103,400,23,22,2,"blue","752"
"59205f5005b0ce000123c6e6",104,400,17,16,10,"blue","569"
"59205f5005b0ce000123c6e6",105,400,17,10,10,"blue","557"
"59205f5005b0ce000123c6e6",106,500,30,27,20,"blue","542"
"59205f5005b0ce000123c6e6",107,500,21,18,20,"blue","522"
"59205f5005b0ce000123c6e6",108,600,17,10,10,"blue","569"
"59205f5005b0ce000123c6e6",109,600,24,25,20,"blue","673"
"59205f5005b0ce000123c6e6",110,500,21,19,10,"blue","571"
"59205f5005b0ce000123c6e6",111,400,24,19,2,"blue","1583"
"59205f5005b0ce000123c6e6",112,600,22,17,20,"blue","990"
"59205f5005b0ce000123c6e6",113,500,35,31,10,"blue","674"
"59205f5005b0ce000123c6e6",114,400,32,23,20,"blue","715"
"59205f5005b0ce000123c6e6",115,400,27,24,2,"blue","779"
"59205f5005b0ce000123c6e6",116,600,19,12,20,"blue","628"
"5b6db9e0580154000153cc64",21,600,36,10,20,"blue","26226"
"5b6db9e0580154000153cc64",22,400,34,34,2,"blue","7986"
"5b6db9e0580154000153cc64",23,400,32,27,10,"blue","2675"
"5b6db9e0580154000153cc64",24,500,27,33,10,"blue","6072"
"5b6db9e0580154000153cc64",25,400,23,28,2,"blue","2325"
"5b6db9e0580154000153cc64",26,400,14,15,20,"blue","4786"
"5b6db9e0580154000153cc64",27,600,17,21,10,"blue","2075"
"5b6db9e0580154000153cc64",28,400,20,26,10,"blue","4371"
"5b6db9e0580154000153cc64",29,400,25,21,20,"blue","6279"
"5b6db9e0580154000153cc64",30,400,23,23,2,"blue","24363"
"5b6db9e0580154000153cc64",31,400,25,27,20,"blue","5462"
"5b6db9e0580154000153cc64",32,600,32,34,10,"blue","2649"
"5b6db9e0580154000153cc64",33,400,23,19,2,"blue","4056"
"5b6db9e0580154000153cc64",34,600,18,15,10,"blue","3627"
"5b6db9e0580154000153cc64",35,400,21,27,20,"blue","4006"
"5b6db9e0580154000153cc64",36,500,21,19,20,"blue","5266"
"5b6db9e0580154000153cc64",37,500,33,35,2,"blue","5249"
"5b6db9e0580154000153cc64",38,600,31,30,2,"blue","5181"
"5b6db9e0580154000153cc64",39,600,27,25,10,"blue","3695"
"5b6db9e0580154000153cc64",40,600,35,35,20,"blue","6446"
"5b6db9e0580154000153cc64",41,400,35,34,20,"blue","2928"
"5b6db9e0580154000153cc64",42,500,25,26,20,"blue","5024"
"5b6db9e0580154000153cc64",43,500,14,17,2,"blue","3961"
"5b6db9e0580154000153cc64",44,500,16,13,10,"blue","6757"
"5b6db9e0580154000153cc64",45,400,21,22,10,"blue","3288"
"5b6db9e0580154000153cc64",46,500,16,14,20,"blue","3453"
"5b6db9e0580154000153cc64",47,500,28,20,10,"blue","5163"
"5b6db9e0580154000153cc64",48,600,14,15,10,"blue","4356"
"5b6db9e0580154000153cc64",49,600,27,25,2,"blue","3286"
"5b6db9e0580154000153cc64",50,400,20,16,2,"blue","2742"
"5b6db9e0580154000153cc64",51,500,15,17,2,"blue","2751"
"5b6db9e0580154000153cc64",52,500,35,36,20,"blue","5719"
"5b6db9e0580154000153cc64",53,500,21,30,20,"blue","7935"
"5b6db9e0580154000153cc64",54,500,18,25,10,"blue","2768"
"5b6db9e0580154000153cc64",55,600,21,24,10,"blue","3931"
"5b6db9e0580154000153cc64",56,400,36,39,20,"blue","4756"
"5b6db9e0580154000153cc64",57,500,21,27,10,"blue","7030"
"5b6db9e0580154000153cc64",58,400,31,23,2,"blue","8150"
"5b6db9e0580154000153cc64",59,500,20,18,2,"blue","6397"
"5b6db9e0580154000153cc64",60,600,20,20,2,"blue","9048"
"5b6db9e0580154000153cc64",61,600,26,35,10,"blue","13703"
"5b6db9e0580154000153cc64",62,400,24,23,20,"blue","2727"
"5b6db9e0580154000153cc64",63,600,29,26,2,"blue","2376"
"5b6db9e0580154000153cc64",64,400,36,37,10,"blue","3279"
"5b6db9e0580154000153cc64",65,500,34,31,2,"blue","4784"
"5b6db9e0580154000153cc64",66,400,30,35,2,"blue","4433"
"5b6db9e0580154000153cc64",67,400,19,19,20,"blue","5696"
"5b6db9e0580154000153cc64",68,400,30,25,20,"blue","4110"
"5b6db9e0580154000153cc64",69,500,16,23,10,"red","5384"
"5b6db9e0580154000153cc64",70,600,24,27,2,"red","3492"
"5b6db9e0580154000153cc64",71,400,27,29,10,"red","7022"
"5b6db9e0580154000153cc64",72,400,20,18,2,"red","4763"
"5b6db9e0580154000153cc64",73,400,32,35,20,"red","6249"
"5b6db9e0580154000153cc64",74,400,25,21,2,"red","6632"
"5b6db9e0580154000153cc64",75,400,17,20,20,"red","7734"
"5b6db9e0580154000153cc64",76,500,27,31,20,"red","7999"
"5b6db9e0580154000153cc64",77,600,35,35,10,"red","2686"
"5b6db9e0580154000153cc64",78,600,27,29,10,"red","5222"
"5b6db9e0580154000153cc64",79,600,26,33,20,"red","3629"
"5b6db9e0580154000153cc64",80,400,18,26,10,"red","2863"
"5b6db9e0580154000153cc64",81,500,24,32,20,"red","4967"
"5b6db9e0580154000153cc64",82,400,25,20,2,"red","7319"
"5b6db9e0580154000153cc64",83,600,21,21,20,"red","2572"
"5b6db9e0580154000153cc64",84,400,23,31,10,"red","3879"
"5b6db9e0580154000153cc64",85,600,24,26,10,"red","3447"
"5b6db9e0580154000153cc64",86,400,33,30,2,"red","4186"
"5b6db9e0580154000153cc64",87,600,17,28,10,"red","4902"
"5b6db9e0580154000153cc64",88,500,36,36,2,"red","2689"
"5b6db9e0580154000153cc64",89,600,27,30,20,"red","3651"
"5b6db9e0580154000153cc64",90,500,18,25,10,"red","9671"
"5b6db9e0580154000153cc64",91,500,14,27,2,"red","4163"
"5b6db9e0580154000153cc64",92,500,25,9,20,"red","2196"
"5b6db9e0580154000153cc64",93,400,23,35,2,"red","4727"
"5b6db9e0580154000153cc64",94,500,35,40,10,"red","2727"
"5b6db9e0580154000153cc64",95,600,18,16,2,"red","8185"
"5b6db9e0580154000153cc64",96,500,14,18,20,"red","4469"
"5b6db9e0580154000153cc64",97,400,17,21,20,"red","2057"
"5b6db9e0580154000153cc64",98,500,29,28,2,"red","3661"
"5b6db9e0580154000153cc64",99,600,17,15,2,"red","3053"
"5b6db9e0580154000153cc64",100,600,20,19,10,"red","1912"
"5b6db9e0580154000153cc64",101,500,22,20,10,"red","3199"
"5b6db9e0580154000153cc64",102,600,32,18,2,"red","4241"
"5b6db9e0580154000153cc64",103,400,24,24,20,"red","1993"
"5b6db9e0580154000153cc64",104,400,21,18,10,"red","1852"
"5b6db9e0580154000153cc64",105,600,28,27,10,"red","2256"
"5b6db9e0580154000153cc64",106,500,34,37,2,"red","3767"
"5b6db9e0580154000153cc64",107,600,35,41,20,"red","4263"
"5b6db9e0580154000153cc64",108,500,30,29,2,"red","1580"
"5b6db9e0580154000153cc64",109,400,19,24,2,"red","1583"
"5b6db9e0580154000153cc64",110,500,21,15,2,"red","1938"
"5b6db9e0580154000153cc64",111,500,18,20,20,"red","6934"
"5b6db9e0580154000153cc64",112,400,28,33,20,"red","2558"
"5b6db9e0580154000153cc64",113,400,16,21,20,"red","7856"
"5b6db9e0580154000153cc64",114,500,31,37,20,"red","9711"
"5b6db9e0580154000153cc64",115,600,15,26,10,"red","4840"
"5b6db9e0580154000153cc64",116,600,20,23,10,"red","13055"
"5d6b2515783298001a763157",21,400,25,21,20,"blue","3454"
"5d6b2515783298001a763157",22,600,22,18,2,"blue","1893"
"5d6b2515783298001a763157",23,600,22,18,2,"blue","1939"
"5d6b2515783298001a763157",24,400,28,23,10,"blue","2133"
"5d6b2515783298001a763157",25,600,23,20,2,"blue","2207"
"5d6b2515783298001a763157",26,400,31,31,10,"blue","1833"
"5d6b2515783298001a763157",27,400,25,25,20,"blue","1980"
"5d6b2515783298001a763157",28,400,21,20,2,"blue","2410"
"5d6b2515783298001a763157",29,600,21,20,2,"blue","1769"
"5d6b2515783298001a763157",30,400,30,28,2,"blue","2991"
"5d6b2515783298001a763157",31,600,15,15,20,"blue","2428"
"5d6b2515783298001a763157",32,400,32,32,10,"blue","1956"
"5d6b2515783298001a763157",33,400,25,31,10,"blue","2792"
"5d6b2515783298001a763157",34,400,14,13,2,"blue","2493"
"5d6b2515783298001a763157",35,600,33,33,10,"blue","1660"
"5d6b2515783298001a763157",36,400,26,21,20,"blue","1875"
"5d6b2515783298001a763157",37,500,14,16,2,"blue","1475"
"5d6b2515783298001a763157",38,600,36,31,20,"blue","1857"
"5d6b2515783298001a763157",39,400,24,20,2,"blue","2562"
"5d6b2515783298001a763157",40,500,30,26,2,"blue","1975"
"5d6b2515783298001a763157",41,500,29,31,2,"blue","1584"
"5d6b2515783298001a763157",42,500,20,17,20,"blue","1773"
"5d6b2515783298001a763157",43,400,31,28,20,"blue","2372"
"5d6b2515783298001a763157",44,500,32,31,20,"blue","1769"
"5d6b2515783298001a763157",45,600,31,28,2,"blue","3044"
"5d6b2515783298001a763157",46,500,33,27,2,"blue","2375"
"5d6b2515783298001a763157",47,500,35,29,20,"blue","1680"
"5d6b2515783298001a763157",48,600,22,17,20,"blue","1705"
"5d6b2515783298001a763157",49,400,15,14,10,"blue","1715"
"5d6b2515783298001a763157",50,600,15,6,2,"blue","2095"
"5d6b2515783298001a763157",51,600,16,18,10,"blue","1503"
"5d6b2515783298001a763157",52,500,20,24,10,"blue","1825"
"5d6b2515783298001a763157",53,400,33,33,10,"blue","1360"
"5d6b2515783298001a763157",54,500,34,34,10,"blue","1522"
"5d6b2515783298001a763157",55,600,26,24,2,"blue","1770"
"5d6b2515783298001a763157",56,600,16,18,10,"blue","2073"
"5d6b2515783298001a763157",57,400,30,32,20,"blue","1452"
"5d6b2515783298001a763157",58,400,28,31,10,"blue","1539"
"5d6b2515783298001a763157",59,500,20,22,10,"blue","1942"
"5d6b2515783298001a763157",60,600,32,25,20,"blue","1725"
"5d6b2515783298001a763157",61,600,34,32,2,"blue","1408"
"5d6b2515783298001a763157",62,600,22,25,10,"blue","1534"
"5d6b2515783298001a763157",63,400,36,37,20,"blue","1540"
"5d6b2515783298001a763157",64,400,28,24,10,"blue","1564"
"5d6b2515783298001a763157",65,500,20,18,20,"blue","1672"
"5d6b2515783298001a763157",66,400,29,28,20,"blue","1592"
"5d6b2515783298001a763157",67,400,36,38,10,"blue","1672"
"5d6b2515783298001a763157",68,400,25,19,20,"blue","1897"
"5d6b2515783298001a763157",69,500,28,24,2,"red","2402"
"5d6b2515783298001a763157",70,600,28,29,2,"red","1281"
"5d6b2515783298001a763157",71,400,17,17,10,"red","1225"
"5d6b2515783298001a763157",72,600,31,26,10,"red","1320"
"5d6b2515783298001a763157",73,600,17,19,2,"red","1458"
"5d6b2515783298001a763157",74,600,30,29,10,"red","1200"
"5d6b2515783298001a763157",75,500,28,25,2,"red","1699"
"5d6b2515783298001a763157",76,400,36,35,20,"red","1400"
"5d6b2515783298001a763157",77,500,35,42,2,"red","1610"
"5d6b2515783298001a763157",78,600,19,18,20,"red","1620"
"5d6b2515783298001a763157",79,500,36,28,2,"red","1406"
"5d6b2515783298001a763157",80,400,15,20,10,"red","1415"
"5d6b2515783298001a763157",81,400,27,20,2,"red","1423"
"5d6b2515783298001a763157",82,600,35,28,2,"red","1680"
"5d6b2515783298001a763157",83,600,24,19,20,"red","1393"
"5d6b2515783298001a763157",84,400,35,30,20,"red","1600"
"5d6b2515783298001a763157",85,600,32,33,2,"red","1403"
"5d6b2515783298001a763157",86,500,28,22,10,"red","1534"
"5d6b2515783298001a763157",87,400,26,19,10,"red","1202"
"5d6b2515783298001a763157",88,600,19,16,20,"red","1519"
"5d6b2515783298001a763157",89,400,36,32,10,"red","1389"
"5d6b2515783298001a763157",90,500,31,32,20,"red","1580"
"5d6b2515783298001a763157",91,500,21,17,20,"red","1994"
"5d6b2515783298001a763157",92,400,34,31,10,"red","1462"
"5d6b2515783298001a763157",93,400,18,18,20,"red","1472"
"5d6b2515783298001a763157",94,500,19,20,10,"red","1593"
"5d6b2515783298001a763157",95,400,32,35,20,"red","1176"
"5d6b2515783298001a763157",96,600,36,37,2,"red","1452"
"5d6b2515783298001a763157",97,400,18,16,20,"red","1272"
"5d6b2515783298001a763157",98,600,15,12,10,"red","1256"
"5d6b2515783298001a763157",99,600,18,22,10,"red","1273"
"5d6b2515783298001a763157",100,600,32,28,10,"red","1847"
"5d6b2515783298001a763157",101,500,14,9,20,"red","1249"
"5d6b2515783298001a763157",102,500,24,17,10,"red","1248"
"5d6b2515783298001a763157",103,400,14,11,10,"red","1445"
"5d6b2515783298001a763157",104,500,15,11,20,"red","1261"
"5d6b2515783298001a763157",105,600,16,9,2,"red","1407"
"5d6b2515783298001a763157",106,600,29,25,2,"red","1078"
"5d6b2515783298001a763157",107,500,14,17,2,"red","1234"
"5d6b2515783298001a763157",108,600,23,20,2,"red","1102"
"5d6b2515783298001a763157",109,400,16,12,20,"red","1321"
"5d6b2515783298001a763157",110,500,28,23,20,"red","2272"
"5d6b2515783298001a763157",111,500,34,27,2,"red","1456"
"5d6b2515783298001a763157",112,600,15,10,2,"red","3040"
"5d6b2515783298001a763157",113,500,27,26,10,"red","1346"
"5d6b2515783298001a763157",114,500,19,14,10,"red","1329"
"5d6b2515783298001a763157",115,400,34,26,20,"red","1473"
"5d6b2515783298001a763157",116,600,17,16,20,"red","1467"
"5e03e20e4cac68ec33187d80",21,600,34,28,2,"blue","2596"
"5e03e20e4cac68ec33187d80",22,500,20,23,10,"blue","2648"
"5e03e20e4cac68ec33187d80",23,600,26,28,2,"blue","3252"
"5e03e20e4cac68ec33187d80",24,600,35,33,10,"blue","2914"
"5e03e20e4cac68ec33187d80",25,500,31,34,20,"blue","4159"
"5e03e20e4cac68ec33187d80",26,400,18,23,2,"blue","2694"
"5e03e20e4cac68ec33187d80",27,400,21,27,10,"blue","3303"
"5e03e20e4cac68ec33187d80",28,400,18,20,2,"blue","2722"
"5e03e20e4cac68ec33187d80",29,400,34,32,2,"blue","3699"
"5e03e20e4cac68ec33187d80",30,600,28,29,20,"blue","3380"
"5e03e20e4cac68ec33187d80",31,500,23,21,20,"blue","3182"
"5e03e20e4cac68ec33187d80",32,600,30,27,20,"blue","2332"
"5e03e20e4cac68ec33187d80",33,500,32,30,20,"blue","2506"
"5e03e20e4cac68ec33187d80",34,600,27,28,2,"blue","2018"
"5e03e20e4cac68ec33187d80",35,400,21,22,2,"blue","3410"
"5e03e20e4cac68ec33187d80",36,600,34,32,2,"blue","2805"
"5e03e20e4cac68ec33187d80",37,500,28,25,20,"blue","3281"
"5e03e20e4cac68ec33187d80",38,600,18,20,10,"blue","3414"
"5e03e20e4cac68ec33187d80",39,600,19,19,2,"blue","4254"
"5e03e20e4cac68ec33187d80",40,600,23,23,10,"blue","4367"
"5e03e20e4cac68ec33187d80",41,600,18,19,20,"blue","2430"
"5e03e20e4cac68ec33187d80",42,600,19,20,10,"blue","2925"
"5e03e20e4cac68ec33187d80",43,600,18,16,20,"blue","3022"
"5e03e20e4cac68ec33187d80",44,600,23,24,20,"blue","3241"
"5e03e20e4cac68ec33187d80",45,500,24,26,20,"blue","3062"
"5e03e20e4cac68ec33187d80",46,400,35,34,20,"blue","3278"
"5e03e20e4cac68ec33187d80",47,600,27,29,2,"blue","2853"
"5e03e20e4cac68ec33187d80",48,500,19,18,2,"blue","2266"
"5e03e20e4cac68ec33187d80",49,400,34,39,10,"blue","2181"
"5e03e20e4cac68ec33187d80",50,500,16,20,10,"blue","3299"
"5e03e20e4cac68ec33187d80",51,400,17,16,2,"blue","2704"
"5e03e20e4cac68ec33187d80",52,500,33,31,10,"blue","3282"
"5e03e20e4cac68ec33187d80",53,600,33,34,2,"blue","2218"
"5e03e20e4cac68ec33187d80",54,400,35,36,2,"blue","2313"
"5e03e20e4cac68ec33187d80",55,600,29,30,10,"blue","2465"
"5e03e20e4cac68ec33187d80",56,400,35,36,2,"blue","2195"
"5e03e20e4cac68ec33187d80",57,600,36,35,20,"blue","2483"
"5e03e20e4cac68ec33187d80",58,500,16,22,20,"blue","2585"
"5e03e20e4cac68ec33187d80",59,400,29,27,10,"blue","2284"
"5e03e20e4cac68ec33187d80",60,600,15,15,10,"blue","2038"
"5e03e20e4cac68ec33187d80",61,500,33,33,20,"blue","2134"
"5e03e20e4cac68ec33187d80",62,500,23,23,20,"blue","2327"
"5e03e20e4cac68ec33187d80",63,400,24,21,20,"blue","2439"
"5e03e20e4cac68ec33187d80",64,600,31,29,10,"blue","2253"
"5e03e20e4cac68ec33187d80",65,500,24,24,10,"blue","2637"
"5e03e20e4cac68ec33187d80",66,500,15,17,10,"blue","2917"
"5e03e20e4cac68ec33187d80",67,500,33,32,2,"blue","2621"
"5e03e20e4cac68ec33187d80",68,400,17,18,10,"blue","2616"
"5e03e20e4cac68ec33187d80",69,600,34,28,10,"red","2316"
"5e03e20e4cac68ec33187d80",70,500,18,23,10,"red","2234"
"5e03e20e4cac68ec33187d80",71,400,35,29,10,"red","3078"
"5e03e20e4cac68ec33187d80",72,400,21,22,10,"red","2241"
"5e03e20e4cac68ec33187d80",73,600,16,14,2,"red","1823"
"5e03e20e4cac68ec33187d80",74,500,16,13,2,"red","2057"
"5e03e20e4cac68ec33187d80",75,600,34,28,20,"red","2247"
"5e03e20e4cac68ec33187d80",76,600,15,17,20,"red","2742"
"5e03e20e4cac68ec33187d80",77,500,33,28,10,"red","3317"
"5e03e20e4cac68ec33187d80",78,500,16,19,20,"red","1988"
"5e03e20e4cac68ec33187d80",79,500,25,27,2,"red","2011"
"5e03e20e4cac68ec33187d80",80,600,21,24,10,"red","2117"
"5e03e20e4cac68ec33187d80",81,600,17,18,2,"red","2328"
"5e03e20e4cac68ec33187d80",82,400,19,18,20,"red","3295"
"5e03e20e4cac68ec33187d80",83,600,26,23,20,"red","3045"
"5e03e20e4cac68ec33187d80",84,400,23,26,10,"red","2673"
"5e03e20e4cac68ec33187d80",85,400,17,19,2,"red","2836"
"5e03e20e4cac68ec33187d80",86,500,23,23,20,"red","2962"
"5e03e20e4cac68ec33187d80",87,500,31,31,2,"red","1959"
"5e03e20e4cac68ec33187d80",88,500,15,21,10,"red","2605"
"5e03e20e4cac68ec33187d80",89,500,34,31,2,"red","2668"
"5e03e20e4cac68ec33187d80",90,500,20,20,10,"red","2172"
"5e03e20e4cac68ec33187d80",91,400,32,29,20,"red","2144"
"5e03e20e4cac68ec33187d80",92,500,22,22,10,"red","2032"
"5e03e20e4cac68ec33187d80",93,400,31,31,20,"red","2672"
"5e03e20e4cac68ec33187d80",94,400,32,30,2,"red","2072"
"5e03e20e4cac68ec33187d80",95,600,36,38,10,"red","2022"
"5e03e20e4cac68ec33187d80",96,400,21,25,2,"red","2073"
"5e03e20e4cac68ec33187d80",97,500,26,27,2,"red","2695"
"5e03e20e4cac68ec33187d80",98,600,26,27,10,"red","2457"
"5e03e20e4cac68ec33187d80",99,600,19,21,10,"red","2263"
"5e03e20e4cac68ec33187d80",100,600,29,32,2,"red","1717"
"5e03e20e4cac68ec33187d80",101,400,18,18,2,"red","1875"
"5e03e20e4cac68ec33187d80",102,500,31,33,20,"red","3089"
"5e03e20e4cac68ec33187d80",103,500,32,34,20,"red","1899"
"5e03e20e4cac68ec33187d80",104,500,16,16,2,"red","2377"
"5e03e20e4cac68ec33187d80",105,500,26,23,20,"red","1627"
"5e03e20e4cac68ec33187d80",106,400,33,32,20,"red","1634"
"5e03e20e4cac68ec33187d80",107,500,18,14,2,"red","2829"
"5e03e20e4cac68ec33187d80",108,400,35,39,2,"red","1645"
"5e03e20e4cac68ec33187d80",109,600,22,19,20,"red","2276"
"5e03e20e4cac68ec33187d80",110,500,26,28,10,"red","2023"
"5e03e20e4cac68ec33187d80",111,600,19,20,20,"red","2566"
"5e03e20e4cac68ec33187d80",112,500,32,33,10,"red","1717"
"5e03e20e4cac68ec33187d80",113,400,20,21,20,"red","2334"
"5e03e20e4cac68ec33187d80",114,500,22,19,20,"red","1952"
"5e03e20e4cac68ec33187d80",115,600,29,28,2,"red","1545"
"5e03e20e4cac68ec33187d80",116,400,33,35,10,"red","1625"
"5e076480c4e1550e2114f006",21,400,20,18,10,"red","1542"
"5e076480c4e1550e2114f006",22,600,14,14,10,"red","1329"
"5e076480c4e1550e2114f006",23,600,19,15,2,"red","1729"
"5e076480c4e1550e2114f006",24,500,36,34,10,"red","3248"
"5e076480c4e1550e2114f006",25,600,26,23,2,"red","2310"
"5e076480c4e1550e2114f006",26,400,16,16,2,"red","1864"
"5e076480c4e1550e2114f006",27,600,17,15,20,"red","2463"
"5e076480c4e1550e2114f006",28,400,26,28,2,"red","1747"
"5e076480c4e1550e2114f006",29,400,32,27,20,"red","2246"
"5e076480c4e1550e2114f006",30,400,26,28,20,"red","1828"
"5e076480c4e1550e2114f006",31,600,21,24,10,"red","2012"
"5e076480c4e1550e2114f006",32,500,23,17,2,"red","1646"
"5e076480c4e1550e2114f006",33,500,26,24,10,"red","1779"
"5e076480c4e1550e2114f006",34,500,21,19,20,"red","1594"
"5e076480c4e1550e2114f006",35,400,19,20,10,"red","2412"
"5e076480c4e1550e2114f006",36,500,26,23,20,"red","1976"
"5e076480c4e1550e2114f006",37,400,23,15,20,"red","1877"
"5e076480c4e1550e2114f006",38,400,24,23,2,"red","2414"
"5e076480c4e1550e2114f006",39,500,31,27,10,"red","1779"
"5e076480c4e1550e2114f006",40,600,31,29,10,"red","2212"
"5e076480c4e1550e2114f006",41,600,14,14,2,"red","3160"
"5e076480c4e1550e2114f006",42,600,36,30,20,"red","2062"
"5e076480c4e1550e2114f006",43,600,24,20,20,"red","2293"
"5e076480c4e1550e2114f006",44,600,14,11,20,"red","1978"
"5e076480c4e1550e2114f006",45,500,28,20,2,"red","1829"
"5e076480c4e1550e2114f006",46,400,21,19,20,"red","2092"
"5e076480c4e1550e2114f006",47,500,14,17,10,"red","1981"
"5e076480c4e1550e2114f006",48,500,23,21,20,"red","1895"
"5e076480c4e1550e2114f006",49,400,30,24,20,"red","1946"
"5e076480c4e1550e2114f006",50,400,22,22,10,"red","2196"
"5e076480c4e1550e2114f006",51,600,29,30,20,"red","2809"
"5e076480c4e1550e2114f006",52,500,29,26,20,"red","1945"
"5e076480c4e1550e2114f006",53,500,25,18,2,"red","2178"
"5e076480c4e1550e2114f006",54,400,36,37,2,"red","1746"
"5e076480c4e1550e2114f006",55,500,36,40,10,"red","1427"
"5e076480c4e1550e2114f006",56,400,20,18,2,"red","1863"
"5e076480c4e1550e2114f006",57,400,33,23,2,"red","1893"
"5e076480c4e1550e2114f006",58,600,35,31,10,"red","2496"
"5e076480c4e1550e2114f006",59,400,21,21,2,"red","1963"
"5e076480c4e1550e2114f006",60,400,35,30,10,"red","1795"
"5e076480c4e1550e2114f006",61,500,17,13,10,"red","1445"
"5e076480c4e1550e2114f006",62,500,21,18,20,"red","1779"
"5e076480c4e1550e2114f006",63,600,21,14,2,"red","1512"
"5e076480c4e1550e2114f006",64,500,25,14,2,"red","1529"
"5e076480c4e1550e2114f006",65,500,29,25,10,"red","1745"
"5e076480c4e1550e2114f006",66,400,21,19,20,"red","1762"
"5e076480c4e1550e2114f006",67,600,20,18,2,"red","2012"
"5e076480c4e1550e2114f006",68,500,24,20,10,"red","1779"
"5e076480c4e1550e2114f006",69,600,33,38,2,"blue","2628"
"5e076480c4e1550e2114f006",70,400,23,20,2,"blue","1393"
"5e076480c4e1550e2114f006",71,500,35,37,20,"blue","1464"
"5e076480c4e1550e2114f006",72,400,27,24,20,"blue","1679"
"5e076480c4e1550e2114f006",73,400,31,39,10,"blue","1228"
"5e076480c4e1550e2114f006",74,400,23,27,10,"blue","2826"
"5e076480c4e1550e2114f006",75,500,24,21,10,"blue","1515"
"5e076480c4e1550e2114f006",76,500,34,34,20,"blue","1511"
"5e076480c4e1550e2114f006",77,400,14,19,10,"blue","1197"
"5e076480c4e1550e2114f006",78,500,17,20,2,"blue","1711"
"5e076480c4e1550e2114f006",79,600,33,30,2,"blue","1782"
"5e076480c4e1550e2114f006",80,600,36,31,20,"blue","1678"
"5e076480c4e1550e2114f006",81,600,32,30,2,"blue","1981"
"5e076480c4e1550e2114f006",82,500,30,27,10,"blue","1742"
"5e076480c4e1550e2114f006",83,400,18,24,10,"blue","2082"
"5e076480c4e1550e2114f006",84,600,34,27,10,"blue","1878"
"5e076480c4e1550e2114f006",85,400,14,25,2,"blue","3195"
"5e076480c4e1550e2114f006",86,400,16,14,20,"blue","1612"
"5e076480c4e1550e2114f006",87,500,24,15,2,"blue","1212"
"5e076480c4e1550e2114f006",88,400,29,25,2,"blue","1928"
"5e076480c4e1550e2114f006",89,500,34,35,2,"blue","1644"
"5e076480c4e1550e2114f006",90,400,24,24,10,"blue","1447"
"5e076480c4e1550e2114f006",91,400,34,32,10,"blue","1627"
"5e076480c4e1550e2114f006",92,500,19,19,10,"blue","1713"
"5e076480c4e1550e2114f006",93,400,14,12,20,"blue","1810"
"5e076480c4e1550e2114f006",94,600,21,23,10,"blue","1878"
"5e076480c4e1550e2114f006",95,400,25,23,20,"blue","2644"
"5e076480c4e1550e2114f006",96,400,27,22,2,"blue","2294"
"5e076480c4e1550e2114f006",97,400,36,43,2,"blue","1577"
"5e076480c4e1550e2114f006",98,600,22,22,2,"blue","1930"
"5e076480c4e1550e2114f006",99,600,30,21,2,"blue","1825"
"5e076480c4e1550e2114f006",100,400,19,16,2,"blue","1948"
"5e076480c4e1550e2114f006",101,500,23,21,20,"blue","1963"
"5e076480c4e1550e2114f006",102,400,34,34,20,"blue","2110"
"5e076480c4e1550e2114f006",103,600,19,22,20,"blue","1826"
"5e076480c4e1550e2114f006",104,400,36,31,10,"blue","2128"
"5e076480c4e1550e2114f006",105,400,33,31,2,"blue","1930"
"5e076480c4e1550e2114f006",106,600,30,32,20,"blue","1978"
"5e076480c4e1550e2114f006",107,400,29,36,10,"blue","1796"
"5e076480c4e1550e2114f006",108,400,30,28,10,"blue","1562"
"5e076480c4e1550e2114f006",109,400,14,18,20,"blue","1560"
"5e076480c4e1550e2114f006",110,400,28,29,10,"blue","1661"
"5e076480c4e1550e2114f006",111,500,16,13,20,"blue","1381"
"5e076480c4e1550e2114f006",112,600,15,19,20,"blue","1593"
"5e076480c4e1550e2114f006",113,400,31,26,20,"blue","1447"
"5e076480c4e1550e2114f006",114,400,35,27,2,"blue","2294"
"5e076480c4e1550e2114f006",115,600,27,24,10,"blue","1630"
"5e076480c4e1550e2114f006",116,500,15,17,20,"blue","1910"
"5e3adfc595ff562fbdd130fa",21,400,27,26,2,"blue","2324"
"5e3adfc595ff562fbdd130fa",22,400,21,15,2,"blue","1459"
"5e3adfc595ff562fbdd130fa",23,400,33,23,10,"blue","1507"
"5e3adfc595ff562fbdd130fa",24,400,25,23,10,"blue","1617"
"5e3adfc595ff562fbdd130fa",25,400,26,21,20,"blue","1742"
"5e3adfc595ff562fbdd130fa",26,500,15,16,20,"blue","1477"
"5e3adfc595ff562fbdd130fa",27,400,21,20,20,"blue","1825"
"5e3adfc595ff562fbdd130fa",28,600,23,21,2,"blue","1722"
"5e3adfc595ff562fbdd130fa",29,600,20,20,10,"blue","1901"
"5e3adfc595ff562fbdd130fa",30,500,34,33,2,"blue","1649"
"5e3adfc595ff562fbdd130fa",31,500,19,16,2,"blue","2017"
"5e3adfc595ff562fbdd130fa",32,400,23,23,10,"blue","1639"
"5e3adfc595ff562fbdd130fa",33,500,33,32,2,"blue","1821"
"5e3adfc595ff562fbdd130fa",34,400,22,22,20,"blue","1712"
"5e3adfc595ff562fbdd130fa",35,500,29,27,20,"blue","1552"
"5e3adfc595ff562fbdd130fa",36,600,34,25,20,"blue","1104"
"5e3adfc595ff562fbdd130fa",37,500,36,30,10,"blue","1827"
"5e3adfc595ff562fbdd130fa",38,500,14,15,10,"blue","1257"
"5e3adfc595ff562fbdd130fa",39,600,25,27,20,"blue","1488"
"5e3adfc595ff562fbdd130fa",40,400,20,23,20,"blue","1884"
"5e3adfc595ff562fbdd130fa",41,400,27,19,2,"blue","1422"
"5e3adfc595ff562fbdd130fa",42,400,33,31,10,"blue","1120"
"5e3adfc595ff562fbdd130fa",43,400,14,12,2,"blue","981"
"5e3adfc595ff562fbdd130fa",44,600,32,31,20,"blue","1397"
"5e3adfc595ff562fbdd130fa",45,500,27,27,2,"blue","1203"
"5e3adfc595ff562fbdd130fa",46,600,21,18,20,"blue","1445"
"5e3adfc595ff562fbdd130fa",47,600,28,22,10,"blue","1227"
"5e3adfc595ff562fbdd130fa",48,500,31,21,10,"blue","2116"
"5e3adfc595ff562fbdd130fa",49,400,17,15,10,"blue","1795"
"5e3adfc595ff562fbdd130fa",50,600,25,23,2,"blue","1233"
"5e3adfc595ff562fbdd130fa",51,500,14,13,2,"blue","1943"
"5e3adfc595ff562fbdd130fa",52,400,33,28,2,"blue","1634"
"5e3adfc595ff562fbdd130fa",53,600,15,16,2,"blue","1193"
"5e3adfc595ff562fbdd130fa",54,500,28,24,20,"blue","1244"
"5e3adfc595ff562fbdd130fa",55,400,19,20,20,"blue","1810"
"5e3adfc595ff562fbdd130fa",56,600,26,27,10,"blue","1346"
"5e3adfc595ff562fbdd130fa",57,500,32,30,20,"blue","1578"
"5e3adfc595ff562fbdd130fa",58,500,28,29,2,"blue","1543"
"5e3adfc595ff562fbdd130fa",59,400,31,26,20,"blue","1966"
"5e3adfc595ff562fbdd130fa",60,600,20,16,20,"blue","1361"
"5e3adfc595ff562fbdd130fa",61,600,22,28,10,"blue","1610"
"5e3adfc595ff562fbdd130fa",62,400,32,29,10,"blue","1513"
"5e3adfc595ff562fbdd130fa",63,400,29,23,10,"blue","1612"
"5e3adfc595ff562fbdd130fa",64,400,35,27,10,"blue","1719"
"5e3adfc595ff562fbdd130fa",65,600,27,21,2,"blue","1320"
"5e3adfc595ff562fbdd130fa",66,600,18,15,2,"blue","1727"
"5e3adfc595ff562fbdd130fa",67,600,36,31,10,"blue","1646"
"5e3adfc595ff562fbdd130fa",68,500,26,30,20,"blue","1773"
"5e3adfc595ff562fbdd130fa",69,400,24,25,20,"red","1896"
"5e3adfc595ff562fbdd130fa",70,600,20,13,20,"red","1372"
"5e3adfc595ff562fbdd130fa",71,400,33,29,2,"red","1130"
"5e3adfc595ff562fbdd130fa",72,400,15,16,2,"red","1247"
"5e3adfc595ff562fbdd130fa",73,500,27,28,10,"red","1345"
"5e3adfc595ff562fbdd130fa",74,600,30,31,2,"red","2112"
"5e3adfc595ff562fbdd130fa",75,400,36,25,20,"red","2142"
"5e3adfc595ff562fbdd130fa",76,400,16,18,10,"red","1544"
"5e3adfc595ff562fbdd130fa",77,600,35,30,2,"red","2021"
"5e3adfc595ff562fbdd130fa",78,600,31,30,20,"red","1541"
"5e3adfc595ff562fbdd130fa",79,600,17,15,10,"red","1438"
"5e3adfc595ff562fbdd130fa",80,400,15,8,2,"red","1196"
"5e3adfc595ff562fbdd130fa",81,600,24,12,2,"red","1381"
"5e3adfc595ff562fbdd130fa",82,600,36,30,20,"red","1260"
"5e3adfc595ff562fbdd130fa",83,600,21,16,20,"red","1047"
"5e3adfc595ff562fbdd130fa",84,600,28,23,10,"red","1418"
"5e3adfc595ff562fbdd130fa",85,400,26,18,10,"red","1309"
"5e3adfc595ff562fbdd130fa",86,500,17,25,20,"red","2237"
"5e3adfc595ff562fbdd130fa",87,600,31,25,2,"red","1015"
"5e3adfc595ff562fbdd130fa",88,600,33,30,10,"red","1707"
"5e3adfc595ff562fbdd130fa",89,500,23,17,20,"red","1768"
"5e3adfc595ff562fbdd130fa",90,600,33,25,2,"red","1273"
"5e3adfc595ff562fbdd130fa",91,500,29,21,2,"red","1392"
"5e3adfc595ff562fbdd130fa",92,600,15,13,2,"red","1529"
"5e3adfc595ff562fbdd130fa",93,500,30,26,20,"red","1911"
"5e3adfc595ff562fbdd130fa",94,400,31,32,2,"red","1309"
"5e3adfc595ff562fbdd130fa",95,400,26,19,20,"red","1958"
"5e3adfc595ff562fbdd130fa",96,600,21,14,20,"red","1582"
"5e3adfc595ff562fbdd130fa",97,400,32,25,2,"red","1653"
"5e3adfc595ff562fbdd130fa",98,600,23,27,10,"red","1809"
"5e3adfc595ff562fbdd130fa",99,600,29,31,10,"red","1666"
"5e3adfc595ff562fbdd130fa",100,600,25,25,10,"red","1317"
"5e3adfc595ff562fbdd130fa",101,600,27,20,20,"red","1667"
"5e3adfc595ff562fbdd130fa",102,500,28,30,10,"red","1196"
"5e3adfc595ff562fbdd130fa",103,500,36,31,10,"red","1249"
"5e3adfc595ff562fbdd130fa",104,400,27,22,10,"red","1168"
"5e3adfc595ff562fbdd130fa",105,400,26,20,20,"red","1239"
"5e3adfc595ff562fbdd130fa",106,500,23,11,10,"red","1152"
"5e3adfc595ff562fbdd130fa",107,500,15,15,10,"red","1613"
"5e3adfc595ff562fbdd130fa",108,600,36,33,2,"red","1247"
"5e3adfc595ff562fbdd130fa",109,600,24,17,2,"red","1141"
"5e3adfc595ff562fbdd130fa",110,500,29,31,20,"red","1197"
"5e3adfc595ff562fbdd130fa",111,600,15,11,2,"red","1397"
"5e3adfc595ff562fbdd130fa",112,400,32,28,20,"red","1209"
"5e3adfc595ff562fbdd130fa",113,600,27,20,10,"red","1634"
"5e3adfc595ff562fbdd130fa",114,400,31,28,10,"red","1853"
"5e3adfc595ff562fbdd130fa",115,500,24,18,2,"red","2129"
"5e3adfc595ff562fbdd130fa",116,500,30,23,20,"red","1574"
"5e437d7404eaba215eafbd2a",21,500,30,28,2,"red","5617"
"5e437d7404eaba215eafbd2a",22,500,21,22,2,"red","2652"
"5e437d7404eaba215eafbd2a",23,600,23,23,10,"red","2527"
"5e437d7404eaba215eafbd2a",24,600,24,19,2,"red","2692"
"5e437d7404eaba215eafbd2a",25,400,26,22,2,"red","2667"
"5e437d7404eaba215eafbd2a",26,500,20,17,20,"red","2114"
"5e437d7404eaba215eafbd2a",27,600,16,18,10,"red","1907"
"5e437d7404eaba215eafbd2a",28,400,32,28,2,"red","3224"
"5e437d7404eaba215eafbd2a",29,400,17,18,20,"red","2068"
"5e437d7404eaba215eafbd2a",30,500,29,26,10,"red","2303"
"5e437d7404eaba215eafbd2a",31,400,24,28,10,"red","2708"
"5e437d7404eaba215eafbd2a",32,600,17,19,20,"red","2456"
"5e437d7404eaba215eafbd2a",33,500,14,15,20,"red","2191"
"5e437d7404eaba215eafbd2a",34,600,32,21,2,"red","1606"
"5e437d7404eaba215eafbd2a",35,400,32,33,10,"red","1974"
"5e437d7404eaba215eafbd2a",36,400,27,32,20,"red","2127"
"5e437d7404eaba215eafbd2a",37,600,16,25,20,"red","1968"
"5e437d7404eaba215eafbd2a",38,500,33,30,20,"red","1996"
"5e437d7404eaba215eafbd2a",39,400,17,17,10,"red","2108"
"5e437d7404eaba215eafbd2a",40,500,31,23,2,"red","2760"
"5e437d7404eaba215eafbd2a",41,400,25,26,20,"red","2484"
"5e437d7404eaba215eafbd2a",42,500,33,30,10,"red","2528"
"5e437d7404eaba215eafbd2a",43,400,15,16,10,"red","2021"
"5e437d7404eaba215eafbd2a",44,600,14,16,20,"red","2032"
"5e437d7404eaba215eafbd2a",45,600,29,22,10,"red","1928"
"5e437d7404eaba215eafbd2a",46,600,32,31,2,"red","2632"
"5e437d7404eaba215eafbd2a",47,600,14,21,2,"red","2161"
"5e437d7404eaba215eafbd2a",48,500,31,30,20,"red","2235"
"5e437d7404eaba215eafbd2a",49,400,35,37,10,"red","2794"
"5e437d7404eaba215eafbd2a",50,500,26,31,20,"red","1823"
"5e437d7404eaba215eafbd2a",51,600,32,31,10,"red","2145"
"5e437d7404eaba215eafbd2a",52,500,26,26,2,"red","2220"
"5e437d7404eaba215eafbd2a",53,400,20,26,10,"red","1808"
"5e437d7404eaba215eafbd2a",54,500,29,33,20,"red","1729"
"5e437d7404eaba215eafbd2a",55,400,23,30,2,"red","2361"
"5e437d7404eaba215eafbd2a",56,500,17,24,2,"red","3014"
"5e437d7404eaba215eafbd2a",57,600,19,17,2,"red","2367"
"5e437d7404eaba215eafbd2a",58,600,19,17,10,"red","885"
"5e437d7404eaba215eafbd2a",59,400,28,14,20,"red","2551"
"5e437d7404eaba215eafbd2a",60,400,20,23,10,"red","2803"
"5e437d7404eaba215eafbd2a",61,400,23,24,2,"red","4085"
"5e437d7404eaba215eafbd2a",62,500,30,29,20,"red","14169"
"5e437d7404eaba215eafbd2a",63,600,19,26,20,"red","1848"
"5e437d7404eaba215eafbd2a",64,600,16,20,20,"red","1771"
"5e437d7404eaba215eafbd2a",65,500,20,22,10,"red","2494"
"5e437d7404eaba215eafbd2a",66,500,30,28,10,"red","2748"
"5e437d7404eaba215eafbd2a",67,600,17,19,2,"red","2365"
"5e437d7404eaba215eafbd2a",68,500,33,36,2,"red","2006"
"5e437d7404eaba215eafbd2a",69,500,27,23,20,"blue","39616"
"5e437d7404eaba215eafbd2a",70,600,20,29,10,"blue","2286"
"5e437d7404eaba215eafbd2a",71,500,21,22,20,"blue","1689"
"5e437d7404eaba215eafbd2a",72,600,35,37,10,"blue","1673"
"5e437d7404eaba215eafbd2a",73,500,27,26,10,"blue","1755"
"5e437d7404eaba215eafbd2a",74,400,24,30,10,"blue","2148"
"5e437d7404eaba215eafbd2a",75,600,21,21,20,"blue","2070"
"5e437d7404eaba215eafbd2a",76,400,29,20,2,"blue","1953"
"5e437d7404eaba215eafbd2a",77,400,27,25,2,"blue","1691"
"5e437d7404eaba215eafbd2a",78,400,20,24,10,"blue","1846"
"5e437d7404eaba215eafbd2a",79,500,35,37,10,"blue","1809"
"5e437d7404eaba215eafbd2a",80,500,27,22,2,"blue","1909"
"5e437d7404eaba215eafbd2a",81,600,31,39,20,"blue","2403"
"5e437d7404eaba215eafbd2a",82,400,19,23,2,"blue","1538"
"5e437d7404eaba215eafbd2a",83,400,23,32,10,"blue","1674"
"5e437d7404eaba215eafbd2a",84,400,36,36,10,"blue","2190"
"5e437d7404eaba215eafbd2a",85,400,33,35,10,"blue","1647"
"5e437d7404eaba215eafbd2a",86,500,21,22,20,"blue","1643"
"5e437d7404eaba215eafbd2a",87,400,36,34,2,"blue","1568"
"5e437d7404eaba215eafbd2a",88,500,31,35,20,"blue","1638"
"5e437d7404eaba215eafbd2a",89,500,30,35,2,"blue","1556"
"5e437d7404eaba215eafbd2a",90,600,24,19,2,"blue","3106"
"5e437d7404eaba215eafbd2a",91,600,26,24,20,"blue","1677"
"5e437d7404eaba215eafbd2a",92,500,15,15,2,"blue","1799"
"5e437d7404eaba215eafbd2a",93,500,26,21,2,"blue","1348"
"5e437d7404eaba215eafbd2a",94,400,21,16,2,"blue","1580"
"5e437d7404eaba215eafbd2a",95,400,14,14,10,"blue","1447"
"5e437d7404eaba215eafbd2a",96,400,16,11,2,"blue","1945"
"5e437d7404eaba215eafbd2a",97,600,27,28,2,"blue","3567"
"5e437d7404eaba215eafbd2a",98,500,20,27,10,"blue","4015"
"5e437d7404eaba215eafbd2a",99,400,20,15,2,"blue","1528"
"5e437d7404eaba215eafbd2a",100,500,17,23,10,"blue","1670"
"5e437d7404eaba215eafbd2a",101,400,33,33,20,"blue","1530"
"5e437d7404eaba215eafbd2a",102,500,31,32,20,"blue","1717"
"5e437d7404eaba215eafbd2a",103,500,23,22,20,"blue","1742"
"5e437d7404eaba215eafbd2a",104,600,26,28,20,"blue","1697"
"5e437d7404eaba215eafbd2a",105,600,36,42,2,"blue","1332"
"5e437d7404eaba215eafbd2a",106,600,36,33,2,"blue","1436"
"5e437d7404eaba215eafbd2a",107,400,33,37,2,"blue","2262"
"5e437d7404eaba215eafbd2a",108,500,32,37,10,"blue","2423"
"5e437d7404eaba215eafbd2a",109,400,33,37,10,"blue","2056"
"5e437d7404eaba215eafbd2a",110,400,22,26,10,"blue","1942"
"5e437d7404eaba215eafbd2a",111,400,30,29,20,"blue","1572"
"5e437d7404eaba215eafbd2a",112,500,14,15,10,"blue","1937"
"5e437d7404eaba215eafbd2a",113,600,28,25,20,"blue","1464"
"5e437d7404eaba215eafbd2a",114,500,29,31,20,"blue","1345"
"5e437d7404eaba215eafbd2a",115,500,24,27,20,"blue","1720"
"5e437d7404eaba215eafbd2a",116,400,26,31,20,"blue","1809"
"5f4813c94e8b081877fb26a6",21,500,15,17,10,"red","1868"
"5f4813c94e8b081877fb26a6",22,600,18,15,2,"red","1791"
"5f4813c94e8b081877fb26a6",23,400,23,25,10,"red","1551"
"5f4813c94e8b081877fb26a6",24,500,15,19,10,"red","1789"
"5f4813c94e8b081877fb26a6",25,500,35,42,10,"red","1899"
"5f4813c94e8b081877fb26a6",26,500,30,26,20,"red","1638"
"5f4813c94e8b081877fb26a6",27,400,24,21,20,"red","1680"
"5f4813c94e8b081877fb26a6",28,400,25,14,10,"red","1697"
"5f4813c94e8b081877fb26a6",29,400,26,25,2,"red","1973"
"5f4813c94e8b081877fb26a6",30,600,16,7,20,"red","2294"
"5f4813c94e8b081877fb26a6",31,400,20,17,2,"red","1831"
"5f4813c94e8b081877fb26a6",32,500,15,14,2,"red","2403"
"5f4813c94e8b081877fb26a6",33,400,19,19,2,"red","2118"
"5f4813c94e8b081877fb26a6",34,400,34,43,10,"red","1974"
"5f4813c94e8b081877fb26a6",35,400,20,18,20,"red","3953"
"5f4813c94e8b081877fb26a6",36,500,20,10,10,"red","1969"
"5f4813c94e8b081877fb26a6",37,500,29,28,10,"red","2196"
"5f4813c94e8b081877fb26a6",38,500,21,22,2,"red","1994"
"5f4813c94e8b081877fb26a6",39,400,15,9,2,"red","2164"
"5f4813c94e8b081877fb26a6",40,500,34,34,2,"red","1942"
"5f4813c94e8b081877fb26a6",41,600,30,39,10,"red","1101"
"5f4813c94e8b081877fb26a6",42,500,34,42,2,"red","1435"
"5f4813c94e8b081877fb26a6",43,500,34,35,2,"red","1135"
"5f4813c94e8b081877fb26a6",44,500,31,29,20,"red","1418"
"5f4813c94e8b081877fb26a6",45,400,32,37,20,"red","1392"
"5f4813c94e8b081877fb26a6",46,400,25,15,20,"red","1458"
"5f4813c94e8b081877fb26a6",47,400,20,21,2,"red","1409"
"5f4813c94e8b081877fb26a6",48,500,30,28,20,"red","1330"
"5f4813c94e8b081877fb26a6",49,600,21,16,20,"red","2159"
"5f4813c94e8b081877fb26a6",50,400,21,24,10,"red","996"
"5f4813c94e8b081877fb26a6",51,500,18,13,20,"red","1376"
"5f4813c94e8b081877fb26a6",52,600,30,35,2,"red","906"
"5f4813c94e8b081877fb26a6",53,600,17,9,20,"red","2251"
"5f4813c94e8b081877fb26a6",54,500,36,45,10,"red","1080"
"5f4813c94e8b081877fb26a6",55,600,36,38,20,"red","2153"
"5f4813c94e8b081877fb26a6",56,600,14,13,10,"red","1207"
"5f4813c94e8b081877fb26a6",57,400,32,36,20,"red","1215"
"5f4813c94e8b081877fb26a6",58,400,21,22,2,"red","1388"
"5f4813c94e8b081877fb26a6",59,400,31,40,10,"red","1085"
"5f4813c94e8b081877fb26a6",60,500,23,21,2,"red","1359"
"5f4813c94e8b081877fb26a6",61,600,16,15,20,"red","2637"
"5f4813c94e8b081877fb26a6",62,400,33,44,2,"red","2355"
"5f4813c94e8b081877fb26a6",63,600,24,13,20,"red","2216"
"5f4813c94e8b081877fb26a6",64,500,24,27,10,"red","1302"
"5f4813c94e8b081877fb26a6",65,600,19,20,2,"red","1823"
"5f4813c94e8b081877fb26a6",66,500,21,21,10,"red","1708"
"5f4813c94e8b081877fb26a6",67,500,16,14,10,"red","1676"
"5f4813c94e8b081877fb26a6",68,600,36,46,20,"red","1640"
"5f4813c94e8b081877fb26a6",69,500,22,20,10,"blue","2192"
"5f4813c94e8b081877fb26a6",70,600,18,26,10,"blue","1739"
"5f4813c94e8b081877fb26a6",71,500,35,39,20,"blue","1839"
"5f4813c94e8b081877fb26a6",72,400,20,21,10,"blue","1348"
"5f4813c94e8b081877fb26a6",73,400,33,37,10,"blue","1568"
"5f4813c94e8b081877fb26a6",74,600,20,22,2,"blue","1103"
"5f4813c94e8b081877fb26a6",75,600,22,23,2,"blue","1727"
"5f4813c94e8b081877fb26a6",76,600,26,31,2,"blue","969"
"5f4813c94e8b081877fb26a6",77,400,19,18,20,"blue","1522"
"5f4813c94e8b081877fb26a6",78,500,24,26,2,"blue","1408"
"5f4813c94e8b081877fb26a6",79,600,23,21,20,"blue","1328"
"5f4813c94e8b081877fb26a6",80,400,30,31,20,"blue","1682"
"5f4813c94e8b081877fb26a6",81,500,34,43,2,"blue","1803"
"5f4813c94e8b081877fb26a6",82,600,33,32,20,"blue","1776"
"5f4813c94e8b081877fb26a6",83,400,31,28,20,"blue","1332"
"5f4813c94e8b081877fb26a6",84,500,29,27,2,"blue","2173"
"5f4813c94e8b081877fb26a6",85,500,21,21,2,"blue","1369"
"5f4813c94e8b081877fb26a6",86,600,26,26,2,"blue","1539"
"5f4813c94e8b081877fb26a6",87,500,18,20,10,"blue","1229"
"5f4813c94e8b081877fb26a6",88,500,32,34,10,"blue","1561"
"5f4813c94e8b081877fb26a6",89,400,15,22,2,"blue","1638"
"5f4813c94e8b081877fb26a6",90,400,29,31,20,"blue","1280"
"5f4813c94e8b081877fb26a6",91,400,14,17,20,"blue","1687"
"5f4813c94e8b081877fb26a6",92,400,17,15,20,"blue","1470"
"5f4813c94e8b081877fb26a6",93,500,15,18,2,"blue","1039"
"5f4813c94e8b081877fb26a6",94,500,23,15,20,"blue","1133"
"5f4813c94e8b081877fb26a6",95,500,25,13,20,"blue","1403"
"5f4813c94e8b081877fb26a6",96,600,15,17,10,"blue","1741"
"5f4813c94e8b081877fb26a6",97,400,36,39,10,"blue","1108"
"5f4813c94e8b081877fb26a6",98,400,26,25,2,"blue","2126"
"5f4813c94e8b081877fb26a6",99,400,25,34,10,"blue","1395"
"5f4813c94e8b081877fb26a6",100,400,14,18,10,"blue","1727"
"5f4813c94e8b081877fb26a6",101,500,19,13,10,"blue","1386"
"5f4813c94e8b081877fb26a6",102,500,30,27,20,"blue","1658"
"5f4813c94e8b081877fb26a6",103,600,26,22,2,"blue","1137"
"5f4813c94e8b081877fb26a6",104,600,29,17,20,"blue","1084"
"5f4813c94e8b081877fb26a6",105,400,30,29,10,"blue","1526"
"5f4813c94e8b081877fb26a6",106,600,30,32,2,"blue","1006"
"5f4813c94e8b081877fb26a6",107,500,26,26,2,"blue","1169"
"5f4813c94e8b081877fb26a6",108,400,17,21,10,"blue","2161"
"5f4813c94e8b081877fb26a6",109,600,27,24,10,"blue","1215"
"5f4813c94e8b081877fb26a6",110,600,25,20,2,"blue","1158"
"5f4813c94e8b081877fb26a6",111,400,20,24,10,"blue","2106"
"5f4813c94e8b081877fb26a6",112,500,34,39,20,"blue","1481"
"5f4813c94e8b081877fb26a6",113,500,22,18,20,"blue","1359"
"5f4813c94e8b081877fb26a6",114,400,14,13,2,"blue","1695"
"5f4813c94e8b081877fb26a6",115,400,22,13,20,"blue","1030"
"5f4813c94e8b081877fb26a6",116,400,29,27,10,"blue","2203"
"5ff07b5ee7a1d23e719e421e",21,500,28,29,10,"blue","4543"
"5ff07b5ee7a1d23e719e421e",22,600,16,3,2,"blue","2542"
"5ff07b5ee7a1d23e719e421e",23,500,36,28,20,"blue","2007"
"5ff07b5ee7a1d23e719e421e",24,400,26,27,20,"blue","2396"
"5ff07b5ee7a1d23e719e421e",25,600,14,24,20,"blue","2373"
"5ff07b5ee7a1d23e719e421e",26,600,19,28,20,"blue","2284"
"5ff07b5ee7a1d23e719e421e",27,600,18,25,10,"blue","2490"
"5ff07b5ee7a1d23e719e421e",28,400,22,0,10,"blue","1068"
"5ff07b5ee7a1d23e719e421e",29,500,16,15,2,"blue","3981"
"5ff07b5ee7a1d23e719e421e",30,500,34,32,20,"blue","2107"
"5ff07b5ee7a1d23e719e421e",31,600,20,24,10,"blue","2307"
"5ff07b5ee7a1d23e719e421e",32,500,36,41,20,"blue","2619"
"5ff07b5ee7a1d23e719e421e",33,600,33,34,2,"blue","1848"
"5ff07b5ee7a1d23e719e421e",34,600,16,30,10,"blue","1711"
"5ff07b5ee7a1d23e719e421e",35,500,18,31,10,"blue","1698"
"5ff07b5ee7a1d23e719e421e",36,400,21,20,2,"blue","1754"
"5ff07b5ee7a1d23e719e421e",37,600,35,35,10,"blue","1615"
"5ff07b5ee7a1d23e719e421e",38,500,31,34,2,"blue","1818"
"5ff07b5ee7a1d23e719e421e",39,500,30,34,2,"blue","2094"
"5ff07b5ee7a1d23e719e421e",40,400,28,35,2,"blue","2354"
"5ff07b5ee7a1d23e719e421e",41,400,31,34,2,"blue","1795"
"5ff07b5ee7a1d23e719e421e",42,500,25,33,20,"blue","1960"
"5ff07b5ee7a1d23e719e421e",43,600,18,29,20,"blue","2366"
"5ff07b5ee7a1d23e719e421e",44,600,22,24,2,"blue","1760"
"5ff07b5ee7a1d23e719e421e",45,400,16,26,20,"blue","1891"
"5ff07b5ee7a1d23e719e421e",46,400,14,23,10,"blue","2393"
"5ff07b5ee7a1d23e719e421e",47,500,16,22,20,"blue","2356"
"5ff07b5ee7a1d23e719e421e",48,500,18,26,10,"blue","1778"
"5ff07b5ee7a1d23e719e421e",49,500,20,20,2,"blue","2197"
"5ff07b5ee7a1d23e719e421e",50,400,34,40,2,"blue","1367"
"5ff07b5ee7a1d23e719e421e",51,400,14,27,20,"blue","1917"
"5ff07b5ee7a1d23e719e421e",52,400,35,34,2,"blue","1908"
"5ff07b5ee7a1d23e719e421e",53,500,31,36,20,"blue","1860"
"5ff07b5ee7a1d23e719e421e",54,400,29,35,20,"blue","2002"
"5ff07b5ee7a1d23e719e421e",55,600,35,35,20,"blue","2963"
"5ff07b5ee7a1d23e719e421e",56,600,31,32,10,"blue","5212"
"5ff07b5ee7a1d23e719e421e",57,600,19,20,2,"blue","1496"
"5ff07b5ee7a1d23e719e421e",58,600,34,34,10,"blue","2439"
"5ff07b5ee7a1d23e719e421e",59,400,16,18,2,"blue","1648"
"5ff07b5ee7a1d23e719e421e",60,400,21,33,20,"blue","3142"
"5ff07b5ee7a1d23e719e421e",61,400,26,27,2,"blue","2237"
"5ff07b5ee7a1d23e719e421e",62,400,33,37,10,"blue","1802"
"5ff07b5ee7a1d23e719e421e",63,500,20,23,20,"blue","1564"
"5ff07b5ee7a1d23e719e421e",64,600,14,18,2,"blue","1558"
"5ff07b5ee7a1d23e719e421e",65,600,17,24,10,"blue","1505"
"5ff07b5ee7a1d23e719e421e",66,600,31,35,10,"blue","1634"
"5ff07b5ee7a1d23e719e421e",67,500,29,34,10,"blue","1753"
"5ff07b5ee7a1d23e719e421e",68,400,22,32,10,"blue","2284"
"5ff07b5ee7a1d23e719e421e",69,600,30,30,10,"red","2852"
"5ff07b5ee7a1d23e719e421e",70,600,23,23,20,"red","2267"
"5ff07b5ee7a1d23e719e421e",71,600,21,20,2,"red","1921"
"5ff07b5ee7a1d23e719e421e",72,400,23,23,20,"red","2306"
"5ff07b5ee7a1d23e719e421e",73,500,21,24,20,"red","1646"
"5ff07b5ee7a1d23e719e421e",74,400,19,27,20,"red","1754"
"5ff07b5ee7a1d23e719e421e",75,500,31,27,10,"red","2432"
"5ff07b5ee7a1d23e719e421e",76,400,23,28,20,"red","1684"
"5ff07b5ee7a1d23e719e421e",77,400,33,21,2,"red","1805"
"5ff07b5ee7a1d23e719e421e",78,500,15,23,2,"red","2082"
"5ff07b5ee7a1d23e719e421e",79,400,21,24,2,"red","2086"
"5ff07b5ee7a1d23e719e421e",80,500,24,25,20,"red","1490"
"5ff07b5ee7a1d23e719e421e",81,400,15,18,2,"red","1390"
"5ff07b5ee7a1d23e719e421e",82,500,19,19,2,"red","1496"
"5ff07b5ee7a1d23e719e421e",83,500,15,21,10,"red","2493"
"5ff07b5ee7a1d23e719e421e",84,500,19,19,20,"red","1673"
"5ff07b5ee7a1d23e719e421e",85,500,33,33,20,"red","1920"
"5ff07b5ee7a1d23e719e421e",86,500,30,34,10,"red","1769"
"5ff07b5ee7a1d23e719e421e",87,600,30,31,10,"red","1730"
"5ff07b5ee7a1d23e719e421e",88,600,29,32,20,"red","1811"
"5ff07b5ee7a1d23e719e421e",89,600,30,34,20,"red","1975"
"5ff07b5ee7a1d23e719e421e",90,400,23,24,2,"red","1540"
"5ff07b5ee7a1d23e719e421e",91,600,36,36,10,"red","1607"
"5ff07b5ee7a1d23e719e421e",92,400,20,30,20,"red","2203"
"5ff07b5ee7a1d23e719e421e",93,400,26,28,10,"red","1528"
"5ff07b5ee7a1d23e719e421e",94,400,33,48,10,"red","3618"
"5ff07b5ee7a1d23e719e421e",95,600,34,12,20,"red","3509"
"5ff07b5ee7a1d23e719e421e",96,500,36,21,2,"red","1749"
"5ff07b5ee7a1d23e719e421e",97,500,24,21,2,"red","1695"
"5ff07b5ee7a1d23e719e421e",98,600,25,24,10,"red","1520"
"5ff07b5ee7a1d23e719e421e",99,400,26,28,10,"red","2395"
"5ff07b5ee7a1d23e719e421e",100,500,19,22,10,"red","1877"
"5ff07b5ee7a1d23e719e421e",101,500,32,24,2,"red","1739"
"5ff07b5ee7a1d23e719e421e",102,400,32,29,20,"red","1405"
"5ff07b5ee7a1d23e719e421e",103,600,29,27,2,"red","1556"
"5ff07b5ee7a1d23e719e421e",104,600,19,24,20,"red","1891"
"5ff07b5ee7a1d23e719e421e",105,400,35,36,10,"red","2215"
"5ff07b5ee7a1d23e719e421e",106,600,17,21,2,"red","1291"
"5ff07b5ee7a1d23e719e421e",107,400,23,28,2,"red","2022"
"5ff07b5ee7a1d23e719e421e",108,500,35,34,10,"red","1867"
"5ff07b5ee7a1d23e719e421e",109,600,15,19,20,"red","1564"
"5ff07b5ee7a1d23e719e421e",110,600,16,20,2,"red","1987"
"5ff07b5ee7a1d23e719e421e",111,400,20,25,10,"red","1663"
"5ff07b5ee7a1d23e719e421e",112,400,28,28,2,"red","1555"
"5ff07b5ee7a1d23e719e421e",113,400,15,23,2,"red","1783"
"5ff07b5ee7a1d23e719e421e",114,400,22,26,10,"red","1521"
"5ff07b5ee7a1d23e719e421e",115,600,21,29,20,"red","1406"
"5ff07b5ee7a1d23e719e421e",116,600,32,36,10,"red","1478"
"603006ea5f6c24dfc908f835",21,400,16,12,2,"red","2771"
"603006ea5f6c24dfc908f835",22,600,28,28,20,"red","3541"
"603006ea5f6c24dfc908f835",23,400,24,24,10,"red","2551"
"603006ea5f6c24dfc908f835",24,400,31,28,2,"red","1971"
"603006ea5f6c24dfc908f835",25,500,15,15,20,"red","1208"
"603006ea5f6c24dfc908f835",26,500,25,22,2,"red","1871"
"603006ea5f6c24dfc908f835",27,600,16,20,20,"red","3207"
"603006ea5f6c24dfc908f835",28,600,18,19,20,"red","4398"
"603006ea5f6c24dfc908f835",29,400,29,28,2,"red","1375"
"603006ea5f6c24dfc908f835",30,400,22,21,2,"red","2206"
"603006ea5f6c24dfc908f835",31,400,14,13,2,"red","1339"
"603006ea5f6c24dfc908f835",32,600,16,18,10,"red","3041"
"603006ea5f6c24dfc908f835",33,400,15,8,2,"red","1287"
"603006ea5f6c24dfc908f835",34,500,20,18,10,"red","2039"
"603006ea5f6c24dfc908f835",35,400,33,28,2,"red","1999"
"603006ea5f6c24dfc908f835",36,400,24,35,20,"red","1375"
"603006ea5f6c24dfc908f835",37,400,18,22,20,"red","2909"
"603006ea5f6c24dfc908f835",38,500,36,37,20,"red","2930"
"603006ea5f6c24dfc908f835",39,500,25,31,10,"red","2154"
"603006ea5f6c24dfc908f835",40,600,23,31,10,"red","2425"
"603006ea5f6c24dfc908f835",41,500,35,36,10,"red","1670"
"603006ea5f6c24dfc908f835",42,600,35,40,2,"red","1552"
"603006ea5f6c24dfc908f835",43,500,21,27,20,"red","1926"
"603006ea5f6c24dfc908f835",44,400,23,34,10,"red","2015"
"603006ea5f6c24dfc908f835",45,600,15,27,20,"red","2050"
"603006ea5f6c24dfc908f835",46,600,17,18,10,"red","1714"
"603006ea5f6c24dfc908f835",47,400,18,13,2,"red","2202"
"603006ea5f6c24dfc908f835",48,400,18,13,20,"red","1700"
"603006ea5f6c24dfc908f835",49,500,28,32,2,"red","2941"
"603006ea5f6c24dfc908f835",50,600,19,24,20,"red","1818"
"603006ea5f6c24dfc908f835",51,500,34,35,2,"red","1634"
"603006ea5f6c24dfc908f835",52,600,26,37,20,"red","2222"
"603006ea5f6c24dfc908f835",53,600,28,24,2,"red","1485"
"603006ea5f6c24dfc908f835",54,600,32,32,10,"red","1684"
"603006ea5f6c24dfc908f835",55,500,14,17,10,"red","2733"
"603006ea5f6c24dfc908f835",56,500,25,23,20,"red","2505"
"603006ea5f6c24dfc908f835",57,400,33,31,2,"red","1398"
"603006ea5f6c24dfc908f835",58,400,28,35,10,"red","1750"
"603006ea5f6c24dfc908f835",59,500,35,37,10,"red","2046"
"603006ea5f6c24dfc908f835",60,400,35,40,10,"red","2887"
"603006ea5f6c24dfc908f835",61,600,27,36,20,"red","1833"
"603006ea5f6c24dfc908f835",62,400,29,34,10,"red","1660"
"603006ea5f6c24dfc908f835",63,600,22,24,20,"red","1271"
"603006ea5f6c24dfc908f835",64,600,28,30,10,"red","1812"
"603006ea5f6c24dfc908f835",65,500,23,22,2,"red","2287"
"603006ea5f6c24dfc908f835",66,400,30,28,20,"red","2491"
"603006ea5f6c24dfc908f835",67,600,24,22,2,"red","1600"
"603006ea5f6c24dfc908f835",68,400,25,29,10,"red","2200"
"603006ea5f6c24dfc908f835",69,400,20,25,20,"blue","2884"
"603006ea5f6c24dfc908f835",70,400,34,32,10,"blue","1847"
"603006ea5f6c24dfc908f835",71,500,30,28,20,"blue","2644"
"603006ea5f6c24dfc908f835",72,500,17,15,2,"blue","1495"
"603006ea5f6c24dfc908f835",73,500,35,35,2,"blue","1252"
"603006ea5f6c24dfc908f835",74,400,20,26,10,"blue","3405"
"603006ea5f6c24dfc908f835",75,400,31,30,20,"blue","1650"
"603006ea5f6c24dfc908f835",76,600,15,17,2,"blue","1689"
"603006ea5f6c24dfc908f835",77,400,36,30,20,"blue","2940"
"603006ea5f6c24dfc908f835",78,500,30,31,10,"blue","1351"
"603006ea5f6c24dfc908f835",79,500,29,36,20,"blue","1102"
"603006ea5f6c24dfc908f835",80,500,27,21,2,"blue","1900"
"603006ea5f6c24dfc908f835",81,500,17,15,2,"blue","1849"
"603006ea5f6c24dfc908f835",82,400,15,13,10,"blue","2100"
"603006ea5f6c24dfc908f835",83,400,30,23,20,"blue","1486"
"603006ea5f6c24dfc908f835",84,600,34,33,2,"blue","1584"
"603006ea5f6c24dfc908f835",85,400,21,23,2,"blue","1940"
"603006ea5f6c24dfc908f835",86,500,15,18,10,"blue","1775"
"603006ea5f6c24dfc908f835",87,500,27,25,20,"blue","1774"
"603006ea5f6c24dfc908f835",88,500,16,20,10,"blue","2120"
"603006ea5f6c24dfc908f835",89,600,29,28,10,"blue","1511"
"603006ea5f6c24dfc908f835",90,600,29,33,20,"blue","1526"
"603006ea5f6c24dfc908f835",91,500,34,35,2,"blue","1952"
"603006ea5f6c24dfc908f835",92,400,25,26,20,"blue","2070"
"603006ea5f6c24dfc908f835",93,500,20,20,10,"blue","2292"
"603006ea5f6c24dfc908f835",94,400,18,16,10,"blue","2325"
"603006ea5f6c24dfc908f835",95,600,36,35,10,"blue","1261"
"603006ea5f6c24dfc908f835",96,600,30,38,20,"blue","1303"
"603006ea5f6c24dfc908f835",97,500,22,29,20,"blue","1484"
"603006ea5f6c24dfc908f835",98,400,16,20,2,"blue","1554"
"603006ea5f6c24dfc908f835",99,600,19,27,10,"blue","1479"
"603006ea5f6c24dfc908f835",100,600,27,30,20,"blue","1783"
"603006ea5f6c24dfc908f835",101,400,36,41,20,"blue","1255"
"603006ea5f6c24dfc908f835",102,600,35,43,10,"blue","1188"
"603006ea5f6c24dfc908f835",103,600,16,21,2,"blue","3432"
"603006ea5f6c24dfc908f835",104,500,14,14,2,"blue","1463"
"603006ea5f6c24dfc908f835",105,500,35,29,2,"blue","2526"
"603006ea5f6c24dfc908f835",106,600,26,28,2,"blue","2079"
"603006ea5f6c24dfc908f835",107,500,31,34,20,"blue","1586"
"603006ea5f6c24dfc908f835",108,400,21,23,2,"blue","3407"
"603006ea5f6c24dfc908f835",109,600,23,27,10,"blue","1558"
"603006ea5f6c24dfc908f835",110,400,30,34,20,"blue","1319"
"603006ea5f6c24dfc908f835",111,400,26,26,2,"blue","1526"
"603006ea5f6c24dfc908f835",112,600,36,39,2,"blue","1399"
"603006ea5f6c24dfc908f835",113,600,15,33,10,"blue","2351"
"603006ea5f6c24dfc908f835",114,600,25,33,10,"blue","2065"
"603006ea5f6c24dfc908f835",115,500,22,30,10,"blue","2543"
"603006ea5f6c24dfc908f835",116,600,32,43,20,"blue","1364"
"607668ac450fc6e3025a131d",21,500,21,14,2,"blue","2941"
"607668ac450fc6e3025a131d",22,600,16,17,2,"blue","2161"
"607668ac450fc6e3025a131d",23,400,17,15,20,"blue","2995"
"607668ac450fc6e3025a131d",24,600,20,18,2,"blue","1994"
"607668ac450fc6e3025a131d",25,400,16,16,10,"blue","2360"
"607668ac450fc6e3025a131d",26,500,22,17,2,"blue","3377"
"607668ac450fc6e3025a131d",27,400,24,23,2,"blue","3111"
"607668ac450fc6e3025a131d",28,400,23,26,10,"blue","2493"
"607668ac450fc6e3025a131d",29,500,30,27,20,"blue","2628"
"607668ac450fc6e3025a131d",30,400,27,27,10,"blue","3812"
"607668ac450fc6e3025a131d",31,500,19,19,20,"blue","3227"
"607668ac450fc6e3025a131d",32,500,14,15,20,"blue","4161"
"607668ac450fc6e3025a131d",33,400,22,20,10,"blue","2195"
"607668ac450fc6e3025a131d",34,600,31,27,20,"blue","2560"
"607668ac450fc6e3025a131d",35,400,21,21,20,"blue","2428"
"607668ac450fc6e3025a131d",36,500,20,14,2,"blue","2578"
"607668ac450fc6e3025a131d",37,500,19,19,10,"blue","1894"
"607668ac450fc6e3025a131d",38,600,28,24,10,"blue","1778"
"607668ac450fc6e3025a131d",39,400,32,28,10,"blue","2194"
"607668ac450fc6e3025a131d",40,600,20,16,20,"blue","2312"
"607668ac450fc6e3025a131d",41,600,36,30,10,"blue","3478"
"607668ac450fc6e3025a131d",42,400,35,29,20,"blue","1944"
"607668ac450fc6e3025a131d",43,500,20,25,10,"blue","2794"
"607668ac450fc6e3025a131d",44,400,23,20,10,"blue","2694"
"607668ac450fc6e3025a131d",45,400,14,7,2,"blue","2177"
"607668ac450fc6e3025a131d",46,600,23,19,20,"blue","2229"
"607668ac450fc6e3025a131d",47,600,24,18,2,"blue","2579"
"607668ac450fc6e3025a131d",48,400,17,17,20,"blue","2179"
"607668ac450fc6e3025a131d",49,400,21,15,10,"blue","2511"
"607668ac450fc6e3025a131d",50,500,30,22,10,"blue","1978"
"607668ac450fc6e3025a131d",51,400,27,24,20,"blue","2762"
"607668ac450fc6e3025a131d",52,500,25,19,2,"blue","1995"
"607668ac450fc6e3025a131d",53,600,19,22,10,"blue","1728"
"607668ac450fc6e3025a131d",54,400,34,30,2,"blue","2894"
"607668ac450fc6e3025a131d",55,500,31,24,10,"blue","2395"
"607668ac450fc6e3025a131d",56,500,16,13,2,"blue","2795"
"607668ac450fc6e3025a131d",57,600,14,13,20,"blue","2161"
"607668ac450fc6e3025a131d",58,400,33,27,2,"blue","2093"
"607668ac450fc6e3025a131d",59,600,18,11,2,"blue","2311"
"607668ac450fc6e3025a131d",60,500,24,21,20,"blue","2045"
"607668ac450fc6e3025a131d",61,500,19,16,2,"blue","3129"
"607668ac450fc6e3025a131d",62,400,27,22,2,"blue","2028"
"607668ac450fc6e3025a131d",63,600,15,14,20,"blue","2795"
"607668ac450fc6e3025a131d",64,500,18,16,10,"blue","1495"
"607668ac450fc6e3025a131d",65,500,35,31,20,"blue","1994"
"607668ac450fc6e3025a131d",66,400,21,17,20,"blue","2294"
"607668ac450fc6e3025a131d",67,500,14,12,10,"blue","1994"
"607668ac450fc6e3025a131d",68,500,30,27,2,"blue","3396"
"607668ac450fc6e3025a131d",69,500,23,18,10,"red","2228"
"607668ac450fc6e3025a131d",70,400,35,33,2,"red","2579"
"607668ac450fc6e3025a131d",71,400,36,28,20,"red","1879"
"607668ac450fc6e3025a131d",72,400,24,26,10,"red","3280"
"607668ac450fc6e3025a131d",73,500,34,30,10,"red","1478"
"607668ac450fc6e3025a131d",74,400,17,17,20,"red","3145"
"607668ac450fc6e3025a131d",75,600,24,20,2,"red","2078"
"607668ac450fc6e3025a131d",76,600,33,26,2,"red","1662"
"607668ac450fc6e3025a131d",77,600,21,20,2,"red","1228"
"607668ac450fc6e3025a131d",78,400,28,28,10,"red","3011"
"607668ac450fc6e3025a131d",79,400,22,27,10,"red","1960"
"607668ac450fc6e3025a131d",80,600,26,24,20,"red","1395"
"607668ac450fc6e3025a131d",81,400,16,24,10,"red","1912"
"607668ac450fc6e3025a131d",82,500,19,20,2,"red","1777"
"607668ac450fc6e3025a131d",83,400,27,31,10,"red","1978"
"607668ac450fc6e3025a131d",84,600,21,29,20,"red","1610"
"607668ac450fc6e3025a131d",85,600,23,32,10,"red","2575"
"607668ac450fc6e3025a131d",86,600,32,28,2,"red","2795"
"607668ac450fc6e3025a131d",87,500,27,30,20,"red","2195"
"607668ac450fc6e3025a131d",88,600,31,32,20,"red","1811"
"607668ac450fc6e3025a131d",89,400,19,29,10,"red","2011"
"607668ac450fc6e3025a131d",90,600,15,22,20,"red","1527"
"607668ac450fc6e3025a131d",91,600,26,28,20,"red","1611"
"607668ac450fc6e3025a131d",92,600,15,28,20,"red","1578"
"607668ac450fc6e3025a131d",93,600,32,32,10,"red","1478"
"607668ac450fc6e3025a131d",94,600,27,30,2,"red","1428"
"607668ac450fc6e3025a131d",95,600,18,13,2,"red","1544"
"607668ac450fc6e3025a131d",96,500,22,26,10,"red","1595"
"607668ac450fc6e3025a131d",97,500,33,31,2,"red","1328"
"607668ac450fc6e3025a131d",98,600,16,16,2,"red","2061"
"607668ac450fc6e3025a131d",99,600,36,29,2,"red","1545"
"607668ac450fc6e3025a131d",100,500,20,25,10,"red","1210"
"607668ac450fc6e3025a131d",101,600,33,31,20,"red","1395"
"607668ac450fc6e3025a131d",102,500,21,16,2,"red","2912"
"607668ac450fc6e3025a131d",103,500,15,18,20,"red","1777"
"607668ac450fc6e3025a131d",104,500,18,16,20,"red","1493"
"607668ac450fc6e3025a131d",105,600,24,20,20,"red","1611"
"607668ac450fc6e3025a131d",106,600,16,20,20,"red","1378"
"607668ac450fc6e3025a131d",107,500,20,20,20,"red","1945"
"607668ac450fc6e3025a131d",108,500,18,22,10,"red","3675"
"607668ac450fc6e3025a131d",109,600,20,17,10,"red","1577"
"607668ac450fc6e3025a131d",110,500,19,18,20,"red","1245"
"607668ac450fc6e3025a131d",111,600,32,25,2,"red","2777"
"607668ac450fc6e3025a131d",112,500,23,19,2,"red","1677"
"607668ac450fc6e3025a131d",113,600,23,22,2,"red","2428"
"607668ac450fc6e3025a131d",114,500,34,31,10,"red","2028"
"607668ac450fc6e3025a131d",115,500,25,24,2,"red","1493"
"607668ac450fc6e3025a131d",116,600,30,31,10,"red","1395"
"609551c1ade88f8463666fb8",21,400,31,32,20,"red","6839"
"609551c1ade88f8463666fb8",22,500,35,35,20,"red","3249"
"609551c1ade88f8463666fb8",23,400,20,22,10,"red","10893"
"609551c1ade88f8463666fb8",24,400,33,32,10,"red","4054"
"609551c1ade88f8463666fb8",25,500,25,12,20,"red","5431"
"609551c1ade88f8463666fb8",26,400,14,18,10,"red","5884"
"609551c1ade88f8463666fb8",27,600,27,14,2,"red","9773"
"609551c1ade88f8463666fb8",28,600,29,34,10,"red","3233"
"609551c1ade88f8463666fb8",29,400,14,12,10,"red","3728"
"609551c1ade88f8463666fb8",30,500,21,33,2,"red","3149"
"609551c1ade88f8463666fb8",31,500,16,15,20,"red","3079"
"609551c1ade88f8463666fb8",32,500,21,29,20,"red","3822"
"609551c1ade88f8463666fb8",33,600,36,38,2,"red","3801"
"609551c1ade88f8463666fb8",34,400,22,23,2,"red","5435"
"609551c1ade88f8463666fb8",35,400,28,33,2,"red","3258"
"609551c1ade88f8463666fb8",36,600,26,32,10,"red","3024"
"609551c1ade88f8463666fb8",37,600,14,10,2,"red","2710"
"609551c1ade88f8463666fb8",38,500,33,33,10,"red","4797"
"609551c1ade88f8463666fb8",39,600,35,35,2,"red","3657"
"609551c1ade88f8463666fb8",40,600,25,25,20,"red","3830"
"609551c1ade88f8463666fb8",41,600,21,33,10,"red","3115"
"609551c1ade88f8463666fb8",42,500,18,14,10,"red","4355"
"609551c1ade88f8463666fb8",43,600,27,29,2,"red","3446"
"609551c1ade88f8463666fb8",44,600,32,31,10,"red","5306"
"609551c1ade88f8463666fb8",45,500,18,14,2,"red","3891"
"609551c1ade88f8463666fb8",46,600,26,21,2,"red","5776"
"609551c1ade88f8463666fb8",47,400,23,33,10,"red","6504"
"609551c1ade88f8463666fb8",48,400,20,16,20,"red","2955"
"609551c1ade88f8463666fb8",49,500,19,19,20,"red","2953"
"609551c1ade88f8463666fb8",50,400,36,35,2,"red","3344"
"609551c1ade88f8463666fb8",51,500,30,21,2,"red","3743"
"609551c1ade88f8463666fb8",52,500,24,23,10,"red","3927"
"609551c1ade88f8463666fb8",53,600,31,34,10,"red","5158"
"609551c1ade88f8463666fb8",54,500,33,36,20,"red","3252"
"609551c1ade88f8463666fb8",55,600,36,35,2,"red","3178"
"609551c1ade88f8463666fb8",56,500,15,18,10,"red","5541"
"609551c1ade88f8463666fb8",57,500,34,35,2,"red","3732"
"609551c1ade88f8463666fb8",58,500,24,26,20,"red","3162"
"609551c1ade88f8463666fb8",59,600,35,38,20,"red","2800"
"609551c1ade88f8463666fb8",60,500,27,13,20,"red","4075"
"609551c1ade88f8463666fb8",61,500,36,41,2,"red","3644"
"609551c1ade88f8463666fb8",62,400,30,36,10,"red","3439"
"609551c1ade88f8463666fb8",63,600,33,36,20,"red","4323"
"609551c1ade88f8463666fb8",64,400,16,10,20,"red","2575"
"609551c1ade88f8463666fb8",65,500,17,16,10,"red","5511"
"609551c1ade88f8463666fb8",66,500,26,20,20,"red","3341"
"609551c1ade88f8463666fb8",67,600,36,40,20,"red","3364"
"609551c1ade88f8463666fb8",68,600,15,33,2,"red","5011"
"609551c1ade88f8463666fb8",69,400,31,1,2,"blue","5212"
"609551c1ade88f8463666fb8",70,600,23,32,10,"blue","4740"
"609551c1ade88f8463666fb8",71,400,31,30,20,"blue","3439"
"609551c1ade88f8463666fb8",72,600,30,26,2,"blue","2420"
"609551c1ade88f8463666fb8",73,400,36,26,2,"blue","4884"
"609551c1ade88f8463666fb8",74,400,35,35,2,"blue","3104"
"609551c1ade88f8463666fb8",75,400,34,31,10,"blue","4172"
"609551c1ade88f8463666fb8",76,600,19,21,20,"blue","5338"
"609551c1ade88f8463666fb8",77,400,27,27,20,"blue","3036"
"609551c1ade88f8463666fb8",78,400,14,15,10,"blue","2481"
"609551c1ade88f8463666fb8",79,600,17,14,20,"blue","3741"
"609551c1ade88f8463666fb8",80,600,16,15,20,"blue","2908"
"609551c1ade88f8463666fb8",81,600,22,20,20,"blue","2416"
"609551c1ade88f8463666fb8",82,600,26,26,20,"blue","3174"
"609551c1ade88f8463666fb8",83,500,19,25,10,"blue","4421"
"609551c1ade88f8463666fb8",84,400,33,31,20,"blue","3061"
"609551c1ade88f8463666fb8",85,600,29,34,10,"blue","2674"
"609551c1ade88f8463666fb8",86,500,27,35,20,"blue","3225"
"609551c1ade88f8463666fb8",87,400,28,31,10,"blue","4494"
"609551c1ade88f8463666fb8",88,500,18,20,20,"blue","4513"
"609551c1ade88f8463666fb8",89,400,34,31,20,"blue","3990"
"609551c1ade88f8463666fb8",90,600,23,21,2,"blue","3353"
"609551c1ade88f8463666fb8",91,400,21,21,2,"blue","3351"
"609551c1ade88f8463666fb8",92,600,15,19,10,"blue","4191"
"609551c1ade88f8463666fb8",93,600,33,34,2,"blue","2228"
"609551c1ade88f8463666fb8",94,400,29,34,2,"blue","3072"
"609551c1ade88f8463666fb8",95,400,20,27,2,"blue","3192"
"609551c1ade88f8463666fb8",96,600,28,29,2,"blue","2645"
"609551c1ade88f8463666fb8",97,500,35,36,20,"blue","5324"
"609551c1ade88f8463666fb8",98,400,28,34,20,"blue","2683"
"609551c1ade88f8463666fb8",99,400,17,25,10,"blue","4636"
"609551c1ade88f8463666fb8",100,400,17,26,10,"blue","2341"
"609551c1ade88f8463666fb8",101,500,23,22,20,"blue","4051"
"609551c1ade88f8463666fb8",102,500,31,29,20,"blue","3421"
"609551c1ade88f8463666fb8",103,400,28,29,2,"blue","4438"
"609551c1ade88f8463666fb8",104,400,23,28,2,"blue","3171"
"609551c1ade88f8463666fb8",105,400,30,27,2,"blue","3128"
"609551c1ade88f8463666fb8",106,600,35,34,10,"blue","2841"
"609551c1ade88f8463666fb8",107,600,24,30,10,"blue","3976"
"609551c1ade88f8463666fb8",108,500,14,20,10,"blue","3422"
"609551c1ade88f8463666fb8",109,500,31,29,10,"blue","2437"
"609551c1ade88f8463666fb8",110,400,21,23,2,"blue","3760"
"609551c1ade88f8463666fb8",111,400,22,20,10,"blue","4678"
"609551c1ade88f8463666fb8",112,600,19,17,10,"blue","2845"
"609551c1ade88f8463666fb8",113,600,20,16,2,"blue","2790"
"609551c1ade88f8463666fb8",114,400,31,30,20,"blue","6249"
"609551c1ade88f8463666fb8",115,500,27,29,2,"blue","2746"
"609551c1ade88f8463666fb8",116,400,31,30,10,"blue","2727"
"61bb392e40db417c1a138dcb",21,500,26,25,2,"red","3086"
"61bb392e40db417c1a138dcb",22,400,28,28,2,"red","2639"
"61bb392e40db417c1a138dcb",23,500,20,23,20,"red","2188"
"61bb392e40db417c1a138dcb",24,400,20,24,10,"red","1866"
"61bb392e40db417c1a138dcb",25,500,22,23,10,"red","2640"
"61bb392e40db417c1a138dcb",26,500,22,17,20,"red","1968"
"61bb392e40db417c1a138dcb",27,600,34,31,20,"red","1888"
"61bb392e40db417c1a138dcb",28,400,34,29,2,"red","2059"
"61bb392e40db417c1a138dcb",29,500,30,28,10,"red","2610"
"61bb392e40db417c1a138dcb",30,600,26,27,2,"red","3010"
"61bb392e40db417c1a138dcb",31,500,27,24,20,"red","2890"
"61bb392e40db417c1a138dcb",32,600,20,24,20,"red","1828"
"61bb392e40db417c1a138dcb",33,500,17,17,20,"red","2227"
"61bb392e40db417c1a138dcb",34,400,32,32,20,"red","1965"
"61bb392e40db417c1a138dcb",35,600,16,18,20,"red","2188"
"61bb392e40db417c1a138dcb",36,400,19,19,10,"red","1855"
"61bb392e40db417c1a138dcb",37,400,26,23,2,"red","1498"
"61bb392e40db417c1a138dcb",38,500,19,15,20,"red","3551"
"61bb392e40db417c1a138dcb",39,500,28,23,20,"red","3453"
"61bb392e40db417c1a138dcb",40,500,21,19,10,"red","2630"
"61bb392e40db417c1a138dcb",41,400,18,15,2,"red","4982"
"61bb392e40db417c1a138dcb",42,600,21,25,10,"red","2799"
"61bb392e40db417c1a138dcb",43,500,22,26,10,"red","9413"
"61bb392e40db417c1a138dcb",44,600,32,26,2,"red","5649"
"61bb392e40db417c1a138dcb",45,400,17,28,2,"red","3931"
"61bb392e40db417c1a138dcb",46,400,32,44,2,"red","1918"
"61bb392e40db417c1a138dcb",47,500,27,41,10,"red","1477"
"61bb392e40db417c1a138dcb",48,600,18,18,10,"red","2271"
"61bb392e40db417c1a138dcb",49,600,19,23,2,"red","1836"
"61bb392e40db417c1a138dcb",50,500,35,40,2,"red","2139"
"61bb392e40db417c1a138dcb",51,500,14,27,10,"red","2079"
"61bb392e40db417c1a138dcb",52,400,18,13,2,"red","2760"
"61bb392e40db417c1a138dcb",53,500,32,41,10,"red","2519"
"61bb392e40db417c1a138dcb",54,600,33,41,20,"red","2670"
"61bb392e40db417c1a138dcb",55,600,18,18,10,"red","4517"
"61bb392e40db417c1a138dcb",56,500,24,32,2,"red","4473"
"61bb392e40db417c1a138dcb",57,400,29,39,20,"red","1847"
"61bb392e40db417c1a138dcb",58,600,17,13,20,"red","2410"
"61bb392e40db417c1a138dcb",59,500,14,13,20,"red","1967"
"61bb392e40db417c1a138dcb",60,600,16,12,2,"red","1597"
"61bb392e40db417c1a138dcb",61,500,27,30,20,"red","3984"
"61bb392e40db417c1a138dcb",62,400,20,22,10,"red","5499"
"61bb392e40db417c1a138dcb",63,600,31,40,10,"red","1890"
"61bb392e40db417c1a138dcb",64,500,17,29,10,"red","1519"
"61bb392e40db417c1a138dcb",65,400,31,41,2,"red","2018"
"61bb392e40db417c1a138dcb",66,400,21,16,2,"red","3182"
"61bb392e40db417c1a138dcb",67,400,28,39,20,"red","2068"
"61bb392e40db417c1a138dcb",68,600,14,13,10,"red","5069"
"61bb392e40db417c1a138dcb",69,500,21,15,2,"blue","3279"
"61bb392e40db417c1a138dcb",70,600,27,39,20,"blue","4424"
"61bb392e40db417c1a138dcb",71,500,27,27,10,"blue","2962"
"61bb392e40db417c1a138dcb",72,400,26,41,20,"blue","1879"
"61bb392e40db417c1a138dcb",73,400,29,39,10,"blue","2539"
"61bb392e40db417c1a138dcb",74,500,36,48,20,"blue","1606"
"61bb392e40db417c1a138dcb",75,400,24,29,20,"blue","1948"
"61bb392e40db417c1a138dcb",76,500,21,40,10,"blue","2488"
"61bb392e40db417c1a138dcb",77,600,24,41,20,"blue","2391"
"61bb392e40db417c1a138dcb",78,500,34,45,10,"blue","1300"
"61bb392e40db417c1a138dcb",79,500,31,38,2,"blue","2299"
"61bb392e40db417c1a138dcb",80,400,16,18,2,"blue","2670"
"61bb392e40db417c1a138dcb",81,500,36,23,20,"blue","3303"
"61bb392e40db417c1a138dcb",82,500,22,31,20,"blue","2709"
"61bb392e40db417c1a138dcb",83,600,32,40,20,"blue","2568"
"61bb392e40db417c1a138dcb",84,600,27,34,10,"blue","3583"
"61bb392e40db417c1a138dcb",85,500,18,11,20,"blue","2211"
"61bb392e40db417c1a138dcb",86,600,20,18,20,"blue","3152"
"61bb392e40db417c1a138dcb",87,600,17,12,2,"blue","3913"
"61bb392e40db417c1a138dcb",88,400,26,14,10,"blue","2181"
"61bb392e40db417c1a138dcb",89,500,33,42,20,"blue","2078"
"61bb392e40db417c1a138dcb",90,400,23,15,20,"blue","2400"
"61bb392e40db417c1a138dcb",91,600,14,15,2,"blue","2570"
"61bb392e40db417c1a138dcb",92,600,24,32,2,"blue","1859"
"61bb392e40db417c1a138dcb",93,400,23,15,20,"blue","5435"
"61bb392e40db417c1a138dcb",94,400,21,35,10,"blue","3465"
"61bb392e40db417c1a138dcb",95,500,34,45,10,"blue","1868"
"61bb392e40db417c1a138dcb",96,600,15,16,2,"blue","3715"
"61bb392e40db417c1a138dcb",97,600,27,43,10,"blue","2469"
"61bb392e40db417c1a138dcb",98,400,28,23,2,"blue","3061"
"61bb392e40db417c1a138dcb",99,400,18,25,2,"blue","1637"
"61bb392e40db417c1a138dcb",100,400,16,19,2,"blue","2750"
"61bb392e40db417c1a138dcb",101,400,24,38,10,"blue","2087"
"61bb392e40db417c1a138dcb",102,600,24,22,2,"blue","2083"
"61bb392e40db417c1a138dcb",103,400,19,30,20,"blue","2529"
"61bb392e40db417c1a138dcb",104,400,16,31,10,"blue","1808"
"61bb392e40db417c1a138dcb",105,500,29,36,2,"blue","1990"
"61bb392e40db417c1a138dcb",106,600,17,27,20,"blue","1421"
"61bb392e40db417c1a138dcb",107,400,36,41,2,"blue","2230"
"61bb392e40db417c1a138dcb",108,500,18,24,10,"blue","1646"
"61bb392e40db417c1a138dcb",109,600,24,30,10,"blue","4317"
"61bb392e40db417c1a138dcb",110,500,32,44,2,"blue","3002"
"61bb392e40db417c1a138dcb",111,400,26,32,2,"blue","2812"
"61bb392e40db417c1a138dcb",112,500,15,17,10,"blue","4656"
"61bb392e40db417c1a138dcb",113,600,15,14,2,"blue","2149"
"61bb392e40db417c1a138dcb",114,600,36,41,20,"blue","1993"
"61bb392e40db417c1a138dcb",115,600,34,40,10,"blue","2360"
"61bb392e40db417c1a138dcb",116,600,17,39,10,"blue","2181"
"622a42c21de0c55ba18a2acb",21,600,30,27,20,"red","3540"
"622a42c21de0c55ba18a2acb",22,400,25,29,10,"red","2219"
"622a42c21de0c55ba18a2acb",23,500,35,37,10,"red","1795"
"622a42c21de0c55ba18a2acb",24,600,17,14,10,"red","1403"
"622a42c21de0c55ba18a2acb",25,500,31,30,2,"red","2153"
"622a42c21de0c55ba18a2acb",26,600,14,12,20,"red","1361"
"622a42c21de0c55ba18a2acb",27,500,18,11,10,"red","1507"
"622a42c21de0c55ba18a2acb",28,500,23,28,2,"red","1497"
"622a42c21de0c55ba18a2acb",29,600,21,27,20,"red","1528"
"622a42c21de0c55ba18a2acb",30,600,34,32,2,"red","1562"
"622a42c21de0c55ba18a2acb",31,400,14,15,2,"red","1226"
"622a42c21de0c55ba18a2acb",32,400,16,13,20,"red","1688"
"622a42c21de0c55ba18a2acb",33,400,20,17,2,"red","1616"
"622a42c21de0c55ba18a2acb",34,500,29,23,2,"red","1927"
"622a42c21de0c55ba18a2acb",35,400,32,31,2,"red","1748"
"622a42c21de0c55ba18a2acb",36,600,17,31,10,"red","1960"
"622a42c21de0c55ba18a2acb",37,500,20,19,2,"red","1494"
"622a42c21de0c55ba18a2acb",38,500,32,34,10,"red","1526"
"622a42c21de0c55ba18a2acb",39,500,16,25,10,"red","1784"
"622a42c21de0c55ba18a2acb",40,400,19,24,10,"red","1501"
"622a42c21de0c55ba18a2acb",41,600,23,21,10,"red","3042"
"622a42c21de0c55ba18a2acb",42,500,26,32,20,"red","1322"
"622a42c21de0c55ba18a2acb",43,400,33,39,10,"red","3425"
"622a42c21de0c55ba18a2acb",44,500,16,18,20,"red","1004"
"622a42c21de0c55ba18a2acb",45,600,27,22,2,"red","1189"
"622a42c21de0c55ba18a2acb",46,600,31,34,20,"red","2472"
"622a42c21de0c55ba18a2acb",47,600,29,32,20,"red","1309"
"622a42c21de0c55ba18a2acb",48,600,15,10,2,"red","1839"
"622a42c21de0c55ba18a2acb",49,500,18,11,20,"red","1580"
"622a42c21de0c55ba18a2acb",50,400,17,17,20,"red","1386"
"622a42c21de0c55ba18a2acb",51,400,27,11,2,"red","2600"
"622a42c21de0c55ba18a2acb",52,600,32,23,2,"red","1085"
"622a42c21de0c55ba18a2acb",53,600,30,24,2,"red","1360"
"622a42c21de0c55ba18a2acb",54,500,24,23,10,"red","1554"
"622a42c21de0c55ba18a2acb",55,500,30,35,20,"red","2347"
"622a42c21de0c55ba18a2acb",56,500,24,32,10,"red","1331"
"622a42c21de0c55ba18a2acb",57,500,28,32,10,"red","1745"
"622a42c21de0c55ba18a2acb",58,500,33,30,20,"red","1336"
"622a42c21de0c55ba18a2acb",59,600,23,14,2,"red","1358"
"622a42c21de0c55ba18a2acb",60,500,31,19,2,"red","1094"
"622a42c21de0c55ba18a2acb",61,400,32,23,2,"red","1596"
"622a42c21de0c55ba18a2acb",62,600,17,15,10,"red","1531"
"622a42c21de0c55ba18a2acb",63,400,30,27,20,"red","1413"
"622a42c21de0c55ba18a2acb",64,400,29,17,20,"red","1879"
"622a42c21de0c55ba18a2acb",65,600,18,14,10,"red","1219"
"622a42c21de0c55ba18a2acb",66,600,32,31,20,"red","1807"
"622a42c21de0c55ba18a2acb",67,500,19,21,20,"red","2609"
"622a42c21de0c55ba18a2acb",68,500,35,33,10,"red","1955"
"622a42c21de0c55ba18a2acb",69,600,28,1,10,"blue","4253"
"622a42c21de0c55ba18a2acb",70,500,35,33,2,"blue","1617"
"622a42c21de0c55ba18a2acb",71,400,17,25,10,"blue","1706"
"622a42c21de0c55ba18a2acb",72,600,22,32,20,"blue","1547"
"622a42c21de0c55ba18a2acb",73,600,36,35,20,"blue","1123"
"622a42c21de0c55ba18a2acb",74,400,16,23,2,"blue","1624"
"622a42c21de0c55ba18a2acb",75,500,15,19,20,"blue","1392"
"622a42c21de0c55ba18a2acb",76,500,31,24,2,"blue","1590"
"622a42c21de0c55ba18a2acb",77,500,35,27,20,"blue","1809"
"622a42c21de0c55ba18a2acb",78,600,28,26,20,"blue","1364"
"622a42c21de0c55ba18a2acb",79,600,16,17,2,"blue","2439"
"622a42c21de0c55ba18a2acb",80,600,34,32,20,"blue","1245"
"622a42c21de0c55ba18a2acb",81,600,26,24,10,"blue","1253"
"622a42c21de0c55ba18a2acb",82,600,18,17,20,"blue","1805"
"622a42c21de0c55ba18a2acb",83,600,14,12,2,"blue","1485"
"622a42c21de0c55ba18a2acb",84,400,30,21,20,"blue","1189"
"622a42c21de0c55ba18a2acb",85,600,22,16,20,"blue","1095"
"622a42c21de0c55ba18a2acb",86,400,30,27,10,"blue","1403"
"622a42c21de0c55ba18a2acb",87,500,17,18,10,"blue","1504"
"622a42c21de0c55ba18a2acb",88,500,18,11,2,"blue","1956"
"622a42c21de0c55ba18a2acb",89,400,18,16,20,"blue","1591"
"622a42c21de0c55ba18a2acb",90,400,15,16,10,"blue","1565"
"622a42c21de0c55ba18a2acb",91,400,24,18,20,"blue","1447"
"622a42c21de0c55ba18a2acb",92,600,15,18,10,"blue","1737"
"622a42c21de0c55ba18a2acb",93,400,15,19,10,"blue","1807"
"622a42c21de0c55ba18a2acb",94,500,16,21,10,"blue","973"
"622a42c21de0c55ba18a2acb",95,600,16,22,10,"blue","1096"
"622a42c21de0c55ba18a2acb",96,500,34,32,2,"blue","3709"
"622a42c21de0c55ba18a2acb",97,400,18,29,20,"blue","1254"
"622a42c21de0c55ba18a2acb",98,600,15,18,20,"blue","937"
"622a42c21de0c55ba18a2acb",99,500,36,40,2,"blue","2806"
"622a42c21de0c55ba18a2acb",100,600,19,25,2,"blue","1230"
"622a42c21de0c55ba18a2acb",101,400,34,33,20,"blue","1380"
"622a42c21de0c55ba18a2acb",102,400,23,26,2,"blue","1979"
"622a42c21de0c55ba18a2acb",103,500,15,21,20,"blue","1515"
"622a42c21de0c55ba18a2acb",104,600,33,26,2,"blue","1309"
"622a42c21de0c55ba18a2acb",105,500,34,35,2,"blue","1213"
"622a42c21de0c55ba18a2acb",106,500,23,23,2,"blue","1685"
"622a42c21de0c55ba18a2acb",107,400,18,24,2,"blue","1379"
"622a42c21de0c55ba18a2acb",108,400,21,22,20,"blue","1533"
"622a42c21de0c55ba18a2acb",109,500,14,20,10,"blue","1627"
"622a42c21de0c55ba18a2acb",110,600,28,29,10,"blue","1289"
"622a42c21de0c55ba18a2acb",111,500,21,23,10,"blue","1303"
"622a42c21de0c55ba18a2acb",112,400,28,29,2,"blue","1285"
"622a42c21de0c55ba18a2acb",113,400,28,28,2,"blue","2781"
"622a42c21de0c55ba18a2acb",114,500,18,21,10,"blue","1485"
"622a42c21de0c55ba18a2acb",115,400,18,21,10,"blue","1365"
"622a42c21de0c55ba18a2acb",116,500,15,19,10,"blue","1907"
"633485c40e46cf7e9a2f2ca1",21,500,35,36,10,"red","2381"
"633485c40e46cf7e9a2f2ca1",22,600,24,22,10,"red","3824"
"633485c40e46cf7e9a2f2ca1",23,400,30,32,2,"red","3741"
"633485c40e46cf7e9a2f2ca1",24,400,33,38,20,"red","2909"
"633485c40e46cf7e9a2f2ca1",25,500,35,31,2,"red","3140"
"633485c40e46cf7e9a2f2ca1",26,500,34,34,2,"red","3202"
"633485c40e46cf7e9a2f2ca1",27,500,24,13,20,"red","3164"
"633485c40e46cf7e9a2f2ca1",28,400,16,11,10,"red","2933"
"633485c40e46cf7e9a2f2ca1",29,400,27,28,2,"red","2561"
"633485c40e46cf7e9a2f2ca1",30,600,31,29,20,"red","3491"
"633485c40e46cf7e9a2f2ca1",31,500,18,17,10,"red","3569"
"633485c40e46cf7e9a2f2ca1",32,500,35,32,20,"red","3603"
"633485c40e46cf7e9a2f2ca1",33,600,30,32,10,"red","4067"
"633485c40e46cf7e9a2f2ca1",34,500,34,35,2,"red","3281"
"633485c40e46cf7e9a2f2ca1",35,600,24,21,2,"red","3783"
"633485c40e46cf7e9a2f2ca1",36,600,28,20,10,"red","3574"
"633485c40e46cf7e9a2f2ca1",37,600,30,32,10,"red","4194"
"633485c40e46cf7e9a2f2ca1",38,600,32,23,2,"red","3046"
"633485c40e46cf7e9a2f2ca1",39,400,19,9,20,"red","3414"
"633485c40e46cf7e9a2f2ca1",40,500,16,12,10,"red","4181"
"633485c40e46cf7e9a2f2ca1",41,600,26,16,20,"red","3288"
"633485c40e46cf7e9a2f2ca1",42,400,27,18,20,"red","3477"
"633485c40e46cf7e9a2f2ca1",43,400,25,24,20,"red","3372"
"633485c40e46cf7e9a2f2ca1",44,400,24,19,2,"red","3917"
"633485c40e46cf7e9a2f2ca1",45,400,17,14,2,"red","2559"
"633485c40e46cf7e9a2f2ca1",46,500,30,30,10,"red","2881"
"633485c40e46cf7e9a2f2ca1",47,500,21,20,2,"red","3279"
"633485c40e46cf7e9a2f2ca1",48,400,23,16,20,"red","3123"
"633485c40e46cf7e9a2f2ca1",49,500,35,32,20,"red","6456"
"633485c40e46cf7e9a2f2ca1",50,500,33,31,20,"red","3355"
"633485c40e46cf7e9a2f2ca1",51,600,15,15,10,"red","4304"
"633485c40e46cf7e9a2f2ca1",52,400,31,22,20,"red","4302"
"633485c40e46cf7e9a2f2ca1",53,400,24,13,10,"red","2936"
"633485c40e46cf7e9a2f2ca1",54,500,19,12,20,"red","3297"
"633485c40e46cf7e9a2f2ca1",55,400,31,31,2,"red","3739"
"633485c40e46cf7e9a2f2ca1",56,400,21,23,10,"red","3023"
"633485c40e46cf7e9a2f2ca1",57,500,30,28,10,"red","3493"
"633485c40e46cf7e9a2f2ca1",58,600,33,32,10,"red","2854"
"633485c40e46cf7e9a2f2ca1",59,400,35,37,2,"red","3281"
"633485c40e46cf7e9a2f2ca1",60,600,15,13,2,"red","3746"
"633485c40e46cf7e9a2f2ca1",61,400,24,17,20,"red","2778"
"633485c40e46cf7e9a2f2ca1",62,500,26,23,2,"red","2902"
"633485c40e46cf7e9a2f2ca1",63,600,27,20,20,"red","3341"
"633485c40e46cf7e9a2f2ca1",64,600,32,32,10,"red","3489"
"633485c40e46cf7e9a2f2ca1",65,600,30,29,10,"red","3239"
"633485c40e46cf7e9a2f2ca1",66,600,31,23,20,"red","4179"
"633485c40e46cf7e9a2f2ca1",67,400,21,16,2,"red","2927"
"633485c40e46cf7e9a2f2ca1",68,400,17,9,2,"red","2933"
"633485c40e46cf7e9a2f2ca1",69,400,33,21,2,"blue","3580"
"633485c40e46cf7e9a2f2ca1",70,600,24,15,20,"blue","4082"
"633485c40e46cf7e9a2f2ca1",71,600,16,10,20,"blue","3538"
"633485c40e46cf7e9a2f2ca1",72,600,26,21,2,"blue","3979"
"633485c40e46cf7e9a2f2ca1",73,500,22,18,2,"blue","3608"
"633485c40e46cf7e9a2f2ca1",74,600,21,15,20,"blue","3203"
"633485c40e46cf7e9a2f2ca1",75,400,19,13,20,"blue","3303"
"633485c40e46cf7e9a2f2ca1",76,600,29,28,2,"blue","2808"
"633485c40e46cf7e9a2f2ca1",77,500,32,26,10,"blue","4196"
"633485c40e46cf7e9a2f2ca1",78,400,31,26,20,"blue","3591"
"633485c40e46cf7e9a2f2ca1",79,600,14,10,2,"blue","4310"
"633485c40e46cf7e9a2f2ca1",80,500,27,23,10,"blue","3719"
"633485c40e46cf7e9a2f2ca1",81,500,35,41,10,"blue","3366"
"633485c40e46cf7e9a2f2ca1",82,400,32,32,20,"blue","3247"
"633485c40e46cf7e9a2f2ca1",83,500,18,12,20,"blue","3196"
"633485c40e46cf7e9a2f2ca1",84,400,25,16,10,"blue","3468"
"633485c40e46cf7e9a2f2ca1",85,400,36,34,10,"blue","3364"
"633485c40e46cf7e9a2f2ca1",86,400,22,14,10,"blue","4415"
"633485c40e46cf7e9a2f2ca1",87,500,19,20,10,"blue","3085"
"633485c40e46cf7e9a2f2ca1",88,400,14,23,10,"blue","3805"
"633485c40e46cf7e9a2f2ca1",89,600,30,25,2,"blue","3768"
"633485c40e46cf7e9a2f2ca1",90,500,15,6,20,"blue","3081"
"633485c40e46cf7e9a2f2ca1",91,600,26,21,10,"blue","4082"
"633485c40e46cf7e9a2f2ca1",92,400,32,40,10,"blue","2870"
"633485c40e46cf7e9a2f2ca1",93,600,20,22,10,"blue","3961"
"633485c40e46cf7e9a2f2ca1",94,500,18,13,2,"blue","3267"
"633485c40e46cf7e9a2f2ca1",95,600,36,35,10,"blue","4029"
"633485c40e46cf7e9a2f2ca1",96,500,16,19,20,"blue","2633"
"633485c40e46cf7e9a2f2ca1",97,400,16,13,10,"blue","3429"
"633485c40e46cf7e9a2f2ca1",98,600,16,15,10,"blue","3852"
"633485c40e46cf7e9a2f2ca1",99,600,19,14,20,"blue","3133"
"633485c40e46cf7e9a2f2ca1",100,400,20,21,20,"blue","3262"
"633485c40e46cf7e9a2f2ca1",101,600,32,30,2,"blue","2420"
"633485c40e46cf7e9a2f2ca1",102,600,21,21,20,"blue","3064"
"633485c40e46cf7e9a2f2ca1",103,600,17,23,10,"blue","2770"
"633485c40e46cf7e9a2f2ca1",104,400,20,19,20,"blue","3892"
"633485c40e46cf7e9a2f2ca1",105,500,24,25,2,"blue","3319"
"633485c40e46cf7e9a2f2ca1",106,500,33,31,20,"blue","2686"
"633485c40e46cf7e9a2f2ca1",107,400,14,8,2,"blue","3171"
"633485c40e46cf7e9a2f2ca1",108,500,23,19,2,"blue","2228"
"633485c40e46cf7e9a2f2ca1",109,500,36,36,20,"blue","2952"
"633485c40e46cf7e9a2f2ca1",110,500,26,25,2,"blue","4248"
"633485c40e46cf7e9a2f2ca1",111,600,26,13,20,"blue","3546"
"633485c40e46cf7e9a2f2ca1",112,600,28,28,2,"blue","2896"
"633485c40e46cf7e9a2f2ca1",113,400,31,29,2,"blue","3230"
"633485c40e46cf7e9a2f2ca1",114,400,33,31,2,"blue","2809"
"633485c40e46cf7e9a2f2ca1",115,600,35,30,2,"blue","2803"
"633485c40e46cf7e9a2f2ca1",116,500,27,29,10,"blue","3058"
"641e62a8191451d08e6c08f7",21,400,23,19,10,"blue","3940"
"641e62a8191451d08e6c08f7",22,600,26,17,2,"blue","2052"
"641e62a8191451d08e6c08f7",23,500,14,5,20,"blue","1853"
"641e62a8191451d08e6c08f7",24,600,33,19,2,"blue","2198"
"641e62a8191451d08e6c08f7",25,400,17,16,10,"blue","2349"
"641e62a8191451d08e6c08f7",26,400,22,16,2,"blue","1478"
"641e62a8191451d08e6c08f7",27,400,21,15,2,"blue","2366"
"641e62a8191451d08e6c08f7",28,600,31,16,2,"blue","1870"
"641e62a8191451d08e6c08f7",29,500,35,17,20,"blue","4065"
"641e62a8191451d08e6c08f7",30,600,30,17,10,"blue","1695"
"641e62a8191451d08e6c08f7",31,400,20,16,20,"blue","1721"
"641e62a8191451d08e6c08f7",32,500,34,15,2,"blue","1633"
"641e62a8191451d08e6c08f7",33,500,26,21,10,"blue","1770"
"641e62a8191451d08e6c08f7",34,400,21,15,2,"blue","1695"
"641e62a8191451d08e6c08f7",35,400,19,10,10,"blue","1605"
"641e62a8191451d08e6c08f7",36,600,30,15,10,"blue","2207"
"641e62a8191451d08e6c08f7",37,600,14,15,10,"blue","1691"
"641e62a8191451d08e6c08f7",38,500,27,17,20,"blue","1798"
"641e62a8191451d08e6c08f7",39,600,18,18,20,"blue","1470"
"641e62a8191451d08e6c08f7",40,400,16,15,10,"blue","1539"
"641e62a8191451d08e6c08f7",41,400,36,17,10,"blue","2319"
"641e62a8191451d08e6c08f7",42,400,17,13,20,"blue","1906"
"641e62a8191451d08e6c08f7",43,500,32,20,20,"blue","1412"
"641e62a8191451d08e6c08f7",44,400,22,22,20,"blue","1670"
"641e62a8191451d08e6c08f7",45,600,18,12,20,"blue","1588"
"641e62a8191451d08e6c08f7",46,600,29,20,2,"blue","2116"
"641e62a8191451d08e6c08f7",47,400,32,15,10,"blue","5773"
"641e62a8191451d08e6c08f7",48,600,30,20,20,"blue","1518"
"641e62a8191451d08e6c08f7",49,600,23,24,20,"blue","1230"
"641e62a8191451d08e6c08f7",50,500,35,29,20,"blue","2036"
"641e62a8191451d08e6c08f7",51,500,18,17,2,"blue","1748"
"641e62a8191451d08e6c08f7",52,500,28,17,2,"blue","1199"
"641e62a8191451d08e6c08f7",53,400,33,24,10,"blue","1404"
"641e62a8191451d08e6c08f7",54,600,22,16,2,"blue","1267"
"641e62a8191451d08e6c08f7",55,600,29,16,20,"blue","1566"
"641e62a8191451d08e6c08f7",56,600,33,20,20,"blue","3606"
"641e62a8191451d08e6c08f7",57,600,26,21,10,"blue","1478"
"641e62a8191451d08e6c08f7",58,500,29,19,20,"blue","1732"
"641e62a8191451d08e6c08f7",59,400,34,20,2,"blue","1264"
"641e62a8191451d08e6c08f7",60,400,34,23,2,"blue","1686"
"641e62a8191451d08e6c08f7",61,500,16,20,10,"blue","1487"
"641e62a8191451d08e6c08f7",62,400,35,23,2,"blue","1510"
"641e62a8191451d08e6c08f7",63,500,18,34,10,"blue","1593"
"641e62a8191451d08e6c08f7",64,600,33,24,20,"blue","1709"
"641e62a8191451d08e6c08f7",65,600,31,15,2,"blue","1478"
"641e62a8191451d08e6c08f7",66,400,35,23,10,"blue","1254"
"641e62a8191451d08e6c08f7",67,600,32,17,2,"blue","1695"
"641e62a8191451d08e6c08f7",68,600,16,30,10,"blue","1221"
"641e62a8191451d08e6c08f7",69,600,20,18,10,"red","1682"
"641e62a8191451d08e6c08f7",70,600,29,28,10,"red","1935"
"641e62a8191451d08e6c08f7",71,500,25,24,20,"red","1431"
"641e62a8191451d08e6c08f7",72,400,23,23,20,"red","2069"
"641e62a8191451d08e6c08f7",73,400,29,27,20,"red","1423"
"641e62a8191451d08e6c08f7",74,400,14,14,20,"red","2331"
"641e62a8191451d08e6c08f7",75,600,29,22,2,"red","1716"
"641e62a8191451d08e6c08f7",76,600,35,28,2,"red","1764"
"641e62a8191451d08e6c08f7",77,600,17,19,10,"red","1454"
"641e62a8191451d08e6c08f7",78,400,21,21,10,"red","1310"
"641e62a8191451d08e6c08f7",79,500,28,13,20,"red","2241"
"641e62a8191451d08e6c08f7",80,500,36,31,20,"red","2118"
"641e62a8191451d08e6c08f7",81,600,22,20,2,"red","1384"
"641e62a8191451d08e6c08f7",82,400,31,28,2,"red","1536"
"641e62a8191451d08e6c08f7",83,600,33,23,10,"red","1510"
"641e62a8191451d08e6c08f7",84,600,19,23,10,"red","1301"
"641e62a8191451d08e6c08f7",85,500,29,34,2,"red","1271"
"641e62a8191451d08e6c08f7",86,500,35,34,20,"red","1158"
"641e62a8191451d08e6c08f7",87,600,33,28,10,"red","1675"
"641e62a8191451d08e6c08f7",88,400,33,30,2,"red","1316"
"641e62a8191451d08e6c08f7",89,500,17,10,20,"red","2170"
"641e62a8191451d08e6c08f7",90,500,36,33,2,"red","1182"
"641e62a8191451d08e6c08f7",91,500,21,12,20,"red","1844"
"641e62a8191451d08e6c08f7",92,500,36,33,20,"red","1416"
"641e62a8191451d08e6c08f7",93,600,14,14,2,"red","1526"
"641e62a8191451d08e6c08f7",94,500,27,24,10,"red","1727"
"641e62a8191451d08e6c08f7",95,400,25,24,2,"red","1318"
"641e62a8191451d08e6c08f7",96,600,15,12,20,"red","2241"
"641e62a8191451d08e6c08f7",97,600,23,21,2,"red","1308"
"641e62a8191451d08e6c08f7",98,500,16,16,2,"red","1542"
"641e62a8191451d08e6c08f7",99,500,30,18,10,"red","2073"
"641e62a8191451d08e6c08f7",100,500,28,24,20,"red","1627"
"641e62a8191451d08e6c08f7",101,500,17,22,10,"red","1581"
"641e62a8191451d08e6c08f7",102,500,36,32,2,"red","1592"
"641e62a8191451d08e6c08f7",103,400,34,28,10,"red","1470"
"641e62a8191451d08e6c08f7",104,500,22,22,2,"red","1672"
"641e62a8191451d08e6c08f7",105,600,27,31,10,"red","1393"
"641e62a8191451d08e6c08f7",106,500,15,20,20,"red","1518"
"641e62a8191451d08e6c08f7",107,600,33,23,10,"red","1525"
"641e62a8191451d08e6c08f7",108,500,14,14,10,"red","1281"
"641e62a8191451d08e6c08f7",109,500,15,17,2,"red","1166"
"641e62a8191451d08e6c08f7",110,400,16,20,10,"red","1359"
"641e62a8191451d08e6c08f7",111,500,20,16,20,"red","2205"
"641e62a8191451d08e6c08f7",112,600,20,29,20,"red","1156"
"641e62a8191451d08e6c08f7",113,600,28,23,2,"red","2590"
"641e62a8191451d08e6c08f7",114,400,35,32,10,"red","1804"
"641e62a8191451d08e6c08f7",115,600,17,26,20,"red","1883"
"641e62a8191451d08e6c08f7",116,500,29,25,2,"red","1063"
"651b29ff3a6cadf518640abe",21,400,17,22,10,"blue","5118"
"651b29ff3a6cadf518640abe",22,600,36,30,2,"blue","3042"
"651b29ff3a6cadf518640abe",23,600,35,24,2,"blue","2900"
"651b29ff3a6cadf518640abe",24,500,19,16,10,"blue","1439"
"651b29ff3a6cadf518640abe",25,600,15,14,2,"blue","2284"
"651b29ff3a6cadf518640abe",26,500,24,15,10,"blue","2623"
"651b29ff3a6cadf518640abe",27,600,29,17,2,"blue","3219"
"651b29ff3a6cadf518640abe",28,400,20,15,2,"blue","1509"
"651b29ff3a6cadf518640abe",29,400,32,23,10,"blue","1587"
"651b29ff3a6cadf518640abe",30,500,35,25,10,"blue","1972"
"651b29ff3a6cadf518640abe",31,500,32,25,20,"blue","1578"
"651b29ff3a6cadf518640abe",32,600,27,16,20,"blue","1543"
"651b29ff3a6cadf518640abe",33,600,20,21,20,"blue","1514"
"651b29ff3a6cadf518640abe",34,600,32,26,2,"blue","1491"
"651b29ff3a6cadf518640abe",35,600,31,26,10,"blue","1453"
"651b29ff3a6cadf518640abe",36,400,17,18,10,"blue","1412"
"651b29ff3a6cadf518640abe",37,500,15,10,2,"blue","1293"
"651b29ff3a6cadf518640abe",38,400,28,17,10,"blue","1252"
"651b29ff3a6cadf518640abe",39,500,32,26,10,"blue","1919"
"651b29ff3a6cadf518640abe",40,400,17,9,2,"blue","2808"
"651b29ff3a6cadf518640abe",41,600,36,24,20,"blue","1488"
"651b29ff3a6cadf518640abe",42,400,30,19,20,"blue","1397"
"651b29ff3a6cadf518640abe",43,600,21,11,10,"blue","1427"
"651b29ff3a6cadf518640abe",44,500,24,16,10,"blue","2076"
"651b29ff3a6cadf518640abe",45,500,24,12,20,"blue","2324"
"651b29ff3a6cadf518640abe",46,600,31,23,2,"blue","2191"
"651b29ff3a6cadf518640abe",47,400,22,16,2,"blue","2384"
"651b29ff3a6cadf518640abe",48,500,19,16,10,"blue","1817"
"651b29ff3a6cadf518640abe",49,600,24,12,20,"blue","2769"
"651b29ff3a6cadf518640abe",50,500,30,19,20,"blue","2166"
"651b29ff3a6cadf518640abe",51,600,19,15,20,"blue","1676"
"651b29ff3a6cadf518640abe",52,600,28,20,2,"blue","2217"
"651b29ff3a6cadf518640abe",53,600,29,23,20,"blue","2143"
"651b29ff3a6cadf518640abe",54,600,36,27,2,"blue","1771"
"651b29ff3a6cadf518640abe",55,600,19,17,20,"blue","2208"
"651b29ff3a6cadf518640abe",56,600,32,27,2,"blue","1939"
"651b29ff3a6cadf518640abe",57,400,19,22,2,"blue","2414"
"651b29ff3a6cadf518640abe",58,500,34,28,10,"blue","1164"
"651b29ff3a6cadf518640abe",59,500,28,22,10,"blue","1872"
"651b29ff3a6cadf518640abe",60,400,35,30,2,"blue","1448"
"651b29ff3a6cadf518640abe",61,400,24,17,20,"blue","1616"
"651b29ff3a6cadf518640abe",62,500,20,17,10,"blue","1474"
"651b29ff3a6cadf518640abe",63,400,24,19,10,"blue","2334"
"651b29ff3a6cadf518640abe",64,600,34,29,20,"blue","2381"
"651b29ff3a6cadf518640abe",65,500,15,13,20,"blue","5465"
"651b29ff3a6cadf518640abe",66,500,31,17,20,"blue","1538"
"651b29ff3a6cadf518640abe",67,500,33,23,2,"blue","1685"
"651b29ff3a6cadf518640abe",68,500,15,9,20,"blue","2484"
"651b29ff3a6cadf518640abe",69,600,36,14,2,"red","10096"
"651b29ff3a6cadf518640abe",70,600,33,23,2,"red","1800"
"651b29ff3a6cadf518640abe",71,600,33,23,20,"red","2171"
"651b29ff3a6cadf518640abe",72,500,22,18,10,"red","2556"
"651b29ff3a6cadf518640abe",73,400,15,20,10,"red","1435"
"651b29ff3a6cadf518640abe",74,500,21,22,20,"red","1519"
"651b29ff3a6cadf518640abe",75,600,35,26,20,"red","1521"
"651b29ff3a6cadf518640abe",76,400,20,21,10,"red","1792"
"651b29ff3a6cadf518640abe",77,600,15,14,2,"red","2931"
"651b29ff3a6cadf518640abe",78,600,30,27,10,"red","1709"
"651b29ff3a6cadf518640abe",79,400,33,28,20,"red","1891"
"651b29ff3a6cadf518640abe",80,600,19,21,20,"red","1864"
"651b29ff3a6cadf518640abe",81,400,31,29,10,"red","1264"
"651b29ff3a6cadf518640abe",82,400,31,20,2,"red","1862"
"651b29ff3a6cadf518640abe",83,400,35,19,2,"red","1879"
"651b29ff3a6cadf518640abe",84,500,26,23,10,"red","1371"
"651b29ff3a6cadf518640abe",85,400,24,19,20,"red","2432"
"651b29ff3a6cadf518640abe",86,400,25,17,20,"red","2023"
"651b29ff3a6cadf518640abe",87,600,35,28,20,"red","1896"
"651b29ff3a6cadf518640abe",88,600,35,25,2,"red","2868"
"651b29ff3a6cadf518640abe",89,400,16,17,10,"red","4890"
"651b29ff3a6cadf518640abe",90,500,15,17,20,"red","2641"
"651b29ff3a6cadf518640abe",91,600,35,23,20,"red","3981"
"651b29ff3a6cadf518640abe",92,600,24,19,20,"red","4772"
"651b29ff3a6cadf518640abe",93,400,21,17,2,"red","1373"
"651b29ff3a6cadf518640abe",94,600,36,25,10,"red","1449"
"651b29ff3a6cadf518640abe",95,500,22,18,2,"red","2342"
"651b29ff3a6cadf518640abe",96,500,14,9,2,"red","1935"
"651b29ff3a6cadf518640abe",97,400,35,19,2,"red","1571"
"651b29ff3a6cadf518640abe",98,400,28,16,2,"red","1589"
"651b29ff3a6cadf518640abe",99,400,22,18,20,"red","2038"
"651b29ff3a6cadf518640abe",100,400,24,20,20,"red","1167"
"651b29ff3a6cadf518640abe",101,600,23,16,10,"red","1959"
"651b29ff3a6cadf518640abe",102,500,34,26,10,"red","1512"
"651b29ff3a6cadf518640abe",103,400,14,19,10,"red","2129"
"651b29ff3a6cadf518640abe",104,600,15,20,20,"red","1774"
"651b29ff3a6cadf518640abe",105,500,32,21,2,"red","2405"
"651b29ff3a6cadf518640abe",106,500,24,18,10,"red","4892"
"651b29ff3a6cadf518640abe",107,500,16,11,2,"red","2170"
"651b29ff3a6cadf518640abe",108,400,15,11,2,"red","1306"
"651b29ff3a6cadf518640abe",109,600,34,20,20,"red","1993"
"651b29ff3a6cadf518640abe",110,500,23,18,20,"red","1719"
"651b29ff3a6cadf518640abe",111,600,35,23,2,"red","1796"
"651b29ff3a6cadf518640abe",112,400,33,27,10,"red","1555"
"651b29ff3a6cadf518640abe",113,400,31,26,10,"red","2066"
"651b29ff3a6cadf518640abe",114,500,18,14,2,"red","1670"
"651b29ff3a6cadf518640abe",115,500,24,18,10,"red","1621"
"651b29ff3a6cadf518640abe",116,600,33,25,10,"red","1253"
"651c4484ba17050f6b716614",21,600,24,29,20,"red","3186"
"651c4484ba17050f6b716614",22,600,36,26,2,"red","2480"
"651c4484ba17050f6b716614",23,500,14,17,20,"red","2375"
"651c4484ba17050f6b716614",24,500,28,23,10,"red","2582"
"651c4484ba17050f6b716614",25,500,19,24,20,"red","2024"
"651c4484ba17050f6b716614",26,400,22,20,20,"red","2035"
"651c4484ba17050f6b716614",27,500,29,28,20,"red","3469"
"651c4484ba17050f6b716614",28,400,35,33,10,"red","2270"
"651c4484ba17050f6b716614",29,500,16,22,10,"red","3060"
"651c4484ba17050f6b716614",30,500,34,30,20,"red","3927"
"651c4484ba17050f6b716614",31,600,17,9,20,"red","3898"
"651c4484ba17050f6b716614",32,600,14,13,10,"red","1843"
"651c4484ba17050f6b716614",33,500,27,23,2,"red","2851"
"651c4484ba17050f6b716614",34,400,19,14,2,"red","4568"
"651c4484ba17050f6b716614",35,400,27,15,10,"red","2701"
"651c4484ba17050f6b716614",36,600,22,23,10,"red","2260"
"651c4484ba17050f6b716614",37,500,34,30,20,"red","1811"
"651c4484ba17050f6b716614",38,400,18,14,2,"red","1812"
"651c4484ba17050f6b716614",39,500,33,33,10,"red","2201"
"651c4484ba17050f6b716614",40,400,19,15,20,"red","3309"
"651c4484ba17050f6b716614",41,600,16,12,2,"red","2800"
"651c4484ba17050f6b716614",42,500,14,10,2,"red","1912"
"651c4484ba17050f6b716614",43,500,19,14,20,"red","4669"
"651c4484ba17050f6b716614",44,500,15,16,20,"red","5906"
"651c4484ba17050f6b716614",45,400,19,19,10,"red","2263"
"651c4484ba17050f6b716614",46,600,29,30,2,"red","2392"
"651c4484ba17050f6b716614",47,400,30,34,20,"red","5908"
"651c4484ba17050f6b716614",48,400,20,21,10,"red","4098"
"651c4484ba17050f6b716614",49,500,36,38,10,"red","1933"
"651c4484ba17050f6b716614",50,500,27,25,2,"red","4331"
"651c4484ba17050f6b716614",51,400,23,23,2,"red","2630"
"651c4484ba17050f6b716614",52,400,14,9,2,"red","2512"
"651c4484ba17050f6b716614",53,500,27,24,2,"red","2473"
"651c4484ba17050f6b716614",54,500,16,9,10,"red","3170"
"651c4484ba17050f6b716614",55,600,28,20,2,"red","4183"
"651c4484ba17050f6b716614",56,500,20,19,10,"red","3649"
"651c4484ba17050f6b716614",57,600,26,19,20,"red","3949"
"651c4484ba17050f6b716614",58,600,27,25,20,"red","2861"
"651c4484ba17050f6b716614",59,400,30,30,2,"red","4369"
"651c4484ba17050f6b716614",60,600,31,34,10,"red","2242"
"651c4484ba17050f6b716614",61,500,33,34,20,"red","2322"
"651c4484ba17050f6b716614",62,400,27,27,10,"red","3430"
"651c4484ba17050f6b716614",63,400,29,29,2,"red","2771"
"651c4484ba17050f6b716614",64,600,19,21,10,"red","3139"
"651c4484ba17050f6b716614",65,600,29,19,20,"red","9223"
"651c4484ba17050f6b716614",66,600,14,5,2,"red","2030"
"651c4484ba17050f6b716614",67,600,34,37,2,"red","2580"
"651c4484ba17050f6b716614",68,600,18,10,10,"red","3670"
"651c4484ba17050f6b716614",69,600,31,1,2,"blue","6376"
"651c4484ba17050f6b716614",70,400,32,42,2,"blue","2390"
"651c4484ba17050f6b716614",71,500,18,27,20,"blue","3151"
"651c4484ba17050f6b716614",72,500,18,23,20,"blue","4779"
"651c4484ba17050f6b716614",73,500,18,28,10,"blue","2361"
"651c4484ba17050f6b716614",74,600,14,19,2,"blue","3389"
"651c4484ba17050f6b716614",75,600,17,22,2,"blue","3970"
"651c4484ba17050f6b716614",76,500,30,27,2,"blue","2680"
"651c4484ba17050f6b716614",77,400,33,36,10,"blue","2341"
"651c4484ba17050f6b716614",78,400,16,20,2,"blue","4528"
"651c4484ba17050f6b716614",79,600,19,25,20,"blue","3410"
"651c4484ba17050f6b716614",80,400,35,28,2,"blue","2991"
"651c4484ba17050f6b716614",81,500,17,23,2,"blue","3879"
"651c4484ba17050f6b716614",82,600,31,27,2,"blue","3671"
"651c4484ba17050f6b716614",83,500,14,16,2,"blue","2641"
"651c4484ba17050f6b716614",84,500,26,24,10,"blue","2081"
"651c4484ba17050f6b716614",85,500,32,30,10,"blue","2691"
"651c4484ba17050f6b716614",86,600,21,25,10,"blue","3009"
"651c4484ba17050f6b716614",87,400,32,31,2,"blue","1922"
"651c4484ba17050f6b716614",88,400,26,30,20,"blue","2210"
"651c4484ba17050f6b716614",89,400,15,9,2,"blue","3261"
"651c4484ba17050f6b716614",90,400,35,26,20,"blue","2622"
"651c4484ba17050f6b716614",91,400,34,28,10,"blue","2261"
"651c4484ba17050f6b716614",92,600,20,20,10,"blue","2531"
"651c4484ba17050f6b716614",93,600,20,22,10,"blue","2870"
"651c4484ba17050f6b716614",94,500,33,17,20,"blue","2501"
"651c4484ba17050f6b716614",95,400,23,18,2,"blue","2253"
"651c4484ba17050f6b716614",96,500,24,16,20,"blue","4588"
"651c4484ba17050f6b716614",97,600,27,28,10,"blue","2570"
"651c4484ba17050f6b716614",98,500,31,33,10,"blue","2441"
"651c4484ba17050f6b716614",99,500,32,31,2,"blue","2692"
"651c4484ba17050f6b716614",100,600,14,14,10,"blue","2611"
"651c4484ba17050f6b716614",101,400,28,26,10,"blue","3120"
"651c4484ba17050f6b716614",102,600,20,23,2,"blue","3541"
"651c4484ba17050f6b716614",103,600,26,26,20,"blue","1962"
"651c4484ba17050f6b716614",104,500,16,27,20,"blue","3360"
"651c4484ba17050f6b716614",105,500,33,25,20,"blue","4607"
"651c4484ba17050f6b716614",106,600,15,19,10,"blue","2519"
"651c4484ba17050f6b716614",107,500,17,26,20,"blue","5019"
"651c4484ba17050f6b716614",108,600,14,19,20,"blue","3961"
"651c4484ba17050f6b716614",109,600,32,30,10,"blue","2962"
"651c4484ba17050f6b716614",110,500,35,31,2,"blue","1764"
"651c4484ba17050f6b716614",111,500,33,27,20,"blue","2422"
"651c4484ba17050f6b716614",112,600,28,27,10,"blue","2433"
"651c4484ba17050f6b716614",113,400,17,24,20,"blue","2473"
"651c4484ba17050f6b716614",114,600,21,27,10,"blue","2531"
"651c4484ba17050f6b716614",115,600,18,24,20,"blue","3741"
"651c4484ba17050f6b716614",116,400,16,19,20,"blue","2983"
"65612a45629022b7c905ef6c",21,400,21,32,2,"blue","6183"
"65612a45629022b7c905ef6c",22,600,36,33,2,"blue","3477"
"65612a45629022b7c905ef6c",23,500,20,26,10,"blue","4233"
"65612a45629022b7c905ef6c",24,600,22,39,10,"blue","7087"
"65612a45629022b7c905ef6c",25,400,33,46,20,"blue","4312"
"65612a45629022b7c905ef6c",26,600,34,46,10,"blue","6097"
"65612a45629022b7c905ef6c",27,500,29,45,10,"blue","5556"
"65612a45629022b7c905ef6c",28,600,34,41,10,"blue","6017"
"65612a45629022b7c905ef6c",29,600,21,23,2,"blue","7089"
"65612a45629022b7c905ef6c",30,500,31,21,20,"blue","9887"
"65612a45629022b7c905ef6c",31,500,21,26,2,"blue","4818"
"65612a45629022b7c905ef6c",32,600,24,28,2,"blue","5133"
"65612a45629022b7c905ef6c",33,600,21,39,10,"blue","3571"
"65612a45629022b7c905ef6c",34,500,36,31,2,"blue","10778"
"65612a45629022b7c905ef6c",35,400,19,24,10,"blue","7028"
"65612a45629022b7c905ef6c",36,400,19,19,2,"blue","5187"
"65612a45629022b7c905ef6c",37,400,35,45,2,"blue","5186"
"65612a45629022b7c905ef6c",38,500,19,20,2,"blue","4321"
"65612a45629022b7c905ef6c",39,600,16,33,20,"blue","6343"
"65612a45629022b7c905ef6c",40,400,30,40,10,"blue","4785"
"65612a45629022b7c905ef6c",41,600,34,42,10,"blue","3295"
"65612a45629022b7c905ef6c",42,400,15,26,20,"blue","6625"
"65612a45629022b7c905ef6c",43,400,33,35,10,"blue","11439"
"65612a45629022b7c905ef6c",44,500,33,40,2,"blue","5734"
"65612a45629022b7c905ef6c",45,600,22,0,10,"blue","2222"
"65612a45629022b7c905ef6c",46,600,32,35,2,"blue","4974"
"65612a45629022b7c905ef6c",47,600,22,23,10,"blue","6234"
"65612a45629022b7c905ef6c",48,400,29,41,10,"blue","3809"
"65612a45629022b7c905ef6c",49,500,27,38,2,"blue","4312"
"65612a45629022b7c905ef6c",50,400,25,28,20,"blue","4257"
"65612a45629022b7c905ef6c",51,500,20,31,20,"blue","4235"
"65612a45629022b7c905ef6c",52,400,36,40,20,"blue","3569"
"65612a45629022b7c905ef6c",53,400,30,36,20,"blue","4023"
"65612a45629022b7c905ef6c",54,500,17,24,20,"blue","3433"
"65612a45629022b7c905ef6c",55,400,34,33,20,"blue","2844"
"65612a45629022b7c905ef6c",56,500,35,26,2,"blue","13812"
"65612a45629022b7c905ef6c",57,400,19,22,2,"blue","6309"
"65612a45629022b7c905ef6c",58,400,23,22,20,"blue","3970"
"65612a45629022b7c905ef6c",59,400,15,23,20,"blue","3865"
"65612a45629022b7c905ef6c",60,500,18,23,10,"blue","9373"
"65612a45629022b7c905ef6c",61,400,32,40,10,"blue","3012"
"65612a45629022b7c905ef6c",62,400,16,22,20,"blue","3994"
"65612a45629022b7c905ef6c",63,600,26,36,20,"blue","4554"
"65612a45629022b7c905ef6c",64,400,34,24,20,"blue","3753"
"65612a45629022b7c905ef6c",65,600,22,29,10,"blue","5478"
"65612a45629022b7c905ef6c",66,600,22,28,2,"blue","15190"
"65612a45629022b7c905ef6c",67,400,34,36,20,"blue","2710"
"65612a45629022b7c905ef6c",68,600,34,40,2,"blue","3043"
"65612a45629022b7c905ef6c",69,600,29,31,20,"red","6560"
"65612a45629022b7c905ef6c",70,600,20,22,20,"red","5088"
"65612a45629022b7c905ef6c",71,500,26,25,2,"red","2946"
"65612a45629022b7c905ef6c",72,400,20,17,2,"red","8521"
"65612a45629022b7c905ef6c",73,500,36,37,20,"red","5025"
"65612a45629022b7c905ef6c",74,400,30,36,10,"red","7999"
"65612a45629022b7c905ef6c",75,600,22,27,10,"red","5961"
"65612a45629022b7c905ef6c",76,600,34,34,2,"red","3441"
"65612a45629022b7c905ef6c",77,400,15,14,20,"red","8988"
"65612a45629022b7c905ef6c",78,400,22,23,2,"red","3858"
"65612a45629022b7c905ef6c",79,400,27,29,10,"red","3341"
"65612a45629022b7c905ef6c",80,600,14,15,10,"red","5468"
"65612a45629022b7c905ef6c",81,500,35,39,10,"red","2471"
"65612a45629022b7c905ef6c",82,400,35,45,20,"red","3003"
"65612a45629022b7c905ef6c",83,600,17,28,20,"red","3382"
"65612a45629022b7c905ef6c",84,600,31,43,20,"red","5350"
"65612a45629022b7c905ef6c",85,500,14,24,20,"red","11727"
"65612a45629022b7c905ef6c",86,600,21,30,10,"red","4467"
"65612a45629022b7c905ef6c",87,500,30,35,2,"red","3942"
"65612a45629022b7c905ef6c",88,600,22,33,20,"red","6460"
"65612a45629022b7c905ef6c",89,400,21,25,20,"red","5948"
"65612a45629022b7c905ef6c",90,400,34,38,2,"red","3084"
"65612a45629022b7c905ef6c",91,400,19,27,20,"red","3418"
"65612a45629022b7c905ef6c",92,500,16,27,20,"red","4278"
"65612a45629022b7c905ef6c",93,400,25,26,2,"red","2903"
"65612a45629022b7c905ef6c",94,500,30,38,10,"red","3535"
"65612a45629022b7c905ef6c",95,400,36,38,2,"red","5146"
"65612a45629022b7c905ef6c",96,500,18,28,20,"red","12609"
"65612a45629022b7c905ef6c",97,400,25,30,2,"red","4619"
"65612a45629022b7c905ef6c",98,600,16,15,2,"red","4236"
"65612a45629022b7c905ef6c",99,500,31,36,2,"red","5229"
"65612a45629022b7c905ef6c",100,500,36,40,2,"red","3510"
"65612a45629022b7c905ef6c",101,400,20,28,2,"red","7048"
"65612a45629022b7c905ef6c",102,400,14,27,2,"red","13722"
"65612a45629022b7c905ef6c",103,600,34,41,20,"red","3904"
"65612a45629022b7c905ef6c",104,600,20,24,2,"red","4573"
"65612a45629022b7c905ef6c",105,500,15,21,10,"red","3545"
"65612a45629022b7c905ef6c",106,500,14,17,2,"red","5120"
"65612a45629022b7c905ef6c",107,400,31,40,10,"red","4959"
"65612a45629022b7c905ef6c",108,600,34,44,10,"red","3607"
"65612a45629022b7c905ef6c",109,400,15,24,20,"red","3716"
"65612a45629022b7c905ef6c",110,500,34,45,20,"red","4457"
"65612a45629022b7c905ef6c",111,600,17,27,10,"red","15329"
"65612a45629022b7c905ef6c",112,600,25,38,10,"red","4069"
"65612a45629022b7c905ef6c",113,400,34,30,10,"red","17975"
"65612a45629022b7c905ef6c",114,400,36,41,10,"red","2990"
"65612a45629022b7c905ef6c",115,600,36,46,10,"red","2695"
"65612a45629022b7c905ef6c",116,600,36,48,10,"red","6118"
"65a2bc0d60b1e46f4e1d3cc8",21,600,17,23,2,"blue","2898"
"65a2bc0d60b1e46f4e1d3cc8",22,400,35,41,2,"blue","1177"
"65a2bc0d60b1e46f4e1d3cc8",23,500,27,32,10,"blue","2699"
"65a2bc0d60b1e46f4e1d3cc8",24,400,24,27,10,"blue","988"
"65a2bc0d60b1e46f4e1d3cc8",25,600,29,33,10,"blue","2628"
"65a2bc0d60b1e46f4e1d3cc8",26,400,27,22,2,"blue","1627"
"65a2bc0d60b1e46f4e1d3cc8",27,400,25,24,2,"blue","1217"
"65a2bc0d60b1e46f4e1d3cc8",28,500,36,36,20,"blue","2929"
"65a2bc0d60b1e46f4e1d3cc8",29,500,30,37,10,"blue","2052"
"65a2bc0d60b1e46f4e1d3cc8",30,600,22,25,20,"blue","2806"
"65a2bc0d60b1e46f4e1d3cc8",31,600,18,17,2,"blue","2066"
"65a2bc0d60b1e46f4e1d3cc8",32,500,24,21,20,"blue","1806"
"65a2bc0d60b1e46f4e1d3cc8",33,600,31,35,10,"blue","2061"
"65a2bc0d60b1e46f4e1d3cc8",34,600,25,23,2,"blue","1668"
"65a2bc0d60b1e46f4e1d3cc8",35,600,23,28,2,"blue","1277"
"65a2bc0d60b1e46f4e1d3cc8",36,600,34,36,20,"blue","1234"
"65a2bc0d60b1e46f4e1d3cc8",37,400,27,32,10,"blue","1491"
"65a2bc0d60b1e46f4e1d3cc8",38,500,20,36,10,"blue","2597"
"65a2bc0d60b1e46f4e1d3cc8",39,500,20,17,2,"blue","1197"
"65a2bc0d60b1e46f4e1d3cc8",40,500,15,11,2,"blue","1278"
"65a2bc0d60b1e46f4e1d3cc8",41,600,26,28,10,"blue","1328"
"65a2bc0d60b1e46f4e1d3cc8",42,400,14,19,10,"blue","1225"
"65a2bc0d60b1e46f4e1d3cc8",43,400,26,24,20,"blue","1349"
"65a2bc0d60b1e46f4e1d3cc8",44,400,28,25,10,"blue","1706"
"65a2bc0d60b1e46f4e1d3cc8",45,600,27,23,2,"blue","2956"
"65a2bc0d60b1e46f4e1d3cc8",46,400,22,25,20,"blue","1916"
"65a2bc0d60b1e46f4e1d3cc8",47,500,20,24,20,"blue","1343"
"65a2bc0d60b1e46f4e1d3cc8",48,400,36,45,20,"blue","1204"
"65a2bc0d60b1e46f4e1d3cc8",49,500,23,37,20,"blue","1145"
"65a2bc0d60b1e46f4e1d3cc8",50,400,31,38,20,"blue","872"
"65a2bc0d60b1e46f4e1d3cc8",51,400,21,26,2,"blue","2955"
"65a2bc0d60b1e46f4e1d3cc8",52,600,17,26,10,"blue","2905"
"65a2bc0d60b1e46f4e1d3cc8",53,400,24,20,20,"blue","1247"
"65a2bc0d60b1e46f4e1d3cc8",54,500,25,29,2,"blue","1365"
"65a2bc0d60b1e46f4e1d3cc8",55,600,33,33,2,"blue","1519"
"65a2bc0d60b1e46f4e1d3cc8",56,600,29,38,2,"blue","797"
"65a2bc0d60b1e46f4e1d3cc8",57,400,19,19,10,"blue","1268"
"65a2bc0d60b1e46f4e1d3cc8",58,500,21,21,10,"blue","678"
"65a2bc0d60b1e46f4e1d3cc8",59,600,26,27,20,"blue","906"
"65a2bc0d60b1e46f4e1d3cc8",60,500,35,39,20,"blue","937"
"65a2bc0d60b1e46f4e1d3cc8",61,500,22,28,20,"blue","13644"
"65a2bc0d60b1e46f4e1d3cc8",62,600,30,32,2,"blue","1681"
"65a2bc0d60b1e46f4e1d3cc8",63,600,16,19,20,"blue","2044"
"65a2bc0d60b1e46f4e1d3cc8",64,500,20,22,2,"blue","1006"
"65a2bc0d60b1e46f4e1d3cc8",65,400,23,26,10,"blue","1545"
"65a2bc0d60b1e46f4e1d3cc8",66,600,18,25,10,"blue","1025"
"65a2bc0d60b1e46f4e1d3cc8",67,600,17,27,10,"blue","2383"
"65a2bc0d60b1e46f4e1d3cc8",68,600,28,32,20,"blue","1027"
"65a2bc0d60b1e46f4e1d3cc8",69,400,21,23,2,"red","11136"
"65a2bc0d60b1e46f4e1d3cc8",70,600,33,33,2,"red","3588"
"65a2bc0d60b1e46f4e1d3cc8",71,600,30,37,20,"red","1404"
"65a2bc0d60b1e46f4e1d3cc8",72,600,33,31,2,"red","686"
"65a2bc0d60b1e46f4e1d3cc8",73,500,29,36,20,"red","1658"
"65a2bc0d60b1e46f4e1d3cc8",74,600,21,19,2,"red","1243"
"65a2bc0d60b1e46f4e1d3cc8",75,600,20,25,10,"red","717"
"65a2bc0d60b1e46f4e1d3cc8",76,500,20,18,20,"red","669"
"65a2bc0d60b1e46f4e1d3cc8",77,600,18,23,10,"red","2281"
"65a2bc0d60b1e46f4e1d3cc8",78,600,26,20,2,"red","647"
"65a2bc0d60b1e46f4e1d3cc8",79,400,30,29,20,"red","1008"
"65a2bc0d60b1e46f4e1d3cc8",80,400,33,30,20,"red","645"
"65a2bc0d60b1e46f4e1d3cc8",81,600,22,22,20,"red","1735"
"65a2bc0d60b1e46f4e1d3cc8",82,600,32,35,20,"red","735"
"65a2bc0d60b1e46f4e1d3cc8",83,400,23,18,10,"red","1227"
"65a2bc0d60b1e46f4e1d3cc8",84,400,25,21,10,"red","993"
"65a2bc0d60b1e46f4e1d3cc8",85,400,22,20,10,"red","851"
"65a2bc0d60b1e46f4e1d3cc8",86,400,31,33,2,"red","686"
"65a2bc0d60b1e46f4e1d3cc8",87,500,22,20,2,"red","2018"
"65a2bc0d60b1e46f4e1d3cc8",88,500,18,16,2,"red","729"
"65a2bc0d60b1e46f4e1d3cc8",89,400,21,20,10,"red","5815"
"65a2bc0d60b1e46f4e1d3cc8",90,600,15,17,2,"red","1010"
"65a2bc0d60b1e46f4e1d3cc8",91,500,19,18,20,"red","997"
"65a2bc0d60b1e46f4e1d3cc8",92,600,35,35,10,"red","2778"
"65a2bc0d60b1e46f4e1d3cc8",93,400,28,27,2,"red","955"
"65a2bc0d60b1e46f4e1d3cc8",94,400,24,24,2,"red","1889"
"65a2bc0d60b1e46f4e1d3cc8",95,500,34,29,2,"red","2129"
"65a2bc0d60b1e46f4e1d3cc8",96,500,21,31,20,"red","1657"
"65a2bc0d60b1e46f4e1d3cc8",97,500,35,36,2,"red","2177"
"65a2bc0d60b1e46f4e1d3cc8",98,400,14,20,20,"red","1986"
"65a2bc0d60b1e46f4e1d3cc8",99,500,24,21,10,"red","1186"
"65a2bc0d60b1e46f4e1d3cc8",100,400,34,33,10,"red","1036"
"65a2bc0d60b1e46f4e1d3cc8",101,500,29,29,10,"red","1076"
"65a2bc0d60b1e46f4e1d3cc8",102,600,21,22,10,"red","2023"
"65a2bc0d60b1e46f4e1d3cc8",103,400,26,37,10,"red","1795"
"65a2bc0d60b1e46f4e1d3cc8",104,600,21,24,10,"red","1104"
"65a2bc0d60b1e46f4e1d3cc8",105,600,20,21,20,"red","139533"
"65a2bc0d60b1e46f4e1d3cc8",106,400,17,17,2,"red","2868"
"65a2bc0d60b1e46f4e1d3cc8",107,400,26,29,10,"red","1718"
"65a2bc0d60b1e46f4e1d3cc8",108,600,15,22,20,"red","1468"
"65a2bc0d60b1e46f4e1d3cc8",109,500,26,23,20,"red","1040"
"65a2bc0d60b1e46f4e1d3cc8",110,600,20,19,10,"red","960"
"65a2bc0d60b1e46f4e1d3cc8",111,500,21,20,2,"red","760"
"65a2bc0d60b1e46f4e1d3cc8",112,500,18,21,20,"red","670"
"65a2bc0d60b1e46f4e1d3cc8",113,400,23,23,2,"red","1264"
"65a2bc0d60b1e46f4e1d3cc8",114,500,18,14,20,"red","695"
"65a2bc0d60b1e46f4e1d3cc8",115,600,22,19,10,"red","1243"
"65a2bc0d60b1e46f4e1d3cc8",116,600,36,38,20,"red","769"
"65b98fe25e75b5acc3f44626",21,600,28,30,2,"red","1324"
"65b98fe25e75b5acc3f44626",22,600,19,11,10,"red","1685"
"65b98fe25e75b5acc3f44626",23,400,17,5,2,"red","1273"
"65b98fe25e75b5acc3f44626",24,600,36,45,2,"red","1249"
"65b98fe25e75b5acc3f44626",25,600,20,12,2,"red","1696"
"65b98fe25e75b5acc3f44626",26,600,24,38,2,"red","1149"
"65b98fe25e75b5acc3f44626",27,400,36,37,10,"red","1200"
"65b98fe25e75b5acc3f44626",28,400,14,12,2,"red","1452"
"65b98fe25e75b5acc3f44626",29,500,22,22,2,"red","1715"
"65b98fe25e75b5acc3f44626",30,500,27,20,2,"red","1670"
"65b98fe25e75b5acc3f44626",31,600,35,33,10,"red","1104"
"65b98fe25e75b5acc3f44626",32,500,23,14,2,"red","941"
"65b98fe25e75b5acc3f44626",33,400,14,8,2,"red","1336"
"65b98fe25e75b5acc3f44626",34,400,33,39,10,"red","999"
"65b98fe25e75b5acc3f44626",35,400,19,46,10,"red","1253"
"65b98fe25e75b5acc3f44626",36,400,29,31,2,"red","2231"
"65b98fe25e75b5acc3f44626",37,500,23,25,2,"red","1210"
"65b98fe25e75b5acc3f44626",38,400,31,36,2,"red","1171"
"65b98fe25e75b5acc3f44626",39,600,19,10,2,"red","1211"
"65b98fe25e75b5acc3f44626",40,600,20,11,2,"red","1053"
"65b98fe25e75b5acc3f44626",41,500,32,28,2,"red","1033"
"65b98fe25e75b5acc3f44626",42,400,18,15,10,"red","1214"
"65b98fe25e75b5acc3f44626",43,400,16,11,10,"red","1625"
"65b98fe25e75b5acc3f44626",44,400,32,36,10,"red","939"
"65b98fe25e75b5acc3f44626",45,600,31,32,10,"red","1133"
"65b98fe25e75b5acc3f44626",46,500,28,19,10,"red","2688"
"65b98fe25e75b5acc3f44626",47,400,19,13,10,"red","1293"
"65b98fe25e75b5acc3f44626",48,400,21,12,10,"red","1583"
"65b98fe25e75b5acc3f44626",49,500,18,13,10,"red","1297"
"65b98fe25e75b5acc3f44626",50,500,18,20,10,"red","1287"
"65b98fe25e75b5acc3f44626",51,400,36,35,10,"red","862"
"65b98fe25e75b5acc3f44626",52,500,25,40,10,"red","1323"
"65b98fe25e75b5acc3f44626",53,400,30,25,20,"red","1313"
"65b98fe25e75b5acc3f44626",54,400,34,20,20,"red","2132"
"65b98fe25e75b5acc3f44626",55,500,31,32,20,"red","1572"
"65b98fe25e75b5acc3f44626",56,500,30,23,20,"red","876"
"65b98fe25e75b5acc3f44626",57,600,15,12,20,"red","1319"
"65b98fe25e75b5acc3f44626",58,500,19,12,20,"red","1149"
"65b98fe25e75b5acc3f44626",59,600,21,18,20,"red","1525"
"65b98fe25e75b5acc3f44626",60,500,35,33,20,"red","956"
"65b98fe25e75b5acc3f44626",61,600,31,30,20,"red","907"
"65b98fe25e75b5acc3f44626",62,600,25,24,20,"red","1228"
"65b98fe25e75b5acc3f44626",63,400,26,15,20,"red","1866"
"65b98fe25e75b5acc3f44626",64,600,31,34,20,"red","846"
"65b98fe25e75b5acc3f44626",65,500,23,13,20,"red","1135"
"65b98fe25e75b5acc3f44626",66,600,19,13,20,"red","1416"
"65b98fe25e75b5acc3f44626",67,400,36,29,20,"red","985"
"65b98fe25e75b5acc3f44626",68,500,27,19,20,"red","1361"
"65b98fe25e75b5acc3f44626",69,500,18,21,20,"blue","2309"
"65b98fe25e75b5acc3f44626",70,600,17,14,20,"blue","1580"
"65b98fe25e75b5acc3f44626",71,500,30,33,20,"blue","1119"
"65b98fe25e75b5acc3f44626",72,600,18,11,2,"blue","1099"
"65b98fe25e75b5acc3f44626",73,400,18,12,20,"blue","968"
"65b98fe25e75b5acc3f44626",74,600,14,12,20,"blue","1159"
"65b98fe25e75b5acc3f44626",75,600,23,32,2,"blue","1161"
"65b98fe25e75b5acc3f44626",76,600,23,13,20,"blue","1208"
"65b98fe25e75b5acc3f44626",77,600,25,15,2,"blue","2100"
"65b98fe25e75b5acc3f44626",78,500,19,10,10,"blue","1475"
"65b98fe25e75b5acc3f44626",79,600,22,14,2,"blue","1257"
"65b98fe25e75b5acc3f44626",80,600,27,23,20,"blue","1192"
"65b98fe25e75b5acc3f44626",81,500,34,36,2,"blue","997"
"65b98fe25e75b5acc3f44626",82,500,26,30,2,"blue","1393"
"65b98fe25e75b5acc3f44626",83,500,21,13,20,"blue","1264"
"65b98fe25e75b5acc3f44626",84,400,34,36,20,"blue","1093"
"65b98fe25e75b5acc3f44626",85,400,32,23,20,"blue","1305"
"65b98fe25e75b5acc3f44626",86,600,31,31,20,"blue","1178"
"65b98fe25e75b5acc3f44626",87,600,15,10,20,"blue","1074"
"65b98fe25e75b5acc3f44626",88,500,29,19,20,"blue","1237"
"65b98fe25e75b5acc3f44626",89,400,24,14,10,"blue","1068"
"65b98fe25e75b5acc3f44626",90,400,27,25,2,"blue","1305"
"65b98fe25e75b5acc3f44626",91,400,28,13,20,"blue","1297"
"65b98fe25e75b5acc3f44626",92,600,32,15,20,"blue","1865"
"65b98fe25e75b5acc3f44626",93,500,22,17,20,"blue","955"
"65b98fe25e75b5acc3f44626",94,400,20,24,2,"blue","2019"
"65b98fe25e75b5acc3f44626",95,400,22,29,2,"blue","989"
"65b98fe25e75b5acc3f44626",96,500,16,12,10,"blue","1148"
"65b98fe25e75b5acc3f44626",97,600,22,11,2,"blue","1416"
"65b98fe25e75b5acc3f44626",98,600,25,19,10,"blue","1902"
"65b98fe25e75b5acc3f44626",99,600,25,19,2,"blue","1669"
"65b98fe25e75b5acc3f44626",100,600,28,35,2,"blue","1083"
"65b98fe25e75b5acc3f44626",101,400,28,23,10,"blue","1015"
"65b98fe25e75b5acc3f44626",102,500,31,36,10,"blue","1269"
"65b98fe25e75b5acc3f44626",103,500,28,43,2,"blue","918"
"65b98fe25e75b5acc3f44626",104,500,19,15,2,"blue","1128"
"65b98fe25e75b5acc3f44626",105,500,15,11,2,"blue","971"
"65b98fe25e75b5acc3f44626",106,600,33,36,10,"blue","1037"
"65b98fe25e75b5acc3f44626",107,600,27,24,2,"blue","1897"
"65b98fe25e75b5acc3f44626",108,400,26,19,10,"blue","1133"
"65b98fe25e75b5acc3f44626",109,400,23,27,10,"blue","1490"
"65b98fe25e75b5acc3f44626",110,600,18,32,10,"blue","1833"
"65b98fe25e75b5acc3f44626",111,500,33,38,10,"blue","1138"
"65b98fe25e75b5acc3f44626",112,500,21,14,10,"blue","1410"
"65b98fe25e75b5acc3f44626",113,400,14,16,10,"blue","1748"
"65b98fe25e75b5acc3f44626",114,600,36,38,10,"blue","1475"
"65b98fe25e75b5acc3f44626",115,400,20,13,10,"blue","1328"
"65b98fe25e75b5acc3f44626",116,400,17,15,10,"blue","1146"
"662a5d4dabae70ece2dfcc21",21,600,15,12,10,"red","6503"
"662a5d4dabae70ece2dfcc21",22,600,30,15,20,"red","5448"
"662a5d4dabae70ece2dfcc21",23,400,21,10,2,"red","7047"
"662a5d4dabae70ece2dfcc21",24,600,26,22,2,"red","3244"
"662a5d4dabae70ece2dfcc21",25,600,35,32,10,"red","5131"
"662a5d4dabae70ece2dfcc21",26,600,31,29,10,"red","4281"
"662a5d4dabae70ece2dfcc21",27,500,22,20,10,"red","6023"
"662a5d4dabae70ece2dfcc21",28,600,36,34,20,"red","7935"
"662a5d4dabae70ece2dfcc21",29,400,25,21,2,"red","9521"
"662a5d4dabae70ece2dfcc21",30,600,24,22,20,"red","6206"
"662a5d4dabae70ece2dfcc21",31,600,14,12,20,"red","7200"
"662a5d4dabae70ece2dfcc21",32,400,26,13,2,"red","6579"
"662a5d4dabae70ece2dfcc21",33,400,17,10,2,"red","5646"
"662a5d4dabae70ece2dfcc21",34,400,15,10,2,"red","5473"
"662a5d4dabae70ece2dfcc21",35,400,27,23,2,"red","4732"
"662a5d4dabae70ece2dfcc21",36,400,17,19,10,"red","4806"
"662a5d4dabae70ece2dfcc21",37,400,15,12,10,"red","4836"
"662a5d4dabae70ece2dfcc21",38,600,32,30,20,"red","4482"
"662a5d4dabae70ece2dfcc21",39,500,23,20,10,"red","9057"
"662a5d4dabae70ece2dfcc21",40,400,14,10,2,"red","5609"
"662a5d4dabae70ece2dfcc21",41,600,36,32,20,"red","7241"
"662a5d4dabae70ece2dfcc21",42,500,34,31,20,"red","11217"
"662a5d4dabae70ece2dfcc21",43,500,23,22,10,"red","6176"
"662a5d4dabae70ece2dfcc21",44,500,14,15,20,"red","9446"
"662a5d4dabae70ece2dfcc21",45,500,21,14,2,"red","3568"
"662a5d4dabae70ece2dfcc21",46,600,35,26,2,"red","3833"
"662a5d4dabae70ece2dfcc21",47,400,29,27,10,"red","5313"
"662a5d4dabae70ece2dfcc21",48,500,23,28,20,"red","5470"
"662a5d4dabae70ece2dfcc21",49,400,34,26,2,"red","7599"
"662a5d4dabae70ece2dfcc21",50,500,29,27,20,"red","6033"
"662a5d4dabae70ece2dfcc21",51,600,18,13,2,"red","8187"
"662a5d4dabae70ece2dfcc21",52,400,14,11,20,"red","8325"
"662a5d4dabae70ece2dfcc21",53,400,30,31,2,"red","4107"
"662a5d4dabae70ece2dfcc21",54,400,34,30,10,"red","4255"
"662a5d4dabae70ece2dfcc21",55,500,19,19,20,"red","15747"
"662a5d4dabae70ece2dfcc21",56,500,33,33,10,"red","5784"
"662a5d4dabae70ece2dfcc21",57,500,24,30,10,"red","3942"
"662a5d4dabae70ece2dfcc21",58,500,24,17,2,"red","3855"
"662a5d4dabae70ece2dfcc21",59,600,33,35,10,"red","4838"
"662a5d4dabae70ece2dfcc21",60,400,17,21,10,"red","4135"
"662a5d4dabae70ece2dfcc21",61,500,14,13,2,"red","5934"
"662a5d4dabae70ece2dfcc21",62,400,16,17,20,"red","7191"
"662a5d4dabae70ece2dfcc21",63,400,27,28,20,"red","7475"
"662a5d4dabae70ece2dfcc21",64,400,24,24,2,"red","5938"
"662a5d4dabae70ece2dfcc21",65,500,33,36,10,"red","4182"
"662a5d4dabae70ece2dfcc21",66,600,25,33,10,"red","4558"
"662a5d4dabae70ece2dfcc21",67,400,32,37,20,"red","6505"
"662a5d4dabae70ece2dfcc21",68,400,29,36,20,"red","9134"
"662a5d4dabae70ece2dfcc21",69,500,33,0,2,"blue","13704"
"662a5d4dabae70ece2dfcc21",70,500,17,17,2,"blue","6491"
"662a5d4dabae70ece2dfcc21",71,600,17,17,20,"blue","5015"
"662a5d4dabae70ece2dfcc21",72,500,32,34,20,"blue","4284"
"662a5d4dabae70ece2dfcc21",73,600,31,30,10,"blue","3728"
"662a5d4dabae70ece2dfcc21",74,500,25,28,2,"blue","2722"
"662a5d4dabae70ece2dfcc21",75,400,27,24,10,"blue","3835"
"662a5d4dabae70ece2dfcc21",76,500,27,23,10,"blue","4791"
"662a5d4dabae70ece2dfcc21",77,500,18,14,20,"blue","2781"
"662a5d4dabae70ece2dfcc21",78,400,25,15,2,"blue","3300"
"662a5d4dabae70ece2dfcc21",79,500,32,31,20,"blue","3334"
"662a5d4dabae70ece2dfcc21",80,600,31,33,10,"blue","3954"
"662a5d4dabae70ece2dfcc21",81,400,26,31,10,"blue","3385"
"662a5d4dabae70ece2dfcc21",82,500,18,10,20,"blue","3751"
"662a5d4dabae70ece2dfcc21",83,400,15,11,10,"blue","4985"
"662a5d4dabae70ece2dfcc21",84,500,35,23,2,"blue","6282"
"662a5d4dabae70ece2dfcc21",85,600,20,22,20,"blue","4142"
"662a5d4dabae70ece2dfcc21",86,500,35,32,20,"blue","3796"
"662a5d4dabae70ece2dfcc21",87,500,15,13,2,"blue","5256"
"662a5d4dabae70ece2dfcc21",88,400,16,11,2,"blue","4110"
"662a5d4dabae70ece2dfcc21",89,500,20,19,10,"blue","3012"
"662a5d4dabae70ece2dfcc21",90,600,18,12,2,"blue","3603"
"662a5d4dabae70ece2dfcc21",91,500,28,26,10,"blue","5975"
"662a5d4dabae70ece2dfcc21",92,600,21,18,10,"blue","4170"
"662a5d4dabae70ece2dfcc21",93,500,30,20,10,"blue","6493"
"662a5d4dabae70ece2dfcc21",94,500,29,23,20,"blue","4071"
"662a5d4dabae70ece2dfcc21",95,600,23,23,10,"blue","5174"
"662a5d4dabae70ece2dfcc21",96,500,26,23,2,"blue","4446"
"662a5d4dabae70ece2dfcc21",97,500,21,18,2,"blue","5435"
"662a5d4dabae70ece2dfcc21",98,400,24,24,20,"blue","3638"
"662a5d4dabae70ece2dfcc21",99,600,30,25,10,"blue","3540"
"662a5d4dabae70ece2dfcc21",100,400,31,27,10,"blue","4420"
"662a5d4dabae70ece2dfcc21",101,600,19,17,10,"blue","4144"
"662a5d4dabae70ece2dfcc21",102,500,29,26,10,"blue","4737"
"662a5d4dabae70ece2dfcc21",103,400,22,16,2,"blue","5399"
"662a5d4dabae70ece2dfcc21",104,500,32,26,2,"blue","5036"
"662a5d4dabae70ece2dfcc21",105,500,33,33,20,"blue","3261"
"662a5d4dabae70ece2dfcc21",106,600,16,18,20,"blue","4206"
"662a5d4dabae70ece2dfcc21",107,500,18,14,20,"blue","2907"
"662a5d4dabae70ece2dfcc21",108,500,33,27,20,"blue","4141"
"662a5d4dabae70ece2dfcc21",109,500,22,27,10,"blue","4397"
"662a5d4dabae70ece2dfcc21",110,600,32,29,2,"blue","3501"
"662a5d4dabae70ece2dfcc21",111,500,27,25,20,"blue","3504"
"662a5d4dabae70ece2dfcc21",112,400,14,12,2,"blue","3029"
"662a5d4dabae70ece2dfcc21",113,500,20,10,2,"blue","4196"
"662a5d4dabae70ece2dfcc21",114,400,36,34,2,"blue","5736"
"662a5d4dabae70ece2dfcc21",115,600,26,33,20,"blue","5976"
"662a5d4dabae70ece2dfcc21",116,600,19,20,20,"blue","3974"
"662c1b87d84d0f2111bb3a56",21,500,28,13,10,"red","3521"
"662c1b87d84d0f2111bb3a56",22,400,36,28,20,"red","2290"
"662c1b87d84d0f2111bb3a56",23,600,23,15,20,"red","2194"
"662c1b87d84d0f2111bb3a56",24,500,35,29,10,"red","1996"
"662c1b87d84d0f2111bb3a56",25,600,28,27,20,"red","3364"
"662c1b87d84d0f2111bb3a56",26,400,25,22,2,"red","2832"
"662c1b87d84d0f2111bb3a56",27,500,21,24,20,"red","2696"
"662c1b87d84d0f2111bb3a56",28,400,25,21,10,"red","2727"
"662c1b87d84d0f2111bb3a56",29,600,31,24,20,"red","3078"
"662c1b87d84d0f2111bb3a56",30,500,29,25,20,"red","2613"
"662c1b87d84d0f2111bb3a56",31,400,24,25,20,"red","2786"
"662c1b87d84d0f2111bb3a56",32,400,22,19,2,"red","2699"
"662c1b87d84d0f2111bb3a56",33,400,17,19,2,"red","2366"
"662c1b87d84d0f2111bb3a56",34,600,23,21,20,"red","3868"
"662c1b87d84d0f2111bb3a56",35,600,32,27,2,"red","2677"
"662c1b87d84d0f2111bb3a56",36,500,17,19,10,"red","3071"
"662c1b87d84d0f2111bb3a56",37,500,16,21,10,"red","2336"
"662c1b87d84d0f2111bb3a56",38,500,33,29,2,"red","3102"
"662c1b87d84d0f2111bb3a56",39,400,25,16,2,"red","2790"
"662c1b87d84d0f2111bb3a56",40,500,28,22,20,"red","2239"
"662c1b87d84d0f2111bb3a56",41,600,35,24,2,"red","1730"
"662c1b87d84d0f2111bb3a56",42,400,31,30,2,"red","2040"
"662c1b87d84d0f2111bb3a56",43,600,17,15,20,"red","1986"
"662c1b87d84d0f2111bb3a56",44,500,30,29,2,"red","1145"
"662c1b87d84d0f2111bb3a56",45,500,32,31,20,"red","2857"
"662c1b87d84d0f2111bb3a56",46,400,14,18,10,"red","2310"
"662c1b87d84d0f2111bb3a56",47,500,28,27,10,"red","4655"
"662c1b87d84d0f2111bb3a56",48,400,15,10,2,"red","1885"
"662c1b87d84d0f2111bb3a56",49,600,15,16,10,"red","2241"
"662c1b87d84d0f2111bb3a56",50,400,27,19,10,"red","1219"
"662c1b87d84d0f2111bb3a56",51,500,27,24,10,"red","2068"
"662c1b87d84d0f2111bb3a56",52,500,23,27,10,"red","1350"
"662c1b87d84d0f2111bb3a56",53,600,29,29,20,"red","2186"
"662c1b87d84d0f2111bb3a56",54,500,35,27,2,"red","2185"
"662c1b87d84d0f2111bb3a56",55,500,15,25,20,"red","2040"
"662c1b87d84d0f2111bb3a56",56,600,17,19,10,"red","2089"
"662c1b87d84d0f2111bb3a56",57,400,16,15,10,"red","5595"
"662c1b87d84d0f2111bb3a56",58,500,36,30,2,"red","2061"
"662c1b87d84d0f2111bb3a56",59,400,22,12,2,"red","3860"
"662c1b87d84d0f2111bb3a56",60,400,24,24,2,"red","1968"
"662c1b87d84d0f2111bb3a56",61,500,31,24,2,"red","2141"
"662c1b87d84d0f2111bb3a56",62,600,36,31,2,"red","2096"
"662c1b87d84d0f2111bb3a56",63,500,27,36,10,"red","2135"
"662c1b87d84d0f2111bb3a56",64,600,30,29,20,"red","1573"
"662c1b87d84d0f2111bb3a56",65,600,24,28,10,"red","1889"
"662c1b87d84d0f2111bb3a56",66,600,21,18,20,"red","1561"
"662c1b87d84d0f2111bb3a56",67,600,14,19,20,"red","1689"
"662c1b87d84d0f2111bb3a56",68,400,29,32,10,"red","2323"
"662c1b87d84d0f2111bb3a56",69,600,30,1,2,"blue","6451"
"662c1b87d84d0f2111bb3a56",70,400,19,18,10,"blue","2849"
"662c1b87d84d0f2111bb3a56",71,400,22,20,10,"blue","1881"
"662c1b87d84d0f2111bb3a56",72,600,35,35,2,"blue","1556"
"662c1b87d84d0f2111bb3a56",73,500,32,34,20,"blue","1557"
"662c1b87d84d0f2111bb3a56",74,600,36,34,20,"blue","1550"
"662c1b87d84d0f2111bb3a56",75,500,33,30,2,"blue","1709"
"662c1b87d84d0f2111bb3a56",76,400,18,24,10,"blue","2086"
"662c1b87d84d0f2111bb3a56",77,500,15,24,10,"blue","3139"
"662c1b87d84d0f2111bb3a56",78,400,17,12,2,"blue","1699"
"662c1b87d84d0f2111bb3a56",79,500,18,16,2,"blue","1694"
"662c1b87d84d0f2111bb3a56",80,600,35,29,20,"blue","1678"
"662c1b87d84d0f2111bb3a56",81,400,36,31,10,"blue","2122"
"662c1b87d84d0f2111bb3a56",82,500,32,34,2,"blue","2530"
"662c1b87d84d0f2111bb3a56",83,500,34,40,10,"blue","1797"
"662c1b87d84d0f2111bb3a56",84,400,29,31,2,"blue","1565"
"662c1b87d84d0f2111bb3a56",85,500,18,22,20,"blue","2529"
"662c1b87d84d0f2111bb3a56",86,500,30,27,10,"blue","1925"
"662c1b87d84d0f2111bb3a56",87,500,25,29,20,"blue","1859"
"662c1b87d84d0f2111bb3a56",88,500,16,20,10,"blue","1698"
"662c1b87d84d0f2111bb3a56",89,500,26,19,20,"blue","1228"
"662c1b87d84d0f2111bb3a56",90,500,29,24,10,"blue","1409"
"662c1b87d84d0f2111bb3a56",91,600,24,25,20,"blue","2145"
"662c1b87d84d0f2111bb3a56",92,400,19,15,10,"blue","1684"
"662c1b87d84d0f2111bb3a56",93,500,31,32,2,"blue","2120"
"662c1b87d84d0f2111bb3a56",94,600,25,29,2,"blue","1666"
"662c1b87d84d0f2111bb3a56",95,600,21,20,20,"blue","2928"
"662c1b87d84d0f2111bb3a56",96,400,33,35,10,"blue","1342"
"662c1b87d84d0f2111bb3a56",97,400,27,27,20,"blue","1707"
"662c1b87d84d0f2111bb3a56",98,500,23,19,20,"blue","1610"
"662c1b87d84d0f2111bb3a56",99,500,34,38,10,"blue","1258"
"662c1b87d84d0f2111bb3a56",100,600,36,40,20,"blue","1446"
"662c1b87d84d0f2111bb3a56",101,400,34,39,2,"blue","1629"
"662c1b87d84d0f2111bb3a56",102,500,27,26,10,"blue","1771"
"662c1b87d84d0f2111bb3a56",103,400,28,27,10,"blue","1284"
"662c1b87d84d0f2111bb3a56",104,500,15,8,2,"blue","2636"
"662c1b87d84d0f2111bb3a56",105,600,24,11,2,"blue","1699"
"662c1b87d84d0f2111bb3a56",106,400,35,30,2,"blue","1816"
"662c1b87d84d0f2111bb3a56",107,600,35,32,20,"blue","1330"
"662c1b87d84d0f2111bb3a56",108,400,31,31,20,"blue","1030"
"662c1b87d84d0f2111bb3a56",109,600,35,31,10,"blue","846"
"662c1b87d84d0f2111bb3a56",110,600,20,12,20,"blue","952"
"662c1b87d84d0f2111bb3a56",111,400,35,35,20,"blue","1423"
"662c1b87d84d0f2111bb3a56",112,600,36,34,2,"blue","1264"
"662c1b87d84d0f2111bb3a56",113,400,22,17,2,"blue","1485"
"662c1b87d84d0f2111bb3a56",114,400,35,34,10,"blue","973"
"662c1b87d84d0f2111bb3a56",115,600,22,13,2,"blue","1759"
"662c1b87d84d0f2111bb3a56",116,600,30,21,20,"blue","1413"
"6644cf0a2e641bfd221ac4af",21,600,31,33,2,"blue","8143"
"6644cf0a2e641bfd221ac4af",22,400,31,28,10,"blue","1770"
"6644cf0a2e641bfd221ac4af",23,400,33,28,20,"blue","4065"
"6644cf0a2e641bfd221ac4af",24,600,15,22,10,"blue","2248"
"6644cf0a2e641bfd221ac4af",25,400,34,27,20,"blue","1819"
"6644cf0a2e641bfd221ac4af",26,500,35,28,2,"blue","2512"
"6644cf0a2e641bfd221ac4af",27,600,27,17,20,"blue","1871"
"6644cf0a2e641bfd221ac4af",28,500,18,16,20,"blue","1862"
"6644cf0a2e641bfd221ac4af",29,600,23,25,2,"blue","1458"
"6644cf0a2e641bfd221ac4af",30,600,36,34,2,"blue","2472"
"6644cf0a2e641bfd221ac4af",31,500,14,21,10,"blue","2955"
"6644cf0a2e641bfd221ac4af",32,500,16,10,2,"blue","2299"
"6644cf0a2e641bfd221ac4af",33,400,14,14,2,"blue","1456"
"6644cf0a2e641bfd221ac4af",34,600,24,26,10,"blue","1348"
"6644cf0a2e641bfd221ac4af",35,500,18,20,2,"blue","1627"
"6644cf0a2e641bfd221ac4af",36,600,17,17,20,"blue","2098"
"6644cf0a2e641bfd221ac4af",37,500,28,27,2,"blue","2562"
"6644cf0a2e641bfd221ac4af",38,400,33,31,10,"blue","4096"
"6644cf0a2e641bfd221ac4af",39,600,19,21,2,"blue","2396"
"6644cf0a2e641bfd221ac4af",40,500,34,28,20,"blue","1679"
"6644cf0a2e641bfd221ac4af",41,500,24,20,20,"blue","2620"
"6644cf0a2e641bfd221ac4af",42,600,33,28,20,"blue","1553"
"6644cf0a2e641bfd221ac4af",43,600,25,25,10,"blue","1405"
"6644cf0a2e641bfd221ac4af",44,400,24,21,10,"blue","2437"
"6644cf0a2e641bfd221ac4af",45,500,33,32,2,"blue","1335"
"6644cf0a2e641bfd221ac4af",46,600,36,36,10,"blue","2065"
"6644cf0a2e641bfd221ac4af",47,400,15,17,20,"blue","1631"
"6644cf0a2e641bfd221ac4af",48,500,25,22,20,"blue","1614"
"6644cf0a2e641bfd221ac4af",49,500,28,20,10,"blue","3366"
"6644cf0a2e641bfd221ac4af",50,500,19,21,10,"blue","1968"
"6644cf0a2e641bfd221ac4af",51,400,21,22,10,"blue","1844"
"6644cf0a2e641bfd221ac4af",52,600,24,19,2,"blue","1362"
"6644cf0a2e641bfd221ac4af",53,400,17,13,2,"blue","1947"
"6644cf0a2e641bfd221ac4af",54,600,16,14,20,"blue","1579"
"6644cf0a2e641bfd221ac4af",55,600,22,23,10,"blue","1414"
"6644cf0a2e641bfd221ac4af",56,400,35,35,20,"blue","1157"
"6644cf0a2e641bfd221ac4af",57,400,22,17,2,"blue","1980"
"6644cf0a2e641bfd221ac4af",58,400,19,19,20,"blue","2087"
"6644cf0a2e641bfd221ac4af",59,400,27,22,2,"blue","1930"
"6644cf0a2e641bfd221ac4af",60,500,28,29,20,"blue","1158"
"6644cf0a2e641bfd221ac4af",61,600,23,23,20,"blue","2391"
"6644cf0a2e641bfd221ac4af",62,500,30,25,2,"blue","1816"
"6644cf0a2e641bfd221ac4af",63,500,36,33,2,"blue","2525"
"6644cf0a2e641bfd221ac4af",64,500,36,36,10,"blue","1236"
"6644cf0a2e641bfd221ac4af",65,600,25,30,10,"blue","1563"
"6644cf0a2e641bfd221ac4af",66,600,16,24,10,"blue","1848"
"6644cf0a2e641bfd221ac4af",67,500,19,25,20,"blue","1350"
"6644cf0a2e641bfd221ac4af",68,400,34,34,10,"blue","1061"
"6644cf0a2e641bfd221ac4af",69,600,21,16,2,"red","2673"
"6644cf0a2e641bfd221ac4af",70,500,31,28,2,"red","1408"
"6644cf0a2e641bfd221ac4af",71,500,31,32,20,"red","1268"
"6644cf0a2e641bfd221ac4af",72,400,17,16,20,"red","1186"
"6644cf0a2e641bfd221ac4af",73,400,20,21,20,"red","1462"
"6644cf0a2e641bfd221ac4af",74,600,22,20,2,"red","1592"
"6644cf0a2e641bfd221ac4af",75,500,21,17,10,"red","1153"
"6644cf0a2e641bfd221ac4af",76,400,26,19,2,"red","820"
"6644cf0a2e641bfd221ac4af",77,600,15,19,20,"red","3272"
"6644cf0a2e641bfd221ac4af",78,400,14,11,20,"red","3091"
"6644cf0a2e641bfd221ac4af",79,400,29,24,20,"red","1611"
"6644cf0a2e641bfd221ac4af",80,400,22,25,10,"red","1997"
"6644cf0a2e641bfd221ac4af",81,500,24,28,10,"red","1580"
"6644cf0a2e641bfd221ac4af",82,500,32,28,2,"red","2475"
"6644cf0a2e641bfd221ac4af",83,500,26,29,10,"red","2012"
"6644cf0a2e641bfd221ac4af",84,500,18,10,10,"red","1997"
"6644cf0a2e641bfd221ac4af",85,400,23,19,10,"red","957"
"6644cf0a2e641bfd221ac4af",86,400,36,31,20,"red","1012"
"6644cf0a2e641bfd221ac4af",87,600,21,23,2,"red","2648"
"6644cf0a2e641bfd221ac4af",88,600,30,30,2,"red","1797"
"6644cf0a2e641bfd221ac4af",89,400,15,19,20,"red","2938"
"6644cf0a2e641bfd221ac4af",90,500,31,32,10,"red","1182"
"6644cf0a2e641bfd221ac4af",91,600,35,28,10,"red","2829"
"6644cf0a2e641bfd221ac4af",92,600,28,32,20,"red","2582"
"6644cf0a2e641bfd221ac4af",93,500,18,19,10,"red","2586"
"6644cf0a2e641bfd221ac4af",94,600,14,13,10,"red","950"
"6644cf0a2e641bfd221ac4af",95,500,35,27,2,"red","1171"
"6644cf0a2e641bfd221ac4af",96,400,34,36,20,"red","1121"
"6644cf0a2e641bfd221ac4af",97,400,33,33,20,"red","2466"
"6644cf0a2e641bfd221ac4af",98,400,20,20,2,"red","1873"
"6644cf0a2e641bfd221ac4af",99,500,24,25,10,"red","1474"
"6644cf0a2e641bfd221ac4af",100,400,19,18,20,"red","2384"
"6644cf0a2e641bfd221ac4af",101,500,31,30,20,"red","2545"
"6644cf0a2e641bfd221ac4af",102,500,18,19,10,"red","1118"
"6644cf0a2e641bfd221ac4af",103,600,29,31,2,"red","2100"
"6644cf0a2e641bfd221ac4af",104,500,22,26,10,"red","1783"
"6644cf0a2e641bfd221ac4af",105,600,17,17,2,"red","1625"
"6644cf0a2e641bfd221ac4af",106,400,16,11,20,"red","1924"
"6644cf0a2e641bfd221ac4af",107,500,34,26,2,"red","1355"
"6644cf0a2e641bfd221ac4af",108,400,28,25,10,"red","1913"
"6644cf0a2e641bfd221ac4af",109,600,33,33,2,"red","1408"
"6644cf0a2e641bfd221ac4af",110,600,17,15,2,"red","2177"
"6644cf0a2e641bfd221ac4af",111,600,21,21,10,"red","1778"
"6644cf0a2e641bfd221ac4af",112,500,33,35,20,"red","4143"
"6644cf0a2e641bfd221ac4af",113,600,28,36,20,"red","2059"
"6644cf0a2e641bfd221ac4af",114,600,27,20,2,"red","1170"
"6644cf0a2e641bfd221ac4af",115,400,25,22,2,"red","2490"
"6644cf0a2e641bfd221ac4af",116,600,21,25,10,"red","2301"
"6674d66310b6684b86ddf7b9",21,600,33,12,2,"blue","7166"
"6674d66310b6684b86ddf7b9",22,400,31,20,2,"blue","5002"
"6674d66310b6684b86ddf7b9",23,600,33,20,20,"blue","3175"
"6674d66310b6684b86ddf7b9",24,500,30,18,2,"blue","4061"
"6674d66310b6684b86ddf7b9",25,500,29,23,2,"blue","2942"
"6674d66310b6684b86ddf7b9",26,400,33,25,2,"blue","3212"
"6674d66310b6684b86ddf7b9",27,400,31,27,10,"blue","3942"
"6674d66310b6684b86ddf7b9",28,600,17,19,10,"blue","5109"
"6674d66310b6684b86ddf7b9",29,400,36,23,20,"blue","3378"
"6674d66310b6684b86ddf7b9",30,600,32,19,20,"blue","5189"
"6674d66310b6684b86ddf7b9",31,500,24,17,20,"blue","5889"
"6674d66310b6684b86ddf7b9",32,500,22,18,2,"blue","4748"
"6674d66310b6684b86ddf7b9",33,600,14,20,10,"blue","3780"
"6674d66310b6684b86ddf7b9",34,500,36,23,20,"blue","4439"
"6674d66310b6684b86ddf7b9",35,500,15,12,2,"blue","2493"
"6674d66310b6684b86ddf7b9",36,600,16,17,2,"blue","3752"
"6674d66310b6684b86ddf7b9",37,500,31,23,2,"blue","4916"
"6674d66310b6684b86ddf7b9",38,500,23,19,20,"blue","3465"
"6674d66310b6684b86ddf7b9",39,500,24,21,10,"blue","3697"
"6674d66310b6684b86ddf7b9",40,500,14,18,2,"blue","3511"
"6674d66310b6684b86ddf7b9",41,600,21,18,20,"blue","3642"
"6674d66310b6684b86ddf7b9",42,400,16,16,10,"blue","3269"
"6674d66310b6684b86ddf7b9",43,500,35,20,2,"blue","4230"
"6674d66310b6684b86ddf7b9",44,400,33,22,10,"blue","2156"
"6674d66310b6684b86ddf7b9",45,600,28,19,10,"blue","2906"
"6674d66310b6684b86ddf7b9",46,600,21,23,10,"blue","3311"
"6674d66310b6684b86ddf7b9",47,500,30,27,20,"blue","3528"
"6674d66310b6684b86ddf7b9",48,500,14,17,20,"blue","2361"
"6674d66310b6684b86ddf7b9",49,400,32,23,20,"blue","2562"
"6674d66310b6684b86ddf7b9",50,400,29,21,10,"blue","3662"
"6674d66310b6684b86ddf7b9",51,400,18,16,20,"blue","3233"
"6674d66310b6684b86ddf7b9",52,600,32,21,10,"blue","2975"
"6674d66310b6684b86ddf7b9",53,600,20,16,10,"blue","3402"
"6674d66310b6684b86ddf7b9",54,600,16,14,10,"blue","3743"
"6674d66310b6684b86ddf7b9",55,400,34,23,20,"blue","2620"
"6674d66310b6684b86ddf7b9",56,600,30,26,20,"blue","2808"
"6674d66310b6684b86ddf7b9",57,400,36,28,20,"blue","3376"
"6674d66310b6684b86ddf7b9",58,400,15,19,2,"blue","2336"
"6674d66310b6684b86ddf7b9",59,500,24,22,20,"blue","3914"
"6674d66310b6684b86ddf7b9",60,500,34,27,10,"blue","3549"
"6674d66310b6684b86ddf7b9",61,500,19,24,10,"blue","3502"
"6674d66310b6684b86ddf7b9",62,500,32,31,2,"blue","10437"
"6674d66310b6684b86ddf7b9",63,600,33,40,2,"blue","2602"
"6674d66310b6684b86ddf7b9",64,600,18,20,20,"blue","2856"
"6674d66310b6684b86ddf7b9",65,500,34,23,2,"blue","3282"
"6674d66310b6684b86ddf7b9",66,500,18,23,2,"blue","4497"
"6674d66310b6684b86ddf7b9",67,500,22,20,10,"blue","3000"
"6674d66310b6684b86ddf7b9",68,400,29,23,10,"blue","3510"
"6674d66310b6684b86ddf7b9",69,500,27,23,2,"red","5007"
"6674d66310b6684b86ddf7b9",70,400,26,24,2,"red","3870"
"6674d66310b6684b86ddf7b9",71,400,20,24,2,"red","2795"
"6674d66310b6684b86ddf7b9",72,500,24,24,20,"red","3566"
"6674d66310b6684b86ddf7b9",73,500,27,26,20,"red","2588"
"6674d66310b6684b86ddf7b9",74,400,31,24,2,"red","3291"
"6674d66310b6684b86ddf7b9",75,500,23,21,2,"red","3599"
"6674d66310b6684b86ddf7b9",76,600,30,25,20,"red","3550"
"6674d66310b6684b86ddf7b9",77,400,22,19,10,"red","2896"
"6674d66310b6684b86ddf7b9",78,500,23,20,10,"red","2543"
"6674d66310b6684b86ddf7b9",79,500,20,16,20,"red","3185"
"6674d66310b6684b86ddf7b9",80,600,25,18,10,"red","3886"
"6674d66310b6684b86ddf7b9",81,400,31,25,20,"red","3746"
"6674d66310b6684b86ddf7b9",82,500,20,19,10,"red","5102"
"6674d66310b6684b86ddf7b9",83,500,34,20,2,"red","4394"
"6674d66310b6684b86ddf7b9",84,500,23,18,2,"red","3315"
"6674d66310b6684b86ddf7b9",85,500,33,21,20,"red","2981"
"6674d66310b6684b86ddf7b9",86,400,32,19,20,"red","4227"
"6674d66310b6684b86ddf7b9",87,600,19,16,2,"red","3390"
"6674d66310b6684b86ddf7b9",88,600,21,11,2,"red","3101"
"6674d66310b6684b86ddf7b9",89,400,19,23,10,"red","2808"
"6674d66310b6684b86ddf7b9",90,500,23,12,10,"red","3315"
"6674d66310b6684b86ddf7b9",91,500,15,16,2,"red","3499"
"6674d66310b6684b86ddf7b9",92,600,34,30,20,"red","5299"
"6674d66310b6684b86ddf7b9",93,600,16,14,10,"red","2524"
"6674d66310b6684b86ddf7b9",94,500,21,13,20,"red","3516"
"6674d66310b6684b86ddf7b9",95,600,29,18,20,"red","2810"
"6674d66310b6684b86ddf7b9",96,600,34,27,10,"red","6436"
"6674d66310b6684b86ddf7b9",97,600,28,27,2,"red","5674"
"6674d66310b6684b86ddf7b9",98,400,19,19,10,"red","4026"
"6674d66310b6684b86ddf7b9",99,500,29,22,20,"red","2764"
"6674d66310b6684b86ddf7b9",100,500,28,29,10,"red","4922"
"6674d66310b6684b86ddf7b9",101,500,27,23,20,"red","2876"
"6674d66310b6684b86ddf7b9",102,600,35,33,10,"red","4033"
"6674d66310b6684b86ddf7b9",103,500,18,17,10,"red","2416"
"6674d66310b6684b86ddf7b9",104,400,30,30,20,"red","4221"
"6674d66310b6684b86ddf7b9",105,500,33,32,20,"red","4530"
"6674d66310b6684b86ddf7b9",106,600,19,21,10,"red","2562"
"6674d66310b6684b86ddf7b9",107,400,29,18,20,"red","2593"
"6674d66310b6684b86ddf7b9",108,600,20,14,20,"red","4686"
"6674d66310b6684b86ddf7b9",109,400,19,13,2,"red","2517"
"6674d66310b6684b86ddf7b9",110,600,28,22,2,"red","6191"
"6674d66310b6684b86ddf7b9",111,600,19,18,2,"red","5921"
"6674d66310b6684b86ddf7b9",112,600,20,18,10,"red","2615"
"6674d66310b6684b86ddf7b9",113,500,33,31,2,"red","5935"
"6674d66310b6684b86ddf7b9",114,400,20,19,2,"red","2064"
"6674d66310b6684b86ddf7b9",115,500,36,33,10,"red","2820"
"6674d66310b6684b86ddf7b9",116,500,19,15,10,"red","1993"
"669aed56568d11bad784de3b",21,400,17,19,2,"blue","3427"
"669aed56568d11bad784de3b",22,600,32,44,2,"blue","4110"
"669aed56568d11bad784de3b",23,600,14,22,10,"blue","2744"
"669aed56568d11bad784de3b",24,500,31,31,2,"blue","2415"
"669aed56568d11bad784de3b",25,500,30,37,20,"blue","2573"
"669aed56568d11bad784de3b",26,500,23,17,20,"blue","3462"
"669aed56568d11bad784de3b",27,600,20,23,2,"blue","2872"
"669aed56568d11bad784de3b",28,500,35,37,2,"blue","3669"
"669aed56568d11bad784de3b",29,600,35,31,20,"blue","2273"
"669aed56568d11bad784de3b",30,600,22,27,10,"blue","2887"
"669aed56568d11bad784de3b",31,400,18,14,20,"blue","2492"
"669aed56568d11bad784de3b",32,600,15,4,10,"blue","2804"
"669aed56568d11bad784de3b",33,600,34,43,10,"blue","2518"
"669aed56568d11bad784de3b",34,500,31,39,10,"blue","2918"
"669aed56568d11bad784de3b",35,400,28,29,20,"blue","4861"
"669aed56568d11bad784de3b",36,500,24,29,10,"blue","1487"
"669aed56568d11bad784de3b",37,500,30,31,2,"blue","5178"
"669aed56568d11bad784de3b",38,500,32,31,2,"blue","4838"
"669aed56568d11bad784de3b",39,400,32,41,20,"blue","3193"
"669aed56568d11bad784de3b",40,500,25,28,20,"blue","6054"
"669aed56568d11bad784de3b",41,400,28,33,10,"blue","3514"
"669aed56568d11bad784de3b",42,400,24,24,20,"blue","3925"
"669aed56568d11bad784de3b",43,600,33,45,10,"blue","2238"
"669aed56568d11bad784de3b",44,500,34,48,20,"blue","1716"
"669aed56568d11bad784de3b",45,600,27,34,10,"blue","1574"
"669aed56568d11bad784de3b",46,500,24,30,2,"blue","3549"
"669aed56568d11bad784de3b",47,600,21,28,2,"blue","3545"
"669aed56568d11bad784de3b",48,600,19,26,2,"blue","2861"
"669aed56568d11bad784de3b",49,500,25,25,20,"blue","4853"
"669aed56568d11bad784de3b",50,500,22,29,2,"blue","3903"
"669aed56568d11bad784de3b",51,600,35,40,10,"blue","2625"
"669aed56568d11bad784de3b",52,500,14,22,2,"blue","2153"
"669aed56568d11bad784de3b",53,600,28,28,20,"blue","2624"
"669aed56568d11bad784de3b",54,400,20,26,20,"blue","3001"
"669aed56568d11bad784de3b",55,400,30,31,2,"blue","2075"
"669aed56568d11bad784de3b",56,500,36,46,20,"blue","2731"
"669aed56568d11bad784de3b",57,600,34,40,20,"blue","2097"
"669aed56568d11bad784de3b",58,400,15,29,10,"blue","2440"
"669aed56568d11bad784de3b",59,500,15,24,2,"blue","2451"
"669aed56568d11bad784de3b",60,600,25,27,10,"blue","1867"
"669aed56568d11bad784de3b",61,600,29,29,2,"blue","2739"
"669aed56568d11bad784de3b",62,600,30,39,10,"blue","1701"
"669aed56568d11bad784de3b",63,600,33,39,10,"blue","2124"
"669aed56568d11bad784de3b",64,500,28,31,20,"blue","2411"
"669aed56568d11bad784de3b",65,600,19,29,20,"blue","2626"
"669aed56568d11bad784de3b",66,600,19,23,2,"blue","2715"
"669aed56568d11bad784de3b",67,400,21,25,10,"blue","2372"
"669aed56568d11bad784de3b",68,400,14,22,10,"blue","2655"
"669aed56568d11bad784de3b",69,600,31,35,2,"red","3595"
"669aed56568d11bad784de3b",70,400,27,26,2,"red","3648"
"669aed56568d11bad784de3b",71,400,18,20,10,"red","3432"
"669aed56568d11bad784de3b",72,600,29,28,10,"red","2231"
"669aed56568d11bad784de3b",73,600,20,25,2,"red","2037"
"669aed56568d11bad784de3b",74,500,18,23,2,"red","2243"
"669aed56568d11bad784de3b",75,600,29,27,10,"red","2379"
"669aed56568d11bad784de3b",76,500,29,31,10,"red","2353"
"669aed56568d11bad784de3b",77,600,32,48,10,"red","1776"
"669aed56568d11bad784de3b",78,600,21,27,2,"red","2007"
"669aed56568d11bad784de3b",79,400,29,28,2,"red","2458"
"669aed56568d11bad784de3b",80,500,32,43,20,"red","3639"
"669aed56568d11bad784de3b",81,600,22,28,10,"red","2647"
"669aed56568d11bad784de3b",82,500,33,33,10,"red","2434"
"669aed56568d11bad784de3b",83,400,16,22,20,"red","3489"
"669aed56568d11bad784de3b",84,400,24,26,20,"red","2080"
"669aed56568d11bad784de3b",85,600,16,23,20,"red","2687"
"669aed56568d11bad784de3b",86,500,18,17,10,"red","1987"
"669aed56568d11bad784de3b",87,600,22,39,10,"red","2458"
"669aed56568d11bad784de3b",88,600,30,33,2,"red","1692"
"669aed56568d11bad784de3b",89,400,35,35,2,"red","1968"
"669aed56568d11bad784de3b",90,500,23,28,2,"red","3698"
"669aed56568d11bad784de3b",91,400,31,34,20,"red","1568"
"669aed56568d11bad784de3b",92,500,22,25,20,"red","3013"
"669aed56568d11bad784de3b",93,500,32,26,20,"red","2077"
"669aed56568d11bad784de3b",94,600,30,29,10,"red","1845"
"669aed56568d11bad784de3b",95,400,36,33,2,"red","2105"
"669aed56568d11bad784de3b",96,400,21,25,2,"red","2688"
"669aed56568d11bad784de3b",97,400,25,24,20,"red","2685"
"669aed56568d11bad784de3b",98,500,24,25,10,"red","2464"
"669aed56568d11bad784de3b",99,400,33,32,2,"red","1973"
"669aed56568d11bad784de3b",100,400,23,13,20,"red","6173"
"669aed56568d11bad784de3b",101,500,35,24,20,"red","3268"
"669aed56568d11bad784de3b",102,400,26,19,10,"red","2420"
"669aed56568d11bad784de3b",103,400,22,16,20,"red","2448"
"669aed56568d11bad784de3b",104,500,35,35,20,"red","2161"
"669aed56568d11bad784de3b",105,500,27,19,20,"red","2539"
"669aed56568d11bad784de3b",106,400,29,19,20,"red","1941"
"669aed56568d11bad784de3b",107,400,29,33,2,"red","1710"
"669aed56568d11bad784de3b",108,600,24,22,2,"red","1809"
"669aed56568d11bad784de3b",109,400,32,42,10,"red","1613"
"669aed56568d11bad784de3b",110,400,20,23,20,"red","1863"
"669aed56568d11bad784de3b",111,400,31,45,10,"red","1877"
"669aed56568d11bad784de3b",112,500,20,23,2,"red","2116"
"669aed56568d11bad784de3b",113,500,32,39,20,"red","2205"
"669aed56568d11bad784de3b",114,600,36,37,10,"red","3279"
"669aed56568d11bad784de3b",115,600,30,25,2,"red","2369"
"669aed56568d11bad784de3b",116,400,19,23,10,"red","1672"
"66b68e2b2c21a7ed557cf866",21,500,27,29,2,"blue","6295"
"66b68e2b2c21a7ed557cf866",22,400,35,35,2,"blue","3874"
"66b68e2b2c21a7ed557cf866",23,600,32,31,2,"blue","4294"
"66b68e2b2c21a7ed557cf866",24,500,17,26,10,"blue","4467"
"66b68e2b2c21a7ed557cf866",25,400,35,40,20,"blue","4147"
"66b68e2b2c21a7ed557cf866",26,400,32,40,20,"blue","3814"
"66b68e2b2c21a7ed557cf866",27,400,17,7,2,"blue","3380"
"66b68e2b2c21a7ed557cf866",28,600,24,33,20,"blue","3080"
"66b68e2b2c21a7ed557cf866",29,500,25,35,20,"blue","4885"
"66b68e2b2c21a7ed557cf866",30,400,31,29,2,"blue","3367"
"66b68e2b2c21a7ed557cf866",31,600,28,30,10,"blue","4674"
"66b68e2b2c21a7ed557cf866",32,400,26,32,10,"blue","4630"
"66b68e2b2c21a7ed557cf866",33,600,14,7,2,"blue","3565"
"66b68e2b2c21a7ed557cf866",34,400,23,23,10,"blue","2984"
"66b68e2b2c21a7ed557cf866",35,600,14,14,10,"blue","3329"
"66b68e2b2c21a7ed557cf866",36,500,26,22,20,"blue","2910"
"66b68e2b2c21a7ed557cf866",37,400,18,27,10,"blue","4282"
"66b68e2b2c21a7ed557cf866",38,400,24,28,20,"blue","6260"
"66b68e2b2c21a7ed557cf866",39,500,23,30,10,"blue","2781"
"66b68e2b2c21a7ed557cf866",40,400,32,36,10,"blue","4096"
"66b68e2b2c21a7ed557cf866",41,500,26,32,10,"blue","4426"
"66b68e2b2c21a7ed557cf866",42,400,16,12,20,"blue","3551"
"66b68e2b2c21a7ed557cf866",43,400,14,10,10,"blue","3810"
"66b68e2b2c21a7ed557cf866",44,500,32,27,2,"blue","3709"
"66b68e2b2c21a7ed557cf866",45,400,36,40,10,"blue","3385"
"66b68e2b2c21a7ed557cf866",46,600,26,31,20,"blue","3850"
"66b68e2b2c21a7ed557cf866",47,500,24,29,10,"blue","4181"
"66b68e2b2c21a7ed557cf866",48,600,32,26,2,"blue","5078"
"66b68e2b2c21a7ed557cf866",49,400,32,33,10,"blue","3062"
"66b68e2b2c21a7ed557cf866",50,500,30,31,2,"blue","4713"
"66b68e2b2c21a7ed557cf866",51,400,28,34,2,"blue","4191"
"66b68e2b2c21a7ed557cf866",52,600,34,37,2,"blue","2812"
"66b68e2b2c21a7ed557cf866",53,400,26,29,20,"blue","3833"
"66b68e2b2c21a7ed557cf866",54,400,30,34,20,"blue","3450"
"66b68e2b2c21a7ed557cf866",55,600,32,29,20,"blue","3697"
"66b68e2b2c21a7ed557cf866",56,600,26,28,10,"blue","2770"
"66b68e2b2c21a7ed557cf866",57,500,21,15,2,"blue","3018"
"66b68e2b2c21a7ed557cf866",58,500,19,13,2,"blue","3565"
"66b68e2b2c21a7ed557cf866",59,500,21,15,20,"blue","4946"
"66b68e2b2c21a7ed557cf866",60,400,33,29,2,"blue","4456"
"66b68e2b2c21a7ed557cf866",61,500,33,25,20,"blue","4070"
"66b68e2b2c21a7ed557cf866",62,600,20,20,20,"blue","2679"
"66b68e2b2c21a7ed557cf866",63,500,33,21,20,"blue","3864"
"66b68e2b2c21a7ed557cf866",64,400,34,32,2,"blue","4911"
"66b68e2b2c21a7ed557cf866",65,600,15,9,10,"blue","5130"
"66b68e2b2c21a7ed557cf866",66,600,30,32,20,"blue","2663"
"66b68e2b2c21a7ed557cf866",67,500,34,33,2,"blue","4109"
"66b68e2b2c21a7ed557cf866",68,400,19,22,10,"blue","3993"
"66b68e2b2c21a7ed557cf866",69,600,24,28,20,"red","3503"
"66b68e2b2c21a7ed557cf866",70,600,19,13,10,"red","3178"
"66b68e2b2c21a7ed557cf866",71,500,27,16,20,"red","2329"
"66b68e2b2c21a7ed557cf866",72,600,26,21,10,"red","2265"
"66b68e2b2c21a7ed557cf866",73,400,14,7,2,"red","2112"
"66b68e2b2c21a7ed557cf866",74,600,32,35,10,"red","2446"
"66b68e2b2c21a7ed557cf866",75,500,18,23,20,"red","2837"
"66b68e2b2c21a7ed557cf866",76,600,29,25,2,"red","3563"
"66b68e2b2c21a7ed557cf866",77,400,31,31,20,"red","2414"
"66b68e2b2c21a7ed557cf866",78,500,31,34,20,"red","2443"
"66b68e2b2c21a7ed557cf866",79,600,22,20,10,"red","3299"
"66b68e2b2c21a7ed557cf866",80,600,25,23,10,"red","2268"
"66b68e2b2c21a7ed557cf866",81,600,34,37,10,"red","2630"
"66b68e2b2c21a7ed557cf866",82,400,21,31,20,"red","5775"
"66b68e2b2c21a7ed557cf866",83,400,34,33,2,"red","3931"
"66b68e2b2c21a7ed557cf866",84,600,16,12,20,"red","3533"
"66b68e2b2c21a7ed557cf866",85,600,25,24,2,"red","2933"
"66b68e2b2c21a7ed557cf866",86,400,26,18,2,"red","3798"
"66b68e2b2c21a7ed557cf866",87,600,26,22,2,"red","2783"
"66b68e2b2c21a7ed557cf866",88,400,22,20,2,"red","3677"
"66b68e2b2c21a7ed557cf866",89,400,23,23,10,"red","3721"
"66b68e2b2c21a7ed557cf866",90,400,25,23,2,"red","2511"
"66b68e2b2c21a7ed557cf866",91,500,21,17,10,"red","2864"
"66b68e2b2c21a7ed557cf866",92,500,20,15,10,"red","3812"
"66b68e2b2c21a7ed557cf866",93,500,15,15,20,"red","3012"
"66b68e2b2c21a7ed557cf866",94,500,21,22,10,"red","3099"
"66b68e2b2c21a7ed557cf866",95,500,14,9,20,"red","3064"
"66b68e2b2c21a7ed557cf866",96,500,26,16,20,"red","1904"
"66b68e2b2c21a7ed557cf866",97,600,27,30,10,"red","3000"
"66b68e2b2c21a7ed557cf866",98,600,21,13,2,"red","3781"
"66b68e2b2c21a7ed557cf866",99,400,25,24,20,"red","3551"
"66b68e2b2c21a7ed557cf866",100,600,26,39,20,"red","2846"
"66b68e2b2c21a7ed557cf866",101,600,22,33,10,"red","3470"
"66b68e2b2c21a7ed557cf866",102,400,14,10,20,"red","2844"
"66b68e2b2c21a7ed557cf866",103,600,36,41,10,"red","3349"
"66b68e2b2c21a7ed557cf866",104,400,18,21,10,"red","3813"
"66b68e2b2c21a7ed557cf866",105,400,35,36,2,"red","5147"
"66b68e2b2c21a7ed557cf866",106,600,33,42,20,"red","4156"
"66b68e2b2c21a7ed557cf866",107,600,16,12,10,"red","4188"
"66b68e2b2c21a7ed557cf866",108,500,28,36,2,"red","3216"
"66b68e2b2c21a7ed557cf866",109,400,17,23,20,"red","2910"
"66b68e2b2c21a7ed557cf866",110,500,20,19,10,"red","2333"
"66b68e2b2c21a7ed557cf866",111,400,21,17,2,"red","2812"
"66b68e2b2c21a7ed557cf866",112,400,17,10,2,"red","2365"
"66b68e2b2c21a7ed557cf866",113,400,25,27,2,"red","2784"
"66b68e2b2c21a7ed557cf866",114,600,23,26,20,"red","3433"
"66b68e2b2c21a7ed557cf866",115,500,28,26,2,"red","5575"
"66b68e2b2c21a7ed557cf866",116,500,20,24,2,"red","4078"
"66d1a34290c0181302a08f66",21,600,15,15,2,"red","3595"
"66d1a34290c0181302a08f66",22,400,30,29,2,"red","4494"
"66d1a34290c0181302a08f66",23,600,29,24,10,"red","1931"
"66d1a34290c0181302a08f66",24,600,18,11,2,"red","2302"
"66d1a34290c0181302a08f66",25,600,20,6,10,"red","3629"
"66d1a34290c0181302a08f66",26,500,19,14,10,"red","2137"
"66d1a34290c0181302a08f66",27,400,14,9,10,"red","1693"
"66d1a34290c0181302a08f66",28,400,23,17,2,"red","1333"
"66d1a34290c0181302a08f66",29,400,29,36,10,"red","2013"
"66d1a34290c0181302a08f66",30,600,24,20,2,"red","1978"
"66d1a34290c0181302a08f66",31,600,33,35,2,"red","1267"
"66d1a34290c0181302a08f66",32,500,20,10,2,"red","1838"
"66d1a34290c0181302a08f66",33,600,23,11,20,"red","1615"
"66d1a34290c0181302a08f66",34,600,20,14,2,"red","1385"
"66d1a34290c0181302a08f66",35,600,26,19,2,"red","1531"
"66d1a34290c0181302a08f66",36,600,21,20,20,"red","1451"
"66d1a34290c0181302a08f66",37,400,29,25,2,"red","1671"
"66d1a34290c0181302a08f66",38,400,36,40,20,"red","2497"
"66d1a34290c0181302a08f66",39,400,28,36,10,"red","3619"
"66d1a34290c0181302a08f66",40,600,33,37,20,"red","1404"
"66d1a34290c0181302a08f66",41,400,35,42,20,"red","2038"
"66d1a34290c0181302a08f66",42,500,29,13,2,"red","2595"
"66d1a34290c0181302a08f66",43,500,28,29,10,"red","1412"
"66d1a34290c0181302a08f66",44,600,27,30,20,"red","1480"
"66d1a34290c0181302a08f66",45,600,34,36,20,"red","3685"
"66d1a34290c0181302a08f66",46,500,16,12,2,"red","2229"
"66d1a34290c0181302a08f66",47,500,22,21,20,"red","1558"
"66d1a34290c0181302a08f66",48,500,19,21,10,"red","1492"
"66d1a34290c0181302a08f66",49,600,18,14,10,"red","3765"
"66d1a34290c0181302a08f66",50,500,18,19,20,"red","1296"
"66d1a34290c0181302a08f66",51,400,25,30,10,"red","1346"
"66d1a34290c0181302a08f66",52,500,31,34,20,"red","1258"
"66d1a34290c0181302a08f66",53,400,24,25,10,"red","1807"
"66d1a34290c0181302a08f66",54,400,33,34,2,"red","1376"
"66d1a34290c0181302a08f66",55,600,32,43,10,"red","1774"
"66d1a34290c0181302a08f66",56,400,27,37,20,"red","1409"
"66d1a34290c0181302a08f66",57,600,23,29,10,"red","1694"
"66d1a34290c0181302a08f66",58,400,27,35,20,"red","1625"
"66d1a34290c0181302a08f66",59,600,19,14,2,"red","3453"
"66d1a34290c0181302a08f66",60,400,36,37,2,"red","2254"
"66d1a34290c0181302a08f66",61,400,24,30,10,"red","1248"
"66d1a34290c0181302a08f66",62,600,21,27,20,"red","2089"
"66d1a34290c0181302a08f66",63,600,25,24,2,"red","1762"
"66d1a34290c0181302a08f66",64,500,20,21,20,"red","1347"
"66d1a34290c0181302a08f66",65,500,30,31,10,"red","3093"
"66d1a34290c0181302a08f66",66,400,34,38,20,"red","2699"
"66d1a34290c0181302a08f66",67,600,18,14,20,"red","1775"
"66d1a34290c0181302a08f66",68,600,26,22,10,"red","1646"
"66d1a34290c0181302a08f66",69,400,32,20,2,"blue","4039"
"66d1a34290c0181302a08f66",70,400,23,28,10,"blue","3333"
"66d1a34290c0181302a08f66",71,600,30,30,2,"blue","1585"
"66d1a34290c0181302a08f66",72,600,18,24,2,"blue","2631"
"66d1a34290c0181302a08f66",73,400,34,19,20,"blue","3414"
"66d1a34290c0181302a08f66",74,600,36,41,2,"blue","2155"
"66d1a34290c0181302a08f66",75,500,16,29,10,"blue","2167"
"66d1a34290c0181302a08f66",76,600,23,22,10,"blue","2352"
"66d1a34290c0181302a08f66",77,500,21,30,10,"blue","3073"
"66d1a34290c0181302a08f66",78,500,30,24,2,"blue","2441"
"66d1a34290c0181302a08f66",79,600,23,32,20,"blue","1505"
"66d1a34290c0181302a08f66",80,400,18,19,20,"blue","1349"
"66d1a34290c0181302a08f66",81,500,25,28,10,"blue","2289"
"66d1a34290c0181302a08f66",82,600,21,20,2,"blue","2144"
"66d1a34290c0181302a08f66",83,400,30,30,2,"blue","3496"
"66d1a34290c0181302a08f66",84,600,25,28,20,"blue","1432"
"66d1a34290c0181302a08f66",85,400,26,32,20,"blue","2634"
"66d1a34290c0181302a08f66",86,500,30,30,10,"blue","2372"
"66d1a34290c0181302a08f66",87,400,17,21,20,"blue","1561"
"66d1a34290c0181302a08f66",88,400,36,40,20,"blue","1786"
"66d1a34290c0181302a08f66",89,400,28,32,10,"blue","2411"
"66d1a34290c0181302a08f66",90,400,34,38,10,"blue","1304"
"66d1a34290c0181302a08f66",91,600,14,30,10,"blue","2260"
"66d1a34290c0181302a08f66",92,400,29,29,20,"blue","7336"
"66d1a34290c0181302a08f66",93,400,14,15,2,"blue","1037"
"66d1a34290c0181302a08f66",94,500,24,34,20,"blue","2627"
"66d1a34290c0181302a08f66",95,500,33,24,2,"blue","2152"
"66d1a34290c0181302a08f66",96,400,25,25,20,"blue","1820"
"66d1a34290c0181302a08f66",97,400,36,37,10,"blue","1490"
"66d1a34290c0181302a08f66",98,400,16,24,20,"blue","2301"
"66d1a34290c0181302a08f66",99,400,33,30,20,"blue","3302"
"66d1a34290c0181302a08f66",100,500,14,15,2,"blue","1461"
"66d1a34290c0181302a08f66",101,600,20,23,10,"blue","2234"
"66d1a34290c0181302a08f66",102,500,14,17,2,"blue","1058"
"66d1a34290c0181302a08f66",103,400,18,16,10,"blue","1778"
"66d1a34290c0181302a08f66",104,400,20,19,2,"blue","2391"
"66d1a34290c0181302a08f66",105,600,29,21,10,"blue","4106"
"66d1a34290c0181302a08f66",106,600,15,18,20,"blue","1094"
"66d1a34290c0181302a08f66",107,400,36,38,10,"blue","2528"
"66d1a34290c0181302a08f66",108,600,25,30,10,"blue","1785"
"66d1a34290c0181302a08f66",109,400,34,24,2,"blue","2093"
"66d1a34290c0181302a08f66",110,400,25,28,10,"blue","1463"
"66d1a34290c0181302a08f66",111,600,27,34,20,"blue","1427"
"66d1a34290c0181302a08f66",112,600,25,26,2,"blue","1851"
"66d1a34290c0181302a08f66",113,600,25,13,2,"blue","1330"
"66d1a34290c0181302a08f66",114,600,27,24,2,"blue","1461"
"66d1a34290c0181302a08f66",115,400,25,29,20,"blue","2557"
"66d1a34290c0181302a08f66",116,500,28,37,20,"blue","1361"
"66e9cc5fb04f5ba6d8b5a3f1",21,500,25,24,20,"blue","5005"
"66e9cc5fb04f5ba6d8b5a3f1",22,500,29,32,10,"blue","3515"
"66e9cc5fb04f5ba6d8b5a3f1",23,500,36,32,20,"blue","3995"
"66e9cc5fb04f5ba6d8b5a3f1",24,600,35,25,2,"blue","4231"
"66e9cc5fb04f5ba6d8b5a3f1",25,600,18,16,20,"blue","3271"
"66e9cc5fb04f5ba6d8b5a3f1",26,500,31,26,20,"blue","3385"
"66e9cc5fb04f5ba6d8b5a3f1",27,600,32,20,2,"blue","3711"
"66e9cc5fb04f5ba6d8b5a3f1",28,500,15,16,2,"blue","2725"
"66e9cc5fb04f5ba6d8b5a3f1",29,400,18,13,20,"blue","2437"
"66e9cc5fb04f5ba6d8b5a3f1",30,600,34,26,2,"blue","3623"
"66e9cc5fb04f5ba6d8b5a3f1",31,400,15,29,10,"blue","3520"
"66e9cc5fb04f5ba6d8b5a3f1",32,600,31,20,2,"blue","2799"
"66e9cc5fb04f5ba6d8b5a3f1",33,600,25,19,2,"blue","2695"
"66e9cc5fb04f5ba6d8b5a3f1",34,500,15,19,10,"blue","3314"
"66e9cc5fb04f5ba6d8b5a3f1",35,500,33,24,2,"blue","3063"
"66e9cc5fb04f5ba6d8b5a3f1",36,400,18,25,2,"blue","2575"
"66e9cc5fb04f5ba6d8b5a3f1",37,500,15,18,20,"blue","2796"
"66e9cc5fb04f5ba6d8b5a3f1",38,400,14,15,2,"blue","3511"
"66e9cc5fb04f5ba6d8b5a3f1",39,500,25,16,2,"blue","2758"
"66e9cc5fb04f5ba6d8b5a3f1",40,500,29,27,10,"blue","2911"
"66e9cc5fb04f5ba6d8b5a3f1",41,600,17,19,10,"blue","3206"
"66e9cc5fb04f5ba6d8b5a3f1",42,500,33,28,2,"blue","3141"
"66e9cc5fb04f5ba6d8b5a3f1",43,500,26,27,10,"blue","2878"
"66e9cc5fb04f5ba6d8b5a3f1",44,600,35,30,20,"blue","2575"
"66e9cc5fb04f5ba6d8b5a3f1",45,600,14,20,10,"blue","2391"
"66e9cc5fb04f5ba6d8b5a3f1",46,500,15,19,20,"blue","2477"
"66e9cc5fb04f5ba6d8b5a3f1",47,400,20,18,20,"blue","2606"
"66e9cc5fb04f5ba6d8b5a3f1",48,400,32,28,20,"blue","2555"
"66e9cc5fb04f5ba6d8b5a3f1",49,500,30,22,10,"blue","2464"
"66e9cc5fb04f5ba6d8b5a3f1",50,400,17,20,20,"blue","2182"
"66e9cc5fb04f5ba6d8b5a3f1",51,500,36,19,10,"blue","2483"
"66e9cc5fb04f5ba6d8b5a3f1",52,600,16,16,2,"blue","2283"
"66e9cc5fb04f5ba6d8b5a3f1",53,500,30,23,20,"blue","2035"
"66e9cc5fb04f5ba6d8b5a3f1",54,600,28,19,2,"blue","1750"
"66e9cc5fb04f5ba6d8b5a3f1",55,500,29,23,10,"blue","2123"
"66e9cc5fb04f5ba6d8b5a3f1",56,500,14,12,10,"blue","1795"
"66e9cc5fb04f5ba6d8b5a3f1",57,500,21,14,10,"blue","2011"
"66e9cc5fb04f5ba6d8b5a3f1",58,500,25,21,20,"blue","2064"
"66e9cc5fb04f5ba6d8b5a3f1",59,400,25,22,10,"blue","2032"
"66e9cc5fb04f5ba6d8b5a3f1",60,500,24,18,2,"blue","1757"
"66e9cc5fb04f5ba6d8b5a3f1",61,600,31,21,2,"blue","2890"
"66e9cc5fb04f5ba6d8b5a3f1",62,400,21,15,20,"blue","2640"
"66e9cc5fb04f5ba6d8b5a3f1",63,400,18,12,2,"blue","2000"
"66e9cc5fb04f5ba6d8b5a3f1",64,500,35,33,10,"blue","2206"
"66e9cc5fb04f5ba6d8b5a3f1",65,600,14,16,10,"blue","1815"
"66e9cc5fb04f5ba6d8b5a3f1",66,400,31,28,20,"blue","2407"
"66e9cc5fb04f5ba6d8b5a3f1",67,600,26,23,10,"blue","3628"
"66e9cc5fb04f5ba6d8b5a3f1",68,600,30,27,20,"blue","2259"
"66e9cc5fb04f5ba6d8b5a3f1",69,400,15,16,2,"red","3827"
"66e9cc5fb04f5ba6d8b5a3f1",70,500,16,15,2,"red","2663"
"66e9cc5fb04f5ba6d8b5a3f1",71,400,26,24,20,"red","2271"
"66e9cc5fb04f5ba6d8b5a3f1",72,500,21,22,20,"red","2340"
"66e9cc5fb04f5ba6d8b5a3f1",73,600,20,16,2,"red","1677"
"66e9cc5fb04f5ba6d8b5a3f1",74,400,18,21,20,"red","1555"
"66e9cc5fb04f5ba6d8b5a3f1",75,500,27,27,20,"red","1579"
"66e9cc5fb04f5ba6d8b5a3f1",76,400,24,21,2,"red","1605"
"66e9cc5fb04f5ba6d8b5a3f1",77,600,24,23,20,"red","1750"
"66e9cc5fb04f5ba6d8b5a3f1",78,600,29,26,10,"red","1849"
"66e9cc5fb04f5ba6d8b5a3f1",79,400,33,24,2,"red","2112"
"66e9cc5fb04f5ba6d8b5a3f1",80,500,36,31,2,"red","2027"
"66e9cc5fb04f5ba6d8b5a3f1",81,500,14,18,10,"red","1866"
"66e9cc5fb04f5ba6d8b5a3f1",82,600,25,24,10,"red","2774"
"66e9cc5fb04f5ba6d8b5a3f1",83,500,33,24,2,"red","2048"
"66e9cc5fb04f5ba6d8b5a3f1",84,600,19,24,10,"red","2205"
"66e9cc5fb04f5ba6d8b5a3f1",85,600,17,20,20,"red","2233"
"66e9cc5fb04f5ba6d8b5a3f1",86,500,31,27,10,"red","1695"
"66e9cc5fb04f5ba6d8b5a3f1",87,400,29,23,10,"red","5844"
"66e9cc5fb04f5ba6d8b5a3f1",88,600,24,20,2,"red","1765"
"66e9cc5fb04f5ba6d8b5a3f1",89,500,22,16,2,"red","2435"
"66e9cc5fb04f5ba6d8b5a3f1",90,500,15,14,20,"red","1922"
"66e9cc5fb04f5ba6d8b5a3f1",91,600,20,18,2,"red","3734"
"66e9cc5fb04f5ba6d8b5a3f1",92,600,25,21,10,"red","1965"
"66e9cc5fb04f5ba6d8b5a3f1",93,400,17,15,2,"red","1423"
"66e9cc5fb04f5ba6d8b5a3f1",94,400,33,27,20,"red","1469"
"66e9cc5fb04f5ba6d8b5a3f1",95,600,26,22,10,"red","2775"
"66e9cc5fb04f5ba6d8b5a3f1",96,500,23,21,20,"red","1964"
"66e9cc5fb04f5ba6d8b5a3f1",97,400,35,29,10,"red","2301"
"66e9cc5fb04f5ba6d8b5a3f1",98,400,31,25,20,"red","1709"
"66e9cc5fb04f5ba6d8b5a3f1",99,500,16,16,10,"red","1694"
"66e9cc5fb04f5ba6d8b5a3f1",100,400,25,16,2,"red","3637"
"66e9cc5fb04f5ba6d8b5a3f1",101,500,24,19,10,"red","1628"
"66e9cc5fb04f5ba6d8b5a3f1",102,400,25,19,2,"red","1719"
"66e9cc5fb04f5ba6d8b5a3f1",103,400,27,23,10,"red","1663"
"66e9cc5fb04f5ba6d8b5a3f1",104,400,21,17,20,"red","1612"
"66e9cc5fb04f5ba6d8b5a3f1",105,400,20,18,2,"red","1942"
"66e9cc5fb04f5ba6d8b5a3f1",106,400,23,19,10,"red","1582"
"66e9cc5fb04f5ba6d8b5a3f1",107,400,30,24,20,"red","1581"
"66e9cc5fb04f5ba6d8b5a3f1",108,500,28,28,20,"red","3805"
"66e9cc5fb04f5ba6d8b5a3f1",109,600,30,23,2,"red","1835"
"66e9cc5fb04f5ba6d8b5a3f1",110,500,17,17,20,"red","1612"
"66e9cc5fb04f5ba6d8b5a3f1",111,500,18,16,2,"red","1661"
"66e9cc5fb04f5ba6d8b5a3f1",112,600,20,20,10,"red","2160"
"66e9cc5fb04f5ba6d8b5a3f1",113,500,24,19,20,"red","1773"
"66e9cc5fb04f5ba6d8b5a3f1",114,400,22,20,20,"red","1952"
"66e9cc5fb04f5ba6d8b5a3f1",115,400,22,21,10,"red","4454"
"66e9cc5fb04f5ba6d8b5a3f1",116,500,29,23,10,"red","2860"
"676f2ff678d74407b518207d",21,600,34,15,2,"blue","3464"
"676f2ff678d74407b518207d",22,600,35,29,10,"blue","3847"
"676f2ff678d74407b518207d",23,400,20,19,2,"blue","1926"
"676f2ff678d74407b518207d",24,500,21,20,10,"blue","1555"
"676f2ff678d74407b518207d",25,500,19,17,2,"blue","1567"
"676f2ff678d74407b518207d",26,600,20,15,2,"blue","1459"
"676f2ff678d74407b518207d",27,500,22,23,10,"blue","1265"
"676f2ff678d74407b518207d",28,400,33,34,10,"blue","1202"
"676f2ff678d74407b518207d",29,600,14,20,20,"blue","1413"
"676f2ff678d74407b518207d",30,600,19,13,2,"blue","2288"
"676f2ff678d74407b518207d",31,400,22,22,2,"blue","1870"
"676f2ff678d74407b518207d",32,600,35,39,20,"blue","1094"
"676f2ff678d74407b518207d",33,400,15,17,2,"blue","1786"
"676f2ff678d74407b518207d",34,600,27,27,10,"blue","1375"
"676f2ff678d74407b518207d",35,400,32,24,20,"blue","1495"
"676f2ff678d74407b518207d",36,500,34,30,2,"blue","1036"
"676f2ff678d74407b518207d",37,400,17,22,20,"blue","1219"
"676f2ff678d74407b518207d",38,600,26,25,2,"blue","1450"
"676f2ff678d74407b518207d",39,600,18,24,10,"blue","1275"
"676f2ff678d74407b518207d",40,500,32,22,2,"blue","1411"
"676f2ff678d74407b518207d",41,500,34,35,20,"blue","2227"
"676f2ff678d74407b518207d",42,500,21,24,10,"blue","1567"
"676f2ff678d74407b518207d",43,600,36,29,2,"blue","1515"
"676f2ff678d74407b518207d",44,600,20,29,10,"blue","1370"
"676f2ff678d74407b518207d",45,600,34,30,20,"blue","1250"
"676f2ff678d74407b518207d",46,500,25,27,20,"blue","1559"
"676f2ff678d74407b518207d",47,600,31,29,20,"blue","2052"
"676f2ff678d74407b518207d",48,500,16,27,10,"blue","1673"
"676f2ff678d74407b518207d",49,400,29,31,10,"blue","1849"
"676f2ff678d74407b518207d",50,500,30,30,10,"blue","1505"
"676f2ff678d74407b518207d",51,500,26,31,20,"blue","1439"
"676f2ff678d74407b518207d",52,500,27,31,20,"blue","1535"
"676f2ff678d74407b518207d",53,500,27,32,10,"blue","2088"
"676f2ff678d74407b518207d",54,500,15,28,10,"blue","1544"
"676f2ff678d74407b518207d",55,500,20,24,20,"blue","1374"
"676f2ff678d74407b518207d",56,500,23,21,20,"blue","1475"
"676f2ff678d74407b518207d",57,500,32,25,2,"blue","1666"
"676f2ff678d74407b518207d",58,400,23,23,2,"blue","1523"
"676f2ff678d74407b518207d",59,400,31,24,2,"blue","1620"
"676f2ff678d74407b518207d",60,600,32,28,20,"blue","1405"
"676f2ff678d74407b518207d",61,400,22,21,2,"blue","2007"
"676f2ff678d74407b518207d",62,400,16,14,2,"blue","2077"
"676f2ff678d74407b518207d",63,600,28,25,10,"blue","1356"
"676f2ff678d74407b518207d",64,500,21,21,20,"blue","1326"
"676f2ff678d74407b518207d",65,600,35,24,20,"blue","1952"
"676f2ff678d74407b518207d",66,600,15,18,10,"blue","1019"
"676f2ff678d74407b518207d",67,600,30,24,20,"blue","1089"
"676f2ff678d74407b518207d",68,400,27,30,10,"blue","1251"
"676f2ff678d74407b518207d",69,500,15,13,2,"red","1365"
"676f2ff678d74407b518207d",70,400,34,26,10,"red","1541"
"676f2ff678d74407b518207d",71,500,29,28,20,"red","1442"
"676f2ff678d74407b518207d",72,400,17,17,2,"red","1924"
"676f2ff678d74407b518207d",73,400,30,25,20,"red","1527"
"676f2ff678d74407b518207d",74,400,36,32,10,"red","2110"
"676f2ff678d74407b518207d",75,600,21,25,10,"red","1385"
"676f2ff678d74407b518207d",76,600,36,31,10,"red","2529"
"676f2ff678d74407b518207d",77,600,26,26,10,"red","1073"
"676f2ff678d74407b518207d",78,500,16,19,20,"red","1513"
"676f2ff678d74407b518207d",79,400,19,18,20,"red","1579"
"676f2ff678d74407b518207d",80,600,34,25,2,"red","1897"
"676f2ff678d74407b518207d",81,500,32,25,2,"red","1747"
"676f2ff678d74407b518207d",82,600,15,23,20,"red","2159"
"676f2ff678d74407b518207d",83,400,23,20,20,"red","1202"
"676f2ff678d74407b518207d",84,600,31,25,2,"red","1041"
"676f2ff678d74407b518207d",85,600,24,25,2,"red","1740"
"676f2ff678d74407b518207d",86,400,22,23,10,"red","1695"
"676f2ff678d74407b518207d",87,600,27,22,2,"red","1235"
"676f2ff678d74407b518207d",88,600,28,26,10,"red","1537"
"676f2ff678d74407b518207d",89,500,31,29,10,"red","1305"
"676f2ff678d74407b518207d",90,600,14,15,20,"red","1802"
"676f2ff678d74407b518207d",91,600,29,25,10,"red","1087"
"676f2ff678d74407b518207d",92,500,25,18,20,"red","1671"
"676f2ff678d74407b518207d",93,400,25,21,10,"red","1165"
"676f2ff678d74407b518207d",94,500,17,18,10,"red","1464"
"676f2ff678d74407b518207d",95,600,22,20,20,"red","1483"
"676f2ff678d74407b518207d",96,400,20,17,2,"red","1354"
"676f2ff678d74407b518207d",97,500,18,13,20,"red","1412"
"676f2ff678d74407b518207d",98,600,35,21,2,"red","1456"
"676f2ff678d74407b518207d",99,600,26,21,2,"red","1138"
"676f2ff678d74407b518207d",100,400,24,19,2,"red","1002"
"676f2ff678d74407b518207d",101,500,16,13,20,"red","1065"
"676f2ff678d74407b518207d",102,500,15,16,2,"red","856"
"676f2ff678d74407b518207d",103,400,23,18,2,"red","1450"
"676f2ff678d74407b518207d",104,600,25,23,20,"red","1296"
"676f2ff678d74407b518207d",105,400,31,25,2,"red","1334"
"676f2ff678d74407b518207d",106,600,21,20,10,"red","1099"
"676f2ff678d74407b518207d",107,600,36,37,10,"red","1107"
"676f2ff678d74407b518207d",108,400,17,18,10,"red","1146"
"676f2ff678d74407b518207d",109,500,33,27,20,"red","1220"
"676f2ff678d74407b518207d",110,600,24,17,2,"red","889"
"676f2ff678d74407b518207d",111,500,19,16,20,"red","1351"
"676f2ff678d74407b518207d",112,600,28,23,10,"red","916"
"676f2ff678d74407b518207d",113,400,25,17,2,"red","1017"
"676f2ff678d74407b518207d",114,400,22,19,10,"red","961"
"676f2ff678d74407b518207d",115,600,26,22,20,"red","1255"
"676f2ff678d74407b518207d",116,400,17,17,20,"red","1080"
"67ca05b811f9ce2ffe685f2f",21,600,25,0,10,"blue","3636"
"67ca05b811f9ce2ffe685f2f",22,500,14,0,10,"blue","1077"
"67ca05b811f9ce2ffe685f2f",23,400,14,0,20,"blue","911"
"67ca05b811f9ce2ffe685f2f",24,500,17,0,20,"blue","910"
"67ca05b811f9ce2ffe685f2f",25,500,23,0,10,"blue","327"
"67ca05b811f9ce2ffe685f2f",26,400,27,0,2,"blue","1277"
"67ca05b811f9ce2ffe685f2f",27,600,14,0,20,"blue","894"
"67ca05b811f9ce2ffe685f2f",28,600,18,0,10,"blue","1044"
"67ca05b811f9ce2ffe685f2f",29,500,35,0,10,"blue","976"
"67ca05b811f9ce2ffe685f2f",30,500,20,0,20,"blue","394"
"67ca05b811f9ce2ffe685f2f",31,500,15,0,20,"blue","860"
"67ca05b811f9ce2ffe685f2f",32,400,17,0,2,"blue","977"
"67ca05b811f9ce2ffe685f2f",33,600,24,0,10,"blue","443"
"67ca05b811f9ce2ffe685f2f",34,600,17,0,2,"blue","929"
"67ca05b811f9ce2ffe685f2f",35,600,32,0,2,"blue","976"
"67ca05b811f9ce2ffe685f2f",36,400,15,0,10,"blue","811"
"67ca05b811f9ce2ffe685f2f",37,600,20,0,2,"blue","793"
"67ca05b811f9ce2ffe685f2f",38,500,34,0,20,"blue","895"
"67ca05b811f9ce2ffe685f2f",39,600,15,0,20,"blue","910"
"67ca05b811f9ce2ffe685f2f",40,600,29,0,10,"blue","878"
"67ca05b811f9ce2ffe685f2f",41,600,21,0,2,"blue","861"
"67ca05b811f9ce2ffe685f2f",42,400,36,0,10,"blue","877"
"67ca05b811f9ce2ffe685f2f",43,500,32,0,20,"blue","894"
"67ca05b811f9ce2ffe685f2f",44,500,18,0,20,"blue","910"
"67ca05b811f9ce2ffe685f2f",45,600,31,0,10,"blue","295"
"67ca05b811f9ce2ffe685f2f",46,600,20,0,20,"blue","1043"
"67ca05b811f9ce2ffe685f2f",47,400,23,0,2,"blue","894"
"67ca05b811f9ce2ffe685f2f",48,400,23,0,2,"blue","860"
"67ca05b811f9ce2ffe685f2f",49,600,21,0,10,"blue","810"
"67ca05b811f9ce2ffe685f2f",50,500,25,0,2,"blue","1043"
"67ca05b811f9ce2ffe685f2f",51,400,21,0,2,"blue","943"
"67ca05b811f9ce2ffe685f2f",52,400,33,0,10,"blue","859"
"67ca05b811f9ce2ffe685f2f",53,500,32,0,20,"blue","893"
"67ca05b811f9ce2ffe685f2f",54,500,21,0,20,"blue","926"
"67ca05b811f9ce2ffe685f2f",55,600,24,0,10,"blue","1042"
"67ca05b811f9ce2ffe685f2f",56,400,34,0,2,"blue","760"
"67ca05b811f9ce2ffe685f2f",57,500,16,0,20,"blue","776"
"67ca05b811f9ce2ffe685f2f",58,600,15,0,2,"blue","778"
"67ca05b811f9ce2ffe685f2f",59,400,22,0,20,"blue","326"
"67ca05b811f9ce2ffe685f2f",60,400,34,0,10,"blue","777"
"67ca05b811f9ce2ffe685f2f",61,400,35,0,2,"blue","760"
"67ca05b811f9ce2ffe685f2f",62,400,36,0,2,"blue","793"
"67ca05b811f9ce2ffe685f2f",63,400,36,0,20,"blue","809"
"67ca05b811f9ce2ffe685f2f",64,600,36,0,2,"blue","810"
"67ca05b811f9ce2ffe685f2f",65,600,14,0,10,"blue","861"
"67ca05b811f9ce2ffe685f2f",66,400,32,0,20,"blue","910"
"67ca05b811f9ce2ffe685f2f",67,600,17,0,2,"blue","843"
"67ca05b811f9ce2ffe685f2f",68,600,16,0,10,"blue","877"
"67ca05b811f9ce2ffe685f2f",69,600,28,0,2,"red","3534"
"67ca05b811f9ce2ffe685f2f",70,500,15,0,2,"red","894"
"67ca05b811f9ce2ffe685f2f",71,400,19,0,10,"red","926"
"67ca05b811f9ce2ffe685f2f",72,400,14,0,10,"red","1311"
"67ca05b811f9ce2ffe685f2f",73,500,25,0,20,"red","993"
"67ca05b811f9ce2ffe685f2f",74,500,22,0,10,"red","793"
"67ca05b811f9ce2ffe685f2f",75,400,18,0,2,"red","810"
"67ca05b811f9ce2ffe685f2f",76,500,34,0,10,"red","894"
"67ca05b811f9ce2ffe685f2f",77,400,21,0,20,"red","776"
"67ca05b811f9ce2ffe685f2f",78,400,30,0,10,"red","760"
"67ca05b811f9ce2ffe685f2f",79,500,23,0,10,"red","743"
"67ca05b811f9ce2ffe685f2f",80,400,34,0,2,"red","778"
"67ca05b811f9ce2ffe685f2f",81,600,20,0,20,"red","310"
"67ca05b811f9ce2ffe685f2f",82,600,26,0,2,"red","776"
"67ca05b811f9ce2ffe685f2f",83,400,14,0,2,"red","794"
"67ca05b811f9ce2ffe685f2f",84,500,36,0,20,"red","794"
"67ca05b811f9ce2ffe685f2f",85,600,29,0,2,"red","859"
"67ca05b811f9ce2ffe685f2f",86,400,32,0,20,"red","860"
"67ca05b811f9ce2ffe685f2f",87,600,28,0,2,"red","811"
"67ca05b811f9ce2ffe685f2f",88,600,36,0,10,"red","844"
"67ca05b811f9ce2ffe685f2f",89,600,21,0,2,"red","777"
"67ca05b811f9ce2ffe685f2f",90,500,29,0,20,"red","810"
"67ca05b811f9ce2ffe685f2f",91,600,28,0,10,"red","843"
"67ca05b811f9ce2ffe685f2f",92,400,30,0,20,"red","310"
"67ca05b811f9ce2ffe685f2f",93,600,33,0,2,"red","744"
"67ca05b811f9ce2ffe685f2f",94,500,31,0,20,"red","1011"
"67ca05b811f9ce2ffe685f2f",95,600,23,0,2,"red","810"
"67ca05b811f9ce2ffe685f2f",96,600,30,0,10,"red","777"
"67ca05b811f9ce2ffe685f2f",97,600,26,0,10,"red","828"
"67ca05b811f9ce2ffe685f2f",98,500,31,0,10,"red","743"
"67ca05b811f9ce2ffe685f2f",99,600,20,0,2,"red","742"
"67ca05b811f9ce2ffe685f2f",100,600,18,0,10,"red","812"
"67ca05b811f9ce2ffe685f2f",101,500,25,0,10,"red","776"
"67ca05b811f9ce2ffe685f2f",102,400,28,0,20,"red","759"
"67ca05b811f9ce2ffe685f2f",103,500,22,0,20,"red","743"
"67ca05b811f9ce2ffe685f2f",104,600,35,0,20,"red","708"
"67ca05b811f9ce2ffe685f2f",105,400,14,0,20,"red","728"
"67ca05b811f9ce2ffe685f2f",106,400,21,0,2,"red","710"
"67ca05b811f9ce2ffe685f2f",107,400,32,0,20,"red","677"
"67ca05b811f9ce2ffe685f2f",108,400,17,0,2,"red","744"
"67ca05b811f9ce2ffe685f2f",109,400,24,0,20,"red","726"
"67ca05b811f9ce2ffe685f2f",110,500,25,0,2,"red","1460"
"67ca05b811f9ce2ffe685f2f",111,500,34,0,20,"red","326"
"67ca05b811f9ce2ffe685f2f",112,400,29,0,2,"red","777"
"67ca05b811f9ce2ffe685f2f",113,500,18,0,10,"red","860"
"67ca05b811f9ce2ffe685f2f",114,600,31,0,10,"red","809"
"67ca05b811f9ce2ffe685f2f",115,600,21,0,10,"red","875"
"67ca05b811f9ce2ffe685f2f",116,600,16,0,20,"red","1045"
"6941735b3d4f8229158290ea",21,400,32,30,20,"blue","3372"
"6941735b3d4f8229158290ea",22,500,14,14,10,"blue","3764"
"6941735b3d4f8229158290ea",23,600,21,16,20,"blue","4983"
"6941735b3d4f8229158290ea",24,600,36,33,2,"blue","2546"
"6941735b3d4f8229158290ea",25,500,21,15,20,"blue","4008"
"6941735b3d4f8229158290ea",26,500,35,30,20,"blue","2723"
"6941735b3d4f8229158290ea",27,600,19,15,20,"blue","3866"
"6941735b3d4f8229158290ea",28,600,35,30,20,"blue","2927"
"6941735b3d4f8229158290ea",29,400,36,25,10,"blue","3194"
"6941735b3d4f8229158290ea",30,400,30,25,2,"blue","2144"
"6941735b3d4f8229158290ea",31,500,27,25,20,"blue","2693"
"6941735b3d4f8229158290ea",32,400,26,21,2,"blue","2360"
"6941735b3d4f8229158290ea",33,500,21,20,10,"blue","2044"
"6941735b3d4f8229158290ea",34,600,16,12,2,"blue","3214"
"6941735b3d4f8229158290ea",35,400,25,17,2,"blue","3759"
"6941735b3d4f8229158290ea",36,400,14,14,10,"blue","1932"
"6941735b3d4f8229158290ea",37,400,27,20,20,"blue","2334"
"6941735b3d4f8229158290ea",38,500,29,23,2,"blue","2386"
"6941735b3d4f8229158290ea",39,500,28,32,10,"blue","2024"
"6941735b3d4f8229158290ea",40,400,15,15,2,"blue","2263"
"6941735b3d4f8229158290ea",41,600,36,33,2,"blue","11524"
"6941735b3d4f8229158290ea",42,600,27,25,10,"blue","3374"
"6941735b3d4f8229158290ea",43,600,28,23,10,"blue","2982"
"6941735b3d4f8229158290ea",44,500,30,29,10,"blue","2476"
"6941735b3d4f8229158290ea",45,600,30,23,10,"blue","2762"
"6941735b3d4f8229158290ea",46,600,23,16,20,"blue","3416"
"6941735b3d4f8229158290ea",47,500,19,18,10,"blue","1740"
"6941735b3d4f8229158290ea",48,600,30,33,2,"blue","2777"
"6941735b3d4f8229158290ea",49,600,35,33,2,"blue","3260"
"6941735b3d4f8229158290ea",50,500,35,30,10,"blue","2826"
"6941735b3d4f8229158290ea",51,500,33,29,2,"blue","2011"
"6941735b3d4f8229158290ea",52,500,27,21,20,"blue","1928"
"6941735b3d4f8229158290ea",53,500,16,16,20,"blue","2667"
"6941735b3d4f8229158290ea",54,400,26,17,10,"blue","2337"
"6941735b3d4f8229158290ea",55,500,27,22,2,"blue","2060"
"6941735b3d4f8229158290ea",56,400,21,16,20,"blue","3505"
"6941735b3d4f8229158290ea",57,500,28,21,20,"blue","4573"
"6941735b3d4f8229158290ea",58,600,31,24,10,"blue","2429"
"6941735b3d4f8229158290ea",59,600,20,16,10,"blue","1844"
"6941735b3d4f8229158290ea",60,500,17,12,2,"blue","2768"
"6941735b3d4f8229158290ea",61,500,32,28,10,"blue","3090"
"6941735b3d4f8229158290ea",62,600,19,15,2,"blue","2023"
"6941735b3d4f8229158290ea",63,400,25,15,20,"blue","2648"
"6941735b3d4f8229158290ea",64,400,36,29,2,"blue","1848"
"6941735b3d4f8229158290ea",65,500,30,23,20,"blue","3230"
"6941735b3d4f8229158290ea",66,600,34,28,2,"blue","3168"
"6941735b3d4f8229158290ea",67,500,28,27,10,"blue","2202"
"6941735b3d4f8229158290ea",68,400,17,16,20,"blue","2865"
"6941735b3d4f8229158290ea",69,600,14,12,2,"red","2822"
"6941735b3d4f8229158290ea",70,500,14,10,10,"red","2636"
"6941735b3d4f8229158290ea",71,500,15,11,2,"red","2004"
"6941735b3d4f8229158290ea",72,600,36,36,10,"red","3241"
"6941735b3d4f8229158290ea",73,500,23,18,2,"red","1755"
"6941735b3d4f8229158290ea",74,400,19,21,2,"red","1586"
"6941735b3d4f8229158290ea",75,400,31,33,2,"red","1691"
"6941735b3d4f8229158290ea",76,500,34,31,2,"red","1840"
"6941735b3d4f8229158290ea",77,400,20,17,2,"red","2221"
"6941735b3d4f8229158290ea",78,500,36,39,20,"red","3038"
"6941735b3d4f8229158290ea",79,400,22,27,10,"red","2712"
"6941735b3d4f8229158290ea",80,400,27,28,10,"red","2112"
"6941735b3d4f8229158290ea",81,600,17,15,2,"red","1630"
"6941735b3d4f8229158290ea",82,400,24,17,20,"red","2640"
"6941735b3d4f8229158290ea",83,600,36,37,20,"red","3383"
"6941735b3d4f8229158290ea",84,500,28,37,20,"red","2774"
"6941735b3d4f8229158290ea",85,400,27,22,2,"red","2705"
"6941735b3d4f8229158290ea",86,400,27,24,20,"red","2621"
"6941735b3d4f8229158290ea",87,600,22,22,10,"red","1902"
"6941735b3d4f8229158290ea",88,400,20,17,20,"red","2201"
"6941735b3d4f8229158290ea",89,500,22,17,2,"red","3068"
"6941735b3d4f8229158290ea",90,400,16,20,10,"red","2456"
"6941735b3d4f8229158290ea",91,600,17,16,2,"red","3348"
"6941735b3d4f8229158290ea",92,400,23,18,2,"red","2491"
"6941735b3d4f8229158290ea",93,400,21,23,10,"red","2856"
"6941735b3d4f8229158290ea",94,500,22,19,2,"red","2063"
"6941735b3d4f8229158290ea",95,400,14,15,10,"red","1787"
"6941735b3d4f8229158290ea",96,500,26,27,20,"red","1656"
"6941735b3d4f8229158290ea",97,400,26,24,10,"red","2147"
"6941735b3d4f8229158290ea",98,600,28,30,10,"red","2342"
"6941735b3d4f8229158290ea",99,400,28,33,10,"red","2428"
"6941735b3d4f8229158290ea",100,500,25,28,20,"red","2582"
"6941735b3d4f8229158290ea",101,400,18,14,20,"red","2613"
"6941735b3d4f8229158290ea",102,600,35,26,2,"red","1866"
"6941735b3d4f8229158290ea",103,400,17,16,2,"red","2329"
"6941735b3d4f8229158290ea",104,600,21,21,10,"red","2129"
"6941735b3d4f8229158290ea",105,500,19,20,20,"red","1949"
"6941735b3d4f8229158290ea",106,500,21,20,10,"red","2377"
"6941735b3d4f8229158290ea",107,600,18,18,10,"red","2282"
"6941735b3d4f8229158290ea",108,400,26,27,2,"red","2822"
"6941735b3d4f8229158290ea",109,500,28,26,20,"red","1990"
"6941735b3d4f8229158290ea",110,600,31,36,20,"red","1848"
"6941735b3d4f8229158290ea",111,500,23,17,10,"red","2503"
"6941735b3d4f8229158290ea",112,500,27,32,20,"red","1781"
"6941735b3d4f8229158290ea",113,600,16,16,10,"red","2102"
"6941735b3d4f8229158290ea",114,400,35,39,20,"red","1790"
"6941735b3d4f8229158290ea",115,400,18,12,20,"red","2190"
"6941735b3d4f8229158290ea",116,600,31,35,20,"red","1624"
"694179d88301c400c4bbdb4d",21,500,22,23,20,"red","3710"
"694179d88301c400c4bbdb4d",22,500,25,24,2,"red","3712"
"694179d88301c400c4bbdb4d",23,500,33,30,2,"red","2363"
"694179d88301c400c4bbdb4d",24,500,20,16,2,"red","1762"
"694179d88301c400c4bbdb4d",25,600,19,19,20,"red","2844"
"694179d88301c400c4bbdb4d",26,400,19,13,10,"red","1579"
"694179d88301c400c4bbdb4d",27,600,24,23,2,"red","3077"
"694179d88301c400c4bbdb4d",28,600,31,31,2,"red","3577"
"694179d88301c400c4bbdb4d",29,600,22,22,2,"red","3911"
"694179d88301c400c4bbdb4d",30,600,18,19,2,"red","1860"
"694179d88301c400c4bbdb4d",31,500,31,35,2,"red","1628"
"694179d88301c400c4bbdb4d",32,500,19,23,10,"red","2030"
"694179d88301c400c4bbdb4d",33,500,19,21,10,"red","2411"
"694179d88301c400c4bbdb4d",34,600,34,36,10,"red","1745"
"694179d88301c400c4bbdb4d",35,500,25,20,2,"red","1862"
"694179d88301c400c4bbdb4d",36,600,29,30,20,"red","3180"
"694179d88301c400c4bbdb4d",37,600,28,26,20,"red","2444"
"694179d88301c400c4bbdb4d",38,400,19,22,20,"red","2111"
"694179d88301c400c4bbdb4d",39,500,22,25,10,"red","1977"
"694179d88301c400c4bbdb4d",40,600,23,31,10,"red","2046"
"694179d88301c400c4bbdb4d",41,400,17,13,10,"red","1444"
"694179d88301c400c4bbdb4d",42,500,36,34,20,"red","1645"
"694179d88301c400c4bbdb4d",43,600,14,10,20,"red","1479"
"694179d88301c400c4bbdb4d",44,400,28,29,10,"red","2695"
"694179d88301c400c4bbdb4d",45,500,26,23,2,"red","2995"
"694179d88301c400c4bbdb4d",46,400,20,20,10,"red","2327"
"694179d88301c400c4bbdb4d",47,500,16,17,2,"red","2012"
"694179d88301c400c4bbdb4d",48,500,29,30,2,"red","1579"
"694179d88301c400c4bbdb4d",49,500,32,33,20,"red","2496"
"694179d88301c400c4bbdb4d",50,500,20,22,10,"red","1379"
"694179d88301c400c4bbdb4d",51,500,15,17,10,"red","1779"
"694179d88301c400c4bbdb4d",52,500,27,29,10,"red","1695"
"694179d88301c400c4bbdb4d",53,600,32,32,20,"red","2993"
"694179d88301c400c4bbdb4d",54,500,23,28,10,"red","2079"
"694179d88301c400c4bbdb4d",55,600,17,15,20,"red","2044"
"694179d88301c400c4bbdb4d",56,400,33,31,20,"red","2160"
"694179d88301c400c4bbdb4d",57,500,14,5,20,"red","1930"
"694179d88301c400c4bbdb4d",58,600,15,12,2,"red","1562"
"694179d88301c400c4bbdb4d",59,500,20,19,2,"red","1978"
"694179d88301c400c4bbdb4d",60,600,27,23,2,"red","1946"
"694179d88301c400c4bbdb4d",61,600,20,15,20,"red","2327"
"694179d88301c400c4bbdb4d",62,400,31,29,20,"red","1913"
"694179d88301c400c4bbdb4d",63,400,23,27,10,"red","1494"
"694179d88301c400c4bbdb4d",64,600,28,32,10,"red","1677"
"694179d88301c400c4bbdb4d",65,600,24,33,20,"red","1445"
"694179d88301c400c4bbdb4d",66,500,22,8,2,"red","1328"
"694179d88301c400c4bbdb4d",67,400,33,41,10,"red","1710"
"694179d88301c400c4bbdb4d",68,500,16,8,20,"red","1479"
"694179d88301c400c4bbdb4d",69,400,29,9,20,"blue","6510"
"694179d88301c400c4bbdb4d",70,400,18,19,10,"blue","2262"
"694179d88301c400c4bbdb4d",71,400,14,13,10,"blue","1910"
"694179d88301c400c4bbdb4d",72,400,18,12,2,"blue","1895"
"694179d88301c400c4bbdb4d",73,600,27,22,2,"blue","1879"
"694179d88301c400c4bbdb4d",74,400,14,9,2,"blue","1661"
"694179d88301c400c4bbdb4d",75,400,36,35,10,"blue","2328"
"694179d88301c400c4bbdb4d",76,600,27,32,20,"blue","2560"
"694179d88301c400c4bbdb4d",77,600,22,19,10,"blue","1896"
"694179d88301c400c4bbdb4d",78,400,17,24,10,"blue","1829"
"694179d88301c400c4bbdb4d",79,600,18,15,20,"blue","1463"
"694179d88301c400c4bbdb4d",80,400,14,11,10,"blue","3061"
"694179d88301c400c4bbdb4d",81,400,17,11,20,"blue","2244"
"694179d88301c400c4bbdb4d",82,600,23,22,2,"blue","1762"
"694179d88301c400c4bbdb4d",83,400,17,15,20,"blue","1745"
"694179d88301c400c4bbdb4d",84,600,33,30,10,"blue","1813"
"694179d88301c400c4bbdb4d",85,500,26,32,20,"blue","1480"
"694179d88301c400c4bbdb4d",86,400,26,27,20,"blue","3561"
"694179d88301c400c4bbdb4d",87,400,24,19,2,"blue","1847"
"694179d88301c400c4bbdb4d",88,400,24,26,20,"blue","1911"
"694179d88301c400c4bbdb4d",89,500,15,9,2,"blue","1513"
"694179d88301c400c4bbdb4d",90,400,20,12,20,"blue","1460"
"694179d88301c400c4bbdb4d",91,400,32,34,10,"blue","1477"
"694179d88301c400c4bbdb4d",92,600,15,21,10,"blue","2328"
"694179d88301c400c4bbdb4d",93,400,32,37,10,"blue","1944"
"694179d88301c400c4bbdb4d",94,500,24,15,2,"blue","3079"
"694179d88301c400c4bbdb4d",95,400,32,29,2,"blue","2147"
"694179d88301c400c4bbdb4d",96,600,24,24,20,"blue","1928"
"694179d88301c400c4bbdb4d",97,600,28,28,2,"blue","1946"
"694179d88301c400c4bbdb4d",98,500,17,12,2,"blue","1628"
"694179d88301c400c4bbdb4d",99,400,27,33,10,"blue","1728"
"694179d88301c400c4bbdb4d",100,600,31,37,10,"blue","2811"
"694179d88301c400c4bbdb4d",101,400,24,21,20,"blue","2113"
"694179d88301c400c4bbdb4d",102,600,21,12,10,"blue","1545"
"694179d88301c400c4bbdb4d",103,600,19,13,2,"blue","2011"
"694179d88301c400c4bbdb4d",104,600,27,30,10,"blue","1779"
"694179d88301c400c4bbdb4d",105,500,26,24,2,"blue","2161"
"694179d88301c400c4bbdb4d",106,600,29,30,20,"blue","2346"
"694179d88301c400c4bbdb4d",107,600,34,39,2,"blue","2596"
"694179d88301c400c4bbdb4d",108,600,32,42,20,"blue","1529"
"694179d88301c400c4bbdb4d",109,500,35,37,10,"blue","2895"
"694179d88301c400c4bbdb4d",110,400,30,31,2,"blue","1978"
"694179d88301c400c4bbdb4d",111,600,19,17,10,"blue","2079"
"694179d88301c400c4bbdb4d",112,400,30,24,20,"blue","2011"
"694179d88301c400c4bbdb4d",113,600,29,21,2,"blue","1427"
"694179d88301c400c4bbdb4d",114,600,26,20,2,"blue","1979"
"694179d88301c400c4bbdb4d",115,500,24,14,20,"blue","1912"
"694179d88301c400c4bbdb4d",116,400,35,34,20,"blue","2328"
"6942e378d0c8a15ff6b1f81e",21,500,25,19,2,"red","4381"
"6942e378d0c8a15ff6b1f81e",22,400,21,20,20,"red","2842"
"6942e378d0c8a15ff6b1f81e",23,400,32,29,2,"red","2989"
"6942e378d0c8a15ff6b1f81e",24,400,25,19,2,"red","2909"
"6942e378d0c8a15ff6b1f81e",25,500,18,20,10,"red","2484"
"6942e378d0c8a15ff6b1f81e",26,400,19,23,2,"red","2458"
"6942e378d0c8a15ff6b1f81e",27,600,23,22,2,"red","2236"
"6942e378d0c8a15ff6b1f81e",28,600,19,21,20,"red","2394"
"6942e378d0c8a15ff6b1f81e",29,600,15,13,20,"red","2460"
"6942e378d0c8a15ff6b1f81e",30,500,20,17,10,"red","2382"
"6942e378d0c8a15ff6b1f81e",31,600,22,20,20,"red","2910"
"6942e378d0c8a15ff6b1f81e",32,500,20,9,20,"red","2517"
"6942e378d0c8a15ff6b1f81e",33,400,17,9,2,"red","2223"
"6942e378d0c8a15ff6b1f81e",34,500,35,31,20,"red","3305"
"6942e378d0c8a15ff6b1f81e",35,500,15,17,2,"red","2584"
"6942e378d0c8a15ff6b1f81e",36,400,19,15,2,"red","2178"
"6942e378d0c8a15ff6b1f81e",37,400,26,27,10,"red","2480"
"6942e378d0c8a15ff6b1f81e",38,600,23,25,2,"red","2483"
"6942e378d0c8a15ff6b1f81e",39,500,15,13,10,"red","2347"
"6942e378d0c8a15ff6b1f81e",40,400,36,21,2,"red","2188"
"6942e378d0c8a15ff6b1f81e",41,400,19,21,20,"red","2941"
"6942e378d0c8a15ff6b1f81e",42,500,29,28,20,"red","1976"
"6942e378d0c8a15ff6b1f81e",43,400,33,31,2,"red","3514"
"6942e378d0c8a15ff6b1f81e",44,500,16,22,20,"red","2494"
"6942e378d0c8a15ff6b1f81e",45,500,20,13,20,"red","2134"
"6942e378d0c8a15ff6b1f81e",46,400,15,7,20,"red","1695"
"6942e378d0c8a15ff6b1f81e",47,600,35,31,10,"red","3216"
"6942e378d0c8a15ff6b1f81e",48,500,20,19,10,"red","2516"
"6942e378d0c8a15ff6b1f81e",49,600,14,10,2,"red","2630"
"6942e378d0c8a15ff6b1f81e",50,600,19,15,10,"red","2013"
"6942e378d0c8a15ff6b1f81e",51,600,31,31,10,"red","2572"
"6942e378d0c8a15ff6b1f81e",52,400,34,36,10,"red","2639"
"6942e378d0c8a15ff6b1f81e",53,600,23,18,20,"red","3348"
"6942e378d0c8a15ff6b1f81e",54,500,19,15,10,"red","2392"
"6942e378d0c8a15ff6b1f81e",55,400,17,11,2,"red","2188"
"6942e378d0c8a15ff6b1f81e",56,500,16,9,20,"red","2200"
"6942e378d0c8a15ff6b1f81e",57,500,15,7,20,"red","1853"
"6942e378d0c8a15ff6b1f81e",58,500,19,14,10,"red","2089"
"6942e378d0c8a15ff6b1f81e",59,600,23,15,2,"red","1955"
"6942e378d0c8a15ff6b1f81e",60,600,34,31,10,"red","1944"
"6942e378d0c8a15ff6b1f81e",61,400,18,25,20,"red","2424"
"6942e378d0c8a15ff6b1f81e",62,500,24,23,2,"red","2068"
"6942e378d0c8a15ff6b1f81e",63,500,28,24,20,"red","2032"
"6942e378d0c8a15ff6b1f81e",64,400,32,32,10,"red","2211"
"6942e378d0c8a15ff6b1f81e",65,500,20,25,10,"red","1956"
"6942e378d0c8a15ff6b1f81e",66,400,25,30,10,"red","2084"
"6942e378d0c8a15ff6b1f81e",67,400,34,33,10,"red","2356"
"6942e378d0c8a15ff6b1f81e",68,400,31,31,2,"red","2741"
"6942e378d0c8a15ff6b1f81e",69,500,18,16,20,"blue","2225"
"6942e378d0c8a15ff6b1f81e",70,500,18,12,2,"blue","1862"
"6942e378d0c8a15ff6b1f81e",71,600,33,23,20,"blue","2361"
"6942e378d0c8a15ff6b1f81e",72,500,24,20,20,"blue","1809"
"6942e378d0c8a15ff6b1f81e",73,400,34,26,20,"blue","2008"
"6942e378d0c8a15ff6b1f81e",74,600,34,29,10,"blue","2123"
"6942e378d0c8a15ff6b1f81e",75,600,20,14,2,"blue","3620"
"6942e378d0c8a15ff6b1f81e",76,500,15,10,20,"blue","2121"
"6942e378d0c8a15ff6b1f81e",77,500,24,14,2,"blue","1729"
"6942e378d0c8a15ff6b1f81e",78,500,36,28,20,"blue","1650"
"6942e378d0c8a15ff6b1f81e",79,500,14,13,10,"blue","2595"
"6942e378d0c8a15ff6b1f81e",80,500,15,13,2,"blue","2078"
"6942e378d0c8a15ff6b1f81e",81,400,18,13,10,"blue","2223"
"6942e378d0c8a15ff6b1f81e",82,600,22,14,20,"blue","2541"
"6942e378d0c8a15ff6b1f81e",83,400,28,17,20,"blue","1794"
"6942e378d0c8a15ff6b1f81e",84,400,27,14,2,"blue","2323"
"6942e378d0c8a15ff6b1f81e",85,600,24,18,2,"blue","2382"
"6942e378d0c8a15ff6b1f81e",86,600,17,19,10,"blue","1608"
"6942e378d0c8a15ff6b1f81e",87,400,17,17,10,"blue","1615"
"6942e378d0c8a15ff6b1f81e",88,600,17,12,2,"blue","1989"
"6942e378d0c8a15ff6b1f81e",89,400,14,13,10,"blue","1909"
"6942e378d0c8a15ff6b1f81e",90,400,30,23,20,"blue","1694"
"6942e378d0c8a15ff6b1f81e",91,400,21,17,2,"blue","2134"
"6942e378d0c8a15ff6b1f81e",92,600,36,30,10,"blue","2483"
"6942e378d0c8a15ff6b1f81e",93,400,23,31,20,"blue","2291"
"6942e378d0c8a15ff6b1f81e",94,400,18,18,2,"blue","2617"
"6942e378d0c8a15ff6b1f81e",95,600,18,15,2,"blue","1912"
"6942e378d0c8a15ff6b1f81e",96,600,32,26,10,"blue","1786"
"6942e378d0c8a15ff6b1f81e",97,600,23,25,20,"blue","1877"
"6942e378d0c8a15ff6b1f81e",98,600,22,25,10,"blue","1999"
"6942e378d0c8a15ff6b1f81e",99,400,14,17,10,"blue","2165"
"6942e378d0c8a15ff6b1f81e",100,500,32,31,10,"blue","1818"
"6942e378d0c8a15ff6b1f81e",101,500,19,17,20,"blue","2459"
"6942e378d0c8a15ff6b1f81e",102,600,32,30,10,"blue","2236"
"6942e378d0c8a15ff6b1f81e",103,500,14,10,2,"blue","2515"
"6942e378d0c8a15ff6b1f81e",104,400,33,32,10,"blue","1774"
"6942e378d0c8a15ff6b1f81e",105,500,19,16,2,"blue","2393"
"6942e378d0c8a15ff6b1f81e",106,400,34,26,20,"blue","1458"
"6942e378d0c8a15ff6b1f81e",107,600,30,30,10,"blue","1620"
"6942e378d0c8a15ff6b1f81e",108,600,15,15,2,"blue","2235"
"6942e378d0c8a15ff6b1f81e",109,500,14,10,2,"blue","1493"
"6942e378d0c8a15ff6b1f81e",110,600,32,27,20,"blue","1730"
"6942e378d0c8a15ff6b1f81e",111,600,20,16,10,"blue","2033"
"6942e378d0c8a15ff6b1f81e",112,600,36,26,2,"blue","1697"
"6942e378d0c8a15ff6b1f81e",113,400,15,23,10,"blue","3099"
"6942e378d0c8a15ff6b1f81e",114,600,25,21,2,"blue","2956"
"6942e378d0c8a15ff6b1f81e",115,600,28,22,20,"blue","2609"
"6942e378d0c8a15ff6b1f81e",116,600,25,14,20,"blue","2079"
"6945b7f9c69fe2317b25e4a2",21,600,31,39,20,"red","1785"
"6945b7f9c69fe2317b25e4a2",22,500,27,32,2,"red","1405"
"6945b7f9c69fe2317b25e4a2",23,400,25,28,2,"red","1218"
"6945b7f9c69fe2317b25e4a2",24,600,24,37,20,"red","1787"
"6945b7f9c69fe2317b25e4a2",25,500,32,39,10,"red","1644"
"6945b7f9c69fe2317b25e4a2",26,500,21,19,10,"red","1123"
"6945b7f9c69fe2317b25e4a2",27,500,35,39,10,"red","952"
"6945b7f9c69fe2317b25e4a2",28,400,14,9,10,"red","947"
"6945b7f9c69fe2317b25e4a2",29,600,17,14,2,"red","1655"
"6945b7f9c69fe2317b25e4a2",30,600,15,14,20,"red","1469"
"6945b7f9c69fe2317b25e4a2",31,600,29,4,20,"red","123737"
"6945b7f9c69fe2317b25e4a2",32,500,15,6,10,"red","1418"
"6945b7f9c69fe2317b25e4a2",33,500,33,34,20,"red","1216"
"6945b7f9c69fe2317b25e4a2",34,400,34,40,2,"red","1304"
"6945b7f9c69fe2317b25e4a2",35,500,24,32,2,"red","1426"
"6945b7f9c69fe2317b25e4a2",36,600,29,35,10,"red","1400"
"6945b7f9c69fe2317b25e4a2",37,400,31,38,2,"red","1337"
"6945b7f9c69fe2317b25e4a2",38,500,34,42,2,"red","1050"
"6945b7f9c69fe2317b25e4a2",39,400,27,41,2,"red","1383"
"6945b7f9c69fe2317b25e4a2",40,500,24,40,10,"red","1893"
"6945b7f9c69fe2317b25e4a2",41,600,25,33,20,"red","1100"
"6945b7f9c69fe2317b25e4a2",42,500,27,38,10,"red","1131"
"6945b7f9c69fe2317b25e4a2",43,400,16,15,20,"red","2071"
"6945b7f9c69fe2317b25e4a2",44,400,35,34,20,"red","1349"
"6945b7f9c69fe2317b25e4a2",45,500,36,38,20,"red","1260"
"6945b7f9c69fe2317b25e4a2",46,400,27,38,20,"red","1040"
"6945b7f9c69fe2317b25e4a2",47,500,14,13,10,"red","957"
"6945b7f9c69fe2317b25e4a2",48,400,33,20,2,"red","2327"
"6945b7f9c69fe2317b25e4a2",49,500,17,30,10,"red","884"
"6945b7f9c69fe2317b25e4a2",50,600,35,32,10,"red","1346"
"6945b7f9c69fe2317b25e4a2",51,600,36,33,20,"red","1895"
"6945b7f9c69fe2317b25e4a2",52,600,32,37,2,"red","1128"
"6945b7f9c69fe2317b25e4a2",53,600,25,33,10,"red","1225"
"6945b7f9c69fe2317b25e4a2",54,400,24,32,20,"red","1625"
"6945b7f9c69fe2317b25e4a2",55,400,21,31,10,"red","2263"
"6945b7f9c69fe2317b25e4a2",56,500,24,31,10,"red","3228"
"6945b7f9c69fe2317b25e4a2",57,500,30,38,20,"red","1497"
"6945b7f9c69fe2317b25e4a2",58,500,27,37,10,"red","941"
"6945b7f9c69fe2317b25e4a2",59,400,17,38,2,"red","969"
"6945b7f9c69fe2317b25e4a2",60,400,18,36,20,"red","990"
"6945b7f9c69fe2317b25e4a2",61,400,28,35,20,"red","1103"
"6945b7f9c69fe2317b25e4a2",62,500,17,33,2,"red","1637"
"6945b7f9c69fe2317b25e4a2",63,600,34,41,2,"red","1082"
"6945b7f9c69fe2317b25e4a2",64,500,24,28,2,"red","881"
"6945b7f9c69fe2317b25e4a2",65,400,14,22,2,"red","1631"
"6945b7f9c69fe2317b25e4a2",66,400,27,29,2,"red","1428"
"6945b7f9c69fe2317b25e4a2",67,500,26,36,10,"red","1378"
"6945b7f9c69fe2317b25e4a2",68,500,27,34,20,"red","1925"
"6945b7f9c69fe2317b25e4a2",69,600,28,11,2,"blue","4021"
"6945b7f9c69fe2317b25e4a2",70,400,26,29,2,"blue","1241"
"6945b7f9c69fe2317b25e4a2",71,400,35,38,20,"blue","1342"
"6945b7f9c69fe2317b25e4a2",72,600,17,35,10,"blue","991"
"6945b7f9c69fe2317b25e4a2",73,500,28,34,20,"blue","2555"
"6945b7f9c69fe2317b25e4a2",74,400,22,33,10,"blue","983"
"6945b7f9c69fe2317b25e4a2",75,400,20,25,2,"blue","751"
"6945b7f9c69fe2317b25e4a2",76,600,15,34,10,"blue","1383"
"6945b7f9c69fe2317b25e4a2",77,500,34,34,2,"blue","1130"
"6945b7f9c69fe2317b25e4a2",78,500,32,32,20,"blue","1344"
"6945b7f9c69fe2317b25e4a2",79,500,19,25,2,"blue","3288"
"6945b7f9c69fe2317b25e4a2",80,600,31,31,20,"blue","1214"
"6945b7f9c69fe2317b25e4a2",81,600,20,35,10,"blue","1021"
"6945b7f9c69fe2317b25e4a2",82,500,19,31,20,"blue","1932"
"6945b7f9c69fe2317b25e4a2",83,600,29,27,2,"blue","1121"
"6945b7f9c69fe2317b25e4a2",84,600,15,26,10,"blue","1287"
"6945b7f9c69fe2317b25e4a2",85,500,16,29,20,"blue","891"
"6945b7f9c69fe2317b25e4a2",86,400,21,34,20,"blue","1074"
"6945b7f9c69fe2317b25e4a2",87,500,17,15,10,"blue","1419"
"6945b7f9c69fe2317b25e4a2",88,600,14,7,10,"blue","1387"
"6945b7f9c69fe2317b25e4a2",89,400,15,8,20,"blue","967"
"6945b7f9c69fe2317b25e4a2",90,500,19,24,10,"blue","706"
"6945b7f9c69fe2317b25e4a2",91,600,36,34,10,"blue","1577"
"6945b7f9c69fe2317b25e4a2",92,400,20,39,20,"blue","1160"
"6945b7f9c69fe2317b25e4a2",93,600,23,33,2,"blue","850"
"6945b7f9c69fe2317b25e4a2",94,400,17,18,2,"blue","1347"
"6945b7f9c69fe2317b25e4a2",95,500,25,31,10,"blue","1148"
"6945b7f9c69fe2317b25e4a2",96,600,19,32,20,"blue","2479"
"6945b7f9c69fe2317b25e4a2",97,400,36,40,20,"blue","857"
"6945b7f9c69fe2317b25e4a2",98,500,35,37,10,"blue","1504"
"6945b7f9c69fe2317b25e4a2",99,500,17,13,2,"blue","826"
"6945b7f9c69fe2317b25e4a2",100,600,17,30,2,"blue","1332"
"6945b7f9c69fe2317b25e4a2",101,500,18,10,2,"blue","1140"
"6945b7f9c69fe2317b25e4a2",102,500,22,30,10,"blue","751"
"6945b7f9c69fe2317b25e4a2",103,500,22,40,20,"blue","777"
"6945b7f9c69fe2317b25e4a2",104,500,26,34,20,"blue","675"
"6945b7f9c69fe2317b25e4a2",105,600,24,32,10,"blue","783"
"6945b7f9c69fe2317b25e4a2",106,600,15,32,10,"blue","744"
"6945b7f9c69fe2317b25e4a2",107,400,15,21,10,"blue","940"
"6945b7f9c69fe2317b25e4a2",108,600,30,37,10,"blue","750"
"6945b7f9c69fe2317b25e4a2",109,400,14,9,2,"blue","1133"
"6945b7f9c69fe2317b25e4a2",110,500,15,14,2,"blue","1006"
"6945b7f9c69fe2317b25e4a2",111,400,34,44,20,"blue","815"
"6945b7f9c69fe2317b25e4a2",112,600,21,40,2,"blue","976"
"6945b7f9c69fe2317b25e4a2",113,600,28,38,20,"blue","863"
"6945b7f9c69fe2317b25e4a2",114,400,15,38,20,"blue","652"
"6945b7f9c69fe2317b25e4a2",115,500,34,37,2,"blue","713"
"6945b7f9c69fe2317b25e4a2",116,500,19,11,2,"blue","562"
"6957ec3547d1923f4fa00638",21,600,34,34,10,"red","3224"
"6957ec3547d1923f4fa00638",22,600,33,35,2,"red","3560"
"6957ec3547d1923f4fa00638",23,600,35,34,2,"red","2236"
"6957ec3547d1923f4fa00638",24,600,23,24,20,"red","5175"
"6957ec3547d1923f4fa00638",25,600,20,11,2,"red","4294"
"6957ec3547d1923f4fa00638",26,500,23,25,20,"red","7977"
"6957ec3547d1923f4fa00638",27,400,17,9,2,"red","2754"
"6957ec3547d1923f4fa00638",28,400,27,31,10,"red","5671"
"6957ec3547d1923f4fa00638",29,500,34,34,10,"red","3631"
"6957ec3547d1923f4fa00638",30,400,16,8,2,"red","3937"
"6957ec3547d1923f4fa00638",31,600,25,24,20,"red","3163"
"6957ec3547d1923f4fa00638",32,500,27,23,20,"red","3238"
"6957ec3547d1923f4fa00638",33,400,26,24,20,"red","4373"
"6957ec3547d1923f4fa00638",34,500,25,18,2,"red","3488"
"6957ec3547d1923f4fa00638",35,400,20,16,10,"red","4233"
"6957ec3547d1923f4fa00638",36,600,27,21,2,"red","4157"
"6957ec3547d1923f4fa00638",37,600,22,24,10,"red","3223"
"6957ec3547d1923f4fa00638",38,600,14,14,20,"red","3516"
"6957ec3547d1923f4fa00638",39,500,15,10,2,"red","3544"
"6957ec3547d1923f4fa00638",40,400,29,25,20,"red","4959"
"6957ec3547d1923f4fa00638",41,500,15,17,20,"red","4621"
"6957ec3547d1923f4fa00638",42,600,20,21,20,"red","4485"
"6957ec3547d1923f4fa00638",43,400,24,25,10,"red","4424"
"6957ec3547d1923f4fa00638",44,400,15,9,2,"red","5707"
"6957ec3547d1923f4fa00638",45,500,24,27,10,"red","3320"
"6957ec3547d1923f4fa00638",46,500,34,32,2,"red","8160"
"6957ec3547d1923f4fa00638",47,400,20,11,2,"red","4866"
"6957ec3547d1923f4fa00638",48,600,23,26,10,"red","2985"
"6957ec3547d1923f4fa00638",49,500,33,34,10,"red","3246"
"6957ec3547d1923f4fa00638",50,500,24,18,2,"red","6240"
"6957ec3547d1923f4fa00638",51,600,36,35,20,"red","4947"
"6957ec3547d1923f4fa00638",52,500,24,29,20,"red","4774"
"6957ec3547d1923f4fa00638",53,400,24,19,2,"red","3583"
"6957ec3547d1923f4fa00638",54,600,28,34,20,"red","3222"
"6957ec3547d1923f4fa00638",55,600,19,26,10,"red","3643"
"6957ec3547d1923f4fa00638",56,400,30,29,20,"red","2602"
"6957ec3547d1923f4fa00638",57,400,25,26,10,"red","2261"
"6957ec3547d1923f4fa00638",58,500,15,7,2,"red","2430"
"6957ec3547d1923f4fa00638",59,600,17,10,10,"red","3976"
"6957ec3547d1923f4fa00638",60,600,15,13,10,"red","3950"
"6957ec3547d1923f4fa00638",61,500,21,12,20,"red","2728"
"6957ec3547d1923f4fa00638",62,400,36,35,10,"red","4724"
"6957ec3547d1923f4fa00638",63,500,17,26,20,"red","4751"
"6957ec3547d1923f4fa00638",64,500,18,19,10,"red","2669"
"6957ec3547d1923f4fa00638",65,600,27,22,2,"red","3023"
"6957ec3547d1923f4fa00638",66,600,33,34,2,"red","5333"
"6957ec3547d1923f4fa00638",67,500,17,23,20,"red","6414"
"6957ec3547d1923f4fa00638",68,400,29,34,10,"red","2650"
"6957ec3547d1923f4fa00638",69,400,22,5,2,"blue","3759"
"6957ec3547d1923f4fa00638",70,500,32,31,2,"blue","3013"
"6957ec3547d1923f4fa00638",71,500,17,23,10,"blue","3414"
"6957ec3547d1923f4fa00638",72,400,33,30,2,"blue","4245"
"6957ec3547d1923f4fa00638",73,500,26,28,10,"blue","3187"
"6957ec3547d1923f4fa00638",74,500,29,33,10,"blue","3980"
"6957ec3547d1923f4fa00638",75,400,21,20,20,"blue","4547"
"6957ec3547d1923f4fa00638",76,500,25,26,10,"blue","3630"
"6957ec3547d1923f4fa00638",77,400,33,31,20,"blue","2669"
"6957ec3547d1923f4fa00638",78,600,26,33,20,"blue","2944"
"6957ec3547d1923f4fa00638",79,600,28,24,2,"blue","5335"
"6957ec3547d1923f4fa00638",80,500,34,34,20,"blue","5838"
"6957ec3547d1923f4fa00638",81,600,31,34,2,"blue","2780"
"6957ec3547d1923f4fa00638",82,400,16,20,20,"blue","4245"
"6957ec3547d1923f4fa00638",83,400,27,23,2,"blue","5650"
"6957ec3547d1923f4fa00638",84,400,26,27,20,"blue","2857"
"6957ec3547d1923f4fa00638",85,500,28,29,20,"blue","2627"
"6957ec3547d1923f4fa00638",86,500,32,35,2,"blue","2068"
"6957ec3547d1923f4fa00638",87,400,34,40,20,"blue","3079"
"6957ec3547d1923f4fa00638",88,600,19,27,20,"blue","4706"
"6957ec3547d1923f4fa00638",89,600,16,17,10,"blue","3115"
"6957ec3547d1923f4fa00638",90,600,29,26,10,"blue","2563"
"6957ec3547d1923f4fa00638",91,500,23,13,2,"blue","4157"
"6957ec3547d1923f4fa00638",92,400,19,15,10,"blue","2683"
"6957ec3547d1923f4fa00638",93,400,19,11,2,"blue","3362"
"6957ec3547d1923f4fa00638",94,400,32,25,2,"blue","4690"
"6957ec3547d1923f4fa00638",95,400,32,36,20,"blue","2980"
"6957ec3547d1923f4fa00638",96,600,34,39,20,"blue","2850"
"6957ec3547d1923f4fa00638",97,600,34,39,10,"blue","1996"
"6957ec3547d1923f4fa00638",98,600,17,18,2,"blue","2604"
"6957ec3547d1923f4fa00638",99,400,15,13,20,"blue","3530"
"6957ec3547d1923f4fa00638",100,600,26,22,2,"blue","3303"
"6957ec3547d1923f4fa00638",101,400,21,19,2,"blue","3389"
"6957ec3547d1923f4fa00638",102,600,24,21,2,"blue","4001"
"6957ec3547d1923f4fa00638",103,600,15,17,10,"blue","2892"
"6957ec3547d1923f4fa00638",104,400,31,28,10,"blue","2680"
"6957ec3547d1923f4fa00638",105,600,30,33,20,"blue","4350"
"6957ec3547d1923f4fa00638",106,600,19,17,10,"blue","3230"
"6957ec3547d1923f4fa00638",107,600,30,32,10,"blue","3956"
"6957ec3547d1923f4fa00638",108,600,36,39,20,"blue","1999"
"6957ec3547d1923f4fa00638",109,500,19,13,2,"blue","3480"
"6957ec3547d1923f4fa00638",110,500,32,32,10,"blue","4170"
"6957ec3547d1923f4fa00638",111,400,26,28,10,"blue","4097"
"6957ec3547d1923f4fa00638",112,400,20,23,20,"blue","3541"
"6957ec3547d1923f4fa00638",113,600,32,32,10,"blue","1949"
"6957ec3547d1923f4fa00638",114,400,35,39,10,"blue","3644"
"6957ec3547d1923f4fa00638",115,500,16,21,20,"blue","3674"
"6957ec3547d1923f4fa00638",116,500,18,18,2,"blue","3669"
"695c8ba574771ee1382bed66",21,400,28,6,10,"blue","6251"
"695c8ba574771ee1382bed66",22,600,33,26,20,"blue","3805"
"695c8ba574771ee1382bed66",23,600,16,14,2,"blue","2724"
"695c8ba574771ee1382bed66",24,400,22,19,2,"blue","2408"
"695c8ba574771ee1382bed66",25,500,36,26,2,"blue","1716"
"695c8ba574771ee1382bed66",26,500,25,25,10,"blue","2050"
"695c8ba574771ee1382bed66",27,500,18,19,20,"blue","4641"
"695c8ba574771ee1382bed66",28,500,17,23,20,"blue","2011"
"695c8ba574771ee1382bed66",29,500,31,23,2,"blue","1855"
"695c8ba574771ee1382bed66",30,600,24,25,2,"blue","2069"
"695c8ba574771ee1382bed66",31,600,14,19,20,"blue","2334"
"695c8ba574771ee1382bed66",32,500,16,24,20,"blue","2454"
"695c8ba574771ee1382bed66",33,500,32,35,20,"blue","3169"
"695c8ba574771ee1382bed66",34,600,32,29,2,"blue","2001"
"695c8ba574771ee1382bed66",35,600,28,31,2,"blue","3296"
"695c8ba574771ee1382bed66",36,500,17,27,10,"blue","2643"
"695c8ba574771ee1382bed66",37,500,33,33,2,"blue","2012"
"695c8ba574771ee1382bed66",38,400,34,37,10,"blue","2563"
"695c8ba574771ee1382bed66",39,500,25,30,10,"blue","2070"
"695c8ba574771ee1382bed66",40,500,30,29,2,"blue","2924"
"695c8ba574771ee1382bed66",41,500,23,22,20,"blue","2434"
"695c8ba574771ee1382bed66",42,600,16,22,20,"blue","2529"
"695c8ba574771ee1382bed66",43,500,14,23,10,"blue","1785"
"695c8ba574771ee1382bed66",44,600,26,30,10,"blue","1793"
"695c8ba574771ee1382bed66",45,400,16,15,2,"blue","2463"
"695c8ba574771ee1382bed66",46,500,25,30,10,"blue","3494"
"695c8ba574771ee1382bed66",47,500,31,37,20,"blue","5114"
"695c8ba574771ee1382bed66",48,500,33,36,10,"blue","2543"
"695c8ba574771ee1382bed66",49,600,15,29,20,"blue","2020"
"695c8ba574771ee1382bed66",50,400,29,33,2,"blue","1731"
"695c8ba574771ee1382bed66",51,600,27,38,20,"blue","2563"
"695c8ba574771ee1382bed66",52,600,24,30,20,"blue","1588"
"695c8ba574771ee1382bed66",53,400,23,28,10,"blue","1515"
"695c8ba574771ee1382bed66",54,600,26,31,10,"blue","1512"
"695c8ba574771ee1382bed66",55,400,18,23,10,"blue","1816"
"695c8ba574771ee1382bed66",56,400,29,33,20,"blue","2061"
"695c8ba574771ee1382bed66",57,400,35,39,10,"blue","2116"
"695c8ba574771ee1382bed66",58,500,34,43,10,"blue","1985"
"695c8ba574771ee1382bed66",59,600,26,35,20,"blue","1341"
"695c8ba574771ee1382bed66",60,500,14,9,2,"blue","2945"
"695c8ba574771ee1382bed66",61,500,31,29,10,"blue","1944"
"695c8ba574771ee1382bed66",62,400,34,40,20,"blue","2072"
"695c8ba574771ee1382bed66",63,600,33,32,10,"blue","2009"
"695c8ba574771ee1382bed66",64,600,27,27,2,"blue","2029"
"695c8ba574771ee1382bed66",65,400,24,22,2,"blue","1129"
"695c8ba574771ee1382bed66",66,600,30,31,2,"blue","2234"
"695c8ba574771ee1382bed66",67,500,14,15,20,"blue","2786"
"695c8ba574771ee1382bed66",68,400,33,33,2,"blue","2760"
"695c8ba574771ee1382bed66",69,600,36,27,2,"red","2929"
"695c8ba574771ee1382bed66",70,500,14,15,10,"red","1706"
"695c8ba574771ee1382bed66",71,400,30,31,2,"red","2012"
"695c8ba574771ee1382bed66",72,400,25,24,20,"red","2160"
"695c8ba574771ee1382bed66",73,500,33,31,10,"red","1677"
"695c8ba574771ee1382bed66",74,500,27,30,2,"red","2418"
"695c8ba574771ee1382bed66",75,400,35,35,2,"red","2906"
"695c8ba574771ee1382bed66",76,500,16,11,2,"red","2727"
"695c8ba574771ee1382bed66",77,400,14,11,20,"red","3338"
"695c8ba574771ee1382bed66",78,600,32,22,20,"red","3038"
"695c8ba574771ee1382bed66",79,400,14,16,10,"red","2806"
"695c8ba574771ee1382bed66",80,400,14,11,2,"red","2212"
"695c8ba574771ee1382bed66",81,500,29,23,2,"red","2069"
"695c8ba574771ee1382bed66",82,500,27,29,2,"red","2180"
"695c8ba574771ee1382bed66",83,600,25,23,2,"red","1774"
"695c8ba574771ee1382bed66",84,400,32,35,20,"red","1396"
"695c8ba574771ee1382bed66",85,500,20,21,20,"red","1578"
"695c8ba574771ee1382bed66",86,600,29,25,10,"red","2735"
"695c8ba574771ee1382bed66",87,500,32,28,10,"red","2931"
"695c8ba574771ee1382bed66",88,400,21,15,10,"red","2200"
"695c8ba574771ee1382bed66",89,500,20,23,2,"red","2472"
"695c8ba574771ee1382bed66",90,400,31,15,2,"red","1640"
"695c8ba574771ee1382bed66",91,500,14,9,2,"red","2186"
"695c8ba574771ee1382bed66",92,600,29,28,10,"red","3462"
"695c8ba574771ee1382bed66",93,500,25,29,20,"red","2129"
"695c8ba574771ee1382bed66",94,400,14,20,10,"red","1874"
"695c8ba574771ee1382bed66",95,600,19,26,10,"red","1903"
"695c8ba574771ee1382bed66",96,600,26,24,20,"red","2667"
"695c8ba574771ee1382bed66",97,400,19,18,2,"red","1885"
"695c8ba574771ee1382bed66",98,600,14,13,2,"red","1871"
"695c8ba574771ee1382bed66",99,500,14,16,10,"red","1894"
"695c8ba574771ee1382bed66",100,600,32,22,10,"red","2155"
"695c8ba574771ee1382bed66",101,600,19,18,10,"red","3189"
"695c8ba574771ee1382bed66",102,400,19,15,2,"red","1675"
"695c8ba574771ee1382bed66",103,500,24,20,10,"red","2087"
"695c8ba574771ee1382bed66",104,500,20,18,20,"red","2954"
"695c8ba574771ee1382bed66",105,600,26,30,10,"red","3402"
"695c8ba574771ee1382bed66",106,400,24,21,20,"red","1984"
"695c8ba574771ee1382bed66",107,400,22,18,2,"red","2571"
"695c8ba574771ee1382bed66",108,400,16,9,20,"red","2413"
"695c8ba574771ee1382bed66",109,400,24,18,20,"red","2317"
"695c8ba574771ee1382bed66",110,400,26,22,20,"red","1776"
"695c8ba574771ee1382bed66",111,500,14,12,20,"red","1480"
"695c8ba574771ee1382bed66",112,600,30,27,20,"red","2086"
"695c8ba574771ee1382bed66",113,500,23,26,10,"red","1461"
"695c8ba574771ee1382bed66",114,600,19,16,20,"red","1634"
"695c8ba574771ee1382bed66",115,600,29,26,10,"red","2409"
"695c8ba574771ee1382bed66",116,500,22,18,20,"red","2108"
