"participant_id","trial","condition","array_length","n_items","shown_mean","item_sd","item_min","item_max","skew","n_at_edge"
"678f0bb28ec3307e4f1afb78",1,"average",2,2,13,3,10,16,0,0
"678f0bb28ec3307e4f1afb78",2,"average",7,7,7.57142857142857,4.98159879261791,1,16,0.248329325417045,1
"678f0bb28ec3307e4f1afb78",3,"average",4,4,10.25,5.88960949469487,3,17,-0.0527727366459146,0
"678f0bb28ec3307e4f1afb78",4,"average",12,12,38.5,6.7515430335097,29,48,0,0
"678f0bb28ec3307e4f1afb78",5,"average",12,12,11.5833333333333,5.64886911002744,2,20,-0.266053554344835,0
"678f0bb28ec3307e4f1afb78",6,"average",2,2,44,4,40,48,0,0
"678f0bb28ec3307e4f1afb78",7,"average",11,11,11.0909090909091,5.99172983755785,1,19,-0.202313013939853,1
"678f0bb28ec3307e4f1afb78",8,"average",8,8,9.125,4.78114787472632,1,17,-0.0292716637880728,1
"678f0bb28ec3307e4f1afb78",9,"average",10,10,12.2,5.19230199429887,3,19,-0.414217401477055,0
"678f0bb28ec3307e4f1afb78",10,"average",7,7,39.1428571428571,5.54020555133295,32,48,0.407356529439974,0
"678f0bb28ec3307e4f1afb78",11,"average",10,10,36.4,6.35924523823386,29,48,0.745847428200258,0
"678f0bb28ec3307e4f1afb78",12,"average",6,6,13,4.76095228569523,7,20,0.250197103249122,0
"678f0bb28ec3307e4f1afb78",13,"average",2,2,22,4,18,26,0,0
"678f0bb28ec3307e4f1afb78",14,"average",20,20,25.5,5.5,17,36,0.398497370398196,0
"678f0bb28ec3307e4f1afb78",15,"average",2,2,26,4,22,30,0,0
"678f0bb28ec3307e4f1afb78",16,"average",2,2,17,4,13,21,0,0
"678f0bb28ec3307e4f1afb78",17,"average",20,20,18.5,5.5,10,29,0.398497370398196,0
"678f0bb28ec3307e4f1afb78",18,"average",10,10,34.2,5.9464274989274,25,43,-0.125669583629516,0
"678f0bb28ec3307e4f1afb78",19,"average",10,10,22.2,5.9464274989274,13,31,-0.125669583629514,0
"678f0bb28ec3307e4f1afb78",20,"average",10,10,22.2,5.9464274989274,13,31,-0.125669583629514,0
"678f0bb28ec3307e4f1afb78",21,"average",2,2,15,4,11,19,0,0
"678f0bb28ec3307e4f1afb78",22,"average",20,20,23.5,5.5,15,34,0.398497370398196,0
"678f0bb28ec3307e4f1afb78",23,"average",10,10,31.2,5.9464274989274,22,40,-0.125669583629514,0
"678f0bb28ec3307e4f1afb78",24,"average",20,20,29.5,5.5,21,40,0.398497370398196,0
"678f0bb28ec3307e4f1afb78",25,"average",2,2,30,4,26,34,0,0
"678f0bb28ec3307e4f1afb78",26,"average",20,20,31.5,5.5,23,42,0.398497370398196,0
"678f0bb28ec3307e4f1afb78",27,"average",2,2,14,4,10,18,0,0
"678f0bb28ec3307e4f1afb78",28,"average",10,10,35.2,5.9464274989274,26,44,-0.125669583629516,0
"678f0bb28ec3307e4f1afb78",29,"average",10,10,27.2,5.9464274989274,18,36,-0.125669583629514,0
"678f0bb28ec3307e4f1afb78",30,"average",2,2,34,4,30,38,0,0
"678f0bb28ec3307e4f1afb78",31,"average",20,20,22.5,5.5,14,33,0.398497370398196,0
"678f0bb28ec3307e4f1afb78",32,"average",20,20,33.5,5.5,25,44,0.398497370398196,0
"678f0bb28ec3307e4f1afb78",33,"average",2,2,33,4,29,37,0,0
"678f0bb28ec3307e4f1afb78",34,"average",10,10,20.2,5.9464274989274,11,29,-0.125669583629514,0
"678f0bb28ec3307e4f1afb78",35,"average",20,20,17.5,5.5,9,28,0.398497370398196,0
"678f0bb28ec3307e4f1afb78",36,"average",20,20,19.5,5.5,11,30,0.398497370398196,0
"678f0bb28ec3307e4f1afb78",37,"average",2,2,20,4,16,24,0,0
"678f0bb28ec3307e4f1afb78",38,"average",10,10,22.2,5.9464274989274,13,31,-0.125669583629514,0
"678f0bb28ec3307e4f1afb78",39,"average",2,2,23,4,19,27,0,0
"678f0bb28ec3307e4f1afb78",40,"average",10,10,27.2,5.9464274989274,18,36,-0.125669583629514,0
"678f0bb28ec3307e4f1afb78",41,"average",20,20,14.5,5.5,6,25,0.398497370398196,0
"678f0bb28ec3307e4f1afb78",42,"average",2,2,36,4,32,40,0,0
"678f0bb28ec3307e4f1afb78",43,"average",2,2,26,4,22,30,0,0
"678f0bb28ec3307e4f1afb78",44,"average",20,20,21.5,5.5,13,32,0.398497370398196,0
"678f0bb28ec3307e4f1afb78",45,"average",20,20,19.5,5.5,11,30,0.398497370398196,0
"678f0bb28ec3307e4f1afb78",46,"average",2,2,18,4,14,22,0,0
"678f0bb28ec3307e4f1afb78",47,"average",20,20,30.5,5.5,22,41,0.398497370398196,0
"678f0bb28ec3307e4f1afb78",48,"average",10,10,16.2,5.9464274989274,7,25,-0.125669583629514,0
"678f0bb28ec3307e4f1afb78",49,"average",10,10,27.2,5.9464274989274,18,36,-0.125669583629514,0
"678f0bb28ec3307e4f1afb78",50,"average",10,10,21.2,5.9464274989274,12,30,-0.125669583629514,0
"678f0bb28ec3307e4f1afb78",51,"average",2,2,28,4,24,32,0,0
"678f0bb28ec3307e4f1afb78",52,"average",10,10,23.2,5.9464274989274,14,32,-0.125669583629514,0
"678f0bb28ec3307e4f1afb78",53,"average",2,2,18,4,14,22,0,0
"678f0bb28ec3307e4f1afb78",54,"average",10,10,36.2,5.9464274989274,27,45,-0.125669583629516,0
"678f0bb28ec3307e4f1afb78",55,"average",10,10,33.2,5.9464274989274,24,42,-0.125669583629516,0
"678f0bb28ec3307e4f1afb78",56,"average",2,2,26,4,22,30,0,0
"678f0bb28ec3307e4f1afb78",57,"average",20,20,26.5,5.5,18,37,0.398497370398196,0
"678f0bb28ec3307e4f1afb78",58,"average",20,20,14.5,5.5,6,25,0.398497370398196,0
"678f0bb28ec3307e4f1afb78",59,"average",10,10,14.2,5.9464274989274,5,23,-0.125669583629514,0
"678f0bb28ec3307e4f1afb78",60,"average",20,20,15.5,5.5,7,26,0.398497370398196,0
"678f0bb28ec3307e4f1afb78",61,"average",2,2,24,4,20,28,0,0
"678f0bb28ec3307e4f1afb78",62,"average",2,2,27,4,23,31,0,0
"678f0bb28ec3307e4f1afb78",63,"average",10,10,19.2,5.9464274989274,10,28,-0.125669583629514,0
"678f0bb28ec3307e4f1afb78",64,"average",2,2,20,4,16,24,0,0
"678f0bb28ec3307e4f1afb78",65,"average",20,20,27.5,5.5,19,38,0.398497370398196,0
"678f0bb28ec3307e4f1afb78",66,"average",20,20,25.5,5.5,17,36,0.398497370398196,0
"678f0bb28ec3307e4f1afb78",67,"average",2,2,15,4,11,19,0,0
"678f0bb28ec3307e4f1afb78",68,"average",2,2,17,4,13,21,0,0
"678f0bb28ec3307e4f1afb78",69,"average",20,20,27.5,5.5,19,38,0.398497370398196,0
"678f0bb28ec3307e4f1afb78",70,"average",2,2,30,4,26,34,0,0
"678f0bb28ec3307e4f1afb78",71,"average",20,20,34.5,5.5,26,45,0.398497370398196,0
"678f0bb28ec3307e4f1afb78",72,"average",2,2,15,4,11,19,0,0
"678f0bb28ec3307e4f1afb78",73,"average",10,10,36.2,5.9464274989274,27,45,-0.125669583629516,0
"678f0bb28ec3307e4f1afb78",74,"average",2,2,27,4,23,31,0,0
"678f0bb28ec3307e4f1afb78",75,"average",20,20,18.5,5.5,10,29,0.398497370398196,0
"678f0bb28ec3307e4f1afb78",76,"average",2,2,16,4,12,20,0,0
"678f0bb28ec3307e4f1afb78",77,"average",20,20,17.5,5.5,9,28,0.398497370398196,0
"678f0bb28ec3307e4f1afb78",78,"average",2,2,25,4,21,29,0,0
"678f0bb28ec3307e4f1afb78",79,"average",2,2,28,4,24,32,0,0
"678f0bb28ec3307e4f1afb78",80,"average",10,10,18.2,5.9464274989274,9,27,-0.125669583629514,0
"678f0bb28ec3307e4f1afb78",81,"average",2,2,29,4,25,33,0,0
"678f0bb28ec3307e4f1afb78",82,"average",20,20,12.5,5.5,4,23,0.398497370398196,0
"678f0bb28ec3307e4f1afb78",83,"average",20,20,31.5,5.5,23,42,0.398497370398196,0
"678f0bb28ec3307e4f1afb78",84,"average",20,20,26.5,5.5,18,37,0.398497370398196,0
"678f0bb28ec3307e4f1afb78",85,"average",20,20,23.5,5.5,15,34,0.398497370398196,0
"678f0bb28ec3307e4f1afb78",86,"average",10,10,15.2,5.9464274989274,6,24,-0.125669583629514,0
"678f0bb28ec3307e4f1afb78",87,"average",10,10,23.2,5.9464274989274,14,32,-0.125669583629514,0
"678f0bb28ec3307e4f1afb78",88,"average",20,20,30.5,5.5,22,41,0.398497370398196,0
"678f0bb28ec3307e4f1afb78",89,"average",10,10,25.2,5.9464274989274,16,34,-0.125669583629514,0
"678f0bb28ec3307e4f1afb78",90,"average",10,10,29.2,5.9464274989274,20,38,-0.125669583629514,0
"678f0bb28ec3307e4f1afb78",91,"average",2,2,36,4,32,40,0,0
"678f0bb28ec3307e4f1afb78",92,"average",10,10,24.2,5.9464274989274,15,33,-0.125669583629514,0
"678f0bb28ec3307e4f1afb78",93,"average",10,10,24.2,5.9464274989274,15,33,-0.125669583629514,0
"678f0bb28ec3307e4f1afb78",94,"average",10,10,29.2,5.9464274989274,20,38,-0.125669583629514,0
"678f0bb28ec3307e4f1afb78",95,"average",20,20,18.5,5.5,10,29,0.398497370398196,0
"678f0bb28ec3307e4f1afb78",96,"average",20,20,15.5,5.5,7,26,0.398497370398196,0
"678f0bb28ec3307e4f1afb78",97,"average",10,10,22.2,5.9464274989274,13,31,-0.125669583629514,0
"678f0bb28ec3307e4f1afb78",98,"average",2,2,21,4,17,25,0,0
"678f0bb28ec3307e4f1afb78",99,"average",10,10,17.2,5.9464274989274,8,26,-0.125669583629514,0
"678f0bb28ec3307e4f1afb78",100,"average",20,20,23.5,5.5,15,34,0.398497370398196,0
"678f0bb28ec3307e4f1afb78",101,"average",2,2,28,4,24,32,0,0
"678f0bb28ec3307e4f1afb78",102,"average",10,10,22.2,5.9464274989274,13,31,-0.125669583629514,0
"678f0bb28ec3307e4f1afb78",103,"average",10,10,29.2,5.9464274989274,20,38,-0.125669583629514,0
"678f0bb28ec3307e4f1afb78",104,"average",10,10,36.2,5.9464274989274,27,45,-0.125669583629516,0
"678f0bb28ec3307e4f1afb78",105,"average",20,20,18.5,5.5,10,29,0.398497370398196,0
"678f0bb28ec3307e4f1afb78",106,"average",10,10,34.2,5.9464274989274,25,43,-0.125669583629516,0
"678f0bb28ec3307e4f1afb78",107,"average",2,2,27,4,23,31,0,0
"678f0bb28ec3307e4f1afb78",108,"average",20,20,25.5,5.5,17,36,0.398497370398196,0
"5858c6178604ae000165e66a",1,"average",8,8,12.75,5.14174095030078,2,19,-0.871051935044165,0
"5858c6178604ae000165e66a",2,"average",5,5,13.6,3.9293765408777,8,20,0.280074491020707,0
"566a17d07da0350012b3e876",1,"average",5,5,14.8,4.66476151587624,7,20,-0.523480515862383,0
"566a17d07da0350012b3e876",2,"average",6,6,38.5,5.5,30,48,0.216378662659654,0
"566a17d07da0350012b3e876",3,"average",6,6,35.1666666666667,5.52016505389306,29,44,0.498930382423467,0
"566a17d07da0350012b3e876",4,"average",5,5,7.4,4.92341345003647,1,13,-0.301247971937173,1
"566a17d07da0350012b3e876",5,"average",8,8,37,4.66368952654441,30,44,0.0443632773036329,0
"566a17d07da0350012b3e876",6,"average",3,3,35.6666666666667,1.24721912892465,34,37,-0.381801774160601,0
"566a17d07da0350012b3e876",7,"average",6,6,39.6666666666667,3.8151743807532,35,45,0.0947068519434121,0
"566a17d07da0350012b3e876",8,"average",9,9,37.1111111111111,5.78204970278119,29,48,0.522310103238006,0
"566a17d07da0350012b3e876",9,"average",12,12,39.5833333333333,4.75146176338281,31,47,-0.252853808434406,0
"566a17d07da0350012b3e876",10,"average",7,7,8.71428571428571,6.54029893843406,1,20,0.332328511055827,1
"566a17d07da0350012b3e876",11,"average",11,11,37.9090909090909,5.69616370829838,29,46,-0.265444931180294,0
"566a17d07da0350012b3e876",12,"average",8,8,12.875,4.80722113075735,4,18,-0.875014761734075,0
"566a17d07da0350012b3e876",13,"average",2,2,34,4,30,38,0,0
"566a17d07da0350012b3e876",14,"average",2,2,32,4,28,36,0,0
"566a17d07da0350012b3e876",15,"average",2,2,18,4,14,22,0,0
"566a17d07da0350012b3e876",16,"average",2,2,32,4,28,36,0,0
"566a17d07da0350012b3e876",17,"average",2,2,35,4,31,39,0,0
"566a17d07da0350012b3e876",18,"average",2,2,30,4,26,34,0,0
"566a17d07da0350012b3e876",19,"average",2,2,24,4,20,28,0,0
"566a17d07da0350012b3e876",20,"average",2,2,16,4,12,20,0,0
"566a17d07da0350012b3e876",21,"average",2,2,17,4,13,21,0,0
"566a17d07da0350012b3e876",22,"average",2,2,15,4,11,19,0,0
"566a17d07da0350012b3e876",23,"average",2,2,17,4,13,21,0,0
"566a17d07da0350012b3e876",24,"average",2,2,18,4,14,22,0,0
"566a17d07da0350012b3e876",25,"average",2,2,34,4,30,38,0,0
"566a17d07da0350012b3e876",26,"average",2,2,18,4,14,22,0,0
"566a17d07da0350012b3e876",27,"average",2,2,14,4,10,18,0,0
"566a17d07da0350012b3e876",28,"average",2,2,26,4,22,30,0,0
"566a17d07da0350012b3e876",29,"average",10,10,14.2,5.9464274989274,5,23,-0.125669583629514,0
"566a17d07da0350012b3e876",30,"average",10,10,20.2,5.9464274989274,11,29,-0.125669583629514,0
"566a17d07da0350012b3e876",31,"average",10,10,25.2,5.9464274989274,16,34,-0.125669583629514,0
"566a17d07da0350012b3e876",32,"average",10,10,17.2,5.9464274989274,8,26,-0.125669583629514,0
"566a17d07da0350012b3e876",33,"average",10,10,20.2,5.9464274989274,11,29,-0.125669583629514,0
"566a17d07da0350012b3e876",34,"average",10,10,35.2,5.9464274989274,26,44,-0.125669583629516,0
"566a17d07da0350012b3e876",35,"average",10,10,32.2,5.9464274989274,23,41,-0.125669583629516,0
"566a17d07da0350012b3e876",36,"average",10,10,27.2,5.9464274989274,18,36,-0.125669583629514,0
"566a17d07da0350012b3e876",37,"average",10,10,32.2,5.9464274989274,23,41,-0.125669583629516,0
"566a17d07da0350012b3e876",38,"average",10,10,16.2,5.9464274989274,7,25,-0.125669583629514,0
"566a17d07da0350012b3e876",39,"average",10,10,24.2,5.9464274989274,15,33,-0.125669583629514,0
"566a17d07da0350012b3e876",40,"average",10,10,30.2,5.9464274989274,21,39,-0.125669583629514,0
"566a17d07da0350012b3e876",41,"average",10,10,29.2,5.9464274989274,20,38,-0.125669583629514,0
"566a17d07da0350012b3e876",42,"average",10,10,25.2,5.9464274989274,16,34,-0.125669583629514,0
"566a17d07da0350012b3e876",43,"average",10,10,26.2,5.9464274989274,17,35,-0.125669583629514,0
"566a17d07da0350012b3e876",44,"average",10,10,24.2,5.9464274989274,15,33,-0.125669583629514,0
"566a17d07da0350012b3e876",45,"average",20,20,19.5,5.5,11,30,0.398497370398196,0
"566a17d07da0350012b3e876",46,"average",20,20,19.5,5.5,11,30,0.398497370398196,0
"566a17d07da0350012b3e876",47,"average",20,20,21.5,5.5,13,32,0.398497370398196,0
"566a17d07da0350012b3e876",48,"average",20,20,20.5,5.5,12,31,0.398497370398196,0
"566a17d07da0350012b3e876",49,"average",20,20,19.5,5.5,11,30,0.398497370398196,0
"566a17d07da0350012b3e876",50,"average",20,20,15.5,5.5,7,26,0.398497370398196,0
"566a17d07da0350012b3e876",51,"average",20,20,33.5,5.5,25,44,0.398497370398196,0
"566a17d07da0350012b3e876",52,"average",20,20,28.5,5.5,20,39,0.398497370398196,0
"566a17d07da0350012b3e876",53,"average",20,20,14.5,5.5,6,25,0.398497370398196,0
"566a17d07da0350012b3e876",54,"average",20,20,17.5,5.5,9,28,0.398497370398196,0
"566a17d07da0350012b3e876",55,"average",20,20,21.5,5.5,13,32,0.398497370398196,0
"566a17d07da0350012b3e876",56,"average",20,20,14.5,5.5,6,25,0.398497370398196,0
"566a17d07da0350012b3e876",57,"average",20,20,22.5,5.5,14,33,0.398497370398196,0
"566a17d07da0350012b3e876",58,"average",20,20,23.5,5.5,15,34,0.398497370398196,0
"566a17d07da0350012b3e876",59,"average",20,20,28.5,5.5,20,39,0.398497370398196,0
"566a17d07da0350012b3e876",60,"average",20,20,17.5,5.5,9,28,0.398497370398196,0
"566a17d07da0350012b3e876",61,"average",2,2,15,4,11,19,0,0
"566a17d07da0350012b3e876",62,"average",2,2,31,4,27,35,0,0
"566a17d07da0350012b3e876",63,"average",20,20,20.5,5.5,12,31,0.398497370398196,0
"566a17d07da0350012b3e876",64,"average",2,2,14,4,10,18,0,0
"566a17d07da0350012b3e876",65,"average",20,20,13.5,5.5,5,24,0.398497370398196,0
"566a17d07da0350012b3e876",66,"average",20,20,19.5,5.5,11,30,0.398497370398196,0
"566a17d07da0350012b3e876",67,"average",2,2,17,4,13,21,0,0
"566a17d07da0350012b3e876",68,"average",20,20,34.5,5.5,26,45,0.398497370398196,0
"566a17d07da0350012b3e876",69,"average",2,2,15,4,11,19,0,0
"566a17d07da0350012b3e876",70,"average",20,20,34.5,5.5,26,45,0.398497370398196,0
"566a17d07da0350012b3e876",71,"average",2,2,35,4,31,39,0,0
"566a17d07da0350012b3e876",72,"average",20,20,14.5,5.5,6,25,0.398497370398196,0
"566a17d07da0350012b3e876",73,"average",20,20,20.5,5.5,12,31,0.398497370398196,0
"566a17d07da0350012b3e876",74,"average",20,20,14.5,5.5,6,25,0.398497370398196,0
"566a17d07da0350012b3e876",75,"average",2,2,19,4,15,23,0,0
"566a17d07da0350012b3e876",76,"average",2,2,20,4,16,24,0,0
"566a17d07da0350012b3e876",77,"average",20,20,24.5,5.5,16,35,0.398497370398196,0
"566a17d07da0350012b3e876",78,"average",2,2,15,4,11,19,0,0
"566a17d07da0350012b3e876",79,"average",2,2,28,4,24,32,0,0
"566a17d07da0350012b3e876",80,"average",2,2,32,4,28,36,0,0
"566a17d07da0350012b3e876",81,"average",2,2,25,4,21,29,0,0
"566a17d07da0350012b3e876",82,"average",20,20,22.5,5.5,14,33,0.398497370398196,0
"566a17d07da0350012b3e876",83,"average",20,20,21.5,5.5,13,32,0.398497370398196,0
"566a17d07da0350012b3e876",84,"average",20,20,31.5,5.5,23,42,0.398497370398196,0
"566a17d07da0350012b3e876",85,"average",20,20,17.5,5.5,9,28,0.398497370398196,0
"566a17d07da0350012b3e876",86,"average",2,2,24,4,20,28,0,0
"566a17d07da0350012b3e876",87,"average",20,20,19.5,5.5,11,30,0.398497370398196,0
"566a17d07da0350012b3e876",88,"average",2,2,20,4,16,24,0,0
"566a17d07da0350012b3e876",89,"average",20,20,16.5,5.5,8,27,0.398497370398196,0
"566a17d07da0350012b3e876",90,"average",20,20,23.5,5.5,15,34,0.398497370398196,0
"566a17d07da0350012b3e876",91,"average",2,2,35,4,31,39,0,0
"566a17d07da0350012b3e876",92,"average",2,2,32,4,28,36,0,0
"566a17d07da0350012b3e876",93,"average",10,10,26.2,5.9464274989274,17,35,-0.125669583629514,0
"566a17d07da0350012b3e876",94,"average",10,10,31.2,5.9464274989274,22,40,-0.125669583629514,0
"566a17d07da0350012b3e876",95,"average",10,10,36.2,5.9464274989274,27,45,-0.125669583629516,0
"566a17d07da0350012b3e876",96,"average",10,10,26.2,5.9464274989274,17,35,-0.125669583629514,0
"566a17d07da0350012b3e876",97,"average",10,10,29.2,5.9464274989274,20,38,-0.125669583629514,0
"566a17d07da0350012b3e876",98,"average",10,10,28.2,5.9464274989274,19,37,-0.125669583629514,0
"566a17d07da0350012b3e876",99,"average",10,10,36.2,5.9464274989274,27,45,-0.125669583629516,0
"566a17d07da0350012b3e876",100,"average",10,10,19.2,5.9464274989274,10,28,-0.125669583629514,0
"566a17d07da0350012b3e876",101,"average",10,10,26.2,5.9464274989274,17,35,-0.125669583629514,0
"566a17d07da0350012b3e876",102,"average",10,10,14.2,5.9464274989274,5,23,-0.125669583629514,0
"566a17d07da0350012b3e876",103,"average",10,10,19.2,5.9464274989274,10,28,-0.125669583629514,0
"566a17d07da0350012b3e876",104,"average",10,10,21.2,5.9464274989274,12,30,-0.125669583629514,0
"566a17d07da0350012b3e876",105,"average",10,10,23.2,5.9464274989274,14,32,-0.125669583629514,0
"566a17d07da0350012b3e876",106,"average",10,10,16.2,5.9464274989274,7,25,-0.125669583629514,0
"566a17d07da0350012b3e876",107,"average",10,10,36.2,5.9464274989274,27,45,-0.125669583629516,0
"566a17d07da0350012b3e876",108,"average",10,10,28.2,5.9464274989274,19,37,-0.125669583629514,0
"682b8071ffc2da7edd49f10c",1,"average",11,11,9.09090909090909,5.29930605155988,1,19,0.498926022194099,1
"682b8071ffc2da7edd49f10c",2,"average",4,4,12.5,5.59016994374947,5,20,0,0
"682b8071ffc2da7edd49f10c",3,"average",12,12,11.5,6.10327780786685,2,20,-0.087971212941642,0
"682b8071ffc2da7edd49f10c",4,"average",12,12,38.5,6.29152869605896,29,47,-0.15660155194268,0
"682b8071ffc2da7edd49f10c",5,"average",3,3,16,4.32049379893857,10,20,-0.595170064139497,0
"682b8071ffc2da7edd49f10c",6,"average",5,5,37.6,6.74091981854109,29,45,-0.308866194757934,0
"682b8071ffc2da7edd49f10c",7,"average",12,12,9.33333333333333,4.80162009696264,2,17,-0.0610570359259588,0
"682b8071ffc2da7edd49f10c",8,"average",8,8,9.75,6.77772085586298,1,20,0.309838667696593,1
"682b8071ffc2da7edd49f10c",9,"average",2,2,7.5,5.5,2,13,0,0
"682b8071ffc2da7edd49f10c",10,"average",8,8,38,6.67083203206317,30,48,0.293075312101753,0
"682b8071ffc2da7edd49f10c",11,"average",6,6,39,5.62731433871138,31,48,0.252527679465718,0
"682b8071ffc2da7edd49f10c",12,"average",3,3,39,3.55902608401044,36,44,0.665468866123835,0
"682b8071ffc2da7edd49f10c",13,"average",10,10,27.2,5.9464274989274,18,36,-0.125669583629514,0
"682b8071ffc2da7edd49f10c",14,"average",10,10,14.2,5.9464274989274,5,23,-0.125669583629514,0
"682b8071ffc2da7edd49f10c",15,"average",10,10,34.2,5.9464274989274,25,43,-0.125669583629516,0
"682b8071ffc2da7edd49f10c",16,"average",20,20,14.5,5.5,6,25,0.398497370398196,0
"682b8071ffc2da7edd49f10c",17,"average",2,2,21,4,17,25,0,0
"682b8071ffc2da7edd49f10c",18,"average",20,20,34.5,5.5,26,45,0.398497370398196,0
"682b8071ffc2da7edd49f10c",19,"average",2,2,14,4,10,18,0,0
"682b8071ffc2da7edd49f10c",20,"average",20,20,16.5,5.5,8,27,0.398497370398196,0
"682b8071ffc2da7edd49f10c",21,"average",2,2,30,4,26,34,0,0
"682b8071ffc2da7edd49f10c",22,"average",20,20,32.5,5.5,24,43,0.398497370398196,0
"682b8071ffc2da7edd49f10c",23,"average",2,2,24,4,20,28,0,0
"682b8071ffc2da7edd49f10c",24,"average",10,10,19.2,5.9464274989274,10,28,-0.125669583629514,0
"682b8071ffc2da7edd49f10c",25,"average",2,2,34,4,30,38,0,0
"682b8071ffc2da7edd49f10c",26,"average",2,2,19,4,15,23,0,0
"682b8071ffc2da7edd49f10c",27,"average",10,10,15.2,5.9464274989274,6,24,-0.125669583629514,0
"682b8071ffc2da7edd49f10c",28,"average",10,10,22.2,5.9464274989274,13,31,-0.125669583629514,0
"682b8071ffc2da7edd49f10c",29,"average",10,10,18.2,5.9464274989274,9,27,-0.125669583629514,0
"682b8071ffc2da7edd49f10c",30,"average",2,2,20,4,16,24,0,0
"682b8071ffc2da7edd49f10c",31,"average",20,20,34.5,5.5,26,45,0.398497370398196,0
"682b8071ffc2da7edd49f10c",32,"average",10,10,19.2,5.9464274989274,10,28,-0.125669583629514,0
"682b8071ffc2da7edd49f10c",33,"average",10,10,23.2,5.9464274989274,14,32,-0.125669583629514,0
"682b8071ffc2da7edd49f10c",34,"average",20,20,34.5,5.5,26,45,0.398497370398196,0
"682b8071ffc2da7edd49f10c",35,"average",10,10,19.2,5.9464274989274,10,28,-0.125669583629514,0
"682b8071ffc2da7edd49f10c",36,"average",20,20,16.5,5.5,8,27,0.398497370398196,0
"682b8071ffc2da7edd49f10c",37,"average",20,20,18.5,5.5,10,29,0.398497370398196,0
"682b8071ffc2da7edd49f10c",38,"average",10,10,33.2,5.9464274989274,24,42,-0.125669583629516,0
"682b8071ffc2da7edd49f10c",39,"average",20,20,28.5,5.5,20,39,0.398497370398196,0
"682b8071ffc2da7edd49f10c",40,"average",2,2,23,4,19,27,0,0
"682b8071ffc2da7edd49f10c",41,"average",20,20,32.5,5.5,24,43,0.398497370398196,0
"682b8071ffc2da7edd49f10c",42,"average",20,20,16.5,5.5,8,27,0.398497370398196,0
"682b8071ffc2da7edd49f10c",43,"average",10,10,14.2,5.9464274989274,5,23,-0.125669583629514,0
"682b8071ffc2da7edd49f10c",44,"average",2,2,34,4,30,38,0,0
"682b8071ffc2da7edd49f10c",45,"average",2,2,29,4,25,33,0,0
"682b8071ffc2da7edd49f10c",46,"average",20,20,15.5,5.5,7,26,0.398497370398196,0
"682b8071ffc2da7edd49f10c",47,"average",20,20,32.5,5.5,24,43,0.398497370398196,0
"682b8071ffc2da7edd49f10c",48,"average",2,2,32,4,28,36,0,0
"682b8071ffc2da7edd49f10c",49,"average",10,10,25.2,5.9464274989274,16,34,-0.125669583629514,0
"682b8071ffc2da7edd49f10c",50,"average",2,2,31,4,27,35,0,0
"682b8071ffc2da7edd49f10c",51,"average",2,2,24,4,20,28,0,0
"682b8071ffc2da7edd49f10c",52,"average",20,20,33.5,5.5,25,44,0.398497370398196,0
"682b8071ffc2da7edd49f10c",53,"average",2,2,28,4,24,32,0,0
"682b8071ffc2da7edd49f10c",54,"average",2,2,32,4,28,36,0,0
"682b8071ffc2da7edd49f10c",55,"average",2,2,14,4,10,18,0,0
"682b8071ffc2da7edd49f10c",56,"average",10,10,24.2,5.9464274989274,15,33,-0.125669583629514,0
"682b8071ffc2da7edd49f10c",57,"average",20,20,32.5,5.5,24,43,0.398497370398196,0
"682b8071ffc2da7edd49f10c",58,"average",20,20,17.5,5.5,9,28,0.398497370398196,0
"682b8071ffc2da7edd49f10c",59,"average",10,10,19.2,5.9464274989274,10,28,-0.125669583629514,0
"682b8071ffc2da7edd49f10c",60,"average",10,10,36.2,5.9464274989274,27,45,-0.125669583629516,0
"682b8071ffc2da7edd49f10c",61,"average",10,10,29.2,5.9464274989274,20,38,-0.125669583629514,0
"682b8071ffc2da7edd49f10c",62,"average",2,2,15,4,11,19,0,0
"682b8071ffc2da7edd49f10c",63,"average",20,20,25.5,5.5,17,36,0.398497370398196,0
"682b8071ffc2da7edd49f10c",64,"average",2,2,25,4,21,29,0,0
"682b8071ffc2da7edd49f10c",65,"average",20,20,19.5,5.5,11,30,0.398497370398196,0
"682b8071ffc2da7edd49f10c",66,"average",20,20,18.5,5.5,10,29,0.398497370398196,0
"682b8071ffc2da7edd49f10c",67,"average",20,20,34.5,5.5,26,45,0.398497370398196,0
"682b8071ffc2da7edd49f10c",68,"average",2,2,19,4,15,23,0,0
"682b8071ffc2da7edd49f10c",69,"average",10,10,27.2,5.9464274989274,18,36,-0.125669583629514,0
"682b8071ffc2da7edd49f10c",70,"average",20,20,12.5,5.5,4,23,0.398497370398196,0
"682b8071ffc2da7edd49f10c",71,"average",2,2,36,4,32,40,0,0
"682b8071ffc2da7edd49f10c",72,"average",10,10,14.2,5.9464274989274,5,23,-0.125669583629514,0
"682b8071ffc2da7edd49f10c",73,"average",10,10,28.2,5.9464274989274,19,37,-0.125669583629514,0
"682b8071ffc2da7edd49f10c",74,"average",10,10,20.2,5.9464274989274,11,29,-0.125669583629514,0
"682b8071ffc2da7edd49f10c",75,"average",10,10,19.2,5.9464274989274,10,28,-0.125669583629514,0
"682b8071ffc2da7edd49f10c",76,"average",20,20,13.5,5.5,5,24,0.398497370398196,0
"682b8071ffc2da7edd49f10c",77,"average",2,2,32,4,28,36,0,0
"682b8071ffc2da7edd49f10c",78,"average",10,10,19.2,5.9464274989274,10,28,-0.125669583629514,0
"682b8071ffc2da7edd49f10c",79,"average",2,2,28,4,24,32,0,0
"682b8071ffc2da7edd49f10c",80,"average",20,20,29.5,5.5,21,40,0.398497370398196,0
"682b8071ffc2da7edd49f10c",81,"average",10,10,21.2,5.9464274989274,12,30,-0.125669583629514,0
"682b8071ffc2da7edd49f10c",82,"average",2,2,17,4,13,21,0,0
"682b8071ffc2da7edd49f10c",83,"average",10,10,27.2,5.9464274989274,18,36,-0.125669583629514,0
"682b8071ffc2da7edd49f10c",84,"average",10,10,29.2,5.9464274989274,20,38,-0.125669583629514,0
"682b8071ffc2da7edd49f10c",85,"average",10,10,18.2,5.9464274989274,9,27,-0.125669583629514,0
"682b8071ffc2da7edd49f10c",86,"average",20,20,32.5,5.5,24,43,0.398497370398196,0
"682b8071ffc2da7edd49f10c",87,"average",20,20,26.5,5.5,18,37,0.398497370398196,0
"682b8071ffc2da7edd49f10c",88,"average",10,10,24.2,5.9464274989274,15,33,-0.125669583629514,0
"682b8071ffc2da7edd49f10c",89,"average",2,2,18,4,14,22,0,0
"682b8071ffc2da7edd49f10c",90,"average",20,20,21.5,5.5,13,32,0.398497370398196,0
"682b8071ffc2da7edd49f10c",91,"average",2,2,14,4,10,18,0,0
"682b8071ffc2da7edd49f10c",92,"average",2,2,21,4,17,25,0,0
"682b8071ffc2da7edd49f10c",93,"average",10,10,16.2,5.9464274989274,7,25,-0.125669583629514,0
"682b8071ffc2da7edd49f10c",94,"average",2,2,18,4,14,22,0,0
"682b8071ffc2da7edd49f10c",95,"average",20,20,28.5,5.5,20,39,0.398497370398196,0
"682b8071ffc2da7edd49f10c",96,"average",10,10,16.2,5.9464274989274,7,25,-0.125669583629514,0
"682b8071ffc2da7edd49f10c",97,"average",20,20,33.5,5.5,25,44,0.398497370398196,0
"682b8071ffc2da7edd49f10c",98,"average",2,2,19,4,15,23,0,0
"682b8071ffc2da7edd49f10c",99,"average",2,2,28,4,24,32,0,0
"682b8071ffc2da7edd49f10c",100,"average",20,20,20.5,5.5,12,31,0.398497370398196,0
"682b8071ffc2da7edd49f10c",101,"average",2,2,22,4,18,26,0,0
"682b8071ffc2da7edd49f10c",102,"average",2,2,32,4,28,36,0,0
"682b8071ffc2da7edd49f10c",103,"average",20,20,19.5,5.5,11,30,0.398497370398196,0
"682b8071ffc2da7edd49f10c",104,"average",2,2,14,4,10,18,0,0
"682b8071ffc2da7edd49f10c",105,"average",20,20,18.5,5.5,10,29,0.398497370398196,0
"682b8071ffc2da7edd49f10c",106,"average",10,10,19.2,5.9464274989274,10,28,-0.125669583629514,0
"682b8071ffc2da7edd49f10c",107,"average",10,10,17.2,5.9464274989274,8,26,-0.125669583629514,0
"682b8071ffc2da7edd49f10c",108,"average",20,20,29.5,5.5,21,40,0.398497370398196,0
"5c1021a547d07800011a23de",1,"average",7,7,39.4285714285714,4.03049599419025,31,45,-0.889663723371016,0
"5c1021a547d07800011a23de",2,"average",10,10,38.9,5.12737749731771,31,47,0.106736891327845,0
"5c1021a547d07800011a23de",3,"average",6,6,9.66666666666667,5.5876848714134,2,18,0.0339672590048056,0
"5c1021a547d07800011a23de",4,"average",9,9,9.44444444444444,6.2023492164235,1,20,0.328575561983423,1
"5c1021a547d07800011a23de",5,"average",2,2,33.5,4.5,29,38,0,0
"5c1021a547d07800011a23de",6,"average",4,4,10.5,4.7169905660283,5,18,0.600268462385624,0
"5c1021a547d07800011a23de",7,"average",3,3,42.6666666666667,5.55777733351102,35,48,-0.555748967876573,0
"5c1021a547d07800011a23de",8,"average",6,6,37,4.76095228569523,30,42,-0.528193884637036,0
"5c1021a547d07800011a23de",9,"average",7,7,39,5.7569833370314,31,48,-0.0404306573535573,0
"5c1021a547d07800011a23de",10,"average",2,2,40,6,34,46,0,0
"5c1021a547d07800011a23de",11,"average",3,3,32.6666666666667,2.49443825784929,30,36,0.381801774160609,0
"5c1021a547d07800011a23de",12,"average",4,4,44.5,4.38748219369606,37,48,-1.06560539027194,0
"5c1021a547d07800011a23de",13,"average",2,2,18,4,14,22,0,0
"5c1021a547d07800011a23de",14,"average",10,10,21.2,5.9464274989274,12,30,-0.125669583629514,0
"5c1021a547d07800011a23de",15,"average",20,20,32.5,5.5,24,43,0.398497370398196,0
"5c1021a547d07800011a23de",16,"average",20,20,21.5,5.5,13,32,0.398497370398196,0
"66ca18ce20c4af7baa912758",1,"average",6,6,40.1666666666667,5.75663867972351,30,48,-0.458185482399129,0
"66ca18ce20c4af7baa912758",2,"average",8,8,10.5,4.27200187265877,4,19,0.423272093969568,0
"66ca18ce20c4af7baa912758",3,"average",4,4,9.5,5.22015325445528,4,18,0.759231110487225,0
"66ca18ce20c4af7baa912758",4,"average",4,4,7.75,5.67340285895511,2,16,0.377335569542721,0
"66ca18ce20c4af7baa912758",5,"average",6,6,8.66666666666667,6.12825877028341,1,18,0.21403095561632,1
"66ca18ce20c4af7baa912758",6,"average",8,8,40.875,6.2737050456648,30,48,-0.490477941137375,0
"66ca18ce20c4af7baa912758",7,"average",8,8,9.75,4.60298815988049,1,17,-0.446997048966388,1
"66ca18ce20c4af7baa912758",8,"average",6,6,8.5,5.56027577253743,1,17,-0.0349029596375523,1
"66ca18ce20c4af7baa912758",9,"average",4,4,10.25,4.81534007106456,5,16,0.0478591787128567,0
"66ca18ce20c4af7baa912758",10,"average",2,2,37,2,35,39,0,0
"66ca18ce20c4af7baa912758",11,"average",9,9,37.6666666666667,4.80740170061865,30,46,0.163343206821133,0
"66ca18ce20c4af7baa912758",12,"average",8,8,9.75,5.51701912267848,1,18,0.000558287377120465,1
"66ca18ce20c4af7baa912758",13,"average",2,2,17,4,13,21,0,0
"66ca18ce20c4af7baa912758",14,"average",10,10,32.2,5.9464274989274,23,41,-0.125669583629516,0
"66ca18ce20c4af7baa912758",15,"average",20,20,17.5,5.5,9,28,0.398497370398196,0
"66ca18ce20c4af7baa912758",16,"average",2,2,36,4,32,40,0,0
"66ca18ce20c4af7baa912758",17,"average",20,20,17.5,5.5,9,28,0.398497370398196,0
"66ca18ce20c4af7baa912758",18,"average",2,2,20,4,16,24,0,0
"66ca18ce20c4af7baa912758",19,"average",2,2,24,4,20,28,0,0
"66ca18ce20c4af7baa912758",20,"average",20,20,27.5,5.5,19,38,0.398497370398196,0
"66ca18ce20c4af7baa912758",21,"average",2,2,29,4,25,33,0,0
"66ca18ce20c4af7baa912758",22,"average",20,20,26.5,5.5,18,37,0.398497370398196,0
"66ca18ce20c4af7baa912758",23,"average",10,10,33.2,5.9464274989274,24,42,-0.125669583629516,0
"66ca18ce20c4af7baa912758",24,"average",10,10,26.2,5.9464274989274,17,35,-0.125669583629514,0
"66ca18ce20c4af7baa912758",25,"average",20,20,32.5,5.5,24,43,0.398497370398196,0
"66ca18ce20c4af7baa912758",26,"average",20,20,17.5,5.5,9,28,0.398497370398196,0
"66ca18ce20c4af7baa912758",27,"average",10,10,36.2,5.9464274989274,27,45,-0.125669583629516,0
"66ca18ce20c4af7baa912758",28,"average",2,2,28,4,24,32,0,0
"66ca18ce20c4af7baa912758",29,"average",20,20,16.5,5.5,8,27,0.398497370398196,0
"66ca18ce20c4af7baa912758",30,"average",2,2,16,4,12,20,0,0
"66ca18ce20c4af7baa912758",31,"average",10,10,21.2,5.9464274989274,12,30,-0.125669583629514,0
"66ca18ce20c4af7baa912758",32,"average",2,2,14,4,10,18,0,0
"66ca18ce20c4af7baa912758",33,"average",10,10,26.2,5.9464274989274,17,35,-0.125669583629514,0
"66ca18ce20c4af7baa912758",34,"average",10,10,29.2,5.9464274989274,20,38,-0.125669583629514,0
"66ca18ce20c4af7baa912758",35,"average",10,10,32.2,5.9464274989274,23,41,-0.125669583629516,0
"66ca18ce20c4af7baa912758",36,"average",2,2,36,4,32,40,0,0
"66ca18ce20c4af7baa912758",37,"average",20,20,16.5,5.5,8,27,0.398497370398196,0
"66ca18ce20c4af7baa912758",38,"average",2,2,34,4,30,38,0,0
"66ca18ce20c4af7baa912758",39,"average",20,20,30.5,5.5,22,41,0.398497370398196,0
"66ca18ce20c4af7baa912758",40,"average",10,10,26.2,5.9464274989274,17,35,-0.125669583629514,0
"66ca18ce20c4af7baa912758",41,"average",2,2,31,4,27,35,0,0
"66ca18ce20c4af7baa912758",42,"average",2,2,23,4,19,27,0,0
"66ca18ce20c4af7baa912758",43,"average",10,10,36.2,5.9464274989274,27,45,-0.125669583629516,0
"66ca18ce20c4af7baa912758",44,"average",10,10,30.2,5.9464274989274,21,39,-0.125669583629514,0
"66ca18ce20c4af7baa912758",45,"average",10,10,16.2,5.9464274989274,7,25,-0.125669583629514,0
"66ca18ce20c4af7baa912758",46,"average",10,10,14.2,5.9464274989274,5,23,-0.125669583629514,0
"66ca18ce20c4af7baa912758",47,"average",20,20,19.5,5.5,11,30,0.398497370398196,0
"66ca18ce20c4af7baa912758",48,"average",20,20,21.5,5.5,13,32,0.398497370398196,0
"66ca18ce20c4af7baa912758",49,"average",10,10,28.2,5.9464274989274,19,37,-0.125669583629514,0
"66ca18ce20c4af7baa912758",50,"average",2,2,18,4,14,22,0,0
"66ca18ce20c4af7baa912758",51,"average",2,2,32,4,28,36,0,0
"66ca18ce20c4af7baa912758",52,"average",10,10,36.2,5.9464274989274,27,45,-0.125669583629516,0
"66ca18ce20c4af7baa912758",53,"average",2,2,21,4,17,25,0,0
"66ca18ce20c4af7baa912758",54,"average",20,20,26.5,5.5,18,37,0.398497370398196,0
"66ca18ce20c4af7baa912758",55,"average",2,2,31,4,27,35,0,0
"66ca18ce20c4af7baa912758",56,"average",20,20,25.5,5.5,17,36,0.398497370398196,0
"66ca18ce20c4af7baa912758",57,"average",20,20,12.5,5.5,4,23,0.398497370398196,0
"66ca18ce20c4af7baa912758",58,"average",20,20,25.5,5.5,17,36,0.398497370398196,0
"66ca18ce20c4af7baa912758",59,"average",20,20,17.5,5.5,9,28,0.398497370398196,0
"66ca18ce20c4af7baa912758",60,"average",10,10,33.2,5.9464274989274,24,42,-0.125669583629516,0
"66ca18ce20c4af7baa912758",61,"average",10,10,34.2,5.9464274989274,25,43,-0.125669583629516,0
"66ca18ce20c4af7baa912758",62,"average",10,10,21.2,5.9464274989274,12,30,-0.125669583629514,0
"66ca18ce20c4af7baa912758",63,"average",10,10,28.2,5.9464274989274,19,37,-0.125669583629514,0
"66ca18ce20c4af7baa912758",64,"average",10,10,30.2,5.9464274989274,21,39,-0.125669583629514,0
"66ca18ce20c4af7baa912758",65,"average",10,10,36.2,5.9464274989274,27,45,-0.125669583629516,0
"66ca18ce20c4af7baa912758",66,"average",2,2,25,4,21,29,0,0
"66ca18ce20c4af7baa912758",67,"average",20,20,20.5,5.5,12,31,0.398497370398196,0
"66ca18ce20c4af7baa912758",68,"average",20,20,17.5,5.5,9,28,0.398497370398196,0
"66ca18ce20c4af7baa912758",69,"average",20,20,21.5,5.5,13,32,0.398497370398196,0
"66ca18ce20c4af7baa912758",70,"average",20,20,27.5,5.5,19,38,0.398497370398196,0
"66ca18ce20c4af7baa912758",71,"average",2,2,21,4,17,25,0,0
"66ca18ce20c4af7baa912758",72,"average",20,20,19.5,5.5,11,30,0.398497370398196,0
"66ca18ce20c4af7baa912758",73,"average",2,2,36,4,32,40,0,0
"66ca18ce20c4af7baa912758",74,"average",2,2,24,4,20,28,0,0
"66ca18ce20c4af7baa912758",75,"average",10,10,36.2,5.9464274989274,27,45,-0.125669583629516,0
"66ca18ce20c4af7baa912758",76,"average",2,2,28,4,24,32,0,0
"66ca18ce20c4af7baa912758",77,"average",20,20,28.5,5.5,20,39,0.398497370398196,0
"66ca18ce20c4af7baa912758",78,"average",2,2,22,4,18,26,0,0
"66ca18ce20c4af7baa912758",79,"average",20,20,25.5,5.5,17,36,0.398497370398196,0
"66ca18ce20c4af7baa912758",80,"average",2,2,34,4,30,38,0,0
"66ca18ce20c4af7baa912758",81,"average",10,10,26.2,5.9464274989274,17,35,-0.125669583629514,0
"66ca18ce20c4af7baa912758",82,"average",2,2,18,4,14,22,0,0
"66ca18ce20c4af7baa912758",83,"average",10,10,14.2,5.9464274989274,5,23,-0.125669583629514,0
"66ca18ce20c4af7baa912758",84,"average",2,2,25,4,21,29,0,0
"66ca18ce20c4af7baa912758",85,"average",2,2,31,4,27,35,0,0
"66ca18ce20c4af7baa912758",86,"average",10,10,36.2,5.9464274989274,27,45,-0.125669583629516,0
"66ca18ce20c4af7baa912758",87,"average",10,10,36.2,5.9464274989274,27,45,-0.125669583629516,0
"66ca18ce20c4af7baa912758",88,"average",20,20,16.5,5.5,8,27,0.398497370398196,0
"66ca18ce20c4af7baa912758",89,"average",2,2,21,4,17,25,0,0
"66ca18ce20c4af7baa912758",90,"average",10,10,34.2,5.9464274989274,25,43,-0.125669583629516,0
"66ca18ce20c4af7baa912758",91,"average",20,20,32.5,5.5,24,43,0.398497370398196,0
"66ca18ce20c4af7baa912758",92,"average",2,2,17,4,13,21,0,0
"66ca18ce20c4af7baa912758",93,"average",2,2,21,4,17,25,0,0
"66ca18ce20c4af7baa912758",94,"average",20,20,18.5,5.5,10,29,0.398497370398196,0
"66ca18ce20c4af7baa912758",95,"average",10,10,25.2,5.9464274989274,16,34,-0.125669583629514,0
"66ca18ce20c4af7baa912758",96,"average",2,2,25,4,21,29,0,0
"66ca18ce20c4af7baa912758",97,"average",10,10,34.2,5.9464274989274,25,43,-0.125669583629516,0
"66ca18ce20c4af7baa912758",98,"average",10,10,34.2,5.9464274989274,25,43,-0.125669583629516,0
"66ca18ce20c4af7baa912758",99,"average",2,2,20,4,16,24,0,0
"66ca18ce20c4af7baa912758",100,"average",10,10,35.2,5.9464274989274,26,44,-0.125669583629516,0
"66ca18ce20c4af7baa912758",101,"average",2,2,32,4,28,36,0,0
"66ca18ce20c4af7baa912758",102,"average",20,20,34.5,5.5,26,45,0.398497370398196,0
"66ca18ce20c4af7baa912758",103,"average",20,20,18.5,5.5,10,29,0.398497370398196,0
"66ca18ce20c4af7baa912758",104,"average",20,20,32.5,5.5,24,43,0.398497370398196,0
"66ca18ce20c4af7baa912758",105,"average",10,10,36.2,5.9464274989274,27,45,-0.125669583629516,0
"66ca18ce20c4af7baa912758",106,"average",20,20,22.5,5.5,14,33,0.398497370398196,0
"66ca18ce20c4af7baa912758",107,"average",20,20,30.5,5.5,22,41,0.398497370398196,0
"66ca18ce20c4af7baa912758",108,"average",20,20,32.5,5.5,24,43,0.398497370398196,0
"66a02d45a7db35d93c9f6a81",1,"average",4,4,9.5,2.29128784747792,6,12,-0.49878374911084,0
"66a02d45a7db35d93c9f6a81",2,"average",4,4,12,5.09901951359278,4,18,-0.543090835767279,0
"66a02d45a7db35d93c9f6a81",3,"average",3,3,12.6666666666667,4.98887651569859,6,18,-0.381801774160606,0
"66a02d45a7db35d93c9f6a81",4,"average",10,10,10.4,5.35163526410386,3,20,0.267291557959683,0
"66a02d45a7db35d93c9f6a81",5,"average",6,6,11.5,5.61990510002912,3,18,-0.450716068200134,0
"66a02d45a7db35d93c9f6a81",6,"average",11,11,37.9090909090909,6.61203510762479,29,48,0.125846539249901,0
"66a02d45a7db35d93c9f6a81",7,"average",3,3,33.6666666666667,1.6996731711976,32,36,0.528004979218192,0
"66a02d45a7db35d93c9f6a81",8,"average",7,7,10.5714285714286,5.31459292506808,4,18,0.131099078083478,0
"66a02d45a7db35d93c9f6a81",9,"average",5,5,37.8,5.41848687365763,31,47,0.562108322447872,0
"66a02d45a7db35d93c9f6a81",10,"average",7,7,10.8571428571429,5.22161910928488,1,19,-0.406572809043325,1
"66a02d45a7db35d93c9f6a81",11,"average",2,2,14,5,9,19,0,0
"66a02d45a7db35d93c9f6a81",12,"average",3,3,12.6666666666667,5.73488351136175,6,20,0.17280054407865,0
"66a02d45a7db35d93c9f6a81",13,"average",2,2,25,4,21,29,0,0
"66a02d45a7db35d93c9f6a81",14,"average",2,2,16,4,12,20,0,0
"66a02d45a7db35d93c9f6a81",15,"average",20,20,24.5,5.5,16,35,0.398497370398196,0
"66a02d45a7db35d93c9f6a81",16,"average",10,10,28.2,5.9464274989274,19,37,-0.125669583629514,0
"66a02d45a7db35d93c9f6a81",17,"average",20,20,13.5,5.5,5,24,0.398497370398196,0
"66a02d45a7db35d93c9f6a81",18,"average",2,2,18,4,14,22,0,0
"66a02d45a7db35d93c9f6a81",19,"average",10,10,26.2,5.9464274989274,17,35,-0.125669583629514,0
"66a02d45a7db35d93c9f6a81",20,"average",10,10,23.2,5.9464274989274,14,32,-0.125669583629514,0
"66a02d45a7db35d93c9f6a81",21,"average",10,10,22.2,5.9464274989274,13,31,-0.125669583629514,0
"66a02d45a7db35d93c9f6a81",22,"average",20,20,13.5,5.5,5,24,0.398497370398196,0
"66a02d45a7db35d93c9f6a81",23,"average",2,2,31,4,27,35,0,0
"66a02d45a7db35d93c9f6a81",24,"average",10,10,27.2,5.9464274989274,18,36,-0.125669583629514,0
"66a02d45a7db35d93c9f6a81",25,"average",2,2,24,4,20,28,0,0
"66a02d45a7db35d93c9f6a81",26,"average",2,2,15,4,11,19,0,0
"66a02d45a7db35d93c9f6a81",27,"average",20,20,23.5,5.5,15,34,0.398497370398196,0
"66a02d45a7db35d93c9f6a81",28,"average",20,20,19.5,5.5,11,30,0.398497370398196,0
"66a02d45a7db35d93c9f6a81",29,"average",20,20,31.5,5.5,23,42,0.398497370398196,0
"66a02d45a7db35d93c9f6a81",30,"average",10,10,18.2,5.9464274989274,9,27,-0.125669583629514,0
"66a02d45a7db35d93c9f6a81",31,"average",10,10,23.2,5.9464274989274,14,32,-0.125669583629514,0
"66a02d45a7db35d93c9f6a81",32,"average",2,2,32,4,28,36,0,0
"66a02d45a7db35d93c9f6a81",33,"average",10,10,30.2,5.9464274989274,21,39,-0.125669583629514,0
"66a02d45a7db35d93c9f6a81",34,"average",10,10,27.2,5.9464274989274,18,36,-0.125669583629514,0
"66a02d45a7db35d93c9f6a81",35,"average",20,20,13.5,5.5,5,24,0.398497370398196,0
"66a02d45a7db35d93c9f6a81",36,"average",20,20,23.5,5.5,15,34,0.398497370398196,0
"66a02d45a7db35d93c9f6a81",37,"average",10,10,29.2,5.9464274989274,20,38,-0.125669583629514,0
"66a02d45a7db35d93c9f6a81",38,"average",2,2,25,4,21,29,0,0
"66a02d45a7db35d93c9f6a81",39,"average",2,2,21,4,17,25,0,0
"66a02d45a7db35d93c9f6a81",40,"average",20,20,18.5,5.5,10,29,0.398497370398196,0
"66a02d45a7db35d93c9f6a81",41,"average",2,2,33,4,29,37,0,0
"66a02d45a7db35d93c9f6a81",42,"average",10,10,33.2,5.9464274989274,24,42,-0.125669583629516,0
"66a02d45a7db35d93c9f6a81",43,"average",20,20,26.5,5.5,18,37,0.398497370398196,0
"66a02d45a7db35d93c9f6a81",44,"average",20,20,27.5,5.5,19,38,0.398497370398196,0
"66a02d45a7db35d93c9f6a81",45,"average",2,2,15,4,11,19,0,0
"66a02d45a7db35d93c9f6a81",46,"average",10,10,25.2,5.9464274989274,16,34,-0.125669583629514,0
"66a02d45a7db35d93c9f6a81",47,"average",20,20,31.5,5.5,23,42,0.398497370398196,0
"66a02d45a7db35d93c9f6a81",48,"average",2,2,19,4,15,23,0,0
"66a02d45a7db35d93c9f6a81",49,"average",2,2,16,4,12,20,0,0
"66a02d45a7db35d93c9f6a81",50,"average",2,2,31,4,27,35,0,0
"66a02d45a7db35d93c9f6a81",51,"average",10,10,31.2,5.9464274989274,22,40,-0.125669583629514,0
"66a02d45a7db35d93c9f6a81",52,"average",20,20,15.5,5.5,7,26,0.398497370398196,0
"66a02d45a7db35d93c9f6a81",53,"average",10,10,31.2,5.9464274989274,22,40,-0.125669583629514,0
"66a02d45a7db35d93c9f6a81",54,"average",20,20,25.5,5.5,17,36,0.398497370398196,0
"66a02d45a7db35d93c9f6a81",55,"average",2,2,19,4,15,23,0,0
"66a02d45a7db35d93c9f6a81",56,"average",10,10,31.2,5.9464274989274,22,40,-0.125669583629514,0
"66a02d45a7db35d93c9f6a81",57,"average",20,20,20.5,5.5,12,31,0.398497370398196,0
"66a02d45a7db35d93c9f6a81",58,"average",10,10,29.2,5.9464274989274,20,38,-0.125669583629514,0
"66a02d45a7db35d93c9f6a81",59,"average",2,2,26,4,22,30,0,0
"66a02d45a7db35d93c9f6a81",60,"average",20,20,13.5,5.5,5,24,0.398497370398196,0
"66a02d45a7db35d93c9f6a81",61,"average",2,2,30,4,26,34,0,0
"66a02d45a7db35d93c9f6a81",62,"average",20,20,32.5,5.5,24,43,0.398497370398196,0
"66a02d45a7db35d93c9f6a81",63,"average",2,2,18,4,14,22,0,0
"66a02d45a7db35d93c9f6a81",64,"average",10,10,32.2,5.9464274989274,23,41,-0.125669583629516,0
"66a02d45a7db35d93c9f6a81",65,"average",2,2,14,4,10,18,0,0
"66a02d45a7db35d93c9f6a81",66,"average",10,10,18.2,5.9464274989274,9,27,-0.125669583629514,0
"66a02d45a7db35d93c9f6a81",67,"average",2,2,23,4,19,27,0,0
"66a02d45a7db35d93c9f6a81",68,"average",20,20,13.5,5.5,5,24,0.398497370398196,0
"66a02d45a7db35d93c9f6a81",69,"average",2,2,32,4,28,36,0,0
"66a02d45a7db35d93c9f6a81",70,"average",2,2,32,4,28,36,0,0
"66a02d45a7db35d93c9f6a81",71,"average",10,10,26.2,5.9464274989274,17,35,-0.125669583629514,0
"66a02d45a7db35d93c9f6a81",72,"average",20,20,33.5,5.5,25,44,0.398497370398196,0
"66a02d45a7db35d93c9f6a81",73,"average",10,10,18.2,5.9464274989274,9,27,-0.125669583629514,0
"66a02d45a7db35d93c9f6a81",74,"average",10,10,26.2,5.9464274989274,17,35,-0.125669583629514,0
"66a02d45a7db35d93c9f6a81",75,"average",10,10,31.2,5.9464274989274,22,40,-0.125669583629514,0
"66a02d45a7db35d93c9f6a81",76,"average",10,10,18.2,5.9464274989274,9,27,-0.125669583629514,0
"66a02d45a7db35d93c9f6a81",77,"average",20,20,29.5,5.5,21,40,0.398497370398196,0
"66a02d45a7db35d93c9f6a81",78,"average",20,20,15.5,5.5,7,26,0.398497370398196,0
"66a02d45a7db35d93c9f6a81",79,"average",2,2,26,4,22,30,0,0
"66a02d45a7db35d93c9f6a81",80,"average",10,10,23.2,5.9464274989274,14,32,-0.125669583629514,0
"66a02d45a7db35d93c9f6a81",81,"average",20,20,23.5,5.5,15,34,0.398497370398196,0
"66a02d45a7db35d93c9f6a81",82,"average",20,20,28.5,5.5,20,39,0.398497370398196,0
"66a02d45a7db35d93c9f6a81",83,"average",10,10,31.2,5.9464274989274,22,40,-0.125669583629514,0
"66a02d45a7db35d93c9f6a81",84,"average",20,20,28.5,5.5,20,39,0.398497370398196,0
"66a02d45a7db35d93c9f6a81",85,"average",2,2,17,4,13,21,0,0
"66a02d45a7db35d93c9f6a81",86,"average",10,10,32.2,5.9464274989274,23,41,-0.125669583629516,0
"66a02d45a7db35d93c9f6a81",87,"average",10,10,19.2,5.9464274989274,10,28,-0.125669583629514,0
"66a02d45a7db35d93c9f6a81",88,"average",20,20,28.5,5.5,20,39,0.398497370398196,0
"66a02d45a7db35d93c9f6a81",89,"average",2,2,20,4,16,24,0,0
"66a02d45a7db35d93c9f6a81",90,"average",2,2,34,4,30,38,0,0
"66a02d45a7db35d93c9f6a81",91,"average",10,10,15.2,5.9464274989274,6,24,-0.125669583629514,0
"66a02d45a7db35d93c9f6a81",92,"average",10,10,23.2,5.9464274989274,14,32,-0.125669583629514,0
"66a02d45a7db35d93c9f6a81",93,"average",2,2,21,4,17,25,0,0
"66a02d45a7db35d93c9f6a81",94,"average",2,2,16,4,12,20,0,0
"66a02d45a7db35d93c9f6a81",95,"average",10,10,29.2,5.9464274989274,20,38,-0.125669583629514,0
"66a02d45a7db35d93c9f6a81",96,"average",20,20,23.5,5.5,15,34,0.398497370398196,0
"66a02d45a7db35d93c9f6a81",97,"average",2,2,29,4,25,33,0,0
"66a02d45a7db35d93c9f6a81",98,"average",2,2,36,4,32,40,0,0
"66a02d45a7db35d93c9f6a81",99,"average",20,20,15.5,5.5,7,26,0.398497370398196,0
"66a02d45a7db35d93c9f6a81",100,"average",20,20,28.5,5.5,20,39,0.398497370398196,0
"66a02d45a7db35d93c9f6a81",101,"average",20,20,23.5,5.5,15,34,0.398497370398196,0
"66a02d45a7db35d93c9f6a81",102,"average",20,20,30.5,5.5,22,41,0.398497370398196,0
"66a02d45a7db35d93c9f6a81",103,"average",2,2,34,4,30,38,0,0
"66a02d45a7db35d93c9f6a81",104,"average",10,10,31.2,5.9464274989274,22,40,-0.125669583629514,0
"66a02d45a7db35d93c9f6a81",105,"average",20,20,34.5,5.5,26,45,0.398497370398196,0
"66a02d45a7db35d93c9f6a81",106,"average",2,2,14,4,10,18,0,0
"66a02d45a7db35d93c9f6a81",107,"average",20,20,15.5,5.5,7,26,0.398497370398196,0
"66a02d45a7db35d93c9f6a81",108,"average",10,10,14.2,5.9464274989274,5,23,-0.125669583629514,0
"5f5e32a0d6a12c6857b8e127",1,"average",4,4,7.25,6.57171971404746,1,18,0.811594949532967,1
"5f5e32a0d6a12c6857b8e127",2,"average",8,8,37.125,5.62222153601225,30,46,0.431981378154188,0
"5f5e32a0d6a12c6857b8e127",3,"average",10,10,39.5,6.3285069329187,30,48,-0.110077972714152,0
"5f5e32a0d6a12c6857b8e127",4,"average",10,10,39.5,5.98748695196908,29,47,-0.368970327391523,0
"5f5e32a0d6a12c6857b8e127",5,"average",3,3,12,5.71547606649408,4,17,-0.642723256123866,0
"5f5e32a0d6a12c6857b8e127",6,"average",4,4,8.75,6.83282518435822,2,20,0.833150407150662,0
"5f5e32a0d6a12c6857b8e127",7,"average",3,3,11.3333333333333,2.49443825784929,8,14,-0.381801774160607,0
"5f5e32a0d6a12c6857b8e127",8,"average",2,2,36,3,33,39,0,0
"5f5e32a0d6a12c6857b8e127",9,"average",3,3,12,1.63299316185545,10,14,0,0
"5f5e32a0d6a12c6857b8e127",10,"average",11,11,37.3636363636364,5.4983092818318,29,48,0.446662299931214,0
"5f5e32a0d6a12c6857b8e127",11,"average",8,8,12.5,5.67890834580027,3,20,-0.614268074180668,0
"5f5e32a0d6a12c6857b8e127",12,"average",2,2,7,3,4,10,0,0
"5f5e32a0d6a12c6857b8e127",13,"average",10,10,23.2,5.9464274989274,14,32,-0.125669583629514,0
"5f5e32a0d6a12c6857b8e127",14,"average",2,2,20,4,16,24,0,0
"5f5e32a0d6a12c6857b8e127",15,"average",2,2,30,4,26,34,0,0
"5f5e32a0d6a12c6857b8e127",16,"average",10,10,36.2,5.9464274989274,27,45,-0.125669583629516,0
"5f5e32a0d6a12c6857b8e127",17,"average",2,2,31,4,27,35,0,0
"5f5e32a0d6a12c6857b8e127",18,"average",10,10,34.2,5.9464274989274,25,43,-0.125669583629516,0
"5f5e32a0d6a12c6857b8e127",19,"average",2,2,36,4,32,40,0,0
"5f5e32a0d6a12c6857b8e127",20,"average",10,10,29.2,5.9464274989274,20,38,-0.125669583629514,0
"5f5e32a0d6a12c6857b8e127",21,"average",20,20,22.5,5.5,14,33,0.398497370398196,0
"5f5e32a0d6a12c6857b8e127",22,"average",2,2,28,4,24,32,0,0
"5f5e32a0d6a12c6857b8e127",23,"average",10,10,22.2,5.9464274989274,13,31,-0.125669583629514,0
"5f5e32a0d6a12c6857b8e127",24,"average",20,20,31.5,5.5,23,42,0.398497370398196,0
"5f5e32a0d6a12c6857b8e127",25,"average",20,20,19.5,5.5,11,30,0.398497370398196,0
"5f5e32a0d6a12c6857b8e127",26,"average",2,2,29,4,25,33,0,0
"5f5e32a0d6a12c6857b8e127",27,"average",20,20,34.5,5.5,26,45,0.398497370398196,0
"5f5e32a0d6a12c6857b8e127",28,"average",2,2,33,4,29,37,0,0
"5f5e32a0d6a12c6857b8e127",29,"average",10,10,16.2,5.9464274989274,7,25,-0.125669583629514,0
"5f5e32a0d6a12c6857b8e127",30,"average",10,10,29.2,5.9464274989274,20,38,-0.125669583629514,0
"5f5e32a0d6a12c6857b8e127",31,"average",20,20,23.5,5.5,15,34,0.398497370398196,0
"5f5e32a0d6a12c6857b8e127",32,"average",2,2,23,4,19,27,0,0
"5f5e32a0d6a12c6857b8e127",33,"average",10,10,32.2,5.9464274989274,23,41,-0.125669583629516,0
"5f5e32a0d6a12c6857b8e127",34,"average",20,20,13.5,5.5,5,24,0.398497370398196,0
"5f5e32a0d6a12c6857b8e127",35,"average",20,20,21.5,5.5,13,32,0.398497370398196,0
"5f5e32a0d6a12c6857b8e127",36,"average",2,2,31,4,27,35,0,0
"5f5e32a0d6a12c6857b8e127",37,"average",2,2,30,4,26,34,0,0
"5f5e32a0d6a12c6857b8e127",38,"average",10,10,25.2,5.9464274989274,16,34,-0.125669583629514,0
"5f5e32a0d6a12c6857b8e127",39,"average",20,20,15.5,5.5,7,26,0.398497370398196,0
"5f5e32a0d6a12c6857b8e127",40,"average",2,2,16,4,12,20,0,0
"5f5e32a0d6a12c6857b8e127",41,"average",2,2,25,4,21,29,0,0
"5f5e32a0d6a12c6857b8e127",42,"average",10,10,24.2,5.9464274989274,15,33,-0.125669583629514,0
"5f5e32a0d6a12c6857b8e127",43,"average",20,20,20.5,5.5,12,31,0.398497370398196,0
"5f5e32a0d6a12c6857b8e127",44,"average",10,10,28.2,5.9464274989274,19,37,-0.125669583629514,0
"5f5e32a0d6a12c6857b8e127",45,"average",20,20,33.5,5.5,25,44,0.398497370398196,0
"5f5e32a0d6a12c6857b8e127",46,"average",10,10,16.2,5.9464274989274,7,25,-0.125669583629514,0
"5f5e32a0d6a12c6857b8e127",47,"average",10,10,30.2,5.9464274989274,21,39,-0.125669583629514,0
"5f5e32a0d6a12c6857b8e127",48,"average",10,10,20.2,5.9464274989274,11,29,-0.125669583629514,0
"5f5e32a0d6a12c6857b8e127",49,"average",20,20,33.5,5.5,25,44,0.398497370398196,0
"5f5e32a0d6a12c6857b8e127",50,"average",20,20,16.5,5.5,8,27,0.398497370398196,0
"5f5e32a0d6a12c6857b8e127",51,"average",2,2,14,4,10,18,0,0
"5f5e32a0d6a12c6857b8e127",52,"average",20,20,26.5,5.5,18,37,0.398497370398196,0
"5f5e32a0d6a12c6857b8e127",53,"average",10,10,33.2,5.9464274989274,24,42,-0.125669583629516,0
"5f5e32a0d6a12c6857b8e127",54,"average",2,2,26,4,22,30,0,0
"5f5e32a0d6a12c6857b8e127",55,"average",2,2,17,4,13,21,0,0
"5f5e32a0d6a12c6857b8e127",56,"average",20,20,23.5,5.5,15,34,0.398497370398196,0
"5f5e32a0d6a12c6857b8e127",57,"average",2,2,33,4,29,37,0,0
"5f5e32a0d6a12c6857b8e127",58,"average",10,10,32.2,5.9464274989274,23,41,-0.125669583629516,0
"5f5e32a0d6a12c6857b8e127",59,"average",20,20,33.5,5.5,25,44,0.398497370398196,0
"5f5e32a0d6a12c6857b8e127",60,"average",20,20,21.5,5.5,13,32,0.398497370398196,0
"5f5e32a0d6a12c6857b8e127",61,"average",2,2,32,4,28,36,0,0
"5f5e32a0d6a12c6857b8e127",62,"average",10,10,14.2,5.9464274989274,5,23,-0.125669583629514,0
"5f5e32a0d6a12c6857b8e127",63,"average",2,2,21,4,17,25,0,0
"5f5e32a0d6a12c6857b8e127",64,"average",2,2,26,4,22,30,0,0
"5f5e32a0d6a12c6857b8e127",65,"average",20,20,33.5,5.5,25,44,0.398497370398196,0
"5f5e32a0d6a12c6857b8e127",66,"average",2,2,22,4,18,26,0,0
"5f5e32a0d6a12c6857b8e127",67,"average",20,20,28.5,5.5,20,39,0.398497370398196,0
"5f5e32a0d6a12c6857b8e127",68,"average",2,2,35,4,31,39,0,0
"5f5e32a0d6a12c6857b8e127",69,"average",10,10,32.2,5.9464274989274,23,41,-0.125669583629516,0
"5f5e32a0d6a12c6857b8e127",70,"average",10,10,28.2,5.9464274989274,19,37,-0.125669583629514,0
"5f5e32a0d6a12c6857b8e127",71,"average",10,10,16.2,5.9464274989274,7,25,-0.125669583629514,0
"5f5e32a0d6a12c6857b8e127",72,"average",10,10,24.2,5.9464274989274,15,33,-0.125669583629514,0
"5f5e32a0d6a12c6857b8e127",73,"average",10,10,27.2,5.9464274989274,18,36,-0.125669583629514,0
"5f5e32a0d6a12c6857b8e127",74,"average",20,20,17.5,5.5,9,28,0.398497370398196,0
"5f5e32a0d6a12c6857b8e127",75,"average",20,20,21.5,5.5,13,32,0.398497370398196,0
"5f5e32a0d6a12c6857b8e127",76,"average",2,2,30,4,26,34,0,0
"5f5e32a0d6a12c6857b8e127",77,"average",2,2,30,4,26,34,0,0
"5f5e32a0d6a12c6857b8e127",78,"average",2,2,17,4,13,21,0,0
"5f5e32a0d6a12c6857b8e127",79,"average",2,2,34,4,30,38,0,0
"5f5e32a0d6a12c6857b8e127",80,"average",10,10,29.2,5.9464274989274,20,38,-0.125669583629514,0
"5f5e32a0d6a12c6857b8e127",81,"average",2,2,14,4,10,18,0,0
"5f5e32a0d6a12c6857b8e127",82,"average",20,20,20.5,5.5,12,31,0.398497370398196,0
"5f5e32a0d6a12c6857b8e127",83,"average",10,10,15.2,5.9464274989274,6,24,-0.125669583629514,0
"5f5e32a0d6a12c6857b8e127",84,"average",20,20,22.5,5.5,14,33,0.398497370398196,0
"5f5e32a0d6a12c6857b8e127",85,"average",2,2,35,4,31,39,0,0
"5f5e32a0d6a12c6857b8e127",86,"average",2,2,32,4,28,36,0,0
"5f5e32a0d6a12c6857b8e127",87,"average",20,20,31.5,5.5,23,42,0.398497370398196,0
"5f5e32a0d6a12c6857b8e127",88,"average",20,20,14.5,5.5,6,25,0.398497370398196,0
"5f5e32a0d6a12c6857b8e127",89,"average",20,20,17.5,5.5,9,28,0.398497370398196,0
"5f5e32a0d6a12c6857b8e127",90,"average",2,2,16,4,12,20,0,0
"5f5e32a0d6a12c6857b8e127",91,"average",2,2,33,4,29,37,0,0
"5f5e32a0d6a12c6857b8e127",92,"average",20,20,26.5,5.5,18,37,0.398497370398196,0
"5f5e32a0d6a12c6857b8e127",93,"average",10,10,23.2,5.9464274989274,14,32,-0.125669583629514,0
"5f5e32a0d6a12c6857b8e127",94,"average",2,2,33,4,29,37,0,0
"5f5e32a0d6a12c6857b8e127",95,"average",10,10,24.2,5.9464274989274,15,33,-0.125669583629514,0
"5f5e32a0d6a12c6857b8e127",96,"average",20,20,17.5,5.5,9,28,0.398497370398196,0
"5f5e32a0d6a12c6857b8e127",97,"average",10,10,22.2,5.9464274989274,13,31,-0.125669583629514,0
"5f5e32a0d6a12c6857b8e127",98,"average",10,10,35.2,5.9464274989274,26,44,-0.125669583629516,0
"5f5e32a0d6a12c6857b8e127",99,"average",20,20,30.5,5.5,22,41,0.398497370398196,0
"5f5e32a0d6a12c6857b8e127",100,"average",20,20,31.5,5.5,23,42,0.398497370398196,0
"5f5e32a0d6a12c6857b8e127",101,"average",10,10,29.2,5.9464274989274,20,38,-0.125669583629514,0
"5f5e32a0d6a12c6857b8e127",102,"average",20,20,33.5,5.5,25,44,0.398497370398196,0
"5f5e32a0d6a12c6857b8e127",103,"average",10,10,26.2,5.9464274989274,17,35,-0.125669583629514,0
"5f5e32a0d6a12c6857b8e127",104,"average",10,10,25.2,5.9464274989274,16,34,-0.125669583629514,0
"5f5e32a0d6a12c6857b8e127",105,"average",20,20,33.5,5.5,25,44,0.398497370398196,0
"5f5e32a0d6a12c6857b8e127",106,"average",2,2,35,4,31,39,0,0
"5f5e32a0d6a12c6857b8e127",107,"average",10,10,25.2,5.9464274989274,16,34,-0.125669583629514,0
"5f5e32a0d6a12c6857b8e127",108,"average",20,20,26.5,5.5,18,37,0.398497370398196,0
"573b8bc2f3580b0006ce0986",1,"average",6,6,42.8333333333333,3.43592135468138,36,47,-0.967859811909698,0
"573b8bc2f3580b0006ce0986",2,"average",4,4,10.5,6.72681202353685,1,19,-0.177405011700981,1
"573b8bc2f3580b0006ce0986",3,"average",8,8,9.875,6.37254854826544,1,20,0.37716787351813,1
"573b8bc2f3580b0006ce0986",4,"average",2,2,13,3,10,16,0,0
"573b8bc2f3580b0006ce0986",5,"average",4,4,7,4.74341649025257,1,13,0,1
"573b8bc2f3580b0006ce0986",6,"average",3,3,37.3333333333333,3.09120616516523,33,40,-0.652012117044049,0
"573b8bc2f3580b0006ce0986",7,"average",6,6,37.1666666666667,7.53694603639668,29,48,0.529637604073687,0
"573b8bc2f3580b0006ce0986",8,"average",2,2,10.5,2.5,8,13,0,0
"573b8bc2f3580b0006ce0986",9,"average",2,2,45,3,42,48,0,0
"573b8bc2f3580b0006ce0986",10,"average",2,2,35,5,30,40,0,0
"573b8bc2f3580b0006ce0986",11,"average",2,2,6,1,5,7,0,0
"573b8bc2f3580b0006ce0986",12,"average",7,7,8.71428571428571,5.72498997414682,2,19,0.500059529758266,0
"573b8bc2f3580b0006ce0986",13,"average",20,20,26.5,5.5,18,37,0.398497370398196,0
"573b8bc2f3580b0006ce0986",14,"average",2,2,22,4,18,26,0,0
"573b8bc2f3580b0006ce0986",15,"average",20,20,16.5,5.5,8,27,0.398497370398196,0
"573b8bc2f3580b0006ce0986",16,"average",10,10,30.2,5.9464274989274,21,39,-0.125669583629514,0
"573b8bc2f3580b0006ce0986",17,"average",2,2,22,4,18,26,0,0
"573b8bc2f3580b0006ce0986",18,"average",2,2,18,4,14,22,0,0
"573b8bc2f3580b0006ce0986",19,"average",10,10,26.2,5.9464274989274,17,35,-0.125669583629514,0
"573b8bc2f3580b0006ce0986",20,"average",2,2,24,4,20,28,0,0
"573b8bc2f3580b0006ce0986",21,"average",10,10,31.2,5.9464274989274,22,40,-0.125669583629514,0
"573b8bc2f3580b0006ce0986",22,"average",10,10,19.2,5.9464274989274,10,28,-0.125669583629514,0
"573b8bc2f3580b0006ce0986",23,"average",10,10,16.2,5.9464274989274,7,25,-0.125669583629514,0
"573b8bc2f3580b0006ce0986",24,"average",20,20,30.5,5.5,22,41,0.398497370398196,0
"573b8bc2f3580b0006ce0986",25,"average",10,10,26.2,5.9464274989274,17,35,-0.125669583629514,0
"573b8bc2f3580b0006ce0986",26,"average",2,2,31,4,27,35,0,0
"573b8bc2f3580b0006ce0986",27,"average",2,2,33,4,29,37,0,0
"573b8bc2f3580b0006ce0986",28,"average",2,2,35,4,31,39,0,0
"573b8bc2f3580b0006ce0986",29,"average",10,10,24.2,5.9464274989274,15,33,-0.125669583629514,0
"573b8bc2f3580b0006ce0986",30,"average",10,10,14.2,5.9464274989274,5,23,-0.125669583629514,0
"573b8bc2f3580b0006ce0986",31,"average",10,10,18.2,5.9464274989274,9,27,-0.125669583629514,0
"573b8bc2f3580b0006ce0986",32,"average",2,2,24,4,20,28,0,0
"573b8bc2f3580b0006ce0986",33,"average",2,2,17,4,13,21,0,0
"573b8bc2f3580b0006ce0986",34,"average",2,2,14,4,10,18,0,0
"573b8bc2f3580b0006ce0986",35,"average",10,10,15.2,5.9464274989274,6,24,-0.125669583629514,0
"573b8bc2f3580b0006ce0986",36,"average",10,10,31.2,5.9464274989274,22,40,-0.125669583629514,0
"573b8bc2f3580b0006ce0986",37,"average",20,20,14.5,5.5,6,25,0.398497370398196,0
"573b8bc2f3580b0006ce0986",38,"average",20,20,30.5,5.5,22,41,0.398497370398196,0
"573b8bc2f3580b0006ce0986",39,"average",10,10,26.2,5.9464274989274,17,35,-0.125669583629514,0
"573b8bc2f3580b0006ce0986",40,"average",20,20,23.5,5.5,15,34,0.398497370398196,0
"573b8bc2f3580b0006ce0986",41,"average",20,20,23.5,5.5,15,34,0.398497370398196,0
"573b8bc2f3580b0006ce0986",42,"average",20,20,16.5,5.5,8,27,0.398497370398196,0
"573b8bc2f3580b0006ce0986",43,"average",2,2,28,4,24,32,0,0
"573b8bc2f3580b0006ce0986",44,"average",10,10,25.2,5.9464274989274,16,34,-0.125669583629514,0
"573b8bc2f3580b0006ce0986",45,"average",20,20,34.5,5.5,26,45,0.398497370398196,0
"573b8bc2f3580b0006ce0986",46,"average",20,20,32.5,5.5,24,43,0.398497370398196,0
"573b8bc2f3580b0006ce0986",47,"average",20,20,31.5,5.5,23,42,0.398497370398196,0
"573b8bc2f3580b0006ce0986",48,"average",2,2,21,4,17,25,0,0
"573b8bc2f3580b0006ce0986",49,"average",2,2,27,4,23,31,0,0
"573b8bc2f3580b0006ce0986",50,"average",10,10,20.2,5.9464274989274,11,29,-0.125669583629514,0
"573b8bc2f3580b0006ce0986",51,"average",20,20,28.5,5.5,20,39,0.398497370398196,0
"573b8bc2f3580b0006ce0986",52,"average",2,2,35,4,31,39,0,0
"573b8bc2f3580b0006ce0986",53,"average",10,10,33.2,5.9464274989274,24,42,-0.125669583629516,0
"573b8bc2f3580b0006ce0986",54,"average",2,2,19,4,15,23,0,0
"573b8bc2f3580b0006ce0986",55,"average",10,10,25.2,5.9464274989274,16,34,-0.125669583629514,0
"573b8bc2f3580b0006ce0986",56,"average",20,20,15.5,5.5,7,26,0.398497370398196,0
"573b8bc2f3580b0006ce0986",57,"average",20,20,22.5,5.5,14,33,0.398497370398196,0
"573b8bc2f3580b0006ce0986",58,"average",20,20,13.5,5.5,5,24,0.398497370398196,0
"573b8bc2f3580b0006ce0986",59,"average",2,2,24,4,20,28,0,0
"573b8bc2f3580b0006ce0986",60,"average",20,20,30.5,5.5,22,41,0.398497370398196,0
"573b8bc2f3580b0006ce0986",61,"average",10,10,14.2,5.9464274989274,5,23,-0.125669583629514,0
"573b8bc2f3580b0006ce0986",62,"average",2,2,31,4,27,35,0,0
"573b8bc2f3580b0006ce0986",63,"average",10,10,30.2,5.9464274989274,21,39,-0.125669583629514,0
"573b8bc2f3580b0006ce0986",64,"average",10,10,19.2,5.9464274989274,10,28,-0.125669583629514,0
"573b8bc2f3580b0006ce0986",65,"average",2,2,26,4,22,30,0,0
"573b8bc2f3580b0006ce0986",66,"average",20,20,13.5,5.5,5,24,0.398497370398196,0
"573b8bc2f3580b0006ce0986",67,"average",2,2,30,4,26,34,0,0
"573b8bc2f3580b0006ce0986",68,"average",2,2,17,4,13,21,0,0
"573b8bc2f3580b0006ce0986",69,"average",20,20,23.5,5.5,15,34,0.398497370398196,0
"573b8bc2f3580b0006ce0986",70,"average",20,20,19.5,5.5,11,30,0.398497370398196,0
"573b8bc2f3580b0006ce0986",71,"average",2,2,17,4,13,21,0,0
"573b8bc2f3580b0006ce0986",72,"average",20,20,26.5,5.5,18,37,0.398497370398196,0
"573b8bc2f3580b0006ce0986",73,"average",2,2,16,4,12,20,0,0
"573b8bc2f3580b0006ce0986",74,"average",20,20,22.5,5.5,14,33,0.398497370398196,0
"573b8bc2f3580b0006ce0986",75,"average",10,10,15.2,5.9464274989274,6,24,-0.125669583629514,0
"573b8bc2f3580b0006ce0986",76,"average",10,10,23.2,5.9464274989274,14,32,-0.125669583629514,0
"573b8bc2f3580b0006ce0986",77,"average",10,10,32.2,5.9464274989274,23,41,-0.125669583629516,0
"573b8bc2f3580b0006ce0986",78,"average",20,20,21.5,5.5,13,32,0.398497370398196,0
"573b8bc2f3580b0006ce0986",79,"average",20,20,29.5,5.5,21,40,0.398497370398196,0
"573b8bc2f3580b0006ce0986",80,"average",2,2,29,4,25,33,0,0
"573b8bc2f3580b0006ce0986",81,"average",2,2,17,4,13,21,0,0
"573b8bc2f3580b0006ce0986",82,"average",10,10,33.2,5.9464274989274,24,42,-0.125669583629516,0
"573b8bc2f3580b0006ce0986",83,"average",2,2,14,4,10,18,0,0
"573b8bc2f3580b0006ce0986",84,"average",20,20,15.5,5.5,7,26,0.398497370398196,0
"573b8bc2f3580b0006ce0986",85,"average",2,2,18,4,14,22,0,0
"573b8bc2f3580b0006ce0986",86,"average",10,10,26.2,5.9464274989274,17,35,-0.125669583629514,0
"573b8bc2f3580b0006ce0986",87,"average",2,2,17,4,13,21,0,0
"573b8bc2f3580b0006ce0986",88,"average",10,10,19.2,5.9464274989274,10,28,-0.125669583629514,0
"573b8bc2f3580b0006ce0986",89,"average",2,2,18,4,14,22,0,0
"573b8bc2f3580b0006ce0986",90,"average",2,2,25,4,21,29,0,0
"573b8bc2f3580b0006ce0986",91,"average",20,20,32.5,5.5,24,43,0.398497370398196,0
"573b8bc2f3580b0006ce0986",92,"average",20,20,15.5,5.5,7,26,0.398497370398196,0
"573b8bc2f3580b0006ce0986",93,"average",10,10,26.2,5.9464274989274,17,35,-0.125669583629514,0
"573b8bc2f3580b0006ce0986",94,"average",10,10,19.2,5.9464274989274,10,28,-0.125669583629514,0
"573b8bc2f3580b0006ce0986",95,"average",20,20,17.5,5.5,9,28,0.398497370398196,0
"573b8bc2f3580b0006ce0986",96,"average",20,20,34.5,5.5,26,45,0.398497370398196,0
"573b8bc2f3580b0006ce0986",97,"average",10,10,26.2,5.9464274989274,17,35,-0.125669583629514,0
"573b8bc2f3580b0006ce0986",98,"average",10,10,20.2,5.9464274989274,11,29,-0.125669583629514,0
"573b8bc2f3580b0006ce0986",99,"average",10,10,23.2,5.9464274989274,14,32,-0.125669583629514,0
"573b8bc2f3580b0006ce0986",100,"average",20,20,32.5,5.5,24,43,0.398497370398196,0
"573b8bc2f3580b0006ce0986",101,"average",2,2,26,4,22,30,0,0
"573b8bc2f3580b0006ce0986",102,"average",10,10,30.2,5.9464274989274,21,39,-0.125669583629514,0
"573b8bc2f3580b0006ce0986",103,"average",20,20,14.5,5.5,6,25,0.398497370398196,0
"573b8bc2f3580b0006ce0986",104,"average",10,10,27.2,5.9464274989274,18,36,-0.125669583629514,0
"573b8bc2f3580b0006ce0986",105,"average",20,20,29.5,5.5,21,40,0.398497370398196,0
"573b8bc2f3580b0006ce0986",106,"average",20,20,32.5,5.5,24,43,0.398497370398196,0
"573b8bc2f3580b0006ce0986",107,"average",2,2,32,4,28,36,0,0
"573b8bc2f3580b0006ce0986",108,"average",2,2,15,4,11,19,0,0
"5e790129bd76c94a7b3aa7b6",1,"average",11,11,38.5454545454545,6.19917349862993,29,47,-0.113533250339113,0
"5e790129bd76c94a7b3aa7b6",2,"average",7,7,9.14285714285714,3.39867921524866,4,15,0.204967231575511,0
"5e790129bd76c94a7b3aa7b6",3,"average",6,6,13.6666666666667,4.92160768674447,4,19,-0.940121929556987,0
"67f15a6eb321af2595c63b9b",1,"average",3,3,11,5.71547606649408,6,19,0.642723256123866,0
"67f15a6eb321af2595c63b9b",2,"average",2,2,36,3,33,39,0,0
"67f15a6eb321af2595c63b9b",3,"average",4,4,42.25,7.22409163839994,30,48,-1.0182992953809,0
"67f15a6eb321af2595c63b9b",4,"average",9,9,38.5555555555556,6.83310749400969,29,48,0.0101296164010331,0
"67f15a6eb321af2595c63b9b",5,"average",9,9,12,5.31245915016974,4,20,0.0933772812370961,0
"67f15a6eb321af2595c63b9b",6,"average",11,11,37.1818181818182,6.30754500316424,29,48,0.379372172565188,0
"67f15a6eb321af2595c63b9b",7,"average",7,7,37.5714285714286,3.33197251134017,32,42,-0.202866432976477,0
"67f15a6eb321af2595c63b9b",8,"average",3,3,36.6666666666667,3.09120616516523,34,41,0.652012117044049,0
"67f15a6eb321af2595c63b9b",9,"average",7,7,9.42857142857143,5.473498303048,3,20,0.729016136677486,0
"67f15a6eb321af2595c63b9b",10,"average",4,4,37.5,3.5,34,43,0.629737609329446,0
"67f15a6eb321af2595c63b9b",11,"average",6,6,39.3333333333333,4.53382350291181,31,46,-0.474908904541677,0
"67f15a6eb321af2595c63b9b",12,"average",10,10,41,5.94978991225741,31,48,-0.555496041793639,0
"67f15a6eb321af2595c63b9b",13,"average",10,10,20.2,5.9464274989274,11,29,-0.125669583629514,0
"67f15a6eb321af2595c63b9b",14,"average",10,10,34.2,5.9464274989274,25,43,-0.125669583629516,0
"67f15a6eb321af2595c63b9b",15,"average",2,2,30,4,26,34,0,0
"67f15a6eb321af2595c63b9b",16,"average",20,20,19.5,5.5,11,30,0.398497370398196,0
"67f15a6eb321af2595c63b9b",17,"average",20,20,25.5,5.5,17,36,0.398497370398196,0
"67f15a6eb321af2595c63b9b",18,"average",2,2,36,4,32,40,0,0
"67f15a6eb321af2595c63b9b",19,"average",2,2,22,4,18,26,0,0
"67f15a6eb321af2595c63b9b",20,"average",2,2,25,4,21,29,0,0
"67f15a6eb321af2595c63b9b",21,"average",2,2,36,4,32,40,0,0
"67f15a6eb321af2595c63b9b",22,"average",2,2,34,4,30,38,0,0
"67f15a6eb321af2595c63b9b",23,"average",10,10,25.2,5.9464274989274,16,34,-0.125669583629514,0
"67f15a6eb321af2595c63b9b",24,"average",20,20,18.5,5.5,10,29,0.398497370398196,0
"67f15a6eb321af2595c63b9b",25,"average",2,2,21,4,17,25,0,0
"67f15a6eb321af2595c63b9b",26,"average",10,10,31.2,5.9464274989274,22,40,-0.125669583629514,0
"67f15a6eb321af2595c63b9b",27,"average",20,20,14.5,5.5,6,25,0.398497370398196,0
"67f15a6eb321af2595c63b9b",28,"average",10,10,19.2,5.9464274989274,10,28,-0.125669583629514,0
"67f15a6eb321af2595c63b9b",29,"average",2,2,27,4,23,31,0,0
"67f15a6eb321af2595c63b9b",30,"average",20,20,24.5,5.5,16,35,0.398497370398196,0
"67f15a6eb321af2595c63b9b",31,"average",20,20,24.5,5.5,16,35,0.398497370398196,0
"67f15a6eb321af2595c63b9b",32,"average",2,2,29,4,25,33,0,0
"67f15a6eb321af2595c63b9b",33,"average",20,20,27.5,5.5,19,38,0.398497370398196,0
"67f15a6eb321af2595c63b9b",34,"average",2,2,36,4,32,40,0,0
"67f15a6eb321af2595c63b9b",35,"average",2,2,36,4,32,40,0,0
"67f15a6eb321af2595c63b9b",36,"average",20,20,18.5,5.5,10,29,0.398497370398196,0
"67f15a6eb321af2595c63b9b",37,"average",20,20,17.5,5.5,9,28,0.398497370398196,0
"67f15a6eb321af2595c63b9b",38,"average",10,10,15.2,5.9464274989274,6,24,-0.125669583629514,0
"67f15a6eb321af2595c63b9b",39,"average",20,20,16.5,5.5,8,27,0.398497370398196,0
"67f15a6eb321af2595c63b9b",40,"average",10,10,28.2,5.9464274989274,19,37,-0.125669583629514,0
"67f15a6eb321af2595c63b9b",41,"average",10,10,15.2,5.9464274989274,6,24,-0.125669583629514,0
"67f15a6eb321af2595c63b9b",42,"average",20,20,23.5,5.5,15,34,0.398497370398196,0
"67f15a6eb321af2595c63b9b",43,"average",2,2,17,4,13,21,0,0
"67f15a6eb321af2595c63b9b",44,"average",20,20,17.5,5.5,9,28,0.398497370398196,0
"67f15a6eb321af2595c63b9b",45,"average",20,20,14.5,5.5,6,25,0.398497370398196,0
"67f15a6eb321af2595c63b9b",46,"average",10,10,23.2,5.9464274989274,14,32,-0.125669583629514,0
"67f15a6eb321af2595c63b9b",47,"average",2,2,24,4,20,28,0,0
"67f15a6eb321af2595c63b9b",48,"average",10,10,22.2,5.9464274989274,13,31,-0.125669583629514,0
"67f15a6eb321af2595c63b9b",49,"average",2,2,26,4,22,30,0,0
"67f15a6eb321af2595c63b9b",50,"average",10,10,28.2,5.9464274989274,19,37,-0.125669583629514,0
"67f15a6eb321af2595c63b9b",51,"average",10,10,15.2,5.9464274989274,6,24,-0.125669583629514,0
"67f15a6eb321af2595c63b9b",52,"average",20,20,17.5,5.5,9,28,0.398497370398196,0
"67f15a6eb321af2595c63b9b",53,"average",10,10,19.2,5.9464274989274,10,28,-0.125669583629514,0
"67f15a6eb321af2595c63b9b",54,"average",2,2,25,4,21,29,0,0
"67f15a6eb321af2595c63b9b",55,"average",10,10,19.2,5.9464274989274,10,28,-0.125669583629514,0
"67f15a6eb321af2595c63b9b",56,"average",20,20,15.5,5.5,7,26,0.398497370398196,0
"67f15a6eb321af2595c63b9b",57,"average",20,20,23.5,5.5,15,34,0.398497370398196,0
"67f15a6eb321af2595c63b9b",58,"average",10,10,28.2,5.9464274989274,19,37,-0.125669583629514,0
"67f15a6eb321af2595c63b9b",59,"average",2,2,34,4,30,38,0,0
"67f15a6eb321af2595c63b9b",60,"average",10,10,22.2,5.9464274989274,13,31,-0.125669583629514,0
"67f15a6eb321af2595c63b9b",61,"average",2,2,30,4,26,34,0,0
"67f15a6eb321af2595c63b9b",62,"average",2,2,31,4,27,35,0,0
"67f15a6eb321af2595c63b9b",63,"average",20,20,16.5,5.5,8,27,0.398497370398196,0
"67f15a6eb321af2595c63b9b",64,"average",10,10,24.2,5.9464274989274,15,33,-0.125669583629514,0
"67f15a6eb321af2595c63b9b",65,"average",10,10,17.2,5.9464274989274,8,26,-0.125669583629514,0
"67f15a6eb321af2595c63b9b",66,"average",10,10,16.2,5.9464274989274,7,25,-0.125669583629514,0
"67f15a6eb321af2595c63b9b",67,"average",2,2,34,4,30,38,0,0
"67f15a6eb321af2595c63b9b",68,"average",2,2,31,4,27,35,0,0
"67f15a6eb321af2595c63b9b",69,"average",2,2,26,4,22,30,0,0
"67f15a6eb321af2595c63b9b",70,"average",20,20,25.5,5.5,17,36,0.398497370398196,0
"67f15a6eb321af2595c63b9b",71,"average",10,10,34.2,5.9464274989274,25,43,-0.125669583629516,0
"67f15a6eb321af2595c63b9b",72,"average",2,2,24,4,20,28,0,0
"67f15a6eb321af2595c63b9b",73,"average",2,2,27,4,23,31,0,0
"67f15a6eb321af2595c63b9b",74,"average",2,2,34,4,30,38,0,0
"67f15a6eb321af2595c63b9b",75,"average",20,20,33.5,5.5,25,44,0.398497370398196,0
"67f15a6eb321af2595c63b9b",76,"average",10,10,30.2,5.9464274989274,21,39,-0.125669583629514,0
"67f15a6eb321af2595c63b9b",77,"average",10,10,14.2,5.9464274989274,5,23,-0.125669583629514,0
"67f15a6eb321af2595c63b9b",78,"average",20,20,13.5,5.5,5,24,0.398497370398196,0
"67f15a6eb321af2595c63b9b",79,"average",20,20,25.5,5.5,17,36,0.398497370398196,0
"67f15a6eb321af2595c63b9b",80,"average",2,2,15,4,11,19,0,0
"67f15a6eb321af2595c63b9b",81,"average",2,2,21,4,17,25,0,0
"67f15a6eb321af2595c63b9b",82,"average",2,2,24,4,20,28,0,0
"67f15a6eb321af2595c63b9b",83,"average",2,2,16,4,12,20,0,0
"67f15a6eb321af2595c63b9b",84,"average",10,10,16.2,5.9464274989274,7,25,-0.125669583629514,0
"67f15a6eb321af2595c63b9b",85,"average",20,20,34.5,5.5,26,45,0.398497370398196,0
"67f15a6eb321af2595c63b9b",86,"average",10,10,20.2,5.9464274989274,11,29,-0.125669583629514,0
"67f15a6eb321af2595c63b9b",87,"average",20,20,34.5,5.5,26,45,0.398497370398196,0
"67f15a6eb321af2595c63b9b",88,"average",2,2,27,4,23,31,0,0
"67f15a6eb321af2595c63b9b",89,"average",20,20,18.5,5.5,10,29,0.398497370398196,0
"67f15a6eb321af2595c63b9b",90,"average",20,20,33.5,5.5,25,44,0.398497370398196,0
"67f15a6eb321af2595c63b9b",91,"average",20,20,26.5,5.5,18,37,0.398497370398196,0
"67f15a6eb321af2595c63b9b",92,"average",20,20,23.5,5.5,15,34,0.398497370398196,0
"67f15a6eb321af2595c63b9b",93,"average",10,10,27.2,5.9464274989274,18,36,-0.125669583629514,0
"67f15a6eb321af2595c63b9b",94,"average",10,10,33.2,5.9464274989274,24,42,-0.125669583629516,0
"67f15a6eb321af2595c63b9b",95,"average",2,2,22,4,18,26,0,0
"67f15a6eb321af2595c63b9b",96,"average",20,20,17.5,5.5,9,28,0.398497370398196,0
"67f15a6eb321af2595c63b9b",97,"average",20,20,12.5,5.5,4,23,0.398497370398196,0
"67f15a6eb321af2595c63b9b",98,"average",20,20,27.5,5.5,19,38,0.398497370398196,0
"67f15a6eb321af2595c63b9b",99,"average",2,2,21,4,17,25,0,0
"67f15a6eb321af2595c63b9b",100,"average",10,10,18.2,5.9464274989274,9,27,-0.125669583629514,0
"67f15a6eb321af2595c63b9b",101,"average",10,10,23.2,5.9464274989274,14,32,-0.125669583629514,0
"67f15a6eb321af2595c63b9b",102,"average",10,10,20.2,5.9464274989274,11,29,-0.125669583629514,0
"67f15a6eb321af2595c63b9b",103,"average",20,20,31.5,5.5,23,42,0.398497370398196,0
"67f15a6eb321af2595c63b9b",104,"average",10,10,24.2,5.9464274989274,15,33,-0.125669583629514,0
"67f15a6eb321af2595c63b9b",105,"average",10,10,21.2,5.9464274989274,12,30,-0.125669583629514,0
"67f15a6eb321af2595c63b9b",106,"average",20,20,28.5,5.5,20,39,0.398497370398196,0
"67f15a6eb321af2595c63b9b",107,"average",10,10,30.2,5.9464274989274,21,39,-0.125669583629514,0
"67f15a6eb321af2595c63b9b",108,"average",2,2,26,4,22,30,0,0
"67eec9e200be02ad51843d9b",1,"average",10,10,37.5,5.64358042380899,31,47,0.640897126022732,0
"67eec9e200be02ad51843d9b",2,"average",9,9,37.2222222222222,5.94002951316607,29,47,0.0128281117534189,0
"67eec9e200be02ad51843d9b",3,"average",6,6,38.5,4.75219247646108,30,45,-0.479871725676875,0
"67eec9e200be02ad51843d9b",4,"average",7,7,9.71428571428571,7.36234212955721,1,20,0.107173646574849,1
"67eec9e200be02ad51843d9b",5,"average",5,5,13,4.33589667773576,6,18,-0.397473552395424,0
"67eec9e200be02ad51843d9b",6,"average",12,12,7.5,4.94132236012453,1,17,0.59054814167757,1
"67eec9e200be02ad51843d9b",7,"average",3,3,4.66666666666667,2.62466929133727,1,7,-0.630903856710624,1
"67eec9e200be02ad51843d9b",8,"average",5,5,10.4,5.27636238330917,3,17,-0.143450448763422,0
"67eec9e200be02ad51843d9b",9,"average",6,6,9.33333333333333,5.90668171555645,1,19,0.268866764771566,1
"67eec9e200be02ad51843d9b",10,"average",10,10,41.2,5.38144961882948,32,48,-0.476005981916436,0
"67eec9e200be02ad51843d9b",11,"average",11,11,10.2727272727273,5.13616250611838,1,19,-0.370797672304341,1
"67eec9e200be02ad51843d9b",12,"average",10,10,36.4,6.15142259969188,29,48,0.682768893200474,0
"67eec9e200be02ad51843d9b",13,"average",20,20,13.5,5.5,5,24,0.398497370398196,0
"67eec9e200be02ad51843d9b",14,"average",2,2,16,4,12,20,0,0
"67eec9e200be02ad51843d9b",15,"average",10,10,18.2,5.9464274989274,9,27,-0.125669583629514,0
"67eec9e200be02ad51843d9b",16,"average",10,10,28.2,5.9464274989274,19,37,-0.125669583629514,0
"67eec9e200be02ad51843d9b",17,"average",2,2,26,4,22,30,0,0
"67eec9e200be02ad51843d9b",18,"average",20,20,17.5,5.5,9,28,0.398497370398196,0
"67eec9e200be02ad51843d9b",19,"average",20,20,31.5,5.5,23,42,0.398497370398196,0
"67eec9e200be02ad51843d9b",20,"average",2,2,26,4,22,30,0,0
"67eec9e200be02ad51843d9b",21,"average",2,2,15,4,11,19,0,0
"67eec9e200be02ad51843d9b",22,"average",10,10,17.2,5.9464274989274,8,26,-0.125669583629514,0
"67eec9e200be02ad51843d9b",23,"average",20,20,28.5,5.5,20,39,0.398497370398196,0
"67eec9e200be02ad51843d9b",24,"average",2,2,18,4,14,22,0,0
"67eec9e200be02ad51843d9b",25,"average",20,20,13.5,5.5,5,24,0.398497370398196,0
"67eec9e200be02ad51843d9b",26,"average",2,2,18,4,14,22,0,0
"67eec9e200be02ad51843d9b",27,"average",10,10,32.2,5.9464274989274,23,41,-0.125669583629516,0
"67eec9e200be02ad51843d9b",28,"average",20,20,34.5,5.5,26,45,0.398497370398196,0
"67eec9e200be02ad51843d9b",29,"average",10,10,25.2,5.9464274989274,16,34,-0.125669583629514,0
"67eec9e200be02ad51843d9b",30,"average",10,10,14.2,5.9464274989274,5,23,-0.125669583629514,0
"67eec9e200be02ad51843d9b",31,"average",2,2,15,4,11,19,0,0
"67eec9e200be02ad51843d9b",32,"average",10,10,34.2,5.9464274989274,25,43,-0.125669583629516,0
"67eec9e200be02ad51843d9b",33,"average",10,10,30.2,5.9464274989274,21,39,-0.125669583629514,0
"67eec9e200be02ad51843d9b",34,"average",10,10,21.2,5.9464274989274,12,30,-0.125669583629514,0
"67eec9e200be02ad51843d9b",35,"average",2,2,28,4,24,32,0,0
"67eec9e200be02ad51843d9b",36,"average",10,10,30.2,5.9464274989274,21,39,-0.125669583629514,0
"67eec9e200be02ad51843d9b",37,"average",2,2,14,4,10,18,0,0
"67eec9e200be02ad51843d9b",38,"average",2,2,31,4,27,35,0,0
"67eec9e200be02ad51843d9b",39,"average",20,20,32.5,5.5,24,43,0.398497370398196,0
"67eec9e200be02ad51843d9b",40,"average",20,20,25.5,5.5,17,36,0.398497370398196,0
"67eec9e200be02ad51843d9b",41,"average",20,20,16.5,5.5,8,27,0.398497370398196,0
"67eec9e200be02ad51843d9b",42,"average",20,20,14.5,5.5,6,25,0.398497370398196,0
"67eec9e200be02ad51843d9b",43,"average",10,10,31.2,5.9464274989274,22,40,-0.125669583629514,0
"67eec9e200be02ad51843d9b",44,"average",2,2,35,4,31,39,0,0
"67eec9e200be02ad51843d9b",45,"average",2,2,33,4,29,37,0,0
"67eec9e200be02ad51843d9b",46,"average",20,20,14.5,5.5,6,25,0.398497370398196,0
"67eec9e200be02ad51843d9b",47,"average",2,2,34,4,30,38,0,0
"67eec9e200be02ad51843d9b",48,"average",10,10,29.2,5.9464274989274,20,38,-0.125669583629514,0
"67eec9e200be02ad51843d9b",49,"average",10,10,25.2,5.9464274989274,16,34,-0.125669583629514,0
"67eec9e200be02ad51843d9b",50,"average",10,10,31.2,5.9464274989274,22,40,-0.125669583629514,0
"67eec9e200be02ad51843d9b",51,"average",2,2,22,4,18,26,0,0
"67eec9e200be02ad51843d9b",52,"average",2,2,34,4,30,38,0,0
"67eec9e200be02ad51843d9b",53,"average",20,20,30.5,5.5,22,41,0.398497370398196,0
"67eec9e200be02ad51843d9b",54,"average",10,10,14.2,5.9464274989274,5,23,-0.125669583629514,0
"67eec9e200be02ad51843d9b",55,"average",20,20,12.5,5.5,4,23,0.398497370398196,0
"67eec9e200be02ad51843d9b",56,"average",20,20,20.5,5.5,12,31,0.398497370398196,0
"67eec9e200be02ad51843d9b",57,"average",2,2,36,4,32,40,0,0
"67eec9e200be02ad51843d9b",58,"average",20,20,30.5,5.5,22,41,0.398497370398196,0
"67eec9e200be02ad51843d9b",59,"average",10,10,14.2,5.9464274989274,5,23,-0.125669583629514,0
"67eec9e200be02ad51843d9b",60,"average",20,20,12.5,5.5,4,23,0.398497370398196,0
"67eec9e200be02ad51843d9b",61,"average",10,10,20.2,5.9464274989274,11,29,-0.125669583629514,0
"67eec9e200be02ad51843d9b",62,"average",2,2,21,4,17,25,0,0
"67eec9e200be02ad51843d9b",63,"average",2,2,23,4,19,27,0,0
"67eec9e200be02ad51843d9b",64,"average",10,10,17.2,5.9464274989274,8,26,-0.125669583629514,0
"67eec9e200be02ad51843d9b",65,"average",2,2,16,4,12,20,0,0
"67eec9e200be02ad51843d9b",66,"average",10,10,35.2,5.9464274989274,26,44,-0.125669583629516,0
"67eec9e200be02ad51843d9b",67,"average",10,10,31.2,5.9464274989274,22,40,-0.125669583629514,0
"67eec9e200be02ad51843d9b",68,"average",20,20,24.5,5.5,16,35,0.398497370398196,0
"67eec9e200be02ad51843d9b",69,"average",2,2,27,4,23,31,0,0
"67eec9e200be02ad51843d9b",70,"average",20,20,30.5,5.5,22,41,0.398497370398196,0
"67eec9e200be02ad51843d9b",71,"average",2,2,33,4,29,37,0,0
"67eec9e200be02ad51843d9b",72,"average",10,10,34.2,5.9464274989274,25,43,-0.125669583629516,0
"67eec9e200be02ad51843d9b",73,"average",10,10,33.2,5.9464274989274,24,42,-0.125669583629516,0
"67eec9e200be02ad51843d9b",74,"average",10,10,16.2,5.9464274989274,7,25,-0.125669583629514,0
"67eec9e200be02ad51843d9b",75,"average",20,20,19.5,5.5,11,30,0.398497370398196,0
"67eec9e200be02ad51843d9b",76,"average",10,10,27.2,5.9464274989274,18,36,-0.125669583629514,0
"67eec9e200be02ad51843d9b",77,"average",10,10,27.2,5.9464274989274,18,36,-0.125669583629514,0
"67eec9e200be02ad51843d9b",78,"average",20,20,14.5,5.5,6,25,0.398497370398196,0
"67eec9e200be02ad51843d9b",79,"average",2,2,17,4,13,21,0,0
"67eec9e200be02ad51843d9b",80,"average",2,2,23,4,19,27,0,0
"67eec9e200be02ad51843d9b",81,"average",2,2,32,4,28,36,0,0
"67eec9e200be02ad51843d9b",82,"average",20,20,18.5,5.5,10,29,0.398497370398196,0
"67eec9e200be02ad51843d9b",83,"average",2,2,32,4,28,36,0,0
"67eec9e200be02ad51843d9b",84,"average",20,20,19.5,5.5,11,30,0.398497370398196,0
"67eec9e200be02ad51843d9b",85,"average",20,20,13.5,5.5,5,24,0.398497370398196,0
"67eec9e200be02ad51843d9b",86,"average",20,20,19.5,5.5,11,30,0.398497370398196,0
"67eec9e200be02ad51843d9b",87,"average",2,2,32,4,28,36,0,0
"67eec9e200be02ad51843d9b",88,"average",2,2,28,4,24,32,0,0
"67eec9e200be02ad51843d9b",89,"average",10,10,19.2,5.9464274989274,10,28,-0.125669583629514,0
"67eec9e200be02ad51843d9b",90,"average",2,2,29,4,25,33,0,0
"67eec9e200be02ad51843d9b",91,"average",10,10,17.2,5.9464274989274,8,26,-0.125669583629514,0
"67eec9e200be02ad51843d9b",92,"average",20,20,20.5,5.5,12,31,0.398497370398196,0
"67eec9e200be02ad51843d9b",93,"average",20,20,20.5,5.5,12,31,0.398497370398196,0
"67eec9e200be02ad51843d9b",94,"average",20,20,15.5,5.5,7,26,0.398497370398196,0
"67eec9e200be02ad51843d9b",95,"average",20,20,20.5,5.5,12,31,0.398497370398196,0
"67eec9e200be02ad51843d9b",96,"average",10,10,14.2,5.9464274989274,5,23,-0.125669583629514,0
"67eec9e200be02ad51843d9b",97,"average",10,10,16.2,5.9464274989274,7,25,-0.125669583629514,0
"67eec9e200be02ad51843d9b",98,"average",2,2,36,4,32,40,0,0
"67eec9e200be02ad51843d9b",99,"average",2,2,30,4,26,34,0,0
"67eec9e200be02ad51843d9b",100,"average",20,20,28.5,5.5,20,39,0.398497370398196,0
"67eec9e200be02ad51843d9b",101,"average",2,2,26,4,22,30,0,0
"67eec9e200be02ad51843d9b",102,"average",10,10,28.2,5.9464274989274,19,37,-0.125669583629514,0
"67eec9e200be02ad51843d9b",103,"average",20,20,24.5,5.5,16,35,0.398497370398196,0
"67eec9e200be02ad51843d9b",104,"average",10,10,35.2,5.9464274989274,26,44,-0.125669583629516,0
"67eec9e200be02ad51843d9b",105,"average",2,2,23,4,19,27,0,0
"67eec9e200be02ad51843d9b",106,"average",10,10,17.2,5.9464274989274,8,26,-0.125669583629514,0
"67eec9e200be02ad51843d9b",107,"average",20,20,16.5,5.5,8,27,0.398497370398196,0
"67eec9e200be02ad51843d9b",108,"average",20,20,28.5,5.5,20,39,0.398497370398196,0
"5e790129bd76c94a7b3aa7b6",4,"average",2,2,13,5,8,18,0,0
"5e790129bd76c94a7b3aa7b6",5,"average",6,6,37.8333333333333,6.03922364399781,29,47,0.19101665219033,0
"5e790129bd76c94a7b3aa7b6",6,"average",10,10,38.4,6.54522726878143,29,47,-0.173582124367246,0
"5e790129bd76c94a7b3aa7b6",7,"average",6,6,11.6666666666667,5.64702478203247,1,18,-0.763046605203674,1
"5e790129bd76c94a7b3aa7b6",8,"average",11,11,39.6363636363636,5.29618605950164,30,48,-0.0972245632337451,0
"5e790129bd76c94a7b3aa7b6",9,"average",9,9,38.5555555555556,4.8099690715363,30,46,-0.0794576874912753,0
"5e790129bd76c94a7b3aa7b6",10,"average",3,3,44,3.74165738677394,39,48,-0.381801774160606,0
"5e790129bd76c94a7b3aa7b6",11,"average",7,7,37.5714285714286,5.28764443523478,31,48,0.750998203249124,0
"5e790129bd76c94a7b3aa7b6",12,"average",2,2,42,1,41,43,0,0
"5e790129bd76c94a7b3aa7b6",13,"average",10,10,18.2,5.9464274989274,9,27,-0.125669583629514,0
"5e790129bd76c94a7b3aa7b6",14,"average",2,2,19,4,15,23,0,0
"5e790129bd76c94a7b3aa7b6",15,"average",2,2,35,4,31,39,0,0
"5e790129bd76c94a7b3aa7b6",16,"average",2,2,18,4,14,22,0,0
"5e790129bd76c94a7b3aa7b6",17,"average",20,20,14.5,5.5,6,25,0.398497370398196,0
"5e790129bd76c94a7b3aa7b6",18,"average",10,10,16.2,5.9464274989274,7,25,-0.125669583629514,0
"5e790129bd76c94a7b3aa7b6",19,"average",10,10,26.2,5.9464274989274,17,35,-0.125669583629514,0
"5e790129bd76c94a7b3aa7b6",20,"average",2,2,27,4,23,31,0,0
"5e790129bd76c94a7b3aa7b6",21,"average",20,20,30.5,5.5,22,41,0.398497370398196,0
"5e790129bd76c94a7b3aa7b6",22,"average",10,10,24.2,5.9464274989274,15,33,-0.125669583629514,0
"5e790129bd76c94a7b3aa7b6",23,"average",20,20,30.5,5.5,22,41,0.398497370398196,0
"5e790129bd76c94a7b3aa7b6",24,"average",10,10,28.2,5.9464274989274,19,37,-0.125669583629514,0
"5e790129bd76c94a7b3aa7b6",25,"average",20,20,16.5,5.5,8,27,0.398497370398196,0
"5e790129bd76c94a7b3aa7b6",26,"average",10,10,34.2,5.9464274989274,25,43,-0.125669583629516,0
"5e790129bd76c94a7b3aa7b6",27,"average",10,10,33.2,5.9464274989274,24,42,-0.125669583629516,0
"5e790129bd76c94a7b3aa7b6",28,"average",10,10,34.2,5.9464274989274,25,43,-0.125669583629516,0
"5e790129bd76c94a7b3aa7b6",29,"average",20,20,27.5,5.5,19,38,0.398497370398196,0
"5e790129bd76c94a7b3aa7b6",30,"average",2,2,31,4,27,35,0,0
"5e790129bd76c94a7b3aa7b6",31,"average",20,20,15.5,5.5,7,26,0.398497370398196,0
"5e790129bd76c94a7b3aa7b6",32,"average",20,20,34.5,5.5,26,45,0.398497370398196,0
"5e790129bd76c94a7b3aa7b6",33,"average",20,20,14.5,5.5,6,25,0.398497370398196,0
"5e790129bd76c94a7b3aa7b6",34,"average",2,2,32,4,28,36,0,0
"5e790129bd76c94a7b3aa7b6",35,"average",10,10,18.2,5.9464274989274,9,27,-0.125669583629514,0
"5e790129bd76c94a7b3aa7b6",36,"average",20,20,34.5,5.5,26,45,0.398497370398196,0
"5e790129bd76c94a7b3aa7b6",37,"average",20,20,29.5,5.5,21,40,0.398497370398196,0
"5e790129bd76c94a7b3aa7b6",38,"average",2,2,35,4,31,39,0,0
"5e790129bd76c94a7b3aa7b6",39,"average",10,10,22.2,5.9464274989274,13,31,-0.125669583629514,0
"5e790129bd76c94a7b3aa7b6",40,"average",2,2,34,4,30,38,0,0
"5e790129bd76c94a7b3aa7b6",41,"average",2,2,16,4,12,20,0,0
"5e790129bd76c94a7b3aa7b6",42,"average",20,20,25.5,5.5,17,36,0.398497370398196,0
"5e790129bd76c94a7b3aa7b6",43,"average",20,20,20.5,5.5,12,31,0.398497370398196,0
"5e790129bd76c94a7b3aa7b6",44,"average",20,20,16.5,5.5,8,27,0.398497370398196,0
"5e790129bd76c94a7b3aa7b6",45,"average",2,2,16,4,12,20,0,0
"5e790129bd76c94a7b3aa7b6",46,"average",10,10,17.2,5.9464274989274,8,26,-0.125669583629514,0
"5e790129bd76c94a7b3aa7b6",47,"average",20,20,15.5,5.5,7,26,0.398497370398196,0
"5e790129bd76c94a7b3aa7b6",48,"average",10,10,32.2,5.9464274989274,23,41,-0.125669583629516,0
"5e790129bd76c94a7b3aa7b6",49,"average",10,10,19.2,5.9464274989274,10,28,-0.125669583629514,0
"5e790129bd76c94a7b3aa7b6",50,"average",10,10,31.2,5.9464274989274,22,40,-0.125669583629514,0
"5e790129bd76c94a7b3aa7b6",51,"average",10,10,23.2,5.9464274989274,14,32,-0.125669583629514,0
"5e790129bd76c94a7b3aa7b6",52,"average",2,2,23,4,19,27,0,0
"5e790129bd76c94a7b3aa7b6",53,"average",2,2,25,4,21,29,0,0
"5e790129bd76c94a7b3aa7b6",54,"average",20,20,30.5,5.5,22,41,0.398497370398196,0
"5e790129bd76c94a7b3aa7b6",55,"average",20,20,29.5,5.5,21,40,0.398497370398196,0
"5e790129bd76c94a7b3aa7b6",56,"average",10,10,32.2,5.9464274989274,23,41,-0.125669583629516,0
"5e790129bd76c94a7b3aa7b6",57,"average",2,2,23,4,19,27,0,0
"5e790129bd76c94a7b3aa7b6",58,"average",2,2,31,4,27,35,0,0
"5e790129bd76c94a7b3aa7b6",59,"average",2,2,26,4,22,30,0,0
"5e790129bd76c94a7b3aa7b6",60,"average",2,2,33,4,29,37,0,0
"5e790129bd76c94a7b3aa7b6",61,"average",2,2,27,4,23,31,0,0
"5e790129bd76c94a7b3aa7b6",62,"average",10,10,14.2,5.9464274989274,5,23,-0.125669583629514,0
"5e790129bd76c94a7b3aa7b6",63,"average",20,20,18.5,5.5,10,29,0.398497370398196,0
"5e790129bd76c94a7b3aa7b6",64,"average",10,10,36.2,5.9464274989274,27,45,-0.125669583629516,0
"5e790129bd76c94a7b3aa7b6",65,"average",10,10,36.2,5.9464274989274,27,45,-0.125669583629516,0
"5e790129bd76c94a7b3aa7b6",66,"average",20,20,26.5,5.5,18,37,0.398497370398196,0
"5e790129bd76c94a7b3aa7b6",67,"average",2,2,20,4,16,24,0,0
"5e790129bd76c94a7b3aa7b6",68,"average",2,2,35,4,31,39,0,0
"5e790129bd76c94a7b3aa7b6",69,"average",2,2,17,4,13,21,0,0
"5e790129bd76c94a7b3aa7b6",70,"average",20,20,19.5,5.5,11,30,0.398497370398196,0
"5e790129bd76c94a7b3aa7b6",71,"average",2,2,14,4,10,18,0,0
"5e790129bd76c94a7b3aa7b6",72,"average",10,10,25.2,5.9464274989274,16,34,-0.125669583629514,0
"5e790129bd76c94a7b3aa7b6",73,"average",2,2,16,4,12,20,0,0
"5e790129bd76c94a7b3aa7b6",74,"average",10,10,14.2,5.9464274989274,5,23,-0.125669583629514,0
"5e790129bd76c94a7b3aa7b6",75,"average",2,2,19,4,15,23,0,0
"5e790129bd76c94a7b3aa7b6",76,"average",20,20,26.5,5.5,18,37,0.398497370398196,0
"5e790129bd76c94a7b3aa7b6",77,"average",20,20,27.5,5.5,19,38,0.398497370398196,0
"5e790129bd76c94a7b3aa7b6",78,"average",20,20,19.5,5.5,11,30,0.398497370398196,0
"5e790129bd76c94a7b3aa7b6",79,"average",10,10,14.2,5.9464274989274,5,23,-0.125669583629514,0
"5e790129bd76c94a7b3aa7b6",80,"average",20,20,18.5,5.5,10,29,0.398497370398196,0
"5e790129bd76c94a7b3aa7b6",81,"average",10,10,22.2,5.9464274989274,13,31,-0.125669583629514,0
"5e790129bd76c94a7b3aa7b6",82,"average",20,20,29.5,5.5,21,40,0.398497370398196,0
"5e790129bd76c94a7b3aa7b6",83,"average",10,10,35.2,5.9464274989274,26,44,-0.125669583629516,0
"5e790129bd76c94a7b3aa7b6",84,"average",10,10,34.2,5.9464274989274,25,43,-0.125669583629516,0
"5e790129bd76c94a7b3aa7b6",85,"average",2,2,35,4,31,39,0,0
"5e790129bd76c94a7b3aa7b6",86,"average",2,2,36,4,32,40,0,0
"5e790129bd76c94a7b3aa7b6",87,"average",2,2,17,4,13,21,0,0
"5e790129bd76c94a7b3aa7b6",88,"average",2,2,27,4,23,31,0,0
"5e790129bd76c94a7b3aa7b6",89,"average",20,20,17.5,5.5,9,28,0.398497370398196,0
"5e790129bd76c94a7b3aa7b6",90,"average",10,10,30.2,5.9464274989274,21,39,-0.125669583629514,0
"5e790129bd76c94a7b3aa7b6",91,"average",10,10,29.2,5.9464274989274,20,38,-0.125669583629514,0
"5e790129bd76c94a7b3aa7b6",92,"average",2,2,36,4,32,40,0,0
"5e790129bd76c94a7b3aa7b6",93,"average",10,10,21.2,5.9464274989274,12,30,-0.125669583629514,0
"5e790129bd76c94a7b3aa7b6",94,"average",2,2,33,4,29,37,0,0
"5e790129bd76c94a7b3aa7b6",95,"average",2,2,14,4,10,18,0,0
"5e790129bd76c94a7b3aa7b6",96,"average",10,10,35.2,5.9464274989274,26,44,-0.125669583629516,0
"5e790129bd76c94a7b3aa7b6",97,"average",10,10,23.2,5.9464274989274,14,32,-0.125669583629514,0
"5e790129bd76c94a7b3aa7b6",98,"average",20,20,20.5,5.5,12,31,0.398497370398196,0
"5e790129bd76c94a7b3aa7b6",99,"average",20,20,31.5,5.5,23,42,0.398497370398196,0
"5e790129bd76c94a7b3aa7b6",100,"average",20,20,14.5,5.5,6,25,0.398497370398196,0
"5e790129bd76c94a7b3aa7b6",101,"average",20,20,32.5,5.5,24,43,0.398497370398196,0
"5e790129bd76c94a7b3aa7b6",102,"average",10,10,16.2,5.9464274989274,7,25,-0.125669583629514,0
"5e790129bd76c94a7b3aa7b6",103,"average",20,20,24.5,5.5,16,35,0.398497370398196,0
"5e790129bd76c94a7b3aa7b6",104,"average",2,2,19,4,15,23,0,0
"5e790129bd76c94a7b3aa7b6",105,"average",20,20,33.5,5.5,25,44,0.398497370398196,0
"5e790129bd76c94a7b3aa7b6",106,"average",10,10,27.2,5.9464274989274,18,36,-0.125669583629514,0
"5e790129bd76c94a7b3aa7b6",107,"average",20,20,26.5,5.5,18,37,0.398497370398196,0
"5e790129bd76c94a7b3aa7b6",108,"average",2,2,25,4,21,29,0,0
"614f39b82ccdbdd51c76cc50",1,"average",3,3,35.6666666666667,4.02768199119819,30,39,-0.674555484545764,0
"614f39b82ccdbdd51c76cc50",2,"average",8,8,11.125,5.79735931265262,3,20,0.0514229218397902,0
"614f39b82ccdbdd51c76cc50",3,"average",11,11,38.3636363636364,6.34282310636815,29,48,-0.0510532317482565,0
"614f39b82ccdbdd51c76cc50",4,"average",6,6,12.1666666666667,5.07991688470939,3,19,-0.509121224669307,0
"614f39b82ccdbdd51c76cc50",5,"average",8,8,40,5.07444578254611,32,47,-0.109055861855077,0
"614f39b82ccdbdd51c76cc50",6,"average",3,3,43.6666666666667,1.6996731711976,42,46,0.528004979218192,0
"614f39b82ccdbdd51c76cc50",7,"average",9,9,7.88888888888889,5.76280110217331,1,19,0.632035794240928,1
"614f39b82ccdbdd51c76cc50",8,"average",3,3,44.3333333333333,3.85861230093008,39,48,-0.567316577993731,0
"614f39b82ccdbdd51c76cc50",9,"average",5,5,37.8,6.24179461373089,29,47,0.0953366628363761,0
"614f39b82ccdbdd51c76cc50",10,"average",12,12,38.0833333333333,5.89432401175534,30,48,0.272952082260352,0
"614f39b82ccdbdd51c76cc50",11,"average",8,8,12.875,5.44144971491973,4,20,-0.285626389530429,0
"614f39b82ccdbdd51c76cc50",12,"average",11,11,39.9090909090909,5.16024216229759,30,48,-0.17010289578436,0
"614f39b82ccdbdd51c76cc50",13,"average",2,2,22,4,18,26,0,0
"614f39b82ccdbdd51c76cc50",14,"average",20,20,19.5,5.5,11,30,0.398497370398196,0
"614f39b82ccdbdd51c76cc50",15,"average",2,2,18,4,14,22,0,0
"614f39b82ccdbdd51c76cc50",16,"average",2,2,29,4,25,33,0,0
"614f39b82ccdbdd51c76cc50",17,"average",20,20,28.5,5.5,20,39,0.398497370398196,0
"614f39b82ccdbdd51c76cc50",18,"average",2,2,16,4,12,20,0,0
"614f39b82ccdbdd51c76cc50",19,"average",10,10,22.2,5.9464274989274,13,31,-0.125669583629514,0
"614f39b82ccdbdd51c76cc50",20,"average",20,20,18.5,5.5,10,29,0.398497370398196,0
"614f39b82ccdbdd51c76cc50",21,"average",20,20,17.5,5.5,9,28,0.398497370398196,0
"614f39b82ccdbdd51c76cc50",22,"average",10,10,28.2,5.9464274989274,19,37,-0.125669583629514,0
"614f39b82ccdbdd51c76cc50",23,"average",10,10,27.2,5.9464274989274,18,36,-0.125669583629514,0
"614f39b82ccdbdd51c76cc50",24,"average",20,20,26.5,5.5,18,37,0.398497370398196,0
"614f39b82ccdbdd51c76cc50",25,"average",2,2,27,4,23,31,0,0
"614f39b82ccdbdd51c76cc50",26,"average",20,20,18.5,5.5,10,29,0.398497370398196,0
"614f39b82ccdbdd51c76cc50",27,"average",2,2,33,4,29,37,0,0
"614f39b82ccdbdd51c76cc50",28,"average",10,10,30.2,5.9464274989274,21,39,-0.125669583629514,0
"614f39b82ccdbdd51c76cc50",29,"average",20,20,23.5,5.5,15,34,0.398497370398196,0
"614f39b82ccdbdd51c76cc50",30,"average",10,10,24.2,5.9464274989274,15,33,-0.125669583629514,0
"614f39b82ccdbdd51c76cc50",31,"average",10,10,29.2,5.9464274989274,20,38,-0.125669583629514,0
"614f39b82ccdbdd51c76cc50",32,"average",20,20,28.5,5.5,20,39,0.398497370398196,0
"614f39b82ccdbdd51c76cc50",33,"average",2,2,25,4,21,29,0,0
"614f39b82ccdbdd51c76cc50",34,"average",2,2,24,4,20,28,0,0
"614f39b82ccdbdd51c76cc50",35,"average",2,2,18,4,14,22,0,0
"614f39b82ccdbdd51c76cc50",36,"average",10,10,25.2,5.9464274989274,16,34,-0.125669583629514,0
"614f39b82ccdbdd51c76cc50",37,"average",10,10,32.2,5.9464274989274,23,41,-0.125669583629516,0
"614f39b82ccdbdd51c76cc50",38,"average",2,2,29,4,25,33,0,0
"614f39b82ccdbdd51c76cc50",39,"average",2,2,15,4,11,19,0,0
"614f39b82ccdbdd51c76cc50",40,"average",2,2,36,4,32,40,0,0
"614f39b82ccdbdd51c76cc50",41,"average",20,20,12.5,5.5,4,23,0.398497370398196,0
"614f39b82ccdbdd51c76cc50",42,"average",10,10,34.2,5.9464274989274,25,43,-0.125669583629516,0
"614f39b82ccdbdd51c76cc50",43,"average",20,20,15.5,5.5,7,26,0.398497370398196,0
"614f39b82ccdbdd51c76cc50",44,"average",2,2,31,4,27,35,0,0
"614f39b82ccdbdd51c76cc50",45,"average",2,2,14,4,10,18,0,0
"614f39b82ccdbdd51c76cc50",46,"average",10,10,34.2,5.9464274989274,25,43,-0.125669583629516,0
"614f39b82ccdbdd51c76cc50",47,"average",10,10,26.2,5.9464274989274,17,35,-0.125669583629514,0
"614f39b82ccdbdd51c76cc50",48,"average",20,20,21.5,5.5,13,32,0.398497370398196,0
"614f39b82ccdbdd51c76cc50",49,"average",10,10,18.2,5.9464274989274,9,27,-0.125669583629514,0
"614f39b82ccdbdd51c76cc50",50,"average",10,10,16.2,5.9464274989274,7,25,-0.125669583629514,0
"614f39b82ccdbdd51c76cc50",51,"average",20,20,26.5,5.5,18,37,0.398497370398196,0
"614f39b82ccdbdd51c76cc50",52,"average",10,10,23.2,5.9464274989274,14,32,-0.125669583629514,0
"614f39b82ccdbdd51c76cc50",53,"average",2,2,25,4,21,29,0,0
"614f39b82ccdbdd51c76cc50",54,"average",20,20,29.5,5.5,21,40,0.398497370398196,0
"614f39b82ccdbdd51c76cc50",55,"average",10,10,31.2,5.9464274989274,22,40,-0.125669583629514,0
"614f39b82ccdbdd51c76cc50",56,"average",20,20,13.5,5.5,5,24,0.398497370398196,0
"614f39b82ccdbdd51c76cc50",57,"average",2,2,36,4,32,40,0,0
"614f39b82ccdbdd51c76cc50",58,"average",20,20,20.5,5.5,12,31,0.398497370398196,0
"614f39b82ccdbdd51c76cc50",59,"average",10,10,36.2,5.9464274989274,27,45,-0.125669583629516,0
"614f39b82ccdbdd51c76cc50",60,"average",20,20,15.5,5.5,7,26,0.398497370398196,0
"614f39b82ccdbdd51c76cc50",61,"average",10,10,34.2,5.9464274989274,25,43,-0.125669583629516,0
"614f39b82ccdbdd51c76cc50",62,"average",2,2,26,4,22,30,0,0
"614f39b82ccdbdd51c76cc50",63,"average",20,20,34.5,5.5,26,45,0.398497370398196,0
"614f39b82ccdbdd51c76cc50",64,"average",2,2,26,4,22,30,0,0
"614f39b82ccdbdd51c76cc50",65,"average",10,10,35.2,5.9464274989274,26,44,-0.125669583629516,0
"614f39b82ccdbdd51c76cc50",66,"average",20,20,14.5,5.5,6,25,0.398497370398196,0
"614f39b82ccdbdd51c76cc50",67,"average",20,20,33.5,5.5,25,44,0.398497370398196,0
"614f39b82ccdbdd51c76cc50",68,"average",20,20,29.5,5.5,21,40,0.398497370398196,0
"614f39b82ccdbdd51c76cc50",69,"average",10,10,22.2,5.9464274989274,13,31,-0.125669583629514,0
"614f39b82ccdbdd51c76cc50",70,"average",10,10,36.2,5.9464274989274,27,45,-0.125669583629516,0
"614f39b82ccdbdd51c76cc50",71,"average",2,2,34,4,30,38,0,0
"614f39b82ccdbdd51c76cc50",72,"average",2,2,34,4,30,38,0,0
"614f39b82ccdbdd51c76cc50",73,"average",20,20,22.5,5.5,14,33,0.398497370398196,0
"614f39b82ccdbdd51c76cc50",74,"average",2,2,35,4,31,39,0,0
"614f39b82ccdbdd51c76cc50",75,"average",20,20,28.5,5.5,20,39,0.398497370398196,0
"614f39b82ccdbdd51c76cc50",76,"average",20,20,18.5,5.5,10,29,0.398497370398196,0
"614f39b82ccdbdd51c76cc50",77,"average",10,10,27.2,5.9464274989274,18,36,-0.125669583629514,0
"614f39b82ccdbdd51c76cc50",78,"average",2,2,15,4,11,19,0,0
"614f39b82ccdbdd51c76cc50",79,"average",20,20,23.5,5.5,15,34,0.398497370398196,0
"614f39b82ccdbdd51c76cc50",80,"average",20,20,25.5,5.5,17,36,0.398497370398196,0
"614f39b82ccdbdd51c76cc50",81,"average",10,10,16.2,5.9464274989274,7,25,-0.125669583629514,0
"614f39b82ccdbdd51c76cc50",82,"average",20,20,12.5,5.5,4,23,0.398497370398196,0
"614f39b82ccdbdd51c76cc50",83,"average",2,2,26,4,22,30,0,0
"614f39b82ccdbdd51c76cc50",84,"average",2,2,34,4,30,38,0,0
"614f39b82ccdbdd51c76cc50",85,"average",10,10,21.2,5.9464274989274,12,30,-0.125669583629514,0
"614f39b82ccdbdd51c76cc50",86,"average",2,2,29,4,25,33,0,0
"614f39b82ccdbdd51c76cc50",87,"average",10,10,25.2,5.9464274989274,16,34,-0.125669583629514,0
"614f39b82ccdbdd51c76cc50",88,"average",2,2,14,4,10,18,0,0
"614f39b82ccdbdd51c76cc50",89,"average",2,2,36,4,32,40,0,0
"614f39b82ccdbdd51c76cc50",90,"average",20,20,16.5,5.5,8,27,0.398497370398196,0
"614f39b82ccdbdd51c76cc50",91,"average",2,2,20,4,16,24,0,0
"614f39b82ccdbdd51c76cc50",92,"average",10,10,22.2,5.9464274989274,13,31,-0.125669583629514,0
"614f39b82ccdbdd51c76cc50",93,"average",2,2,21,4,17,25,0,0
"614f39b82ccdbdd51c76cc50",94,"average",10,10,28.2,5.9464274989274,19,37,-0.125669583629514,0
"614f39b82ccdbdd51c76cc50",95,"average",10,10,29.2,5.9464274989274,20,38,-0.125669583629514,0
"614f39b82ccdbdd51c76cc50",96,"average",2,2,32,4,28,36,0,0
"614f39b82ccdbdd51c76cc50",97,"average",20,20,16.5,5.5,8,27,0.398497370398196,0
"614f39b82ccdbdd51c76cc50",98,"average",10,10,28.2,5.9464274989274,19,37,-0.125669583629514,0
"614f39b82ccdbdd51c76cc50",99,"average",10,10,16.2,5.9464274989274,7,25,-0.125669583629514,0
"614f39b82ccdbdd51c76cc50",100,"average",10,10,24.2,5.9464274989274,15,33,-0.125669583629514,0
"614f39b82ccdbdd51c76cc50",101,"average",10,10,34.2,5.9464274989274,25,43,-0.125669583629516,0
"614f39b82ccdbdd51c76cc50",102,"average",20,20,19.5,5.5,11,30,0.398497370398196,0
"614f39b82ccdbdd51c76cc50",103,"average",2,2,20,4,16,24,0,0
"614f39b82ccdbdd51c76cc50",104,"average",2,2,20,4,16,24,0,0
"614f39b82ccdbdd51c76cc50",105,"average",10,10,19.2,5.9464274989274,10,28,-0.125669583629514,0
"614f39b82ccdbdd51c76cc50",106,"average",20,20,20.5,5.5,12,31,0.398497370398196,0
"614f39b82ccdbdd51c76cc50",107,"average",20,20,13.5,5.5,5,24,0.398497370398196,0
"614f39b82ccdbdd51c76cc50",108,"average",20,20,27.5,5.5,19,38,0.398497370398196,0
"6110888158573651261c3100",1,"average",9,9,38.8888888888889,5.54665954415497,29,47,-0.151510669100042,0
"6110888158573651261c3100",2,"average",8,8,8.375,5.07290597192576,1,17,0.18285291183175,1
"6110888158573651261c3100",3,"average",8,8,7.25,4.63006479436303,1,14,0.112397598387584,1
"6110888158573651261c3100",4,"average",11,11,37.6363636363636,6.00413080943941,29,48,0.265916712209469,0
"6110888158573651261c3100",5,"average",8,8,11.5,5.33853912601566,1,19,-0.579204383478153,1
"6110888158573651261c3100",6,"average",10,10,8.4,5.78273291792038,1,20,0.740573003448959,1
"6110888158573651261c3100",7,"average",9,9,40.6666666666667,5.16397779494322,33,48,-0.152229762080096,0
"6110888158573651261c3100",8,"average",8,8,12.5,5.61248608016091,2,19,-0.579066024143586,0
"6110888158573651261c3100",9,"average",8,8,39.875,5.3253521010352,32,48,0.0993997829499965,0
"6110888158573651261c3100",10,"average",5,5,7.2,4.53431361950185,1,14,0.140047537188811,1
"6110888158573651261c3100",11,"average",3,3,8.33333333333333,5.43650214343336,4,16,0.689205498142875,0
"6110888158573651261c3100",12,"average",2,2,42.5,3.5,39,46,0,0
"6110888158573651261c3100",13,"average",20,20,17.5,5.5,9,28,0.398497370398196,0
"6110888158573651261c3100",14,"average",2,2,25,4,21,29,0,0
"6110888158573651261c3100",15,"average",2,2,30,4,26,34,0,0
"6110888158573651261c3100",16,"average",10,10,21.2,5.9464274989274,12,30,-0.125669583629514,0
"6110888158573651261c3100",17,"average",20,20,13.5,5.5,5,24,0.398497370398196,0
"6110888158573651261c3100",18,"average",2,2,16,4,12,20,0,0
"6110888158573651261c3100",19,"average",10,10,16.2,5.9464274989274,7,25,-0.125669583629514,0
"6110888158573651261c3100",20,"average",2,2,27,4,23,31,0,0
"6110888158573651261c3100",21,"average",20,20,18.5,5.5,10,29,0.398497370398196,0
"6110888158573651261c3100",22,"average",10,10,16.2,5.9464274989274,7,25,-0.125669583629514,0
"6110888158573651261c3100",23,"average",10,10,20.2,5.9464274989274,11,29,-0.125669583629514,0
"6110888158573651261c3100",24,"average",20,20,20.5,5.5,12,31,0.398497370398196,0
"6110888158573651261c3100",25,"average",20,20,28.5,5.5,20,39,0.398497370398196,0
"6110888158573651261c3100",26,"average",20,20,20.5,5.5,12,31,0.398497370398196,0
"6110888158573651261c3100",27,"average",10,10,20.2,5.9464274989274,11,29,-0.125669583629514,0
"6110888158573651261c3100",28,"average",2,2,35,4,31,39,0,0
"6110888158573651261c3100",29,"average",2,2,25,4,21,29,0,0
"6110888158573651261c3100",30,"average",20,20,21.5,5.5,13,32,0.398497370398196,0
"6110888158573651261c3100",31,"average",10,10,30.2,5.9464274989274,21,39,-0.125669583629514,0
"6110888158573651261c3100",32,"average",20,20,13.5,5.5,5,24,0.398497370398196,0
"6110888158573651261c3100",33,"average",10,10,30.2,5.9464274989274,21,39,-0.125669583629514,0
"6110888158573651261c3100",34,"average",10,10,30.2,5.9464274989274,21,39,-0.125669583629514,0
"6110888158573651261c3100",35,"average",10,10,19.2,5.9464274989274,10,28,-0.125669583629514,0
"6110888158573651261c3100",36,"average",20,20,25.5,5.5,17,36,0.398497370398196,0
"6110888158573651261c3100",37,"average",2,2,30,4,26,34,0,0
"6110888158573651261c3100",38,"average",20,20,16.5,5.5,8,27,0.398497370398196,0
"6110888158573651261c3100",39,"average",20,20,32.5,5.5,24,43,0.398497370398196,0
"6110888158573651261c3100",40,"average",20,20,31.5,5.5,23,42,0.398497370398196,0
"6110888158573651261c3100",41,"average",2,2,24,4,20,28,0,0
"6110888158573651261c3100",42,"average",2,2,22,4,18,26,0,0
"6110888158573651261c3100",43,"average",10,10,26.2,5.9464274989274,17,35,-0.125669583629514,0
"6110888158573651261c3100",44,"average",2,2,34,4,30,38,0,0
"6110888158573651261c3100",45,"average",2,2,23,4,19,27,0,0
"6110888158573651261c3100",46,"average",2,2,29,4,25,33,0,0
"6110888158573651261c3100",47,"average",10,10,25.2,5.9464274989274,16,34,-0.125669583629514,0
"6110888158573651261c3100",48,"average",20,20,32.5,5.5,24,43,0.398497370398196,0
"6110888158573651261c3100",49,"average",20,20,27.5,5.5,19,38,0.398497370398196,0
"6110888158573651261c3100",50,"average",10,10,14.2,5.9464274989274,5,23,-0.125669583629514,0
"6110888158573651261c3100",51,"average",2,2,26,4,22,30,0,0
"6110888158573651261c3100",52,"average",10,10,24.2,5.9464274989274,15,33,-0.125669583629514,0
"6110888158573651261c3100",53,"average",2,2,18,4,14,22,0,0
"6110888158573651261c3100",54,"average",10,10,22.2,5.9464274989274,13,31,-0.125669583629514,0
"6110888158573651261c3100",55,"average",10,10,24.2,5.9464274989274,15,33,-0.125669583629514,0
"6110888158573651261c3100",56,"average",20,20,15.5,5.5,7,26,0.398497370398196,0
"6110888158573651261c3100",57,"average",2,2,14,4,10,18,0,0
"6110888158573651261c3100",58,"average",10,10,20.2,5.9464274989274,11,29,-0.125669583629514,0
"6110888158573651261c3100",59,"average",2,2,26,4,22,30,0,0
"6110888158573651261c3100",60,"average",20,20,23.5,5.5,15,34,0.398497370398196,0
"6110888158573651261c3100",61,"average",2,2,16,4,12,20,0,0
"6110888158573651261c3100",62,"average",2,2,36,4,32,40,0,0
"6110888158573651261c3100",63,"average",2,2,27,4,23,31,0,0
"6110888158573651261c3100",64,"average",10,10,24.2,5.9464274989274,15,33,-0.125669583629514,0
"6110888158573651261c3100",65,"average",10,10,30.2,5.9464274989274,21,39,-0.125669583629514,0
"6110888158573651261c3100",66,"average",2,2,34,4,30,38,0,0
"6110888158573651261c3100",67,"average",20,20,24.5,5.5,16,35,0.398497370398196,0
"6110888158573651261c3100",68,"average",2,2,17,4,13,21,0,0
"6110888158573651261c3100",69,"average",2,2,36,4,32,40,0,0
"6110888158573651261c3100",70,"average",20,20,14.5,5.5,6,25,0.398497370398196,0
"6110888158573651261c3100",71,"average",20,20,21.5,5.5,13,32,0.398497370398196,0
"6110888158573651261c3100",72,"average",10,10,35.2,5.9464274989274,26,44,-0.125669583629516,0
"6110888158573651261c3100",73,"average",10,10,25.2,5.9464274989274,16,34,-0.125669583629514,0
"6110888158573651261c3100",74,"average",2,2,25,4,21,29,0,0
"6110888158573651261c3100",75,"average",10,10,15.2,5.9464274989274,6,24,-0.125669583629514,0
"6110888158573651261c3100",76,"average",10,10,19.2,5.9464274989274,10,28,-0.125669583629514,0
"6110888158573651261c3100",77,"average",10,10,17.2,5.9464274989274,8,26,-0.125669583629514,0
"6110888158573651261c3100",78,"average",20,20,25.5,5.5,17,36,0.398497370398196,0
"6110888158573651261c3100",79,"average",2,2,26,4,22,30,0,0
"6110888158573651261c3100",80,"average",2,2,24,4,20,28,0,0
"6110888158573651261c3100",81,"average",2,2,18,4,14,22,0,0
"6110888158573651261c3100",82,"average",10,10,17.2,5.9464274989274,8,26,-0.125669583629514,0
"6110888158573651261c3100",83,"average",20,20,30.5,5.5,22,41,0.398497370398196,0
"6110888158573651261c3100",84,"average",2,2,34,4,30,38,0,0
"6110888158573651261c3100",85,"average",10,10,32.2,5.9464274989274,23,41,-0.125669583629516,0
"6110888158573651261c3100",86,"average",2,2,22,4,18,26,0,0
"6110888158573651261c3100",87,"average",20,20,33.5,5.5,25,44,0.398497370398196,0
"6110888158573651261c3100",88,"average",20,20,13.5,5.5,5,24,0.398497370398196,0
"6110888158573651261c3100",89,"average",20,20,12.5,5.5,4,23,0.398497370398196,0
"6110888158573651261c3100",90,"average",20,20,34.5,5.5,26,45,0.398497370398196,0
"6110888158573651261c3100",91,"average",10,10,33.2,5.9464274989274,24,42,-0.125669583629516,0
"6110888158573651261c3100",92,"average",10,10,32.2,5.9464274989274,23,41,-0.125669583629516,0
"6110888158573651261c3100",93,"average",10,10,32.2,5.9464274989274,23,41,-0.125669583629516,0
"6110888158573651261c3100",94,"average",2,2,36,4,32,40,0,0
"6110888158573651261c3100",95,"average",20,20,32.5,5.5,24,43,0.398497370398196,0
"6110888158573651261c3100",96,"average",2,2,17,4,13,21,0,0
"6110888158573651261c3100",97,"average",2,2,24,4,20,28,0,0
"6110888158573651261c3100",98,"average",20,20,20.5,5.5,12,31,0.398497370398196,0
"6110888158573651261c3100",99,"average",10,10,33.2,5.9464274989274,24,42,-0.125669583629516,0
"6110888158573651261c3100",100,"average",10,10,28.2,5.9464274989274,19,37,-0.125669583629514,0
"6110888158573651261c3100",101,"average",2,2,21,4,17,25,0,0
"6110888158573651261c3100",102,"average",20,20,16.5,5.5,8,27,0.398497370398196,0
"6110888158573651261c3100",103,"average",20,20,21.5,5.5,13,32,0.398497370398196,0
"6110888158573651261c3100",104,"average",10,10,30.2,5.9464274989274,21,39,-0.125669583629514,0
"6110888158573651261c3100",105,"average",20,20,18.5,5.5,10,29,0.398497370398196,0
"6110888158573651261c3100",106,"average",10,10,22.2,5.9464274989274,13,31,-0.125669583629514,0
"6110888158573651261c3100",107,"average",20,20,13.5,5.5,5,24,0.398497370398196,0
"6110888158573651261c3100",108,"average",20,20,19.5,5.5,11,30,0.398497370398196,0
"66dcc0e54f44ccecf2730c76",1,"average",10,10,35.9,5.66480361530742,29,46,0.603618980914687,0
"66dcc0e54f44ccecf2730c76",2,"average",5,5,38.2,5.70613704707484,31,48,0.580520706951618,0
"66dcc0e54f44ccecf2730c76",3,"average",11,11,39.0909090909091,5.79113029404836,30,48,-0.212329013640374,0
"66dcc0e54f44ccecf2730c76",4,"average",12,12,10.4166666666667,4.78641016025813,1,17,-0.440405635562127,1
"66dcc0e54f44ccecf2730c76",5,"average",11,11,10.3636363636364,6.34282310636815,1,20,0.0258975909145129,1
"66dcc0e54f44ccecf2730c76",6,"average",12,12,11.9166666666667,4.94061961926055,4,19,-0.0661723064205816,0
"66dcc0e54f44ccecf2730c76",7,"average",6,6,7.16666666666667,6.03922364399781,1,19,0.953065479414433,1
"66dcc0e54f44ccecf2730c76",8,"average",2,2,43.5,2.5,41,46,0,0
"66dcc0e54f44ccecf2730c76",9,"average",12,12,38.8333333333333,5.63964143856288,31,48,0.22712996926536,0
"66dcc0e54f44ccecf2730c76",10,"average",7,7,11.8571428571429,5.30306034093445,3,19,-0.195999008284583,0
"66dcc0e54f44ccecf2730c76",11,"average",4,4,39,3.39116499156263,35,44,0.346168070972367,0
"66dcc0e54f44ccecf2730c76",12,"average",7,7,12.5714285714286,5.62791874388349,1,19,-0.903507616854243,1
"66dcc0e54f44ccecf2730c76",13,"average",10,10,26.2,5.9464274989274,17,35,-0.125669583629514,0
"66dcc0e54f44ccecf2730c76",14,"average",2,2,27,4,23,31,0,0
"66dcc0e54f44ccecf2730c76",15,"average",20,20,12.5,5.5,4,23,0.398497370398196,0
"66dcc0e54f44ccecf2730c76",16,"average",20,20,19.5,5.5,11,30,0.398497370398196,0
"66dcc0e54f44ccecf2730c76",17,"average",2,2,32,4,28,36,0,0
"66dcc0e54f44ccecf2730c76",18,"average",20,20,14.5,5.5,6,25,0.398497370398196,0
"66dcc0e54f44ccecf2730c76",19,"average",2,2,22,4,18,26,0,0
"66dcc0e54f44ccecf2730c76",20,"average",20,20,28.5,5.5,20,39,0.398497370398196,0
"66dcc0e54f44ccecf2730c76",21,"average",2,2,36,4,32,40,0,0
"66dcc0e54f44ccecf2730c76",22,"average",2,2,32,4,28,36,0,0
"66dcc0e54f44ccecf2730c76",23,"average",10,10,29.2,5.9464274989274,20,38,-0.125669583629514,0
"66dcc0e54f44ccecf2730c76",24,"average",10,10,17.2,5.9464274989274,8,26,-0.125669583629514,0
"66dcc0e54f44ccecf2730c76",25,"average",20,20,33.5,5.5,25,44,0.398497370398196,0
"66dcc0e54f44ccecf2730c76",26,"average",10,10,30.2,5.9464274989274,21,39,-0.125669583629514,0
"66dcc0e54f44ccecf2730c76",27,"average",2,2,36,4,32,40,0,0
"66dcc0e54f44ccecf2730c76",28,"average",10,10,16.2,5.9464274989274,7,25,-0.125669583629514,0
"66dcc0e54f44ccecf2730c76",29,"average",10,10,29.2,5.9464274989274,20,38,-0.125669583629514,0
"66dcc0e54f44ccecf2730c76",30,"average",10,10,24.2,5.9464274989274,15,33,-0.125669583629514,0
"66dcc0e54f44ccecf2730c76",31,"average",2,2,29,4,25,33,0,0
"66dcc0e54f44ccecf2730c76",32,"average",2,2,14,4,10,18,0,0
"66dcc0e54f44ccecf2730c76",33,"average",20,20,13.5,5.5,5,24,0.398497370398196,0
"66dcc0e54f44ccecf2730c76",34,"average",2,2,26,4,22,30,0,0
"66dcc0e54f44ccecf2730c76",35,"average",20,20,18.5,5.5,10,29,0.398497370398196,0
"66dcc0e54f44ccecf2730c76",36,"average",10,10,36.2,5.9464274989274,27,45,-0.125669583629516,0
"66dcc0e54f44ccecf2730c76",37,"average",20,20,18.5,5.5,10,29,0.398497370398196,0
"66dcc0e54f44ccecf2730c76",38,"average",10,10,34.2,5.9464274989274,25,43,-0.125669583629516,0
"66dcc0e54f44ccecf2730c76",39,"average",2,2,31,4,27,35,0,0
"66dcc0e54f44ccecf2730c76",40,"average",2,2,16,4,12,20,0,0
"66dcc0e54f44ccecf2730c76",41,"average",10,10,20.2,5.9464274989274,11,29,-0.125669583629514,0
"66dcc0e54f44ccecf2730c76",42,"average",20,20,16.5,5.5,8,27,0.398497370398196,0
"66dcc0e54f44ccecf2730c76",43,"average",10,10,31.2,5.9464274989274,22,40,-0.125669583629514,0
"66dcc0e54f44ccecf2730c76",44,"average",2,2,15,4,11,19,0,0
"66dcc0e54f44ccecf2730c76",45,"average",10,10,31.2,5.9464274989274,22,40,-0.125669583629514,0
"66dcc0e54f44ccecf2730c76",46,"average",20,20,23.5,5.5,15,34,0.398497370398196,0
"66dcc0e54f44ccecf2730c76",47,"average",2,2,36,4,32,40,0,0
"66dcc0e54f44ccecf2730c76",48,"average",10,10,34.2,5.9464274989274,25,43,-0.125669583629516,0
"66dcc0e54f44ccecf2730c76",49,"average",20,20,30.5,5.5,22,41,0.398497370398196,0
"66dcc0e54f44ccecf2730c76",50,"average",20,20,27.5,5.5,19,38,0.398497370398196,0
"66dcc0e54f44ccecf2730c76",51,"average",2,2,28,4,24,32,0,0
"66dcc0e54f44ccecf2730c76",52,"average",2,2,36,4,32,40,0,0
"66dcc0e54f44ccecf2730c76",53,"average",10,10,14.2,5.9464274989274,5,23,-0.125669583629514,0
"66dcc0e54f44ccecf2730c76",54,"average",20,20,29.5,5.5,21,40,0.398497370398196,0
"66dcc0e54f44ccecf2730c76",55,"average",20,20,17.5,5.5,9,28,0.398497370398196,0
"66dcc0e54f44ccecf2730c76",56,"average",20,20,23.5,5.5,15,34,0.398497370398196,0
"66dcc0e54f44ccecf2730c76",57,"average",10,10,18.2,5.9464274989274,9,27,-0.125669583629514,0
"66dcc0e54f44ccecf2730c76",58,"average",2,2,31,4,27,35,0,0
"66dcc0e54f44ccecf2730c76",59,"average",10,10,24.2,5.9464274989274,15,33,-0.125669583629514,0
"66dcc0e54f44ccecf2730c76",60,"average",20,20,24.5,5.5,16,35,0.398497370398196,0
"66dcc0e54f44ccecf2730c76",61,"average",10,10,25.2,5.9464274989274,16,34,-0.125669583629514,0
"66dcc0e54f44ccecf2730c76",62,"average",10,10,20.2,5.9464274989274,11,29,-0.125669583629514,0
"66dcc0e54f44ccecf2730c76",63,"average",10,10,24.2,5.9464274989274,15,33,-0.125669583629514,0
"66dcc0e54f44ccecf2730c76",64,"average",2,2,18,4,14,22,0,0
"66dcc0e54f44ccecf2730c76",65,"average",10,10,35.2,5.9464274989274,26,44,-0.125669583629516,0
"66dcc0e54f44ccecf2730c76",66,"average",2,2,14,4,10,18,0,0
"66dcc0e54f44ccecf2730c76",67,"average",2,2,18,4,14,22,0,0
"66dcc0e54f44ccecf2730c76",68,"average",20,20,13.5,5.5,5,24,0.398497370398196,0
"66dcc0e54f44ccecf2730c76",69,"average",20,20,20.5,5.5,12,31,0.398497370398196,0
"66dcc0e54f44ccecf2730c76",70,"average",10,10,21.2,5.9464274989274,12,30,-0.125669583629514,0
"66dcc0e54f44ccecf2730c76",71,"average",10,10,24.2,5.9464274989274,15,33,-0.125669583629514,0
"66dcc0e54f44ccecf2730c76",72,"average",20,20,23.5,5.5,15,34,0.398497370398196,0
"66dcc0e54f44ccecf2730c76",73,"average",2,2,14,4,10,18,0,0
"66dcc0e54f44ccecf2730c76",74,"average",10,10,24.2,5.9464274989274,15,33,-0.125669583629514,0
"66dcc0e54f44ccecf2730c76",75,"average",2,2,34,4,30,38,0,0
"66dcc0e54f44ccecf2730c76",76,"average",2,2,19,4,15,23,0,0
"66dcc0e54f44ccecf2730c76",77,"average",20,20,20.5,5.5,12,31,0.398497370398196,0
"66dcc0e54f44ccecf2730c76",78,"average",2,2,15,4,11,19,0,0
"66dcc0e54f44ccecf2730c76",79,"average",10,10,24.2,5.9464274989274,15,33,-0.125669583629514,0
"66dcc0e54f44ccecf2730c76",80,"average",10,10,24.2,5.9464274989274,15,33,-0.125669583629514,0
"66dcc0e54f44ccecf2730c76",81,"average",20,20,14.5,5.5,6,25,0.398497370398196,0
"66dcc0e54f44ccecf2730c76",82,"average",10,10,28.2,5.9464274989274,19,37,-0.125669583629514,0
"66dcc0e54f44ccecf2730c76",83,"average",20,20,13.5,5.5,5,24,0.398497370398196,0
"66dcc0e54f44ccecf2730c76",84,"average",20,20,15.5,5.5,7,26,0.398497370398196,0
"66dcc0e54f44ccecf2730c76",85,"average",20,20,18.5,5.5,10,29,0.398497370398196,0
"66dcc0e54f44ccecf2730c76",86,"average",20,20,25.5,5.5,17,36,0.398497370398196,0
"66dcc0e54f44ccecf2730c76",87,"average",20,20,29.5,5.5,21,40,0.398497370398196,0
"66dcc0e54f44ccecf2730c76",88,"average",20,20,23.5,5.5,15,34,0.398497370398196,0
"66dcc0e54f44ccecf2730c76",89,"average",10,10,20.2,5.9464274989274,11,29,-0.125669583629514,0
"66dcc0e54f44ccecf2730c76",90,"average",2,2,17,4,13,21,0,0
"66dcc0e54f44ccecf2730c76",91,"average",2,2,20,4,16,24,0,0
"66dcc0e54f44ccecf2730c76",92,"average",10,10,18.2,5.9464274989274,9,27,-0.125669583629514,0
"66dcc0e54f44ccecf2730c76",93,"average",20,20,27.5,5.5,19,38,0.398497370398196,0
"66dcc0e54f44ccecf2730c76",94,"average",10,10,36.2,5.9464274989274,27,45,-0.125669583629516,0
"66dcc0e54f44ccecf2730c76",95,"average",2,2,20,4,16,24,0,0
"66dcc0e54f44ccecf2730c76",96,"average",2,2,19,4,15,23,0,0
"66dcc0e54f44ccecf2730c76",97,"average",20,20,34.5,5.5,26,45,0.398497370398196,0
"66dcc0e54f44ccecf2730c76",98,"average",20,20,17.5,5.5,9,28,0.398497370398196,0
"66dcc0e54f44ccecf2730c76",99,"average",10,10,29.2,5.9464274989274,20,38,-0.125669583629514,0
"66dcc0e54f44ccecf2730c76",100,"average",2,2,27,4,23,31,0,0
"66dcc0e54f44ccecf2730c76",101,"average",20,20,13.5,5.5,5,24,0.398497370398196,0
"66dcc0e54f44ccecf2730c76",102,"average",20,20,26.5,5.5,18,37,0.398497370398196,0
"66dcc0e54f44ccecf2730c76",103,"average",2,2,19,4,15,23,0,0
"66dcc0e54f44ccecf2730c76",104,"average",2,2,18,4,14,22,0,0
"66dcc0e54f44ccecf2730c76",105,"average",10,10,16.2,5.9464274989274,7,25,-0.125669583629514,0
"66dcc0e54f44ccecf2730c76",106,"average",2,2,23,4,19,27,0,0
"66dcc0e54f44ccecf2730c76",107,"average",2,2,31,4,27,35,0,0
"66dcc0e54f44ccecf2730c76",108,"average",10,10,34.2,5.9464274989274,25,43,-0.125669583629516,0
"5c22db5c540c6d00018bc10c",1,"average",8,8,12.75,6.88748865697795,3,20,-0.451927890754541,0
"5c22db5c540c6d00018bc10c",2,"average",3,3,33.3333333333333,5.43650214343336,29,41,0.689205498142874,0
"5c22db5c540c6d00018bc10c",3,"average",10,10,38.5,6.80073525436772,29,47,-0.171682549591635,0
"5c22db5c540c6d00018bc10c",4,"average",3,3,10.6666666666667,2.86744175568088,7,14,-0.17280054407865,0
"5c22db5c540c6d00018bc10c",5,"average",11,11,40.4545454545455,6.22843386653114,30,48,-0.456736559781246,0
"5c22db5c540c6d00018bc10c",6,"average",10,10,40.1,6.28410693734599,29,48,-0.419681894593335,0
"5c22db5c540c6d00018bc10c",7,"average",7,7,10.7142857142857,5.64963426665291,1,18,-0.42488386379499,1
"5c22db5c540c6d00018bc10c",8,"average",6,6,10.5,5.90903263374528,3,19,0.0290805144397441,0
"5c22db5c540c6d00018bc10c",9,"average",12,12,39.9166666666667,5.45371942398539,29,48,-0.370796418145919,0
"5c22db5c540c6d00018bc10c",10,"average",3,3,39.3333333333333,4.78423336480244,35,46,0.615560235927544,0
"5c22db5c540c6d00018bc10c",11,"average",11,11,37.0909090909091,4.94431805123169,30,46,0.505164711672175,0
"5c22db5c540c6d00018bc10c",12,"average",5,5,10,4.09878030638384,3,15,-0.557657184542019,0
"5c22db5c540c6d00018bc10c",13,"average",2,2,29,4,25,33,0,0
"5c22db5c540c6d00018bc10c",14,"average",10,10,16.2,5.9464274989274,7,25,-0.125669583629514,0
"5c22db5c540c6d00018bc10c",15,"average",10,10,20.2,5.9464274989274,11,29,-0.125669583629514,0
"5c22db5c540c6d00018bc10c",16,"average",2,2,21,4,17,25,0,0
"5c22db5c540c6d00018bc10c",17,"average",20,20,27.5,5.5,19,38,0.398497370398196,0
"5c22db5c540c6d00018bc10c",18,"average",2,2,30,4,26,34,0,0
"5c22db5c540c6d00018bc10c",19,"average",2,2,22,4,18,26,0,0
"5c22db5c540c6d00018bc10c",20,"average",10,10,19.2,5.9464274989274,10,28,-0.125669583629514,0
"5c22db5c540c6d00018bc10c",21,"average",2,2,34,4,30,38,0,0
"5c22db5c540c6d00018bc10c",22,"average",10,10,17.2,5.9464274989274,8,26,-0.125669583629514,0
"5c22db5c540c6d00018bc10c",23,"average",20,20,25.5,5.5,17,36,0.398497370398196,0
"5c22db5c540c6d00018bc10c",24,"average",2,2,34,4,30,38,0,0
"5c22db5c540c6d00018bc10c",25,"average",2,2,20,4,16,24,0,0
"5c22db5c540c6d00018bc10c",26,"average",20,20,22.5,5.5,14,33,0.398497370398196,0
"5c22db5c540c6d00018bc10c",27,"average",2,2,33,4,29,37,0,0
"5c22db5c540c6d00018bc10c",28,"average",2,2,25,4,21,29,0,0
"5c22db5c540c6d00018bc10c",29,"average",10,10,21.2,5.9464274989274,12,30,-0.125669583629514,0
"5c22db5c540c6d00018bc10c",30,"average",20,20,26.5,5.5,18,37,0.398497370398196,0
"5c22db5c540c6d00018bc10c",31,"average",10,10,16.2,5.9464274989274,7,25,-0.125669583629514,0
"5c22db5c540c6d00018bc10c",32,"average",2,2,32,4,28,36,0,0
"5c22db5c540c6d00018bc10c",33,"average",20,20,26.5,5.5,18,37,0.398497370398196,0
"5c22db5c540c6d00018bc10c",34,"average",2,2,16,4,12,20,0,0
"5c22db5c540c6d00018bc10c",35,"average",10,10,32.2,5.9464274989274,23,41,-0.125669583629516,0
"5c22db5c540c6d00018bc10c",36,"average",2,2,32,4,28,36,0,0
"5c22db5c540c6d00018bc10c",37,"average",20,20,27.5,5.5,19,38,0.398497370398196,0
"5c22db5c540c6d00018bc10c",38,"average",20,20,24.5,5.5,16,35,0.398497370398196,0
"5c22db5c540c6d00018bc10c",39,"average",20,20,21.5,5.5,13,32,0.398497370398196,0
"5c22db5c540c6d00018bc10c",40,"average",20,20,21.5,5.5,13,32,0.398497370398196,0
"5c22db5c540c6d00018bc10c",41,"average",10,10,23.2,5.9464274989274,14,32,-0.125669583629514,0
"5c22db5c540c6d00018bc10c",42,"average",20,20,27.5,5.5,19,38,0.398497370398196,0
"5c22db5c540c6d00018bc10c",43,"average",10,10,27.2,5.9464274989274,18,36,-0.125669583629514,0
"5c22db5c540c6d00018bc10c",44,"average",20,20,30.5,5.5,22,41,0.398497370398196,0
"5c22db5c540c6d00018bc10c",45,"average",20,20,17.5,5.5,9,28,0.398497370398196,0
"5c22db5c540c6d00018bc10c",46,"average",20,20,31.5,5.5,23,42,0.398497370398196,0
"5c22db5c540c6d00018bc10c",47,"average",10,10,26.2,5.9464274989274,17,35,-0.125669583629514,0
"5c22db5c540c6d00018bc10c",48,"average",2,2,25,4,21,29,0,0
"5c22db5c540c6d00018bc10c",49,"average",20,20,13.5,5.5,5,24,0.398497370398196,0
"5c22db5c540c6d00018bc10c",50,"average",10,10,26.2,5.9464274989274,17,35,-0.125669583629514,0
"5c22db5c540c6d00018bc10c",51,"average",10,10,34.2,5.9464274989274,25,43,-0.125669583629516,0
"5c22db5c540c6d00018bc10c",52,"average",20,20,25.5,5.5,17,36,0.398497370398196,0
"5c22db5c540c6d00018bc10c",53,"average",2,2,18,4,14,22,0,0
"5c22db5c540c6d00018bc10c",54,"average",10,10,29.2,5.9464274989274,20,38,-0.125669583629514,0
"5c22db5c540c6d00018bc10c",55,"average",2,2,28,4,24,32,0,0
"5c22db5c540c6d00018bc10c",56,"average",2,2,32,4,28,36,0,0
"5c22db5c540c6d00018bc10c",57,"average",10,10,16.2,5.9464274989274,7,25,-0.125669583629514,0
"5c22db5c540c6d00018bc10c",58,"average",10,10,23.2,5.9464274989274,14,32,-0.125669583629514,0
"5c22db5c540c6d00018bc10c",59,"average",20,20,27.5,5.5,19,38,0.398497370398196,0
"5c22db5c540c6d00018bc10c",60,"average",10,10,19.2,5.9464274989274,10,28,-0.125669583629514,0
"5c22db5c540c6d00018bc10c",61,"average",10,10,23.2,5.9464274989274,14,32,-0.125669583629514,0
"5c22db5c540c6d00018bc10c",62,"average",2,2,29,4,25,33,0,0
"5c22db5c540c6d00018bc10c",63,"average",20,20,25.5,5.5,17,36,0.398497370398196,0
"5c22db5c540c6d00018bc10c",64,"average",2,2,35,4,31,39,0,0
"5c22db5c540c6d00018bc10c",65,"average",20,20,27.5,5.5,19,38,0.398497370398196,0
"5c22db5c540c6d00018bc10c",66,"average",20,20,30.5,5.5,22,41,0.398497370398196,0
"5c22db5c540c6d00018bc10c",67,"average",20,20,29.5,5.5,21,40,0.398497370398196,0
"5c22db5c540c6d00018bc10c",68,"average",10,10,20.2,5.9464274989274,11,29,-0.125669583629514,0
"5c22db5c540c6d00018bc10c",69,"average",2,2,20,4,16,24,0,0
"5c22db5c540c6d00018bc10c",70,"average",2,2,21,4,17,25,0,0
"5c22db5c540c6d00018bc10c",71,"average",2,2,31,4,27,35,0,0
"5c22db5c540c6d00018bc10c",72,"average",20,20,25.5,5.5,17,36,0.398497370398196,0
"5c22db5c540c6d00018bc10c",73,"average",20,20,20.5,5.5,12,31,0.398497370398196,0
"5c22db5c540c6d00018bc10c",74,"average",2,2,32,4,28,36,0,0
"5c22db5c540c6d00018bc10c",75,"average",2,2,24,4,20,28,0,0
"5c22db5c540c6d00018bc10c",76,"average",20,20,19.5,5.5,11,30,0.398497370398196,0
"5c22db5c540c6d00018bc10c",77,"average",10,10,22.2,5.9464274989274,13,31,-0.125669583629514,0
"5c22db5c540c6d00018bc10c",78,"average",2,2,29,4,25,33,0,0
"5c22db5c540c6d00018bc10c",79,"average",20,20,30.5,5.5,22,41,0.398497370398196,0
"5c22db5c540c6d00018bc10c",80,"average",2,2,23,4,19,27,0,0
"5c22db5c540c6d00018bc10c",81,"average",10,10,33.2,5.9464274989274,24,42,-0.125669583629516,0
"5c22db5c540c6d00018bc10c",82,"average",2,2,34,4,30,38,0,0
"5c22db5c540c6d00018bc10c",83,"average",20,20,12.5,5.5,4,23,0.398497370398196,0
"5c22db5c540c6d00018bc10c",84,"average",20,20,27.5,5.5,19,38,0.398497370398196,0
"5c22db5c540c6d00018bc10c",85,"average",20,20,27.5,5.5,19,38,0.398497370398196,0
"5c22db5c540c6d00018bc10c",86,"average",10,10,22.2,5.9464274989274,13,31,-0.125669583629514,0
"5c22db5c540c6d00018bc10c",87,"average",10,10,29.2,5.9464274989274,20,38,-0.125669583629514,0
"5c22db5c540c6d00018bc10c",88,"average",2,2,17,4,13,21,0,0
"5c22db5c540c6d00018bc10c",89,"average",2,2,22,4,18,26,0,0
"5c22db5c540c6d00018bc10c",90,"average",2,2,26,4,22,30,0,0
"5c22db5c540c6d00018bc10c",91,"average",2,2,35,4,31,39,0,0
"5c22db5c540c6d00018bc10c",92,"average",10,10,29.2,5.9464274989274,20,38,-0.125669583629514,0
"5c22db5c540c6d00018bc10c",93,"average",10,10,33.2,5.9464274989274,24,42,-0.125669583629516,0
"5c22db5c540c6d00018bc10c",94,"average",10,10,27.2,5.9464274989274,18,36,-0.125669583629514,0
"5c22db5c540c6d00018bc10c",95,"average",10,10,16.2,5.9464274989274,7,25,-0.125669583629514,0
"5c22db5c540c6d00018bc10c",96,"average",2,2,16,4,12,20,0,0
"5c22db5c540c6d00018bc10c",97,"average",20,20,26.5,5.5,18,37,0.398497370398196,0
"5c22db5c540c6d00018bc10c",98,"average",10,10,16.2,5.9464274989274,7,25,-0.125669583629514,0
"5c22db5c540c6d00018bc10c",99,"average",20,20,13.5,5.5,5,24,0.398497370398196,0
"5c22db5c540c6d00018bc10c",100,"average",20,20,19.5,5.5,11,30,0.398497370398196,0
"5c22db5c540c6d00018bc10c",101,"average",10,10,32.2,5.9464274989274,23,41,-0.125669583629516,0
"5c22db5c540c6d00018bc10c",102,"average",2,2,15,4,11,19,0,0
"5c22db5c540c6d00018bc10c",103,"average",10,10,28.2,5.9464274989274,19,37,-0.125669583629514,0
"5c22db5c540c6d00018bc10c",104,"average",10,10,22.2,5.9464274989274,13,31,-0.125669583629514,0
"5c22db5c540c6d00018bc10c",105,"average",20,20,12.5,5.5,4,23,0.398497370398196,0
"5c22db5c540c6d00018bc10c",106,"average",20,20,27.5,5.5,19,38,0.398497370398196,0
"5c22db5c540c6d00018bc10c",107,"average",10,10,14.2,5.9464274989274,5,23,-0.125669583629514,0
"5c22db5c540c6d00018bc10c",108,"average",10,10,30.2,5.9464274989274,21,39,-0.125669583629514,0
"607dc630d2d30aa7e8699c23",1,"average",4,4,10.75,2.8613807855649,7,14,-0.132056032991516,0
"607dc630d2d30aa7e8699c23",2,"average",8,8,39.875,4.96078370824611,33,47,0.111445524613006,0
"607dc630d2d30aa7e8699c23",3,"average",4,4,6,2.73861278752583,3,10,0.365148371670111,0
"607dc630d2d30aa7e8699c23",4,"average",4,4,39.75,5.35607132140714,32,47,-0.134841785869364,0
"607dc630d2d30aa7e8699c23",5,"average",5,5,14,4.69041575982343,7,19,-0.407019549406165,0
"607dc630d2d30aa7e8699c23",6,"average",9,9,38.5555555555556,5.43877255578685,29,46,-0.171450460520919,0
"607dc630d2d30aa7e8699c23",7,"average",8,8,39,5.74456264653803,31,47,0.106820379790996,0
"607dc630d2d30aa7e8699c23",8,"average",3,3,14.6666666666667,2.49443825784929,12,18,0.381801774160607,0
"607dc630d2d30aa7e8699c23",9,"average",5,5,34.6,4.67332857821917,30,43,0.876613580264111,0
"607dc630d2d30aa7e8699c23",10,"average",5,5,10,7.23878442834154,2,19,0.199308061441139,0
"607dc630d2d30aa7e8699c23",11,"average",10,10,39.3,5.21632054229799,30,48,-0.217111812411225,0
"607dc630d2d30aa7e8699c23",12,"average",3,3,32,2.94392028877595,29,36,0.470330460336986,0
"607dc630d2d30aa7e8699c23",13,"average",2,2,19,4,15,23,0,0
"607dc630d2d30aa7e8699c23",14,"average",10,10,33.2,5.9464274989274,24,42,-0.125669583629516,0
"607dc630d2d30aa7e8699c23",15,"average",20,20,19.5,5.5,11,30,0.398497370398196,0
"607dc630d2d30aa7e8699c23",16,"average",2,2,14,4,10,18,0,0
"607dc630d2d30aa7e8699c23",17,"average",20,20,18.5,5.5,10,29,0.398497370398196,0
"607dc630d2d30aa7e8699c23",18,"average",10,10,34.2,5.9464274989274,25,43,-0.125669583629516,0
"607dc630d2d30aa7e8699c23",19,"average",10,10,19.2,5.9464274989274,10,28,-0.125669583629514,0
"607dc630d2d30aa7e8699c23",20,"average",10,10,17.2,5.9464274989274,8,26,-0.125669583629514,0
"607dc630d2d30aa7e8699c23",21,"average",2,2,29,4,25,33,0,0
"607dc630d2d30aa7e8699c23",22,"average",10,10,15.2,5.9464274989274,6,24,-0.125669583629514,0
"607dc630d2d30aa7e8699c23",23,"average",20,20,33.5,5.5,25,44,0.398497370398196,0
"607dc630d2d30aa7e8699c23",24,"average",10,10,25.2,5.9464274989274,16,34,-0.125669583629514,0
"607dc630d2d30aa7e8699c23",25,"average",10,10,30.2,5.9464274989274,21,39,-0.125669583629514,0
"607dc630d2d30aa7e8699c23",26,"average",10,10,22.2,5.9464274989274,13,31,-0.125669583629514,0
"607dc630d2d30aa7e8699c23",27,"average",10,10,28.2,5.9464274989274,19,37,-0.125669583629514,0
"607dc630d2d30aa7e8699c23",28,"average",20,20,13.5,5.5,5,24,0.398497370398196,0
"607dc630d2d30aa7e8699c23",29,"average",2,2,30,4,26,34,0,0
"607dc630d2d30aa7e8699c23",30,"average",2,2,34,4,30,38,0,0
"607dc630d2d30aa7e8699c23",31,"average",10,10,20.2,5.9464274989274,11,29,-0.125669583629514,0
"607dc630d2d30aa7e8699c23",32,"average",20,20,28.5,5.5,20,39,0.398497370398196,0
"607dc630d2d30aa7e8699c23",33,"average",10,10,29.2,5.9464274989274,20,38,-0.125669583629514,0
"607dc630d2d30aa7e8699c23",34,"average",20,20,29.5,5.5,21,40,0.398497370398196,0
"607dc630d2d30aa7e8699c23",35,"average",20,20,19.5,5.5,11,30,0.398497370398196,0
"607dc630d2d30aa7e8699c23",36,"average",2,2,32,4,28,36,0,0
"607dc630d2d30aa7e8699c23",37,"average",2,2,28,4,24,32,0,0
"607dc630d2d30aa7e8699c23",38,"average",2,2,33,4,29,37,0,0
"607dc630d2d30aa7e8699c23",39,"average",10,10,25.2,5.9464274989274,16,34,-0.125669583629514,0
"607dc630d2d30aa7e8699c23",40,"average",10,10,35.2,5.9464274989274,26,44,-0.125669583629516,0
"607dc630d2d30aa7e8699c23",41,"average",20,20,28.5,5.5,20,39,0.398497370398196,0
"607dc630d2d30aa7e8699c23",42,"average",20,20,12.5,5.5,4,23,0.398497370398196,0
"607dc630d2d30aa7e8699c23",43,"average",20,20,18.5,5.5,10,29,0.398497370398196,0
"607dc630d2d30aa7e8699c23",44,"average",2,2,29,4,25,33,0,0
"607dc630d2d30aa7e8699c23",45,"average",20,20,28.5,5.5,20,39,0.398497370398196,0
"607dc630d2d30aa7e8699c23",46,"average",2,2,32,4,28,36,0,0
"607dc630d2d30aa7e8699c23",47,"average",2,2,24,4,20,28,0,0
"607dc630d2d30aa7e8699c23",48,"average",10,10,26.2,5.9464274989274,17,35,-0.125669583629514,0
"607dc630d2d30aa7e8699c23",49,"average",20,20,25.5,5.5,17,36,0.398497370398196,0
"607dc630d2d30aa7e8699c23",50,"average",2,2,28,4,24,32,0,0
"607dc630d2d30aa7e8699c23",51,"average",2,2,28,4,24,32,0,0
"607dc630d2d30aa7e8699c23",52,"average",2,2,33,4,29,37,0,0
"607dc630d2d30aa7e8699c23",53,"average",2,2,26,4,22,30,0,0
"607dc630d2d30aa7e8699c23",54,"average",10,10,29.2,5.9464274989274,20,38,-0.125669583629514,0
"607dc630d2d30aa7e8699c23",55,"average",20,20,21.5,5.5,13,32,0.398497370398196,0
"607dc630d2d30aa7e8699c23",56,"average",10,10,21.2,5.9464274989274,12,30,-0.125669583629514,0
"607dc630d2d30aa7e8699c23",57,"average",2,2,14,4,10,18,0,0
"607dc630d2d30aa7e8699c23",58,"average",20,20,13.5,5.5,5,24,0.398497370398196,0
"607dc630d2d30aa7e8699c23",59,"average",20,20,14.5,5.5,6,25,0.398497370398196,0
"607dc630d2d30aa7e8699c23",60,"average",20,20,15.5,5.5,7,26,0.398497370398196,0
"607dc630d2d30aa7e8699c23",61,"average",2,2,14,4,10,18,0,0
"607dc630d2d30aa7e8699c23",62,"average",20,20,17.5,5.5,9,28,0.398497370398196,0
"607dc630d2d30aa7e8699c23",63,"average",10,10,25.2,5.9464274989274,16,34,-0.125669583629514,0
"607dc630d2d30aa7e8699c23",64,"average",20,20,24.5,5.5,16,35,0.398497370398196,0
"607dc630d2d30aa7e8699c23",65,"average",20,20,18.5,5.5,10,29,0.398497370398196,0
"607dc630d2d30aa7e8699c23",66,"average",20,20,21.5,5.5,13,32,0.398497370398196,0
"607dc630d2d30aa7e8699c23",67,"average",20,20,27.5,5.5,19,38,0.398497370398196,0
"607dc630d2d30aa7e8699c23",68,"average",2,2,27,4,23,31,0,0
"607dc630d2d30aa7e8699c23",69,"average",2,2,18,4,14,22,0,0
"607dc630d2d30aa7e8699c23",70,"average",2,2,27,4,23,31,0,0
"607dc630d2d30aa7e8699c23",71,"average",10,10,32.2,5.9464274989274,23,41,-0.125669583629516,0
"607dc630d2d30aa7e8699c23",72,"average",2,2,17,4,13,21,0,0
"607dc630d2d30aa7e8699c23",73,"average",10,10,29.2,5.9464274989274,20,38,-0.125669583629514,0
"607dc630d2d30aa7e8699c23",74,"average",2,2,20,4,16,24,0,0
"607dc630d2d30aa7e8699c23",75,"average",10,10,23.2,5.9464274989274,14,32,-0.125669583629514,0
"607dc630d2d30aa7e8699c23",76,"average",10,10,28.2,5.9464274989274,19,37,-0.125669583629514,0
"607dc630d2d30aa7e8699c23",77,"average",10,10,31.2,5.9464274989274,22,40,-0.125669583629514,0
"607dc630d2d30aa7e8699c23",78,"average",2,2,20,4,16,24,0,0
"607dc630d2d30aa7e8699c23",79,"average",2,2,29,4,25,33,0,0
"607dc630d2d30aa7e8699c23",80,"average",2,2,21,4,17,25,0,0
"607dc630d2d30aa7e8699c23",81,"average",20,20,13.5,5.5,5,24,0.398497370398196,0
"607dc630d2d30aa7e8699c23",82,"average",2,2,30,4,26,34,0,0
"607dc630d2d30aa7e8699c23",83,"average",10,10,26.2,5.9464274989274,17,35,-0.125669583629514,0
"607dc630d2d30aa7e8699c23",84,"average",10,10,30.2,5.9464274989274,21,39,-0.125669583629514,0
"607dc630d2d30aa7e8699c23",85,"average",2,2,21,4,17,25,0,0
"607dc630d2d30aa7e8699c23",86,"average",10,10,22.2,5.9464274989274,13,31,-0.125669583629514,0
"607dc630d2d30aa7e8699c23",87,"average",2,2,18,4,14,22,0,0
"607dc630d2d30aa7e8699c23",88,"average",20,20,23.5,5.5,15,34,0.398497370398196,0
"607dc630d2d30aa7e8699c23",89,"average",10,10,35.2,5.9464274989274,26,44,-0.125669583629516,0
"607dc630d2d30aa7e8699c23",90,"average",20,20,28.5,5.5,20,39,0.398497370398196,0
"607dc630d2d30aa7e8699c23",91,"average",20,20,18.5,5.5,10,29,0.398497370398196,0
"607dc630d2d30aa7e8699c23",92,"average",2,2,16,4,12,20,0,0
"607dc630d2d30aa7e8699c23",93,"average",20,20,34.5,5.5,26,45,0.398497370398196,0
"607dc630d2d30aa7e8699c23",94,"average",10,10,32.2,5.9464274989274,23,41,-0.125669583629516,0
"607dc630d2d30aa7e8699c23",95,"average",2,2,19,4,15,23,0,0
"607dc630d2d30aa7e8699c23",96,"average",2,2,24,4,20,28,0,0
"607dc630d2d30aa7e8699c23",97,"average",10,10,17.2,5.9464274989274,8,26,-0.125669583629514,0
"607dc630d2d30aa7e8699c23",98,"average",10,10,22.2,5.9464274989274,13,31,-0.125669583629514,0
"607dc630d2d30aa7e8699c23",99,"average",2,2,25,4,21,29,0,0
"607dc630d2d30aa7e8699c23",100,"average",20,20,29.5,5.5,21,40,0.398497370398196,0
"607dc630d2d30aa7e8699c23",101,"average",20,20,25.5,5.5,17,36,0.398497370398196,0
"607dc630d2d30aa7e8699c23",102,"average",20,20,23.5,5.5,15,34,0.398497370398196,0
"607dc630d2d30aa7e8699c23",103,"average",20,20,24.5,5.5,16,35,0.398497370398196,0
"607dc630d2d30aa7e8699c23",104,"average",20,20,19.5,5.5,11,30,0.398497370398196,0
"607dc630d2d30aa7e8699c23",105,"average",10,10,23.2,5.9464274989274,14,32,-0.125669583629514,0
"607dc630d2d30aa7e8699c23",106,"average",10,10,32.2,5.9464274989274,23,41,-0.125669583629516,0
"607dc630d2d30aa7e8699c23",107,"average",20,20,19.5,5.5,11,30,0.398497370398196,0
"607dc630d2d30aa7e8699c23",108,"average",10,10,31.2,5.9464274989274,22,40,-0.125669583629514,0
"6766deef2e4e127d7fc3c293",1,"average",7,7,37.7142857142857,6.69145053064593,30,48,0.253096079162343,0
"6766deef2e4e127d7fc3c293",2,"average",7,7,41.4285714285714,5.77821383318762,32,48,-0.549476249851641,0
"6766deef2e4e127d7fc3c293",3,"average",4,4,34.75,4.20565096031518,30,41,0.396992361747341,0
"6766deef2e4e127d7fc3c293",4,"average",10,10,38.1,6.81835757349231,29,48,0.0831331549531548,0
"6766deef2e4e127d7fc3c293",5,"average",11,11,11.6363636363636,6.3998966933811,1,20,-0.334310921316451,1
"6766deef2e4e127d7fc3c293",6,"average",2,2,32,1,31,33,0,0
"6766deef2e4e127d7fc3c293",7,"average",11,11,38.3636363636364,5.33040553246147,29,46,-0.379045540202494,0
"6766deef2e4e127d7fc3c293",8,"average",5,5,8.8,6.79411510058521,2,18,0.374674339714307,0
"6766deef2e4e127d7fc3c293",9,"average",3,3,12,4.32049379893857,8,18,0.595170064139497,0
"6766deef2e4e127d7fc3c293",10,"average",4,4,40.25,3.63145976158349,36,46,0.58141203433362,0
"6766deef2e4e127d7fc3c293",11,"average",7,7,11.5714285714286,4.68606270481621,6,19,0.304288734736324,0
"6766deef2e4e127d7fc3c293",12,"average",6,6,15.6666666666667,4.64279609239471,6,20,-1.28640338111096,0
"6766deef2e4e127d7fc3c293",13,"average",20,20,31.5,5.5,23,42,0.398497370398196,0
"6766deef2e4e127d7fc3c293",14,"average",10,10,18.2,5.9464274989274,9,27,-0.125669583629514,0
"6766deef2e4e127d7fc3c293",15,"average",10,10,15.2,5.9464274989274,6,24,-0.125669583629514,0
"6766deef2e4e127d7fc3c293",16,"average",2,2,21,4,17,25,0,0
"6766deef2e4e127d7fc3c293",17,"average",10,10,28.2,5.9464274989274,19,37,-0.125669583629514,0
"6766deef2e4e127d7fc3c293",18,"average",2,2,30,4,26,34,0,0
"6766deef2e4e127d7fc3c293",19,"average",2,2,24,4,20,28,0,0
"6766deef2e4e127d7fc3c293",20,"average",2,2,23,4,19,27,0,0
"6766deef2e4e127d7fc3c293",21,"average",2,2,33,4,29,37,0,0
"6766deef2e4e127d7fc3c293",22,"average",20,20,19.5,5.5,11,30,0.398497370398196,0
"6766deef2e4e127d7fc3c293",23,"average",2,2,22,4,18,26,0,0
"6766deef2e4e127d7fc3c293",24,"average",2,2,35,4,31,39,0,0
"6766deef2e4e127d7fc3c293",25,"average",2,2,33,4,29,37,0,0
"6766deef2e4e127d7fc3c293",26,"average",10,10,32.2,5.9464274989274,23,41,-0.125669583629516,0
"6766deef2e4e127d7fc3c293",27,"average",10,10,15.2,5.9464274989274,6,24,-0.125669583629514,0
"6766deef2e4e127d7fc3c293",28,"average",2,2,27,4,23,31,0,0
"6766deef2e4e127d7fc3c293",29,"average",20,20,25.5,5.5,17,36,0.398497370398196,0
"6766deef2e4e127d7fc3c293",30,"average",20,20,20.5,5.5,12,31,0.398497370398196,0
"6766deef2e4e127d7fc3c293",31,"average",2,2,20,4,16,24,0,0
"6766deef2e4e127d7fc3c293",32,"average",20,20,30.5,5.5,22,41,0.398497370398196,0
"6766deef2e4e127d7fc3c293",33,"average",20,20,14.5,5.5,6,25,0.398497370398196,0
"6766deef2e4e127d7fc3c293",34,"average",20,20,19.5,5.5,11,30,0.398497370398196,0
"6766deef2e4e127d7fc3c293",35,"average",20,20,13.5,5.5,5,24,0.398497370398196,0
"6766deef2e4e127d7fc3c293",36,"average",2,2,26,4,22,30,0,0
"6766deef2e4e127d7fc3c293",37,"average",20,20,22.5,5.5,14,33,0.398497370398196,0
"6766deef2e4e127d7fc3c293",38,"average",20,20,26.5,5.5,18,37,0.398497370398196,0
"6766deef2e4e127d7fc3c293",39,"average",10,10,18.2,5.9464274989274,9,27,-0.125669583629514,0
"6766deef2e4e127d7fc3c293",40,"average",10,10,15.2,5.9464274989274,6,24,-0.125669583629514,0
"6766deef2e4e127d7fc3c293",41,"average",2,2,23,4,19,27,0,0
"6766deef2e4e127d7fc3c293",42,"average",10,10,25.2,5.9464274989274,16,34,-0.125669583629514,0
"6766deef2e4e127d7fc3c293",43,"average",10,10,25.2,5.9464274989274,16,34,-0.125669583629514,0
"6766deef2e4e127d7fc3c293",44,"average",2,2,19,4,15,23,0,0
"6766deef2e4e127d7fc3c293",45,"average",2,2,32,4,28,36,0,0
"6766deef2e4e127d7fc3c293",46,"average",20,20,16.5,5.5,8,27,0.398497370398196,0
"6766deef2e4e127d7fc3c293",47,"average",10,10,22.2,5.9464274989274,13,31,-0.125669583629514,0
"6766deef2e4e127d7fc3c293",48,"average",20,20,31.5,5.5,23,42,0.398497370398196,0
"6766deef2e4e127d7fc3c293",49,"average",10,10,16.2,5.9464274989274,7,25,-0.125669583629514,0
"6766deef2e4e127d7fc3c293",50,"average",10,10,25.2,5.9464274989274,16,34,-0.125669583629514,0
"6766deef2e4e127d7fc3c293",51,"average",2,2,24,4,20,28,0,0
"6766deef2e4e127d7fc3c293",52,"average",20,20,20.5,5.5,12,31,0.398497370398196,0
"6766deef2e4e127d7fc3c293",53,"average",2,2,27,4,23,31,0,0
"6766deef2e4e127d7fc3c293",54,"average",10,10,15.2,5.9464274989274,6,24,-0.125669583629514,0
"6766deef2e4e127d7fc3c293",55,"average",20,20,18.5,5.5,10,29,0.398497370398196,0
"6766deef2e4e127d7fc3c293",56,"average",20,20,19.5,5.5,11,30,0.398497370398196,0
"6766deef2e4e127d7fc3c293",57,"average",10,10,29.2,5.9464274989274,20,38,-0.125669583629514,0
"6766deef2e4e127d7fc3c293",58,"average",10,10,27.2,5.9464274989274,18,36,-0.125669583629514,0
"6766deef2e4e127d7fc3c293",59,"average",20,20,16.5,5.5,8,27,0.398497370398196,0
"6766deef2e4e127d7fc3c293",60,"average",10,10,29.2,5.9464274989274,20,38,-0.125669583629514,0
"6766deef2e4e127d7fc3c293",61,"average",10,10,18.2,5.9464274989274,9,27,-0.125669583629514,0
"6766deef2e4e127d7fc3c293",62,"average",2,2,26,4,22,30,0,0
"6766deef2e4e127d7fc3c293",63,"average",20,20,28.5,5.5,20,39,0.398497370398196,0
"6766deef2e4e127d7fc3c293",64,"average",10,10,23.2,5.9464274989274,14,32,-0.125669583629514,0
"6766deef2e4e127d7fc3c293",65,"average",20,20,28.5,5.5,20,39,0.398497370398196,0
"6766deef2e4e127d7fc3c293",66,"average",20,20,16.5,5.5,8,27,0.398497370398196,0
"6766deef2e4e127d7fc3c293",67,"average",2,2,27,4,23,31,0,0
"6766deef2e4e127d7fc3c293",68,"average",10,10,25.2,5.9464274989274,16,34,-0.125669583629514,0
"6766deef2e4e127d7fc3c293",69,"average",2,2,17,4,13,21,0,0
"6766deef2e4e127d7fc3c293",70,"average",20,20,12.5,5.5,4,23,0.398497370398196,0
"6766deef2e4e127d7fc3c293",71,"average",2,2,18,4,14,22,0,0
"6766deef2e4e127d7fc3c293",72,"average",10,10,21.2,5.9464274989274,12,30,-0.125669583629514,0
"6766deef2e4e127d7fc3c293",73,"average",2,2,17,4,13,21,0,0
"6766deef2e4e127d7fc3c293",74,"average",2,2,18,4,14,22,0,0
"6766deef2e4e127d7fc3c293",75,"average",20,20,32.5,5.5,24,43,0.398497370398196,0
"6766deef2e4e127d7fc3c293",76,"average",2,2,14,4,10,18,0,0
"6766deef2e4e127d7fc3c293",77,"average",10,10,22.2,5.9464274989274,13,31,-0.125669583629514,0
"6766deef2e4e127d7fc3c293",78,"average",2,2,29,4,25,33,0,0
"6766deef2e4e127d7fc3c293",79,"average",2,2,20,4,16,24,0,0
"6766deef2e4e127d7fc3c293",80,"average",20,20,30.5,5.5,22,41,0.398497370398196,0
"6766deef2e4e127d7fc3c293",81,"average",2,2,16,4,12,20,0,0
"6766deef2e4e127d7fc3c293",82,"average",2,2,17,4,13,21,0,0
"6766deef2e4e127d7fc3c293",83,"average",2,2,20,4,16,24,0,0
"6766deef2e4e127d7fc3c293",84,"average",2,2,25,4,21,29,0,0
"6766deef2e4e127d7fc3c293",85,"average",20,20,33.5,5.5,25,44,0.398497370398196,0
"6766deef2e4e127d7fc3c293",86,"average",10,10,25.2,5.9464274989274,16,34,-0.125669583629514,0
"6766deef2e4e127d7fc3c293",87,"average",2,2,25,4,21,29,0,0
"6766deef2e4e127d7fc3c293",88,"average",10,10,22.2,5.9464274989274,13,31,-0.125669583629514,0
"6766deef2e4e127d7fc3c293",89,"average",20,20,19.5,5.5,11,30,0.398497370398196,0
"6766deef2e4e127d7fc3c293",90,"average",10,10,32.2,5.9464274989274,23,41,-0.125669583629516,0
"6766deef2e4e127d7fc3c293",91,"average",20,20,30.5,5.5,22,41,0.398497370398196,0
"6766deef2e4e127d7fc3c293",92,"average",20,20,20.5,5.5,12,31,0.398497370398196,0
"6766deef2e4e127d7fc3c293",93,"average",10,10,29.2,5.9464274989274,20,38,-0.125669583629514,0
"6766deef2e4e127d7fc3c293",94,"average",2,2,35,4,31,39,0,0
"6766deef2e4e127d7fc3c293",95,"average",10,10,27.2,5.9464274989274,18,36,-0.125669583629514,0
"6766deef2e4e127d7fc3c293",96,"average",10,10,28.2,5.9464274989274,19,37,-0.125669583629514,0
"6766deef2e4e127d7fc3c293",97,"average",10,10,36.2,5.9464274989274,27,45,-0.125669583629516,0
"6766deef2e4e127d7fc3c293",98,"average",10,10,26.2,5.9464274989274,17,35,-0.125669583629514,0
"6766deef2e4e127d7fc3c293",99,"average",20,20,25.5,5.5,17,36,0.398497370398196,0
"6766deef2e4e127d7fc3c293",100,"average",10,10,18.2,5.9464274989274,9,27,-0.125669583629514,0
"6766deef2e4e127d7fc3c293",101,"average",10,10,36.2,5.9464274989274,27,45,-0.125669583629516,0
"6766deef2e4e127d7fc3c293",102,"average",20,20,32.5,5.5,24,43,0.398497370398196,0
"6766deef2e4e127d7fc3c293",103,"average",20,20,13.5,5.5,5,24,0.398497370398196,0
"6766deef2e4e127d7fc3c293",104,"average",2,2,25,4,21,29,0,0
"6766deef2e4e127d7fc3c293",105,"average",20,20,13.5,5.5,5,24,0.398497370398196,0
"6766deef2e4e127d7fc3c293",106,"average",20,20,33.5,5.5,25,44,0.398497370398196,0
"6766deef2e4e127d7fc3c293",107,"average",10,10,27.2,5.9464274989274,18,36,-0.125669583629514,0
"6766deef2e4e127d7fc3c293",108,"average",20,20,15.5,5.5,7,26,0.398497370398196,0
"66c3366a3b5834b89124e85a",1,"average",9,9,10.5555555555556,5.55999822364302,3,19,0.28039877383172,0
"64a6e31ef9a471c4f100c91f",1,"average",2,2,6,3,3,9,0,0
"64a6e31ef9a471c4f100c91f",2,"average",4,4,36.5,7.43303437365925,29,48,0.569793425502759,0
"64a6e31ef9a471c4f100c91f",3,"average",3,3,13.6666666666667,5.55777733351102,6,19,-0.555748967876574,0
"64a6e31ef9a471c4f100c91f",4,"average",8,8,39,4.66368952654441,32,46,0.0887265546072658,0
"64a6e31ef9a471c4f100c91f",5,"average",6,6,40.1666666666667,5.8142545141708,32,48,-0.298852781740188,0
"64a6e31ef9a471c4f100c91f",6,"average",8,8,39.875,6.2737050456648,30,48,-0.353799037366147,0
"64a6e31ef9a471c4f100c91f",7,"average",3,3,7,4.96655480858378,3,14,0.685667537488922,0
"64a6e31ef9a471c4f100c91f",8,"average",12,12,9.58333333333333,6.10270887029322,1,20,0.130715548678433,1
"64a6e31ef9a471c4f100c91f",9,"average",8,8,9.375,5.40688218847054,1,19,0.24947419946283,1
"64a6e31ef9a471c4f100c91f",10,"average",9,9,40.3333333333333,5.98145281497545,32,48,-0.115955404479966,0
"64a6e31ef9a471c4f100c91f",11,"average",3,3,41.6666666666667,2.05480466765633,39,44,-0.239063146929541,0
"64a6e31ef9a471c4f100c91f",12,"average",11,11,11.4545454545455,5.51631689319202,3,20,0.0636464111734238,0
"64a6e31ef9a471c4f100c91f",13,"average",10,10,25.2,5.9464274989274,16,34,-0.125669583629514,0
"64a6e31ef9a471c4f100c91f",14,"average",2,2,30,4,26,34,0,0
"64a6e31ef9a471c4f100c91f",15,"average",2,2,34,4,30,38,0,0
"64a6e31ef9a471c4f100c91f",16,"average",2,2,29,4,25,33,0,0
"64a6e31ef9a471c4f100c91f",17,"average",10,10,24.2,5.9464274989274,15,33,-0.125669583629514,0
"64a6e31ef9a471c4f100c91f",18,"average",10,10,29.2,5.9464274989274,20,38,-0.125669583629514,0
"64a6e31ef9a471c4f100c91f",19,"average",10,10,20.2,5.9464274989274,11,29,-0.125669583629514,0
"64a6e31ef9a471c4f100c91f",20,"average",10,10,20.2,5.9464274989274,11,29,-0.125669583629514,0
"64a6e31ef9a471c4f100c91f",21,"average",10,10,36.2,5.9464274989274,27,45,-0.125669583629516,0
"64a6e31ef9a471c4f100c91f",22,"average",2,2,30,4,26,34,0,0
"64a6e31ef9a471c4f100c91f",23,"average",20,20,17.5,5.5,9,28,0.398497370398196,0
"64a6e31ef9a471c4f100c91f",24,"average",10,10,28.2,5.9464274989274,19,37,-0.125669583629514,0
"64a6e31ef9a471c4f100c91f",25,"average",10,10,23.2,5.9464274989274,14,32,-0.125669583629514,0
"64a6e31ef9a471c4f100c91f",26,"average",20,20,22.5,5.5,14,33,0.398497370398196,0
"64a6e31ef9a471c4f100c91f",27,"average",20,20,24.5,5.5,16,35,0.398497370398196,0
"64a6e31ef9a471c4f100c91f",28,"average",10,10,14.2,5.9464274989274,5,23,-0.125669583629514,0
"64a6e31ef9a471c4f100c91f",29,"average",2,2,17,4,13,21,0,0
"64a6e31ef9a471c4f100c91f",30,"average",2,2,35,4,31,39,0,0
"64a6e31ef9a471c4f100c91f",31,"average",20,20,26.5,5.5,18,37,0.398497370398196,0
"64a6e31ef9a471c4f100c91f",32,"average",2,2,15,4,11,19,0,0
"64a6e31ef9a471c4f100c91f",33,"average",10,10,27.2,5.9464274989274,18,36,-0.125669583629514,0
"64a6e31ef9a471c4f100c91f",34,"average",20,20,27.5,5.5,19,38,0.398497370398196,0
"64a6e31ef9a471c4f100c91f",35,"average",2,2,28,4,24,32,0,0
"64a6e31ef9a471c4f100c91f",36,"average",10,10,32.2,5.9464274989274,23,41,-0.125669583629516,0
"64a6e31ef9a471c4f100c91f",37,"average",20,20,25.5,5.5,17,36,0.398497370398196,0
"64a6e31ef9a471c4f100c91f",38,"average",2,2,29,4,25,33,0,0
"64a6e31ef9a471c4f100c91f",39,"average",20,20,29.5,5.5,21,40,0.398497370398196,0
"64a6e31ef9a471c4f100c91f",40,"average",20,20,24.5,5.5,16,35,0.398497370398196,0
"64a6e31ef9a471c4f100c91f",41,"average",20,20,34.5,5.5,26,45,0.398497370398196,0
"64a6e31ef9a471c4f100c91f",42,"average",2,2,14,4,10,18,0,0
"64a6e31ef9a471c4f100c91f",43,"average",10,10,21.2,5.9464274989274,12,30,-0.125669583629514,0
"64a6e31ef9a471c4f100c91f",44,"average",10,10,15.2,5.9464274989274,6,24,-0.125669583629514,0
"64a6e31ef9a471c4f100c91f",45,"average",10,10,29.2,5.9464274989274,20,38,-0.125669583629514,0
"64a6e31ef9a471c4f100c91f",46,"average",20,20,33.5,5.5,25,44,0.398497370398196,0
"64a6e31ef9a471c4f100c91f",47,"average",10,10,26.2,5.9464274989274,17,35,-0.125669583629514,0
"64a6e31ef9a471c4f100c91f",48,"average",20,20,23.5,5.5,15,34,0.398497370398196,0
"64a6e31ef9a471c4f100c91f",49,"average",20,20,20.5,5.5,12,31,0.398497370398196,0
"64a6e31ef9a471c4f100c91f",50,"average",2,2,21,4,17,25,0,0
"64a6e31ef9a471c4f100c91f",51,"average",2,2,34,4,30,38,0,0
"64a6e31ef9a471c4f100c91f",52,"average",2,2,26,4,22,30,0,0
"64a6e31ef9a471c4f100c91f",53,"average",2,2,19,4,15,23,0,0
"64a6e31ef9a471c4f100c91f",54,"average",20,20,25.5,5.5,17,36,0.398497370398196,0
"64a6e31ef9a471c4f100c91f",55,"average",10,10,24.2,5.9464274989274,15,33,-0.125669583629514,0
"64a6e31ef9a471c4f100c91f",56,"average",20,20,33.5,5.5,25,44,0.398497370398196,0
"64a6e31ef9a471c4f100c91f",57,"average",2,2,23,4,19,27,0,0
"64a6e31ef9a471c4f100c91f",58,"average",2,2,20,4,16,24,0,0
"64a6e31ef9a471c4f100c91f",59,"average",20,20,14.5,5.5,6,25,0.398497370398196,0
"64a6e31ef9a471c4f100c91f",60,"average",20,20,19.5,5.5,11,30,0.398497370398196,0
"64a6e31ef9a471c4f100c91f",61,"average",10,10,23.2,5.9464274989274,14,32,-0.125669583629514,0
"64a6e31ef9a471c4f100c91f",62,"average",20,20,20.5,5.5,12,31,0.398497370398196,0
"64a6e31ef9a471c4f100c91f",63,"average",2,2,36,4,32,40,0,0
"64a6e31ef9a471c4f100c91f",64,"average",2,2,21,4,17,25,0,0
"64a6e31ef9a471c4f100c91f",65,"average",2,2,22,4,18,26,0,0
"64a6e31ef9a471c4f100c91f",66,"average",20,20,24.5,5.5,16,35,0.398497370398196,0
"64a6e31ef9a471c4f100c91f",67,"average",20,20,12.5,5.5,4,23,0.398497370398196,0
"64a6e31ef9a471c4f100c91f",68,"average",2,2,21,4,17,25,0,0
"64a6e31ef9a471c4f100c91f",69,"average",10,10,24.2,5.9464274989274,15,33,-0.125669583629514,0
"64a6e31ef9a471c4f100c91f",70,"average",10,10,18.2,5.9464274989274,9,27,-0.125669583629514,0
"64a6e31ef9a471c4f100c91f",71,"average",2,2,33,4,29,37,0,0
"64a6e31ef9a471c4f100c91f",72,"average",20,20,14.5,5.5,6,25,0.398497370398196,0
"64a6e31ef9a471c4f100c91f",73,"average",2,2,19,4,15,23,0,0
"64a6e31ef9a471c4f100c91f",74,"average",2,2,25,4,21,29,0,0
"64a6e31ef9a471c4f100c91f",75,"average",2,2,14,4,10,18,0,0
"64a6e31ef9a471c4f100c91f",76,"average",20,20,28.5,5.5,20,39,0.398497370398196,0
"64a6e31ef9a471c4f100c91f",77,"average",20,20,32.5,5.5,24,43,0.398497370398196,0
"64a6e31ef9a471c4f100c91f",78,"average",10,10,18.2,5.9464274989274,9,27,-0.125669583629514,0
"64a6e31ef9a471c4f100c91f",79,"average",10,10,35.2,5.9464274989274,26,44,-0.125669583629516,0
"64a6e31ef9a471c4f100c91f",80,"average",20,20,18.5,5.5,10,29,0.398497370398196,0
"64a6e31ef9a471c4f100c91f",81,"average",20,20,18.5,5.5,10,29,0.398497370398196,0
"64a6e31ef9a471c4f100c91f",82,"average",20,20,28.5,5.5,20,39,0.398497370398196,0
"64a6e31ef9a471c4f100c91f",83,"average",20,20,26.5,5.5,18,37,0.398497370398196,0
"64a6e31ef9a471c4f100c91f",84,"average",10,10,31.2,5.9464274989274,22,40,-0.125669583629514,0
"64a6e31ef9a471c4f100c91f",85,"average",2,2,35,4,31,39,0,0
"64a6e31ef9a471c4f100c91f",86,"average",20,20,30.5,5.5,22,41,0.398497370398196,0
"64a6e31ef9a471c4f100c91f",87,"average",10,10,34.2,5.9464274989274,25,43,-0.125669583629516,0
"64a6e31ef9a471c4f100c91f",88,"average",10,10,34.2,5.9464274989274,25,43,-0.125669583629516,0
"64a6e31ef9a471c4f100c91f",89,"average",10,10,14.2,5.9464274989274,5,23,-0.125669583629514,0
"64a6e31ef9a471c4f100c91f",90,"average",2,2,34,4,30,38,0,0
"64a6e31ef9a471c4f100c91f",91,"average",10,10,23.2,5.9464274989274,14,32,-0.125669583629514,0
"64a6e31ef9a471c4f100c91f",92,"average",20,20,29.5,5.5,21,40,0.398497370398196,0
"64a6e31ef9a471c4f100c91f",93,"average",2,2,30,4,26,34,0,0
"64a6e31ef9a471c4f100c91f",94,"average",2,2,33,4,29,37,0,0
"64a6e31ef9a471c4f100c91f",95,"average",20,20,28.5,5.5,20,39,0.398497370398196,0
"64a6e31ef9a471c4f100c91f",96,"average",2,2,24,4,20,28,0,0
"64a6e31ef9a471c4f100c91f",97,"average",10,10,15.2,5.9464274989274,6,24,-0.125669583629514,0
"64a6e31ef9a471c4f100c91f",98,"average",20,20,34.5,5.5,26,45,0.398497370398196,0
"64a6e31ef9a471c4f100c91f",99,"average",10,10,36.2,5.9464274989274,27,45,-0.125669583629516,0
"64a6e31ef9a471c4f100c91f",100,"average",2,2,15,4,11,19,0,0
"64a6e31ef9a471c4f100c91f",101,"average",10,10,18.2,5.9464274989274,9,27,-0.125669583629514,0
"64a6e31ef9a471c4f100c91f",102,"average",2,2,17,4,13,21,0,0
"64a6e31ef9a471c4f100c91f",103,"average",10,10,16.2,5.9464274989274,7,25,-0.125669583629514,0
"64a6e31ef9a471c4f100c91f",104,"average",2,2,31,4,27,35,0,0
"64a6e31ef9a471c4f100c91f",105,"average",20,20,29.5,5.5,21,40,0.398497370398196,0
"64a6e31ef9a471c4f100c91f",106,"average",20,20,29.5,5.5,21,40,0.398497370398196,0
"64a6e31ef9a471c4f100c91f",107,"average",10,10,21.2,5.9464274989274,12,30,-0.125669583629514,0
"64a6e31ef9a471c4f100c91f",108,"average",10,10,17.2,5.9464274989274,8,26,-0.125669583629514,0
"676e13e5655cf7cc40923c54",1,"average",3,3,40.6666666666667,2.62466929133727,37,43,-0.630903856710621,0
"676e13e5655cf7cc40923c54",2,"average",9,9,11.7777777777778,6.45975193499939,2,20,-0.271035458538095,0
"676e13e5655cf7cc40923c54",3,"average",2,2,16.5,2.5,14,19,0,0
"676e13e5655cf7cc40923c54",4,"average",8,8,39.75,6.51440711039769,29,48,-0.439153509104744,0
"676e13e5655cf7cc40923c54",5,"average",8,8,10.875,5.03580926962092,3,19,0.143978092080415,0
"676e13e5655cf7cc40923c54",6,"average",8,8,8.875,6.3921338377728,1,19,0.279307801472825,1
"676e13e5655cf7cc40923c54",7,"average",6,6,37.5,5.79511288357124,30,47,0.339123772977243,0
"676e13e5655cf7cc40923c54",8,"average",2,2,33,3,30,36,0,0
"676e13e5655cf7cc40923c54",9,"average",8,8,7,5.31507290636732,1,17,0.65933710421222,1
"676e13e5655cf7cc40923c54",10,"average",10,10,8.9,5.41202365109392,1,19,0.175929355719022,1
"676e13e5655cf7cc40923c54",11,"average",6,6,36.8333333333333,4.84481395124954,30,43,-0.293935562995877,0
"676e13e5655cf7cc40923c54",12,"average",6,6,14.5,5.31507290636732,4,20,-0.985675670943521,0
"676e13e5655cf7cc40923c54",13,"average",20,20,21.5,5.5,13,32,0.398497370398196,0
"676e13e5655cf7cc40923c54",14,"average",2,2,22,4,18,26,0,0
"676e13e5655cf7cc40923c54",15,"average",10,10,34.2,5.9464274989274,25,43,-0.125669583629516,0
"676e13e5655cf7cc40923c54",16,"average",10,10,19.2,5.9464274989274,10,28,-0.125669583629514,0
"676e13e5655cf7cc40923c54",17,"average",2,2,19,4,15,23,0,0
"676e13e5655cf7cc40923c54",18,"average",10,10,15.2,5.9464274989274,6,24,-0.125669583629514,0
"676e13e5655cf7cc40923c54",19,"average",2,2,18,4,14,22,0,0
"676e13e5655cf7cc40923c54",20,"average",2,2,27,4,23,31,0,0
"676e13e5655cf7cc40923c54",21,"average",10,10,14.2,5.9464274989274,5,23,-0.125669583629514,0
"676e13e5655cf7cc40923c54",22,"average",10,10,24.2,5.9464274989274,15,33,-0.125669583629514,0
"676e13e5655cf7cc40923c54",23,"average",2,2,35,4,31,39,0,0
"676e13e5655cf7cc40923c54",24,"average",20,20,15.5,5.5,7,26,0.398497370398196,0
"676e13e5655cf7cc40923c54",25,"average",2,2,17,4,13,21,0,0
"676e13e5655cf7cc40923c54",26,"average",20,20,24.5,5.5,16,35,0.398497370398196,0
"676e13e5655cf7cc40923c54",27,"average",20,20,32.5,5.5,24,43,0.398497370398196,0
"676e13e5655cf7cc40923c54",28,"average",10,10,15.2,5.9464274989274,6,24,-0.125669583629514,0
"676e13e5655cf7cc40923c54",29,"average",10,10,20.2,5.9464274989274,11,29,-0.125669583629514,0
"676e13e5655cf7cc40923c54",30,"average",10,10,24.2,5.9464274989274,15,33,-0.125669583629514,0
"676e13e5655cf7cc40923c54",31,"average",10,10,29.2,5.9464274989274,20,38,-0.125669583629514,0
"676e13e5655cf7cc40923c54",32,"average",20,20,24.5,5.5,16,35,0.398497370398196,0
"676e13e5655cf7cc40923c54",33,"average",10,10,32.2,5.9464274989274,23,41,-0.125669583629516,0
"676e13e5655cf7cc40923c54",34,"average",10,10,20.2,5.9464274989274,11,29,-0.125669583629514,0
"676e13e5655cf7cc40923c54",35,"average",20,20,29.5,5.5,21,40,0.398497370398196,0
"676e13e5655cf7cc40923c54",36,"average",2,2,30,4,26,34,0,0
"676e13e5655cf7cc40923c54",37,"average",10,10,28.2,5.9464274989274,19,37,-0.125669583629514,0
"676e13e5655cf7cc40923c54",38,"average",20,20,27.5,5.5,19,38,0.398497370398196,0
"676e13e5655cf7cc40923c54",39,"average",20,20,17.5,5.5,9,28,0.398497370398196,0
"676e13e5655cf7cc40923c54",40,"average",2,2,35,4,31,39,0,0
"676e13e5655cf7cc40923c54",41,"average",2,2,30,4,26,34,0,0
"676e13e5655cf7cc40923c54",42,"average",2,2,18,4,14,22,0,0
"676e13e5655cf7cc40923c54",43,"average",20,20,30.5,5.5,22,41,0.398497370398196,0
"676e13e5655cf7cc40923c54",44,"average",2,2,31,4,27,35,0,0
"676e13e5655cf7cc40923c54",45,"average",20,20,21.5,5.5,13,32,0.398497370398196,0
"676e13e5655cf7cc40923c54",46,"average",20,20,15.5,5.5,7,26,0.398497370398196,0
"676e13e5655cf7cc40923c54",47,"average",10,10,35.2,5.9464274989274,26,44,-0.125669583629516,0
"676e13e5655cf7cc40923c54",48,"average",2,2,14,4,10,18,0,0
"676e13e5655cf7cc40923c54",49,"average",2,2,23,4,19,27,0,0
"676e13e5655cf7cc40923c54",50,"average",20,20,14.5,5.5,6,25,0.398497370398196,0
"676e13e5655cf7cc40923c54",51,"average",20,20,14.5,5.5,6,25,0.398497370398196,0
"676e13e5655cf7cc40923c54",52,"average",20,20,16.5,5.5,8,27,0.398497370398196,0
"676e13e5655cf7cc40923c54",53,"average",2,2,23,4,19,27,0,0
"676e13e5655cf7cc40923c54",54,"average",2,2,17,4,13,21,0,0
"676e13e5655cf7cc40923c54",55,"average",10,10,31.2,5.9464274989274,22,40,-0.125669583629514,0
"676e13e5655cf7cc40923c54",56,"average",20,20,28.5,5.5,20,39,0.398497370398196,0
"676e13e5655cf7cc40923c54",57,"average",20,20,31.5,5.5,23,42,0.398497370398196,0
"676e13e5655cf7cc40923c54",58,"average",10,10,32.2,5.9464274989274,23,41,-0.125669583629516,0
"676e13e5655cf7cc40923c54",59,"average",10,10,14.2,5.9464274989274,5,23,-0.125669583629514,0
"676e13e5655cf7cc40923c54",60,"average",2,2,34,4,30,38,0,0
"676e13e5655cf7cc40923c54",61,"average",2,2,19,4,15,23,0,0
"676e13e5655cf7cc40923c54",62,"average",2,2,26,4,22,30,0,0
"676e13e5655cf7cc40923c54",63,"average",2,2,31,4,27,35,0,0
"676e13e5655cf7cc40923c54",64,"average",20,20,16.5,5.5,8,27,0.398497370398196,0
"676e13e5655cf7cc40923c54",65,"average",10,10,34.2,5.9464274989274,25,43,-0.125669583629516,0
"676e13e5655cf7cc40923c54",66,"average",2,2,18,4,14,22,0,0
"676e13e5655cf7cc40923c54",67,"average",2,2,22,4,18,26,0,0
"676e13e5655cf7cc40923c54",68,"average",20,20,16.5,5.5,8,27,0.398497370398196,0
"676e13e5655cf7cc40923c54",69,"average",20,20,12.5,5.5,4,23,0.398497370398196,0
"676e13e5655cf7cc40923c54",70,"average",20,20,27.5,5.5,19,38,0.398497370398196,0
"676e13e5655cf7cc40923c54",71,"average",20,20,24.5,5.5,16,35,0.398497370398196,0
"676e13e5655cf7cc40923c54",72,"average",20,20,25.5,5.5,17,36,0.398497370398196,0
"676e13e5655cf7cc40923c54",73,"average",20,20,20.5,5.5,12,31,0.398497370398196,0
"676e13e5655cf7cc40923c54",74,"average",20,20,28.5,5.5,20,39,0.398497370398196,0
"676e13e5655cf7cc40923c54",75,"average",10,10,29.2,5.9464274989274,20,38,-0.125669583629514,0
"676e13e5655cf7cc40923c54",76,"average",2,2,22,4,18,26,0,0
"676e13e5655cf7cc40923c54",77,"average",2,2,27,4,23,31,0,0
"676e13e5655cf7cc40923c54",78,"average",2,2,31,4,27,35,0,0
"676e13e5655cf7cc40923c54",79,"average",10,10,27.2,5.9464274989274,18,36,-0.125669583629514,0
"676e13e5655cf7cc40923c54",80,"average",20,20,12.5,5.5,4,23,0.398497370398196,0
"676e13e5655cf7cc40923c54",81,"average",10,10,14.2,5.9464274989274,5,23,-0.125669583629514,0
"676e13e5655cf7cc40923c54",82,"average",20,20,14.5,5.5,6,25,0.398497370398196,0
"676e13e5655cf7cc40923c54",83,"average",10,10,23.2,5.9464274989274,14,32,-0.125669583629514,0
"676e13e5655cf7cc40923c54",84,"average",2,2,23,4,19,27,0,0
"676e13e5655cf7cc40923c54",85,"average",2,2,21,4,17,25,0,0
"676e13e5655cf7cc40923c54",86,"average",10,10,21.2,5.9464274989274,12,30,-0.125669583629514,0
"676e13e5655cf7cc40923c54",87,"average",20,20,32.5,5.5,24,43,0.398497370398196,0
"676e13e5655cf7cc40923c54",88,"average",20,20,25.5,5.5,17,36,0.398497370398196,0
"676e13e5655cf7cc40923c54",89,"average",20,20,32.5,5.5,24,43,0.398497370398196,0
"676e13e5655cf7cc40923c54",90,"average",2,2,17,4,13,21,0,0
"676e13e5655cf7cc40923c54",91,"average",20,20,23.5,5.5,15,34,0.398497370398196,0
"676e13e5655cf7cc40923c54",92,"average",10,10,28.2,5.9464274989274,19,37,-0.125669583629514,0
"676e13e5655cf7cc40923c54",93,"average",10,10,29.2,5.9464274989274,20,38,-0.125669583629514,0
"676e13e5655cf7cc40923c54",94,"average",10,10,32.2,5.9464274989274,23,41,-0.125669583629516,0
"676e13e5655cf7cc40923c54",95,"average",10,10,33.2,5.9464274989274,24,42,-0.125669583629516,0
"676e13e5655cf7cc40923c54",96,"average",10,10,24.2,5.9464274989274,15,33,-0.125669583629514,0
"676e13e5655cf7cc40923c54",97,"average",2,2,18,4,14,22,0,0
"676e13e5655cf7cc40923c54",98,"average",10,10,25.2,5.9464274989274,16,34,-0.125669583629514,0
"676e13e5655cf7cc40923c54",99,"average",10,10,22.2,5.9464274989274,13,31,-0.125669583629514,0
"676e13e5655cf7cc40923c54",100,"average",2,2,34,4,30,38,0,0
"676e13e5655cf7cc40923c54",101,"average",2,2,25,4,21,29,0,0
"676e13e5655cf7cc40923c54",102,"average",2,2,17,4,13,21,0,0
"676e13e5655cf7cc40923c54",103,"average",10,10,35.2,5.9464274989274,26,44,-0.125669583629516,0
"676e13e5655cf7cc40923c54",104,"average",10,10,23.2,5.9464274989274,14,32,-0.125669583629514,0
"676e13e5655cf7cc40923c54",105,"average",20,20,31.5,5.5,23,42,0.398497370398196,0
"676e13e5655cf7cc40923c54",106,"average",2,2,33,4,29,37,0,0
"676e13e5655cf7cc40923c54",107,"average",20,20,22.5,5.5,14,33,0.398497370398196,0
"676e13e5655cf7cc40923c54",108,"average",10,10,22.2,5.9464274989274,13,31,-0.125669583629514,0
"5d7ff85ffec5620017b07c40",1,"average",10,10,9.4,5.93632883186233,1,20,0.232547213957895,1
"5d7ff85ffec5620017b07c40",2,"average",9,9,9.44444444444444,6.20234921642349,1,18,0.0268140471215475,1
"5d7ff85ffec5620017b07c40",3,"average",11,11,8.63636363636364,4.59787949687338,1,16,-0.0297275056064015,1
"5d7ff85ffec5620017b07c40",4,"average",7,7,35.4285714285714,4.80645824036021,29,43,0.0444253357193439,0
"5d7ff85ffec5620017b07c40",5,"average",9,9,40.5555555555556,6.8168274000791,29,48,-0.655774775759263,0
"5d7ff85ffec5620017b07c40",6,"average",3,3,18.3333333333333,1.6996731711976,16,20,-0.528004979218186,0
"5d7ff85ffec5620017b07c40",7,"average",10,10,9.1,5.14684369298311,1,20,0.589350631994978,1
"5d7ff85ffec5620017b07c40",8,"average",6,6,11,6.13731754650732,2,17,-0.59695734926479,0
"5d7ff85ffec5620017b07c40",9,"average",4,4,42,5.52268050859363,36,48,0,0
"5d7ff85ffec5620017b07c40",10,"average",8,8,12.5,5.02493781056044,5,19,-0.354666721262966,0
"5d7ff85ffec5620017b07c40",11,"average",6,6,36.5,6.07590871118606,29,46,0.427993834482908,0
"5d7ff85ffec5620017b07c40",12,"average",8,8,11.125,6.19349457091875,1,19,-0.344146002019637,1
"5d7ff85ffec5620017b07c40",13,"average",2,2,16,4,12,20,0,0
"5d7ff85ffec5620017b07c40",14,"average",10,10,30.2,5.9464274989274,21,39,-0.125669583629514,0
"5d7ff85ffec5620017b07c40",15,"average",2,2,28,4,24,32,0,0
"5d7ff85ffec5620017b07c40",16,"average",20,20,18.5,5.5,10,29,0.398497370398196,0
"5d7ff85ffec5620017b07c40",17,"average",10,10,22.2,5.9464274989274,13,31,-0.125669583629514,0
"5d7ff85ffec5620017b07c40",18,"average",2,2,35,4,31,39,0,0
"5d7ff85ffec5620017b07c40",19,"average",10,10,25.2,5.9464274989274,16,34,-0.125669583629514,0
"5d7ff85ffec5620017b07c40",20,"average",20,20,18.5,5.5,10,29,0.398497370398196,0
"5d7ff85ffec5620017b07c40",21,"average",10,10,23.2,5.9464274989274,14,32,-0.125669583629514,0
"5d7ff85ffec5620017b07c40",22,"average",20,20,28.5,5.5,20,39,0.398497370398196,0
"5d7ff85ffec5620017b07c40",23,"average",20,20,15.5,5.5,7,26,0.398497370398196,0
"5d7ff85ffec5620017b07c40",24,"average",20,20,33.5,5.5,25,44,0.398497370398196,0
"5d7ff85ffec5620017b07c40",25,"average",10,10,26.2,5.9464274989274,17,35,-0.125669583629514,0
"5d7ff85ffec5620017b07c40",26,"average",20,20,30.5,5.5,22,41,0.398497370398196,0
"5d7ff85ffec5620017b07c40",27,"average",20,20,34.5,5.5,26,45,0.398497370398196,0
"5d7ff85ffec5620017b07c40",28,"average",10,10,25.2,5.9464274989274,16,34,-0.125669583629514,0
"5d7ff85ffec5620017b07c40",29,"average",2,2,29,4,25,33,0,0
"5d7ff85ffec5620017b07c40",30,"average",10,10,31.2,5.9464274989274,22,40,-0.125669583629514,0
"5d7ff85ffec5620017b07c40",31,"average",20,20,13.5,5.5,5,24,0.398497370398196,0
"5d7ff85ffec5620017b07c40",32,"average",10,10,20.2,5.9464274989274,11,29,-0.125669583629514,0
"5d7ff85ffec5620017b07c40",33,"average",2,2,16,4,12,20,0,0
"5d7ff85ffec5620017b07c40",34,"average",20,20,27.5,5.5,19,38,0.398497370398196,0
"5d7ff85ffec5620017b07c40",35,"average",20,20,12.5,5.5,4,23,0.398497370398196,0
"5d7ff85ffec5620017b07c40",36,"average",20,20,14.5,5.5,6,25,0.398497370398196,0
"5d7ff85ffec5620017b07c40",37,"average",10,10,35.2,5.9464274989274,26,44,-0.125669583629516,0
"5d7ff85ffec5620017b07c40",38,"average",2,2,34,4,30,38,0,0
"5d7ff85ffec5620017b07c40",39,"average",10,10,34.2,5.9464274989274,25,43,-0.125669583629516,0
"5d7ff85ffec5620017b07c40",40,"average",2,2,19,4,15,23,0,0
"5d7ff85ffec5620017b07c40",41,"average",10,10,17.2,5.9464274989274,8,26,-0.125669583629514,0
"5d7ff85ffec5620017b07c40",42,"average",10,10,19.2,5.9464274989274,10,28,-0.125669583629514,0
"5d7ff85ffec5620017b07c40",43,"average",10,10,14.2,5.9464274989274,5,23,-0.125669583629514,0
"5d7ff85ffec5620017b07c40",44,"average",10,10,18.2,5.9464274989274,9,27,-0.125669583629514,0
"5d7ff85ffec5620017b07c40",45,"average",2,2,29,4,25,33,0,0
"5d7ff85ffec5620017b07c40",46,"average",2,2,24,4,20,28,0,0
"5d7ff85ffec5620017b07c40",47,"average",20,20,19.5,5.5,11,30,0.398497370398196,0
"5d7ff85ffec5620017b07c40",48,"average",2,2,20,4,16,24,0,0
"5d7ff85ffec5620017b07c40",49,"average",2,2,31,4,27,35,0,0
"5d7ff85ffec5620017b07c40",50,"average",20,20,30.5,5.5,22,41,0.398497370398196,0
"5d7ff85ffec5620017b07c40",51,"average",2,2,34,4,30,38,0,0
"5d7ff85ffec5620017b07c40",52,"average",2,2,21,4,17,25,0,0
"5d7ff85ffec5620017b07c40",53,"average",2,2,17,4,13,21,0,0
"5d7ff85ffec5620017b07c40",54,"average",20,20,12.5,5.5,4,23,0.398497370398196,0
"5d7ff85ffec5620017b07c40",55,"average",20,20,13.5,5.5,5,24,0.398497370398196,0
"5d7ff85ffec5620017b07c40",56,"average",20,20,13.5,5.5,5,24,0.398497370398196,0
"5d7ff85ffec5620017b07c40",57,"average",2,2,36,4,32,40,0,0
"5d7ff85ffec5620017b07c40",58,"average",10,10,29.2,5.9464274989274,20,38,-0.125669583629514,0
"5d7ff85ffec5620017b07c40",59,"average",2,2,36,4,32,40,0,0
"5d7ff85ffec5620017b07c40",60,"average",10,10,36.2,5.9464274989274,27,45,-0.125669583629516,0
"5d7ff85ffec5620017b07c40",61,"average",10,10,22.2,5.9464274989274,13,31,-0.125669583629514,0
"5d7ff85ffec5620017b07c40",62,"average",2,2,14,4,10,18,0,0
"5d7ff85ffec5620017b07c40",63,"average",20,20,13.5,5.5,5,24,0.398497370398196,0
"5d7ff85ffec5620017b07c40",64,"average",2,2,19,4,15,23,0,0
"5d7ff85ffec5620017b07c40",65,"average",10,10,21.2,5.9464274989274,12,30,-0.125669583629514,0
"5d7ff85ffec5620017b07c40",66,"average",10,10,23.2,5.9464274989274,14,32,-0.125669583629514,0
"5d7ff85ffec5620017b07c40",67,"average",20,20,18.5,5.5,10,29,0.398497370398196,0
"5d7ff85ffec5620017b07c40",68,"average",2,2,30,4,26,34,0,0
"5d7ff85ffec5620017b07c40",69,"average",2,2,15,4,11,19,0,0
"5d7ff85ffec5620017b07c40",70,"average",10,10,18.2,5.9464274989274,9,27,-0.125669583629514,0
"5d7ff85ffec5620017b07c40",71,"average",20,20,21.5,5.5,13,32,0.398497370398196,0
"5d7ff85ffec5620017b07c40",72,"average",20,20,17.5,5.5,9,28,0.398497370398196,0
"5d7ff85ffec5620017b07c40",73,"average",10,10,32.2,5.9464274989274,23,41,-0.125669583629516,0
"5d7ff85ffec5620017b07c40",74,"average",20,20,14.5,5.5,6,25,0.398497370398196,0
"5d7ff85ffec5620017b07c40",75,"average",10,10,17.2,5.9464274989274,8,26,-0.125669583629514,0
"5d7ff85ffec5620017b07c40",76,"average",20,20,16.5,5.5,8,27,0.398497370398196,0
"5d7ff85ffec5620017b07c40",77,"average",2,2,35,4,31,39,0,0
"5d7ff85ffec5620017b07c40",78,"average",10,10,20.2,5.9464274989274,11,29,-0.125669583629514,0
"5d7ff85ffec5620017b07c40",79,"average",10,10,29.2,5.9464274989274,20,38,-0.125669583629514,0
"5d7ff85ffec5620017b07c40",80,"average",2,2,14,4,10,18,0,0
"5d7ff85ffec5620017b07c40",81,"average",2,2,28,4,24,32,0,0
"5d7ff85ffec5620017b07c40",82,"average",10,10,30.2,5.9464274989274,21,39,-0.125669583629514,0
"5d7ff85ffec5620017b07c40",83,"average",20,20,15.5,5.5,7,26,0.398497370398196,0
"5d7ff85ffec5620017b07c40",84,"average",2,2,20,4,16,24,0,0
"5d7ff85ffec5620017b07c40",85,"average",2,2,23,4,19,27,0,0
"5d7ff85ffec5620017b07c40",86,"average",20,20,27.5,5.5,19,38,0.398497370398196,0
"5d7ff85ffec5620017b07c40",87,"average",20,20,29.5,5.5,21,40,0.398497370398196,0
"5d7ff85ffec5620017b07c40",88,"average",10,10,17.2,5.9464274989274,8,26,-0.125669583629514,0
"5d7ff85ffec5620017b07c40",89,"average",2,2,20,4,16,24,0,0
"5d7ff85ffec5620017b07c40",90,"average",2,2,35,4,31,39,0,0
"5d7ff85ffec5620017b07c40",91,"average",2,2,15,4,11,19,0,0
"5d7ff85ffec5620017b07c40",92,"average",20,20,26.5,5.5,18,37,0.398497370398196,0
"5d7ff85ffec5620017b07c40",93,"average",10,10,33.2,5.9464274989274,24,42,-0.125669583629516,0
"5d7ff85ffec5620017b07c40",94,"average",20,20,31.5,5.5,23,42,0.398497370398196,0
"5d7ff85ffec5620017b07c40",95,"average",2,2,30,4,26,34,0,0
"5d7ff85ffec5620017b07c40",96,"average",2,2,34,4,30,38,0,0
"5d7ff85ffec5620017b07c40",97,"average",20,20,15.5,5.5,7,26,0.398497370398196,0
"5d7ff85ffec5620017b07c40",98,"average",10,10,28.2,5.9464274989274,19,37,-0.125669583629514,0
"5d7ff85ffec5620017b07c40",99,"average",2,2,23,4,19,27,0,0
"5d7ff85ffec5620017b07c40",100,"average",10,10,28.2,5.9464274989274,19,37,-0.125669583629514,0
"5d7ff85ffec5620017b07c40",101,"average",10,10,17.2,5.9464274989274,8,26,-0.125669583629514,0
"5d7ff85ffec5620017b07c40",102,"average",20,20,31.5,5.5,23,42,0.398497370398196,0
"5d7ff85ffec5620017b07c40",103,"average",20,20,34.5,5.5,26,45,0.398497370398196,0
"5d7ff85ffec5620017b07c40",104,"average",10,10,25.2,5.9464274989274,16,34,-0.125669583629514,0
"5d7ff85ffec5620017b07c40",105,"average",20,20,30.5,5.5,22,41,0.398497370398196,0
"5d7ff85ffec5620017b07c40",106,"average",20,20,29.5,5.5,21,40,0.398497370398196,0
"5d7ff85ffec5620017b07c40",107,"average",2,2,28,4,24,32,0,0
"5d7ff85ffec5620017b07c40",108,"average",10,10,18.2,5.9464274989274,9,27,-0.125669583629514,0
"5a907927873cda0001dc4719",1,"average",3,3,38.6666666666667,5.43650214343336,33,46,0.431041565728154,0
"5a907927873cda0001dc4719",2,"average",4,4,13,6.81909084849293,2,20,-0.728505023009304,0
"5a907927873cda0001dc4719",3,"average",2,2,34,3,31,37,0,0
"5a907927873cda0001dc4719",4,"average",9,9,40.2222222222222,6.40794260235387,29,48,-0.450349767430828,0
"5a907927873cda0001dc4719",5,"average",12,12,11.5833333333333,5.90844499189272,2,20,-0.105240701989672,0
"5a907927873cda0001dc4719",6,"average",7,7,11.4285714285714,3.65892813567591,6,17,0.0232118015002119,0
"5a907927873cda0001dc4719",7,"average",4,4,37,5.43139024560011,29,44,-0.252767945931404,0
"5a907927873cda0001dc4719",8,"average",7,7,10.4285714285714,5.31459292506808,2,19,-0.0283174008660313,0
"5a907927873cda0001dc4719",9,"average",10,10,9.3,6.46606526413088,1,20,0.236896256276256,1
"5a907927873cda0001dc4719",10,"average",9,9,9.11111111111111,5.42513582921498,2,19,0.452794018486541,0
"5a907927873cda0001dc4719",11,"average",7,7,12.8571428571429,4.18939379960434,7,20,0.240284052162271,0
"5a907927873cda0001dc4719",12,"average",5,5,37,7.07106781186548,29,48,0.407293505963451,0
"5a907927873cda0001dc4719",13,"average",2,2,24,4,20,28,0,0
"5a907927873cda0001dc4719",14,"average",10,10,34.2,5.9464274989274,25,43,-0.125669583629516,0
"5a907927873cda0001dc4719",15,"average",10,10,15.2,5.9464274989274,6,24,-0.125669583629514,0
"5a907927873cda0001dc4719",16,"average",2,2,20,4,16,24,0,0
"5a907927873cda0001dc4719",17,"average",2,2,19,4,15,23,0,0
"5a907927873cda0001dc4719",18,"average",2,2,14,4,10,18,0,0
"5a907927873cda0001dc4719",19,"average",10,10,34.2,5.9464274989274,25,43,-0.125669583629516,0
"5a907927873cda0001dc4719",20,"average",10,10,29.2,5.9464274989274,20,38,-0.125669583629514,0
"5a907927873cda0001dc4719",21,"average",20,20,17.5,5.5,9,28,0.398497370398196,0
"5a907927873cda0001dc4719",22,"average",20,20,19.5,5.5,11,30,0.398497370398196,0
"5a907927873cda0001dc4719",23,"average",10,10,33.2,5.9464274989274,24,42,-0.125669583629516,0
"5a907927873cda0001dc4719",24,"average",20,20,26.5,5.5,18,37,0.398497370398196,0
"5a907927873cda0001dc4719",25,"average",2,2,30,4,26,34,0,0
"5a907927873cda0001dc4719",26,"average",20,20,34.5,5.5,26,45,0.398497370398196,0
"5a907927873cda0001dc4719",27,"average",10,10,34.2,5.9464274989274,25,43,-0.125669583629516,0
"5a907927873cda0001dc4719",28,"average",2,2,28,4,24,32,0,0
"5a907927873cda0001dc4719",29,"average",10,10,35.2,5.9464274989274,26,44,-0.125669583629516,0
"5a907927873cda0001dc4719",30,"average",10,10,23.2,5.9464274989274,14,32,-0.125669583629514,0
"5a907927873cda0001dc4719",31,"average",20,20,23.5,5.5,15,34,0.398497370398196,0
"5a907927873cda0001dc4719",32,"average",10,10,25.2,5.9464274989274,16,34,-0.125669583629514,0
"5a907927873cda0001dc4719",33,"average",2,2,32,4,28,36,0,0
"5a907927873cda0001dc4719",34,"average",2,2,34,4,30,38,0,0
"5a907927873cda0001dc4719",35,"average",20,20,27.5,5.5,19,38,0.398497370398196,0
"5a907927873cda0001dc4719",36,"average",20,20,12.5,5.5,4,23,0.398497370398196,0
"5a907927873cda0001dc4719",37,"average",20,20,21.5,5.5,13,32,0.398497370398196,0
"5a907927873cda0001dc4719",38,"average",20,20,32.5,5.5,24,43,0.398497370398196,0
"5a907927873cda0001dc4719",39,"average",2,2,23,4,19,27,0,0
"5a907927873cda0001dc4719",40,"average",20,20,19.5,5.5,11,30,0.398497370398196,0
"5a907927873cda0001dc4719",41,"average",10,10,32.2,5.9464274989274,23,41,-0.125669583629516,0
"5a907927873cda0001dc4719",42,"average",2,2,31,4,27,35,0,0
"5a907927873cda0001dc4719",43,"average",2,2,32,4,28,36,0,0
"5a907927873cda0001dc4719",44,"average",2,2,24,4,20,28,0,0
"5a907927873cda0001dc4719",45,"average",10,10,22.2,5.9464274989274,13,31,-0.125669583629514,0
"5a907927873cda0001dc4719",46,"average",2,2,17,4,13,21,0,0
"5a907927873cda0001dc4719",47,"average",10,10,19.2,5.9464274989274,10,28,-0.125669583629514,0
"5a907927873cda0001dc4719",48,"average",10,10,27.2,5.9464274989274,18,36,-0.125669583629514,0
"5a907927873cda0001dc4719",49,"average",10,10,30.2,5.9464274989274,21,39,-0.125669583629514,0
"5a907927873cda0001dc4719",50,"average",20,20,19.5,5.5,11,30,0.398497370398196,0
"5a907927873cda0001dc4719",51,"average",2,2,34,4,30,38,0,0
"5a907927873cda0001dc4719",52,"average",10,10,21.2,5.9464274989274,12,30,-0.125669583629514,0
"5a907927873cda0001dc4719",53,"average",2,2,27,4,23,31,0,0
"5a907927873cda0001dc4719",54,"average",20,20,14.5,5.5,6,25,0.398497370398196,0
"5a907927873cda0001dc4719",55,"average",20,20,25.5,5.5,17,36,0.398497370398196,0
"5a907927873cda0001dc4719",56,"average",20,20,14.5,5.5,6,25,0.398497370398196,0
"5a907927873cda0001dc4719",57,"average",20,20,29.5,5.5,21,40,0.398497370398196,0
"5a907927873cda0001dc4719",58,"average",2,2,35,4,31,39,0,0
"5a907927873cda0001dc4719",59,"average",20,20,28.5,5.5,20,39,0.398497370398196,0
"5a907927873cda0001dc4719",60,"average",10,10,25.2,5.9464274989274,16,34,-0.125669583629514,0
"5a907927873cda0001dc4719",61,"average",10,10,21.2,5.9464274989274,12,30,-0.125669583629514,0
"5a907927873cda0001dc4719",62,"average",10,10,18.2,5.9464274989274,9,27,-0.125669583629514,0
"5a907927873cda0001dc4719",63,"average",2,2,26,4,22,30,0,0
"5a907927873cda0001dc4719",64,"average",10,10,34.2,5.9464274989274,25,43,-0.125669583629516,0
"5a907927873cda0001dc4719",65,"average",10,10,19.2,5.9464274989274,10,28,-0.125669583629514,0
"5a907927873cda0001dc4719",66,"average",2,2,29,4,25,33,0,0
"5a907927873cda0001dc4719",67,"average",20,20,15.5,5.5,7,26,0.398497370398196,0
"5a907927873cda0001dc4719",68,"average",20,20,19.5,5.5,11,30,0.398497370398196,0
"5a907927873cda0001dc4719",69,"average",20,20,29.5,5.5,21,40,0.398497370398196,0
"5a907927873cda0001dc4719",70,"average",10,10,34.2,5.9464274989274,25,43,-0.125669583629516,0
"5a907927873cda0001dc4719",71,"average",20,20,26.5,5.5,18,37,0.398497370398196,0
"5a907927873cda0001dc4719",72,"average",10,10,22.2,5.9464274989274,13,31,-0.125669583629514,0
"5a907927873cda0001dc4719",73,"average",2,2,20,4,16,24,0,0
"5a907927873cda0001dc4719",74,"average",2,2,24,4,20,28,0,0
"5a907927873cda0001dc4719",75,"average",10,10,18.2,5.9464274989274,9,27,-0.125669583629514,0
"5a907927873cda0001dc4719",76,"average",20,20,22.5,5.5,14,33,0.398497370398196,0
"5a907927873cda0001dc4719",77,"average",2,2,33,4,29,37,0,0
"5a907927873cda0001dc4719",78,"average",2,2,28,4,24,32,0,0
"5a907927873cda0001dc4719",79,"average",20,20,32.5,5.5,24,43,0.398497370398196,0
"5a907927873cda0001dc4719",80,"average",2,2,35,4,31,39,0,0
"5a907927873cda0001dc4719",81,"average",2,2,28,4,24,32,0,0
"5a907927873cda0001dc4719",82,"average",20,20,14.5,5.5,6,25,0.398497370398196,0
"5a907927873cda0001dc4719",83,"average",20,20,17.5,5.5,9,28,0.398497370398196,0
"5a907927873cda0001dc4719",84,"average",10,10,21.2,5.9464274989274,12,30,-0.125669583629514,0
"5a907927873cda0001dc4719",85,"average",2,2,22,4,18,26,0,0
"5a907927873cda0001dc4719",86,"average",10,10,30.2,5.9464274989274,21,39,-0.125669583629514,0
"5a907927873cda0001dc4719",87,"average",2,2,24,4,20,28,0,0
"5a907927873cda0001dc4719",88,"average",10,10,24.2,5.9464274989274,15,33,-0.125669583629514,0
"5a907927873cda0001dc4719",89,"average",2,2,32,4,28,36,0,0
"5a907927873cda0001dc4719",90,"average",10,10,34.2,5.9464274989274,25,43,-0.125669583629516,0
"5a907927873cda0001dc4719",91,"average",10,10,31.2,5.9464274989274,22,40,-0.125669583629514,0
"5a907927873cda0001dc4719",92,"average",2,2,35,4,31,39,0,0
"5a907927873cda0001dc4719",93,"average",20,20,17.5,5.5,9,28,0.398497370398196,0
"5a907927873cda0001dc4719",94,"average",20,20,25.5,5.5,17,36,0.398497370398196,0
"5a907927873cda0001dc4719",95,"average",2,2,33,4,29,37,0,0
"5a907927873cda0001dc4719",96,"average",20,20,33.5,5.5,25,44,0.398497370398196,0
"5a907927873cda0001dc4719",97,"average",2,2,28,4,24,32,0,0
"5a907927873cda0001dc4719",98,"average",20,20,19.5,5.5,11,30,0.398497370398196,0
"5a907927873cda0001dc4719",99,"average",20,20,16.5,5.5,8,27,0.398497370398196,0
"5a907927873cda0001dc4719",100,"average",2,2,26,4,22,30,0,0
"5a907927873cda0001dc4719",101,"average",10,10,26.2,5.9464274989274,17,35,-0.125669583629514,0
"5a907927873cda0001dc4719",102,"average",20,20,12.5,5.5,4,23,0.398497370398196,0
"5a907927873cda0001dc4719",103,"average",10,10,29.2,5.9464274989274,20,38,-0.125669583629514,0
"5a907927873cda0001dc4719",104,"average",10,10,18.2,5.9464274989274,9,27,-0.125669583629514,0
"5a907927873cda0001dc4719",105,"average",10,10,29.2,5.9464274989274,20,38,-0.125669583629514,0
"5a907927873cda0001dc4719",106,"average",20,20,23.5,5.5,15,34,0.398497370398196,0
"5a907927873cda0001dc4719",107,"average",20,20,29.5,5.5,21,40,0.398497370398196,0
"5a907927873cda0001dc4719",108,"average",2,2,20,4,16,24,0,0
"67620128f5496ea07672039c",1,"average",6,6,13.3333333333333,6.10100173924104,4,20,-0.554512967166484,0
"67620128f5496ea07672039c",2,"average",3,3,34.6666666666667,4.64279609239471,30,41,0.492208428330719,0
"67620128f5496ea07672039c",3,"average",3,3,13.3333333333333,8.05536398239638,2,20,-0.674555484545766,0
"67620128f5496ea07672039c",4,"average",8,8,38.5,5.45435605731786,30,47,0.129416258403983,0
"67620128f5496ea07672039c",5,"average",11,11,9.36363636363636,5.85076105807421,1,19,0.111977094262952,1
"67620128f5496ea07672039c",6,"average",4,4,43,2.54950975679639,39,46,-0.543090835767279,0
"67620128f5496ea07672039c",7,"average",12,12,9.75,5.94593698811774,1,18,-0.148509625354089,1
"67620128f5496ea07672039c",8,"average",6,6,10,3.82970843102535,6,17,0.801152848432473,0
"67620128f5496ea07672039c",9,"average",6,6,10.1666666666667,4.29793231940921,3,16,-0.303229099136338,0
"67620128f5496ea07672039c",10,"average",3,3,40,2.16024689946929,38,43,0.595170064139497,0
"67620128f5496ea07672039c",11,"average",7,7,36.8571428571429,5.74278606921194,29,47,0.42236742612905,0
"67620128f5496ea07672039c",12,"average",10,10,11.1,5.80430874437258,1,18,-0.575861081694178,1
"67620128f5496ea07672039c",13,"average",2,2,33,4,29,37,0,0
"67620128f5496ea07672039c",14,"average",10,10,25.2,5.9464274989274,16,34,-0.125669583629514,0
"67620128f5496ea07672039c",15,"average",20,20,33.5,5.5,25,44,0.398497370398196,0
"67620128f5496ea07672039c",16,"average",10,10,30.2,5.9464274989274,21,39,-0.125669583629514,0
"67620128f5496ea07672039c",17,"average",20,20,21.5,5.5,13,32,0.398497370398196,0
"67620128f5496ea07672039c",18,"average",20,20,17.5,5.5,9,28,0.398497370398196,0
"67620128f5496ea07672039c",19,"average",2,2,25,4,21,29,0,0
"67620128f5496ea07672039c",20,"average",2,2,14,4,10,18,0,0
"67620128f5496ea07672039c",21,"average",2,2,31,4,27,35,0,0
"67620128f5496ea07672039c",22,"average",20,20,14.5,5.5,6,25,0.398497370398196,0
"67620128f5496ea07672039c",23,"average",10,10,19.2,5.9464274989274,10,28,-0.125669583629514,0
"67620128f5496ea07672039c",24,"average",10,10,24.2,5.9464274989274,15,33,-0.125669583629514,0
"67620128f5496ea07672039c",25,"average",10,10,29.2,5.9464274989274,20,38,-0.125669583629514,0
"67620128f5496ea07672039c",26,"average",10,10,21.2,5.9464274989274,12,30,-0.125669583629514,0
"67620128f5496ea07672039c",27,"average",10,10,18.2,5.9464274989274,9,27,-0.125669583629514,0
"67620128f5496ea07672039c",28,"average",20,20,19.5,5.5,11,30,0.398497370398196,0
"67620128f5496ea07672039c",29,"average",2,2,27,4,23,31,0,0
"67620128f5496ea07672039c",30,"average",20,20,20.5,5.5,12,31,0.398497370398196,0
"67620128f5496ea07672039c",31,"average",20,20,14.5,5.5,6,25,0.398497370398196,0
"67620128f5496ea07672039c",32,"average",2,2,22,4,18,26,0,0
"67620128f5496ea07672039c",33,"average",2,2,35,4,31,39,0,0
"67620128f5496ea07672039c",34,"average",2,2,27,4,23,31,0,0
"67620128f5496ea07672039c",35,"average",2,2,36,4,32,40,0,0
"67620128f5496ea07672039c",36,"average",10,10,22.2,5.9464274989274,13,31,-0.125669583629514,0
"67620128f5496ea07672039c",37,"average",2,2,15,4,11,19,0,0
"67620128f5496ea07672039c",38,"average",20,20,12.5,5.5,4,23,0.398497370398196,0
"67620128f5496ea07672039c",39,"average",10,10,16.2,5.9464274989274,7,25,-0.125669583629514,0
"67620128f5496ea07672039c",40,"average",10,10,27.2,5.9464274989274,18,36,-0.125669583629514,0
"67620128f5496ea07672039c",41,"average",2,2,27,4,23,31,0,0
"67620128f5496ea07672039c",42,"average",20,20,28.5,5.5,20,39,0.398497370398196,0
"67620128f5496ea07672039c",43,"average",20,20,32.5,5.5,24,43,0.398497370398196,0
"67620128f5496ea07672039c",44,"average",2,2,35,4,31,39,0,0
"67620128f5496ea07672039c",45,"average",10,10,36.2,5.9464274989274,27,45,-0.125669583629516,0
"67620128f5496ea07672039c",46,"average",10,10,35.2,5.9464274989274,26,44,-0.125669583629516,0
"67620128f5496ea07672039c",47,"average",20,20,19.5,5.5,11,30,0.398497370398196,0
"67620128f5496ea07672039c",48,"average",2,2,33,4,29,37,0,0
"67620128f5496ea07672039c",49,"average",2,2,19,4,15,23,0,0
"67620128f5496ea07672039c",50,"average",2,2,30,4,26,34,0,0
"67620128f5496ea07672039c",51,"average",10,10,28.2,5.9464274989274,19,37,-0.125669583629514,0
"67620128f5496ea07672039c",52,"average",10,10,28.2,5.9464274989274,19,37,-0.125669583629514,0
"67620128f5496ea07672039c",53,"average",20,20,18.5,5.5,10,29,0.398497370398196,0
"67620128f5496ea07672039c",54,"average",10,10,36.2,5.9464274989274,27,45,-0.125669583629516,0
"67620128f5496ea07672039c",55,"average",2,2,17,4,13,21,0,0
"67620128f5496ea07672039c",56,"average",20,20,26.5,5.5,18,37,0.398497370398196,0
"67620128f5496ea07672039c",57,"average",10,10,34.2,5.9464274989274,25,43,-0.125669583629516,0
"67620128f5496ea07672039c",58,"average",20,20,24.5,5.5,16,35,0.398497370398196,0
"67620128f5496ea07672039c",59,"average",20,20,27.5,5.5,19,38,0.398497370398196,0
"67620128f5496ea07672039c",60,"average",20,20,29.5,5.5,21,40,0.398497370398196,0
"67620128f5496ea07672039c",61,"average",10,10,25.2,5.9464274989274,16,34,-0.125669583629514,0
"67620128f5496ea07672039c",62,"average",10,10,30.2,5.9464274989274,21,39,-0.125669583629514,0
"67620128f5496ea07672039c",63,"average",20,20,12.5,5.5,4,23,0.398497370398196,0
"67620128f5496ea07672039c",64,"average",20,20,29.5,5.5,21,40,0.398497370398196,0
"67620128f5496ea07672039c",65,"average",20,20,24.5,5.5,16,35,0.398497370398196,0
"67620128f5496ea07672039c",66,"average",2,2,17,4,13,21,0,0
"67620128f5496ea07672039c",67,"average",10,10,25.2,5.9464274989274,16,34,-0.125669583629514,0
"67620128f5496ea07672039c",68,"average",10,10,33.2,5.9464274989274,24,42,-0.125669583629516,0
"67620128f5496ea07672039c",69,"average",2,2,19,4,15,23,0,0
"67620128f5496ea07672039c",70,"average",20,20,28.5,5.5,20,39,0.398497370398196,0
"67620128f5496ea07672039c",71,"average",2,2,27,4,23,31,0,0
"67620128f5496ea07672039c",72,"average",20,20,30.5,5.5,22,41,0.398497370398196,0
"67620128f5496ea07672039c",73,"average",2,2,30,4,26,34,0,0
"67620128f5496ea07672039c",74,"average",2,2,28,4,24,32,0,0
"67620128f5496ea07672039c",75,"average",20,20,12.5,5.5,4,23,0.398497370398196,0
"67620128f5496ea07672039c",76,"average",20,20,26.5,5.5,18,37,0.398497370398196,0
"67620128f5496ea07672039c",77,"average",10,10,14.2,5.9464274989274,5,23,-0.125669583629514,0
"67620128f5496ea07672039c",78,"average",10,10,15.2,5.9464274989274,6,24,-0.125669583629514,0
"67620128f5496ea07672039c",79,"average",2,2,14,4,10,18,0,0
"67620128f5496ea07672039c",80,"average",20,20,12.5,5.5,4,23,0.398497370398196,0
"67620128f5496ea07672039c",81,"average",20,20,14.5,5.5,6,25,0.398497370398196,0
"67620128f5496ea07672039c",82,"average",2,2,26,4,22,30,0,0
"67620128f5496ea07672039c",83,"average",10,10,17.2,5.9464274989274,8,26,-0.125669583629514,0
"67620128f5496ea07672039c",84,"average",20,20,34.5,5.5,26,45,0.398497370398196,0
"67620128f5496ea07672039c",85,"average",20,20,21.5,5.5,13,32,0.398497370398196,0
"67620128f5496ea07672039c",86,"average",2,2,18,4,14,22,0,0
"67620128f5496ea07672039c",87,"average",10,10,25.2,5.9464274989274,16,34,-0.125669583629514,0
"67620128f5496ea07672039c",88,"average",2,2,36,4,32,40,0,0
"67620128f5496ea07672039c",89,"average",10,10,22.2,5.9464274989274,13,31,-0.125669583629514,0
"67620128f5496ea07672039c",90,"average",2,2,26,4,22,30,0,0
"67620128f5496ea07672039c",91,"average",2,2,19,4,15,23,0,0
"67620128f5496ea07672039c",92,"average",20,20,26.5,5.5,18,37,0.398497370398196,0
"67620128f5496ea07672039c",93,"average",10,10,35.2,5.9464274989274,26,44,-0.125669583629516,0
"67620128f5496ea07672039c",94,"average",20,20,27.5,5.5,19,38,0.398497370398196,0
"67620128f5496ea07672039c",95,"average",10,10,23.2,5.9464274989274,14,32,-0.125669583629514,0
"67620128f5496ea07672039c",96,"average",2,2,33,4,29,37,0,0
"67620128f5496ea07672039c",97,"average",20,20,23.5,5.5,15,34,0.398497370398196,0
"67620128f5496ea07672039c",98,"average",2,2,16,4,12,20,0,0
"67620128f5496ea07672039c",99,"average",2,2,23,4,19,27,0,0
"67620128f5496ea07672039c",100,"average",10,10,21.2,5.9464274989274,12,30,-0.125669583629514,0
"67620128f5496ea07672039c",101,"average",2,2,26,4,22,30,0,0
"67620128f5496ea07672039c",102,"average",10,10,27.2,5.9464274989274,18,36,-0.125669583629514,0
"67620128f5496ea07672039c",103,"average",10,10,36.2,5.9464274989274,27,45,-0.125669583629516,0
"67620128f5496ea07672039c",104,"average",2,2,32,4,28,36,0,0
"67620128f5496ea07672039c",105,"average",20,20,19.5,5.5,11,30,0.398497370398196,0
"67620128f5496ea07672039c",106,"average",10,10,16.2,5.9464274989274,7,25,-0.125669583629514,0
"67620128f5496ea07672039c",107,"average",20,20,25.5,5.5,17,36,0.398497370398196,0
"67620128f5496ea07672039c",108,"average",10,10,30.2,5.9464274989274,21,39,-0.125669583629514,0
"650b695bf3b3d34f9c461926",1,"average",5,5,6.6,3.44093010681705,2,12,0.222677064755897,0
"650b695bf3b3d34f9c461926",2,"average",5,5,39,5.76194411635517,31,46,-0.0188189494292337,0
"650b695bf3b3d34f9c461926",3,"average",7,7,40.8571428571429,5.11101251999952,31,47,-0.62981125592821,0
"650b695bf3b3d34f9c461926",4,"average",11,11,12.7272727272727,5.11843209463973,2,20,-0.448118121209499,0
"650b695bf3b3d34f9c461926",5,"average",3,3,38.3333333333333,2.86744175568088,35,42,0.172800544078648,0
"650b695bf3b3d34f9c461926",6,"average",10,10,9.3,5.47813836992094,1,18,0.100146635695885,1
"650b695bf3b3d34f9c461926",7,"average",4,4,6.75,1.92028643696715,4,9,-0.278030555653963,0
"650b695bf3b3d34f9c461926",8,"average",9,9,38.2222222222222,6.6962307436975,29,47,-0.103295595231796,0
"650b695bf3b3d34f9c461926",9,"average",10,10,9.1,5.31883445878888,1,17,-0.0557453954470708,1
"650b695bf3b3d34f9c461926",10,"average",10,10,11.6,6.06959636219741,2,19,-0.386075504157852,0
"650b695bf3b3d34f9c461926",11,"average",8,8,39,6.72681202353685,29,48,-0.2833552270224,0
"650b695bf3b3d34f9c461926",12,"average",7,7,12.4285714285714,3.06394436993246,8,18,0.426925027424804,0
"650b695bf3b3d34f9c461926",13,"average",2,2,34,4,30,38,0,0
"650b695bf3b3d34f9c461926",14,"average",2,2,36,4,32,40,0,0
"650b695bf3b3d34f9c461926",15,"average",10,10,14.2,5.9464274989274,5,23,-0.125669583629514,0
"650b695bf3b3d34f9c461926",16,"average",10,10,23.2,5.9464274989274,14,32,-0.125669583629514,0
"650b695bf3b3d34f9c461926",17,"average",2,2,29,4,25,33,0,0
"650b695bf3b3d34f9c461926",18,"average",2,2,16,4,12,20,0,0
"650b695bf3b3d34f9c461926",19,"average",20,20,31.5,5.5,23,42,0.398497370398196,0
"650b695bf3b3d34f9c461926",20,"average",2,2,18,4,14,22,0,0
"650b695bf3b3d34f9c461926",21,"average",20,20,25.5,5.5,17,36,0.398497370398196,0
"650b695bf3b3d34f9c461926",22,"average",2,2,36,4,32,40,0,0
"650b695bf3b3d34f9c461926",23,"average",10,10,19.2,5.9464274989274,10,28,-0.125669583629514,0
"650b695bf3b3d34f9c461926",24,"average",20,20,20.5,5.5,12,31,0.398497370398196,0
"650b695bf3b3d34f9c461926",25,"average",20,20,20.5,5.5,12,31,0.398497370398196,0
"650b695bf3b3d34f9c461926",26,"average",2,2,21,4,17,25,0,0
"650b695bf3b3d34f9c461926",27,"average",10,10,33.2,5.9464274989274,24,42,-0.125669583629516,0
"650b695bf3b3d34f9c461926",28,"average",20,20,27.5,5.5,19,38,0.398497370398196,0
"650b695bf3b3d34f9c461926",29,"average",20,20,14.5,5.5,6,25,0.398497370398196,0
"650b695bf3b3d34f9c461926",30,"average",2,2,32,4,28,36,0,0
"650b695bf3b3d34f9c461926",31,"average",20,20,12.5,5.5,4,23,0.398497370398196,0
"650b695bf3b3d34f9c461926",32,"average",2,2,14,4,10,18,0,0
"650b695bf3b3d34f9c461926",33,"average",2,2,36,4,32,40,0,0
"650b695bf3b3d34f9c461926",34,"average",2,2,20,4,16,24,0,0
"650b695bf3b3d34f9c461926",35,"average",2,2,33,4,29,37,0,0
"650b695bf3b3d34f9c461926",36,"average",20,20,18.5,5.5,10,29,0.398497370398196,0
"650b695bf3b3d34f9c461926",37,"average",10,10,21.2,5.9464274989274,12,30,-0.125669583629514,0
"650b695bf3b3d34f9c461926",38,"average",10,10,30.2,5.9464274989274,21,39,-0.125669583629514,0
"650b695bf3b3d34f9c461926",39,"average",2,2,19,4,15,23,0,0
"650b695bf3b3d34f9c461926",40,"average",10,10,22.2,5.9464274989274,13,31,-0.125669583629514,0
"650b695bf3b3d34f9c461926",41,"average",20,20,33.5,5.5,25,44,0.398497370398196,0
"650b695bf3b3d34f9c461926",42,"average",10,10,20.2,5.9464274989274,11,29,-0.125669583629514,0
"650b695bf3b3d34f9c461926",43,"average",10,10,18.2,5.9464274989274,9,27,-0.125669583629514,0
"650b695bf3b3d34f9c461926",44,"average",10,10,30.2,5.9464274989274,21,39,-0.125669583629514,0
"650b695bf3b3d34f9c461926",45,"average",10,10,33.2,5.9464274989274,24,42,-0.125669583629516,0
"650b695bf3b3d34f9c461926",46,"average",20,20,32.5,5.5,24,43,0.398497370398196,0
"650b695bf3b3d34f9c461926",47,"average",20,20,32.5,5.5,24,43,0.398497370398196,0
"650b695bf3b3d34f9c461926",48,"average",10,10,19.2,5.9464274989274,10,28,-0.125669583629514,0
"650b695bf3b3d34f9c461926",49,"average",20,20,13.5,5.5,5,24,0.398497370398196,0
"650b695bf3b3d34f9c461926",50,"average",10,10,26.2,5.9464274989274,17,35,-0.125669583629514,0
"650b695bf3b3d34f9c461926",51,"average",2,2,24,4,20,28,0,0
"650b695bf3b3d34f9c461926",52,"average",10,10,24.2,5.9464274989274,15,33,-0.125669583629514,0
"650b695bf3b3d34f9c461926",53,"average",2,2,26,4,22,30,0,0
"650b695bf3b3d34f9c461926",54,"average",20,20,28.5,5.5,20,39,0.398497370398196,0
"650b695bf3b3d34f9c461926",55,"average",20,20,23.5,5.5,15,34,0.398497370398196,0
"650b695bf3b3d34f9c461926",56,"average",20,20,27.5,5.5,19,38,0.398497370398196,0
"650b695bf3b3d34f9c461926",57,"average",10,10,25.2,5.9464274989274,16,34,-0.125669583629514,0
"650b695bf3b3d34f9c461926",58,"average",2,2,22,4,18,26,0,0
"650b695bf3b3d34f9c461926",59,"average",20,20,18.5,5.5,10,29,0.398497370398196,0
"650b695bf3b3d34f9c461926",60,"average",10,10,35.2,5.9464274989274,26,44,-0.125669583629516,0
"650b695bf3b3d34f9c461926",61,"average",2,2,29,4,25,33,0,0
"650b695bf3b3d34f9c461926",62,"average",10,10,36.2,5.9464274989274,27,45,-0.125669583629516,0
"650b695bf3b3d34f9c461926",63,"average",10,10,23.2,5.9464274989274,14,32,-0.125669583629514,0
"650b695bf3b3d34f9c461926",64,"average",2,2,23,4,19,27,0,0
"650b695bf3b3d34f9c461926",65,"average",2,2,34,4,30,38,0,0
"650b695bf3b3d34f9c461926",66,"average",2,2,25,4,21,29,0,0
"650b695bf3b3d34f9c461926",67,"average",10,10,22.2,5.9464274989274,13,31,-0.125669583629514,0
"650b695bf3b3d34f9c461926",68,"average",2,2,26,4,22,30,0,0
"650b695bf3b3d34f9c461926",69,"average",20,20,34.5,5.5,26,45,0.398497370398196,0
"650b695bf3b3d34f9c461926",70,"average",2,2,20,4,16,24,0,0
"650b695bf3b3d34f9c461926",71,"average",10,10,29.2,5.9464274989274,20,38,-0.125669583629514,0
"650b695bf3b3d34f9c461926",72,"average",2,2,32,4,28,36,0,0
"650b695bf3b3d34f9c461926",73,"average",20,20,34.5,5.5,26,45,0.398497370398196,0
"650b695bf3b3d34f9c461926",74,"average",2,2,27,4,23,31,0,0
"650b695bf3b3d34f9c461926",75,"average",10,10,26.2,5.9464274989274,17,35,-0.125669583629514,0
"650b695bf3b3d34f9c461926",76,"average",2,2,16,4,12,20,0,0
"650b695bf3b3d34f9c461926",77,"average",2,2,15,4,11,19,0,0
"650b695bf3b3d34f9c461926",78,"average",2,2,14,4,10,18,0,0
"650b695bf3b3d34f9c461926",79,"average",20,20,19.5,5.5,11,30,0.398497370398196,0
"650b695bf3b3d34f9c461926",80,"average",2,2,27,4,23,31,0,0
"650b695bf3b3d34f9c461926",81,"average",20,20,32.5,5.5,24,43,0.398497370398196,0
"650b695bf3b3d34f9c461926",82,"average",2,2,27,4,23,31,0,0
"650b695bf3b3d34f9c461926",83,"average",20,20,23.5,5.5,15,34,0.398497370398196,0
"650b695bf3b3d34f9c461926",84,"average",20,20,34.5,5.5,26,45,0.398497370398196,0
"650b695bf3b3d34f9c461926",85,"average",10,10,36.2,5.9464274989274,27,45,-0.125669583629516,0
"650b695bf3b3d34f9c461926",86,"average",10,10,33.2,5.9464274989274,24,42,-0.125669583629516,0
"650b695bf3b3d34f9c461926",87,"average",20,20,16.5,5.5,8,27,0.398497370398196,0
"650b695bf3b3d34f9c461926",88,"average",20,20,14.5,5.5,6,25,0.398497370398196,0
"650b695bf3b3d34f9c461926",89,"average",10,10,16.2,5.9464274989274,7,25,-0.125669583629514,0
"650b695bf3b3d34f9c461926",90,"average",10,10,34.2,5.9464274989274,25,43,-0.125669583629516,0
"650b695bf3b3d34f9c461926",91,"average",20,20,23.5,5.5,15,34,0.398497370398196,0
"650b695bf3b3d34f9c461926",92,"average",20,20,19.5,5.5,11,30,0.398497370398196,0
"650b695bf3b3d34f9c461926",93,"average",20,20,22.5,5.5,14,33,0.398497370398196,0
"650b695bf3b3d34f9c461926",94,"average",20,20,29.5,5.5,21,40,0.398497370398196,0
"650b695bf3b3d34f9c461926",95,"average",10,10,22.2,5.9464274989274,13,31,-0.125669583629514,0
"650b695bf3b3d34f9c461926",96,"average",2,2,36,4,32,40,0,0
"650b695bf3b3d34f9c461926",97,"average",10,10,17.2,5.9464274989274,8,26,-0.125669583629514,0
"650b695bf3b3d34f9c461926",98,"average",2,2,15,4,11,19,0,0
"650b695bf3b3d34f9c461926",99,"average",20,20,34.5,5.5,26,45,0.398497370398196,0
"650b695bf3b3d34f9c461926",100,"average",20,20,16.5,5.5,8,27,0.398497370398196,0
"650b695bf3b3d34f9c461926",101,"average",2,2,16,4,12,20,0,0
"650b695bf3b3d34f9c461926",102,"average",10,10,14.2,5.9464274989274,5,23,-0.125669583629514,0
"650b695bf3b3d34f9c461926",103,"average",10,10,22.2,5.9464274989274,13,31,-0.125669583629514,0
"650b695bf3b3d34f9c461926",104,"average",20,20,32.5,5.5,24,43,0.398497370398196,0
"650b695bf3b3d34f9c461926",105,"average",20,20,19.5,5.5,11,30,0.398497370398196,0
"650b695bf3b3d34f9c461926",106,"average",10,10,29.2,5.9464274989274,20,38,-0.125669583629514,0
"650b695bf3b3d34f9c461926",107,"average",10,10,15.2,5.9464274989274,6,24,-0.125669583629514,0
"650b695bf3b3d34f9c461926",108,"average",10,10,24.2,5.9464274989274,15,33,-0.125669583629514,0
"628a4816764d2f993ee7493d",1,"average",7,7,6.85714285714286,4.79370335301786,2,16,0.905145757718007,0
"628a4816764d2f993ee7493d",2,"average",6,6,8.66666666666667,5.05525029603437,1,17,0.149077324419918,1
"628a4816764d2f993ee7493d",3,"average",6,6,38.1666666666667,5.8142545141708,31,47,0.240438934111276,0
"628a4816764d2f993ee7493d",4,"average",6,6,9.5,5.37742193496723,1,18,-0.0771718484799589,1
"628a4816764d2f993ee7493d",5,"average",7,7,9.42857142857143,3.84919816723071,5,16,0.588908127491072,0
"628a4816764d2f993ee7493d",6,"average",6,6,38.3333333333333,5.61743318211757,31,46,-0.0127453663996184,0
"628a4816764d2f993ee7493d",7,"average",4,4,5.5,4.38748219369606,1,12,0.426242156108776,1
"628a4816764d2f993ee7493d",8,"average",7,7,12.1428571428571,4.58034844053754,5,20,0.157644734855213,0
"628a4816764d2f993ee7493d",9,"average",6,6,14,5.71547606649408,3,20,-0.899812558573412,0
"628a4816764d2f993ee7493d",10,"average",6,6,10.8333333333333,5.07991688470939,5,19,0.463351170065296,0
"628a4816764d2f993ee7493d",11,"average",6,6,6.5,5.90903263374528,1,17,0.814254404312836,1
"628a4816764d2f993ee7493d",12,"average",10,10,10,6.08276253029822,1,19,0.0133296476193533,1
"628a4816764d2f993ee7493d",13,"average",10,10,26.2,5.9464274989274,17,35,-0.125669583629514,0
"628a4816764d2f993ee7493d",14,"average",2,2,30,4,26,34,0,0
"628a4816764d2f993ee7493d",15,"average",20,20,15.5,5.5,7,26,0.398497370398196,0
"628a4816764d2f993ee7493d",16,"average",2,2,26,4,22,30,0,0
"628a4816764d2f993ee7493d",17,"average",10,10,17.2,5.9464274989274,8,26,-0.125669583629514,0
"628a4816764d2f993ee7493d",18,"average",10,10,28.2,5.9464274989274,19,37,-0.125669583629514,0
"628a4816764d2f993ee7493d",19,"average",20,20,26.5,5.5,18,37,0.398497370398196,0
"628a4816764d2f993ee7493d",20,"average",2,2,17,4,13,21,0,0
"628a4816764d2f993ee7493d",21,"average",2,2,16,4,12,20,0,0
"628a4816764d2f993ee7493d",22,"average",20,20,20.5,5.5,12,31,0.398497370398196,0
"628a4816764d2f993ee7493d",23,"average",10,10,17.2,5.9464274989274,8,26,-0.125669583629514,0
"628a4816764d2f993ee7493d",24,"average",20,20,19.5,5.5,11,30,0.398497370398196,0
"628a4816764d2f993ee7493d",25,"average",2,2,32,4,28,36,0,0
"628a4816764d2f993ee7493d",26,"average",2,2,34,4,30,38,0,0
"628a4816764d2f993ee7493d",27,"average",10,10,34.2,5.9464274989274,25,43,-0.125669583629516,0
"628a4816764d2f993ee7493d",28,"average",10,10,16.2,5.9464274989274,7,25,-0.125669583629514,0
"628a4816764d2f993ee7493d",29,"average",2,2,27,4,23,31,0,0
"628a4816764d2f993ee7493d",30,"average",2,2,31,4,27,35,0,0
"628a4816764d2f993ee7493d",31,"average",10,10,25.2,5.9464274989274,16,34,-0.125669583629514,0
"628a4816764d2f993ee7493d",32,"average",20,20,24.5,5.5,16,35,0.398497370398196,0
"628a4816764d2f993ee7493d",33,"average",2,2,18,4,14,22,0,0
"628a4816764d2f993ee7493d",34,"average",20,20,16.5,5.5,8,27,0.398497370398196,0
"628a4816764d2f993ee7493d",35,"average",20,20,26.5,5.5,18,37,0.398497370398196,0
"628a4816764d2f993ee7493d",36,"average",20,20,30.5,5.5,22,41,0.398497370398196,0
"628a4816764d2f993ee7493d",37,"average",20,20,13.5,5.5,5,24,0.398497370398196,0
"628a4816764d2f993ee7493d",38,"average",2,2,22,4,18,26,0,0
"628a4816764d2f993ee7493d",39,"average",20,20,22.5,5.5,14,33,0.398497370398196,0
"628a4816764d2f993ee7493d",40,"average",10,10,28.2,5.9464274989274,19,37,-0.125669583629514,0
"628a4816764d2f993ee7493d",41,"average",10,10,32.2,5.9464274989274,23,41,-0.125669583629516,0
"628a4816764d2f993ee7493d",42,"average",2,2,17,4,13,21,0,0
"628a4816764d2f993ee7493d",43,"average",10,10,16.2,5.9464274989274,7,25,-0.125669583629514,0
"628a4816764d2f993ee7493d",44,"average",20,20,30.5,5.5,22,41,0.398497370398196,0
"628a4816764d2f993ee7493d",45,"average",20,20,32.5,5.5,24,43,0.398497370398196,0
"628a4816764d2f993ee7493d",46,"average",10,10,28.2,5.9464274989274,19,37,-0.125669583629514,0
"628a4816764d2f993ee7493d",47,"average",10,10,16.2,5.9464274989274,7,25,-0.125669583629514,0
"628a4816764d2f993ee7493d",48,"average",2,2,19,4,15,23,0,0
"628a4816764d2f993ee7493d",49,"average",2,2,35,4,31,39,0,0
"628a4816764d2f993ee7493d",50,"average",20,20,17.5,5.5,9,28,0.398497370398196,0
"628a4816764d2f993ee7493d",51,"average",20,20,31.5,5.5,23,42,0.398497370398196,0
"628a4816764d2f993ee7493d",52,"average",2,2,25,4,21,29,0,0
"628a4816764d2f993ee7493d",53,"average",10,10,27.2,5.9464274989274,18,36,-0.125669583629514,0
"628a4816764d2f993ee7493d",54,"average",20,20,22.5,5.5,14,33,0.398497370398196,0
"628a4816764d2f993ee7493d",55,"average",10,10,23.2,5.9464274989274,14,32,-0.125669583629514,0
"628a4816764d2f993ee7493d",56,"average",2,2,17,4,13,21,0,0
"628a4816764d2f993ee7493d",57,"average",10,10,25.2,5.9464274989274,16,34,-0.125669583629514,0
"628a4816764d2f993ee7493d",58,"average",10,10,27.2,5.9464274989274,18,36,-0.125669583629514,0
"628a4816764d2f993ee7493d",59,"average",2,2,25,4,21,29,0,0
"628a4816764d2f993ee7493d",60,"average",20,20,23.5,5.5,15,34,0.398497370398196,0
"628a4816764d2f993ee7493d",61,"average",20,20,19.5,5.5,11,30,0.398497370398196,0
"628a4816764d2f993ee7493d",62,"average",10,10,17.2,5.9464274989274,8,26,-0.125669583629514,0
"628a4816764d2f993ee7493d",63,"average",10,10,21.2,5.9464274989274,12,30,-0.125669583629514,0
"628a4816764d2f993ee7493d",64,"average",2,2,34,4,30,38,0,0
"628a4816764d2f993ee7493d",65,"average",2,2,26,4,22,30,0,0
"628a4816764d2f993ee7493d",66,"average",20,20,26.5,5.5,18,37,0.398497370398196,0
"628a4816764d2f993ee7493d",67,"average",2,2,15,4,11,19,0,0
"628a4816764d2f993ee7493d",68,"average",20,20,28.5,5.5,20,39,0.398497370398196,0
"628a4816764d2f993ee7493d",69,"average",20,20,15.5,5.5,7,26,0.398497370398196,0
"628a4816764d2f993ee7493d",70,"average",20,20,19.5,5.5,11,30,0.398497370398196,0
"628a4816764d2f993ee7493d",71,"average",2,2,33,4,29,37,0,0
"628a4816764d2f993ee7493d",72,"average",20,20,23.5,5.5,15,34,0.398497370398196,0
"628a4816764d2f993ee7493d",73,"average",2,2,27,4,23,31,0,0
"628a4816764d2f993ee7493d",74,"average",20,20,33.5,5.5,25,44,0.398497370398196,0
"628a4816764d2f993ee7493d",75,"average",2,2,34,4,30,38,0,0
"628a4816764d2f993ee7493d",76,"average",10,10,21.2,5.9464274989274,12,30,-0.125669583629514,0
"628a4816764d2f993ee7493d",77,"average",20,20,12.5,5.5,4,23,0.398497370398196,0
"628a4816764d2f993ee7493d",78,"average",20,20,31.5,5.5,23,42,0.398497370398196,0
"628a4816764d2f993ee7493d",79,"average",2,2,30,4,26,34,0,0
"628a4816764d2f993ee7493d",80,"average",10,10,20.2,5.9464274989274,11,29,-0.125669583629514,0
"628a4816764d2f993ee7493d",81,"average",20,20,15.5,5.5,7,26,0.398497370398196,0
"628a4816764d2f993ee7493d",82,"average",10,10,29.2,5.9464274989274,20,38,-0.125669583629514,0
"628a4816764d2f993ee7493d",83,"average",20,20,18.5,5.5,10,29,0.398497370398196,0
"628a4816764d2f993ee7493d",84,"average",2,2,30,4,26,34,0,0
"628a4816764d2f993ee7493d",85,"average",10,10,23.2,5.9464274989274,14,32,-0.125669583629514,0
"628a4816764d2f993ee7493d",86,"average",2,2,29,4,25,33,0,0
"628a4816764d2f993ee7493d",87,"average",20,20,19.5,5.5,11,30,0.398497370398196,0
"628a4816764d2f993ee7493d",88,"average",2,2,36,4,32,40,0,0
"628a4816764d2f993ee7493d",89,"average",20,20,31.5,5.5,23,42,0.398497370398196,0
"628a4816764d2f993ee7493d",90,"average",10,10,28.2,5.9464274989274,19,37,-0.125669583629514,0
"628a4816764d2f993ee7493d",91,"average",2,2,25,4,21,29,0,0
"628a4816764d2f993ee7493d",92,"average",2,2,36,4,32,40,0,0
"628a4816764d2f993ee7493d",93,"average",10,10,34.2,5.9464274989274,25,43,-0.125669583629516,0
"628a4816764d2f993ee7493d",94,"average",20,20,12.5,5.5,4,23,0.398497370398196,0
"628a4816764d2f993ee7493d",95,"average",10,10,28.2,5.9464274989274,19,37,-0.125669583629514,0
"628a4816764d2f993ee7493d",96,"average",10,10,32.2,5.9464274989274,23,41,-0.125669583629516,0
"628a4816764d2f993ee7493d",97,"average",10,10,23.2,5.9464274989274,14,32,-0.125669583629514,0
"628a4816764d2f993ee7493d",98,"average",2,2,30,4,26,34,0,0
"628a4816764d2f993ee7493d",99,"average",10,10,16.2,5.9464274989274,7,25,-0.125669583629514,0
"628a4816764d2f993ee7493d",100,"average",10,10,28.2,5.9464274989274,19,37,-0.125669583629514,0
"628a4816764d2f993ee7493d",101,"average",20,20,16.5,5.5,8,27,0.398497370398196,0
"628a4816764d2f993ee7493d",102,"average",10,10,28.2,5.9464274989274,19,37,-0.125669583629514,0
"628a4816764d2f993ee7493d",103,"average",2,2,17,4,13,21,0,0
"628a4816764d2f993ee7493d",104,"average",2,2,14,4,10,18,0,0
"628a4816764d2f993ee7493d",105,"average",20,20,29.5,5.5,21,40,0.398497370398196,0
"628a4816764d2f993ee7493d",106,"average",10,10,16.2,5.9464274989274,7,25,-0.125669583629514,0
"628a4816764d2f993ee7493d",107,"average",10,10,15.2,5.9464274989274,6,24,-0.125669583629514,0
"628a4816764d2f993ee7493d",108,"average",2,2,31,4,27,35,0,0
"66c3366a3b5834b89124e85a",2,"average",10,10,9.9,6.2201286160336,1,19,0.082723621242364,1
"66c3366a3b5834b89124e85a",3,"average",12,12,38,5.40061724867322,29,48,0.228545304629567,0
"66c3366a3b5834b89124e85a",4,"average",4,4,8,4.41588043316392,3,15,0.609687633770167,0
"66c3366a3b5834b89124e85a",5,"average",6,6,9.5,4.9581582602145,3,17,0.184595607734502,0
"66c3366a3b5834b89124e85a",6,"average",5,5,38.4,5.38887743412299,32,48,0.745643571838957,0
"66c3366a3b5834b89124e85a",7,"average",4,4,36.75,5.53962995154008,32,46,0.928139227075577,0
"66c3366a3b5834b89124e85a",8,"average",7,7,40.7142857142857,5.41728149310244,33,48,-0.107609788074283,0
"66c3366a3b5834b89124e85a",9,"average",11,11,10.7272727272727,6.00137725239964,2,19,-0.0969988869967689,0
"66c3366a3b5834b89124e85a",10,"average",5,5,37.8,6.64529909033446,30,47,0.232756887148167,0
"66c3366a3b5834b89124e85a",11,"average",6,6,10.1666666666667,5.61001089323561,2,17,-0.241131583308081,0
"66c3366a3b5834b89124e85a",12,"average",8,8,39,5.45435605731786,31,47,0.161770323004979,0
"66c3366a3b5834b89124e85a",13,"average",2,2,19,4,15,23,0,0
"66c3366a3b5834b89124e85a",14,"average",10,10,32.2,5.9464274989274,23,41,-0.125669583629516,0
"66c3366a3b5834b89124e85a",15,"average",20,20,16.5,5.5,8,27,0.398497370398196,0
"66c3366a3b5834b89124e85a",16,"average",10,10,36.2,5.9464274989274,27,45,-0.125669583629516,0
"66c3366a3b5834b89124e85a",17,"average",2,2,34,4,30,38,0,0
"66c3366a3b5834b89124e85a",18,"average",2,2,20,4,16,24,0,0
"66c3366a3b5834b89124e85a",19,"average",20,20,17.5,5.5,9,28,0.398497370398196,0
"66c3366a3b5834b89124e85a",20,"average",2,2,32,4,28,36,0,0
"66c3366a3b5834b89124e85a",21,"average",20,20,34.5,5.5,26,45,0.398497370398196,0
"66c3366a3b5834b89124e85a",22,"average",10,10,35.2,5.9464274989274,26,44,-0.125669583629516,0
"66c3366a3b5834b89124e85a",23,"average",2,2,31,4,27,35,0,0
"66c3366a3b5834b89124e85a",24,"average",10,10,14.2,5.9464274989274,5,23,-0.125669583629514,0
"66c3366a3b5834b89124e85a",25,"average",10,10,25.2,5.9464274989274,16,34,-0.125669583629514,0
"66c3366a3b5834b89124e85a",26,"average",20,20,33.5,5.5,25,44,0.398497370398196,0
"66c3366a3b5834b89124e85a",27,"average",2,2,24,4,20,28,0,0
"66c3366a3b5834b89124e85a",28,"average",10,10,25.2,5.9464274989274,16,34,-0.125669583629514,0
"66c3366a3b5834b89124e85a",29,"average",20,20,29.5,5.5,21,40,0.398497370398196,0
"66c3366a3b5834b89124e85a",30,"average",20,20,27.5,5.5,19,38,0.398497370398196,0
"66c3366a3b5834b89124e85a",31,"average",2,2,24,4,20,28,0,0
"66c3366a3b5834b89124e85a",32,"average",20,20,32.5,5.5,24,43,0.398497370398196,0
"66c3366a3b5834b89124e85a",33,"average",10,10,17.2,5.9464274989274,8,26,-0.125669583629514,0
"66c3366a3b5834b89124e85a",34,"average",20,20,31.5,5.5,23,42,0.398497370398196,0
"66c3366a3b5834b89124e85a",35,"average",2,2,22,4,18,26,0,0
"66c3366a3b5834b89124e85a",36,"average",2,2,35,4,31,39,0,0
"66c3366a3b5834b89124e85a",37,"average",2,2,30,4,26,34,0,0
"66c3366a3b5834b89124e85a",38,"average",2,2,33,4,29,37,0,0
"66c3366a3b5834b89124e85a",39,"average",10,10,17.2,5.9464274989274,8,26,-0.125669583629514,0
"66c3366a3b5834b89124e85a",40,"average",2,2,16,4,12,20,0,0
"66c3366a3b5834b89124e85a",41,"average",10,10,28.2,5.9464274989274,19,37,-0.125669583629514,0
"66c3366a3b5834b89124e85a",42,"average",2,2,15,4,11,19,0,0
"66c3366a3b5834b89124e85a",43,"average",2,2,27,4,23,31,0,0
"66c3366a3b5834b89124e85a",44,"average",20,20,18.5,5.5,10,29,0.398497370398196,0
"66c3366a3b5834b89124e85a",45,"average",10,10,29.2,5.9464274989274,20,38,-0.125669583629514,0
"66c3366a3b5834b89124e85a",46,"average",10,10,32.2,5.9464274989274,23,41,-0.125669583629516,0
"66c3366a3b5834b89124e85a",47,"average",20,20,20.5,5.5,12,31,0.398497370398196,0
"66c3366a3b5834b89124e85a",48,"average",20,20,13.5,5.5,5,24,0.398497370398196,0
"66c3366a3b5834b89124e85a",49,"average",2,2,33,4,29,37,0,0
"66c3366a3b5834b89124e85a",50,"average",20,20,32.5,5.5,24,43,0.398497370398196,0
"66c3366a3b5834b89124e85a",51,"average",20,20,19.5,5.5,11,30,0.398497370398196,0
"66c3366a3b5834b89124e85a",52,"average",10,10,23.2,5.9464274989274,14,32,-0.125669583629514,0
"66c3366a3b5834b89124e85a",53,"average",10,10,34.2,5.9464274989274,25,43,-0.125669583629516,0
"66c3366a3b5834b89124e85a",54,"average",20,20,16.5,5.5,8,27,0.398497370398196,0
"66c3366a3b5834b89124e85a",55,"average",10,10,30.2,5.9464274989274,21,39,-0.125669583629514,0
"66c3366a3b5834b89124e85a",56,"average",2,2,35,4,31,39,0,0
"66c3366a3b5834b89124e85a",57,"average",10,10,25.2,5.9464274989274,16,34,-0.125669583629514,0
"66c3366a3b5834b89124e85a",58,"average",10,10,28.2,5.9464274989274,19,37,-0.125669583629514,0
"66c3366a3b5834b89124e85a",59,"average",20,20,20.5,5.5,12,31,0.398497370398196,0
"66c3366a3b5834b89124e85a",60,"average",20,20,16.5,5.5,8,27,0.398497370398196,0
"66c3366a3b5834b89124e85a",61,"average",2,2,15,4,11,19,0,0
"66c3366a3b5834b89124e85a",62,"average",2,2,21,4,17,25,0,0
"66c3366a3b5834b89124e85a",63,"average",10,10,31.2,5.9464274989274,22,40,-0.125669583629514,0
"66c3366a3b5834b89124e85a",64,"average",20,20,20.5,5.5,12,31,0.398497370398196,0
"66c3366a3b5834b89124e85a",65,"average",10,10,28.2,5.9464274989274,19,37,-0.125669583629514,0
"66c3366a3b5834b89124e85a",66,"average",10,10,18.2,5.9464274989274,9,27,-0.125669583629514,0
"66c3366a3b5834b89124e85a",67,"average",20,20,19.5,5.5,11,30,0.398497370398196,0
"66c3366a3b5834b89124e85a",68,"average",20,20,32.5,5.5,24,43,0.398497370398196,0
"66c3366a3b5834b89124e85a",69,"average",2,2,24,4,20,28,0,0
"66c3366a3b5834b89124e85a",70,"average",2,2,22,4,18,26,0,0
"66c3366a3b5834b89124e85a",71,"average",2,2,30,4,26,34,0,0
"66c3366a3b5834b89124e85a",72,"average",2,2,27,4,23,31,0,0
"66c3366a3b5834b89124e85a",73,"average",2,2,32,4,28,36,0,0
"66c3366a3b5834b89124e85a",74,"average",20,20,18.5,5.5,10,29,0.398497370398196,0
"66c3366a3b5834b89124e85a",75,"average",20,20,24.5,5.5,16,35,0.398497370398196,0
"66c3366a3b5834b89124e85a",76,"average",10,10,22.2,5.9464274989274,13,31,-0.125669583629514,0
"66c3366a3b5834b89124e85a",77,"average",2,2,22,4,18,26,0,0
"66c3366a3b5834b89124e85a",78,"average",10,10,28.2,5.9464274989274,19,37,-0.125669583629514,0
"66c3366a3b5834b89124e85a",79,"average",20,20,24.5,5.5,16,35,0.398497370398196,0
"66c3366a3b5834b89124e85a",80,"average",10,10,14.2,5.9464274989274,5,23,-0.125669583629514,0
"66c3366a3b5834b89124e85a",81,"average",20,20,21.5,5.5,13,32,0.398497370398196,0
"66c3366a3b5834b89124e85a",82,"average",10,10,15.2,5.9464274989274,6,24,-0.125669583629514,0
"66c3366a3b5834b89124e85a",83,"average",10,10,31.2,5.9464274989274,22,40,-0.125669583629514,0
"66c3366a3b5834b89124e85a",84,"average",2,2,29,4,25,33,0,0
"66c3366a3b5834b89124e85a",85,"average",20,20,30.5,5.5,22,41,0.398497370398196,0
"66c3366a3b5834b89124e85a",86,"average",2,2,18,4,14,22,0,0
"66c3366a3b5834b89124e85a",87,"average",2,2,20,4,16,24,0,0
"66c3366a3b5834b89124e85a",88,"average",20,20,15.5,5.5,7,26,0.398497370398196,0
"66c3366a3b5834b89124e85a",89,"average",20,20,30.5,5.5,22,41,0.398497370398196,0
"66c3366a3b5834b89124e85a",90,"average",20,20,24.5,5.5,16,35,0.398497370398196,0
"66c3366a3b5834b89124e85a",91,"average",10,10,26.2,5.9464274989274,17,35,-0.125669583629514,0
"66c3366a3b5834b89124e85a",92,"average",10,10,26.2,5.9464274989274,17,35,-0.125669583629514,0
"66c3366a3b5834b89124e85a",93,"average",10,10,23.2,5.9464274989274,14,32,-0.125669583629514,0
"66c3366a3b5834b89124e85a",94,"average",10,10,18.2,5.9464274989274,9,27,-0.125669583629514,0
"66c3366a3b5834b89124e85a",95,"average",10,10,25.2,5.9464274989274,16,34,-0.125669583629514,0
"66c3366a3b5834b89124e85a",96,"average",10,10,26.2,5.9464274989274,17,35,-0.125669583629514,0
"66c3366a3b5834b89124e85a",97,"average",20,20,17.5,5.5,9,28,0.398497370398196,0
"66c3366a3b5834b89124e85a",98,"average",20,20,24.5,5.5,16,35,0.398497370398196,0
"66c3366a3b5834b89124e85a",99,"average",2,2,23,4,19,27,0,0
"66c3366a3b5834b89124e85a",100,"average",20,20,33.5,5.5,25,44,0.398497370398196,0
"66c3366a3b5834b89124e85a",101,"average",2,2,26,4,22,30,0,0
"66c3366a3b5834b89124e85a",102,"average",20,20,13.5,5.5,5,24,0.398497370398196,0
"66c3366a3b5834b89124e85a",103,"average",2,2,24,4,20,28,0,0
"66c3366a3b5834b89124e85a",104,"average",2,2,14,4,10,18,0,0
"66c3366a3b5834b89124e85a",105,"average",2,2,34,4,30,38,0,0
"66c3366a3b5834b89124e85a",106,"average",20,20,13.5,5.5,5,24,0.398497370398196,0
"66c3366a3b5834b89124e85a",107,"average",10,10,16.2,5.9464274989274,7,25,-0.125669583629514,0
"66c3366a3b5834b89124e85a",108,"average",10,10,29.2,5.9464274989274,20,38,-0.125669583629514,0
"5c6c597c42e33400019c72a5",1,"average",7,7,38.7142857142857,5.22943006220661,31,46,-0.215526142973679,0
"5c6c597c42e33400019c72a5",2,"average",11,11,11.6363636363636,5.2270750950782,2,20,-0.137241833660737,0
"5c6c597c42e33400019c72a5",3,"average",12,12,9.75,5.55465270441516,2,19,0.235764175696675,0
"5c6c597c42e33400019c72a5",4,"average",2,2,13.5,5.5,8,19,0,0
"5c6c597c42e33400019c72a5",5,"average",3,3,12,5.8878405775519,4,18,-0.470330460336986,0
"5c6c597c42e33400019c72a5",6,"average",9,9,36.6666666666667,6.18241233033047,29,46,0.225383034689746,0
"5c6c597c42e33400019c72a5",7,"average",4,4,38.25,6.83282518435822,29,47,-0.080817058894685,0
"5c6c597c42e33400019c72a5",8,"average",12,12,11.3333333333333,5.80708379672812,1,20,-0.0685598672157271,1
"5c6c597c42e33400019c72a5",9,"average",2,2,40,5,35,45,0,0
"5c6c597c42e33400019c72a5",10,"average",2,2,36.5,1.5,35,38,0,0
"5c6c597c42e33400019c72a5",11,"average",7,7,40.4285714285714,5.473498303048,31,48,-0.149131483622349,0
"5c6c597c42e33400019c72a5",12,"average",8,8,37.5,6.26498204307083,29,47,0.15860070570312,0
"5c6c597c42e33400019c72a5",13,"average",20,20,28.5,5.5,20,39,0.398497370398196,0
"5c6c597c42e33400019c72a5",14,"average",20,20,19.5,5.5,11,30,0.398497370398196,0
"5c6c597c42e33400019c72a5",15,"average",2,2,18,4,14,22,0,0
"5c6c597c42e33400019c72a5",16,"average",2,2,14,4,10,18,0,0
"5c6c597c42e33400019c72a5",17,"average",10,10,20.2,5.9464274989274,11,29,-0.125669583629514,0
"5c6c597c42e33400019c72a5",18,"average",20,20,31.5,5.5,23,42,0.398497370398196,0
"5c6c597c42e33400019c72a5",19,"average",2,2,35,4,31,39,0,0
"5c6c597c42e33400019c72a5",20,"average",2,2,25,4,21,29,0,0
"5c6c597c42e33400019c72a5",21,"average",2,2,33,4,29,37,0,0
"5c6c597c42e33400019c72a5",22,"average",20,20,34.5,5.5,26,45,0.398497370398196,0
"5c6c597c42e33400019c72a5",23,"average",10,10,35.2,5.9464274989274,26,44,-0.125669583629516,0
"5c6c597c42e33400019c72a5",24,"average",2,2,21,4,17,25,0,0
"5c6c597c42e33400019c72a5",25,"average",20,20,16.5,5.5,8,27,0.398497370398196,0
"5c6c597c42e33400019c72a5",26,"average",20,20,27.5,5.5,19,38,0.398497370398196,0
"5c6c597c42e33400019c72a5",27,"average",20,20,25.5,5.5,17,36,0.398497370398196,0
"5c6c597c42e33400019c72a5",28,"average",2,2,14,4,10,18,0,0
"5c6c597c42e33400019c72a5",29,"average",2,2,18,4,14,22,0,0
"5c6c597c42e33400019c72a5",30,"average",20,20,24.5,5.5,16,35,0.398497370398196,0
"5c6c597c42e33400019c72a5",31,"average",10,10,21.2,5.9464274989274,12,30,-0.125669583629514,0
"5c6c597c42e33400019c72a5",32,"average",20,20,13.5,5.5,5,24,0.398497370398196,0
"5c6c597c42e33400019c72a5",33,"average",2,2,20,4,16,24,0,0
"5c6c597c42e33400019c72a5",34,"average",20,20,12.5,5.5,4,23,0.398497370398196,0
"5c6c597c42e33400019c72a5",35,"average",10,10,18.2,5.9464274989274,9,27,-0.125669583629514,0
"5c6c597c42e33400019c72a5",36,"average",2,2,18,4,14,22,0,0
"5c6c597c42e33400019c72a5",37,"average",10,10,18.2,5.9464274989274,9,27,-0.125669583629514,0
"5c6c597c42e33400019c72a5",38,"average",20,20,18.5,5.5,10,29,0.398497370398196,0
"5c6c597c42e33400019c72a5",39,"average",10,10,31.2,5.9464274989274,22,40,-0.125669583629514,0
"5c6c597c42e33400019c72a5",40,"average",20,20,17.5,5.5,9,28,0.398497370398196,0
"5c6c597c42e33400019c72a5",41,"average",2,2,33,4,29,37,0,0
"5c6c597c42e33400019c72a5",42,"average",10,10,15.2,5.9464274989274,6,24,-0.125669583629514,0
"5c6c597c42e33400019c72a5",43,"average",10,10,24.2,5.9464274989274,15,33,-0.125669583629514,0
"5c6c597c42e33400019c72a5",44,"average",10,10,20.2,5.9464274989274,11,29,-0.125669583629514,0
"5c6c597c42e33400019c72a5",45,"average",2,2,30,4,26,34,0,0
"5c6c597c42e33400019c72a5",46,"average",2,2,26,4,22,30,0,0
"5c6c597c42e33400019c72a5",47,"average",10,10,19.2,5.9464274989274,10,28,-0.125669583629514,0
"5c6c597c42e33400019c72a5",48,"average",2,2,16,4,12,20,0,0
"5c6c597c42e33400019c72a5",49,"average",20,20,23.5,5.5,15,34,0.398497370398196,0
"5c6c597c42e33400019c72a5",50,"average",2,2,26,4,22,30,0,0
"5c6c597c42e33400019c72a5",51,"average",20,20,16.5,5.5,8,27,0.398497370398196,0
"5c6c597c42e33400019c72a5",52,"average",10,10,33.2,5.9464274989274,24,42,-0.125669583629516,0
"5c6c597c42e33400019c72a5",53,"average",10,10,31.2,5.9464274989274,22,40,-0.125669583629514,0
"5c6c597c42e33400019c72a5",54,"average",20,20,28.5,5.5,20,39,0.398497370398196,0
"5c6c597c42e33400019c72a5",55,"average",20,20,12.5,5.5,4,23,0.398497370398196,0
"5c6c597c42e33400019c72a5",56,"average",10,10,14.2,5.9464274989274,5,23,-0.125669583629514,0
"5c6c597c42e33400019c72a5",57,"average",10,10,31.2,5.9464274989274,22,40,-0.125669583629514,0
"5c6c597c42e33400019c72a5",58,"average",2,2,31,4,27,35,0,0
"5c6c597c42e33400019c72a5",59,"average",10,10,17.2,5.9464274989274,8,26,-0.125669583629514,0
"5c6c597c42e33400019c72a5",60,"average",10,10,27.2,5.9464274989274,18,36,-0.125669583629514,0
"5c6c597c42e33400019c72a5",61,"average",2,2,29,4,25,33,0,0
"5c6c597c42e33400019c72a5",62,"average",2,2,29,4,25,33,0,0
"5c6c597c42e33400019c72a5",63,"average",2,2,32,4,28,36,0,0
"5c6c597c42e33400019c72a5",64,"average",20,20,21.5,5.5,13,32,0.398497370398196,0
"5c6c597c42e33400019c72a5",65,"average",20,20,19.5,5.5,11,30,0.398497370398196,0
"5c6c597c42e33400019c72a5",66,"average",10,10,14.2,5.9464274989274,5,23,-0.125669583629514,0
"5c6c597c42e33400019c72a5",67,"average",10,10,32.2,5.9464274989274,23,41,-0.125669583629516,0
"5c6c597c42e33400019c72a5",68,"average",2,2,22,4,18,26,0,0
"5c6c597c42e33400019c72a5",69,"average",2,2,26,4,22,30,0,0
"5c6c597c42e33400019c72a5",70,"average",10,10,17.2,5.9464274989274,8,26,-0.125669583629514,0
"5c6c597c42e33400019c72a5",71,"average",2,2,23,4,19,27,0,0
"5c6c597c42e33400019c72a5",72,"average",10,10,32.2,5.9464274989274,23,41,-0.125669583629516,0
"5c6c597c42e33400019c72a5",73,"average",2,2,25,4,21,29,0,0
"5c6c597c42e33400019c72a5",74,"average",10,10,35.2,5.9464274989274,26,44,-0.125669583629516,0
"5c6c597c42e33400019c72a5",75,"average",20,20,28.5,5.5,20,39,0.398497370398196,0
"5c6c597c42e33400019c72a5",76,"average",2,2,29,4,25,33,0,0
"5c6c597c42e33400019c72a5",77,"average",10,10,34.2,5.9464274989274,25,43,-0.125669583629516,0
"5c6c597c42e33400019c72a5",78,"average",10,10,18.2,5.9464274989274,9,27,-0.125669583629514,0
"5c6c597c42e33400019c72a5",79,"average",20,20,23.5,5.5,15,34,0.398497370398196,0
"5c6c597c42e33400019c72a5",80,"average",10,10,26.2,5.9464274989274,17,35,-0.125669583629514,0
"5c6c597c42e33400019c72a5",81,"average",20,20,14.5,5.5,6,25,0.398497370398196,0
"5c6c597c42e33400019c72a5",82,"average",10,10,32.2,5.9464274989274,23,41,-0.125669583629516,0
"5c6c597c42e33400019c72a5",83,"average",2,2,31,4,27,35,0,0
"5c6c597c42e33400019c72a5",84,"average",2,2,29,4,25,33,0,0
"5c6c597c42e33400019c72a5",85,"average",20,20,17.5,5.5,9,28,0.398497370398196,0
"5c6c597c42e33400019c72a5",86,"average",10,10,14.2,5.9464274989274,5,23,-0.125669583629514,0
"5c6c597c42e33400019c72a5",87,"average",20,20,25.5,5.5,17,36,0.398497370398196,0
"5c6c597c42e33400019c72a5",88,"average",2,2,33,4,29,37,0,0
"5c6c597c42e33400019c72a5",89,"average",20,20,24.5,5.5,16,35,0.398497370398196,0
"5c6c597c42e33400019c72a5",90,"average",2,2,26,4,22,30,0,0
"5c6c597c42e33400019c72a5",91,"average",10,10,28.2,5.9464274989274,19,37,-0.125669583629514,0
"5c6c597c42e33400019c72a5",92,"average",20,20,25.5,5.5,17,36,0.398497370398196,0
"5c6c597c42e33400019c72a5",93,"average",2,2,25,4,21,29,0,0
"5c6c597c42e33400019c72a5",94,"average",2,2,24,4,20,28,0,0
"5c6c597c42e33400019c72a5",95,"average",10,10,24.2,5.9464274989274,15,33,-0.125669583629514,0
"5c6c597c42e33400019c72a5",96,"average",2,2,35,4,31,39,0,0
"5c6c597c42e33400019c72a5",97,"average",20,20,18.5,5.5,10,29,0.398497370398196,0
"5c6c597c42e33400019c72a5",98,"average",20,20,18.5,5.5,10,29,0.398497370398196,0
"5c6c597c42e33400019c72a5",99,"average",20,20,16.5,5.5,8,27,0.398497370398196,0
"5c6c597c42e33400019c72a5",100,"average",10,10,16.2,5.9464274989274,7,25,-0.125669583629514,0
"5c6c597c42e33400019c72a5",101,"average",20,20,16.5,5.5,8,27,0.398497370398196,0
"5c6c597c42e33400019c72a5",102,"average",10,10,29.2,5.9464274989274,20,38,-0.125669583629514,0
"5c6c597c42e33400019c72a5",103,"average",10,10,35.2,5.9464274989274,26,44,-0.125669583629516,0
"5c6c597c42e33400019c72a5",104,"average",2,2,21,4,17,25,0,0
"5c6c597c42e33400019c72a5",105,"average",20,20,12.5,5.5,4,23,0.398497370398196,0
"5c6c597c42e33400019c72a5",106,"average",20,20,32.5,5.5,24,43,0.398497370398196,0
"5c6c597c42e33400019c72a5",107,"average",20,20,30.5,5.5,22,41,0.398497370398196,0
"5c6c597c42e33400019c72a5",108,"average",10,10,34.2,5.9464274989274,25,43,-0.125669583629516,0
"67e0a1a0f697d75087b7050d",1,"average",8,8,11.875,6.07119222229045,3,20,-0.149927288643916,0
"67e0a1a0f697d75087b7050d",2,"average",8,8,36.25,4.9434299833213,29,44,0.28480799637034,0
"67e0a1a0f697d75087b7050d",3,"average",4,4,40,6.04152298679729,31,46,-0.448947851899367,0
"67e0a1a0f697d75087b7050d",4,"average",3,3,10.3333333333333,6.59966329107444,3,19,0.294799620144829,0
"67e0a1a0f697d75087b7050d",5,"average",4,4,41.75,6.86931583201704,30,47,-1.07156627127399,0
"67e0a1a0f697d75087b7050d",6,"average",8,8,9.25,6.83282518435822,1,19,0.133127737015608,1
"67e0a1a0f697d75087b7050d",7,"average",5,5,37.4,5.67802782663136,31,48,0.99665891833392,0
"67e0a1a0f697d75087b7050d",8,"average",2,2,40,1,39,41,0,0
"67e0a1a0f697d75087b7050d",9,"average",2,2,4.5,0.5,4,5,0,0
"67e0a1a0f697d75087b7050d",10,"average",7,7,39.8571428571429,6.12788873986492,31,48,0.0134554362275995,0
"67e0a1a0f697d75087b7050d",11,"average",4,4,12.25,4.71036092035419,5,18,-0.44403164240276,0
"67e0a1a0f697d75087b7050d",12,"average",11,11,37.4545454545455,6.12541110106292,29,48,0.267849585851832,0
"67e0a1a0f697d75087b7050d",13,"average",10,10,32.2,5.9464274989274,23,41,-0.125669583629516,0
"67e0a1a0f697d75087b7050d",14,"average",10,10,19.2,5.9464274989274,10,28,-0.125669583629514,0
"67e0a1a0f697d75087b7050d",15,"average",2,2,30,4,26,34,0,0
"67e0a1a0f697d75087b7050d",16,"average",2,2,32,4,28,36,0,0
"67e0a1a0f697d75087b7050d",17,"average",20,20,30.5,5.5,22,41,0.398497370398196,0
"67e0a1a0f697d75087b7050d",18,"average",20,20,18.5,5.5,10,29,0.398497370398196,0
"67e0a1a0f697d75087b7050d",19,"average",2,2,26,4,22,30,0,0
"67e0a1a0f697d75087b7050d",20,"average",10,10,27.2,5.9464274989274,18,36,-0.125669583629514,0
"67e0a1a0f697d75087b7050d",21,"average",10,10,26.2,5.9464274989274,17,35,-0.125669583629514,0
"67e0a1a0f697d75087b7050d",22,"average",20,20,26.5,5.5,18,37,0.398497370398196,0
"67e0a1a0f697d75087b7050d",23,"average",20,20,34.5,5.5,26,45,0.398497370398196,0
"67e0a1a0f697d75087b7050d",24,"average",20,20,25.5,5.5,17,36,0.398497370398196,0
"67e0a1a0f697d75087b7050d",25,"average",20,20,15.5,5.5,7,26,0.398497370398196,0
"67e0a1a0f697d75087b7050d",26,"average",10,10,36.2,5.9464274989274,27,45,-0.125669583629516,0
"67e0a1a0f697d75087b7050d",27,"average",10,10,21.2,5.9464274989274,12,30,-0.125669583629514,0
"67e0a1a0f697d75087b7050d",28,"average",10,10,35.2,5.9464274989274,26,44,-0.125669583629516,0
"67e0a1a0f697d75087b7050d",29,"average",2,2,14,4,10,18,0,0
"67e0a1a0f697d75087b7050d",30,"average",20,20,17.5,5.5,9,28,0.398497370398196,0
"67e0a1a0f697d75087b7050d",31,"average",20,20,31.5,5.5,23,42,0.398497370398196,0
"67e0a1a0f697d75087b7050d",32,"average",10,10,18.2,5.9464274989274,9,27,-0.125669583629514,0
"67e0a1a0f697d75087b7050d",33,"average",2,2,24,4,20,28,0,0
"67e0a1a0f697d75087b7050d",34,"average",10,10,22.2,5.9464274989274,13,31,-0.125669583629514,0
"67e0a1a0f697d75087b7050d",35,"average",2,2,29,4,25,33,0,0
"67e0a1a0f697d75087b7050d",36,"average",10,10,27.2,5.9464274989274,18,36,-0.125669583629514,0
"67e0a1a0f697d75087b7050d",37,"average",20,20,19.5,5.5,11,30,0.398497370398196,0
"67e0a1a0f697d75087b7050d",38,"average",2,2,23,4,19,27,0,0
"67e0a1a0f697d75087b7050d",39,"average",10,10,36.2,5.9464274989274,27,45,-0.125669583629516,0
"67e0a1a0f697d75087b7050d",40,"average",2,2,27,4,23,31,0,0
"67e0a1a0f697d75087b7050d",41,"average",2,2,15,4,11,19,0,0
"67e0a1a0f697d75087b7050d",42,"average",2,2,23,4,19,27,0,0
"67e0a1a0f697d75087b7050d",43,"average",2,2,30,4,26,34,0,0
"67e0a1a0f697d75087b7050d",44,"average",20,20,16.5,5.5,8,27,0.398497370398196,0
"67e0a1a0f697d75087b7050d",45,"average",10,10,33.2,5.9464274989274,24,42,-0.125669583629516,0
"67e0a1a0f697d75087b7050d",46,"average",20,20,23.5,5.5,15,34,0.398497370398196,0
"67e0a1a0f697d75087b7050d",47,"average",20,20,17.5,5.5,9,28,0.398497370398196,0
"67e0a1a0f697d75087b7050d",48,"average",20,20,18.5,5.5,10,29,0.398497370398196,0
"67e0a1a0f697d75087b7050d",49,"average",10,10,27.2,5.9464274989274,18,36,-0.125669583629514,0
"67e0a1a0f697d75087b7050d",50,"average",2,2,24,4,20,28,0,0
"67e0a1a0f697d75087b7050d",51,"average",10,10,25.2,5.9464274989274,16,34,-0.125669583629514,0
"67e0a1a0f697d75087b7050d",52,"average",20,20,23.5,5.5,15,34,0.398497370398196,0
"67e0a1a0f697d75087b7050d",53,"average",2,2,27,4,23,31,0,0
"67e0a1a0f697d75087b7050d",54,"average",20,20,13.5,5.5,5,24,0.398497370398196,0
"67e0a1a0f697d75087b7050d",55,"average",10,10,18.2,5.9464274989274,9,27,-0.125669583629514,0
"67e0a1a0f697d75087b7050d",56,"average",2,2,16,4,12,20,0,0
"67e0a1a0f697d75087b7050d",57,"average",2,2,28,4,24,32,0,0
"67e0a1a0f697d75087b7050d",58,"average",2,2,24,4,20,28,0,0
"67e0a1a0f697d75087b7050d",59,"average",10,10,26.2,5.9464274989274,17,35,-0.125669583629514,0
"67e0a1a0f697d75087b7050d",60,"average",20,20,18.5,5.5,10,29,0.398497370398196,0
"67e0a1a0f697d75087b7050d",61,"average",10,10,17.2,5.9464274989274,8,26,-0.125669583629514,0
"67e0a1a0f697d75087b7050d",62,"average",10,10,35.2,5.9464274989274,26,44,-0.125669583629516,0
"67e0a1a0f697d75087b7050d",63,"average",2,2,22,4,18,26,0,0
"67e0a1a0f697d75087b7050d",64,"average",10,10,27.2,5.9464274989274,18,36,-0.125669583629514,0
"67e0a1a0f697d75087b7050d",65,"average",2,2,15,4,11,19,0,0
"67e0a1a0f697d75087b7050d",66,"average",2,2,27,4,23,31,0,0
"67e0a1a0f697d75087b7050d",67,"average",20,20,20.5,5.5,12,31,0.398497370398196,0
"67e0a1a0f697d75087b7050d",68,"average",20,20,29.5,5.5,21,40,0.398497370398196,0
"67e0a1a0f697d75087b7050d",69,"average",10,10,28.2,5.9464274989274,19,37,-0.125669583629514,0
"67e0a1a0f697d75087b7050d",70,"average",2,2,23,4,19,27,0,0
"67e0a1a0f697d75087b7050d",71,"average",10,10,28.2,5.9464274989274,19,37,-0.125669583629514,0
"67e0a1a0f697d75087b7050d",72,"average",2,2,28,4,24,32,0,0
"67e0a1a0f697d75087b7050d",73,"average",20,20,23.5,5.5,15,34,0.398497370398196,0
"67e0a1a0f697d75087b7050d",74,"average",2,2,25,4,21,29,0,0
"67e0a1a0f697d75087b7050d",75,"average",10,10,25.2,5.9464274989274,16,34,-0.125669583629514,0
"67e0a1a0f697d75087b7050d",76,"average",10,10,15.2,5.9464274989274,6,24,-0.125669583629514,0
"67e0a1a0f697d75087b7050d",77,"average",10,10,16.2,5.9464274989274,7,25,-0.125669583629514,0
"67e0a1a0f697d75087b7050d",78,"average",20,20,27.5,5.5,19,38,0.398497370398196,0
"67e0a1a0f697d75087b7050d",79,"average",2,2,27,4,23,31,0,0
"67e0a1a0f697d75087b7050d",80,"average",20,20,20.5,5.5,12,31,0.398497370398196,0
"67e0a1a0f697d75087b7050d",81,"average",20,20,27.5,5.5,19,38,0.398497370398196,0
"67e0a1a0f697d75087b7050d",82,"average",20,20,25.5,5.5,17,36,0.398497370398196,0
"67e0a1a0f697d75087b7050d",83,"average",20,20,12.5,5.5,4,23,0.398497370398196,0
"67e0a1a0f697d75087b7050d",84,"average",10,10,33.2,5.9464274989274,24,42,-0.125669583629516,0
"67e0a1a0f697d75087b7050d",85,"average",20,20,21.5,5.5,13,32,0.398497370398196,0
"67e0a1a0f697d75087b7050d",86,"average",2,2,16,4,12,20,0,0
"67e0a1a0f697d75087b7050d",87,"average",10,10,26.2,5.9464274989274,17,35,-0.125669583629514,0
"67e0a1a0f697d75087b7050d",88,"average",20,20,31.5,5.5,23,42,0.398497370398196,0
"67e0a1a0f697d75087b7050d",89,"average",10,10,24.2,5.9464274989274,15,33,-0.125669583629514,0
"67e0a1a0f697d75087b7050d",90,"average",10,10,21.2,5.9464274989274,12,30,-0.125669583629514,0
"67e0a1a0f697d75087b7050d",91,"average",2,2,26,4,22,30,0,0
"67e0a1a0f697d75087b7050d",92,"average",10,10,23.2,5.9464274989274,14,32,-0.125669583629514,0
"67e0a1a0f697d75087b7050d",93,"average",10,10,33.2,5.9464274989274,24,42,-0.125669583629516,0
"67e0a1a0f697d75087b7050d",94,"average",2,2,19,4,15,23,0,0
"67e0a1a0f697d75087b7050d",95,"average",20,20,20.5,5.5,12,31,0.398497370398196,0
"67e0a1a0f697d75087b7050d",96,"average",20,20,22.5,5.5,14,33,0.398497370398196,0
"67e0a1a0f697d75087b7050d",97,"average",2,2,36,4,32,40,0,0
"67e0a1a0f697d75087b7050d",98,"average",20,20,23.5,5.5,15,34,0.398497370398196,0
"67e0a1a0f697d75087b7050d",99,"average",10,10,24.2,5.9464274989274,15,33,-0.125669583629514,0
"67e0a1a0f697d75087b7050d",100,"average",20,20,19.5,5.5,11,30,0.398497370398196,0
"67e0a1a0f697d75087b7050d",101,"average",2,2,28,4,24,32,0,0
"67e0a1a0f697d75087b7050d",102,"average",2,2,22,4,18,26,0,0
"67e0a1a0f697d75087b7050d",103,"average",2,2,14,4,10,18,0,0
"67e0a1a0f697d75087b7050d",104,"average",10,10,24.2,5.9464274989274,15,33,-0.125669583629514,0
"67e0a1a0f697d75087b7050d",105,"average",2,2,18,4,14,22,0,0
"67e0a1a0f697d75087b7050d",106,"average",2,2,18,4,14,22,0,0
"67e0a1a0f697d75087b7050d",107,"average",20,20,16.5,5.5,8,27,0.398497370398196,0
"67e0a1a0f697d75087b7050d",108,"average",20,20,28.5,5.5,20,39,0.398497370398196,0
"66463e4efb99fba5a67a010a",1,"average",4,4,40,3.93700393700591,36,46,0.516194064581419,0
"66463e4efb99fba5a67a010a",2,"average",12,12,10.4166666666667,6.80022466949112,1,20,-0.0237213496499396,1
"66463e4efb99fba5a67a010a",3,"average",3,3,8.33333333333333,4.10960933531265,3,13,-0.239063146929545,0
"66463e4efb99fba5a67a010a",4,"average",12,12,38.9166666666667,6.02022055705234,29,48,-0.0757225389538555,0
"66463e4efb99fba5a67a010a",5,"average",11,11,10.0909090909091,5.75964874962078,2,20,0.238597124508936,0
"66463e4efb99fba5a67a010a",6,"average",6,6,42.6666666666667,4.14996653266291,37,48,-0.112968912064995,0
"66463e4efb99fba5a67a010a",7,"average",7,7,11.2857142857143,4.68170560233541,5,20,0.521123030827041,0
"66463e4efb99fba5a67a010a",8,"average",3,3,11,6.68331255192114,2,18,-0.422080442964946,0
"66463e4efb99fba5a67a010a",9,"average",3,3,38,5.71547606649408,33,46,0.642723256123866,0
"66463e4efb99fba5a67a010a",10,"average",12,12,11.0833333333333,6.02022055705234,2,20,-0.17634996900322,0
"66463e4efb99fba5a67a010a",11,"average",5,5,35.2,3.42928563989645,30,40,-0.170202640047619,0
"66463e4efb99fba5a67a010a",12,"average",11,11,40.1818181818182,5.65393156562408,32,48,-0.0924828655475597,0
"66463e4efb99fba5a67a010a",13,"average",2,2,31,4,27,35,0,0
"66463e4efb99fba5a67a010a",14,"average",20,20,21.5,5.5,13,32,0.398497370398196,0
"66463e4efb99fba5a67a010a",15,"average",10,10,29.2,5.9464274989274,20,38,-0.125669583629514,0
"66463e4efb99fba5a67a010a",16,"average",2,2,23,4,19,27,0,0
"66463e4efb99fba5a67a010a",17,"average",20,20,20.5,5.5,12,31,0.398497370398196,0
"66463e4efb99fba5a67a010a",18,"average",10,10,25.2,5.9464274989274,16,34,-0.125669583629514,0
"66463e4efb99fba5a67a010a",19,"average",2,2,28,4,24,32,0,0
"66463e4efb99fba5a67a010a",20,"average",10,10,29.2,5.9464274989274,20,38,-0.125669583629514,0
"66463e4efb99fba5a67a010a",21,"average",2,2,33,4,29,37,0,0
"66463e4efb99fba5a67a010a",22,"average",20,20,17.5,5.5,9,28,0.398497370398196,0
"66463e4efb99fba5a67a010a",23,"average",20,20,23.5,5.5,15,34,0.398497370398196,0
"66463e4efb99fba5a67a010a",24,"average",2,2,21,4,17,25,0,0
"66463e4efb99fba5a67a010a",25,"average",2,2,29,4,25,33,0,0
"66463e4efb99fba5a67a010a",26,"average",10,10,29.2,5.9464274989274,20,38,-0.125669583629514,0
"66463e4efb99fba5a67a010a",27,"average",20,20,19.5,5.5,11,30,0.398497370398196,0
"66463e4efb99fba5a67a010a",28,"average",10,10,33.2,5.9464274989274,24,42,-0.125669583629516,0
"66463e4efb99fba5a67a010a",29,"average",2,2,34,4,30,38,0,0
"66463e4efb99fba5a67a010a",30,"average",20,20,19.5,5.5,11,30,0.398497370398196,0
"66463e4efb99fba5a67a010a",31,"average",10,10,31.2,5.9464274989274,22,40,-0.125669583629514,0
"66463e4efb99fba5a67a010a",32,"average",2,2,32,4,28,36,0,0
"66463e4efb99fba5a67a010a",33,"average",20,20,12.5,5.5,4,23,0.398497370398196,0
"66463e4efb99fba5a67a010a",34,"average",10,10,14.2,5.9464274989274,5,23,-0.125669583629514,0
"66463e4efb99fba5a67a010a",35,"average",20,20,21.5,5.5,13,32,0.398497370398196,0
"66463e4efb99fba5a67a010a",36,"average",10,10,17.2,5.9464274989274,8,26,-0.125669583629514,0
"66463e4efb99fba5a67a010a",37,"average",20,20,34.5,5.5,26,45,0.398497370398196,0
"66463e4efb99fba5a67a010a",38,"average",20,20,15.5,5.5,7,26,0.398497370398196,0
"66463e4efb99fba5a67a010a",39,"average",10,10,16.2,5.9464274989274,7,25,-0.125669583629514,0
"66463e4efb99fba5a67a010a",40,"average",10,10,16.2,5.9464274989274,7,25,-0.125669583629514,0
"66463e4efb99fba5a67a010a",41,"average",10,10,34.2,5.9464274989274,25,43,-0.125669583629516,0
"66463e4efb99fba5a67a010a",42,"average",20,20,31.5,5.5,23,42,0.398497370398196,0
"66463e4efb99fba5a67a010a",43,"average",2,2,26,4,22,30,0,0
"66463e4efb99fba5a67a010a",44,"average",2,2,34,4,30,38,0,0
"66463e4efb99fba5a67a010a",45,"average",2,2,24,4,20,28,0,0
"66463e4efb99fba5a67a010a",46,"average",10,10,24.2,5.9464274989274,15,33,-0.125669583629514,0
"66463e4efb99fba5a67a010a",47,"average",2,2,33,4,29,37,0,0
"66463e4efb99fba5a67a010a",48,"average",20,20,12.5,5.5,4,23,0.398497370398196,0
"66463e4efb99fba5a67a010a",49,"average",20,20,15.5,5.5,7,26,0.398497370398196,0
"66463e4efb99fba5a67a010a",50,"average",10,10,15.2,5.9464274989274,6,24,-0.125669583629514,0
"66463e4efb99fba5a67a010a",51,"average",20,20,27.5,5.5,19,38,0.398497370398196,0
"66463e4efb99fba5a67a010a",52,"average",20,20,13.5,5.5,5,24,0.398497370398196,0
"66463e4efb99fba5a67a010a",53,"average",2,2,23,4,19,27,0,0
"66463e4efb99fba5a67a010a",54,"average",10,10,28.2,5.9464274989274,19,37,-0.125669583629514,0
"66463e4efb99fba5a67a010a",55,"average",2,2,19,4,15,23,0,0
"66463e4efb99fba5a67a010a",56,"average",2,2,36,4,32,40,0,0
"66463e4efb99fba5a67a010a",57,"average",2,2,15,4,11,19,0,0
"66463e4efb99fba5a67a010a",58,"average",10,10,28.2,5.9464274989274,19,37,-0.125669583629514,0
"66463e4efb99fba5a67a010a",59,"average",20,20,27.5,5.5,19,38,0.398497370398196,0
"66463e4efb99fba5a67a010a",60,"average",10,10,20.2,5.9464274989274,11,29,-0.125669583629514,0
"66463e4efb99fba5a67a010a",61,"average",10,10,15.2,5.9464274989274,6,24,-0.125669583629514,0
"66463e4efb99fba5a67a010a",62,"average",2,2,16,4,12,20,0,0
"66463e4efb99fba5a67a010a",63,"average",2,2,34,4,30,38,0,0
"66463e4efb99fba5a67a010a",64,"average",2,2,20,4,16,24,0,0
"66463e4efb99fba5a67a010a",65,"average",20,20,19.5,5.5,11,30,0.398497370398196,0
"66463e4efb99fba5a67a010a",66,"average",20,20,18.5,5.5,10,29,0.398497370398196,0
"66463e4efb99fba5a67a010a",67,"average",10,10,24.2,5.9464274989274,15,33,-0.125669583629514,0
"66463e4efb99fba5a67a010a",68,"average",2,2,32,4,28,36,0,0
"66463e4efb99fba5a67a010a",69,"average",20,20,16.5,5.5,8,27,0.398497370398196,0
"66463e4efb99fba5a67a010a",70,"average",10,10,26.2,5.9464274989274,17,35,-0.125669583629514,0
"66463e4efb99fba5a67a010a",71,"average",2,2,35,4,31,39,0,0
"66463e4efb99fba5a67a010a",72,"average",20,20,14.5,5.5,6,25,0.398497370398196,0
"66463e4efb99fba5a67a010a",73,"average",20,20,14.5,5.5,6,25,0.398497370398196,0
"66463e4efb99fba5a67a010a",74,"average",2,2,30,4,26,34,0,0
"66463e4efb99fba5a67a010a",75,"average",2,2,29,4,25,33,0,0
"66463e4efb99fba5a67a010a",76,"average",20,20,20.5,5.5,12,31,0.398497370398196,0
"66463e4efb99fba5a67a010a",77,"average",2,2,33,4,29,37,0,0
"66463e4efb99fba5a67a010a",78,"average",10,10,14.2,5.9464274989274,5,23,-0.125669583629514,0
"66463e4efb99fba5a67a010a",79,"average",2,2,27,4,23,31,0,0
"66463e4efb99fba5a67a010a",80,"average",2,2,18,4,14,22,0,0
"66463e4efb99fba5a67a010a",81,"average",10,10,31.2,5.9464274989274,22,40,-0.125669583629514,0
"66463e4efb99fba5a67a010a",82,"average",20,20,34.5,5.5,26,45,0.398497370398196,0
"66463e4efb99fba5a67a010a",83,"average",2,2,25,4,21,29,0,0
"66463e4efb99fba5a67a010a",84,"average",10,10,19.2,5.9464274989274,10,28,-0.125669583629514,0
"66463e4efb99fba5a67a010a",85,"average",2,2,22,4,18,26,0,0
"66463e4efb99fba5a67a010a",86,"average",10,10,18.2,5.9464274989274,9,27,-0.125669583629514,0
"66463e4efb99fba5a67a010a",87,"average",20,20,21.5,5.5,13,32,0.398497370398196,0
"66463e4efb99fba5a67a010a",88,"average",20,20,20.5,5.5,12,31,0.398497370398196,0
"66463e4efb99fba5a67a010a",89,"average",2,2,23,4,19,27,0,0
"66463e4efb99fba5a67a010a",90,"average",20,20,23.5,5.5,15,34,0.398497370398196,0
"66463e4efb99fba5a67a010a",91,"average",10,10,23.2,5.9464274989274,14,32,-0.125669583629514,0
"66463e4efb99fba5a67a010a",92,"average",2,2,27,4,23,31,0,0
"66463e4efb99fba5a67a010a",93,"average",20,20,30.5,5.5,22,41,0.398497370398196,0
"66463e4efb99fba5a67a010a",94,"average",10,10,22.2,5.9464274989274,13,31,-0.125669583629514,0
"66463e4efb99fba5a67a010a",95,"average",2,2,15,4,11,19,0,0
"66463e4efb99fba5a67a010a",96,"average",2,2,34,4,30,38,0,0
"66463e4efb99fba5a67a010a",97,"average",10,10,16.2,5.9464274989274,7,25,-0.125669583629514,0
"66463e4efb99fba5a67a010a",98,"average",10,10,20.2,5.9464274989274,11,29,-0.125669583629514,0
"66463e4efb99fba5a67a010a",99,"average",20,20,17.5,5.5,9,28,0.398497370398196,0
"66463e4efb99fba5a67a010a",100,"average",10,10,17.2,5.9464274989274,8,26,-0.125669583629514,0
"66463e4efb99fba5a67a010a",101,"average",20,20,20.5,5.5,12,31,0.398497370398196,0
"66463e4efb99fba5a67a010a",102,"average",20,20,34.5,5.5,26,45,0.398497370398196,0
"66463e4efb99fba5a67a010a",103,"average",20,20,25.5,5.5,17,36,0.398497370398196,0
"66463e4efb99fba5a67a010a",104,"average",10,10,31.2,5.9464274989274,22,40,-0.125669583629514,0
"66463e4efb99fba5a67a010a",105,"average",10,10,29.2,5.9464274989274,20,38,-0.125669583629514,0
"66463e4efb99fba5a67a010a",106,"average",10,10,22.2,5.9464274989274,13,31,-0.125669583629514,0
"66463e4efb99fba5a67a010a",107,"average",10,10,30.2,5.9464274989274,21,39,-0.125669583629514,0
"66463e4efb99fba5a67a010a",108,"average",20,20,24.5,5.5,16,35,0.398497370398196,0
"6544fd4daeb0e81889e217f7",1,"average",3,3,14,7.78888096369861,3,20,-0.698375089427149,0
"6544fd4daeb0e81889e217f7",2,"average",3,3,15.3333333333333,4.49691252107735,9,19,-0.680971899701847,0
"6544fd4daeb0e81889e217f7",3,"average",7,7,10.7142857142857,4.65109159888563,3,16,-0.44020619881799,0
"6544fd4daeb0e81889e217f7",4,"average",6,6,9,6.11010092660779,1,18,0.00438384154491949,1
"6544fd4daeb0e81889e217f7",5,"average",8,8,38.375,6.47953509134722,29,47,-0.169681983231673,0
"6544fd4daeb0e81889e217f7",6,"average",7,7,12.2857142857143,4.55801603815538,7,20,0.611260525618202,0
"6544fd4daeb0e81889e217f7",7,"average",12,12,37.6666666666667,6.38139657302555,29,48,0.430708548517091,0
"6544fd4daeb0e81889e217f7",8,"average",3,3,35.3333333333333,6.84754619472471,30,45,0.695813188943073,0
"6544fd4daeb0e81889e217f7",9,"average",5,5,13,4.42718872423573,7,19,0.0829752155729313,0
"6544fd4daeb0e81889e217f7",10,"average",3,3,33.6666666666667,3.09120616516523,31,38,0.652012117044049,0
"6544fd4daeb0e81889e217f7",11,"average",7,7,40.2857142857143,5.22943006220661,31,48,-0.311913544031147,0
"6544fd4daeb0e81889e217f7",12,"average",9,9,39.5555555555556,7.04132423011327,29,48,-0.363541885977434,0
"6544fd4daeb0e81889e217f7",13,"average",2,2,35,4,31,39,0,0
"6544fd4daeb0e81889e217f7",14,"average",2,2,23,4,19,27,0,0
"6544fd4daeb0e81889e217f7",15,"average",10,10,18.2,5.9464274989274,9,27,-0.125669583629514,0
"6544fd4daeb0e81889e217f7",16,"average",10,10,33.2,5.9464274989274,24,42,-0.125669583629516,0
"6544fd4daeb0e81889e217f7",17,"average",20,20,31.5,5.5,23,42,0.398497370398196,0
"6544fd4daeb0e81889e217f7",18,"average",20,20,14.5,5.5,6,25,0.398497370398196,0
"6544fd4daeb0e81889e217f7",19,"average",20,20,26.5,5.5,18,37,0.398497370398196,0
"6544fd4daeb0e81889e217f7",20,"average",2,2,26,4,22,30,0,0
"6544fd4daeb0e81889e217f7",21,"average",20,20,16.5,5.5,8,27,0.398497370398196,0
"6544fd4daeb0e81889e217f7",22,"average",10,10,19.2,5.9464274989274,10,28,-0.125669583629514,0
"6544fd4daeb0e81889e217f7",23,"average",2,2,31,4,27,35,0,0
"6544fd4daeb0e81889e217f7",24,"average",20,20,32.5,5.5,24,43,0.398497370398196,0
"6544fd4daeb0e81889e217f7",25,"average",20,20,25.5,5.5,17,36,0.398497370398196,0
"6544fd4daeb0e81889e217f7",26,"average",10,10,20.2,5.9464274989274,11,29,-0.125669583629514,0
"6544fd4daeb0e81889e217f7",27,"average",2,2,23,4,19,27,0,0
"6544fd4daeb0e81889e217f7",28,"average",2,2,17,4,13,21,0,0
"6544fd4daeb0e81889e217f7",29,"average",10,10,35.2,5.9464274989274,26,44,-0.125669583629516,0
"6544fd4daeb0e81889e217f7",30,"average",10,10,36.2,5.9464274989274,27,45,-0.125669583629516,0
"6544fd4daeb0e81889e217f7",31,"average",20,20,30.5,5.5,22,41,0.398497370398196,0
"6544fd4daeb0e81889e217f7",32,"average",2,2,21,4,17,25,0,0
"6544fd4daeb0e81889e217f7",33,"average",20,20,18.5,5.5,10,29,0.398497370398196,0
"6544fd4daeb0e81889e217f7",34,"average",10,10,18.2,5.9464274989274,9,27,-0.125669583629514,0
"6544fd4daeb0e81889e217f7",35,"average",2,2,31,4,27,35,0,0
"6544fd4daeb0e81889e217f7",36,"average",2,2,15,4,11,19,0,0
"6544fd4daeb0e81889e217f7",37,"average",10,10,22.2,5.9464274989274,13,31,-0.125669583629514,0
"6544fd4daeb0e81889e217f7",38,"average",10,10,14.2,5.9464274989274,5,23,-0.125669583629514,0
"6544fd4daeb0e81889e217f7",39,"average",20,20,19.5,5.5,11,30,0.398497370398196,0
"6544fd4daeb0e81889e217f7",40,"average",20,20,19.5,5.5,11,30,0.398497370398196,0
"6544fd4daeb0e81889e217f7",41,"average",10,10,33.2,5.9464274989274,24,42,-0.125669583629516,0
"6544fd4daeb0e81889e217f7",42,"average",10,10,25.2,5.9464274989274,16,34,-0.125669583629514,0
"6544fd4daeb0e81889e217f7",43,"average",2,2,33,4,29,37,0,0
"6544fd4daeb0e81889e217f7",44,"average",20,20,26.5,5.5,18,37,0.398497370398196,0
"6544fd4daeb0e81889e217f7",45,"average",2,2,26,4,22,30,0,0
"6544fd4daeb0e81889e217f7",46,"average",20,20,25.5,5.5,17,36,0.398497370398196,0
"6544fd4daeb0e81889e217f7",47,"average",10,10,15.2,5.9464274989274,6,24,-0.125669583629514,0
"6544fd4daeb0e81889e217f7",48,"average",10,10,19.2,5.9464274989274,10,28,-0.125669583629514,0
"6544fd4daeb0e81889e217f7",49,"average",2,2,28,4,24,32,0,0
"6544fd4daeb0e81889e217f7",50,"average",2,2,28,4,24,32,0,0
"6544fd4daeb0e81889e217f7",51,"average",2,2,16,4,12,20,0,0
"6544fd4daeb0e81889e217f7",52,"average",20,20,28.5,5.5,20,39,0.398497370398196,0
"6544fd4daeb0e81889e217f7",53,"average",20,20,20.5,5.5,12,31,0.398497370398196,0
"6544fd4daeb0e81889e217f7",54,"average",2,2,18,4,14,22,0,0
"6544fd4daeb0e81889e217f7",55,"average",20,20,23.5,5.5,15,34,0.398497370398196,0
"6544fd4daeb0e81889e217f7",56,"average",10,10,21.2,5.9464274989274,12,30,-0.125669583629514,0
"6544fd4daeb0e81889e217f7",57,"average",10,10,26.2,5.9464274989274,17,35,-0.125669583629514,0
"6544fd4daeb0e81889e217f7",58,"average",20,20,15.5,5.5,7,26,0.398497370398196,0
"6544fd4daeb0e81889e217f7",59,"average",2,2,18,4,14,22,0,0
"6544fd4daeb0e81889e217f7",60,"average",10,10,16.2,5.9464274989274,7,25,-0.125669583629514,0
"6544fd4daeb0e81889e217f7",61,"average",2,2,26,4,22,30,0,0
"6544fd4daeb0e81889e217f7",62,"average",20,20,34.5,5.5,26,45,0.398497370398196,0
"6544fd4daeb0e81889e217f7",63,"average",2,2,27,4,23,31,0,0
"6544fd4daeb0e81889e217f7",64,"average",2,2,34,4,30,38,0,0
"6544fd4daeb0e81889e217f7",65,"average",2,2,36,4,32,40,0,0
"6544fd4daeb0e81889e217f7",66,"average",20,20,23.5,5.5,15,34,0.398497370398196,0
"6544fd4daeb0e81889e217f7",67,"average",20,20,12.5,5.5,4,23,0.398497370398196,0
"6544fd4daeb0e81889e217f7",68,"average",20,20,18.5,5.5,10,29,0.398497370398196,0
"6544fd4daeb0e81889e217f7",69,"average",2,2,35,4,31,39,0,0
"6544fd4daeb0e81889e217f7",70,"average",10,10,33.2,5.9464274989274,24,42,-0.125669583629516,0
"6544fd4daeb0e81889e217f7",71,"average",10,10,20.2,5.9464274989274,11,29,-0.125669583629514,0
"6544fd4daeb0e81889e217f7",72,"average",10,10,26.2,5.9464274989274,17,35,-0.125669583629514,0
"6544fd4daeb0e81889e217f7",73,"average",2,2,20,4,16,24,0,0
"6544fd4daeb0e81889e217f7",74,"average",10,10,27.2,5.9464274989274,18,36,-0.125669583629514,0
"6544fd4daeb0e81889e217f7",75,"average",20,20,25.5,5.5,17,36,0.398497370398196,0
"6544fd4daeb0e81889e217f7",76,"average",2,2,27,4,23,31,0,0
"6544fd4daeb0e81889e217f7",77,"average",10,10,27.2,5.9464274989274,18,36,-0.125669583629514,0
"6544fd4daeb0e81889e217f7",78,"average",2,2,31,4,27,35,0,0
"6544fd4daeb0e81889e217f7",79,"average",2,2,19,4,15,23,0,0
"6544fd4daeb0e81889e217f7",80,"average",20,20,13.5,5.5,5,24,0.398497370398196,0
"6544fd4daeb0e81889e217f7",81,"average",10,10,19.2,5.9464274989274,10,28,-0.125669583629514,0
"6544fd4daeb0e81889e217f7",82,"average",10,10,28.2,5.9464274989274,19,37,-0.125669583629514,0
"6544fd4daeb0e81889e217f7",83,"average",20,20,21.5,5.5,13,32,0.398497370398196,0
"6544fd4daeb0e81889e217f7",84,"average",2,2,36,4,32,40,0,0
"6544fd4daeb0e81889e217f7",85,"average",20,20,29.5,5.5,21,40,0.398497370398196,0
"6544fd4daeb0e81889e217f7",86,"average",2,2,34,4,30,38,0,0
"6544fd4daeb0e81889e217f7",87,"average",20,20,25.5,5.5,17,36,0.398497370398196,0
"6544fd4daeb0e81889e217f7",88,"average",2,2,35,4,31,39,0,0
"6544fd4daeb0e81889e217f7",89,"average",20,20,34.5,5.5,26,45,0.398497370398196,0
"6544fd4daeb0e81889e217f7",90,"average",20,20,22.5,5.5,14,33,0.398497370398196,0
"6544fd4daeb0e81889e217f7",91,"average",10,10,34.2,5.9464274989274,25,43,-0.125669583629516,0
"6544fd4daeb0e81889e217f7",92,"average",10,10,33.2,5.9464274989274,24,42,-0.125669583629516,0
"6544fd4daeb0e81889e217f7",93,"average",10,10,17.2,5.9464274989274,8,26,-0.125669583629514,0
"6544fd4daeb0e81889e217f7",94,"average",20,20,25.5,5.5,17,36,0.398497370398196,0
"6544fd4daeb0e81889e217f7",95,"average",2,2,35,4,31,39,0,0
"6544fd4daeb0e81889e217f7",96,"average",10,10,21.2,5.9464274989274,12,30,-0.125669583629514,0
"6544fd4daeb0e81889e217f7",97,"average",20,20,20.5,5.5,12,31,0.398497370398196,0
"6544fd4daeb0e81889e217f7",98,"average",10,10,25.2,5.9464274989274,16,34,-0.125669583629514,0
"6544fd4daeb0e81889e217f7",99,"average",10,10,27.2,5.9464274989274,18,36,-0.125669583629514,0
"6544fd4daeb0e81889e217f7",100,"average",2,2,21,4,17,25,0,0
"6544fd4daeb0e81889e217f7",101,"average",20,20,32.5,5.5,24,43,0.398497370398196,0
"6544fd4daeb0e81889e217f7",102,"average",20,20,34.5,5.5,26,45,0.398497370398196,0
"6544fd4daeb0e81889e217f7",103,"average",10,10,14.2,5.9464274989274,5,23,-0.125669583629514,0
"6544fd4daeb0e81889e217f7",104,"average",2,2,21,4,17,25,0,0
"6544fd4daeb0e81889e217f7",105,"average",10,10,22.2,5.9464274989274,13,31,-0.125669583629514,0
"6544fd4daeb0e81889e217f7",106,"average",2,2,24,4,20,28,0,0
"6544fd4daeb0e81889e217f7",107,"average",20,20,25.5,5.5,17,36,0.398497370398196,0
"6544fd4daeb0e81889e217f7",108,"average",10,10,32.2,5.9464274989274,23,41,-0.125669583629516,0
"60fcc2322b3777e4020465cb",1,"average",7,7,37.8571428571429,6.37917530336174,29,47,0.0666438089974653,0
"60fcc2322b3777e4020465cb",2,"average",12,12,37.5833333333333,5.18745816582864,30,47,0.467736898078725,0
"60fcc2322b3777e4020465cb",3,"average",2,2,43.5,4.5,39,48,0,0
"60fcc2322b3777e4020465cb",4,"average",5,5,37.4,5.95315042645489,29,44,-0.268234399390199,0
"60fcc2322b3777e4020465cb",5,"average",10,10,9.5,6.16846820531645,1,19,0.175109549291776,1
"60fcc2322b3777e4020465cb",6,"average",2,2,41,4,37,45,0,0
"60fcc2322b3777e4020465cb",7,"average",7,7,10.8571428571429,3.9070840946221,5,16,-0.237565774148253,0
"60fcc2322b3777e4020465cb",8,"average",11,11,11.0909090909091,6.25887799202127,2,20,-0.020959870218434,0
"60fcc2322b3777e4020465cb",9,"average",9,9,39,5.3748384988657,31,47,0.180327421825849,0
"60fcc2322b3777e4020465cb",10,"average",8,8,10.125,6.3331962704467,1,20,0.1036610300048,1
"60fcc2322b3777e4020465cb",11,"average",12,12,11.1666666666667,5.4594464513864,3,20,0.0876296613927218,0
"60fcc2322b3777e4020465cb",12,"average",12,12,12.3333333333333,5.10446427703785,3,20,-0.332777254752991,0
"60fcc2322b3777e4020465cb",13,"average",20,20,30.5,5.5,22,41,0.398497370398196,0
"60fcc2322b3777e4020465cb",14,"average",10,10,27.2,5.9464274989274,18,36,-0.125669583629514,0
"60fcc2322b3777e4020465cb",15,"average",10,10,16.2,5.9464274989274,7,25,-0.125669583629514,0
"60fcc2322b3777e4020465cb",16,"average",2,2,20,4,16,24,0,0
"60fcc2322b3777e4020465cb",17,"average",20,20,27.5,5.5,19,38,0.398497370398196,0
"60fcc2322b3777e4020465cb",18,"average",20,20,29.5,5.5,21,40,0.398497370398196,0
"60fcc2322b3777e4020465cb",19,"average",10,10,16.2,5.9464274989274,7,25,-0.125669583629514,0
"60fcc2322b3777e4020465cb",20,"average",20,20,25.5,5.5,17,36,0.398497370398196,0
"60fcc2322b3777e4020465cb",21,"average",20,20,12.5,5.5,4,23,0.398497370398196,0
"60fcc2322b3777e4020465cb",22,"average",20,20,30.5,5.5,22,41,0.398497370398196,0
"60fcc2322b3777e4020465cb",23,"average",10,10,29.2,5.9464274989274,20,38,-0.125669583629514,0
"60fcc2322b3777e4020465cb",24,"average",10,10,36.2,5.9464274989274,27,45,-0.125669583629516,0
"60fcc2322b3777e4020465cb",25,"average",20,20,24.5,5.5,16,35,0.398497370398196,0
"60fcc2322b3777e4020465cb",26,"average",10,10,34.2,5.9464274989274,25,43,-0.125669583629516,0
"60fcc2322b3777e4020465cb",27,"average",2,2,14,4,10,18,0,0
"60fcc2322b3777e4020465cb",28,"average",2,2,17,4,13,21,0,0
"60fcc2322b3777e4020465cb",29,"average",10,10,23.2,5.9464274989274,14,32,-0.125669583629514,0
"60fcc2322b3777e4020465cb",30,"average",10,10,25.2,5.9464274989274,16,34,-0.125669583629514,0
"60fcc2322b3777e4020465cb",31,"average",10,10,32.2,5.9464274989274,23,41,-0.125669583629516,0
"60fcc2322b3777e4020465cb",32,"average",10,10,24.2,5.9464274989274,15,33,-0.125669583629514,0
"60fcc2322b3777e4020465cb",33,"average",2,2,14,4,10,18,0,0
"60fcc2322b3777e4020465cb",34,"average",20,20,21.5,5.5,13,32,0.398497370398196,0
"60fcc2322b3777e4020465cb",35,"average",2,2,15,4,11,19,0,0
"60fcc2322b3777e4020465cb",36,"average",2,2,28,4,24,32,0,0
"60fcc2322b3777e4020465cb",37,"average",2,2,28,4,24,32,0,0
"60fcc2322b3777e4020465cb",38,"average",20,20,26.5,5.5,18,37,0.398497370398196,0
"60fcc2322b3777e4020465cb",39,"average",10,10,34.2,5.9464274989274,25,43,-0.125669583629516,0
"60fcc2322b3777e4020465cb",40,"average",10,10,15.2,5.9464274989274,6,24,-0.125669583629514,0
"60fcc2322b3777e4020465cb",41,"average",20,20,20.5,5.5,12,31,0.398497370398196,0
"60fcc2322b3777e4020465cb",42,"average",20,20,15.5,5.5,7,26,0.398497370398196,0
"60fcc2322b3777e4020465cb",43,"average",10,10,36.2,5.9464274989274,27,45,-0.125669583629516,0
"60fcc2322b3777e4020465cb",44,"average",20,20,18.5,5.5,10,29,0.398497370398196,0
"60fcc2322b3777e4020465cb",45,"average",10,10,23.2,5.9464274989274,14,32,-0.125669583629514,0
"60fcc2322b3777e4020465cb",46,"average",20,20,13.5,5.5,5,24,0.398497370398196,0
"60fcc2322b3777e4020465cb",47,"average",2,2,33,4,29,37,0,0
"60fcc2322b3777e4020465cb",48,"average",10,10,29.2,5.9464274989274,20,38,-0.125669583629514,0
"60fcc2322b3777e4020465cb",49,"average",20,20,14.5,5.5,6,25,0.398497370398196,0
"60fcc2322b3777e4020465cb",50,"average",10,10,23.2,5.9464274989274,14,32,-0.125669583629514,0
"60fcc2322b3777e4020465cb",51,"average",2,2,17,4,13,21,0,0
"60fcc2322b3777e4020465cb",52,"average",2,2,20,4,16,24,0,0
"60fcc2322b3777e4020465cb",53,"average",20,20,28.5,5.5,20,39,0.398497370398196,0
"60fcc2322b3777e4020465cb",54,"average",2,2,26,4,22,30,0,0
"60fcc2322b3777e4020465cb",55,"average",20,20,25.5,5.5,17,36,0.398497370398196,0
"60fcc2322b3777e4020465cb",56,"average",2,2,22,4,18,26,0,0
"60fcc2322b3777e4020465cb",57,"average",2,2,24,4,20,28,0,0
"60fcc2322b3777e4020465cb",58,"average",2,2,33,4,29,37,0,0
"60fcc2322b3777e4020465cb",59,"average",2,2,33,4,29,37,0,0
"60fcc2322b3777e4020465cb",60,"average",2,2,30,4,26,34,0,0
"60fcc2322b3777e4020465cb",61,"average",2,2,15,4,11,19,0,0
"60fcc2322b3777e4020465cb",62,"average",2,2,23,4,19,27,0,0
"60fcc2322b3777e4020465cb",63,"average",20,20,24.5,5.5,16,35,0.398497370398196,0
"60fcc2322b3777e4020465cb",64,"average",20,20,20.5,5.5,12,31,0.398497370398196,0
"60fcc2322b3777e4020465cb",65,"average",2,2,34,4,30,38,0,0
"60fcc2322b3777e4020465cb",66,"average",10,10,22.2,5.9464274989274,13,31,-0.125669583629514,0
"60fcc2322b3777e4020465cb",67,"average",2,2,35,4,31,39,0,0
"60fcc2322b3777e4020465cb",68,"average",10,10,18.2,5.9464274989274,9,27,-0.125669583629514,0
"60fcc2322b3777e4020465cb",69,"average",10,10,29.2,5.9464274989274,20,38,-0.125669583629514,0
"60fcc2322b3777e4020465cb",70,"average",10,10,33.2,5.9464274989274,24,42,-0.125669583629516,0
"60fcc2322b3777e4020465cb",71,"average",2,2,25,4,21,29,0,0
"60fcc2322b3777e4020465cb",72,"average",2,2,33,4,29,37,0,0
"60fcc2322b3777e4020465cb",73,"average",10,10,28.2,5.9464274989274,19,37,-0.125669583629514,0
"60fcc2322b3777e4020465cb",74,"average",2,2,26,4,22,30,0,0
"60fcc2322b3777e4020465cb",75,"average",10,10,29.2,5.9464274989274,20,38,-0.125669583629514,0
"60fcc2322b3777e4020465cb",76,"average",20,20,12.5,5.5,4,23,0.398497370398196,0
"60fcc2322b3777e4020465cb",77,"average",10,10,21.2,5.9464274989274,12,30,-0.125669583629514,0
"60fcc2322b3777e4020465cb",78,"average",20,20,30.5,5.5,22,41,0.398497370398196,0
"60fcc2322b3777e4020465cb",79,"average",20,20,21.5,5.5,13,32,0.398497370398196,0
"60fcc2322b3777e4020465cb",80,"average",20,20,31.5,5.5,23,42,0.398497370398196,0
"60fcc2322b3777e4020465cb",81,"average",10,10,16.2,5.9464274989274,7,25,-0.125669583629514,0
"60fcc2322b3777e4020465cb",82,"average",20,20,30.5,5.5,22,41,0.398497370398196,0
"60fcc2322b3777e4020465cb",83,"average",2,2,24,4,20,28,0,0
"60fcc2322b3777e4020465cb",84,"average",2,2,21,4,17,25,0,0
"60fcc2322b3777e4020465cb",85,"average",2,2,26,4,22,30,0,0
"60fcc2322b3777e4020465cb",86,"average",2,2,19,4,15,23,0,0
"60fcc2322b3777e4020465cb",87,"average",20,20,13.5,5.5,5,24,0.398497370398196,0
"60fcc2322b3777e4020465cb",88,"average",2,2,24,4,20,28,0,0
"60fcc2322b3777e4020465cb",89,"average",20,20,21.5,5.5,13,32,0.398497370398196,0
"60fcc2322b3777e4020465cb",90,"average",20,20,22.5,5.5,14,33,0.398497370398196,0
"60fcc2322b3777e4020465cb",91,"average",2,2,17,4,13,21,0,0
"60fcc2322b3777e4020465cb",92,"average",10,10,18.2,5.9464274989274,9,27,-0.125669583629514,0
"60fcc2322b3777e4020465cb",93,"average",10,10,24.2,5.9464274989274,15,33,-0.125669583629514,0
"60fcc2322b3777e4020465cb",94,"average",10,10,28.2,5.9464274989274,19,37,-0.125669583629514,0
"60fcc2322b3777e4020465cb",95,"average",10,10,29.2,5.9464274989274,20,38,-0.125669583629514,0
"60fcc2322b3777e4020465cb",96,"average",20,20,13.5,5.5,5,24,0.398497370398196,0
"60fcc2322b3777e4020465cb",97,"average",10,10,22.2,5.9464274989274,13,31,-0.125669583629514,0
"60fcc2322b3777e4020465cb",98,"average",20,20,28.5,5.5,20,39,0.398497370398196,0
"60fcc2322b3777e4020465cb",99,"average",20,20,33.5,5.5,25,44,0.398497370398196,0
"60fcc2322b3777e4020465cb",100,"average",20,20,20.5,5.5,12,31,0.398497370398196,0
"60fcc2322b3777e4020465cb",101,"average",2,2,23,4,19,27,0,0
"60fcc2322b3777e4020465cb",102,"average",20,20,21.5,5.5,13,32,0.398497370398196,0
"60fcc2322b3777e4020465cb",103,"average",10,10,16.2,5.9464274989274,7,25,-0.125669583629514,0
"60fcc2322b3777e4020465cb",104,"average",20,20,29.5,5.5,21,40,0.398497370398196,0
"60fcc2322b3777e4020465cb",105,"average",2,2,29,4,25,33,0,0
"60fcc2322b3777e4020465cb",106,"average",2,2,18,4,14,22,0,0
"60fcc2322b3777e4020465cb",107,"average",10,10,28.2,5.9464274989274,19,37,-0.125669583629514,0
"60fcc2322b3777e4020465cb",108,"average",10,10,34.2,5.9464274989274,25,43,-0.125669583629516,0
"62733b8ee687326d23d970ea",1,"average",12,12,9.83333333333333,6.69369520934107,1,20,0.182521012792255,1
"62733b8ee687326d23d970ea",2,"average",2,2,37,4,33,41,0,0
"62733b8ee687326d23d970ea",3,"average",12,12,39.9166666666667,5.42307313450798,31,48,-0.0892233256360371,0
"62733b8ee687326d23d970ea",4,"average",12,12,38.0833333333333,6.10270887029322,29,48,-0.040601311683867,0
"62733b8ee687326d23d970ea",5,"average",12,12,40,6.09644705272396,30,48,-0.304521998812892,0
"62733b8ee687326d23d970ea",6,"average",9,9,10.1111111111111,6.0082248153759,3,19,0.369205600989015,0
"62733b8ee687326d23d970ea",7,"average",3,3,4,2.16024689946929,2,7,0.595170064139497,0
"62733b8ee687326d23d970ea",8,"average",3,3,44.3333333333333,3.29983164553722,40,48,-0.294799620144831,0
"62733b8ee687326d23d970ea",9,"average",8,8,39,5.31507290636732,31,47,0.0299698683732827,0
"62733b8ee687326d23d970ea",10,"average",11,11,37.4545454545455,5.71065409983251,30,48,0.386998933869791,0
"62733b8ee687326d23d970ea",11,"average",10,10,10.6,5.86856030044848,2,19,0.128601189067605,0
"62733b8ee687326d23d970ea",12,"average",7,7,37,5.63154381269343,29,48,0.647894923666338,0
"62733b8ee687326d23d970ea",13,"average",2,2,32,4,28,36,0,0
"62733b8ee687326d23d970ea",14,"average",2,2,26,4,22,30,0,0
"62733b8ee687326d23d970ea",15,"average",2,2,29,4,25,33,0,0
"62733b8ee687326d23d970ea",16,"average",10,10,34.2,5.9464274989274,25,43,-0.125669583629516,0
"62733b8ee687326d23d970ea",17,"average",10,10,14.2,5.9464274989274,5,23,-0.125669583629514,0
"62733b8ee687326d23d970ea",18,"average",20,20,34.5,5.5,26,45,0.398497370398196,0
"62733b8ee687326d23d970ea",19,"average",2,2,35,4,31,39,0,0
"62733b8ee687326d23d970ea",20,"average",10,10,21.2,5.9464274989274,12,30,-0.125669583629514,0
"62733b8ee687326d23d970ea",21,"average",20,20,16.5,5.5,8,27,0.398497370398196,0
"62733b8ee687326d23d970ea",22,"average",2,2,18,4,14,22,0,0
"62733b8ee687326d23d970ea",23,"average",20,20,22.5,5.5,14,33,0.398497370398196,0
"62733b8ee687326d23d970ea",24,"average",2,2,22,4,18,26,0,0
"62733b8ee687326d23d970ea",25,"average",10,10,33.2,5.9464274989274,24,42,-0.125669583629516,0
"62733b8ee687326d23d970ea",26,"average",20,20,15.5,5.5,7,26,0.398497370398196,0
"62733b8ee687326d23d970ea",27,"average",10,10,31.2,5.9464274989274,22,40,-0.125669583629514,0
"62733b8ee687326d23d970ea",28,"average",10,10,15.2,5.9464274989274,6,24,-0.125669583629514,0
"62733b8ee687326d23d970ea",29,"average",10,10,35.2,5.9464274989274,26,44,-0.125669583629516,0
"62733b8ee687326d23d970ea",30,"average",20,20,13.5,5.5,5,24,0.398497370398196,0
"62733b8ee687326d23d970ea",31,"average",2,2,30,4,26,34,0,0
"62733b8ee687326d23d970ea",32,"average",20,20,14.5,5.5,6,25,0.398497370398196,0
"62733b8ee687326d23d970ea",33,"average",10,10,33.2,5.9464274989274,24,42,-0.125669583629516,0
"62733b8ee687326d23d970ea",34,"average",10,10,20.2,5.9464274989274,11,29,-0.125669583629514,0
"62733b8ee687326d23d970ea",35,"average",20,20,17.5,5.5,9,28,0.398497370398196,0
"62733b8ee687326d23d970ea",36,"average",2,2,19,4,15,23,0,0
"62733b8ee687326d23d970ea",37,"average",10,10,30.2,5.9464274989274,21,39,-0.125669583629514,0
"62733b8ee687326d23d970ea",38,"average",10,10,20.2,5.9464274989274,11,29,-0.125669583629514,0
"62733b8ee687326d23d970ea",39,"average",20,20,15.5,5.5,7,26,0.398497370398196,0
"62733b8ee687326d23d970ea",40,"average",2,2,29,4,25,33,0,0
"62733b8ee687326d23d970ea",41,"average",2,2,33,4,29,37,0,0
"62733b8ee687326d23d970ea",42,"average",2,2,24,4,20,28,0,0
"62733b8ee687326d23d970ea",43,"average",10,10,29.2,5.9464274989274,20,38,-0.125669583629514,0
"62733b8ee687326d23d970ea",44,"average",2,2,26,4,22,30,0,0
"62733b8ee687326d23d970ea",45,"average",10,10,21.2,5.9464274989274,12,30,-0.125669583629514,0
"62733b8ee687326d23d970ea",46,"average",20,20,21.5,5.5,13,32,0.398497370398196,0
"62733b8ee687326d23d970ea",47,"average",2,2,29,4,25,33,0,0
"62733b8ee687326d23d970ea",48,"average",20,20,16.5,5.5,8,27,0.398497370398196,0
"62733b8ee687326d23d970ea",49,"average",10,10,15.2,5.9464274989274,6,24,-0.125669583629514,0
"62733b8ee687326d23d970ea",50,"average",20,20,15.5,5.5,7,26,0.398497370398196,0
"62733b8ee687326d23d970ea",51,"average",20,20,29.5,5.5,21,40,0.398497370398196,0
"62733b8ee687326d23d970ea",52,"average",20,20,14.5,5.5,6,25,0.398497370398196,0
"62733b8ee687326d23d970ea",53,"average",2,2,32,4,28,36,0,0
"62733b8ee687326d23d970ea",54,"average",10,10,19.2,5.9464274989274,10,28,-0.125669583629514,0
"62733b8ee687326d23d970ea",55,"average",10,10,29.2,5.9464274989274,20,38,-0.125669583629514,0
"62733b8ee687326d23d970ea",56,"average",20,20,21.5,5.5,13,32,0.398497370398196,0
"62733b8ee687326d23d970ea",57,"average",20,20,34.5,5.5,26,45,0.398497370398196,0
"62733b8ee687326d23d970ea",58,"average",20,20,18.5,5.5,10,29,0.398497370398196,0
"62733b8ee687326d23d970ea",59,"average",2,2,34,4,30,38,0,0
"62733b8ee687326d23d970ea",60,"average",2,2,15,4,11,19,0,0
"62733b8ee687326d23d970ea",61,"average",10,10,30.2,5.9464274989274,21,39,-0.125669583629514,0
"62733b8ee687326d23d970ea",62,"average",2,2,23,4,19,27,0,0
"62733b8ee687326d23d970ea",63,"average",2,2,19,4,15,23,0,0
"62733b8ee687326d23d970ea",64,"average",2,2,28,4,24,32,0,0
"62733b8ee687326d23d970ea",65,"average",20,20,22.5,5.5,14,33,0.398497370398196,0
"62733b8ee687326d23d970ea",66,"average",2,2,34,4,30,38,0,0
"62733b8ee687326d23d970ea",67,"average",10,10,17.2,5.9464274989274,8,26,-0.125669583629514,0
"62733b8ee687326d23d970ea",68,"average",2,2,18,4,14,22,0,0
"62733b8ee687326d23d970ea",69,"average",10,10,18.2,5.9464274989274,9,27,-0.125669583629514,0
"62733b8ee687326d23d970ea",70,"average",10,10,34.2,5.9464274989274,25,43,-0.125669583629516,0
"62733b8ee687326d23d970ea",71,"average",10,10,21.2,5.9464274989274,12,30,-0.125669583629514,0
"62733b8ee687326d23d970ea",72,"average",20,20,20.5,5.5,12,31,0.398497370398196,0
"62733b8ee687326d23d970ea",73,"average",20,20,15.5,5.5,7,26,0.398497370398196,0
"62733b8ee687326d23d970ea",74,"average",10,10,18.2,5.9464274989274,9,27,-0.125669583629514,0
"62733b8ee687326d23d970ea",75,"average",20,20,13.5,5.5,5,24,0.398497370398196,0
"62733b8ee687326d23d970ea",76,"average",2,2,35,4,31,39,0,0
"62733b8ee687326d23d970ea",77,"average",10,10,28.2,5.9464274989274,19,37,-0.125669583629514,0
"62733b8ee687326d23d970ea",78,"average",2,2,20,4,16,24,0,0
"62733b8ee687326d23d970ea",79,"average",10,10,33.2,5.9464274989274,24,42,-0.125669583629516,0
"62733b8ee687326d23d970ea",80,"average",20,20,21.5,5.5,13,32,0.398497370398196,0
"62733b8ee687326d23d970ea",81,"average",20,20,18.5,5.5,10,29,0.398497370398196,0
"62733b8ee687326d23d970ea",82,"average",10,10,34.2,5.9464274989274,25,43,-0.125669583629516,0
"62733b8ee687326d23d970ea",83,"average",2,2,26,4,22,30,0,0
"62733b8ee687326d23d970ea",84,"average",2,2,30,4,26,34,0,0
"62733b8ee687326d23d970ea",85,"average",20,20,21.5,5.5,13,32,0.398497370398196,0
"62733b8ee687326d23d970ea",86,"average",20,20,17.5,5.5,9,28,0.398497370398196,0
"62733b8ee687326d23d970ea",87,"average",2,2,32,4,28,36,0,0
"62733b8ee687326d23d970ea",88,"average",2,2,17,4,13,21,0,0
"62733b8ee687326d23d970ea",89,"average",2,2,19,4,15,23,0,0
"62733b8ee687326d23d970ea",90,"average",20,20,16.5,5.5,8,27,0.398497370398196,0
"62733b8ee687326d23d970ea",91,"average",20,20,23.5,5.5,15,34,0.398497370398196,0
"62733b8ee687326d23d970ea",92,"average",20,20,15.5,5.5,7,26,0.398497370398196,0
"62733b8ee687326d23d970ea",93,"average",2,2,30,4,26,34,0,0
"62733b8ee687326d23d970ea",94,"average",2,2,28,4,24,32,0,0
"62733b8ee687326d23d970ea",95,"average",10,10,31.2,5.9464274989274,22,40,-0.125669583629514,0
"62733b8ee687326d23d970ea",96,"average",20,20,24.5,5.5,16,35,0.398497370398196,0
"62733b8ee687326d23d970ea",97,"average",10,10,31.2,5.9464274989274,22,40,-0.125669583629514,0
"62733b8ee687326d23d970ea",98,"average",20,20,12.5,5.5,4,23,0.398497370398196,0
"62733b8ee687326d23d970ea",99,"average",10,10,26.2,5.9464274989274,17,35,-0.125669583629514,0
"62733b8ee687326d23d970ea",100,"average",10,10,25.2,5.9464274989274,16,34,-0.125669583629514,0
"62733b8ee687326d23d970ea",101,"average",10,10,35.2,5.9464274989274,26,44,-0.125669583629516,0
"62733b8ee687326d23d970ea",102,"average",10,10,19.2,5.9464274989274,10,28,-0.125669583629514,0
"62733b8ee687326d23d970ea",103,"average",2,2,24,4,20,28,0,0
"62733b8ee687326d23d970ea",104,"average",20,20,24.5,5.5,16,35,0.398497370398196,0
"62733b8ee687326d23d970ea",105,"average",10,10,17.2,5.9464274989274,8,26,-0.125669583629514,0
"62733b8ee687326d23d970ea",106,"average",20,20,24.5,5.5,16,35,0.398497370398196,0
"62733b8ee687326d23d970ea",107,"average",20,20,12.5,5.5,4,23,0.398497370398196,0
"62733b8ee687326d23d970ea",108,"average",2,2,17,4,13,21,0,0
"6151e479b4ee16668948c7f2",1,"average",5,5,40.2,6.43117407632541,31,47,-0.403859705678582,0
"6151e479b4ee16668948c7f2",2,"average",11,11,10,4.06761042203584,4,17,0.145885798254395,0
"6151e479b4ee16668948c7f2",3,"average",6,6,12.6666666666667,5.93483127158829,3,20,-0.282599763501975,0
"6151e479b4ee16668948c7f2",4,"average",3,3,39.3333333333333,6.0184900284226,31,45,-0.577633692366203,0
"6151e479b4ee16668948c7f2",5,"average",9,9,7.88888888888889,4.03992421393285,2,14,-0.0809286728778142,0
"6151e479b4ee16668948c7f2",6,"average",11,11,9.54545454545454,5.94464826337157,2,19,0.393845087627183,0
"6151e479b4ee16668948c7f2",7,"average",9,9,9,4.8762462794426,2,19,0.563479240781077,0
"6151e479b4ee16668948c7f2",8,"average",8,8,11.125,5.90418283930977,1,19,-0.430963411276641,1
"6151e479b4ee16668948c7f2",9,"average",3,3,13,5.09901951359278,6,18,-0.528004979218188,0
"6151e479b4ee16668948c7f2",10,"average",11,11,7.54545454545454,4.27176004526208,1,15,0.139659274577608,1
"6151e479b4ee16668948c7f2",11,"average",11,11,38,5.44392906239268,29,46,-0.209610426844357,0
"6151e479b4ee16668948c7f2",12,"average",3,3,35.3333333333333,2.05480466765633,33,38,0.239063146929541,0
"6151e479b4ee16668948c7f2",13,"average",20,20,27.5,5.5,19,38,0.398497370398196,0
"6151e479b4ee16668948c7f2",14,"average",10,10,26.2,5.9464274989274,17,35,-0.125669583629514,0
"6151e479b4ee16668948c7f2",15,"average",10,10,22.2,5.9464274989274,13,31,-0.125669583629514,0
"6151e479b4ee16668948c7f2",16,"average",20,20,33.5,5.5,25,44,0.398497370398196,0
"6151e479b4ee16668948c7f2",17,"average",20,20,18.5,5.5,10,29,0.398497370398196,0
"6151e479b4ee16668948c7f2",18,"average",2,2,34,4,30,38,0,0
"6151e479b4ee16668948c7f2",19,"average",20,20,31.5,5.5,23,42,0.398497370398196,0
"6151e479b4ee16668948c7f2",20,"average",2,2,34,4,30,38,0,0
"6151e479b4ee16668948c7f2",21,"average",2,2,31,4,27,35,0,0
"6151e479b4ee16668948c7f2",22,"average",2,2,26,4,22,30,0,0
"6151e479b4ee16668948c7f2",23,"average",2,2,32,4,28,36,0,0
"6151e479b4ee16668948c7f2",24,"average",20,20,24.5,5.5,16,35,0.398497370398196,0
"6151e479b4ee16668948c7f2",25,"average",2,2,35,4,31,39,0,0
"6151e479b4ee16668948c7f2",26,"average",2,2,35,4,31,39,0,0
"6151e479b4ee16668948c7f2",27,"average",2,2,16,4,12,20,0,0
"6151e479b4ee16668948c7f2",28,"average",20,20,26.5,5.5,18,37,0.398497370398196,0
"6151e479b4ee16668948c7f2",29,"average",2,2,23,4,19,27,0,0
"6151e479b4ee16668948c7f2",30,"average",10,10,31.2,5.9464274989274,22,40,-0.125669583629514,0
"6151e479b4ee16668948c7f2",31,"average",20,20,28.5,5.5,20,39,0.398497370398196,0
"6151e479b4ee16668948c7f2",32,"average",10,10,24.2,5.9464274989274,15,33,-0.125669583629514,0
"6151e479b4ee16668948c7f2",33,"average",2,2,19,4,15,23,0,0
"6151e479b4ee16668948c7f2",34,"average",20,20,27.5,5.5,19,38,0.398497370398196,0
"6151e479b4ee16668948c7f2",35,"average",2,2,28,4,24,32,0,0
"6151e479b4ee16668948c7f2",36,"average",10,10,28.2,5.9464274989274,19,37,-0.125669583629514,0
"6151e479b4ee16668948c7f2",37,"average",20,20,19.5,5.5,11,30,0.398497370398196,0
"6151e479b4ee16668948c7f2",38,"average",10,10,28.2,5.9464274989274,19,37,-0.125669583629514,0
"6151e479b4ee16668948c7f2",39,"average",10,10,14.2,5.9464274989274,5,23,-0.125669583629514,0
"6151e479b4ee16668948c7f2",40,"average",20,20,24.5,5.5,16,35,0.398497370398196,0
"6151e479b4ee16668948c7f2",41,"average",10,10,36.2,5.9464274989274,27,45,-0.125669583629516,0
"6151e479b4ee16668948c7f2",42,"average",20,20,24.5,5.5,16,35,0.398497370398196,0
"6151e479b4ee16668948c7f2",43,"average",10,10,32.2,5.9464274989274,23,41,-0.125669583629516,0
"6151e479b4ee16668948c7f2",44,"average",2,2,29,4,25,33,0,0
"6151e479b4ee16668948c7f2",45,"average",2,2,29,4,25,33,0,0
"6151e479b4ee16668948c7f2",46,"average",10,10,34.2,5.9464274989274,25,43,-0.125669583629516,0
"6151e479b4ee16668948c7f2",47,"average",20,20,28.5,5.5,20,39,0.398497370398196,0
"6151e479b4ee16668948c7f2",48,"average",20,20,26.5,5.5,18,37,0.398497370398196,0
"6151e479b4ee16668948c7f2",49,"average",10,10,36.2,5.9464274989274,27,45,-0.125669583629516,0
"6151e479b4ee16668948c7f2",50,"average",2,2,18,4,14,22,0,0
"6151e479b4ee16668948c7f2",51,"average",20,20,14.5,5.5,6,25,0.398497370398196,0
"6151e479b4ee16668948c7f2",52,"average",10,10,36.2,5.9464274989274,27,45,-0.125669583629516,0
"6151e479b4ee16668948c7f2",53,"average",10,10,29.2,5.9464274989274,20,38,-0.125669583629514,0
"6151e479b4ee16668948c7f2",54,"average",10,10,18.2,5.9464274989274,9,27,-0.125669583629514,0
"6151e479b4ee16668948c7f2",55,"average",2,2,17,4,13,21,0,0
"6151e479b4ee16668948c7f2",56,"average",2,2,16,4,12,20,0,0
"6151e479b4ee16668948c7f2",57,"average",20,20,31.5,5.5,23,42,0.398497370398196,0
"6151e479b4ee16668948c7f2",58,"average",10,10,29.2,5.9464274989274,20,38,-0.125669583629514,0
"6151e479b4ee16668948c7f2",59,"average",20,20,29.5,5.5,21,40,0.398497370398196,0
"6151e479b4ee16668948c7f2",60,"average",10,10,15.2,5.9464274989274,6,24,-0.125669583629514,0
"6151e479b4ee16668948c7f2",61,"average",2,2,21,4,17,25,0,0
"6151e479b4ee16668948c7f2",62,"average",20,20,19.5,5.5,11,30,0.398497370398196,0
"6151e479b4ee16668948c7f2",63,"average",2,2,23,4,19,27,0,0
"6151e479b4ee16668948c7f2",64,"average",20,20,15.5,5.5,7,26,0.398497370398196,0
"6151e479b4ee16668948c7f2",65,"average",10,10,36.2,5.9464274989274,27,45,-0.125669583629516,0
"6151e479b4ee16668948c7f2",66,"average",2,2,35,4,31,39,0,0
"6151e479b4ee16668948c7f2",67,"average",10,10,24.2,5.9464274989274,15,33,-0.125669583629514,0
"6151e479b4ee16668948c7f2",68,"average",10,10,20.2,5.9464274989274,11,29,-0.125669583629514,0
"6151e479b4ee16668948c7f2",69,"average",20,20,22.5,5.5,14,33,0.398497370398196,0
"6151e479b4ee16668948c7f2",70,"average",2,2,27,4,23,31,0,0
"6151e479b4ee16668948c7f2",71,"average",10,10,27.2,5.9464274989274,18,36,-0.125669583629514,0
"6151e479b4ee16668948c7f2",72,"average",2,2,29,4,25,33,0,0
"6151e479b4ee16668948c7f2",73,"average",2,2,21,4,17,25,0,0
"6151e479b4ee16668948c7f2",74,"average",2,2,14,4,10,18,0,0
"6151e479b4ee16668948c7f2",75,"average",20,20,22.5,5.5,14,33,0.398497370398196,0
"6151e479b4ee16668948c7f2",76,"average",20,20,22.5,5.5,14,33,0.398497370398196,0
"6151e479b4ee16668948c7f2",77,"average",10,10,24.2,5.9464274989274,15,33,-0.125669583629514,0
"6151e479b4ee16668948c7f2",78,"average",10,10,19.2,5.9464274989274,10,28,-0.125669583629514,0
"6151e479b4ee16668948c7f2",79,"average",20,20,23.5,5.5,15,34,0.398497370398196,0
"6151e479b4ee16668948c7f2",80,"average",2,2,29,4,25,33,0,0
"6151e479b4ee16668948c7f2",81,"average",20,20,22.5,5.5,14,33,0.398497370398196,0
"6151e479b4ee16668948c7f2",82,"average",10,10,33.2,5.9464274989274,24,42,-0.125669583629516,0
"6151e479b4ee16668948c7f2",83,"average",2,2,19,4,15,23,0,0
"6151e479b4ee16668948c7f2",84,"average",10,10,21.2,5.9464274989274,12,30,-0.125669583629514,0
"6151e479b4ee16668948c7f2",85,"average",2,2,14,4,10,18,0,0
"6151e479b4ee16668948c7f2",86,"average",10,10,16.2,5.9464274989274,7,25,-0.125669583629514,0
"6151e479b4ee16668948c7f2",87,"average",2,2,21,4,17,25,0,0
"6151e479b4ee16668948c7f2",88,"average",10,10,16.2,5.9464274989274,7,25,-0.125669583629514,0
"6151e479b4ee16668948c7f2",89,"average",10,10,34.2,5.9464274989274,25,43,-0.125669583629516,0
"6151e479b4ee16668948c7f2",90,"average",2,2,32,4,28,36,0,0
"6151e479b4ee16668948c7f2",91,"average",20,20,14.5,5.5,6,25,0.398497370398196,0
"6151e479b4ee16668948c7f2",92,"average",2,2,36,4,32,40,0,0
"6151e479b4ee16668948c7f2",93,"average",2,2,32,4,28,36,0,0
"6151e479b4ee16668948c7f2",94,"average",20,20,31.5,5.5,23,42,0.398497370398196,0
"6151e479b4ee16668948c7f2",95,"average",2,2,34,4,30,38,0,0
"6151e479b4ee16668948c7f2",96,"average",10,10,15.2,5.9464274989274,6,24,-0.125669583629514,0
"6151e479b4ee16668948c7f2",97,"average",10,10,21.2,5.9464274989274,12,30,-0.125669583629514,0
"6151e479b4ee16668948c7f2",98,"average",10,10,18.2,5.9464274989274,9,27,-0.125669583629514,0
"6151e479b4ee16668948c7f2",99,"average",20,20,23.5,5.5,15,34,0.398497370398196,0
"6151e479b4ee16668948c7f2",100,"average",20,20,15.5,5.5,7,26,0.398497370398196,0
"6151e479b4ee16668948c7f2",101,"average",20,20,31.5,5.5,23,42,0.398497370398196,0
"6151e479b4ee16668948c7f2",102,"average",2,2,26,4,22,30,0,0
"6151e479b4ee16668948c7f2",103,"average",20,20,21.5,5.5,13,32,0.398497370398196,0
"6151e479b4ee16668948c7f2",104,"average",10,10,23.2,5.9464274989274,14,32,-0.125669583629514,0
"6151e479b4ee16668948c7f2",105,"average",20,20,19.5,5.5,11,30,0.398497370398196,0
"6151e479b4ee16668948c7f2",106,"average",20,20,26.5,5.5,18,37,0.398497370398196,0
"6151e479b4ee16668948c7f2",107,"average",10,10,22.2,5.9464274989274,13,31,-0.125669583629514,0
"6151e479b4ee16668948c7f2",108,"average",20,20,34.5,5.5,26,45,0.398497370398196,0
"65fa95fafeda35caf378b6f9",1,"average",10,10,39.8,6.7349832961931,29,48,-0.414325628996509,0
"65fa95fafeda35caf378b6f9",2,"average",10,10,11.6,6.62117814289874,1,20,-0.43382691017839,1
"65fa95fafeda35caf378b6f9",3,"average",12,12,37.9166666666667,5.18745816582864,29,47,0.0153637720408409,0
"65fa95fafeda35caf378b6f9",4,"average",7,7,36.1428571428571,4.79370335301786,29,43,-0.0647893805524487,0
"65fa95fafeda35caf378b6f9",5,"average",3,3,11.3333333333333,3.29983164553722,7,15,-0.294799620144829,0
"65fa95fafeda35caf378b6f9",6,"average",5,5,41.6,4.4988887516808,33,46,-1.17341229685374,0
"65fa95fafeda35caf378b6f9",7,"average",5,5,40.8,3.37045990927054,35,45,-0.579182879667843,0
"65fa95fafeda35caf378b6f9",8,"average",10,10,36.7,5.44150714416512,29,47,0.390856610335968,0
"65fa95fafeda35caf378b6f9",9,"average",5,5,39.2,5.19230199429887,32,48,0.425875838273594,0
"65fa95fafeda35caf378b6f9",10,"average",3,3,11.3333333333333,3.29983164553722,7,15,-0.29479962014483,0
"65fa95fafeda35caf378b6f9",11,"average",11,11,11.2727272727273,5.65831502530743,1,20,-0.152237379056093,1
"65fa95fafeda35caf378b6f9",12,"average",3,3,4.66666666666667,2.49443825784929,2,8,0.381801774160606,0
"65fa95fafeda35caf378b6f9",13,"average",2,2,18,4,14,22,0,0
"65fa95fafeda35caf378b6f9",14,"average",10,10,25.2,5.9464274989274,16,34,-0.125669583629514,0
"65fa95fafeda35caf378b6f9",15,"average",2,2,32,4,28,36,0,0
"65fa95fafeda35caf378b6f9",16,"average",2,2,25,4,21,29,0,0
"65fa95fafeda35caf378b6f9",17,"average",2,2,28,4,24,32,0,0
"65fa95fafeda35caf378b6f9",18,"average",2,2,34,4,30,38,0,0
"65fa95fafeda35caf378b6f9",19,"average",2,2,30,4,26,34,0,0
"65fa95fafeda35caf378b6f9",20,"average",10,10,23.2,5.9464274989274,14,32,-0.125669583629514,0
"65fa95fafeda35caf378b6f9",21,"average",10,10,30.2,5.9464274989274,21,39,-0.125669583629514,0
"65fa95fafeda35caf378b6f9",22,"average",10,10,21.2,5.9464274989274,12,30,-0.125669583629514,0
"65fa95fafeda35caf378b6f9",23,"average",2,2,17,4,13,21,0,0
"65fa95fafeda35caf378b6f9",24,"average",10,10,24.2,5.9464274989274,15,33,-0.125669583629514,0
"65fa95fafeda35caf378b6f9",25,"average",10,10,24.2,5.9464274989274,15,33,-0.125669583629514,0
"65fa95fafeda35caf378b6f9",26,"average",10,10,29.2,5.9464274989274,20,38,-0.125669583629514,0
"65fa95fafeda35caf378b6f9",27,"average",2,2,36,4,32,40,0,0
"65fa95fafeda35caf378b6f9",28,"average",2,2,28,4,24,32,0,0
"65fa95fafeda35caf378b6f9",29,"average",2,2,24,4,20,28,0,0
"65fa95fafeda35caf378b6f9",30,"average",10,10,21.2,5.9464274989274,12,30,-0.125669583629514,0
"65fa95fafeda35caf378b6f9",31,"average",10,10,21.2,5.9464274989274,12,30,-0.125669583629514,0
"65fa95fafeda35caf378b6f9",32,"average",2,2,23,4,19,27,0,0
"65fa95fafeda35caf378b6f9",33,"average",10,10,36.2,5.9464274989274,27,45,-0.125669583629516,0
"65fa95fafeda35caf378b6f9",34,"average",2,2,27,4,23,31,0,0
"65fa95fafeda35caf378b6f9",35,"average",10,10,17.2,5.9464274989274,8,26,-0.125669583629514,0
"65fa95fafeda35caf378b6f9",36,"average",2,2,34,4,30,38,0,0
"65fa95fafeda35caf378b6f9",37,"average",2,2,21,4,17,25,0,0
"65fa95fafeda35caf378b6f9",38,"average",2,2,26,4,22,30,0,0
"65fa95fafeda35caf378b6f9",39,"average",2,2,29,4,25,33,0,0
"65fa95fafeda35caf378b6f9",40,"average",10,10,23.2,5.9464274989274,14,32,-0.125669583629514,0
"65fa95fafeda35caf378b6f9",41,"average",10,10,30.2,5.9464274989274,21,39,-0.125669583629514,0
"65fa95fafeda35caf378b6f9",42,"average",10,10,28.2,5.9464274989274,19,37,-0.125669583629514,0
"65fa95fafeda35caf378b6f9",43,"average",10,10,27.2,5.9464274989274,18,36,-0.125669583629514,0
"65fa95fafeda35caf378b6f9",44,"average",10,10,22.2,5.9464274989274,13,31,-0.125669583629514,0
"65fa95fafeda35caf378b6f9",45,"average",20,20,14.5,5.5,6,25,0.398497370398196,0
"65fa95fafeda35caf378b6f9",46,"average",20,20,29.5,5.5,21,40,0.398497370398196,0
"65fa95fafeda35caf378b6f9",47,"average",20,20,25.5,5.5,17,36,0.398497370398196,0
"65fa95fafeda35caf378b6f9",48,"average",20,20,27.5,5.5,19,38,0.398497370398196,0
"65fa95fafeda35caf378b6f9",49,"average",20,20,25.5,5.5,17,36,0.398497370398196,0
"65fa95fafeda35caf378b6f9",50,"average",20,20,24.5,5.5,16,35,0.398497370398196,0
"65fa95fafeda35caf378b6f9",51,"average",20,20,13.5,5.5,5,24,0.398497370398196,0
"65fa95fafeda35caf378b6f9",52,"average",20,20,33.5,5.5,25,44,0.398497370398196,0
"65fa95fafeda35caf378b6f9",53,"average",20,20,31.5,5.5,23,42,0.398497370398196,0
"65fa95fafeda35caf378b6f9",54,"average",20,20,15.5,5.5,7,26,0.398497370398196,0
"65fa95fafeda35caf378b6f9",55,"average",20,20,12.5,5.5,4,23,0.398497370398196,0
"65fa95fafeda35caf378b6f9",56,"average",20,20,34.5,5.5,26,45,0.398497370398196,0
"65fa95fafeda35caf378b6f9",57,"average",20,20,28.5,5.5,20,39,0.398497370398196,0
"65fa95fafeda35caf378b6f9",58,"average",20,20,16.5,5.5,8,27,0.398497370398196,0
"65fa95fafeda35caf378b6f9",59,"average",20,20,15.5,5.5,7,26,0.398497370398196,0
"65fa95fafeda35caf378b6f9",60,"average",20,20,14.5,5.5,6,25,0.398497370398196,0
"65fa95fafeda35caf378b6f9",61,"average",2,2,36,4,32,40,0,0
"65fa95fafeda35caf378b6f9",62,"average",2,2,18,4,14,22,0,0
"65fa95fafeda35caf378b6f9",63,"average",2,2,31,4,27,35,0,0
"65fa95fafeda35caf378b6f9",64,"average",2,2,32,4,28,36,0,0
"65fa95fafeda35caf378b6f9",65,"average",2,2,35,4,31,39,0,0
"65fa95fafeda35caf378b6f9",66,"average",2,2,34,4,30,38,0,0
"65fa95fafeda35caf378b6f9",67,"average",2,2,21,4,17,25,0,0
"65fa95fafeda35caf378b6f9",68,"average",2,2,28,4,24,32,0,0
"65fa95fafeda35caf378b6f9",69,"average",2,2,19,4,15,23,0,0
"65fa95fafeda35caf378b6f9",70,"average",2,2,22,4,18,26,0,0
"65fa95fafeda35caf378b6f9",71,"average",2,2,27,4,23,31,0,0
"65fa95fafeda35caf378b6f9",72,"average",2,2,15,4,11,19,0,0
"65fa95fafeda35caf378b6f9",73,"average",2,2,15,4,11,19,0,0
"65fa95fafeda35caf378b6f9",74,"average",2,2,29,4,25,33,0,0
"65fa95fafeda35caf378b6f9",75,"average",2,2,33,4,29,37,0,0
"65fa95fafeda35caf378b6f9",76,"average",2,2,19,4,15,23,0,0
"65fa95fafeda35caf378b6f9",77,"average",10,10,16.2,5.9464274989274,7,25,-0.125669583629514,0
"65fa95fafeda35caf378b6f9",78,"average",10,10,28.2,5.9464274989274,19,37,-0.125669583629514,0
"65fa95fafeda35caf378b6f9",79,"average",10,10,16.2,5.9464274989274,7,25,-0.125669583629514,0
"65fa95fafeda35caf378b6f9",80,"average",10,10,24.2,5.9464274989274,15,33,-0.125669583629514,0
"65fa95fafeda35caf378b6f9",81,"average",10,10,29.2,5.9464274989274,20,38,-0.125669583629514,0
"65fa95fafeda35caf378b6f9",82,"average",10,10,16.2,5.9464274989274,7,25,-0.125669583629514,0
"65fa95fafeda35caf378b6f9",83,"average",10,10,28.2,5.9464274989274,19,37,-0.125669583629514,0
"65fa95fafeda35caf378b6f9",84,"average",10,10,14.2,5.9464274989274,5,23,-0.125669583629514,0
"65fa95fafeda35caf378b6f9",85,"average",10,10,28.2,5.9464274989274,19,37,-0.125669583629514,0
"65fa95fafeda35caf378b6f9",86,"average",10,10,14.2,5.9464274989274,5,23,-0.125669583629514,0
"65fa95fafeda35caf378b6f9",87,"average",10,10,16.2,5.9464274989274,7,25,-0.125669583629514,0
"65fa95fafeda35caf378b6f9",88,"average",10,10,27.2,5.9464274989274,18,36,-0.125669583629514,0
"65fa95fafeda35caf378b6f9",89,"average",10,10,31.2,5.9464274989274,22,40,-0.125669583629514,0
"65fa95fafeda35caf378b6f9",90,"average",10,10,33.2,5.9464274989274,24,42,-0.125669583629516,0
"65fa95fafeda35caf378b6f9",91,"average",10,10,22.2,5.9464274989274,13,31,-0.125669583629514,0
"65fa95fafeda35caf378b6f9",92,"average",10,10,15.2,5.9464274989274,6,24,-0.125669583629514,0
"65fa95fafeda35caf378b6f9",93,"average",20,20,12.5,5.5,4,23,0.398497370398196,0
"65fa95fafeda35caf378b6f9",94,"average",20,20,21.5,5.5,13,32,0.398497370398196,0
"65fa95fafeda35caf378b6f9",95,"average",20,20,17.5,5.5,9,28,0.398497370398196,0
"65fa95fafeda35caf378b6f9",96,"average",20,20,13.5,5.5,5,24,0.398497370398196,0
"65fa95fafeda35caf378b6f9",97,"average",20,20,33.5,5.5,25,44,0.398497370398196,0
"65fa95fafeda35caf378b6f9",98,"average",20,20,26.5,5.5,18,37,0.398497370398196,0
"65fa95fafeda35caf378b6f9",99,"average",20,20,23.5,5.5,15,34,0.398497370398196,0
"65fa95fafeda35caf378b6f9",100,"average",20,20,33.5,5.5,25,44,0.398497370398196,0
"65fa95fafeda35caf378b6f9",101,"average",20,20,30.5,5.5,22,41,0.398497370398196,0
"65fa95fafeda35caf378b6f9",102,"average",20,20,14.5,5.5,6,25,0.398497370398196,0
"65fa95fafeda35caf378b6f9",103,"average",20,20,34.5,5.5,26,45,0.398497370398196,0
"65fa95fafeda35caf378b6f9",104,"average",20,20,29.5,5.5,21,40,0.398497370398196,0
"65fa95fafeda35caf378b6f9",105,"average",20,20,26.5,5.5,18,37,0.398497370398196,0
"65fa95fafeda35caf378b6f9",106,"average",20,20,12.5,5.5,4,23,0.398497370398196,0
"65fa95fafeda35caf378b6f9",107,"average",20,20,19.5,5.5,11,30,0.398497370398196,0
"65fa95fafeda35caf378b6f9",108,"average",20,20,22.5,5.5,14,33,0.398497370398196,0
"671f12c5d2543b67c0f12e57",1,"average",10,10,12.5,4.6743983570081,5,20,-0.21148354866261,0
"671f12c5d2543b67c0f12e57",2,"average",9,9,11.7777777777778,6.33820475420074,1,20,-0.369549372156815,1
"671f12c5d2543b67c0f12e57",3,"average",11,11,35.9090909090909,5.72799418255395,29,46,0.613092974779437,0
"671f12c5d2543b67c0f12e57",4,"average",6,6,8.33333333333333,3.19722101554181,4,13,0.277641475239039,0
"671f12c5d2543b67c0f12e57",5,"average",8,8,10.375,3.42554740151118,5,16,0.0714261808787068,0
"671f12c5d2543b67c0f12e57",6,"average",7,7,10.2857142857143,6.54029893843406,1,19,-0.228159310788845,1
"671f12c5d2543b67c0f12e57",7,"average",7,7,39,7.13141941391353,29,48,-0.231606822904842,0
"671f12c5d2543b67c0f12e57",8,"average",5,5,9.2,4.53431361950185,4,15,0.191535602331757,0
"671f12c5d2543b67c0f12e57",9,"average",8,8,8.25,5.69539287494726,1,18,0.251191773695425,1
"671f12c5d2543b67c0f12e57",10,"average",10,10,37.9,5.87281874401041,29,48,0.0298587753269261,0
"671f12c5d2543b67c0f12e57",11,"average",11,11,37.1818181818182,6.02748525609119,29,47,0.196757706212029,0
"671f12c5d2543b67c0f12e57",12,"average",10,10,41.2,4.70744091837593,34,48,-0.160127471972283,0
"671f12c5d2543b67c0f12e57",13,"average",2,2,33,4,29,37,0,0
"671f12c5d2543b67c0f12e57",14,"average",20,20,16.5,5.5,8,27,0.398497370398196,0
"671f12c5d2543b67c0f12e57",15,"average",2,2,34,4,30,38,0,0
"671f12c5d2543b67c0f12e57",16,"average",2,2,32,4,28,36,0,0
"671f12c5d2543b67c0f12e57",17,"average",10,10,33.2,5.9464274989274,24,42,-0.125669583629516,0
"671f12c5d2543b67c0f12e57",18,"average",10,10,33.2,5.9464274989274,24,42,-0.125669583629516,0
"671f12c5d2543b67c0f12e57",19,"average",10,10,15.2,5.9464274989274,6,24,-0.125669583629514,0
"671f12c5d2543b67c0f12e57",20,"average",2,2,15,4,11,19,0,0
"671f12c5d2543b67c0f12e57",21,"average",2,2,21,4,17,25,0,0
"671f12c5d2543b67c0f12e57",22,"average",10,10,27.2,5.9464274989274,18,36,-0.125669583629514,0
"671f12c5d2543b67c0f12e57",23,"average",20,20,15.5,5.5,7,26,0.398497370398196,0
"671f12c5d2543b67c0f12e57",24,"average",20,20,24.5,5.5,16,35,0.398497370398196,0
"671f12c5d2543b67c0f12e57",25,"average",20,20,24.5,5.5,16,35,0.398497370398196,0
"671f12c5d2543b67c0f12e57",26,"average",2,2,16,4,12,20,0,0
"671f12c5d2543b67c0f12e57",27,"average",2,2,24,4,20,28,0,0
"671f12c5d2543b67c0f12e57",28,"average",20,20,15.5,5.5,7,26,0.398497370398196,0
"671f12c5d2543b67c0f12e57",29,"average",2,2,15,4,11,19,0,0
"671f12c5d2543b67c0f12e57",30,"average",20,20,15.5,5.5,7,26,0.398497370398196,0
"671f12c5d2543b67c0f12e57",31,"average",2,2,24,4,20,28,0,0
"671f12c5d2543b67c0f12e57",32,"average",2,2,29,4,25,33,0,0
"671f12c5d2543b67c0f12e57",33,"average",10,10,18.2,5.9464274989274,9,27,-0.125669583629514,0
"671f12c5d2543b67c0f12e57",34,"average",20,20,28.5,5.5,20,39,0.398497370398196,0
"671f12c5d2543b67c0f12e57",35,"average",20,20,33.5,5.5,25,44,0.398497370398196,0
"671f12c5d2543b67c0f12e57",36,"average",2,2,17,4,13,21,0,0
"671f12c5d2543b67c0f12e57",37,"average",20,20,24.5,5.5,16,35,0.398497370398196,0
"671f12c5d2543b67c0f12e57",38,"average",10,10,36.2,5.9464274989274,27,45,-0.125669583629516,0
"671f12c5d2543b67c0f12e57",39,"average",20,20,23.5,5.5,15,34,0.398497370398196,0
"671f12c5d2543b67c0f12e57",40,"average",2,2,14,4,10,18,0,0
"671f12c5d2543b67c0f12e57",41,"average",10,10,25.2,5.9464274989274,16,34,-0.125669583629514,0
"671f12c5d2543b67c0f12e57",42,"average",10,10,29.2,5.9464274989274,20,38,-0.125669583629514,0
"671f12c5d2543b67c0f12e57",43,"average",10,10,14.2,5.9464274989274,5,23,-0.125669583629514,0
"671f12c5d2543b67c0f12e57",44,"average",10,10,28.2,5.9464274989274,19,37,-0.125669583629514,0
"671f12c5d2543b67c0f12e57",45,"average",10,10,21.2,5.9464274989274,12,30,-0.125669583629514,0
"671f12c5d2543b67c0f12e57",46,"average",10,10,22.2,5.9464274989274,13,31,-0.125669583629514,0
"671f12c5d2543b67c0f12e57",47,"average",2,2,14,4,10,18,0,0
"671f12c5d2543b67c0f12e57",48,"average",20,20,34.5,5.5,26,45,0.398497370398196,0
"671f12c5d2543b67c0f12e57",49,"average",20,20,19.5,5.5,11,30,0.398497370398196,0
"671f12c5d2543b67c0f12e57",50,"average",10,10,31.2,5.9464274989274,22,40,-0.125669583629514,0
"671f12c5d2543b67c0f12e57",51,"average",20,20,32.5,5.5,24,43,0.398497370398196,0
"671f12c5d2543b67c0f12e57",52,"average",20,20,17.5,5.5,9,28,0.398497370398196,0
"671f12c5d2543b67c0f12e57",53,"average",2,2,19,4,15,23,0,0
"671f12c5d2543b67c0f12e57",54,"average",20,20,16.5,5.5,8,27,0.398497370398196,0
"671f12c5d2543b67c0f12e57",55,"average",2,2,27,4,23,31,0,0
"671f12c5d2543b67c0f12e57",56,"average",20,20,17.5,5.5,9,28,0.398497370398196,0
"671f12c5d2543b67c0f12e57",57,"average",2,2,15,4,11,19,0,0
"671f12c5d2543b67c0f12e57",58,"average",10,10,18.2,5.9464274989274,9,27,-0.125669583629514,0
"671f12c5d2543b67c0f12e57",59,"average",10,10,19.2,5.9464274989274,10,28,-0.125669583629514,0
"671f12c5d2543b67c0f12e57",60,"average",10,10,21.2,5.9464274989274,12,30,-0.125669583629514,0
"671f12c5d2543b67c0f12e57",61,"average",20,20,24.5,5.5,16,35,0.398497370398196,0
"671f12c5d2543b67c0f12e57",62,"average",10,10,27.2,5.9464274989274,18,36,-0.125669583629514,0
"671f12c5d2543b67c0f12e57",63,"average",2,2,36,4,32,40,0,0
"671f12c5d2543b67c0f12e57",64,"average",20,20,17.5,5.5,9,28,0.398497370398196,0
"671f12c5d2543b67c0f12e57",65,"average",10,10,15.2,5.9464274989274,6,24,-0.125669583629514,0
"671f12c5d2543b67c0f12e57",66,"average",2,2,32,4,28,36,0,0
"671f12c5d2543b67c0f12e57",67,"average",20,20,16.5,5.5,8,27,0.398497370398196,0
"671f12c5d2543b67c0f12e57",68,"average",2,2,21,4,17,25,0,0
"671f12c5d2543b67c0f12e57",69,"average",2,2,15,4,11,19,0,0
"671f12c5d2543b67c0f12e57",70,"average",20,20,32.5,5.5,24,43,0.398497370398196,0
"671f12c5d2543b67c0f12e57",71,"average",2,2,32,4,28,36,0,0
"671f12c5d2543b67c0f12e57",72,"average",2,2,14,4,10,18,0,0
"671f12c5d2543b67c0f12e57",73,"average",20,20,12.5,5.5,4,23,0.398497370398196,0
"671f12c5d2543b67c0f12e57",74,"average",10,10,28.2,5.9464274989274,19,37,-0.125669583629514,0
"671f12c5d2543b67c0f12e57",75,"average",2,2,31,4,27,35,0,0
"671f12c5d2543b67c0f12e57",76,"average",10,10,25.2,5.9464274989274,16,34,-0.125669583629514,0
"671f12c5d2543b67c0f12e57",77,"average",20,20,13.5,5.5,5,24,0.398497370398196,0
"671f12c5d2543b67c0f12e57",78,"average",2,2,29,4,25,33,0,0
"671f12c5d2543b67c0f12e57",79,"average",20,20,13.5,5.5,5,24,0.398497370398196,0
"671f12c5d2543b67c0f12e57",80,"average",2,2,25,4,21,29,0,0
"671f12c5d2543b67c0f12e57",81,"average",10,10,20.2,5.9464274989274,11,29,-0.125669583629514,0
"671f12c5d2543b67c0f12e57",82,"average",20,20,28.5,5.5,20,39,0.398497370398196,0
"671f12c5d2543b67c0f12e57",83,"average",20,20,19.5,5.5,11,30,0.398497370398196,0
"671f12c5d2543b67c0f12e57",84,"average",20,20,29.5,5.5,21,40,0.398497370398196,0
"671f12c5d2543b67c0f12e57",85,"average",2,2,23,4,19,27,0,0
"671f12c5d2543b67c0f12e57",86,"average",20,20,33.5,5.5,25,44,0.398497370398196,0
"671f12c5d2543b67c0f12e57",87,"average",10,10,25.2,5.9464274989274,16,34,-0.125669583629514,0
"671f12c5d2543b67c0f12e57",88,"average",2,2,34,4,30,38,0,0
"671f12c5d2543b67c0f12e57",89,"average",2,2,30,4,26,34,0,0
"671f12c5d2543b67c0f12e57",90,"average",2,2,34,4,30,38,0,0
"671f12c5d2543b67c0f12e57",91,"average",10,10,24.2,5.9464274989274,15,33,-0.125669583629514,0
"671f12c5d2543b67c0f12e57",92,"average",2,2,30,4,26,34,0,0
"671f12c5d2543b67c0f12e57",93,"average",10,10,19.2,5.9464274989274,10,28,-0.125669583629514,0
"671f12c5d2543b67c0f12e57",94,"average",20,20,15.5,5.5,7,26,0.398497370398196,0
"671f12c5d2543b67c0f12e57",95,"average",10,10,36.2,5.9464274989274,27,45,-0.125669583629516,0
"671f12c5d2543b67c0f12e57",96,"average",10,10,18.2,5.9464274989274,9,27,-0.125669583629514,0
"671f12c5d2543b67c0f12e57",97,"average",10,10,22.2,5.9464274989274,13,31,-0.125669583629514,0
"671f12c5d2543b67c0f12e57",98,"average",10,10,20.2,5.9464274989274,11,29,-0.125669583629514,0
"671f12c5d2543b67c0f12e57",99,"average",10,10,29.2,5.9464274989274,20,38,-0.125669583629514,0
"671f12c5d2543b67c0f12e57",100,"average",2,2,30,4,26,34,0,0
"671f12c5d2543b67c0f12e57",101,"average",20,20,26.5,5.5,18,37,0.398497370398196,0
"671f12c5d2543b67c0f12e57",102,"average",10,10,27.2,5.9464274989274,18,36,-0.125669583629514,0
"671f12c5d2543b67c0f12e57",103,"average",2,2,27,4,23,31,0,0
"671f12c5d2543b67c0f12e57",104,"average",10,10,27.2,5.9464274989274,18,36,-0.125669583629514,0
"671f12c5d2543b67c0f12e57",105,"average",20,20,21.5,5.5,13,32,0.398497370398196,0
"671f12c5d2543b67c0f12e57",106,"average",20,20,26.5,5.5,18,37,0.398497370398196,0
"671f12c5d2543b67c0f12e57",107,"average",10,10,32.2,5.9464274989274,23,41,-0.125669583629516,0
"671f12c5d2543b67c0f12e57",108,"average",20,20,29.5,5.5,21,40,0.398497370398196,0
"59f224ce40333e00017edfe8",1,"average",9,9,11.8888888888889,5.97112393001973,1,19,-0.661785040600582,1
"59f224ce40333e00017edfe8",2,"average",10,10,38.9,6.15548535860496,30,48,-0.0777425537302695,0
"59f224ce40333e00017edfe8",3,"average",9,9,10.6666666666667,6.46357314322177,1,20,-0.253740599146112,1
"59f224ce40333e00017edfe8",4,"average",4,4,10.75,2.27760839478607,7,13,-0.833150407150662,0
"59f224ce40333e00017edfe8",5,"average",7,7,9.42857142857143,4.74664220738176,3,16,0.0449811271719924,0
"59f224ce40333e00017edfe8",6,"average",12,12,10.3333333333333,4.87054639873415,3,20,0.22999854380324,0
"59f224ce40333e00017edfe8",7,"average",4,4,39.75,6.05702071979286,33,48,0.203770461602288,0
"59f224ce40333e00017edfe8",8,"average",5,5,35.6,4.75815090134813,29,42,0.0708473691750124,0
"59f224ce40333e00017edfe8",9,"average",2,2,42.5,1.5,41,44,0,0
"59f224ce40333e00017edfe8",10,"average",5,5,37.8,5.03587132480567,31,46,0.352549580252645,0
"59f224ce40333e00017edfe8",11,"average",6,6,34.5,4.5,29,41,0.175582990397805,0
"59f224ce40333e00017edfe8",12,"average",11,11,11.0909090909091,5.26488444929828,2,19,-0.181999167377601,0
"59f224ce40333e00017edfe8",13,"average",2,2,25,4,21,29,0,0
"59f224ce40333e00017edfe8",14,"average",10,10,22.2,5.9464274989274,13,31,-0.125669583629514,0
"59f224ce40333e00017edfe8",15,"average",20,20,30.5,5.5,22,41,0.398497370398196,0
"59f224ce40333e00017edfe8",16,"average",2,2,19,4,15,23,0,0
"59f224ce40333e00017edfe8",17,"average",20,20,12.5,5.5,4,23,0.398497370398196,0
"59f224ce40333e00017edfe8",18,"average",20,20,20.5,5.5,12,31,0.398497370398196,0
"59f224ce40333e00017edfe8",19,"average",20,20,21.5,5.5,13,32,0.398497370398196,0
"59f224ce40333e00017edfe8",20,"average",2,2,16,4,12,20,0,0
"59f224ce40333e00017edfe8",21,"average",20,20,31.5,5.5,23,42,0.398497370398196,0
"59f224ce40333e00017edfe8",22,"average",10,10,19.2,5.9464274989274,10,28,-0.125669583629514,0
"59f224ce40333e00017edfe8",23,"average",10,10,30.2,5.9464274989274,21,39,-0.125669583629514,0
"59f224ce40333e00017edfe8",24,"average",20,20,28.5,5.5,20,39,0.398497370398196,0
"59f224ce40333e00017edfe8",25,"average",2,2,34,4,30,38,0,0
"59f224ce40333e00017edfe8",26,"average",2,2,15,4,11,19,0,0
"59f224ce40333e00017edfe8",27,"average",20,20,31.5,5.5,23,42,0.398497370398196,0
"59f224ce40333e00017edfe8",28,"average",10,10,15.2,5.9464274989274,6,24,-0.125669583629514,0
"59f224ce40333e00017edfe8",29,"average",20,20,20.5,5.5,12,31,0.398497370398196,0
"59f224ce40333e00017edfe8",30,"average",10,10,14.2,5.9464274989274,5,23,-0.125669583629514,0
"59f224ce40333e00017edfe8",31,"average",20,20,25.5,5.5,17,36,0.398497370398196,0
"59f224ce40333e00017edfe8",32,"average",2,2,36,4,32,40,0,0
"59f224ce40333e00017edfe8",33,"average",20,20,18.5,5.5,10,29,0.398497370398196,0
"59f224ce40333e00017edfe8",34,"average",10,10,36.2,5.9464274989274,27,45,-0.125669583629516,0
"59f224ce40333e00017edfe8",35,"average",2,2,33,4,29,37,0,0
"59f224ce40333e00017edfe8",36,"average",20,20,29.5,5.5,21,40,0.398497370398196,0
"59f224ce40333e00017edfe8",37,"average",10,10,22.2,5.9464274989274,13,31,-0.125669583629514,0
"59f224ce40333e00017edfe8",38,"average",10,10,33.2,5.9464274989274,24,42,-0.125669583629516,0
"59f224ce40333e00017edfe8",39,"average",2,2,15,4,11,19,0,0
"59f224ce40333e00017edfe8",40,"average",20,20,22.5,5.5,14,33,0.398497370398196,0
"59f224ce40333e00017edfe8",41,"average",2,2,35,4,31,39,0,0
"59f224ce40333e00017edfe8",42,"average",2,2,18,4,14,22,0,0
"59f224ce40333e00017edfe8",43,"average",20,20,15.5,5.5,7,26,0.398497370398196,0
"59f224ce40333e00017edfe8",44,"average",10,10,28.2,5.9464274989274,19,37,-0.125669583629514,0
"59f224ce40333e00017edfe8",45,"average",10,10,25.2,5.9464274989274,16,34,-0.125669583629514,0
"59f224ce40333e00017edfe8",46,"average",2,2,17,4,13,21,0,0
"59f224ce40333e00017edfe8",47,"average",2,2,22,4,18,26,0,0
"59f224ce40333e00017edfe8",48,"average",2,2,24,4,20,28,0,0
"59f224ce40333e00017edfe8",49,"average",10,10,31.2,5.9464274989274,22,40,-0.125669583629514,0
"59f224ce40333e00017edfe8",50,"average",20,20,33.5,5.5,25,44,0.398497370398196,0
"59f224ce40333e00017edfe8",51,"average",10,10,35.2,5.9464274989274,26,44,-0.125669583629516,0
"59f224ce40333e00017edfe8",52,"average",10,10,25.2,5.9464274989274,16,34,-0.125669583629514,0
"59f224ce40333e00017edfe8",53,"average",10,10,34.2,5.9464274989274,25,43,-0.125669583629516,0
"59f224ce40333e00017edfe8",54,"average",10,10,31.2,5.9464274989274,22,40,-0.125669583629514,0
"59f224ce40333e00017edfe8",55,"average",2,2,29,4,25,33,0,0
"59f224ce40333e00017edfe8",56,"average",20,20,28.5,5.5,20,39,0.398497370398196,0
"59f224ce40333e00017edfe8",57,"average",2,2,27,4,23,31,0,0
"59f224ce40333e00017edfe8",58,"average",10,10,36.2,5.9464274989274,27,45,-0.125669583629516,0
"59f224ce40333e00017edfe8",59,"average",20,20,19.5,5.5,11,30,0.398497370398196,0
"59f224ce40333e00017edfe8",60,"average",2,2,29,4,25,33,0,0
"59f224ce40333e00017edfe8",61,"average",20,20,23.5,5.5,15,34,0.398497370398196,0
"59f224ce40333e00017edfe8",62,"average",20,20,19.5,5.5,11,30,0.398497370398196,0
"59f224ce40333e00017edfe8",63,"average",20,20,23.5,5.5,15,34,0.398497370398196,0
"59f224ce40333e00017edfe8",64,"average",10,10,21.2,5.9464274989274,12,30,-0.125669583629514,0
"59f224ce40333e00017edfe8",65,"average",2,2,30,4,26,34,0,0
"59f224ce40333e00017edfe8",66,"average",2,2,28,4,24,32,0,0
"59f224ce40333e00017edfe8",67,"average",2,2,19,4,15,23,0,0
"59f224ce40333e00017edfe8",68,"average",10,10,35.2,5.9464274989274,26,44,-0.125669583629516,0
"59f224ce40333e00017edfe8",69,"average",10,10,33.2,5.9464274989274,24,42,-0.125669583629516,0
"59f224ce40333e00017edfe8",70,"average",2,2,34,4,30,38,0,0
"59f224ce40333e00017edfe8",71,"average",20,20,29.5,5.5,21,40,0.398497370398196,0
"59f224ce40333e00017edfe8",72,"average",20,20,28.5,5.5,20,39,0.398497370398196,0
"59f224ce40333e00017edfe8",73,"average",2,2,22,4,18,26,0,0
"59f224ce40333e00017edfe8",74,"average",2,2,14,4,10,18,0,0
"59f224ce40333e00017edfe8",75,"average",20,20,31.5,5.5,23,42,0.398497370398196,0
"59f224ce40333e00017edfe8",76,"average",20,20,19.5,5.5,11,30,0.398497370398196,0
"59f224ce40333e00017edfe8",77,"average",2,2,15,4,11,19,0,0
"59f224ce40333e00017edfe8",78,"average",10,10,31.2,5.9464274989274,22,40,-0.125669583629514,0
"59f224ce40333e00017edfe8",79,"average",20,20,25.5,5.5,17,36,0.398497370398196,0
"59f224ce40333e00017edfe8",80,"average",10,10,25.2,5.9464274989274,16,34,-0.125669583629514,0
"59f224ce40333e00017edfe8",81,"average",2,2,28,4,24,32,0,0
"59f224ce40333e00017edfe8",82,"average",10,10,20.2,5.9464274989274,11,29,-0.125669583629514,0
"59f224ce40333e00017edfe8",83,"average",2,2,17,4,13,21,0,0
"59f224ce40333e00017edfe8",84,"average",20,20,12.5,5.5,4,23,0.398497370398196,0
"59f224ce40333e00017edfe8",85,"average",10,10,31.2,5.9464274989274,22,40,-0.125669583629514,0
"59f224ce40333e00017edfe8",86,"average",2,2,33,4,29,37,0,0
"59f224ce40333e00017edfe8",87,"average",10,10,30.2,5.9464274989274,21,39,-0.125669583629514,0
"59f224ce40333e00017edfe8",88,"average",2,2,16,4,12,20,0,0
"59f224ce40333e00017edfe8",89,"average",10,10,18.2,5.9464274989274,9,27,-0.125669583629514,0
"59f224ce40333e00017edfe8",90,"average",20,20,12.5,5.5,4,23,0.398497370398196,0
"59f224ce40333e00017edfe8",91,"average",10,10,17.2,5.9464274989274,8,26,-0.125669583629514,0
"59f224ce40333e00017edfe8",92,"average",10,10,36.2,5.9464274989274,27,45,-0.125669583629516,0
"59f224ce40333e00017edfe8",93,"average",10,10,30.2,5.9464274989274,21,39,-0.125669583629514,0
"59f224ce40333e00017edfe8",94,"average",10,10,14.2,5.9464274989274,5,23,-0.125669583629514,0
"59f224ce40333e00017edfe8",95,"average",20,20,33.5,5.5,25,44,0.398497370398196,0
"59f224ce40333e00017edfe8",96,"average",2,2,16,4,12,20,0,0
"59f224ce40333e00017edfe8",97,"average",10,10,27.2,5.9464274989274,18,36,-0.125669583629514,0
"59f224ce40333e00017edfe8",98,"average",20,20,13.5,5.5,5,24,0.398497370398196,0
"59f224ce40333e00017edfe8",99,"average",2,2,18,4,14,22,0,0
"59f224ce40333e00017edfe8",100,"average",2,2,25,4,21,29,0,0
"59f224ce40333e00017edfe8",101,"average",20,20,16.5,5.5,8,27,0.398497370398196,0
"59f224ce40333e00017edfe8",102,"average",2,2,22,4,18,26,0,0
"59f224ce40333e00017edfe8",103,"average",2,2,30,4,26,34,0,0
"59f224ce40333e00017edfe8",104,"average",20,20,28.5,5.5,20,39,0.398497370398196,0
"59f224ce40333e00017edfe8",105,"average",20,20,17.5,5.5,9,28,0.398497370398196,0
"59f224ce40333e00017edfe8",106,"average",10,10,16.2,5.9464274989274,7,25,-0.125669583629514,0
"59f224ce40333e00017edfe8",107,"average",20,20,21.5,5.5,13,32,0.398497370398196,0
"59f224ce40333e00017edfe8",108,"average",10,10,19.2,5.9464274989274,10,28,-0.125669583629514,0
"5c7f489defd9e20015751167",1,"average",2,2,42.5,0.5,42,43,0,0
"5c7f489defd9e20015751167",2,"average",10,10,9.5,5.42678542048605,2,19,0.473035622275672,0
"5c7f489defd9e20015751167",3,"average",10,10,10.5,5.20096144957834,3,19,0.0597074305150769,0
"5c7f489defd9e20015751167",4,"average",4,4,10.5,3.90512483795333,7,17,0.90675298575428,0
"5c7f489defd9e20015751167",5,"average",2,2,7,6,1,13,0,1
"5c7f489defd9e20015751167",6,"average",4,4,37.25,4.49305018890286,31,42,-0.263564945087996,0
"5c7f489defd9e20015751167",7,"average",4,4,11.25,5.53962995154008,3,18,-0.345777359106587,0
"5c7f489defd9e20015751167",8,"average",6,6,10.5,6.55108133567785,1,18,-0.213408776473774,1
"5c7f489defd9e20015751167",9,"average",12,12,11.3333333333333,5.18544972870135,3,19,-0.15486222893755,0
"5c7f489defd9e20015751167",10,"average",8,8,11.25,4.81534007106456,6,20,0.793454804976309,0
"5c7f489defd9e20015751167",11,"average",5,5,11,2.60768096208106,7,14,-0.406040288213314,0
"5c7f489defd9e20015751167",12,"average",7,7,10,5.55492059863531,2,19,-0.0450051437389435,0
"5c7f489defd9e20015751167",13,"average",20,20,33.5,5.5,25,44,0.398497370398196,0
"5c7f489defd9e20015751167",14,"average",10,10,19.2,5.9464274989274,10,28,-0.125669583629514,0
"5c7f489defd9e20015751167",15,"average",10,10,34.2,5.9464274989274,25,43,-0.125669583629516,0
"5c7f489defd9e20015751167",16,"average",2,2,33,4,29,37,0,0
"5c7f489defd9e20015751167",17,"average",20,20,21.5,5.5,13,32,0.398497370398196,0
"5c7f489defd9e20015751167",18,"average",2,2,32,4,28,36,0,0
"5c7f489defd9e20015751167",19,"average",20,20,26.5,5.5,18,37,0.398497370398196,0
"5c7f489defd9e20015751167",20,"average",10,10,22.2,5.9464274989274,13,31,-0.125669583629514,0
"5c7f489defd9e20015751167",21,"average",20,20,31.5,5.5,23,42,0.398497370398196,0
"5c7f489defd9e20015751167",22,"average",10,10,36.2,5.9464274989274,27,45,-0.125669583629516,0
"5c7f489defd9e20015751167",23,"average",2,2,23,4,19,27,0,0
"5c7f489defd9e20015751167",24,"average",20,20,32.5,5.5,24,43,0.398497370398196,0
"5c7f489defd9e20015751167",25,"average",20,20,31.5,5.5,23,42,0.398497370398196,0
"5c7f489defd9e20015751167",26,"average",10,10,30.2,5.9464274989274,21,39,-0.125669583629514,0
"5c7f489defd9e20015751167",27,"average",10,10,25.2,5.9464274989274,16,34,-0.125669583629514,0
"5c7f489defd9e20015751167",28,"average",10,10,23.2,5.9464274989274,14,32,-0.125669583629514,0
"5c7f489defd9e20015751167",29,"average",20,20,13.5,5.5,5,24,0.398497370398196,0
"5c7f489defd9e20015751167",30,"average",10,10,15.2,5.9464274989274,6,24,-0.125669583629514,0
"5c7f489defd9e20015751167",31,"average",20,20,31.5,5.5,23,42,0.398497370398196,0
"5c7f489defd9e20015751167",32,"average",20,20,23.5,5.5,15,34,0.398497370398196,0
"5c7f489defd9e20015751167",33,"average",10,10,26.2,5.9464274989274,17,35,-0.125669583629514,0
"5c7f489defd9e20015751167",34,"average",20,20,12.5,5.5,4,23,0.398497370398196,0
"5c7f489defd9e20015751167",35,"average",10,10,27.2,5.9464274989274,18,36,-0.125669583629514,0
"5c7f489defd9e20015751167",36,"average",20,20,12.5,5.5,4,23,0.398497370398196,0
"5c7f489defd9e20015751167",37,"average",2,2,36,4,32,40,0,0
"5c7f489defd9e20015751167",38,"average",20,20,34.5,5.5,26,45,0.398497370398196,0
"5c7f489defd9e20015751167",39,"average",2,2,25,4,21,29,0,0
"5c7f489defd9e20015751167",40,"average",2,2,36,4,32,40,0,0
"5c7f489defd9e20015751167",41,"average",2,2,25,4,21,29,0,0
"5c7f489defd9e20015751167",42,"average",2,2,30,4,26,34,0,0
"5c7f489defd9e20015751167",43,"average",2,2,35,4,31,39,0,0
"5c7f489defd9e20015751167",44,"average",10,10,20.2,5.9464274989274,11,29,-0.125669583629514,0
"5c7f489defd9e20015751167",45,"average",20,20,19.5,5.5,11,30,0.398497370398196,0
"5c7f489defd9e20015751167",46,"average",10,10,32.2,5.9464274989274,23,41,-0.125669583629516,0
"5c7f489defd9e20015751167",47,"average",2,2,18,4,14,22,0,0
"5c7f489defd9e20015751167",48,"average",10,10,26.2,5.9464274989274,17,35,-0.125669583629514,0
"5c7f489defd9e20015751167",49,"average",10,10,20.2,5.9464274989274,11,29,-0.125669583629514,0
"5c7f489defd9e20015751167",50,"average",2,2,30,4,26,34,0,0
"5c7f489defd9e20015751167",51,"average",20,20,26.5,5.5,18,37,0.398497370398196,0
"5c7f489defd9e20015751167",52,"average",2,2,19,4,15,23,0,0
"5c7f489defd9e20015751167",53,"average",2,2,18,4,14,22,0,0
"5c7f489defd9e20015751167",54,"average",2,2,24,4,20,28,0,0
"5c7f489defd9e20015751167",55,"average",10,10,23.2,5.9464274989274,14,32,-0.125669583629514,0
"5c7f489defd9e20015751167",56,"average",20,20,34.5,5.5,26,45,0.398497370398196,0
"5c7f489defd9e20015751167",57,"average",20,20,23.5,5.5,15,34,0.398497370398196,0
"5c7f489defd9e20015751167",58,"average",2,2,30,4,26,34,0,0
"5c7f489defd9e20015751167",59,"average",10,10,36.2,5.9464274989274,27,45,-0.125669583629516,0
"5c7f489defd9e20015751167",60,"average",2,2,18,4,14,22,0,0
"5c7f489defd9e20015751167",61,"average",20,20,32.5,5.5,24,43,0.398497370398196,0
"5c7f489defd9e20015751167",62,"average",10,10,27.2,5.9464274989274,18,36,-0.125669583629514,0
"5c7f489defd9e20015751167",63,"average",10,10,26.2,5.9464274989274,17,35,-0.125669583629514,0
"5c7f489defd9e20015751167",64,"average",20,20,12.5,5.5,4,23,0.398497370398196,0
"5c7f489defd9e20015751167",65,"average",2,2,27,4,23,31,0,0
"5c7f489defd9e20015751167",66,"average",20,20,32.5,5.5,24,43,0.398497370398196,0
"5c7f489defd9e20015751167",67,"average",2,2,18,4,14,22,0,0
"5c7f489defd9e20015751167",68,"average",10,10,18.2,5.9464274989274,9,27,-0.125669583629514,0
"5c7f489defd9e20015751167",69,"average",20,20,13.5,5.5,5,24,0.398497370398196,0
"5c7f489defd9e20015751167",70,"average",10,10,28.2,5.9464274989274,19,37,-0.125669583629514,0
"5c7f489defd9e20015751167",71,"average",2,2,33,4,29,37,0,0
"5c7f489defd9e20015751167",72,"average",10,10,34.2,5.9464274989274,25,43,-0.125669583629516,0
"5c7f489defd9e20015751167",73,"average",20,20,27.5,5.5,19,38,0.398497370398196,0
"5c7f489defd9e20015751167",74,"average",10,10,18.2,5.9464274989274,9,27,-0.125669583629514,0
"5c7f489defd9e20015751167",75,"average",20,20,25.5,5.5,17,36,0.398497370398196,0
"5c7f489defd9e20015751167",76,"average",2,2,30,4,26,34,0,0
"5c7f489defd9e20015751167",77,"average",20,20,31.5,5.5,23,42,0.398497370398196,0
"5c7f489defd9e20015751167",78,"average",20,20,27.5,5.5,19,38,0.398497370398196,0
"5c7f489defd9e20015751167",79,"average",20,20,20.5,5.5,12,31,0.398497370398196,0
"5c7f489defd9e20015751167",80,"average",10,10,29.2,5.9464274989274,20,38,-0.125669583629514,0
"5c7f489defd9e20015751167",81,"average",2,2,35,4,31,39,0,0
"5c7f489defd9e20015751167",82,"average",2,2,35,4,31,39,0,0
"5c7f489defd9e20015751167",83,"average",10,10,18.2,5.9464274989274,9,27,-0.125669583629514,0
"5c7f489defd9e20015751167",84,"average",20,20,32.5,5.5,24,43,0.398497370398196,0
"5c7f489defd9e20015751167",85,"average",20,20,24.5,5.5,16,35,0.398497370398196,0
"5c7f489defd9e20015751167",86,"average",10,10,30.2,5.9464274989274,21,39,-0.125669583629514,0
"5c7f489defd9e20015751167",87,"average",2,2,24,4,20,28,0,0
"5c7f489defd9e20015751167",88,"average",10,10,20.2,5.9464274989274,11,29,-0.125669583629514,0
"5c7f489defd9e20015751167",89,"average",10,10,19.2,5.9464274989274,10,28,-0.125669583629514,0
"5c7f489defd9e20015751167",90,"average",20,20,12.5,5.5,4,23,0.398497370398196,0
"5c7f489defd9e20015751167",91,"average",10,10,24.2,5.9464274989274,15,33,-0.125669583629514,0
"5c7f489defd9e20015751167",92,"average",10,10,30.2,5.9464274989274,21,39,-0.125669583629514,0
"5c7f489defd9e20015751167",93,"average",2,2,24,4,20,28,0,0
"5c7f489defd9e20015751167",94,"average",20,20,26.5,5.5,18,37,0.398497370398196,0
"5c7f489defd9e20015751167",95,"average",10,10,25.2,5.9464274989274,16,34,-0.125669583629514,0
"5c7f489defd9e20015751167",96,"average",10,10,23.2,5.9464274989274,14,32,-0.125669583629514,0
"5c7f489defd9e20015751167",97,"average",20,20,20.5,5.5,12,31,0.398497370398196,0
"5c7f489defd9e20015751167",98,"average",2,2,17,4,13,21,0,0
"5c7f489defd9e20015751167",99,"average",2,2,25,4,21,29,0,0
"5c7f489defd9e20015751167",100,"average",2,2,32,4,28,36,0,0
"5c7f489defd9e20015751167",101,"average",2,2,36,4,32,40,0,0
"5c7f489defd9e20015751167",102,"average",2,2,20,4,16,24,0,0
"5c7f489defd9e20015751167",103,"average",2,2,28,4,24,32,0,0
"5c7f489defd9e20015751167",104,"average",10,10,14.2,5.9464274989274,5,23,-0.125669583629514,0
"5c7f489defd9e20015751167",105,"average",20,20,27.5,5.5,19,38,0.398497370398196,0
"5c7f489defd9e20015751167",106,"average",2,2,16,4,12,20,0,0
"5c7f489defd9e20015751167",107,"average",20,20,13.5,5.5,5,24,0.398497370398196,0
"5c7f489defd9e20015751167",108,"average",2,2,28,4,24,32,0,0
"6784912ccf5664bd1c08be9f",1,"average",12,12,36.75,5.13363094375381,29,47,0.395670300163302,0
"6784912ccf5664bd1c08be9f",2,"average",2,2,39,3,36,42,0,0
"6784912ccf5664bd1c08be9f",3,"average",11,11,38.1818181818182,5.6859984622225,30,46,-0.112775923148756,0
"6784912ccf5664bd1c08be9f",4,"average",9,9,40,6.05530070819498,29,48,-0.375328556293077,0
"6784912ccf5664bd1c08be9f",5,"average",12,12,9.91666666666667,5.89432401175534,1,19,-0.0263541890377889,1
"6784912ccf5664bd1c08be9f",6,"average",10,10,9.1,5.80430874437258,1,20,0.424409126278446,1
"6784912ccf5664bd1c08be9f",7,"average",10,10,10.2,5.30659966456864,1,19,-0.196100151844522,1
"6784912ccf5664bd1c08be9f",8,"average",7,7,40.2857142857143,7.24498419034627,29,48,-0.61573752923924,0
"6784912ccf5664bd1c08be9f",9,"average",3,3,13.6666666666667,6.34209919681348,5,20,-0.502067527454466,0
"6784912ccf5664bd1c08be9f",10,"average",9,9,12.6666666666667,5.24933858267454,4,20,-0.258609129577,0
"6784912ccf5664bd1c08be9f",11,"average",2,2,8,3,5,11,0,0
"6784912ccf5664bd1c08be9f",12,"average",9,9,39.1111111111111,5.68515502465157,32,48,0.228586576345677,0
"6784912ccf5664bd1c08be9f",13,"average",2,2,16,4,12,20,0,0
"6784912ccf5664bd1c08be9f",14,"average",10,10,30.2,5.9464274989274,21,39,-0.125669583629514,0
"6784912ccf5664bd1c08be9f",15,"average",2,2,22,4,18,26,0,0
"6784912ccf5664bd1c08be9f",16,"average",10,10,32.2,5.9464274989274,23,41,-0.125669583629516,0
"6784912ccf5664bd1c08be9f",17,"average",10,10,31.2,5.9464274989274,22,40,-0.125669583629514,0
"6784912ccf5664bd1c08be9f",18,"average",20,20,15.5,5.5,7,26,0.398497370398196,0
"6784912ccf5664bd1c08be9f",19,"average",10,10,29.2,5.9464274989274,20,38,-0.125669583629514,0
"6784912ccf5664bd1c08be9f",20,"average",2,2,22,4,18,26,0,0
"6784912ccf5664bd1c08be9f",21,"average",10,10,18.2,5.9464274989274,9,27,-0.125669583629514,0
"6784912ccf5664bd1c08be9f",22,"average",10,10,31.2,5.9464274989274,22,40,-0.125669583629514,0
"6784912ccf5664bd1c08be9f",23,"average",20,20,18.5,5.5,10,29,0.398497370398196,0
"6784912ccf5664bd1c08be9f",24,"average",10,10,15.2,5.9464274989274,6,24,-0.125669583629514,0
"6784912ccf5664bd1c08be9f",25,"average",2,2,28,4,24,32,0,0
"6784912ccf5664bd1c08be9f",26,"average",10,10,36.2,5.9464274989274,27,45,-0.125669583629516,0
"6784912ccf5664bd1c08be9f",27,"average",2,2,26,4,22,30,0,0
"6784912ccf5664bd1c08be9f",28,"average",20,20,24.5,5.5,16,35,0.398497370398196,0
"6784912ccf5664bd1c08be9f",29,"average",20,20,12.5,5.5,4,23,0.398497370398196,0
"6784912ccf5664bd1c08be9f",30,"average",2,2,14,4,10,18,0,0
"6784912ccf5664bd1c08be9f",31,"average",20,20,26.5,5.5,18,37,0.398497370398196,0
"6784912ccf5664bd1c08be9f",32,"average",20,20,31.5,5.5,23,42,0.398497370398196,0
"6784912ccf5664bd1c08be9f",33,"average",2,2,33,4,29,37,0,0
"6784912ccf5664bd1c08be9f",34,"average",2,2,36,4,32,40,0,0
"6784912ccf5664bd1c08be9f",35,"average",10,10,23.2,5.9464274989274,14,32,-0.125669583629514,0
"6784912ccf5664bd1c08be9f",36,"average",2,2,26,4,22,30,0,0
"6784912ccf5664bd1c08be9f",37,"average",20,20,27.5,5.5,19,38,0.398497370398196,0
"6784912ccf5664bd1c08be9f",38,"average",10,10,18.2,5.9464274989274,9,27,-0.125669583629514,0
"6784912ccf5664bd1c08be9f",39,"average",10,10,32.2,5.9464274989274,23,41,-0.125669583629516,0
"6784912ccf5664bd1c08be9f",40,"average",10,10,17.2,5.9464274989274,8,26,-0.125669583629514,0
"6784912ccf5664bd1c08be9f",41,"average",2,2,22,4,18,26,0,0
"6784912ccf5664bd1c08be9f",42,"average",20,20,28.5,5.5,20,39,0.398497370398196,0
"6784912ccf5664bd1c08be9f",43,"average",20,20,32.5,5.5,24,43,0.398497370398196,0
"6784912ccf5664bd1c08be9f",44,"average",20,20,31.5,5.5,23,42,0.398497370398196,0
"6784912ccf5664bd1c08be9f",45,"average",2,2,24,4,20,28,0,0
"6784912ccf5664bd1c08be9f",46,"average",2,2,26,4,22,30,0,0
"6784912ccf5664bd1c08be9f",47,"average",20,20,27.5,5.5,19,38,0.398497370398196,0
"6784912ccf5664bd1c08be9f",48,"average",20,20,29.5,5.5,21,40,0.398497370398196,0
"6784912ccf5664bd1c08be9f",49,"average",2,2,36,4,32,40,0,0
"6784912ccf5664bd1c08be9f",50,"average",20,20,15.5,5.5,7,26,0.398497370398196,0
"6784912ccf5664bd1c08be9f",51,"average",2,2,24,4,20,28,0,0
"6784912ccf5664bd1c08be9f",52,"average",20,20,25.5,5.5,17,36,0.398497370398196,0
"6784912ccf5664bd1c08be9f",53,"average",20,20,26.5,5.5,18,37,0.398497370398196,0
"6784912ccf5664bd1c08be9f",54,"average",10,10,33.2,5.9464274989274,24,42,-0.125669583629516,0
"6784912ccf5664bd1c08be9f",55,"average",10,10,32.2,5.9464274989274,23,41,-0.125669583629516,0
"6784912ccf5664bd1c08be9f",56,"average",2,2,29,4,25,33,0,0
"6784912ccf5664bd1c08be9f",57,"average",20,20,19.5,5.5,11,30,0.398497370398196,0
"6784912ccf5664bd1c08be9f",58,"average",10,10,31.2,5.9464274989274,22,40,-0.125669583629514,0
"6784912ccf5664bd1c08be9f",59,"average",2,2,36,4,32,40,0,0
"6784912ccf5664bd1c08be9f",60,"average",10,10,20.2,5.9464274989274,11,29,-0.125669583629514,0
"6784912ccf5664bd1c08be9f",61,"average",2,2,22,4,18,26,0,0
"6784912ccf5664bd1c08be9f",62,"average",10,10,17.2,5.9464274989274,8,26,-0.125669583629514,0
"6784912ccf5664bd1c08be9f",63,"average",20,20,13.5,5.5,5,24,0.398497370398196,0
"6784912ccf5664bd1c08be9f",64,"average",2,2,24,4,20,28,0,0
"6784912ccf5664bd1c08be9f",65,"average",20,20,22.5,5.5,14,33,0.398497370398196,0
"6784912ccf5664bd1c08be9f",66,"average",2,2,19,4,15,23,0,0
"6784912ccf5664bd1c08be9f",67,"average",20,20,13.5,5.5,5,24,0.398497370398196,0
"6784912ccf5664bd1c08be9f",68,"average",10,10,34.2,5.9464274989274,25,43,-0.125669583629516,0
"6784912ccf5664bd1c08be9f",69,"average",10,10,22.2,5.9464274989274,13,31,-0.125669583629514,0
"6784912ccf5664bd1c08be9f",70,"average",2,2,36,4,32,40,0,0
"6784912ccf5664bd1c08be9f",71,"average",20,20,29.5,5.5,21,40,0.398497370398196,0
"6784912ccf5664bd1c08be9f",72,"average",2,2,17,4,13,21,0,0
"6784912ccf5664bd1c08be9f",73,"average",20,20,32.5,5.5,24,43,0.398497370398196,0
"6784912ccf5664bd1c08be9f",74,"average",10,10,28.2,5.9464274989274,19,37,-0.125669583629514,0
"6784912ccf5664bd1c08be9f",75,"average",2,2,16,4,12,20,0,0
"6784912ccf5664bd1c08be9f",76,"average",10,10,20.2,5.9464274989274,11,29,-0.125669583629514,0
"6784912ccf5664bd1c08be9f",77,"average",2,2,14,4,10,18,0,0
"6784912ccf5664bd1c08be9f",78,"average",2,2,30,4,26,34,0,0
"6784912ccf5664bd1c08be9f",79,"average",20,20,32.5,5.5,24,43,0.398497370398196,0
"6784912ccf5664bd1c08be9f",80,"average",10,10,28.2,5.9464274989274,19,37,-0.125669583629514,0
"6784912ccf5664bd1c08be9f",81,"average",10,10,20.2,5.9464274989274,11,29,-0.125669583629514,0
"6784912ccf5664bd1c08be9f",82,"average",10,10,24.2,5.9464274989274,15,33,-0.125669583629514,0
"6784912ccf5664bd1c08be9f",83,"average",2,2,23,4,19,27,0,0
"6784912ccf5664bd1c08be9f",84,"average",2,2,21,4,17,25,0,0
"6784912ccf5664bd1c08be9f",85,"average",2,2,34,4,30,38,0,0
"6784912ccf5664bd1c08be9f",86,"average",20,20,18.5,5.5,10,29,0.398497370398196,0
"6784912ccf5664bd1c08be9f",87,"average",20,20,29.5,5.5,21,40,0.398497370398196,0
"6784912ccf5664bd1c08be9f",88,"average",20,20,12.5,5.5,4,23,0.398497370398196,0
"6784912ccf5664bd1c08be9f",89,"average",10,10,26.2,5.9464274989274,17,35,-0.125669583629514,0
"6784912ccf5664bd1c08be9f",90,"average",10,10,26.2,5.9464274989274,17,35,-0.125669583629514,0
"6784912ccf5664bd1c08be9f",91,"average",2,2,35,4,31,39,0,0
"6784912ccf5664bd1c08be9f",92,"average",2,2,29,4,25,33,0,0
"6784912ccf5664bd1c08be9f",93,"average",10,10,23.2,5.9464274989274,14,32,-0.125669583629514,0
"6784912ccf5664bd1c08be9f",94,"average",20,20,16.5,5.5,8,27,0.398497370398196,0
"6784912ccf5664bd1c08be9f",95,"average",10,10,28.2,5.9464274989274,19,37,-0.125669583629514,0
"6784912ccf5664bd1c08be9f",96,"average",20,20,23.5,5.5,15,34,0.398497370398196,0
"6784912ccf5664bd1c08be9f",97,"average",20,20,13.5,5.5,5,24,0.398497370398196,0
"6784912ccf5664bd1c08be9f",98,"average",2,2,34,4,30,38,0,0
"6784912ccf5664bd1c08be9f",99,"average",10,10,26.2,5.9464274989274,17,35,-0.125669583629514,0
"6784912ccf5664bd1c08be9f",100,"average",20,20,28.5,5.5,20,39,0.398497370398196,0
"6784912ccf5664bd1c08be9f",101,"average",10,10,30.2,5.9464274989274,21,39,-0.125669583629514,0
"6784912ccf5664bd1c08be9f",102,"average",20,20,33.5,5.5,25,44,0.398497370398196,0
"6784912ccf5664bd1c08be9f",103,"average",2,2,33,4,29,37,0,0
"6784912ccf5664bd1c08be9f",104,"average",20,20,22.5,5.5,14,33,0.398497370398196,0
"6784912ccf5664bd1c08be9f",105,"average",20,20,21.5,5.5,13,32,0.398497370398196,0
"6784912ccf5664bd1c08be9f",106,"average",10,10,34.2,5.9464274989274,25,43,-0.125669583629516,0
"6784912ccf5664bd1c08be9f",107,"average",10,10,29.2,5.9464274989274,20,38,-0.125669583629514,0
"6784912ccf5664bd1c08be9f",108,"average",2,2,26,4,22,30,0,0
"67e8e0c0be5802df7311d109",1,"average",7,7,12.4285714285714,5.85191404236116,3,20,-0.265011721261887,0
"67e8e0c0be5802df7311d109",2,"average",4,4,44.25,4.32290411644765,37,48,-0.950448018622778,0
"67e8e0c0be5802df7311d109",3,"average",3,3,34.3333333333333,4.10960933531265,29,39,-0.239063146929546,0
"67e8e0c0be5802df7311d109",4,"average",2,2,44.5,0.5,44,45,0,0
"67e8e0c0be5802df7311d109",5,"average",5,5,39.2,4.44522215417857,34,46,0.277056782462652,0
"67e8e0c0be5802df7311d109",6,"average",9,9,38.3333333333333,5.05525029603437,31,48,0.212148500136035,0
"67e8e0c0be5802df7311d109",7,"average",8,8,5.5,4.38748219369606,1,16,1.49184754638071,1
"67e8e0c0be5802df7311d109",8,"average",8,8,39.625,5.07290597192576,32,48,0.454843251964398,0
"67e8e0c0be5802df7311d109",9,"average",3,3,39,6.48074069840786,33,48,0.595170064139497,0
"67e8e0c0be5802df7311d109",10,"average",8,8,10.375,6.12244844812923,1,19,-0.0712328115189605,1
"67e8e0c0be5802df7311d109",11,"average",12,12,37.1666666666667,5.14511634681104,29,48,0.293136161664762,0
"67e8e0c0be5802df7311d109",12,"average",10,10,40.8,5.45527267879434,31,48,-0.404905693592223,0
"67e8e0c0be5802df7311d109",13,"average",2,2,16,4,12,20,0,0
"67e8e0c0be5802df7311d109",14,"average",2,2,25,4,21,29,0,0
"67e8e0c0be5802df7311d109",15,"average",10,10,26.2,5.9464274989274,17,35,-0.125669583629514,0
"67e8e0c0be5802df7311d109",16,"average",10,10,30.2,5.9464274989274,21,39,-0.125669583629514,0
"67e8e0c0be5802df7311d109",17,"average",20,20,33.5,5.5,25,44,0.398497370398196,0
"67e8e0c0be5802df7311d109",18,"average",2,2,26,4,22,30,0,0
"67e8e0c0be5802df7311d109",19,"average",2,2,34,4,30,38,0,0
"67e8e0c0be5802df7311d109",20,"average",10,10,25.2,5.9464274989274,16,34,-0.125669583629514,0
"67e8e0c0be5802df7311d109",21,"average",20,20,19.5,5.5,11,30,0.398497370398196,0
"67e8e0c0be5802df7311d109",22,"average",2,2,34,4,30,38,0,0
"67e8e0c0be5802df7311d109",23,"average",2,2,16,4,12,20,0,0
"67e8e0c0be5802df7311d109",24,"average",10,10,18.2,5.9464274989274,9,27,-0.125669583629514,0
"67e8e0c0be5802df7311d109",25,"average",20,20,32.5,5.5,24,43,0.398497370398196,0
"67e8e0c0be5802df7311d109",26,"average",2,2,24,4,20,28,0,0
"67e8e0c0be5802df7311d109",27,"average",2,2,31,4,27,35,0,0
"67e8e0c0be5802df7311d109",28,"average",2,2,19,4,15,23,0,0
"67e8e0c0be5802df7311d109",29,"average",20,20,24.5,5.5,16,35,0.398497370398196,0
"67e8e0c0be5802df7311d109",30,"average",10,10,33.2,5.9464274989274,24,42,-0.125669583629516,0
"67e8e0c0be5802df7311d109",31,"average",2,2,16,4,12,20,0,0
"67e8e0c0be5802df7311d109",32,"average",20,20,18.5,5.5,10,29,0.398497370398196,0
"67e8e0c0be5802df7311d109",33,"average",10,10,16.2,5.9464274989274,7,25,-0.125669583629514,0
"67e8e0c0be5802df7311d109",34,"average",10,10,26.2,5.9464274989274,17,35,-0.125669583629514,0
"67e8e0c0be5802df7311d109",35,"average",20,20,27.5,5.5,19,38,0.398497370398196,0
"67e8e0c0be5802df7311d109",36,"average",2,2,23,4,19,27,0,0
"67e8e0c0be5802df7311d109",37,"average",2,2,19,4,15,23,0,0
"67e8e0c0be5802df7311d109",38,"average",10,10,34.2,5.9464274989274,25,43,-0.125669583629516,0
"67e8e0c0be5802df7311d109",39,"average",2,2,29,4,25,33,0,0
"67e8e0c0be5802df7311d109",40,"average",20,20,16.5,5.5,8,27,0.398497370398196,0
"67e8e0c0be5802df7311d109",41,"average",20,20,15.5,5.5,7,26,0.398497370398196,0
"67e8e0c0be5802df7311d109",42,"average",10,10,26.2,5.9464274989274,17,35,-0.125669583629514,0
"67e8e0c0be5802df7311d109",43,"average",10,10,25.2,5.9464274989274,16,34,-0.125669583629514,0
"67e8e0c0be5802df7311d109",44,"average",2,2,25,4,21,29,0,0
"67e8e0c0be5802df7311d109",45,"average",2,2,18,4,14,22,0,0
"67e8e0c0be5802df7311d109",46,"average",20,20,29.5,5.5,21,40,0.398497370398196,0
"67e8e0c0be5802df7311d109",47,"average",10,10,27.2,5.9464274989274,18,36,-0.125669583629514,0
"67e8e0c0be5802df7311d109",48,"average",2,2,27,4,23,31,0,0
"67e8e0c0be5802df7311d109",49,"average",10,10,34.2,5.9464274989274,25,43,-0.125669583629516,0
"67e8e0c0be5802df7311d109",50,"average",10,10,29.2,5.9464274989274,20,38,-0.125669583629514,0
"67e8e0c0be5802df7311d109",51,"average",20,20,30.5,5.5,22,41,0.398497370398196,0
"67e8e0c0be5802df7311d109",52,"average",20,20,22.5,5.5,14,33,0.398497370398196,0
"67e8e0c0be5802df7311d109",53,"average",20,20,30.5,5.5,22,41,0.398497370398196,0
"67e8e0c0be5802df7311d109",54,"average",10,10,22.2,5.9464274989274,13,31,-0.125669583629514,0
"67e8e0c0be5802df7311d109",55,"average",10,10,20.2,5.9464274989274,11,29,-0.125669583629514,0
"67e8e0c0be5802df7311d109",56,"average",20,20,14.5,5.5,6,25,0.398497370398196,0
"67e8e0c0be5802df7311d109",57,"average",20,20,30.5,5.5,22,41,0.398497370398196,0
"67e8e0c0be5802df7311d109",58,"average",10,10,16.2,5.9464274989274,7,25,-0.125669583629514,0
"67e8e0c0be5802df7311d109",59,"average",20,20,24.5,5.5,16,35,0.398497370398196,0
"67e8e0c0be5802df7311d109",60,"average",20,20,17.5,5.5,9,28,0.398497370398196,0
"67e8e0c0be5802df7311d109",61,"average",2,2,21,4,17,25,0,0
"67e8e0c0be5802df7311d109",62,"average",2,2,25,4,21,29,0,0
"67e8e0c0be5802df7311d109",63,"average",10,10,31.2,5.9464274989274,22,40,-0.125669583629514,0
"67e8e0c0be5802df7311d109",64,"average",20,20,26.5,5.5,18,37,0.398497370398196,0
"67e8e0c0be5802df7311d109",65,"average",10,10,31.2,5.9464274989274,22,40,-0.125669583629514,0
"67e8e0c0be5802df7311d109",66,"average",2,2,36,4,32,40,0,0
"67e8e0c0be5802df7311d109",67,"average",2,2,23,4,19,27,0,0
"67e8e0c0be5802df7311d109",68,"average",2,2,34,4,30,38,0,0
"67e8e0c0be5802df7311d109",69,"average",2,2,31,4,27,35,0,0
"67e8e0c0be5802df7311d109",70,"average",10,10,33.2,5.9464274989274,24,42,-0.125669583629516,0
"67e8e0c0be5802df7311d109",71,"average",20,20,18.5,5.5,10,29,0.398497370398196,0
"67e8e0c0be5802df7311d109",72,"average",20,20,23.5,5.5,15,34,0.398497370398196,0
"67e8e0c0be5802df7311d109",73,"average",10,10,27.2,5.9464274989274,18,36,-0.125669583629514,0
"67e8e0c0be5802df7311d109",74,"average",10,10,32.2,5.9464274989274,23,41,-0.125669583629516,0
"67e8e0c0be5802df7311d109",75,"average",10,10,21.2,5.9464274989274,12,30,-0.125669583629514,0
"67e8e0c0be5802df7311d109",76,"average",2,2,22,4,18,26,0,0
"67e8e0c0be5802df7311d109",77,"average",2,2,23,4,19,27,0,0
"67e8e0c0be5802df7311d109",78,"average",10,10,24.2,5.9464274989274,15,33,-0.125669583629514,0
"67e8e0c0be5802df7311d109",79,"average",10,10,19.2,5.9464274989274,10,28,-0.125669583629514,0
"67e8e0c0be5802df7311d109",80,"average",2,2,28,4,24,32,0,0
"67e8e0c0be5802df7311d109",81,"average",10,10,32.2,5.9464274989274,23,41,-0.125669583629516,0
"67e8e0c0be5802df7311d109",82,"average",2,2,30,4,26,34,0,0
"67e8e0c0be5802df7311d109",83,"average",10,10,18.2,5.9464274989274,9,27,-0.125669583629514,0
"67e8e0c0be5802df7311d109",84,"average",2,2,14,4,10,18,0,0
"67e8e0c0be5802df7311d109",85,"average",20,20,30.5,5.5,22,41,0.398497370398196,0
"67e8e0c0be5802df7311d109",86,"average",2,2,15,4,11,19,0,0
"67e8e0c0be5802df7311d109",87,"average",20,20,26.5,5.5,18,37,0.398497370398196,0
"67e8e0c0be5802df7311d109",88,"average",20,20,24.5,5.5,16,35,0.398497370398196,0
"67e8e0c0be5802df7311d109",89,"average",10,10,26.2,5.9464274989274,17,35,-0.125669583629514,0
"67e8e0c0be5802df7311d109",90,"average",20,20,27.5,5.5,19,38,0.398497370398196,0
"67e8e0c0be5802df7311d109",91,"average",20,20,21.5,5.5,13,32,0.398497370398196,0
"67e8e0c0be5802df7311d109",92,"average",10,10,20.2,5.9464274989274,11,29,-0.125669583629514,0
"67e8e0c0be5802df7311d109",93,"average",10,10,33.2,5.9464274989274,24,42,-0.125669583629516,0
"67e8e0c0be5802df7311d109",94,"average",20,20,18.5,5.5,10,29,0.398497370398196,0
"67e8e0c0be5802df7311d109",95,"average",2,2,33,4,29,37,0,0
"67e8e0c0be5802df7311d109",96,"average",2,2,34,4,30,38,0,0
"67e8e0c0be5802df7311d109",97,"average",10,10,33.2,5.9464274989274,24,42,-0.125669583629516,0
"67e8e0c0be5802df7311d109",98,"average",10,10,30.2,5.9464274989274,21,39,-0.125669583629514,0
"67e8e0c0be5802df7311d109",99,"average",20,20,13.5,5.5,5,24,0.398497370398196,0
"67e8e0c0be5802df7311d109",100,"average",2,2,20,4,16,24,0,0
"67e8e0c0be5802df7311d109",101,"average",20,20,33.5,5.5,25,44,0.398497370398196,0
"67e8e0c0be5802df7311d109",102,"average",10,10,31.2,5.9464274989274,22,40,-0.125669583629514,0
"67e8e0c0be5802df7311d109",103,"average",20,20,34.5,5.5,26,45,0.398497370398196,0
"67e8e0c0be5802df7311d109",104,"average",20,20,34.5,5.5,26,45,0.398497370398196,0
"67e8e0c0be5802df7311d109",105,"average",20,20,15.5,5.5,7,26,0.398497370398196,0
"67e8e0c0be5802df7311d109",106,"average",20,20,32.5,5.5,24,43,0.398497370398196,0
"67e8e0c0be5802df7311d109",107,"average",2,2,28,4,24,32,0,0
"67e8e0c0be5802df7311d109",108,"average",20,20,17.5,5.5,9,28,0.398497370398196,0
"63dab0380b8791f9560fd329",1,"average",7,7,10.4285714285714,4.6246897303539,4,17,0.150147123569576,0
"63dab0380b8791f9560fd329",2,"average",3,3,13.3333333333333,2.86744175568088,10,17,0.17280054407865,0
"63dab0380b8791f9560fd329",3,"average",7,7,10.7142857142857,6.40790328343023,3,20,0.279360715200077,0
"63dab0380b8791f9560fd329",4,"average",2,2,10.5,1.5,9,12,0,0
"63dab0380b8791f9560fd329",5,"average",12,12,11,6.39009650422694,1,20,-0.10156021765985,1
"63dab0380b8791f9560fd329",6,"average",7,7,11.1428571428571,4.45384493374854,4,17,-0.172254709943407,0
"63dab0380b8791f9560fd329",7,"average",5,5,14.6,6.28012738724303,3,20,-1.03601211110315,0
"63dab0380b8791f9560fd329",8,"average",11,11,37.6363636363636,4.9040378033677,30,46,0.224400513961308,0
"63dab0380b8791f9560fd329",9,"average",7,7,10,5.80640040940045,2,19,0.245199902379163,0
"63dab0380b8791f9560fd329",10,"average",7,7,12.4285714285714,7.18842607166236,1,20,-0.708654388457719,1
"63dab0380b8791f9560fd329",11,"average",8,8,11.625,5.31360282670807,3,20,0.0595989432736543,0
"63dab0380b8791f9560fd329",12,"average",5,5,10,5.21536192416212,3,16,-0.177642626093325,0
"63dab0380b8791f9560fd329",13,"average",10,10,22.2,5.9464274989274,13,31,-0.125669583629514,0
"63dab0380b8791f9560fd329",14,"average",20,20,26.5,5.5,18,37,0.398497370398196,0
"63dab0380b8791f9560fd329",15,"average",2,2,18,4,14,22,0,0
"63dab0380b8791f9560fd329",16,"average",2,2,16,4,12,20,0,0
"63dab0380b8791f9560fd329",17,"average",20,20,14.5,5.5,6,25,0.398497370398196,0
"63dab0380b8791f9560fd329",18,"average",2,2,34,4,30,38,0,0
"63dab0380b8791f9560fd329",19,"average",20,20,19.5,5.5,11,30,0.398497370398196,0
"63dab0380b8791f9560fd329",20,"average",10,10,16.2,5.9464274989274,7,25,-0.125669583629514,0
"63dab0380b8791f9560fd329",21,"average",10,10,33.2,5.9464274989274,24,42,-0.125669583629516,0
"63dab0380b8791f9560fd329",22,"average",2,2,32,4,28,36,0,0
"63dab0380b8791f9560fd329",23,"average",20,20,16.5,5.5,8,27,0.398497370398196,0
"63dab0380b8791f9560fd329",24,"average",2,2,26,4,22,30,0,0
"63dab0380b8791f9560fd329",25,"average",2,2,33,4,29,37,0,0
"63dab0380b8791f9560fd329",26,"average",2,2,35,4,31,39,0,0
"63dab0380b8791f9560fd329",27,"average",10,10,17.2,5.9464274989274,8,26,-0.125669583629514,0
"63dab0380b8791f9560fd329",28,"average",2,2,17,4,13,21,0,0
"63dab0380b8791f9560fd329",29,"average",2,2,22,4,18,26,0,0
"63dab0380b8791f9560fd329",30,"average",20,20,24.5,5.5,16,35,0.398497370398196,0
"63dab0380b8791f9560fd329",31,"average",10,10,26.2,5.9464274989274,17,35,-0.125669583629514,0
"63dab0380b8791f9560fd329",32,"average",20,20,21.5,5.5,13,32,0.398497370398196,0
"63dab0380b8791f9560fd329",33,"average",10,10,31.2,5.9464274989274,22,40,-0.125669583629514,0
"63dab0380b8791f9560fd329",34,"average",2,2,26,4,22,30,0,0
"63dab0380b8791f9560fd329",35,"average",10,10,17.2,5.9464274989274,8,26,-0.125669583629514,0
"63dab0380b8791f9560fd329",36,"average",10,10,16.2,5.9464274989274,7,25,-0.125669583629514,0
"63dab0380b8791f9560fd329",37,"average",20,20,32.5,5.5,24,43,0.398497370398196,0
"63dab0380b8791f9560fd329",38,"average",2,2,27,4,23,31,0,0
"63dab0380b8791f9560fd329",39,"average",20,20,34.5,5.5,26,45,0.398497370398196,0
"63dab0380b8791f9560fd329",40,"average",2,2,35,4,31,39,0,0
"63dab0380b8791f9560fd329",41,"average",20,20,24.5,5.5,16,35,0.398497370398196,0
"63dab0380b8791f9560fd329",42,"average",20,20,29.5,5.5,21,40,0.398497370398196,0
"63dab0380b8791f9560fd329",43,"average",20,20,18.5,5.5,10,29,0.398497370398196,0
"63dab0380b8791f9560fd329",44,"average",10,10,31.2,5.9464274989274,22,40,-0.125669583629514,0
"63dab0380b8791f9560fd329",45,"average",10,10,17.2,5.9464274989274,8,26,-0.125669583629514,0
"63dab0380b8791f9560fd329",46,"average",20,20,17.5,5.5,9,28,0.398497370398196,0
"63dab0380b8791f9560fd329",47,"average",10,10,14.2,5.9464274989274,5,23,-0.125669583629514,0
"63dab0380b8791f9560fd329",48,"average",20,20,22.5,5.5,14,33,0.398497370398196,0
"63dab0380b8791f9560fd329",49,"average",2,2,22,4,18,26,0,0
"63dab0380b8791f9560fd329",50,"average",2,2,30,4,26,34,0,0
"63dab0380b8791f9560fd329",51,"average",10,10,25.2,5.9464274989274,16,34,-0.125669583629514,0
"63dab0380b8791f9560fd329",52,"average",2,2,22,4,18,26,0,0
"63dab0380b8791f9560fd329",53,"average",10,10,21.2,5.9464274989274,12,30,-0.125669583629514,0
"63dab0380b8791f9560fd329",54,"average",10,10,30.2,5.9464274989274,21,39,-0.125669583629514,0
"63dab0380b8791f9560fd329",55,"average",10,10,17.2,5.9464274989274,8,26,-0.125669583629514,0
"63dab0380b8791f9560fd329",56,"average",2,2,34,4,30,38,0,0
"63dab0380b8791f9560fd329",57,"average",20,20,22.5,5.5,14,33,0.398497370398196,0
"63dab0380b8791f9560fd329",58,"average",20,20,18.5,5.5,10,29,0.398497370398196,0
"63dab0380b8791f9560fd329",59,"average",10,10,21.2,5.9464274989274,12,30,-0.125669583629514,0
"63dab0380b8791f9560fd329",60,"average",20,20,21.5,5.5,13,32,0.398497370398196,0
"63dab0380b8791f9560fd329",61,"average",2,2,31,4,27,35,0,0
"63dab0380b8791f9560fd329",62,"average",2,2,26,4,22,30,0,0
"63dab0380b8791f9560fd329",63,"average",10,10,32.2,5.9464274989274,23,41,-0.125669583629516,0
"63dab0380b8791f9560fd329",64,"average",2,2,34,4,30,38,0,0
"63dab0380b8791f9560fd329",65,"average",2,2,27,4,23,31,0,0
"63dab0380b8791f9560fd329",66,"average",10,10,29.2,5.9464274989274,20,38,-0.125669583629514,0
"63dab0380b8791f9560fd329",67,"average",20,20,30.5,5.5,22,41,0.398497370398196,0
"63dab0380b8791f9560fd329",68,"average",20,20,31.5,5.5,23,42,0.398497370398196,0
"63dab0380b8791f9560fd329",69,"average",20,20,33.5,5.5,25,44,0.398497370398196,0
"63dab0380b8791f9560fd329",70,"average",20,20,14.5,5.5,6,25,0.398497370398196,0
"63dab0380b8791f9560fd329",71,"average",10,10,36.2,5.9464274989274,27,45,-0.125669583629516,0
"63dab0380b8791f9560fd329",72,"average",20,20,13.5,5.5,5,24,0.398497370398196,0
"63dab0380b8791f9560fd329",73,"average",10,10,31.2,5.9464274989274,22,40,-0.125669583629514,0
"63dab0380b8791f9560fd329",74,"average",2,2,33,4,29,37,0,0
"63dab0380b8791f9560fd329",75,"average",20,20,15.5,5.5,7,26,0.398497370398196,0
"63dab0380b8791f9560fd329",76,"average",10,10,20.2,5.9464274989274,11,29,-0.125669583629514,0
"63dab0380b8791f9560fd329",77,"average",2,2,18,4,14,22,0,0
"63dab0380b8791f9560fd329",78,"average",10,10,29.2,5.9464274989274,20,38,-0.125669583629514,0
"63dab0380b8791f9560fd329",79,"average",10,10,18.2,5.9464274989274,9,27,-0.125669583629514,0
"63dab0380b8791f9560fd329",80,"average",20,20,31.5,5.5,23,42,0.398497370398196,0
"63dab0380b8791f9560fd329",81,"average",20,20,34.5,5.5,26,45,0.398497370398196,0
"63dab0380b8791f9560fd329",82,"average",2,2,17,4,13,21,0,0
"63dab0380b8791f9560fd329",83,"average",20,20,27.5,5.5,19,38,0.398497370398196,0
"63dab0380b8791f9560fd329",84,"average",2,2,36,4,32,40,0,0
"63dab0380b8791f9560fd329",85,"average",20,20,13.5,5.5,5,24,0.398497370398196,0
"63dab0380b8791f9560fd329",86,"average",10,10,17.2,5.9464274989274,8,26,-0.125669583629514,0
"63dab0380b8791f9560fd329",87,"average",20,20,12.5,5.5,4,23,0.398497370398196,0
"63dab0380b8791f9560fd329",88,"average",2,2,16,4,12,20,0,0
"63dab0380b8791f9560fd329",89,"average",20,20,15.5,5.5,7,26,0.398497370398196,0
"63dab0380b8791f9560fd329",90,"average",2,2,14,4,10,18,0,0
"63dab0380b8791f9560fd329",91,"average",2,2,15,4,11,19,0,0
"63dab0380b8791f9560fd329",92,"average",2,2,16,4,12,20,0,0
"63dab0380b8791f9560fd329",93,"average",10,10,24.2,5.9464274989274,15,33,-0.125669583629514,0
"63dab0380b8791f9560fd329",94,"average",2,2,31,4,27,35,0,0
"63dab0380b8791f9560fd329",95,"average",10,10,31.2,5.9464274989274,22,40,-0.125669583629514,0
"63dab0380b8791f9560fd329",96,"average",20,20,30.5,5.5,22,41,0.398497370398196,0
"63dab0380b8791f9560fd329",97,"average",10,10,15.2,5.9464274989274,6,24,-0.125669583629514,0
"63dab0380b8791f9560fd329",98,"average",2,2,23,4,19,27,0,0
"63dab0380b8791f9560fd329",99,"average",2,2,31,4,27,35,0,0
"63dab0380b8791f9560fd329",100,"average",20,20,22.5,5.5,14,33,0.398497370398196,0
"63dab0380b8791f9560fd329",101,"average",10,10,24.2,5.9464274989274,15,33,-0.125669583629514,0
"63dab0380b8791f9560fd329",102,"average",10,10,36.2,5.9464274989274,27,45,-0.125669583629516,0
"63dab0380b8791f9560fd329",103,"average",20,20,25.5,5.5,17,36,0.398497370398196,0
"63dab0380b8791f9560fd329",104,"average",10,10,32.2,5.9464274989274,23,41,-0.125669583629516,0
"63dab0380b8791f9560fd329",105,"average",2,2,28,4,24,32,0,0
"63dab0380b8791f9560fd329",106,"average",20,20,17.5,5.5,9,28,0.398497370398196,0
"63dab0380b8791f9560fd329",107,"average",10,10,32.2,5.9464274989274,23,41,-0.125669583629516,0
"63dab0380b8791f9560fd329",108,"average",10,10,19.2,5.9464274989274,10,28,-0.125669583629514,0
"6631a9caa7ecf621ae2ad49f",1,"average",6,6,38,6.75771164423776,30,48,0.40829266367764,0
"6631a9caa7ecf621ae2ad49f",2,"average",4,4,35.5,5.3619026473818,30,44,0.656807734499699,0
"6631a9caa7ecf621ae2ad49f",3,"average",6,6,37.6666666666667,5.49747416749021,30,46,0.101873879266182,0
"6631a9caa7ecf621ae2ad49f",4,"average",10,10,10.9,7.28628849277875,1,20,-0.11418997437121,1
"6631a9caa7ecf621ae2ad49f",5,"average",3,3,14,5.35412613473634,7,20,-0.273642466053317,0
"6631a9caa7ecf621ae2ad49f",6,"average",10,10,9.7,5.93380147965872,1,19,-0.105222272668059,1
"6631a9caa7ecf621ae2ad49f",7,"average",6,6,12.1666666666667,5.84284938098603,2,19,-0.500868380724617,0
"6631a9caa7ecf621ae2ad49f",8,"average",11,11,10.8181818181818,5.40737176653202,2,18,-0.276272898809684,0
"6631a9caa7ecf621ae2ad49f",9,"average",5,5,38.2,6.96850055607374,31,48,0.361286858893356,0
"6631a9caa7ecf621ae2ad49f",10,"average",7,7,10.1428571428571,4.96929346597888,3,17,-0.168924073356853,0
"6631a9caa7ecf621ae2ad49f",11,"average",3,3,8.66666666666667,3.68178700572909,4,13,-0.13506152278474,0
"6631a9caa7ecf621ae2ad49f",12,"average",10,10,13.8,3.89358446678636,8,20,-0.0422859195368091,0
"6631a9caa7ecf621ae2ad49f",13,"average",20,20,24.5,5.5,16,35,0.398497370398196,0
"6631a9caa7ecf621ae2ad49f",14,"average",2,2,28,4,24,32,0,0
"6631a9caa7ecf621ae2ad49f",15,"average",2,2,23,4,19,27,0,0
"6631a9caa7ecf621ae2ad49f",16,"average",10,10,22.2,5.9464274989274,13,31,-0.125669583629514,0
"6631a9caa7ecf621ae2ad49f",17,"average",20,20,26.5,5.5,18,37,0.398497370398196,0
"6631a9caa7ecf621ae2ad49f",18,"average",10,10,34.2,5.9464274989274,25,43,-0.125669583629516,0
"6631a9caa7ecf621ae2ad49f",19,"average",10,10,25.2,5.9464274989274,16,34,-0.125669583629514,0
"6631a9caa7ecf621ae2ad49f",20,"average",20,20,15.5,5.5,7,26,0.398497370398196,0
"6631a9caa7ecf621ae2ad49f",21,"average",10,10,20.2,5.9464274989274,11,29,-0.125669583629514,0
"6631a9caa7ecf621ae2ad49f",22,"average",2,2,24,4,20,28,0,0
"6631a9caa7ecf621ae2ad49f",23,"average",2,2,35,4,31,39,0,0
"6631a9caa7ecf621ae2ad49f",24,"average",10,10,18.2,5.9464274989274,9,27,-0.125669583629514,0
"6631a9caa7ecf621ae2ad49f",25,"average",2,2,32,4,28,36,0,0
"6631a9caa7ecf621ae2ad49f",26,"average",20,20,21.5,5.5,13,32,0.398497370398196,0
"6631a9caa7ecf621ae2ad49f",27,"average",2,2,21,4,17,25,0,0
"6631a9caa7ecf621ae2ad49f",28,"average",10,10,19.2,5.9464274989274,10,28,-0.125669583629514,0
"6631a9caa7ecf621ae2ad49f",29,"average",10,10,19.2,5.9464274989274,10,28,-0.125669583629514,0
"6631a9caa7ecf621ae2ad49f",30,"average",2,2,32,4,28,36,0,0
"6631a9caa7ecf621ae2ad49f",31,"average",10,10,35.2,5.9464274989274,26,44,-0.125669583629516,0
"6631a9caa7ecf621ae2ad49f",32,"average",10,10,33.2,5.9464274989274,24,42,-0.125669583629516,0
"6631a9caa7ecf621ae2ad49f",33,"average",2,2,21,4,17,25,0,0
"6631a9caa7ecf621ae2ad49f",34,"average",2,2,31,4,27,35,0,0
"6631a9caa7ecf621ae2ad49f",35,"average",20,20,22.5,5.5,14,33,0.398497370398196,0
"6631a9caa7ecf621ae2ad49f",36,"average",2,2,35,4,31,39,0,0
"6631a9caa7ecf621ae2ad49f",37,"average",2,2,17,4,13,21,0,0
"6631a9caa7ecf621ae2ad49f",38,"average",10,10,23.2,5.9464274989274,14,32,-0.125669583629514,0
"6631a9caa7ecf621ae2ad49f",39,"average",10,10,15.2,5.9464274989274,6,24,-0.125669583629514,0
"6631a9caa7ecf621ae2ad49f",40,"average",2,2,18,4,14,22,0,0
"6631a9caa7ecf621ae2ad49f",41,"average",10,10,29.2,5.9464274989274,20,38,-0.125669583629514,0
"6631a9caa7ecf621ae2ad49f",42,"average",10,10,19.2,5.9464274989274,10,28,-0.125669583629514,0
"6631a9caa7ecf621ae2ad49f",43,"average",20,20,33.5,5.5,25,44,0.398497370398196,0
"6631a9caa7ecf621ae2ad49f",44,"average",20,20,30.5,5.5,22,41,0.398497370398196,0
"6631a9caa7ecf621ae2ad49f",45,"average",20,20,14.5,5.5,6,25,0.398497370398196,0
"6631a9caa7ecf621ae2ad49f",46,"average",2,2,28,4,24,32,0,0
"6631a9caa7ecf621ae2ad49f",47,"average",20,20,18.5,5.5,10,29,0.398497370398196,0
"6631a9caa7ecf621ae2ad49f",48,"average",20,20,14.5,5.5,6,25,0.398497370398196,0
"6631a9caa7ecf621ae2ad49f",49,"average",10,10,34.2,5.9464274989274,25,43,-0.125669583629516,0
"6631a9caa7ecf621ae2ad49f",50,"average",20,20,34.5,5.5,26,45,0.398497370398196,0
"6631a9caa7ecf621ae2ad49f",51,"average",20,20,25.5,5.5,17,36,0.398497370398196,0
"6631a9caa7ecf621ae2ad49f",52,"average",2,2,36,4,32,40,0,0
"6631a9caa7ecf621ae2ad49f",53,"average",2,2,26,4,22,30,0,0
"6631a9caa7ecf621ae2ad49f",54,"average",10,10,18.2,5.9464274989274,9,27,-0.125669583629514,0
"6631a9caa7ecf621ae2ad49f",55,"average",2,2,25,4,21,29,0,0
"6631a9caa7ecf621ae2ad49f",56,"average",20,20,24.5,5.5,16,35,0.398497370398196,0
"6631a9caa7ecf621ae2ad49f",57,"average",20,20,34.5,5.5,26,45,0.398497370398196,0
"6631a9caa7ecf621ae2ad49f",58,"average",20,20,26.5,5.5,18,37,0.398497370398196,0
"6631a9caa7ecf621ae2ad49f",59,"average",20,20,27.5,5.5,19,38,0.398497370398196,0
"6631a9caa7ecf621ae2ad49f",60,"average",10,10,31.2,5.9464274989274,22,40,-0.125669583629514,0
"6631a9caa7ecf621ae2ad49f",61,"average",20,20,29.5,5.5,21,40,0.398497370398196,0
"6631a9caa7ecf621ae2ad49f",62,"average",10,10,28.2,5.9464274989274,19,37,-0.125669583629514,0
"6631a9caa7ecf621ae2ad49f",63,"average",20,20,16.5,5.5,8,27,0.398497370398196,0
"6631a9caa7ecf621ae2ad49f",64,"average",10,10,31.2,5.9464274989274,22,40,-0.125669583629514,0
"6631a9caa7ecf621ae2ad49f",65,"average",2,2,20,4,16,24,0,0
"6631a9caa7ecf621ae2ad49f",66,"average",20,20,30.5,5.5,22,41,0.398497370398196,0
"6631a9caa7ecf621ae2ad49f",67,"average",10,10,32.2,5.9464274989274,23,41,-0.125669583629516,0
"6631a9caa7ecf621ae2ad49f",68,"average",2,2,19,4,15,23,0,0
"6631a9caa7ecf621ae2ad49f",69,"average",20,20,27.5,5.5,19,38,0.398497370398196,0
"6631a9caa7ecf621ae2ad49f",70,"average",10,10,14.2,5.9464274989274,5,23,-0.125669583629514,0
"6631a9caa7ecf621ae2ad49f",71,"average",2,2,28,4,24,32,0,0
"6631a9caa7ecf621ae2ad49f",72,"average",10,10,20.2,5.9464274989274,11,29,-0.125669583629514,0
"6631a9caa7ecf621ae2ad49f",73,"average",2,2,18,4,14,22,0,0
"6631a9caa7ecf621ae2ad49f",74,"average",2,2,31,4,27,35,0,0
"6631a9caa7ecf621ae2ad49f",75,"average",20,20,32.5,5.5,24,43,0.398497370398196,0
"6631a9caa7ecf621ae2ad49f",76,"average",2,2,15,4,11,19,0,0
"6631a9caa7ecf621ae2ad49f",77,"average",20,20,28.5,5.5,20,39,0.398497370398196,0
"6631a9caa7ecf621ae2ad49f",78,"average",20,20,24.5,5.5,16,35,0.398497370398196,0
"6631a9caa7ecf621ae2ad49f",79,"average",10,10,33.2,5.9464274989274,24,42,-0.125669583629516,0
"6631a9caa7ecf621ae2ad49f",80,"average",20,20,18.5,5.5,10,29,0.398497370398196,0
"6631a9caa7ecf621ae2ad49f",81,"average",2,2,19,4,15,23,0,0
"6631a9caa7ecf621ae2ad49f",82,"average",10,10,16.2,5.9464274989274,7,25,-0.125669583629514,0
"6631a9caa7ecf621ae2ad49f",83,"average",20,20,27.5,5.5,19,38,0.398497370398196,0
"6631a9caa7ecf621ae2ad49f",84,"average",10,10,23.2,5.9464274989274,14,32,-0.125669583629514,0
"6631a9caa7ecf621ae2ad49f",85,"average",10,10,20.2,5.9464274989274,11,29,-0.125669583629514,0
"6631a9caa7ecf621ae2ad49f",86,"average",10,10,14.2,5.9464274989274,5,23,-0.125669583629514,0
"6631a9caa7ecf621ae2ad49f",87,"average",20,20,33.5,5.5,25,44,0.398497370398196,0
"6631a9caa7ecf621ae2ad49f",88,"average",10,10,35.2,5.9464274989274,26,44,-0.125669583629516,0
"6631a9caa7ecf621ae2ad49f",89,"average",20,20,18.5,5.5,10,29,0.398497370398196,0
"6631a9caa7ecf621ae2ad49f",90,"average",2,2,23,4,19,27,0,0
"6631a9caa7ecf621ae2ad49f",91,"average",2,2,23,4,19,27,0,0
"6631a9caa7ecf621ae2ad49f",92,"average",10,10,28.2,5.9464274989274,19,37,-0.125669583629514,0
"6631a9caa7ecf621ae2ad49f",93,"average",20,20,28.5,5.5,20,39,0.398497370398196,0
"6631a9caa7ecf621ae2ad49f",94,"average",2,2,16,4,12,20,0,0
"6631a9caa7ecf621ae2ad49f",95,"average",10,10,23.2,5.9464274989274,14,32,-0.125669583629514,0
"6631a9caa7ecf621ae2ad49f",96,"average",20,20,28.5,5.5,20,39,0.398497370398196,0
"6631a9caa7ecf621ae2ad49f",97,"average",20,20,22.5,5.5,14,33,0.398497370398196,0
"6631a9caa7ecf621ae2ad49f",98,"average",2,2,26,4,22,30,0,0
"6631a9caa7ecf621ae2ad49f",99,"average",2,2,17,4,13,21,0,0
"6631a9caa7ecf621ae2ad49f",100,"average",10,10,19.2,5.9464274989274,10,28,-0.125669583629514,0
"6631a9caa7ecf621ae2ad49f",101,"average",2,2,19,4,15,23,0,0
"6631a9caa7ecf621ae2ad49f",102,"average",20,20,19.5,5.5,11,30,0.398497370398196,0
"6631a9caa7ecf621ae2ad49f",103,"average",2,2,31,4,27,35,0,0
"6631a9caa7ecf621ae2ad49f",104,"average",10,10,27.2,5.9464274989274,18,36,-0.125669583629514,0
"6631a9caa7ecf621ae2ad49f",105,"average",10,10,22.2,5.9464274989274,13,31,-0.125669583629514,0
"6631a9caa7ecf621ae2ad49f",106,"average",20,20,26.5,5.5,18,37,0.398497370398196,0
"6631a9caa7ecf621ae2ad49f",107,"average",2,2,23,4,19,27,0,0
"6631a9caa7ecf621ae2ad49f",108,"average",2,2,20,4,16,24,0,0
"631a9f635762d2b83a53202b",1,"average",10,10,13,5.27257053058563,3,20,-0.31928510536645,0
"631a9f635762d2b83a53202b",2,"average",12,12,11.6666666666667,5.51261180284708,3,20,-0.148681280472766,0
"631a9f635762d2b83a53202b",3,"average",7,7,14.7142857142857,5.3375833406484,3,20,-1.26720550292304,0
"631a9f635762d2b83a53202b",4,"average",11,11,37.2727272727273,5.36132461737699,29,47,0.245454277544705,0
"631a9f635762d2b83a53202b",5,"average",8,8,38.625,5.93585503529188,31,47,0.0804050510726899,0
"631a9f635762d2b83a53202b",6,"average",12,12,9.83333333333333,6.25610812637449,1,20,0.234452676775863,1
"631a9f635762d2b83a53202b",7,"average",11,11,10.1818181818182,6.24962808810808,1,19,-0.0373969085207341,1
"631a9f635762d2b83a53202b",8,"average",2,2,44,4,40,48,0,0
"631a9f635762d2b83a53202b",9,"average",12,12,10.75,6.13901457890434,1,20,-0.0863087616845539,1
"631a9f635762d2b83a53202b",10,"average",12,12,38.1666666666667,5.52016505389306,30,47,0.0173943072424787,0
"631a9f635762d2b83a53202b",11,"average",10,10,40,6.06630035524124,31,48,-0.104819993732754,0
"631a9f635762d2b83a53202b",12,"average",2,2,13.5,3.5,10,17,0,0
"631a9f635762d2b83a53202b",13,"average",10,10,24.2,5.9464274989274,15,33,-0.125669583629514,0
"631a9f635762d2b83a53202b",14,"average",10,10,20.2,5.9464274989274,11,29,-0.125669583629514,0
"631a9f635762d2b83a53202b",15,"average",10,10,15.2,5.9464274989274,6,24,-0.125669583629514,0
"631a9f635762d2b83a53202b",16,"average",20,20,31.5,5.5,23,42,0.398497370398196,0
"631a9f635762d2b83a53202b",17,"average",2,2,30,4,26,34,0,0
"631a9f635762d2b83a53202b",18,"average",20,20,33.5,5.5,25,44,0.398497370398196,0
"631a9f635762d2b83a53202b",19,"average",20,20,16.5,5.5,8,27,0.398497370398196,0
"631a9f635762d2b83a53202b",20,"average",20,20,22.5,5.5,14,33,0.398497370398196,0
"631a9f635762d2b83a53202b",21,"average",10,10,18.2,5.9464274989274,9,27,-0.125669583629514,0
"631a9f635762d2b83a53202b",22,"average",2,2,15,4,11,19,0,0
"631a9f635762d2b83a53202b",23,"average",10,10,35.2,5.9464274989274,26,44,-0.125669583629516,0
"631a9f635762d2b83a53202b",24,"average",20,20,20.5,5.5,12,31,0.398497370398196,0
"631a9f635762d2b83a53202b",25,"average",20,20,34.5,5.5,26,45,0.398497370398196,0
"631a9f635762d2b83a53202b",26,"average",10,10,17.2,5.9464274989274,8,26,-0.125669583629514,0
"631a9f635762d2b83a53202b",27,"average",2,2,35,4,31,39,0,0
"631a9f635762d2b83a53202b",28,"average",2,2,21,4,17,25,0,0
"631a9f635762d2b83a53202b",29,"average",2,2,16,4,12,20,0,0
"631a9f635762d2b83a53202b",30,"average",10,10,15.2,5.9464274989274,6,24,-0.125669583629514,0
"631a9f635762d2b83a53202b",31,"average",20,20,30.5,5.5,22,41,0.398497370398196,0
"631a9f635762d2b83a53202b",32,"average",2,2,30,4,26,34,0,0
"631a9f635762d2b83a53202b",33,"average",20,20,17.5,5.5,9,28,0.398497370398196,0
"631a9f635762d2b83a53202b",34,"average",20,20,12.5,5.5,4,23,0.398497370398196,0
"631a9f635762d2b83a53202b",35,"average",2,2,14,4,10,18,0,0
"631a9f635762d2b83a53202b",36,"average",20,20,18.5,5.5,10,29,0.398497370398196,0
"631a9f635762d2b83a53202b",37,"average",2,2,26,4,22,30,0,0
"631a9f635762d2b83a53202b",38,"average",10,10,25.2,5.9464274989274,16,34,-0.125669583629514,0
"631a9f635762d2b83a53202b",39,"average",2,2,32,4,28,36,0,0
"631a9f635762d2b83a53202b",40,"average",10,10,19.2,5.9464274989274,10,28,-0.125669583629514,0
"631a9f635762d2b83a53202b",41,"average",20,20,21.5,5.5,13,32,0.398497370398196,0
"631a9f635762d2b83a53202b",42,"average",2,2,17,4,13,21,0,0
"631a9f635762d2b83a53202b",43,"average",2,2,16,4,12,20,0,0
"631a9f635762d2b83a53202b",44,"average",10,10,16.2,5.9464274989274,7,25,-0.125669583629514,0
"631a9f635762d2b83a53202b",45,"average",20,20,14.5,5.5,6,25,0.398497370398196,0
"631a9f635762d2b83a53202b",46,"average",2,2,26,4,22,30,0,0
"631a9f635762d2b83a53202b",47,"average",10,10,17.2,5.9464274989274,8,26,-0.125669583629514,0
"631a9f635762d2b83a53202b",48,"average",10,10,20.2,5.9464274989274,11,29,-0.125669583629514,0
"631a9f635762d2b83a53202b",49,"average",10,10,18.2,5.9464274989274,9,27,-0.125669583629514,0
"631a9f635762d2b83a53202b",50,"average",2,2,28,4,24,32,0,0
"631a9f635762d2b83a53202b",51,"average",2,2,34,4,30,38,0,0
"631a9f635762d2b83a53202b",52,"average",20,20,22.5,5.5,14,33,0.398497370398196,0
"631a9f635762d2b83a53202b",53,"average",2,2,15,4,11,19,0,0
"631a9f635762d2b83a53202b",54,"average",10,10,31.2,5.9464274989274,22,40,-0.125669583629514,0
"631a9f635762d2b83a53202b",55,"average",10,10,16.2,5.9464274989274,7,25,-0.125669583629514,0
"631a9f635762d2b83a53202b",56,"average",20,20,22.5,5.5,14,33,0.398497370398196,0
"631a9f635762d2b83a53202b",57,"average",20,20,28.5,5.5,20,39,0.398497370398196,0
"631a9f635762d2b83a53202b",58,"average",20,20,29.5,5.5,21,40,0.398497370398196,0
"631a9f635762d2b83a53202b",59,"average",2,2,25,4,21,29,0,0
"631a9f635762d2b83a53202b",60,"average",10,10,20.2,5.9464274989274,11,29,-0.125669583629514,0
"631a9f635762d2b83a53202b",61,"average",2,2,21,4,17,25,0,0
"631a9f635762d2b83a53202b",62,"average",10,10,14.2,5.9464274989274,5,23,-0.125669583629514,0
"631a9f635762d2b83a53202b",63,"average",2,2,19,4,15,23,0,0
"631a9f635762d2b83a53202b",64,"average",20,20,21.5,5.5,13,32,0.398497370398196,0
"631a9f635762d2b83a53202b",65,"average",2,2,19,4,15,23,0,0
"631a9f635762d2b83a53202b",66,"average",20,20,20.5,5.5,12,31,0.398497370398196,0
"631a9f635762d2b83a53202b",67,"average",2,2,28,4,24,32,0,0
"631a9f635762d2b83a53202b",68,"average",20,20,18.5,5.5,10,29,0.398497370398196,0
"631a9f635762d2b83a53202b",69,"average",2,2,16,4,12,20,0,0
"631a9f635762d2b83a53202b",70,"average",2,2,17,4,13,21,0,0
"631a9f635762d2b83a53202b",71,"average",20,20,27.5,5.5,19,38,0.398497370398196,0
"631a9f635762d2b83a53202b",72,"average",2,2,36,4,32,40,0,0
"631a9f635762d2b83a53202b",73,"average",10,10,23.2,5.9464274989274,14,32,-0.125669583629514,0
"631a9f635762d2b83a53202b",74,"average",10,10,26.2,5.9464274989274,17,35,-0.125669583629514,0
"631a9f635762d2b83a53202b",75,"average",2,2,36,4,32,40,0,0
"631a9f635762d2b83a53202b",76,"average",20,20,28.5,5.5,20,39,0.398497370398196,0
"631a9f635762d2b83a53202b",77,"average",10,10,31.2,5.9464274989274,22,40,-0.125669583629514,0
"631a9f635762d2b83a53202b",78,"average",2,2,33,4,29,37,0,0
"631a9f635762d2b83a53202b",79,"average",2,2,30,4,26,34,0,0
"631a9f635762d2b83a53202b",80,"average",10,10,32.2,5.9464274989274,23,41,-0.125669583629516,0
"631a9f635762d2b83a53202b",81,"average",10,10,18.2,5.9464274989274,9,27,-0.125669583629514,0
"631a9f635762d2b83a53202b",82,"average",10,10,29.2,5.9464274989274,20,38,-0.125669583629514,0
"631a9f635762d2b83a53202b",83,"average",20,20,30.5,5.5,22,41,0.398497370398196,0
"631a9f635762d2b83a53202b",84,"average",2,2,33,4,29,37,0,0
"631a9f635762d2b83a53202b",85,"average",20,20,24.5,5.5,16,35,0.398497370398196,0
"631a9f635762d2b83a53202b",86,"average",10,10,18.2,5.9464274989274,9,27,-0.125669583629514,0
"631a9f635762d2b83a53202b",87,"average",2,2,33,4,29,37,0,0
"631a9f635762d2b83a53202b",88,"average",2,2,34,4,30,38,0,0
"631a9f635762d2b83a53202b",89,"average",10,10,28.2,5.9464274989274,19,37,-0.125669583629514,0
"631a9f635762d2b83a53202b",90,"average",20,20,31.5,5.5,23,42,0.398497370398196,0
"631a9f635762d2b83a53202b",91,"average",20,20,14.5,5.5,6,25,0.398497370398196,0
"631a9f635762d2b83a53202b",92,"average",20,20,33.5,5.5,25,44,0.398497370398196,0
"631a9f635762d2b83a53202b",93,"average",2,2,27,4,23,31,0,0
"631a9f635762d2b83a53202b",94,"average",2,2,19,4,15,23,0,0
"631a9f635762d2b83a53202b",95,"average",10,10,23.2,5.9464274989274,14,32,-0.125669583629514,0
"631a9f635762d2b83a53202b",96,"average",20,20,19.5,5.5,11,30,0.398497370398196,0
"631a9f635762d2b83a53202b",97,"average",20,20,20.5,5.5,12,31,0.398497370398196,0
"631a9f635762d2b83a53202b",98,"average",10,10,17.2,5.9464274989274,8,26,-0.125669583629514,0
"631a9f635762d2b83a53202b",99,"average",10,10,29.2,5.9464274989274,20,38,-0.125669583629514,0
"631a9f635762d2b83a53202b",100,"average",10,10,25.2,5.9464274989274,16,34,-0.125669583629514,0
"631a9f635762d2b83a53202b",101,"average",10,10,16.2,5.9464274989274,7,25,-0.125669583629514,0
"631a9f635762d2b83a53202b",102,"average",20,20,30.5,5.5,22,41,0.398497370398196,0
"631a9f635762d2b83a53202b",103,"average",2,2,22,4,18,26,0,0
"631a9f635762d2b83a53202b",104,"average",20,20,17.5,5.5,9,28,0.398497370398196,0
"631a9f635762d2b83a53202b",105,"average",20,20,22.5,5.5,14,33,0.398497370398196,0
"631a9f635762d2b83a53202b",106,"average",10,10,15.2,5.9464274989274,6,24,-0.125669583629514,0
"631a9f635762d2b83a53202b",107,"average",10,10,21.2,5.9464274989274,12,30,-0.125669583629514,0
"631a9f635762d2b83a53202b",108,"average",20,20,22.5,5.5,14,33,0.398497370398196,0
"61074792728f0f9e791ad083",1,"average",8,8,39.625,5.49857936198069,31,48,0.157545979195505,0
"61074792728f0f9e791ad083",2,"average",4,4,37.25,4.264680527308,31,43,-0.172841411529399,0
"61074792728f0f9e791ad083",3,"average",2,2,39.5,6.5,33,46,0,0
"61074792728f0f9e791ad083",4,"average",3,3,14.6666666666667,2.05480466765633,12,17,-0.239063146929544,0
"61074792728f0f9e791ad083",5,"average",4,4,39.25,5.06828373317832,33,46,0.0957723532083353,0
"61074792728f0f9e791ad083",6,"average",5,5,38.2,6.14491659829489,30,48,0.291063237950241,0
"61074792728f0f9e791ad083",7,"average",6,6,37.5,5.7373048260195,30,46,0.31770750646889,0
"61074792728f0f9e791ad083",8,"average",12,12,37.8333333333333,6.02540916084174,29,48,0.210237785956736,0
"61074792728f0f9e791ad083",9,"average",6,6,10,4.83045891539648,3,18,0.195189972499694,0
"61074792728f0f9e791ad083",10,"average",10,10,39,6.6332495807108,29,48,-0.158293455903326,0
"61074792728f0f9e791ad083",11,"average",5,5,8,5.96657355607052,2,19,0.983004480579728,0
"61074792728f0f9e791ad083",12,"average",7,7,14.7142857142857,2.91372543633873,11,20,0.491468920388359,0
"61074792728f0f9e791ad083",13,"average",10,10,18.2,5.9464274989274,9,27,-0.125669583629514,0
"61074792728f0f9e791ad083",14,"average",20,20,27.5,5.5,19,38,0.398497370398196,0
"61074792728f0f9e791ad083",15,"average",20,20,17.5,5.5,9,28,0.398497370398196,0
"61074792728f0f9e791ad083",16,"average",20,20,12.5,5.5,4,23,0.398497370398196,0
"61074792728f0f9e791ad083",17,"average",20,20,26.5,5.5,18,37,0.398497370398196,0
"61074792728f0f9e791ad083",18,"average",10,10,35.2,5.9464274989274,26,44,-0.125669583629516,0
"61074792728f0f9e791ad083",19,"average",2,2,27,4,23,31,0,0
"61074792728f0f9e791ad083",20,"average",20,20,18.5,5.5,10,29,0.398497370398196,0
"61074792728f0f9e791ad083",21,"average",2,2,22,4,18,26,0,0
"61074792728f0f9e791ad083",22,"average",20,20,16.5,5.5,8,27,0.398497370398196,0
"61074792728f0f9e791ad083",23,"average",10,10,23.2,5.9464274989274,14,32,-0.125669583629514,0
"61074792728f0f9e791ad083",24,"average",2,2,21,4,17,25,0,0
"61074792728f0f9e791ad083",25,"average",20,20,21.5,5.5,13,32,0.398497370398196,0
"61074792728f0f9e791ad083",26,"average",10,10,18.2,5.9464274989274,9,27,-0.125669583629514,0
"61074792728f0f9e791ad083",27,"average",2,2,16,4,12,20,0,0
"61074792728f0f9e791ad083",28,"average",10,10,31.2,5.9464274989274,22,40,-0.125669583629514,0
"61074792728f0f9e791ad083",29,"average",10,10,18.2,5.9464274989274,9,27,-0.125669583629514,0
"61074792728f0f9e791ad083",30,"average",10,10,33.2,5.9464274989274,24,42,-0.125669583629516,0
"61074792728f0f9e791ad083",31,"average",10,10,14.2,5.9464274989274,5,23,-0.125669583629514,0
"61074792728f0f9e791ad083",32,"average",2,2,17,4,13,21,0,0
"61074792728f0f9e791ad083",33,"average",2,2,14,4,10,18,0,0
"61074792728f0f9e791ad083",34,"average",20,20,20.5,5.5,12,31,0.398497370398196,0
"61074792728f0f9e791ad083",35,"average",2,2,30,4,26,34,0,0
"61074792728f0f9e791ad083",36,"average",2,2,35,4,31,39,0,0
"61074792728f0f9e791ad083",37,"average",2,2,20,4,16,24,0,0
"61074792728f0f9e791ad083",38,"average",10,10,15.2,5.9464274989274,6,24,-0.125669583629514,0
"61074792728f0f9e791ad083",39,"average",2,2,28,4,24,32,0,0
"61074792728f0f9e791ad083",40,"average",2,2,25,4,21,29,0,0
"61074792728f0f9e791ad083",41,"average",20,20,30.5,5.5,22,41,0.398497370398196,0
"61074792728f0f9e791ad083",42,"average",10,10,31.2,5.9464274989274,22,40,-0.125669583629514,0
"61074792728f0f9e791ad083",43,"average",20,20,18.5,5.5,10,29,0.398497370398196,0
"61074792728f0f9e791ad083",44,"average",2,2,25,4,21,29,0,0
"61074792728f0f9e791ad083",45,"average",20,20,15.5,5.5,7,26,0.398497370398196,0
"61074792728f0f9e791ad083",46,"average",2,2,36,4,32,40,0,0
"61074792728f0f9e791ad083",47,"average",10,10,24.2,5.9464274989274,15,33,-0.125669583629514,0
"61074792728f0f9e791ad083",48,"average",20,20,15.5,5.5,7,26,0.398497370398196,0
"61074792728f0f9e791ad083",49,"average",2,2,24,4,20,28,0,0
"61074792728f0f9e791ad083",50,"average",2,2,31,4,27,35,0,0
"61074792728f0f9e791ad083",51,"average",2,2,31,4,27,35,0,0
"61074792728f0f9e791ad083",52,"average",10,10,22.2,5.9464274989274,13,31,-0.125669583629514,0
"61074792728f0f9e791ad083",53,"average",20,20,28.5,5.5,20,39,0.398497370398196,0
"61074792728f0f9e791ad083",54,"average",20,20,14.5,5.5,6,25,0.398497370398196,0
"61074792728f0f9e791ad083",55,"average",10,10,20.2,5.9464274989274,11,29,-0.125669583629514,0
"61074792728f0f9e791ad083",56,"average",10,10,34.2,5.9464274989274,25,43,-0.125669583629516,0
"61074792728f0f9e791ad083",57,"average",10,10,30.2,5.9464274989274,21,39,-0.125669583629514,0
"61074792728f0f9e791ad083",58,"average",20,20,25.5,5.5,17,36,0.398497370398196,0
"61074792728f0f9e791ad083",59,"average",10,10,36.2,5.9464274989274,27,45,-0.125669583629516,0
"61074792728f0f9e791ad083",60,"average",20,20,18.5,5.5,10,29,0.398497370398196,0
"61074792728f0f9e791ad083",61,"average",2,2,16,4,12,20,0,0
"61074792728f0f9e791ad083",62,"average",20,20,23.5,5.5,15,34,0.398497370398196,0
"61074792728f0f9e791ad083",63,"average",2,2,26,4,22,30,0,0
"61074792728f0f9e791ad083",64,"average",2,2,18,4,14,22,0,0
"61074792728f0f9e791ad083",65,"average",2,2,14,4,10,18,0,0
"61074792728f0f9e791ad083",66,"average",2,2,20,4,16,24,0,0
"61074792728f0f9e791ad083",67,"average",10,10,32.2,5.9464274989274,23,41,-0.125669583629516,0
"61074792728f0f9e791ad083",68,"average",10,10,21.2,5.9464274989274,12,30,-0.125669583629514,0
"61074792728f0f9e791ad083",69,"average",20,20,21.5,5.5,13,32,0.398497370398196,0
"61074792728f0f9e791ad083",70,"average",20,20,33.5,5.5,25,44,0.398497370398196,0
"61074792728f0f9e791ad083",71,"average",20,20,31.5,5.5,23,42,0.398497370398196,0
"61074792728f0f9e791ad083",72,"average",10,10,14.2,5.9464274989274,5,23,-0.125669583629514,0
"61074792728f0f9e791ad083",73,"average",20,20,29.5,5.5,21,40,0.398497370398196,0
"61074792728f0f9e791ad083",74,"average",2,2,35,4,31,39,0,0
"61074792728f0f9e791ad083",75,"average",2,2,18,4,14,22,0,0
"61074792728f0f9e791ad083",76,"average",2,2,15,4,11,19,0,0
"61074792728f0f9e791ad083",77,"average",20,20,20.5,5.5,12,31,0.398497370398196,0
"61074792728f0f9e791ad083",78,"average",10,10,14.2,5.9464274989274,5,23,-0.125669583629514,0
"61074792728f0f9e791ad083",79,"average",2,2,16,4,12,20,0,0
"61074792728f0f9e791ad083",80,"average",2,2,28,4,24,32,0,0
"61074792728f0f9e791ad083",81,"average",10,10,33.2,5.9464274989274,24,42,-0.125669583629516,0
"61074792728f0f9e791ad083",82,"average",10,10,14.2,5.9464274989274,5,23,-0.125669583629514,0
"61074792728f0f9e791ad083",83,"average",10,10,14.2,5.9464274989274,5,23,-0.125669583629514,0
"61074792728f0f9e791ad083",84,"average",20,20,34.5,5.5,26,45,0.398497370398196,0
"61074792728f0f9e791ad083",85,"average",10,10,23.2,5.9464274989274,14,32,-0.125669583629514,0
"61074792728f0f9e791ad083",86,"average",20,20,20.5,5.5,12,31,0.398497370398196,0
"61074792728f0f9e791ad083",87,"average",2,2,28,4,24,32,0,0
"61074792728f0f9e791ad083",88,"average",20,20,21.5,5.5,13,32,0.398497370398196,0
"61074792728f0f9e791ad083",89,"average",20,20,18.5,5.5,10,29,0.398497370398196,0
"61074792728f0f9e791ad083",90,"average",10,10,35.2,5.9464274989274,26,44,-0.125669583629516,0
"61074792728f0f9e791ad083",91,"average",20,20,19.5,5.5,11,30,0.398497370398196,0
"61074792728f0f9e791ad083",92,"average",20,20,29.5,5.5,21,40,0.398497370398196,0
"61074792728f0f9e791ad083",93,"average",10,10,29.2,5.9464274989274,20,38,-0.125669583629514,0
"61074792728f0f9e791ad083",94,"average",20,20,13.5,5.5,5,24,0.398497370398196,0
"61074792728f0f9e791ad083",95,"average",20,20,28.5,5.5,20,39,0.398497370398196,0
"61074792728f0f9e791ad083",96,"average",10,10,34.2,5.9464274989274,25,43,-0.125669583629516,0
"61074792728f0f9e791ad083",97,"average",20,20,24.5,5.5,16,35,0.398497370398196,0
"61074792728f0f9e791ad083",98,"average",2,2,25,4,21,29,0,0
"61074792728f0f9e791ad083",99,"average",2,2,16,4,12,20,0,0
"61074792728f0f9e791ad083",100,"average",10,10,23.2,5.9464274989274,14,32,-0.125669583629514,0
"61074792728f0f9e791ad083",101,"average",2,2,33,4,29,37,0,0
"61074792728f0f9e791ad083",102,"average",2,2,27,4,23,31,0,0
"61074792728f0f9e791ad083",103,"average",2,2,21,4,17,25,0,0
"61074792728f0f9e791ad083",104,"average",10,10,33.2,5.9464274989274,24,42,-0.125669583629516,0
"61074792728f0f9e791ad083",105,"average",10,10,33.2,5.9464274989274,24,42,-0.125669583629516,0
"61074792728f0f9e791ad083",106,"average",10,10,36.2,5.9464274989274,27,45,-0.125669583629516,0
"61074792728f0f9e791ad083",107,"average",20,20,15.5,5.5,7,26,0.398497370398196,0
"61074792728f0f9e791ad083",108,"average",10,10,31.2,5.9464274989274,22,40,-0.125669583629514,0
"62e97dfea1a1ef00cb9f0b10",1,"average",8,8,37.125,3.65504787930336,31,43,-0.00791983289328891,0
"62e97dfea1a1ef00cb9f0b10",2,"average",10,10,39.8,6.4621977685614,30,48,-0.239145002087208,0
"62e97dfea1a1ef00cb9f0b10",3,"average",8,8,34.375,4.44233891097922,29,42,0.426285679938245,0
"62e97dfea1a1ef00cb9f0b10",4,"average",7,7,37.1428571428571,5.22161910928488,29,46,0.189832272581423,0
"62e97dfea1a1ef00cb9f0b10",5,"average",11,11,10,5.34279463815095,2,18,0.0751056165410079,0
"62e97dfea1a1ef00cb9f0b10",6,"average",2,2,31.5,2.5,29,34,0,0
"62e97dfea1a1ef00cb9f0b10",7,"average",10,10,36.6,6.24819974072532,29,47,0.384996140761338,0
"62e97dfea1a1ef00cb9f0b10",8,"average",7,7,7.42857142857143,5.473498303048,1,17,0.415391986570402,1
"62e97dfea1a1ef00cb9f0b10",9,"average",9,9,37.5555555555556,5.75637059866161,29,47,0.170340515690359,0
"62e97dfea1a1ef00cb9f0b10",10,"average",3,3,40.6666666666667,3.68178700572909,36,45,-0.135061522784739,0
"62e97dfea1a1ef00cb9f0b10",11,"average",6,6,11.8333333333333,5.01386965216377,6,19,0.138106772507328,0
"62e97dfea1a1ef00cb9f0b10",12,"average",5,5,41.2,4.57820925690384,34,47,-0.279118433368433,0
"62e97dfea1a1ef00cb9f0b10",13,"average",20,20,27.5,5.5,19,38,0.398497370398196,0
"62e97dfea1a1ef00cb9f0b10",14,"average",10,10,33.2,5.9464274989274,24,42,-0.125669583629516,0
"62e97dfea1a1ef00cb9f0b10",15,"average",2,2,15,4,11,19,0,0
"62e97dfea1a1ef00cb9f0b10",16,"average",2,2,30,4,26,34,0,0
"62e97dfea1a1ef00cb9f0b10",17,"average",10,10,14.2,5.9464274989274,5,23,-0.125669583629514,0
"62e97dfea1a1ef00cb9f0b10",18,"average",20,20,21.5,5.5,13,32,0.398497370398196,0
"62e97dfea1a1ef00cb9f0b10",19,"average",20,20,32.5,5.5,24,43,0.398497370398196,0
"62e97dfea1a1ef00cb9f0b10",20,"average",2,2,29,4,25,33,0,0
"62e97dfea1a1ef00cb9f0b10",21,"average",20,20,26.5,5.5,18,37,0.398497370398196,0
"62e97dfea1a1ef00cb9f0b10",22,"average",20,20,26.5,5.5,18,37,0.398497370398196,0
"62e97dfea1a1ef00cb9f0b10",23,"average",2,2,28,4,24,32,0,0
"62e97dfea1a1ef00cb9f0b10",24,"average",2,2,21,4,17,25,0,0
"62e97dfea1a1ef00cb9f0b10",25,"average",2,2,32,4,28,36,0,0
"62e97dfea1a1ef00cb9f0b10",26,"average",20,20,23.5,5.5,15,34,0.398497370398196,0
"62e97dfea1a1ef00cb9f0b10",27,"average",2,2,24,4,20,28,0,0
"62e97dfea1a1ef00cb9f0b10",28,"average",2,2,19,4,15,23,0,0
"62e97dfea1a1ef00cb9f0b10",29,"average",20,20,13.5,5.5,5,24,0.398497370398196,0
"62e97dfea1a1ef00cb9f0b10",30,"average",2,2,31,4,27,35,0,0
"62e97dfea1a1ef00cb9f0b10",31,"average",10,10,16.2,5.9464274989274,7,25,-0.125669583629514,0
"62e97dfea1a1ef00cb9f0b10",32,"average",10,10,14.2,5.9464274989274,5,23,-0.125669583629514,0
"62e97dfea1a1ef00cb9f0b10",33,"average",20,20,12.5,5.5,4,23,0.398497370398196,0
"62e97dfea1a1ef00cb9f0b10",34,"average",20,20,21.5,5.5,13,32,0.398497370398196,0
"62e97dfea1a1ef00cb9f0b10",35,"average",20,20,19.5,5.5,11,30,0.398497370398196,0
"62e97dfea1a1ef00cb9f0b10",36,"average",10,10,21.2,5.9464274989274,12,30,-0.125669583629514,0
"62e97dfea1a1ef00cb9f0b10",37,"average",10,10,25.2,5.9464274989274,16,34,-0.125669583629514,0
"62e97dfea1a1ef00cb9f0b10",38,"average",2,2,22,4,18,26,0,0
"62e97dfea1a1ef00cb9f0b10",39,"average",10,10,26.2,5.9464274989274,17,35,-0.125669583629514,0
"62e97dfea1a1ef00cb9f0b10",40,"average",20,20,32.5,5.5,24,43,0.398497370398196,0
"62e97dfea1a1ef00cb9f0b10",41,"average",2,2,34,4,30,38,0,0
"62e97dfea1a1ef00cb9f0b10",42,"average",20,20,25.5,5.5,17,36,0.398497370398196,0
"62e97dfea1a1ef00cb9f0b10",43,"average",10,10,21.2,5.9464274989274,12,30,-0.125669583629514,0
"62e97dfea1a1ef00cb9f0b10",44,"average",2,2,33,4,29,37,0,0
"62e97dfea1a1ef00cb9f0b10",45,"average",10,10,23.2,5.9464274989274,14,32,-0.125669583629514,0
"62e97dfea1a1ef00cb9f0b10",46,"average",20,20,34.5,5.5,26,45,0.398497370398196,0
"62e97dfea1a1ef00cb9f0b10",47,"average",10,10,32.2,5.9464274989274,23,41,-0.125669583629516,0
"62e97dfea1a1ef00cb9f0b10",48,"average",10,10,34.2,5.9464274989274,25,43,-0.125669583629516,0
"62e97dfea1a1ef00cb9f0b10",49,"average",2,2,21,4,17,25,0,0
"62e97dfea1a1ef00cb9f0b10",50,"average",10,10,16.2,5.9464274989274,7,25,-0.125669583629514,0
"62e97dfea1a1ef00cb9f0b10",51,"average",10,10,15.2,5.9464274989274,6,24,-0.125669583629514,0
"62e97dfea1a1ef00cb9f0b10",52,"average",20,20,29.5,5.5,21,40,0.398497370398196,0
"62e97dfea1a1ef00cb9f0b10",53,"average",10,10,18.2,5.9464274989274,9,27,-0.125669583629514,0
"62e97dfea1a1ef00cb9f0b10",54,"average",2,2,27,4,23,31,0,0
"62e97dfea1a1ef00cb9f0b10",55,"average",20,20,30.5,5.5,22,41,0.398497370398196,0
"62e97dfea1a1ef00cb9f0b10",56,"average",20,20,14.5,5.5,6,25,0.398497370398196,0
"62e97dfea1a1ef00cb9f0b10",57,"average",10,10,19.2,5.9464274989274,10,28,-0.125669583629514,0
"62e97dfea1a1ef00cb9f0b10",58,"average",2,2,26,4,22,30,0,0
"62e97dfea1a1ef00cb9f0b10",59,"average",2,2,36,4,32,40,0,0
"62e97dfea1a1ef00cb9f0b10",60,"average",10,10,23.2,5.9464274989274,14,32,-0.125669583629514,0
"62e97dfea1a1ef00cb9f0b10",61,"average",10,10,32.2,5.9464274989274,23,41,-0.125669583629516,0
"62e97dfea1a1ef00cb9f0b10",62,"average",2,2,31,4,27,35,0,0
"62e97dfea1a1ef00cb9f0b10",63,"average",2,2,25,4,21,29,0,0
"62e97dfea1a1ef00cb9f0b10",64,"average",10,10,21.2,5.9464274989274,12,30,-0.125669583629514,0
"62e97dfea1a1ef00cb9f0b10",65,"average",20,20,31.5,5.5,23,42,0.398497370398196,0
"62e97dfea1a1ef00cb9f0b10",66,"average",20,20,33.5,5.5,25,44,0.398497370398196,0
"62e97dfea1a1ef00cb9f0b10",67,"average",20,20,25.5,5.5,17,36,0.398497370398196,0
"62e97dfea1a1ef00cb9f0b10",68,"average",20,20,22.5,5.5,14,33,0.398497370398196,0
"62e97dfea1a1ef00cb9f0b10",69,"average",20,20,32.5,5.5,24,43,0.398497370398196,0
"62e97dfea1a1ef00cb9f0b10",70,"average",20,20,17.5,5.5,9,28,0.398497370398196,0
"62e97dfea1a1ef00cb9f0b10",71,"average",10,10,25.2,5.9464274989274,16,34,-0.125669583629514,0
"62e97dfea1a1ef00cb9f0b10",72,"average",2,2,24,4,20,28,0,0
"62e97dfea1a1ef00cb9f0b10",73,"average",10,10,24.2,5.9464274989274,15,33,-0.125669583629514,0
"62e97dfea1a1ef00cb9f0b10",74,"average",10,10,18.2,5.9464274989274,9,27,-0.125669583629514,0
"62e97dfea1a1ef00cb9f0b10",75,"average",10,10,22.2,5.9464274989274,13,31,-0.125669583629514,0
"62e97dfea1a1ef00cb9f0b10",76,"average",2,2,24,4,20,28,0,0
"62e97dfea1a1ef00cb9f0b10",77,"average",10,10,17.2,5.9464274989274,8,26,-0.125669583629514,0
"62e97dfea1a1ef00cb9f0b10",78,"average",10,10,25.2,5.9464274989274,16,34,-0.125669583629514,0
"62e97dfea1a1ef00cb9f0b10",79,"average",2,2,17,4,13,21,0,0
"62e97dfea1a1ef00cb9f0b10",80,"average",2,2,24,4,20,28,0,0
"62e97dfea1a1ef00cb9f0b10",81,"average",2,2,26,4,22,30,0,0
"62e97dfea1a1ef00cb9f0b10",82,"average",20,20,20.5,5.5,12,31,0.398497370398196,0
"62e97dfea1a1ef00cb9f0b10",83,"average",10,10,32.2,5.9464274989274,23,41,-0.125669583629516,0
"62e97dfea1a1ef00cb9f0b10",84,"average",20,20,21.5,5.5,13,32,0.398497370398196,0
"62e97dfea1a1ef00cb9f0b10",85,"average",10,10,16.2,5.9464274989274,7,25,-0.125669583629514,0
"62e97dfea1a1ef00cb9f0b10",86,"average",20,20,24.5,5.5,16,35,0.398497370398196,0
"62e97dfea1a1ef00cb9f0b10",87,"average",2,2,34,4,30,38,0,0
"62e97dfea1a1ef00cb9f0b10",88,"average",2,2,28,4,24,32,0,0
"62e97dfea1a1ef00cb9f0b10",89,"average",10,10,23.2,5.9464274989274,14,32,-0.125669583629514,0
"62e97dfea1a1ef00cb9f0b10",90,"average",20,20,20.5,5.5,12,31,0.398497370398196,0
"62e97dfea1a1ef00cb9f0b10",91,"average",10,10,15.2,5.9464274989274,6,24,-0.125669583629514,0
"62e97dfea1a1ef00cb9f0b10",92,"average",20,20,25.5,5.5,17,36,0.398497370398196,0
"62e97dfea1a1ef00cb9f0b10",93,"average",2,2,31,4,27,35,0,0
"62e97dfea1a1ef00cb9f0b10",94,"average",10,10,21.2,5.9464274989274,12,30,-0.125669583629514,0
"62e97dfea1a1ef00cb9f0b10",95,"average",2,2,24,4,20,28,0,0
"62e97dfea1a1ef00cb9f0b10",96,"average",20,20,30.5,5.5,22,41,0.398497370398196,0
"62e97dfea1a1ef00cb9f0b10",97,"average",2,2,29,4,25,33,0,0
"62e97dfea1a1ef00cb9f0b10",98,"average",2,2,36,4,32,40,0,0
"62e97dfea1a1ef00cb9f0b10",99,"average",2,2,25,4,21,29,0,0
"62e97dfea1a1ef00cb9f0b10",100,"average",20,20,21.5,5.5,13,32,0.398497370398196,0
"62e97dfea1a1ef00cb9f0b10",101,"average",20,20,20.5,5.5,12,31,0.398497370398196,0
"62e97dfea1a1ef00cb9f0b10",102,"average",2,2,15,4,11,19,0,0
"62e97dfea1a1ef00cb9f0b10",103,"average",20,20,32.5,5.5,24,43,0.398497370398196,0
"62e97dfea1a1ef00cb9f0b10",104,"average",10,10,27.2,5.9464274989274,18,36,-0.125669583629514,0
"62e97dfea1a1ef00cb9f0b10",105,"average",2,2,16,4,12,20,0,0
"62e97dfea1a1ef00cb9f0b10",106,"average",10,10,19.2,5.9464274989274,10,28,-0.125669583629514,0
"62e97dfea1a1ef00cb9f0b10",107,"average",10,10,33.2,5.9464274989274,24,42,-0.125669583629516,0
"62e97dfea1a1ef00cb9f0b10",108,"average",20,20,20.5,5.5,12,31,0.398497370398196,0
"64509bfcd8d8b7e61f801e95",1,"average",11,11,8.90909090909091,5.01732535510787,1,17,-0.0759143524397354,1
"64509bfcd8d8b7e61f801e95",2,"average",5,5,11,5.40370243444252,5,20,0.593200586254245,0
"64509bfcd8d8b7e61f801e95",3,"average",10,10,10.7,6.05061980296234,1,20,-0.0718873667481676,1
"64509bfcd8d8b7e61f801e95",4,"average",2,2,43,2,41,45,0,0
"64509bfcd8d8b7e61f801e95",5,"average",5,5,40.8,4.62168800331654,35,48,0.370991451682293,0
"64509bfcd8d8b7e61f801e95",6,"average",2,2,39,5,34,44,0,0
"64509bfcd8d8b7e61f801e95",7,"average",7,7,36.7142857142857,4.86134272204959,30,45,0.15165186294992,0
"64509bfcd8d8b7e61f801e95",8,"average",10,10,38.5,5.67890834580027,29,47,-0.353818410728065,0
"64509bfcd8d8b7e61f801e95",9,"average",3,3,4.33333333333333,1.6996731711976,2,6,-0.528004979218187,0
"64509bfcd8d8b7e61f801e95",10,"average",6,6,10,6.08276253029822,1,17,-0.244376873021477,1
"64509bfcd8d8b7e61f801e95",11,"average",12,12,38.75,5.83273806486571,29,47,-0.253074552397082,0
"64509bfcd8d8b7e61f801e95",12,"average",10,10,40.8,5.99666574022598,29,48,-0.610350301213421,0
"64509bfcd8d8b7e61f801e95",13,"average",2,2,23,4,19,27,0,0
"64509bfcd8d8b7e61f801e95",14,"average",10,10,33.2,5.9464274989274,24,42,-0.125669583629516,0
"64509bfcd8d8b7e61f801e95",15,"average",20,20,20.5,5.5,12,31,0.398497370398196,0
"64509bfcd8d8b7e61f801e95",16,"average",10,10,31.2,5.9464274989274,22,40,-0.125669583629514,0
"64509bfcd8d8b7e61f801e95",17,"average",2,2,33,4,29,37,0,0
"64509bfcd8d8b7e61f801e95",18,"average",20,20,13.5,5.5,5,24,0.398497370398196,0
"64509bfcd8d8b7e61f801e95",19,"average",10,10,26.2,5.9464274989274,17,35,-0.125669583629514,0
"64509bfcd8d8b7e61f801e95",20,"average",10,10,28.2,5.9464274989274,19,37,-0.125669583629514,0
"64509bfcd8d8b7e61f801e95",21,"average",10,10,24.2,5.9464274989274,15,33,-0.125669583629514,0
"64509bfcd8d8b7e61f801e95",22,"average",10,10,18.2,5.9464274989274,9,27,-0.125669583629514,0
"64509bfcd8d8b7e61f801e95",23,"average",20,20,24.5,5.5,16,35,0.398497370398196,0
"64509bfcd8d8b7e61f801e95",24,"average",2,2,35,4,31,39,0,0
"64509bfcd8d8b7e61f801e95",25,"average",20,20,14.5,5.5,6,25,0.398497370398196,0
"64509bfcd8d8b7e61f801e95",26,"average",2,2,29,4,25,33,0,0
"64509bfcd8d8b7e61f801e95",27,"average",20,20,28.5,5.5,20,39,0.398497370398196,0
"64509bfcd8d8b7e61f801e95",28,"average",10,10,24.2,5.9464274989274,15,33,-0.125669583629514,0
"64509bfcd8d8b7e61f801e95",29,"average",20,20,12.5,5.5,4,23,0.398497370398196,0
"64509bfcd8d8b7e61f801e95",30,"average",20,20,17.5,5.5,9,28,0.398497370398196,0
"64509bfcd8d8b7e61f801e95",31,"average",2,2,31,4,27,35,0,0
"64509bfcd8d8b7e61f801e95",32,"average",2,2,32,4,28,36,0,0
"64509bfcd8d8b7e61f801e95",33,"average",10,10,30.2,5.9464274989274,21,39,-0.125669583629514,0
"64509bfcd8d8b7e61f801e95",34,"average",2,2,16,4,12,20,0,0
"64509bfcd8d8b7e61f801e95",35,"average",20,20,31.5,5.5,23,42,0.398497370398196,0
"64509bfcd8d8b7e61f801e95",36,"average",10,10,21.2,5.9464274989274,12,30,-0.125669583629514,0
"64509bfcd8d8b7e61f801e95",37,"average",10,10,19.2,5.9464274989274,10,28,-0.125669583629514,0
"64509bfcd8d8b7e61f801e95",38,"average",10,10,31.2,5.9464274989274,22,40,-0.125669583629514,0
"64509bfcd8d8b7e61f801e95",39,"average",10,10,35.2,5.9464274989274,26,44,-0.125669583629516,0
"64509bfcd8d8b7e61f801e95",40,"average",2,2,19,4,15,23,0,0
"64509bfcd8d8b7e61f801e95",41,"average",2,2,25,4,21,29,0,0
"64509bfcd8d8b7e61f801e95",42,"average",20,20,28.5,5.5,20,39,0.398497370398196,0
"64509bfcd8d8b7e61f801e95",43,"average",10,10,26.2,5.9464274989274,17,35,-0.125669583629514,0
"64509bfcd8d8b7e61f801e95",44,"average",20,20,28.5,5.5,20,39,0.398497370398196,0
"64509bfcd8d8b7e61f801e95",45,"average",2,2,31,4,27,35,0,0
"64509bfcd8d8b7e61f801e95",46,"average",2,2,16,4,12,20,0,0
"64509bfcd8d8b7e61f801e95",47,"average",10,10,18.2,5.9464274989274,9,27,-0.125669583629514,0
"64509bfcd8d8b7e61f801e95",48,"average",20,20,30.5,5.5,22,41,0.398497370398196,0
"64509bfcd8d8b7e61f801e95",49,"average",20,20,18.5,5.5,10,29,0.398497370398196,0
"64509bfcd8d8b7e61f801e95",50,"average",20,20,33.5,5.5,25,44,0.398497370398196,0
"64509bfcd8d8b7e61f801e95",51,"average",2,2,32,4,28,36,0,0
"64509bfcd8d8b7e61f801e95",52,"average",2,2,35,4,31,39,0,0
"64509bfcd8d8b7e61f801e95",53,"average",10,10,27.2,5.9464274989274,18,36,-0.125669583629514,0
"64509bfcd8d8b7e61f801e95",54,"average",2,2,26,4,22,30,0,0
"64509bfcd8d8b7e61f801e95",55,"average",20,20,24.5,5.5,16,35,0.398497370398196,0
"64509bfcd8d8b7e61f801e95",56,"average",20,20,18.5,5.5,10,29,0.398497370398196,0
"64509bfcd8d8b7e61f801e95",57,"average",20,20,28.5,5.5,20,39,0.398497370398196,0
"64509bfcd8d8b7e61f801e95",58,"average",2,2,34,4,30,38,0,0
"64509bfcd8d8b7e61f801e95",59,"average",2,2,15,4,11,19,0,0
"64509bfcd8d8b7e61f801e95",60,"average",10,10,32.2,5.9464274989274,23,41,-0.125669583629516,0
"64509bfcd8d8b7e61f801e95",61,"average",10,10,36.2,5.9464274989274,27,45,-0.125669583629516,0
"64509bfcd8d8b7e61f801e95",62,"average",2,2,15,4,11,19,0,0
"64509bfcd8d8b7e61f801e95",63,"average",2,2,18,4,14,22,0,0
"64509bfcd8d8b7e61f801e95",64,"average",20,20,12.5,5.5,4,23,0.398497370398196,0
"64509bfcd8d8b7e61f801e95",65,"average",10,10,25.2,5.9464274989274,16,34,-0.125669583629514,0
"64509bfcd8d8b7e61f801e95",66,"average",2,2,32,4,28,36,0,0
"64509bfcd8d8b7e61f801e95",67,"average",20,20,31.5,5.5,23,42,0.398497370398196,0
"64509bfcd8d8b7e61f801e95",68,"average",10,10,19.2,5.9464274989274,10,28,-0.125669583629514,0
"64509bfcd8d8b7e61f801e95",69,"average",2,2,31,4,27,35,0,0
"64509bfcd8d8b7e61f801e95",70,"average",20,20,19.5,5.5,11,30,0.398497370398196,0
"64509bfcd8d8b7e61f801e95",71,"average",2,2,17,4,13,21,0,0
"64509bfcd8d8b7e61f801e95",72,"average",20,20,32.5,5.5,24,43,0.398497370398196,0
"64509bfcd8d8b7e61f801e95",73,"average",10,10,24.2,5.9464274989274,15,33,-0.125669583629514,0
"64509bfcd8d8b7e61f801e95",74,"average",2,2,22,4,18,26,0,0
"64509bfcd8d8b7e61f801e95",75,"average",2,2,30,4,26,34,0,0
"64509bfcd8d8b7e61f801e95",76,"average",10,10,20.2,5.9464274989274,11,29,-0.125669583629514,0
"64509bfcd8d8b7e61f801e95",77,"average",2,2,16,4,12,20,0,0
"64509bfcd8d8b7e61f801e95",78,"average",10,10,18.2,5.9464274989274,9,27,-0.125669583629514,0
"64509bfcd8d8b7e61f801e95",79,"average",20,20,16.5,5.5,8,27,0.398497370398196,0
"64509bfcd8d8b7e61f801e95",80,"average",20,20,23.5,5.5,15,34,0.398497370398196,0
"64509bfcd8d8b7e61f801e95",81,"average",20,20,24.5,5.5,16,35,0.398497370398196,0
"64509bfcd8d8b7e61f801e95",82,"average",10,10,27.2,5.9464274989274,18,36,-0.125669583629514,0
"64509bfcd8d8b7e61f801e95",83,"average",2,2,19,4,15,23,0,0
"64509bfcd8d8b7e61f801e95",84,"average",10,10,23.2,5.9464274989274,14,32,-0.125669583629514,0
"64509bfcd8d8b7e61f801e95",85,"average",10,10,22.2,5.9464274989274,13,31,-0.125669583629514,0
"64509bfcd8d8b7e61f801e95",86,"average",10,10,28.2,5.9464274989274,19,37,-0.125669583629514,0
"64509bfcd8d8b7e61f801e95",87,"average",2,2,24,4,20,28,0,0
"64509bfcd8d8b7e61f801e95",88,"average",20,20,17.5,5.5,9,28,0.398497370398196,0
"64509bfcd8d8b7e61f801e95",89,"average",20,20,13.5,5.5,5,24,0.398497370398196,0
"64509bfcd8d8b7e61f801e95",90,"average",20,20,32.5,5.5,24,43,0.398497370398196,0
"64509bfcd8d8b7e61f801e95",91,"average",2,2,29,4,25,33,0,0
"64509bfcd8d8b7e61f801e95",92,"average",2,2,21,4,17,25,0,0
"64509bfcd8d8b7e61f801e95",93,"average",20,20,12.5,5.5,4,23,0.398497370398196,0
"64509bfcd8d8b7e61f801e95",94,"average",2,2,36,4,32,40,0,0
"64509bfcd8d8b7e61f801e95",95,"average",20,20,16.5,5.5,8,27,0.398497370398196,0
"64509bfcd8d8b7e61f801e95",96,"average",10,10,29.2,5.9464274989274,20,38,-0.125669583629514,0
"64509bfcd8d8b7e61f801e95",97,"average",10,10,19.2,5.9464274989274,10,28,-0.125669583629514,0
"64509bfcd8d8b7e61f801e95",98,"average",10,10,31.2,5.9464274989274,22,40,-0.125669583629514,0
"64509bfcd8d8b7e61f801e95",99,"average",20,20,12.5,5.5,4,23,0.398497370398196,0
"64509bfcd8d8b7e61f801e95",100,"average",2,2,29,4,25,33,0,0
"64509bfcd8d8b7e61f801e95",101,"average",10,10,22.2,5.9464274989274,13,31,-0.125669583629514,0
"64509bfcd8d8b7e61f801e95",102,"average",20,20,17.5,5.5,9,28,0.398497370398196,0
"64509bfcd8d8b7e61f801e95",103,"average",10,10,15.2,5.9464274989274,6,24,-0.125669583629514,0
"64509bfcd8d8b7e61f801e95",104,"average",2,2,28,4,24,32,0,0
"64509bfcd8d8b7e61f801e95",105,"average",20,20,23.5,5.5,15,34,0.398497370398196,0
"64509bfcd8d8b7e61f801e95",106,"average",20,20,30.5,5.5,22,41,0.398497370398196,0
"64509bfcd8d8b7e61f801e95",107,"average",10,10,28.2,5.9464274989274,19,37,-0.125669583629514,0
"64509bfcd8d8b7e61f801e95",108,"average",2,2,20,4,16,24,0,0
"672e86a538b9e142805a426e",1,"average",12,12,38.9166666666667,6.55055129147328,29,48,-0.0884272003695671,0
"672e86a538b9e142805a426e",2,"average",10,10,39.2,4.72863616701476,30,47,-0.187492366285673,0
"672e86a538b9e142805a426e",3,"average",2,2,10,8,2,18,0,0
"672e86a538b9e142805a426e",4,"average",6,6,13.1666666666667,3.71558280160133,7,18,-0.40433695009916,0
"672e86a538b9e142805a426e",5,"average",12,12,38.5833333333333,6.8246896551337,29,48,0.0200590475804575,0
"672e86a538b9e142805a426e",6,"average",11,11,38.4545454545455,4.73600591913858,31,48,0.295695440131767,0
"672e86a538b9e142805a426e",7,"average",6,6,12.6666666666667,6.74948557710553,1,20,-0.587819564835365,1
"672e86a538b9e142805a426e",8,"average",3,3,7.66666666666667,3.85861230093008,4,13,0.567316577993729,0
"672e86a538b9e142805a426e",9,"average",3,3,37.3333333333333,7.40870359029762,29,47,0.264123822860517,0
"672e86a538b9e142805a426e",10,"average",11,11,8.18181818181818,4.91413881881439,1,18,0.510996342479837,1
"672e86a538b9e142805a426e",11,"average",6,6,11.3333333333333,5.84997625826141,3,19,0.0453252292737193,0
"672e86a538b9e142805a426e",12,"average",8,8,37.25,5.95294044989533,30,48,0.422626941601146,0
"672e86a538b9e142805a426e",13,"average",2,2,19,4,15,23,0,0
"672e86a538b9e142805a426e",14,"average",10,10,24.2,5.9464274989274,15,33,-0.125669583629514,0
"672e86a538b9e142805a426e",15,"average",20,20,23.5,5.5,15,34,0.398497370398196,0
"672e86a538b9e142805a426e",16,"average",20,20,18.5,5.5,10,29,0.398497370398196,0
"672e86a538b9e142805a426e",17,"average",20,20,23.5,5.5,15,34,0.398497370398196,0
"672e86a538b9e142805a426e",18,"average",10,10,25.2,5.9464274989274,16,34,-0.125669583629514,0
"672e86a538b9e142805a426e",19,"average",20,20,31.5,5.5,23,42,0.398497370398196,0
"672e86a538b9e142805a426e",20,"average",2,2,30,4,26,34,0,0
"672e86a538b9e142805a426e",21,"average",2,2,31,4,27,35,0,0
"672e86a538b9e142805a426e",22,"average",2,2,14,4,10,18,0,0
"672e86a538b9e142805a426e",23,"average",10,10,26.2,5.9464274989274,17,35,-0.125669583629514,0
"672e86a538b9e142805a426e",24,"average",20,20,18.5,5.5,10,29,0.398497370398196,0
"672e86a538b9e142805a426e",25,"average",10,10,25.2,5.9464274989274,16,34,-0.125669583629514,0
"672e86a538b9e142805a426e",26,"average",10,10,15.2,5.9464274989274,6,24,-0.125669583629514,0
"672e86a538b9e142805a426e",27,"average",10,10,32.2,5.9464274989274,23,41,-0.125669583629516,0
"672e86a538b9e142805a426e",28,"average",2,2,26,4,22,30,0,0
"672e86a538b9e142805a426e",29,"average",20,20,19.5,5.5,11,30,0.398497370398196,0
"672e86a538b9e142805a426e",30,"average",10,10,26.2,5.9464274989274,17,35,-0.125669583629514,0
"672e86a538b9e142805a426e",31,"average",20,20,23.5,5.5,15,34,0.398497370398196,0
"672e86a538b9e142805a426e",32,"average",2,2,26,4,22,30,0,0
"672e86a538b9e142805a426e",33,"average",10,10,22.2,5.9464274989274,13,31,-0.125669583629514,0
"672e86a538b9e142805a426e",34,"average",20,20,28.5,5.5,20,39,0.398497370398196,0
"672e86a538b9e142805a426e",35,"average",2,2,32,4,28,36,0,0
"672e86a538b9e142805a426e",36,"average",2,2,24,4,20,28,0,0
"672e86a538b9e142805a426e",37,"average",2,2,19,4,15,23,0,0
"672e86a538b9e142805a426e",38,"average",2,2,30,4,26,34,0,0
"672e86a538b9e142805a426e",39,"average",10,10,23.2,5.9464274989274,14,32,-0.125669583629514,0
"672e86a538b9e142805a426e",40,"average",20,20,17.5,5.5,9,28,0.398497370398196,0
"672e86a538b9e142805a426e",41,"average",2,2,21,4,17,25,0,0
"672e86a538b9e142805a426e",42,"average",20,20,31.5,5.5,23,42,0.398497370398196,0
"672e86a538b9e142805a426e",43,"average",10,10,19.2,5.9464274989274,10,28,-0.125669583629514,0
"672e86a538b9e142805a426e",44,"average",2,2,14,4,10,18,0,0
"672e86a538b9e142805a426e",45,"average",10,10,18.2,5.9464274989274,9,27,-0.125669583629514,0
"672e86a538b9e142805a426e",46,"average",2,2,21,4,17,25,0,0
"672e86a538b9e142805a426e",47,"average",20,20,34.5,5.5,26,45,0.398497370398196,0
"672e86a538b9e142805a426e",48,"average",20,20,33.5,5.5,25,44,0.398497370398196,0
"672e86a538b9e142805a426e",49,"average",10,10,35.2,5.9464274989274,26,44,-0.125669583629516,0
"672e86a538b9e142805a426e",50,"average",2,2,32,4,28,36,0,0
"672e86a538b9e142805a426e",51,"average",2,2,31,4,27,35,0,0
"672e86a538b9e142805a426e",52,"average",20,20,27.5,5.5,19,38,0.398497370398196,0
"672e86a538b9e142805a426e",53,"average",10,10,27.2,5.9464274989274,18,36,-0.125669583629514,0
"672e86a538b9e142805a426e",54,"average",10,10,24.2,5.9464274989274,15,33,-0.125669583629514,0
"672e86a538b9e142805a426e",55,"average",10,10,15.2,5.9464274989274,6,24,-0.125669583629514,0
"672e86a538b9e142805a426e",56,"average",20,20,12.5,5.5,4,23,0.398497370398196,0
"672e86a538b9e142805a426e",57,"average",2,2,24,4,20,28,0,0
"672e86a538b9e142805a426e",58,"average",20,20,13.5,5.5,5,24,0.398497370398196,0
"672e86a538b9e142805a426e",59,"average",10,10,22.2,5.9464274989274,13,31,-0.125669583629514,0
"672e86a538b9e142805a426e",60,"average",20,20,12.5,5.5,4,23,0.398497370398196,0
"672e86a538b9e142805a426e",61,"average",10,10,17.2,5.9464274989274,8,26,-0.125669583629514,0
"672e86a538b9e142805a426e",62,"average",20,20,13.5,5.5,5,24,0.398497370398196,0
"672e86a538b9e142805a426e",63,"average",10,10,18.2,5.9464274989274,9,27,-0.125669583629514,0
"672e86a538b9e142805a426e",64,"average",2,2,15,4,11,19,0,0
"672e86a538b9e142805a426e",65,"average",10,10,17.2,5.9464274989274,8,26,-0.125669583629514,0
"672e86a538b9e142805a426e",66,"average",10,10,20.2,5.9464274989274,11,29,-0.125669583629514,0
"672e86a538b9e142805a426e",67,"average",20,20,27.5,5.5,19,38,0.398497370398196,0
"672e86a538b9e142805a426e",68,"average",2,2,31,4,27,35,0,0
"672e86a538b9e142805a426e",69,"average",2,2,29,4,25,33,0,0
"672e86a538b9e142805a426e",70,"average",20,20,31.5,5.5,23,42,0.398497370398196,0
"672e86a538b9e142805a426e",71,"average",2,2,23,4,19,27,0,0
"672e86a538b9e142805a426e",72,"average",2,2,19,4,15,23,0,0
"672e86a538b9e142805a426e",73,"average",10,10,35.2,5.9464274989274,26,44,-0.125669583629516,0
"672e86a538b9e142805a426e",74,"average",20,20,21.5,5.5,13,32,0.398497370398196,0
"672e86a538b9e142805a426e",75,"average",2,2,33,4,29,37,0,0
"672e86a538b9e142805a426e",76,"average",10,10,19.2,5.9464274989274,10,28,-0.125669583629514,0
"672e86a538b9e142805a426e",77,"average",20,20,31.5,5.5,23,42,0.398497370398196,0
"672e86a538b9e142805a426e",78,"average",2,2,26,4,22,30,0,0
"672e86a538b9e142805a426e",79,"average",20,20,14.5,5.5,6,25,0.398497370398196,0
"672e86a538b9e142805a426e",80,"average",20,20,20.5,5.5,12,31,0.398497370398196,0
"672e86a538b9e142805a426e",81,"average",20,20,29.5,5.5,21,40,0.398497370398196,0
"672e86a538b9e142805a426e",82,"average",10,10,29.2,5.9464274989274,20,38,-0.125669583629514,0
"672e86a538b9e142805a426e",83,"average",20,20,23.5,5.5,15,34,0.398497370398196,0
"672e86a538b9e142805a426e",84,"average",20,20,19.5,5.5,11,30,0.398497370398196,0
"672e86a538b9e142805a426e",85,"average",10,10,22.2,5.9464274989274,13,31,-0.125669583629514,0
"672e86a538b9e142805a426e",86,"average",20,20,34.5,5.5,26,45,0.398497370398196,0
"672e86a538b9e142805a426e",87,"average",10,10,36.2,5.9464274989274,27,45,-0.125669583629516,0
"672e86a538b9e142805a426e",88,"average",10,10,25.2,5.9464274989274,16,34,-0.125669583629514,0
"672e86a538b9e142805a426e",89,"average",2,2,18,4,14,22,0,0
"672e86a538b9e142805a426e",90,"average",20,20,20.5,5.5,12,31,0.398497370398196,0
"672e86a538b9e142805a426e",91,"average",20,20,26.5,5.5,18,37,0.398497370398196,0
"672e86a538b9e142805a426e",92,"average",2,2,25,4,21,29,0,0
"672e86a538b9e142805a426e",93,"average",2,2,34,4,30,38,0,0
"672e86a538b9e142805a426e",94,"average",2,2,21,4,17,25,0,0
"672e86a538b9e142805a426e",95,"average",2,2,27,4,23,31,0,0
"672e86a538b9e142805a426e",96,"average",10,10,20.2,5.9464274989274,11,29,-0.125669583629514,0
"672e86a538b9e142805a426e",97,"average",2,2,32,4,28,36,0,0
"672e86a538b9e142805a426e",98,"average",20,20,16.5,5.5,8,27,0.398497370398196,0
"672e86a538b9e142805a426e",99,"average",2,2,32,4,28,36,0,0
"672e86a538b9e142805a426e",100,"average",10,10,27.2,5.9464274989274,18,36,-0.125669583629514,0
"672e86a538b9e142805a426e",101,"average",2,2,17,4,13,21,0,0
"672e86a538b9e142805a426e",102,"average",10,10,21.2,5.9464274989274,12,30,-0.125669583629514,0
"672e86a538b9e142805a426e",103,"average",2,2,14,4,10,18,0,0
"672e86a538b9e142805a426e",104,"average",20,20,31.5,5.5,23,42,0.398497370398196,0
"672e86a538b9e142805a426e",105,"average",10,10,23.2,5.9464274989274,14,32,-0.125669583629514,0
"672e86a538b9e142805a426e",106,"average",10,10,27.2,5.9464274989274,18,36,-0.125669583629514,0
"672e86a538b9e142805a426e",107,"average",20,20,25.5,5.5,17,36,0.398497370398196,0
"672e86a538b9e142805a426e",108,"average",10,10,16.2,5.9464274989274,7,25,-0.125669583629514,0
"588f1a4f7f238e000133c03f",1,"average",11,11,39,6.04528366128956,29,48,-0.185169637653668,0
"588f1a4f7f238e000133c03f",2,"average",6,6,7.83333333333333,5.01386965216377,2,16,0.376120571934852,0
"588f1a4f7f238e000133c03f",3,"average",3,3,37.6666666666667,2.05480466765633,35,40,-0.239063146929541,0
"588f1a4f7f238e000133c03f",4,"average",11,11,35.7272727272727,5.70631084599099,29,48,0.83481758805279,0
"588f1a4f7f238e000133c03f",5,"average",12,12,37.5833333333333,5.00763306252454,30,46,0.286694240738133,0
"588f1a4f7f238e000133c03f",6,"average",12,12,9.75,6.37867541108654,1,20,0.0608064838468753,1
"588f1a4f7f238e000133c03f",7,"average",10,10,37.9,5.18555686498567,30,46,-0.00309811506442207,0
"588f1a4f7f238e000133c03f",8,"average",10,10,37.9,5.22398315464359,30,46,0.0525243313266555,0
"588f1a4f7f238e000133c03f",9,"average",10,10,8.9,5.18555686498567,1,19,0.143201762977763,1
"588f1a4f7f238e000133c03f",10,"average",10,10,12.2,5.97996655509042,2,20,-0.492247596028455,0
"588f1a4f7f238e000133c03f",11,"average",5,5,11.4,3.9293765408777,4,15,-1.11080391353975,0
"588f1a4f7f238e000133c03f",12,"average",5,5,36,3.286335345031,32,41,0.236670240897294,0
"588f1a4f7f238e000133c03f",13,"average",2,2,19,4,15,23,0,0
"588f1a4f7f238e000133c03f",14,"average",10,10,14.2,5.9464274989274,5,23,-0.125669583629514,0
"588f1a4f7f238e000133c03f",15,"average",10,10,25.2,5.9464274989274,16,34,-0.125669583629514,0
"588f1a4f7f238e000133c03f",16,"average",20,20,20.5,5.5,12,31,0.398497370398196,0
"588f1a4f7f238e000133c03f",17,"average",2,2,36,4,32,40,0,0
"588f1a4f7f238e000133c03f",18,"average",20,20,26.5,5.5,18,37,0.398497370398196,0
"588f1a4f7f238e000133c03f",19,"average",20,20,22.5,5.5,14,33,0.398497370398196,0
"588f1a4f7f238e000133c03f",20,"average",2,2,25,4,21,29,0,0
"588f1a4f7f238e000133c03f",21,"average",2,2,22,4,18,26,0,0
"588f1a4f7f238e000133c03f",22,"average",2,2,21,4,17,25,0,0
"588f1a4f7f238e000133c03f",23,"average",2,2,35,4,31,39,0,0
"588f1a4f7f238e000133c03f",24,"average",10,10,26.2,5.9464274989274,17,35,-0.125669583629514,0
"588f1a4f7f238e000133c03f",25,"average",2,2,33,4,29,37,0,0
"588f1a4f7f238e000133c03f",26,"average",10,10,29.2,5.9464274989274,20,38,-0.125669583629514,0
"588f1a4f7f238e000133c03f",27,"average",2,2,15,4,11,19,0,0
"588f1a4f7f238e000133c03f",28,"average",20,20,17.5,5.5,9,28,0.398497370398196,0
"588f1a4f7f238e000133c03f",29,"average",10,10,15.2,5.9464274989274,6,24,-0.125669583629514,0
"588f1a4f7f238e000133c03f",30,"average",2,2,16,4,12,20,0,0
"588f1a4f7f238e000133c03f",31,"average",10,10,23.2,5.9464274989274,14,32,-0.125669583629514,0
"588f1a4f7f238e000133c03f",32,"average",10,10,25.2,5.9464274989274,16,34,-0.125669583629514,0
"588f1a4f7f238e000133c03f",33,"average",10,10,15.2,5.9464274989274,6,24,-0.125669583629514,0
"588f1a4f7f238e000133c03f",34,"average",10,10,31.2,5.9464274989274,22,40,-0.125669583629514,0
"588f1a4f7f238e000133c03f",35,"average",2,2,28,4,24,32,0,0
"588f1a4f7f238e000133c03f",36,"average",10,10,14.2,5.9464274989274,5,23,-0.125669583629514,0
"588f1a4f7f238e000133c03f",37,"average",10,10,25.2,5.9464274989274,16,34,-0.125669583629514,0
"588f1a4f7f238e000133c03f",38,"average",10,10,14.2,5.9464274989274,5,23,-0.125669583629514,0
"588f1a4f7f238e000133c03f",39,"average",10,10,14.2,5.9464274989274,5,23,-0.125669583629514,0
"588f1a4f7f238e000133c03f",40,"average",2,2,30,4,26,34,0,0
"588f1a4f7f238e000133c03f",41,"average",20,20,15.5,5.5,7,26,0.398497370398196,0
"588f1a4f7f238e000133c03f",42,"average",20,20,27.5,5.5,19,38,0.398497370398196,0
"588f1a4f7f238e000133c03f",43,"average",20,20,27.5,5.5,19,38,0.398497370398196,0
"588f1a4f7f238e000133c03f",44,"average",20,20,18.5,5.5,10,29,0.398497370398196,0
"588f1a4f7f238e000133c03f",45,"average",20,20,29.5,5.5,21,40,0.398497370398196,0
"588f1a4f7f238e000133c03f",46,"average",2,2,17,4,13,21,0,0
"588f1a4f7f238e000133c03f",47,"average",20,20,28.5,5.5,20,39,0.398497370398196,0
"588f1a4f7f238e000133c03f",48,"average",20,20,32.5,5.5,24,43,0.398497370398196,0
"588f1a4f7f238e000133c03f",49,"average",10,10,15.2,5.9464274989274,6,24,-0.125669583629514,0
"588f1a4f7f238e000133c03f",50,"average",10,10,34.2,5.9464274989274,25,43,-0.125669583629516,0
"588f1a4f7f238e000133c03f",51,"average",2,2,29,4,25,33,0,0
"588f1a4f7f238e000133c03f",52,"average",2,2,25,4,21,29,0,0
"588f1a4f7f238e000133c03f",53,"average",20,20,26.5,5.5,18,37,0.398497370398196,0
"588f1a4f7f238e000133c03f",54,"average",20,20,14.5,5.5,6,25,0.398497370398196,0
"588f1a4f7f238e000133c03f",55,"average",20,20,25.5,5.5,17,36,0.398497370398196,0
"588f1a4f7f238e000133c03f",56,"average",2,2,21,4,17,25,0,0
"588f1a4f7f238e000133c03f",57,"average",10,10,35.2,5.9464274989274,26,44,-0.125669583629516,0
"588f1a4f7f238e000133c03f",58,"average",2,2,35,4,31,39,0,0
"588f1a4f7f238e000133c03f",59,"average",20,20,26.5,5.5,18,37,0.398497370398196,0
"588f1a4f7f238e000133c03f",60,"average",20,20,13.5,5.5,5,24,0.398497370398196,0
"588f1a4f7f238e000133c03f",61,"average",10,10,17.2,5.9464274989274,8,26,-0.125669583629514,0
"588f1a4f7f238e000133c03f",62,"average",2,2,15,4,11,19,0,0
"588f1a4f7f238e000133c03f",63,"average",2,2,17,4,13,21,0,0
"588f1a4f7f238e000133c03f",64,"average",20,20,17.5,5.5,9,28,0.398497370398196,0
"588f1a4f7f238e000133c03f",65,"average",2,2,17,4,13,21,0,0
"588f1a4f7f238e000133c03f",66,"average",20,20,23.5,5.5,15,34,0.398497370398196,0
"588f1a4f7f238e000133c03f",67,"average",2,2,18,4,14,22,0,0
"588f1a4f7f238e000133c03f",68,"average",20,20,25.5,5.5,17,36,0.398497370398196,0
"588f1a4f7f238e000133c03f",69,"average",10,10,31.2,5.9464274989274,22,40,-0.125669583629514,0
"588f1a4f7f238e000133c03f",70,"average",10,10,26.2,5.9464274989274,17,35,-0.125669583629514,0
"588f1a4f7f238e000133c03f",71,"average",20,20,33.5,5.5,25,44,0.398497370398196,0
"588f1a4f7f238e000133c03f",72,"average",2,2,26,4,22,30,0,0
"588f1a4f7f238e000133c03f",73,"average",10,10,32.2,5.9464274989274,23,41,-0.125669583629516,0
"588f1a4f7f238e000133c03f",74,"average",10,10,32.2,5.9464274989274,23,41,-0.125669583629516,0
"588f1a4f7f238e000133c03f",75,"average",20,20,26.5,5.5,18,37,0.398497370398196,0
"588f1a4f7f238e000133c03f",76,"average",20,20,24.5,5.5,16,35,0.398497370398196,0
"588f1a4f7f238e000133c03f",77,"average",2,2,19,4,15,23,0,0
"588f1a4f7f238e000133c03f",78,"average",10,10,29.2,5.9464274989274,20,38,-0.125669583629514,0
"588f1a4f7f238e000133c03f",79,"average",10,10,22.2,5.9464274989274,13,31,-0.125669583629514,0
"588f1a4f7f238e000133c03f",80,"average",2,2,30,4,26,34,0,0
"588f1a4f7f238e000133c03f",81,"average",10,10,34.2,5.9464274989274,25,43,-0.125669583629516,0
"588f1a4f7f238e000133c03f",82,"average",20,20,18.5,5.5,10,29,0.398497370398196,0
"588f1a4f7f238e000133c03f",83,"average",20,20,32.5,5.5,24,43,0.398497370398196,0
"588f1a4f7f238e000133c03f",84,"average",20,20,28.5,5.5,20,39,0.398497370398196,0
"588f1a4f7f238e000133c03f",85,"average",10,10,31.2,5.9464274989274,22,40,-0.125669583629514,0
"588f1a4f7f238e000133c03f",86,"average",10,10,34.2,5.9464274989274,25,43,-0.125669583629516,0
"588f1a4f7f238e000133c03f",87,"average",2,2,26,4,22,30,0,0
"588f1a4f7f238e000133c03f",88,"average",2,2,16,4,12,20,0,0
"588f1a4f7f238e000133c03f",89,"average",10,10,15.2,5.9464274989274,6,24,-0.125669583629514,0
"588f1a4f7f238e000133c03f",90,"average",10,10,28.2,5.9464274989274,19,37,-0.125669583629514,0
"588f1a4f7f238e000133c03f",91,"average",20,20,22.5,5.5,14,33,0.398497370398196,0
"588f1a4f7f238e000133c03f",92,"average",20,20,12.5,5.5,4,23,0.398497370398196,0
"588f1a4f7f238e000133c03f",93,"average",20,20,13.5,5.5,5,24,0.398497370398196,0
"588f1a4f7f238e000133c03f",94,"average",2,2,26,4,22,30,0,0
"588f1a4f7f238e000133c03f",95,"average",10,10,16.2,5.9464274989274,7,25,-0.125669583629514,0
"588f1a4f7f238e000133c03f",96,"average",20,20,18.5,5.5,10,29,0.398497370398196,0
"588f1a4f7f238e000133c03f",97,"average",20,20,21.5,5.5,13,32,0.398497370398196,0
"588f1a4f7f238e000133c03f",98,"average",2,2,36,4,32,40,0,0
"588f1a4f7f238e000133c03f",99,"average",20,20,30.5,5.5,22,41,0.398497370398196,0
"588f1a4f7f238e000133c03f",100,"average",2,2,23,4,19,27,0,0
"588f1a4f7f238e000133c03f",101,"average",2,2,22,4,18,26,0,0
"588f1a4f7f238e000133c03f",102,"average",10,10,36.2,5.9464274989274,27,45,-0.125669583629516,0
"588f1a4f7f238e000133c03f",103,"average",20,20,30.5,5.5,22,41,0.398497370398196,0
"588f1a4f7f238e000133c03f",104,"average",2,2,27,4,23,31,0,0
"588f1a4f7f238e000133c03f",105,"average",2,2,25,4,21,29,0,0
"588f1a4f7f238e000133c03f",106,"average",2,2,27,4,23,31,0,0
"588f1a4f7f238e000133c03f",107,"average",10,10,24.2,5.9464274989274,15,33,-0.125669583629514,0
"588f1a4f7f238e000133c03f",108,"average",10,10,15.2,5.9464274989274,6,24,-0.125669583629514,0
"66707f3a4435f4e05d0940a1",1,"average",2,2,45,2,43,47,0,0
"66707f3a4435f4e05d0940a1",2,"average",11,11,40.2727272727273,5.98621004841976,31,48,-0.285522879932958,0
"66707f3a4435f4e05d0940a1",3,"average",2,2,39.5,7.5,32,47,0,0
"66707f3a4435f4e05d0940a1",4,"average",9,9,39.6666666666667,5.41602560309064,31,48,-0.106772543311617,0
"66707f3a4435f4e05d0940a1",5,"average",11,11,11.8181818181818,4.74472303661814,4,20,0.036716379336907,0
"66707f3a4435f4e05d0940a1",6,"average",9,9,7.66666666666667,5.55777733351102,1,20,0.919919875398181,1
"66707f3a4435f4e05d0940a1",7,"average",2,2,39.5,0.5,39,40,0,0
"66707f3a4435f4e05d0940a1",8,"average",3,3,34,3.55902608401044,29,37,-0.665468866123835,0
"66707f3a4435f4e05d0940a1",9,"average",11,11,38.4545454545455,5.75821368076841,29,47,-0.234927006378708,0
"66707f3a4435f4e05d0940a1",10,"average",4,4,10.75,4.02336923485777,5,15,-0.323879993861629,0
"66707f3a4435f4e05d0940a1",11,"average",10,10,10.7,5.19711458407451,2,20,0.0259022206287156,0
"66707f3a4435f4e05d0940a1",12,"average",3,3,9.66666666666667,6.94422221866655,1,18,-0.0718917014929162,1
"66707f3a4435f4e05d0940a1",13,"average",10,10,14.2,5.9464274989274,5,23,-0.125669583629514,0
"66707f3a4435f4e05d0940a1",14,"average",10,10,31.2,5.9464274989274,22,40,-0.125669583629514,0
"66707f3a4435f4e05d0940a1",15,"average",20,20,31.5,5.5,23,42,0.398497370398196,0
"66707f3a4435f4e05d0940a1",16,"average",2,2,23,4,19,27,0,0
"66707f3a4435f4e05d0940a1",17,"average",2,2,14,4,10,18,0,0
"66707f3a4435f4e05d0940a1",18,"average",10,10,36.2,5.9464274989274,27,45,-0.125669583629516,0
"66707f3a4435f4e05d0940a1",19,"average",2,2,18,4,14,22,0,0
"66707f3a4435f4e05d0940a1",20,"average",2,2,31,4,27,35,0,0
"66707f3a4435f4e05d0940a1",21,"average",2,2,18,4,14,22,0,0
"66707f3a4435f4e05d0940a1",22,"average",2,2,26,4,22,30,0,0
"66707f3a4435f4e05d0940a1",23,"average",2,2,20,4,16,24,0,0
"66707f3a4435f4e05d0940a1",24,"average",20,20,25.5,5.5,17,36,0.398497370398196,0
"66707f3a4435f4e05d0940a1",25,"average",10,10,27.2,5.9464274989274,18,36,-0.125669583629514,0
"66707f3a4435f4e05d0940a1",26,"average",20,20,26.5,5.5,18,37,0.398497370398196,0
"66707f3a4435f4e05d0940a1",27,"average",20,20,21.5,5.5,13,32,0.398497370398196,0
"66707f3a4435f4e05d0940a1",28,"average",2,2,30,4,26,34,0,0
"66707f3a4435f4e05d0940a1",29,"average",20,20,26.5,5.5,18,37,0.398497370398196,0
"66707f3a4435f4e05d0940a1",30,"average",20,20,18.5,5.5,10,29,0.398497370398196,0
"66707f3a4435f4e05d0940a1",31,"average",2,2,16,4,12,20,0,0
"66707f3a4435f4e05d0940a1",32,"average",20,20,13.5,5.5,5,24,0.398497370398196,0
"66707f3a4435f4e05d0940a1",33,"average",10,10,15.2,5.9464274989274,6,24,-0.125669583629514,0
"66707f3a4435f4e05d0940a1",34,"average",2,2,36,4,32,40,0,0
"66707f3a4435f4e05d0940a1",35,"average",10,10,15.2,5.9464274989274,6,24,-0.125669583629514,0
"66707f3a4435f4e05d0940a1",36,"average",20,20,31.5,5.5,23,42,0.398497370398196,0
"66707f3a4435f4e05d0940a1",37,"average",20,20,14.5,5.5,6,25,0.398497370398196,0
"66707f3a4435f4e05d0940a1",38,"average",10,10,14.2,5.9464274989274,5,23,-0.125669583629514,0
"66707f3a4435f4e05d0940a1",39,"average",10,10,31.2,5.9464274989274,22,40,-0.125669583629514,0
"66707f3a4435f4e05d0940a1",40,"average",20,20,18.5,5.5,10,29,0.398497370398196,0
"66707f3a4435f4e05d0940a1",41,"average",10,10,31.2,5.9464274989274,22,40,-0.125669583629514,0
"66707f3a4435f4e05d0940a1",42,"average",20,20,23.5,5.5,15,34,0.398497370398196,0
"66707f3a4435f4e05d0940a1",43,"average",10,10,24.2,5.9464274989274,15,33,-0.125669583629514,0
"66707f3a4435f4e05d0940a1",44,"average",10,10,36.2,5.9464274989274,27,45,-0.125669583629516,0
"66707f3a4435f4e05d0940a1",45,"average",20,20,34.5,5.5,26,45,0.398497370398196,0
"66707f3a4435f4e05d0940a1",46,"average",10,10,19.2,5.9464274989274,10,28,-0.125669583629514,0
"66707f3a4435f4e05d0940a1",47,"average",2,2,14,4,10,18,0,0
"66707f3a4435f4e05d0940a1",48,"average",2,2,25,4,21,29,0,0
"66707f3a4435f4e05d0940a1",49,"average",2,2,28,4,24,32,0,0
"66707f3a4435f4e05d0940a1",50,"average",10,10,31.2,5.9464274989274,22,40,-0.125669583629514,0
"66707f3a4435f4e05d0940a1",51,"average",2,2,28,4,24,32,0,0
"66707f3a4435f4e05d0940a1",52,"average",10,10,19.2,5.9464274989274,10,28,-0.125669583629514,0
"66707f3a4435f4e05d0940a1",53,"average",20,20,12.5,5.5,4,23,0.398497370398196,0
"66707f3a4435f4e05d0940a1",54,"average",2,2,30,4,26,34,0,0
"66707f3a4435f4e05d0940a1",55,"average",20,20,31.5,5.5,23,42,0.398497370398196,0
"66707f3a4435f4e05d0940a1",56,"average",20,20,20.5,5.5,12,31,0.398497370398196,0
"66707f3a4435f4e05d0940a1",57,"average",2,2,34,4,30,38,0,0
"66707f3a4435f4e05d0940a1",58,"average",10,10,27.2,5.9464274989274,18,36,-0.125669583629514,0
"66707f3a4435f4e05d0940a1",59,"average",20,20,16.5,5.5,8,27,0.398497370398196,0
"66707f3a4435f4e05d0940a1",60,"average",10,10,24.2,5.9464274989274,15,33,-0.125669583629514,0
"66707f3a4435f4e05d0940a1",61,"average",2,2,19,4,15,23,0,0
"66707f3a4435f4e05d0940a1",62,"average",2,2,24,4,20,28,0,0
"66707f3a4435f4e05d0940a1",63,"average",20,20,27.5,5.5,19,38,0.398497370398196,0
"66707f3a4435f4e05d0940a1",64,"average",2,2,15,4,11,19,0,0
"66707f3a4435f4e05d0940a1",65,"average",10,10,29.2,5.9464274989274,20,38,-0.125669583629514,0
"66707f3a4435f4e05d0940a1",66,"average",20,20,27.5,5.5,19,38,0.398497370398196,0
"66707f3a4435f4e05d0940a1",67,"average",2,2,16,4,12,20,0,0
"66707f3a4435f4e05d0940a1",68,"average",10,10,35.2,5.9464274989274,26,44,-0.125669583629516,0
"66707f3a4435f4e05d0940a1",69,"average",20,20,23.5,5.5,15,34,0.398497370398196,0
"66707f3a4435f4e05d0940a1",70,"average",10,10,27.2,5.9464274989274,18,36,-0.125669583629514,0
"66707f3a4435f4e05d0940a1",71,"average",10,10,20.2,5.9464274989274,11,29,-0.125669583629514,0
"66707f3a4435f4e05d0940a1",72,"average",20,20,25.5,5.5,17,36,0.398497370398196,0
"66707f3a4435f4e05d0940a1",73,"average",10,10,32.2,5.9464274989274,23,41,-0.125669583629516,0
"66707f3a4435f4e05d0940a1",74,"average",10,10,31.2,5.9464274989274,22,40,-0.125669583629514,0
"66707f3a4435f4e05d0940a1",75,"average",2,2,25,4,21,29,0,0
"66707f3a4435f4e05d0940a1",76,"average",20,20,29.5,5.5,21,40,0.398497370398196,0
"66707f3a4435f4e05d0940a1",77,"average",2,2,15,4,11,19,0,0
"66707f3a4435f4e05d0940a1",78,"average",10,10,14.2,5.9464274989274,5,23,-0.125669583629514,0
"66707f3a4435f4e05d0940a1",79,"average",20,20,20.5,5.5,12,31,0.398497370398196,0
"66707f3a4435f4e05d0940a1",80,"average",2,2,26,4,22,30,0,0
"66707f3a4435f4e05d0940a1",81,"average",10,10,29.2,5.9464274989274,20,38,-0.125669583629514,0
"66707f3a4435f4e05d0940a1",82,"average",2,2,33,4,29,37,0,0
"66707f3a4435f4e05d0940a1",83,"average",10,10,18.2,5.9464274989274,9,27,-0.125669583629514,0
"66707f3a4435f4e05d0940a1",84,"average",10,10,25.2,5.9464274989274,16,34,-0.125669583629514,0
"66707f3a4435f4e05d0940a1",85,"average",2,2,28,4,24,32,0,0
"66707f3a4435f4e05d0940a1",86,"average",2,2,30,4,26,34,0,0
"66707f3a4435f4e05d0940a1",87,"average",10,10,20.2,5.9464274989274,11,29,-0.125669583629514,0
"66707f3a4435f4e05d0940a1",88,"average",2,2,18,4,14,22,0,0
"66707f3a4435f4e05d0940a1",89,"average",10,10,15.2,5.9464274989274,6,24,-0.125669583629514,0
"66707f3a4435f4e05d0940a1",90,"average",10,10,26.2,5.9464274989274,17,35,-0.125669583629514,0
"66707f3a4435f4e05d0940a1",91,"average",20,20,14.5,5.5,6,25,0.398497370398196,0
"66707f3a4435f4e05d0940a1",92,"average",20,20,17.5,5.5,9,28,0.398497370398196,0
"66707f3a4435f4e05d0940a1",93,"average",2,2,20,4,16,24,0,0
"66707f3a4435f4e05d0940a1",94,"average",20,20,19.5,5.5,11,30,0.398497370398196,0
"66707f3a4435f4e05d0940a1",95,"average",20,20,25.5,5.5,17,36,0.398497370398196,0
"66707f3a4435f4e05d0940a1",96,"average",20,20,27.5,5.5,19,38,0.398497370398196,0
"66707f3a4435f4e05d0940a1",97,"average",20,20,25.5,5.5,17,36,0.398497370398196,0
"66707f3a4435f4e05d0940a1",98,"average",20,20,24.5,5.5,16,35,0.398497370398196,0
"66707f3a4435f4e05d0940a1",99,"average",20,20,31.5,5.5,23,42,0.398497370398196,0
"66707f3a4435f4e05d0940a1",100,"average",10,10,34.2,5.9464274989274,25,43,-0.125669583629516,0
"66707f3a4435f4e05d0940a1",101,"average",2,2,15,4,11,19,0,0
"66707f3a4435f4e05d0940a1",102,"average",10,10,18.2,5.9464274989274,9,27,-0.125669583629514,0
"66707f3a4435f4e05d0940a1",103,"average",2,2,36,4,32,40,0,0
"66707f3a4435f4e05d0940a1",104,"average",2,2,31,4,27,35,0,0
"66707f3a4435f4e05d0940a1",105,"average",10,10,28.2,5.9464274989274,19,37,-0.125669583629514,0
"66707f3a4435f4e05d0940a1",106,"average",20,20,26.5,5.5,18,37,0.398497370398196,0
"66707f3a4435f4e05d0940a1",107,"average",2,2,30,4,26,34,0,0
"66707f3a4435f4e05d0940a1",108,"average",20,20,18.5,5.5,10,29,0.398497370398196,0
"66450101a6a8f52f8b5db596",1,"average",7,7,11.7142857142857,6.69145053064593,2,20,-0.00437882489900209,0
"66450101a6a8f52f8b5db596",2,"average",9,9,12.3333333333333,4.78423336480244,6,20,0.238106816534611,0
"66450101a6a8f52f8b5db596",3,"average",5,5,38.4,6.56048778674269,31,47,0.179513354123776,0
"66450101a6a8f52f8b5db596",4,"average",3,3,36,3.55902608401044,31,39,-0.665468866123835,0
"66450101a6a8f52f8b5db596",5,"average",2,2,7,3,4,10,0,0
"66450101a6a8f52f8b5db596",6,"average",5,5,13.4,4.4988887516808,8,19,0.0664195639728529,0
"66450101a6a8f52f8b5db596",7,"average",12,12,10,5.78791845139511,1,20,0.116042027316899,1
"66450101a6a8f52f8b5db596",8,"average",2,2,41.5,1.5,40,43,0,0
"66450101a6a8f52f8b5db596",9,"average",4,4,38,1.87082869338697,36,41,0.687243193489091,0
"66450101a6a8f52f8b5db596",10,"average",11,11,11,5.32575218759157,2,19,0.0541635300143373,0
"66450101a6a8f52f8b5db596",11,"average",4,4,42.75,3.11247489949718,38,46,-0.513023958460306,0
"66450101a6a8f52f8b5db596",12,"average",8,8,40.375,6.36273329631221,29,48,-0.408486870852597,0
"66450101a6a8f52f8b5db596",13,"average",10,10,18.2,5.9464274989274,9,27,-0.125669583629514,0
"66450101a6a8f52f8b5db596",14,"average",2,2,22,4,18,26,0,0
"66450101a6a8f52f8b5db596",15,"average",20,20,19.5,5.5,11,30,0.398497370398196,0
"66450101a6a8f52f8b5db596",16,"average",10,10,27.2,5.9464274989274,18,36,-0.125669583629514,0
"66450101a6a8f52f8b5db596",17,"average",20,20,18.5,5.5,10,29,0.398497370398196,0
"66450101a6a8f52f8b5db596",18,"average",10,10,16.2,5.9464274989274,7,25,-0.125669583629514,0
"66450101a6a8f52f8b5db596",19,"average",2,2,14,4,10,18,0,0
"66450101a6a8f52f8b5db596",20,"average",10,10,25.2,5.9464274989274,16,34,-0.125669583629514,0
"66450101a6a8f52f8b5db596",21,"average",2,2,30,4,26,34,0,0
"66450101a6a8f52f8b5db596",22,"average",20,20,33.5,5.5,25,44,0.398497370398196,0
"66450101a6a8f52f8b5db596",23,"average",20,20,28.5,5.5,20,39,0.398497370398196,0
"66450101a6a8f52f8b5db596",24,"average",2,2,23,4,19,27,0,0
"66450101a6a8f52f8b5db596",25,"average",10,10,29.2,5.9464274989274,20,38,-0.125669583629514,0
"66450101a6a8f52f8b5db596",26,"average",10,10,20.2,5.9464274989274,11,29,-0.125669583629514,0
"66450101a6a8f52f8b5db596",27,"average",2,2,16,4,12,20,0,0
"66450101a6a8f52f8b5db596",28,"average",10,10,16.2,5.9464274989274,7,25,-0.125669583629514,0
"66450101a6a8f52f8b5db596",29,"average",20,20,15.5,5.5,7,26,0.398497370398196,0
"66450101a6a8f52f8b5db596",30,"average",2,2,30,4,26,34,0,0
"66450101a6a8f52f8b5db596",31,"average",10,10,18.2,5.9464274989274,9,27,-0.125669583629514,0
"66450101a6a8f52f8b5db596",32,"average",10,10,19.2,5.9464274989274,10,28,-0.125669583629514,0
"66450101a6a8f52f8b5db596",33,"average",2,2,23,4,19,27,0,0
"66450101a6a8f52f8b5db596",34,"average",20,20,13.5,5.5,5,24,0.398497370398196,0
"66450101a6a8f52f8b5db596",35,"average",10,10,28.2,5.9464274989274,19,37,-0.125669583629514,0
"66450101a6a8f52f8b5db596",36,"average",20,20,33.5,5.5,25,44,0.398497370398196,0
"66450101a6a8f52f8b5db596",37,"average",10,10,22.2,5.9464274989274,13,31,-0.125669583629514,0
"66450101a6a8f52f8b5db596",38,"average",2,2,31,4,27,35,0,0
"66450101a6a8f52f8b5db596",39,"average",10,10,14.2,5.9464274989274,5,23,-0.125669583629514,0
"66450101a6a8f52f8b5db596",40,"average",2,2,19,4,15,23,0,0
"66450101a6a8f52f8b5db596",41,"average",20,20,28.5,5.5,20,39,0.398497370398196,0
"66450101a6a8f52f8b5db596",42,"average",2,2,34,4,30,38,0,0
"66450101a6a8f52f8b5db596",43,"average",20,20,33.5,5.5,25,44,0.398497370398196,0
"66450101a6a8f52f8b5db596",44,"average",20,20,22.5,5.5,14,33,0.398497370398196,0
"66450101a6a8f52f8b5db596",45,"average",20,20,12.5,5.5,4,23,0.398497370398196,0
"66450101a6a8f52f8b5db596",46,"average",20,20,16.5,5.5,8,27,0.398497370398196,0
"66450101a6a8f52f8b5db596",47,"average",10,10,25.2,5.9464274989274,16,34,-0.125669583629514,0
"66450101a6a8f52f8b5db596",48,"average",2,2,23,4,19,27,0,0
"66450101a6a8f52f8b5db596",49,"average",2,2,31,4,27,35,0,0
"66450101a6a8f52f8b5db596",50,"average",10,10,19.2,5.9464274989274,10,28,-0.125669583629514,0
"66450101a6a8f52f8b5db596",51,"average",20,20,16.5,5.5,8,27,0.398497370398196,0
"66450101a6a8f52f8b5db596",52,"average",10,10,32.2,5.9464274989274,23,41,-0.125669583629516,0
"66450101a6a8f52f8b5db596",53,"average",2,2,21,4,17,25,0,0
"66450101a6a8f52f8b5db596",54,"average",10,10,19.2,5.9464274989274,10,28,-0.125669583629514,0
"66450101a6a8f52f8b5db596",55,"average",20,20,14.5,5.5,6,25,0.398497370398196,0
"66450101a6a8f52f8b5db596",56,"average",2,2,20,4,16,24,0,0
"66450101a6a8f52f8b5db596",57,"average",2,2,19,4,15,23,0,0
"66450101a6a8f52f8b5db596",58,"average",20,20,12.5,5.5,4,23,0.398497370398196,0
"66450101a6a8f52f8b5db596",59,"average",20,20,31.5,5.5,23,42,0.398497370398196,0
"66450101a6a8f52f8b5db596",60,"average",2,2,26,4,22,30,0,0
"66450101a6a8f52f8b5db596",61,"average",10,10,26.2,5.9464274989274,17,35,-0.125669583629514,0
"66450101a6a8f52f8b5db596",62,"average",2,2,19,4,15,23,0,0
"66450101a6a8f52f8b5db596",63,"average",20,20,12.5,5.5,4,23,0.398497370398196,0
"66450101a6a8f52f8b5db596",64,"average",20,20,23.5,5.5,15,34,0.398497370398196,0
"66450101a6a8f52f8b5db596",65,"average",2,2,20,4,16,24,0,0
"66450101a6a8f52f8b5db596",66,"average",10,10,28.2,5.9464274989274,19,37,-0.125669583629514,0
"66450101a6a8f52f8b5db596",67,"average",20,20,18.5,5.5,10,29,0.398497370398196,0
"66450101a6a8f52f8b5db596",68,"average",10,10,14.2,5.9464274989274,5,23,-0.125669583629514,0
"66450101a6a8f52f8b5db596",69,"average",20,20,20.5,5.5,12,31,0.398497370398196,0
"66450101a6a8f52f8b5db596",70,"average",2,2,25,4,21,29,0,0
"66450101a6a8f52f8b5db596",71,"average",2,2,34,4,30,38,0,0
"66450101a6a8f52f8b5db596",72,"average",10,10,14.2,5.9464274989274,5,23,-0.125669583629514,0
"66450101a6a8f52f8b5db596",73,"average",20,20,21.5,5.5,13,32,0.398497370398196,0
"66450101a6a8f52f8b5db596",74,"average",2,2,33,4,29,37,0,0
"66450101a6a8f52f8b5db596",75,"average",2,2,26,4,22,30,0,0
"66450101a6a8f52f8b5db596",76,"average",2,2,31,4,27,35,0,0
"66450101a6a8f52f8b5db596",77,"average",20,20,18.5,5.5,10,29,0.398497370398196,0
"66450101a6a8f52f8b5db596",78,"average",20,20,14.5,5.5,6,25,0.398497370398196,0
"66450101a6a8f52f8b5db596",79,"average",20,20,16.5,5.5,8,27,0.398497370398196,0
"66450101a6a8f52f8b5db596",80,"average",2,2,19,4,15,23,0,0
"66450101a6a8f52f8b5db596",81,"average",10,10,15.2,5.9464274989274,6,24,-0.125669583629514,0
"66450101a6a8f52f8b5db596",82,"average",20,20,29.5,5.5,21,40,0.398497370398196,0
"66450101a6a8f52f8b5db596",83,"average",10,10,23.2,5.9464274989274,14,32,-0.125669583629514,0
"66450101a6a8f52f8b5db596",84,"average",2,2,18,4,14,22,0,0
"66450101a6a8f52f8b5db596",85,"average",20,20,16.5,5.5,8,27,0.398497370398196,0
"66450101a6a8f52f8b5db596",86,"average",20,20,18.5,5.5,10,29,0.398497370398196,0
"66450101a6a8f52f8b5db596",87,"average",2,2,20,4,16,24,0,0
"66450101a6a8f52f8b5db596",88,"average",2,2,17,4,13,21,0,0
"66450101a6a8f52f8b5db596",89,"average",20,20,30.5,5.5,22,41,0.398497370398196,0
"66450101a6a8f52f8b5db596",90,"average",10,10,33.2,5.9464274989274,24,42,-0.125669583629516,0
"66450101a6a8f52f8b5db596",91,"average",2,2,24,4,20,28,0,0
"66450101a6a8f52f8b5db596",92,"average",2,2,21,4,17,25,0,0
"66450101a6a8f52f8b5db596",93,"average",10,10,30.2,5.9464274989274,21,39,-0.125669583629514,0
"66450101a6a8f52f8b5db596",94,"average",2,2,22,4,18,26,0,0
"66450101a6a8f52f8b5db596",95,"average",2,2,27,4,23,31,0,0
"66450101a6a8f52f8b5db596",96,"average",10,10,23.2,5.9464274989274,14,32,-0.125669583629514,0
"66450101a6a8f52f8b5db596",97,"average",10,10,22.2,5.9464274989274,13,31,-0.125669583629514,0
"66450101a6a8f52f8b5db596",98,"average",10,10,27.2,5.9464274989274,18,36,-0.125669583629514,0
"66450101a6a8f52f8b5db596",99,"average",2,2,17,4,13,21,0,0
"66450101a6a8f52f8b5db596",100,"average",20,20,16.5,5.5,8,27,0.398497370398196,0
"66450101a6a8f52f8b5db596",101,"average",10,10,16.2,5.9464274989274,7,25,-0.125669583629514,0
"66450101a6a8f52f8b5db596",102,"average",20,20,24.5,5.5,16,35,0.398497370398196,0
"66450101a6a8f52f8b5db596",103,"average",10,10,33.2,5.9464274989274,24,42,-0.125669583629516,0
"66450101a6a8f52f8b5db596",104,"average",10,10,19.2,5.9464274989274,10,28,-0.125669583629514,0
"66450101a6a8f52f8b5db596",105,"average",20,20,13.5,5.5,5,24,0.398497370398196,0
"66450101a6a8f52f8b5db596",106,"average",20,20,14.5,5.5,6,25,0.398497370398196,0
"66450101a6a8f52f8b5db596",107,"average",10,10,33.2,5.9464274989274,24,42,-0.125669583629516,0
"66450101a6a8f52f8b5db596",108,"average",10,10,22.2,5.9464274989274,13,31,-0.125669583629514,0
"656c1adbdb298e7230d7b396",1,"average",6,6,13.1666666666667,4.45034330760623,7,20,0.127740695330735,0
"656c1adbdb298e7230d7b396",2,"average",12,12,10.9166666666667,5.70757294205592,1,20,-0.279342044765766,1
"656c1adbdb298e7230d7b396",3,"average",7,7,38.7142857142857,6.13454587245254,30,47,-0.0284903457828204,0
"656c1adbdb298e7230d7b396",4,"average",6,6,12.8333333333333,4.37480158280223,7,20,0.136242269880936,0
"656c1adbdb298e7230d7b396",5,"average",2,2,7.5,2.5,5,10,0,0
"656c1adbdb298e7230d7b396",6,"average",2,2,38,8,30,46,0,0
"656c1adbdb298e7230d7b396",7,"average",5,5,41.6,3.61109401705356,38,48,0.834850577731621,0
"656c1adbdb298e7230d7b396",8,"average",9,9,8.11111111111111,3.34811537184875,2,13,-0.203210441216731,0
"656c1adbdb298e7230d7b396",9,"average",5,5,11.2,3.70944739819828,5,15,-0.651698649680082,0
"656c1adbdb298e7230d7b396",10,"average",9,9,7.88888888888889,5.76280110217331,2,20,1.10229966881733,0
"656c1adbdb298e7230d7b396",11,"average",12,12,9.75,5.70270403697521,1,19,0.0116267039417696,1
"656c1adbdb298e7230d7b396",12,"average",12,12,36.5,5.51513070259143,29,47,0.469443288927655,0
"656c1adbdb298e7230d7b396",13,"average",20,20,21.5,5.5,13,32,0.398497370398196,0
"656c1adbdb298e7230d7b396",14,"average",20,20,25.5,5.5,17,36,0.398497370398196,0
"656c1adbdb298e7230d7b396",15,"average",10,10,17.2,5.9464274989274,8,26,-0.125669583629514,0
"656c1adbdb298e7230d7b396",16,"average",2,2,36,4,32,40,0,0
"656c1adbdb298e7230d7b396",17,"average",2,2,26,4,22,30,0,0
"656c1adbdb298e7230d7b396",18,"average",20,20,23.5,5.5,15,34,0.398497370398196,0
"656c1adbdb298e7230d7b396",19,"average",10,10,17.2,5.9464274989274,8,26,-0.125669583629514,0
"656c1adbdb298e7230d7b396",20,"average",2,2,36,4,32,40,0,0
"656c1adbdb298e7230d7b396",21,"average",10,10,17.2,5.9464274989274,8,26,-0.125669583629514,0
"656c1adbdb298e7230d7b396",22,"average",10,10,24.2,5.9464274989274,15,33,-0.125669583629514,0
"656c1adbdb298e7230d7b396",23,"average",10,10,21.2,5.9464274989274,12,30,-0.125669583629514,0
"656c1adbdb298e7230d7b396",24,"average",2,2,34,4,30,38,0,0
"656c1adbdb298e7230d7b396",25,"average",2,2,19,4,15,23,0,0
"656c1adbdb298e7230d7b396",26,"average",2,2,21,4,17,25,0,0
"656c1adbdb298e7230d7b396",27,"average",10,10,30.2,5.9464274989274,21,39,-0.125669583629514,0
"656c1adbdb298e7230d7b396",28,"average",10,10,36.2,5.9464274989274,27,45,-0.125669583629516,0
"656c1adbdb298e7230d7b396",29,"average",20,20,20.5,5.5,12,31,0.398497370398196,0
"656c1adbdb298e7230d7b396",30,"average",20,20,15.5,5.5,7,26,0.398497370398196,0
"656c1adbdb298e7230d7b396",31,"average",20,20,12.5,5.5,4,23,0.398497370398196,0
"656c1adbdb298e7230d7b396",32,"average",20,20,13.5,5.5,5,24,0.398497370398196,0
"656c1adbdb298e7230d7b396",33,"average",2,2,26,4,22,30,0,0
"656c1adbdb298e7230d7b396",34,"average",20,20,13.5,5.5,5,24,0.398497370398196,0
"656c1adbdb298e7230d7b396",35,"average",10,10,36.2,5.9464274989274,27,45,-0.125669583629516,0
"656c1adbdb298e7230d7b396",36,"average",10,10,36.2,5.9464274989274,27,45,-0.125669583629516,0
"656c1adbdb298e7230d7b396",37,"average",10,10,28.2,5.9464274989274,19,37,-0.125669583629514,0
"656c1adbdb298e7230d7b396",38,"average",2,2,28,4,24,32,0,0
"656c1adbdb298e7230d7b396",39,"average",2,2,35,4,31,39,0,0
"656c1adbdb298e7230d7b396",40,"average",20,20,26.5,5.5,18,37,0.398497370398196,0
"656c1adbdb298e7230d7b396",41,"average",20,20,30.5,5.5,22,41,0.398497370398196,0
"656c1adbdb298e7230d7b396",42,"average",20,20,30.5,5.5,22,41,0.398497370398196,0
"656c1adbdb298e7230d7b396",43,"average",10,10,28.2,5.9464274989274,19,37,-0.125669583629514,0
"656c1adbdb298e7230d7b396",44,"average",10,10,34.2,5.9464274989274,25,43,-0.125669583629516,0
"656c1adbdb298e7230d7b396",45,"average",10,10,27.2,5.9464274989274,18,36,-0.125669583629514,0
"656c1adbdb298e7230d7b396",46,"average",20,20,23.5,5.5,15,34,0.398497370398196,0
"656c1adbdb298e7230d7b396",47,"average",10,10,17.2,5.9464274989274,8,26,-0.125669583629514,0
"656c1adbdb298e7230d7b396",48,"average",2,2,14,4,10,18,0,0
"656c1adbdb298e7230d7b396",49,"average",20,20,22.5,5.5,14,33,0.398497370398196,0
"656c1adbdb298e7230d7b396",50,"average",2,2,19,4,15,23,0,0
"656c1adbdb298e7230d7b396",51,"average",20,20,21.5,5.5,13,32,0.398497370398196,0
"656c1adbdb298e7230d7b396",52,"average",10,10,28.2,5.9464274989274,19,37,-0.125669583629514,0
"656c1adbdb298e7230d7b396",53,"average",2,2,16,4,12,20,0,0
"656c1adbdb298e7230d7b396",54,"average",2,2,19,4,15,23,0,0
"656c1adbdb298e7230d7b396",55,"average",2,2,23,4,19,27,0,0
"656c1adbdb298e7230d7b396",56,"average",2,2,27,4,23,31,0,0
"656c1adbdb298e7230d7b396",57,"average",20,20,23.5,5.5,15,34,0.398497370398196,0
"656c1adbdb298e7230d7b396",58,"average",20,20,20.5,5.5,12,31,0.398497370398196,0
"656c1adbdb298e7230d7b396",59,"average",2,2,18,4,14,22,0,0
"656c1adbdb298e7230d7b396",60,"average",10,10,34.2,5.9464274989274,25,43,-0.125669583629516,0
"656c1adbdb298e7230d7b396",61,"average",10,10,17.2,5.9464274989274,8,26,-0.125669583629514,0
"656c1adbdb298e7230d7b396",62,"average",10,10,22.2,5.9464274989274,13,31,-0.125669583629514,0
"656c1adbdb298e7230d7b396",63,"average",20,20,23.5,5.5,15,34,0.398497370398196,0
"656c1adbdb298e7230d7b396",64,"average",20,20,30.5,5.5,22,41,0.398497370398196,0
"656c1adbdb298e7230d7b396",65,"average",20,20,30.5,5.5,22,41,0.398497370398196,0
"656c1adbdb298e7230d7b396",66,"average",20,20,19.5,5.5,11,30,0.398497370398196,0
"656c1adbdb298e7230d7b396",67,"average",2,2,20,4,16,24,0,0
"656c1adbdb298e7230d7b396",68,"average",20,20,32.5,5.5,24,43,0.398497370398196,0
"656c1adbdb298e7230d7b396",69,"average",20,20,15.5,5.5,7,26,0.398497370398196,0
"656c1adbdb298e7230d7b396",70,"average",20,20,26.5,5.5,18,37,0.398497370398196,0
"656c1adbdb298e7230d7b396",71,"average",2,2,22,4,18,26,0,0
"656c1adbdb298e7230d7b396",72,"average",20,20,33.5,5.5,25,44,0.398497370398196,0
"656c1adbdb298e7230d7b396",73,"average",20,20,30.5,5.5,22,41,0.398497370398196,0
"656c1adbdb298e7230d7b396",74,"average",2,2,27,4,23,31,0,0
"656c1adbdb298e7230d7b396",75,"average",2,2,20,4,16,24,0,0
"656c1adbdb298e7230d7b396",76,"average",20,20,24.5,5.5,16,35,0.398497370398196,0
"656c1adbdb298e7230d7b396",77,"average",2,2,28,4,24,32,0,0
"656c1adbdb298e7230d7b396",78,"average",2,2,32,4,28,36,0,0
"656c1adbdb298e7230d7b396",79,"average",10,10,30.2,5.9464274989274,21,39,-0.125669583629514,0
"656c1adbdb298e7230d7b396",80,"average",20,20,25.5,5.5,17,36,0.398497370398196,0
"656c1adbdb298e7230d7b396",81,"average",10,10,18.2,5.9464274989274,9,27,-0.125669583629514,0
"656c1adbdb298e7230d7b396",82,"average",20,20,20.5,5.5,12,31,0.398497370398196,0
"656c1adbdb298e7230d7b396",83,"average",10,10,30.2,5.9464274989274,21,39,-0.125669583629514,0
"656c1adbdb298e7230d7b396",84,"average",2,2,29,4,25,33,0,0
"656c1adbdb298e7230d7b396",85,"average",10,10,15.2,5.9464274989274,6,24,-0.125669583629514,0
"656c1adbdb298e7230d7b396",86,"average",2,2,36,4,32,40,0,0
"656c1adbdb298e7230d7b396",87,"average",10,10,25.2,5.9464274989274,16,34,-0.125669583629514,0
"656c1adbdb298e7230d7b396",88,"average",2,2,28,4,24,32,0,0
"656c1adbdb298e7230d7b396",89,"average",20,20,34.5,5.5,26,45,0.398497370398196,0
"656c1adbdb298e7230d7b396",90,"average",20,20,33.5,5.5,25,44,0.398497370398196,0
"656c1adbdb298e7230d7b396",91,"average",2,2,35,4,31,39,0,0
"656c1adbdb298e7230d7b396",92,"average",2,2,30,4,26,34,0,0
"656c1adbdb298e7230d7b396",93,"average",10,10,33.2,5.9464274989274,24,42,-0.125669583629516,0
"656c1adbdb298e7230d7b396",94,"average",10,10,25.2,5.9464274989274,16,34,-0.125669583629514,0
"656c1adbdb298e7230d7b396",95,"average",10,10,24.2,5.9464274989274,15,33,-0.125669583629514,0
"656c1adbdb298e7230d7b396",96,"average",2,2,20,4,16,24,0,0
"656c1adbdb298e7230d7b396",97,"average",2,2,32,4,28,36,0,0
"656c1adbdb298e7230d7b396",98,"average",2,2,33,4,29,37,0,0
"656c1adbdb298e7230d7b396",99,"average",20,20,30.5,5.5,22,41,0.398497370398196,0
"656c1adbdb298e7230d7b396",100,"average",10,10,20.2,5.9464274989274,11,29,-0.125669583629514,0
"656c1adbdb298e7230d7b396",101,"average",2,2,20,4,16,24,0,0
"656c1adbdb298e7230d7b396",102,"average",10,10,36.2,5.9464274989274,27,45,-0.125669583629516,0
"656c1adbdb298e7230d7b396",103,"average",10,10,21.2,5.9464274989274,12,30,-0.125669583629514,0
"656c1adbdb298e7230d7b396",104,"average",10,10,34.2,5.9464274989274,25,43,-0.125669583629516,0
"656c1adbdb298e7230d7b396",105,"average",20,20,28.5,5.5,20,39,0.398497370398196,0
"656c1adbdb298e7230d7b396",106,"average",2,2,16,4,12,20,0,0
"656c1adbdb298e7230d7b396",107,"average",10,10,18.2,5.9464274989274,9,27,-0.125669583629514,0
"656c1adbdb298e7230d7b396",108,"average",10,10,29.2,5.9464274989274,20,38,-0.125669583629514,0
"63b82398bbe6a599972413ad",1,"average",10,10,9.8,6.47765389628066,1,19,0.0389400595999969,1
"63b82398bbe6a599972413ad",2,"average",6,6,41.5,4.85626742811116,33,48,-0.436578375087719,0
"63b82398bbe6a599972413ad",3,"average",8,8,10,5.61248608016091,4,20,0.763603548321213,0
"63b82398bbe6a599972413ad",4,"average",10,10,9.4,5.74804314527997,2,19,0.424862981867263,0
"63b82398bbe6a599972413ad",5,"average",10,10,9.2,4.79165942028438,2,16,-0.0689351140967713,0
"63b82398bbe6a599972413ad",6,"average",8,8,9.25,6.35904867098845,1,19,0.250467606972754,1
"63b82398bbe6a599972413ad",7,"average",7,7,13.2857142857143,5.77468083754507,3,20,-0.5209626575642,0
"63b82398bbe6a599972413ad",8,"average",6,6,39.3333333333333,5.55777733351102,29,45,-0.784003008254455,0
"63b82398bbe6a599972413ad",9,"average",3,3,39.6666666666667,2.62466929133727,36,42,-0.630903856710621,0
"63b82398bbe6a599972413ad",10,"average",6,6,40.5,5.25198375219624,32,47,-0.510812596301632,0
"63b82398bbe6a599972413ad",11,"average",5,5,11,6.16441400296898,3,19,0.0768417257987823,0
"63b82398bbe6a599972413ad",12,"average",12,12,39.0833333333333,5.26716769768683,30,47,-0.211137848694706,0
"63b82398bbe6a599972413ad",13,"average",20,20,27.5,5.5,19,38,0.398497370398196,0
"63b82398bbe6a599972413ad",14,"average",20,20,20.5,5.5,12,31,0.398497370398196,0
"63b82398bbe6a599972413ad",15,"average",20,20,33.5,5.5,25,44,0.398497370398196,0
"63b82398bbe6a599972413ad",16,"average",2,2,35,4,31,39,0,0
"63b82398bbe6a599972413ad",17,"average",2,2,19,4,15,23,0,0
"63b82398bbe6a599972413ad",18,"average",2,2,35,4,31,39,0,0
"63b82398bbe6a599972413ad",19,"average",20,20,22.5,5.5,14,33,0.398497370398196,0
"63b82398bbe6a599972413ad",20,"average",2,2,25,4,21,29,0,0
"63b82398bbe6a599972413ad",21,"average",10,10,32.2,5.9464274989274,23,41,-0.125669583629516,0
"63b82398bbe6a599972413ad",22,"average",20,20,31.5,5.5,23,42,0.398497370398196,0
"63b82398bbe6a599972413ad",23,"average",10,10,31.2,5.9464274989274,22,40,-0.125669583629514,0
"63b82398bbe6a599972413ad",24,"average",20,20,27.5,5.5,19,38,0.398497370398196,0
"63b82398bbe6a599972413ad",25,"average",10,10,19.2,5.9464274989274,10,28,-0.125669583629514,0
"63b82398bbe6a599972413ad",26,"average",20,20,26.5,5.5,18,37,0.398497370398196,0
"63b82398bbe6a599972413ad",27,"average",20,20,34.5,5.5,26,45,0.398497370398196,0
"63b82398bbe6a599972413ad",28,"average",10,10,35.2,5.9464274989274,26,44,-0.125669583629516,0
"63b82398bbe6a599972413ad",29,"average",20,20,25.5,5.5,17,36,0.398497370398196,0
"63b82398bbe6a599972413ad",30,"average",2,2,19,4,15,23,0,0
"63b82398bbe6a599972413ad",31,"average",2,2,25,4,21,29,0,0
"63b82398bbe6a599972413ad",32,"average",20,20,19.5,5.5,11,30,0.398497370398196,0
"63b82398bbe6a599972413ad",33,"average",2,2,34,4,30,38,0,0
"63b82398bbe6a599972413ad",34,"average",20,20,20.5,5.5,12,31,0.398497370398196,0
"63b82398bbe6a599972413ad",35,"average",20,20,17.5,5.5,9,28,0.398497370398196,0
"63b82398bbe6a599972413ad",36,"average",20,20,18.5,5.5,10,29,0.398497370398196,0
"63b82398bbe6a599972413ad",37,"average",10,10,15.2,5.9464274989274,6,24,-0.125669583629514,0
"63b82398bbe6a599972413ad",38,"average",20,20,12.5,5.5,4,23,0.398497370398196,0
"63b82398bbe6a599972413ad",39,"average",2,2,24,4,20,28,0,0
"63b82398bbe6a599972413ad",40,"average",20,20,29.5,5.5,21,40,0.398497370398196,0
"63b82398bbe6a599972413ad",41,"average",20,20,12.5,5.5,4,23,0.398497370398196,0
"63b82398bbe6a599972413ad",42,"average",10,10,15.2,5.9464274989274,6,24,-0.125669583629514,0
"63b82398bbe6a599972413ad",43,"average",10,10,34.2,5.9464274989274,25,43,-0.125669583629516,0
"63b82398bbe6a599972413ad",44,"average",2,2,28,4,24,32,0,0
"63b82398bbe6a599972413ad",45,"average",10,10,36.2,5.9464274989274,27,45,-0.125669583629516,0
"63b82398bbe6a599972413ad",46,"average",2,2,20,4,16,24,0,0
"63b82398bbe6a599972413ad",47,"average",10,10,35.2,5.9464274989274,26,44,-0.125669583629516,0
"63b82398bbe6a599972413ad",48,"average",10,10,18.2,5.9464274989274,9,27,-0.125669583629514,0
"63b82398bbe6a599972413ad",49,"average",10,10,25.2,5.9464274989274,16,34,-0.125669583629514,0
"63b82398bbe6a599972413ad",50,"average",10,10,35.2,5.9464274989274,26,44,-0.125669583629516,0
"63b82398bbe6a599972413ad",51,"average",2,2,15,4,11,19,0,0
"63b82398bbe6a599972413ad",52,"average",10,10,35.2,5.9464274989274,26,44,-0.125669583629516,0
"63b82398bbe6a599972413ad",53,"average",2,2,34,4,30,38,0,0
"63b82398bbe6a599972413ad",54,"average",10,10,16.2,5.9464274989274,7,25,-0.125669583629514,0
"63b82398bbe6a599972413ad",55,"average",10,10,16.2,5.9464274989274,7,25,-0.125669583629514,0
"63b82398bbe6a599972413ad",56,"average",2,2,17,4,13,21,0,0
"63b82398bbe6a599972413ad",57,"average",2,2,16,4,12,20,0,0
"63b82398bbe6a599972413ad",58,"average",10,10,31.2,5.9464274989274,22,40,-0.125669583629514,0
"63b82398bbe6a599972413ad",59,"average",2,2,24,4,20,28,0,0
"63b82398bbe6a599972413ad",60,"average",2,2,27,4,23,31,0,0
"63b82398bbe6a599972413ad",61,"average",20,20,24.5,5.5,16,35,0.398497370398196,0
"63b82398bbe6a599972413ad",62,"average",20,20,20.5,5.5,12,31,0.398497370398196,0
"63b82398bbe6a599972413ad",63,"average",20,20,26.5,5.5,18,37,0.398497370398196,0
"63b82398bbe6a599972413ad",64,"average",2,2,31,4,27,35,0,0
"63b82398bbe6a599972413ad",65,"average",20,20,15.5,5.5,7,26,0.398497370398196,0
"63b82398bbe6a599972413ad",66,"average",20,20,17.5,5.5,9,28,0.398497370398196,0
"63b82398bbe6a599972413ad",67,"average",2,2,35,4,31,39,0,0
"63b82398bbe6a599972413ad",68,"average",20,20,25.5,5.5,17,36,0.398497370398196,0
"63b82398bbe6a599972413ad",69,"average",20,20,25.5,5.5,17,36,0.398497370398196,0
"63b82398bbe6a599972413ad",70,"average",20,20,18.5,5.5,10,29,0.398497370398196,0
"63b82398bbe6a599972413ad",71,"average",20,20,27.5,5.5,19,38,0.398497370398196,0
"63b82398bbe6a599972413ad",72,"average",20,20,28.5,5.5,20,39,0.398497370398196,0
"63b82398bbe6a599972413ad",73,"average",20,20,34.5,5.5,26,45,0.398497370398196,0
"63b82398bbe6a599972413ad",74,"average",20,20,34.5,5.5,26,45,0.398497370398196,0
"63b82398bbe6a599972413ad",75,"average",20,20,23.5,5.5,15,34,0.398497370398196,0
"63b82398bbe6a599972413ad",76,"average",2,2,36,4,32,40,0,0
"63b82398bbe6a599972413ad",77,"average",2,2,18,4,14,22,0,0
"63b82398bbe6a599972413ad",78,"average",20,20,15.5,5.5,7,26,0.398497370398196,0
"63b82398bbe6a599972413ad",79,"average",2,2,28,4,24,32,0,0
"63b82398bbe6a599972413ad",80,"average",2,2,16,4,12,20,0,0
"63b82398bbe6a599972413ad",81,"average",20,20,24.5,5.5,16,35,0.398497370398196,0
"63b82398bbe6a599972413ad",82,"average",20,20,23.5,5.5,15,34,0.398497370398196,0
"63b82398bbe6a599972413ad",83,"average",2,2,34,4,30,38,0,0
"63b82398bbe6a599972413ad",84,"average",2,2,22,4,18,26,0,0
"63b82398bbe6a599972413ad",85,"average",2,2,28,4,24,32,0,0
"63b82398bbe6a599972413ad",86,"average",2,2,21,4,17,25,0,0
"63b82398bbe6a599972413ad",87,"average",2,2,17,4,13,21,0,0
"63b82398bbe6a599972413ad",88,"average",2,2,16,4,12,20,0,0
"63b82398bbe6a599972413ad",89,"average",2,2,21,4,17,25,0,0
"63b82398bbe6a599972413ad",90,"average",2,2,33,4,29,37,0,0
"63b82398bbe6a599972413ad",91,"average",2,2,25,4,21,29,0,0
"63b82398bbe6a599972413ad",92,"average",2,2,29,4,25,33,0,0
"63b82398bbe6a599972413ad",93,"average",10,10,32.2,5.9464274989274,23,41,-0.125669583629516,0
"63b82398bbe6a599972413ad",94,"average",10,10,16.2,5.9464274989274,7,25,-0.125669583629514,0
"63b82398bbe6a599972413ad",95,"average",10,10,14.2,5.9464274989274,5,23,-0.125669583629514,0
"63b82398bbe6a599972413ad",96,"average",10,10,28.2,5.9464274989274,19,37,-0.125669583629514,0
"63b82398bbe6a599972413ad",97,"average",10,10,16.2,5.9464274989274,7,25,-0.125669583629514,0
"63b82398bbe6a599972413ad",98,"average",10,10,25.2,5.9464274989274,16,34,-0.125669583629514,0
"63b82398bbe6a599972413ad",99,"average",10,10,19.2,5.9464274989274,10,28,-0.125669583629514,0
"63b82398bbe6a599972413ad",100,"average",10,10,28.2,5.9464274989274,19,37,-0.125669583629514,0
"63b82398bbe6a599972413ad",101,"average",10,10,25.2,5.9464274989274,16,34,-0.125669583629514,0
"63b82398bbe6a599972413ad",102,"average",10,10,31.2,5.9464274989274,22,40,-0.125669583629514,0
"63b82398bbe6a599972413ad",103,"average",10,10,18.2,5.9464274989274,9,27,-0.125669583629514,0
"63b82398bbe6a599972413ad",104,"average",10,10,26.2,5.9464274989274,17,35,-0.125669583629514,0
"63b82398bbe6a599972413ad",105,"average",10,10,21.2,5.9464274989274,12,30,-0.125669583629514,0
"63b82398bbe6a599972413ad",106,"average",10,10,15.2,5.9464274989274,6,24,-0.125669583629514,0
"63b82398bbe6a599972413ad",107,"average",10,10,15.2,5.9464274989274,6,24,-0.125669583629514,0
"63b82398bbe6a599972413ad",108,"average",10,10,33.2,5.9464274989274,24,42,-0.125669583629516,0
"test1",1,"experience",6,6,37.5,3.5939764421413,31,42,-0.516994072176497,0
"test1",2,"experience",12,12,10.3333333333333,6.10100173924104,1,20,0.176465597198275,1
NA,1,"experience",7,7,7.42857142857143,4.86553896169326,1,16,0.44573052007129,1
NA,2,"experience",6,6,12.3333333333333,5.64702478203247,1,18,-1.06949928492159,1
NA,3,"experience",5,5,12.4,2.41660919471891,9,16,0.122440323245281,0
NA,4,"experience",2,2,35,5,30,40,0,0
NA,5,"experience",5,5,9.6,5.67802782663136,4,20,0.969913532995834,0
"67e081d172ca42eb59502aef",1,"experience",9,9,40.6666666666667,6.44635986860457,31,48,-0.460678123813743,0
"67e081d172ca42eb59502aef",2,"experience",12,12,10.5833333333333,5.5145010855219,2,20,0.164989507406069,0
"67e081d172ca42eb59502aef",3,"experience",8,8,39.125,4.72857007984443,31,47,-0.0781413512133182,0
"67e081d172ca42eb59502aef",4,"experience",10,10,38.5,5.46351535185909,30,46,-0.309039529005944,0
"67e081d172ca42eb59502aef",5,"experience",10,10,13.3,5.55067563455117,2,20,-0.651727287846278,0
"67e081d172ca42eb59502aef",6,"experience",3,3,10.6666666666667,7.36357401145817,2,20,0.135061522784741,0
"67e081d172ca42eb59502aef",7,"experience",6,6,41.1666666666667,4.6696419087073,34,48,-0.105483249412479,0
"67e081d172ca42eb59502aef",8,"experience",10,10,37.1,5.68242905807015,30,47,0.431706821673716,0
"67e081d172ca42eb59502aef",9,"experience",4,4,10,6.28490254498827,1,18,-0.199392838312398,1
"67e081d172ca42eb59502aef",10,"experience",11,11,38.4545454545455,6.19917349862993,29,48,-0.0238419825712129,0
"67e081d172ca42eb59502aef",11,"experience",12,12,10.3333333333333,5.84997625826141,1,19,-0.159470806669169,1
"67e081d172ca42eb59502aef",12,"experience",4,4,14,4.63680924774785,9,20,0.135417901232225,0
"67e081d172ca42eb59502aef",13,"experience",10,10,14.2,5.9464274989274,5,23,-0.125669583629514,0
"67e081d172ca42eb59502aef",14,"experience",2,2,34,4,30,38,0,0
"67e081d172ca42eb59502aef",15,"experience",20,20,23.5,5.5,15,34,0.398497370398196,0
"67e081d172ca42eb59502aef",16,"experience",20,20,14.5,5.5,6,25,0.398497370398196,0
"67e081d172ca42eb59502aef",17,"experience",2,2,25,4,21,29,0,0
"67e081d172ca42eb59502aef",18,"experience",2,2,28,4,24,32,0,0
"67e081d172ca42eb59502aef",19,"experience",20,20,28.5,5.5,20,39,0.398497370398196,0
"67e081d172ca42eb59502aef",20,"experience",10,10,19.2,5.9464274989274,10,28,-0.125669583629514,0
"68423451060859f8ce31ee5a",1,"experience",3,3,41,3.55902608401044,36,44,-0.665468866123835,0
"68423451060859f8ce31ee5a",2,"experience",11,11,39.1818181818182,5.65393156562408,31,48,0.233451893615203,0
"68423451060859f8ce31ee5a",3,"experience",12,12,38.1666666666667,5.72761342581319,31,48,0.570839080742466,0
"68423451060859f8ce31ee5a",4,"experience",11,11,37.7272727272727,4.17984143002642,30,45,-0.203584367583007,0
"68423451060859f8ce31ee5a",5,"experience",11,11,39.3636363636364,4.59787949687338,32,46,-0.172289677578444,0
"68423451060859f8ce31ee5a",6,"experience",4,4,37,3.53553390593274,33,41,0,0
"68423451060859f8ce31ee5a",7,"experience",10,10,10.5,5.81807528311554,2,20,0.0487453534189713,0
"68423451060859f8ce31ee5a",8,"experience",9,9,10.7777777777778,6.39057948646596,1,19,-0.399704967463808,1
"68423451060859f8ce31ee5a",9,"experience",2,2,38.5,8.5,30,47,0,0
"68423451060859f8ce31ee5a",10,"experience",4,4,9,6.51920240520265,3,20,0.974496691711953,0
"68423451060859f8ce31ee5a",11,"experience",4,4,40.25,5.49431524395898,33,48,0.118134525261364,0
"68423451060859f8ce31ee5a",12,"experience",2,2,43.5,4.5,39,48,0,0
"68423451060859f8ce31ee5a",13,"experience",2,2,20,4,16,24,0,0
"68423451060859f8ce31ee5a",14,"experience",10,10,28.2,5.9464274989274,19,37,-0.125669583629514,0
"68423451060859f8ce31ee5a",15,"experience",2,2,16,4,12,20,0,0
"68423451060859f8ce31ee5a",16,"experience",10,10,35.2,5.9464274989274,26,44,-0.125669583629516,0
"68423451060859f8ce31ee5a",17,"experience",10,10,15.2,5.9464274989274,6,24,-0.125669583629514,0
"68423451060859f8ce31ee5a",18,"experience",2,2,30,4,26,34,0,0
"68423451060859f8ce31ee5a",19,"experience",2,2,28,4,24,32,0,0
"68423451060859f8ce31ee5a",20,"experience",20,20,23.5,5.5,15,34,0.398497370398196,0
"68423451060859f8ce31ee5a",21,"experience",20,20,20.5,5.5,12,31,0.398497370398196,0
"68423451060859f8ce31ee5a",22,"experience",20,20,26.5,5.5,18,37,0.398497370398196,0
"68423451060859f8ce31ee5a",23,"experience",20,20,19.5,5.5,11,30,0.398497370398196,0
"68423451060859f8ce31ee5a",24,"experience",20,20,27.5,5.5,19,38,0.398497370398196,0
"68423451060859f8ce31ee5a",25,"experience",20,20,25.5,5.5,17,36,0.398497370398196,0
"68423451060859f8ce31ee5a",26,"experience",2,2,36,4,32,40,0,0
"68423451060859f8ce31ee5a",27,"experience",2,2,18,4,14,22,0,0
"68423451060859f8ce31ee5a",28,"experience",10,10,35.2,5.9464274989274,26,44,-0.125669583629516,0
"68423451060859f8ce31ee5a",29,"experience",10,10,14.2,5.9464274989274,5,23,-0.125669583629514,0
"68423451060859f8ce31ee5a",30,"experience",2,2,23,4,19,27,0,0
"68423451060859f8ce31ee5a",31,"experience",10,10,15.2,5.9464274989274,6,24,-0.125669583629514,0
"68423451060859f8ce31ee5a",32,"experience",20,20,23.5,5.5,15,34,0.398497370398196,0
"68423451060859f8ce31ee5a",33,"experience",2,2,19,4,15,23,0,0
"68423451060859f8ce31ee5a",34,"experience",10,10,31.2,5.9464274989274,22,40,-0.125669583629514,0
"68423451060859f8ce31ee5a",35,"experience",10,10,18.2,5.9464274989274,9,27,-0.125669583629514,0
"68423451060859f8ce31ee5a",36,"experience",20,20,13.5,5.5,5,24,0.398497370398196,0
"68423451060859f8ce31ee5a",37,"experience",2,2,16,4,12,20,0,0
"68423451060859f8ce31ee5a",38,"experience",2,2,21,4,17,25,0,0
"68423451060859f8ce31ee5a",39,"experience",10,10,27.2,5.9464274989274,18,36,-0.125669583629514,0
"68423451060859f8ce31ee5a",40,"experience",2,2,19,4,15,23,0,0
"68423451060859f8ce31ee5a",41,"experience",10,10,34.2,5.9464274989274,25,43,-0.125669583629516,0
"68423451060859f8ce31ee5a",42,"experience",10,10,28.2,5.9464274989274,19,37,-0.125669583629514,0
"68423451060859f8ce31ee5a",43,"experience",20,20,28.5,5.5,20,39,0.398497370398196,0
"68423451060859f8ce31ee5a",44,"experience",2,2,22,4,18,26,0,0
"68423451060859f8ce31ee5a",45,"experience",20,20,32.5,5.5,24,43,0.398497370398196,0
"68423451060859f8ce31ee5a",46,"experience",10,10,32.2,5.9464274989274,23,41,-0.125669583629516,0
"68423451060859f8ce31ee5a",47,"experience",20,20,33.5,5.5,25,44,0.398497370398196,0
"68423451060859f8ce31ee5a",48,"experience",2,2,31,4,27,35,0,0
"68423451060859f8ce31ee5a",49,"experience",20,20,12.5,5.5,4,23,0.398497370398196,0
"68423451060859f8ce31ee5a",50,"experience",10,10,36.2,5.9464274989274,27,45,-0.125669583629516,0
"68423451060859f8ce31ee5a",51,"experience",20,20,29.5,5.5,21,40,0.398497370398196,0
"68423451060859f8ce31ee5a",52,"experience",10,10,26.2,5.9464274989274,17,35,-0.125669583629514,0
"68423451060859f8ce31ee5a",53,"experience",20,20,26.5,5.5,18,37,0.398497370398196,0
"68423451060859f8ce31ee5a",54,"experience",20,20,12.5,5.5,4,23,0.398497370398196,0
"68423451060859f8ce31ee5a",55,"experience",10,10,18.2,5.9464274989274,9,27,-0.125669583629514,0
"68423451060859f8ce31ee5a",56,"experience",2,2,14,4,10,18,0,0
"68423451060859f8ce31ee5a",57,"experience",2,2,17,4,13,21,0,0
"68423451060859f8ce31ee5a",58,"experience",10,10,17.2,5.9464274989274,8,26,-0.125669583629514,0
"68423451060859f8ce31ee5a",59,"experience",20,20,19.5,5.5,11,30,0.398497370398196,0
"68423451060859f8ce31ee5a",60,"experience",2,2,24,4,20,28,0,0
"68423451060859f8ce31ee5a",61,"experience",20,20,22.5,5.5,14,33,0.398497370398196,0
"68423451060859f8ce31ee5a",62,"experience",2,2,17,4,13,21,0,0
"68423451060859f8ce31ee5a",63,"experience",10,10,21.2,5.9464274989274,12,30,-0.125669583629514,0
"68423451060859f8ce31ee5a",64,"experience",20,20,26.5,5.5,18,37,0.398497370398196,0
"68423451060859f8ce31ee5a",65,"experience",2,2,36,4,32,40,0,0
"68423451060859f8ce31ee5a",66,"experience",20,20,14.5,5.5,6,25,0.398497370398196,0
"68423451060859f8ce31ee5a",67,"experience",10,10,36.2,5.9464274989274,27,45,-0.125669583629516,0
"68423451060859f8ce31ee5a",68,"experience",2,2,19,4,15,23,0,0
"68423451060859f8ce31ee5a",69,"experience",20,20,15.5,5.5,7,26,0.398497370398196,0
"68423451060859f8ce31ee5a",70,"experience",2,2,29,4,25,33,0,0
"68423451060859f8ce31ee5a",71,"experience",10,10,35.2,5.9464274989274,26,44,-0.125669583629516,0
"68423451060859f8ce31ee5a",72,"experience",20,20,20.5,5.5,12,31,0.398497370398196,0
"68423451060859f8ce31ee5a",73,"experience",10,10,34.2,5.9464274989274,25,43,-0.125669583629516,0
"68423451060859f8ce31ee5a",74,"experience",2,2,26,4,22,30,0,0
"68423451060859f8ce31ee5a",75,"experience",2,2,25,4,21,29,0,0
"68423451060859f8ce31ee5a",76,"experience",10,10,26.2,5.9464274989274,17,35,-0.125669583629514,0
"68423451060859f8ce31ee5a",77,"experience",2,2,28,4,24,32,0,0
"68423451060859f8ce31ee5a",78,"experience",20,20,12.5,5.5,4,23,0.398497370398196,0
"68423451060859f8ce31ee5a",79,"experience",20,20,17.5,5.5,9,28,0.398497370398196,0
"68423451060859f8ce31ee5a",80,"experience",10,10,16.2,5.9464274989274,7,25,-0.125669583629514,0
"68423451060859f8ce31ee5a",81,"experience",2,2,18,4,14,22,0,0
"68423451060859f8ce31ee5a",82,"experience",10,10,19.2,5.9464274989274,10,28,-0.125669583629514,0
"68423451060859f8ce31ee5a",83,"experience",20,20,15.5,5.5,7,26,0.398497370398196,0
"68423451060859f8ce31ee5a",84,"experience",20,20,32.5,5.5,24,43,0.398497370398196,0
"68423451060859f8ce31ee5a",85,"experience",10,10,28.2,5.9464274989274,19,37,-0.125669583629514,0
"68423451060859f8ce31ee5a",86,"experience",20,20,22.5,5.5,14,33,0.398497370398196,0
"68423451060859f8ce31ee5a",87,"experience",10,10,26.2,5.9464274989274,17,35,-0.125669583629514,0
"68423451060859f8ce31ee5a",88,"experience",20,20,24.5,5.5,16,35,0.398497370398196,0
"68423451060859f8ce31ee5a",89,"experience",20,20,22.5,5.5,14,33,0.398497370398196,0
"68423451060859f8ce31ee5a",90,"experience",10,10,36.2,5.9464274989274,27,45,-0.125669583629516,0
"68423451060859f8ce31ee5a",91,"experience",10,10,26.2,5.9464274989274,17,35,-0.125669583629514,0
"68423451060859f8ce31ee5a",92,"experience",2,2,32,4,28,36,0,0
"68423451060859f8ce31ee5a",93,"experience",2,2,24,4,20,28,0,0
"68423451060859f8ce31ee5a",94,"experience",20,20,29.5,5.5,21,40,0.398497370398196,0
"68423451060859f8ce31ee5a",95,"experience",20,20,20.5,5.5,12,31,0.398497370398196,0
"68423451060859f8ce31ee5a",96,"experience",10,10,25.2,5.9464274989274,16,34,-0.125669583629514,0
"68423451060859f8ce31ee5a",97,"experience",2,2,25,4,21,29,0,0
"68423451060859f8ce31ee5a",98,"experience",10,10,21.2,5.9464274989274,12,30,-0.125669583629514,0
"68423451060859f8ce31ee5a",99,"experience",2,2,21,4,17,25,0,0
"68423451060859f8ce31ee5a",100,"experience",2,2,22,4,18,26,0,0
"68423451060859f8ce31ee5a",101,"experience",2,2,27,4,23,31,0,0
"68423451060859f8ce31ee5a",102,"experience",2,2,22,4,18,26,0,0
"68423451060859f8ce31ee5a",103,"experience",2,2,29,4,25,33,0,0
"68423451060859f8ce31ee5a",104,"experience",10,10,31.2,5.9464274989274,22,40,-0.125669583629514,0
"68423451060859f8ce31ee5a",105,"experience",20,20,32.5,5.5,24,43,0.398497370398196,0
"68423451060859f8ce31ee5a",106,"experience",10,10,36.2,5.9464274989274,27,45,-0.125669583629516,0
"68423451060859f8ce31ee5a",107,"experience",20,20,17.5,5.5,9,28,0.398497370398196,0
"68423451060859f8ce31ee5a",108,"experience",10,10,23.2,5.9464274989274,14,32,-0.125669583629514,0
"but",1,"experience",4,4,15.5,4.15331193145904,9,20,-0.586226762852441,0
"but",2,"experience",9,9,10.5555555555556,5.18783001330167,3,20,0.445447755918668,0
"but",3,"experience",11,11,7.63636363636364,4.39571541954058,1,14,-0.0894833141412637,1
"but",4,"experience",8,8,37.375,5.61109392186586,30,46,0.0730341524380464,0
"but",5,"experience",8,8,38.25,4.32290411644765,32,46,0.377161912151896,0
NA,6,"experience",9,9,38,4.89897948556636,30,46,0.255155181539914,0
"566a17d07da0350012b3e876",1,"experience",4,4,39,1.87082869338697,37,42,0.687243193489091,0
"566a17d07da0350012b3e876",2,"experience",3,3,15.3333333333333,2.62466929133727,13,19,0.630903856710623,0
"566a17d07da0350012b3e876",3,"experience",10,10,11.2,4.64327470649756,5,19,0.250287180285597,0
"566a17d07da0350012b3e876",4,"experience",10,10,38.6,6.24819974072532,29,47,-0.102029388696527,0
"5ef4d8b87faaa00c0dea0c4e",1,"experience",12,12,10.6666666666667,5.97680702568037,1,20,-0.0682610981651004,1
"5ef4d8b87faaa00c0dea0c4e",2,"experience",7,7,9.85714285714286,5.56593135393662,2,19,0.309822265838806,0
"5ef4d8b87faaa00c0dea0c4e",3,"experience",3,3,36.3333333333333,5.43650214343336,29,42,-0.431041565728154,0
"5ef4d8b87faaa00c0dea0c4e",4,"experience",8,8,10.875,5.34877322383367,3,19,-0.00421193270187206,0
"5ef4d8b87faaa00c0dea0c4e",5,"experience",4,4,42.5,5.59016994374947,34,48,-0.515190062015951,0
"5ef4d8b87faaa00c0dea0c4e",6,"experience",11,11,38.0909090909091,5.9153812672718,29,48,0.199402571122586,0
"5ef4d8b87faaa00c0dea0c4e",7,"experience",2,2,13.5,2.5,11,16,0,0
"5ef4d8b87faaa00c0dea0c4e",8,"experience",8,8,38.5,6.06217782649107,30,48,0.121193059421729,0
"5ef4d8b87faaa00c0dea0c4e",9,"experience",11,11,8.72727272727273,6.20982958470475,1,20,0.62043315543814,1
"5ef4d8b87faaa00c0dea0c4e",10,"experience",11,11,39.9090909090909,5.94603833664285,31,48,-0.0946718334579331,0
"5ef4d8b87faaa00c0dea0c4e",11,"experience",11,11,10.7272727272727,5.39513095453011,3,19,0.00763570004505914,0
"5ef4d8b87faaa00c0dea0c4e",12,"experience",2,2,10,2,8,12,0,0
"5ef4d8b87faaa00c0dea0c4e",13,"experience",20,20,32.5,5.5,24,43,0.398497370398196,0
"5ef4d8b87faaa00c0dea0c4e",14,"experience",10,10,30.2,5.9464274989274,21,39,-0.125669583629514,0
"5ef4d8b87faaa00c0dea0c4e",15,"experience",2,2,18,4,14,22,0,0
"5ef4d8b87faaa00c0dea0c4e",16,"experience",2,2,23,4,19,27,0,0
"5ef4d8b87faaa00c0dea0c4e",17,"experience",2,2,28,4,24,32,0,0
"5ef4d8b87faaa00c0dea0c4e",18,"experience",2,2,25,4,21,29,0,0
"5ef4d8b87faaa00c0dea0c4e",19,"experience",20,20,22.5,5.5,14,33,0.398497370398196,0
"5ef4d8b87faaa00c0dea0c4e",20,"experience",2,2,26,4,22,30,0,0
"5ef4d8b87faaa00c0dea0c4e",21,"experience",10,10,36.2,5.9464274989274,27,45,-0.125669583629516,0
"5ef4d8b87faaa00c0dea0c4e",22,"experience",20,20,21.5,5.5,13,32,0.398497370398196,0
"5ef4d8b87faaa00c0dea0c4e",23,"experience",10,10,21.2,5.9464274989274,12,30,-0.125669583629514,0
"5ef4d8b87faaa00c0dea0c4e",24,"experience",20,20,25.5,5.5,17,36,0.398497370398196,0
"5ef4d8b87faaa00c0dea0c4e",25,"experience",20,20,20.5,5.5,12,31,0.398497370398196,0
"5ef4d8b87faaa00c0dea0c4e",26,"experience",10,10,23.2,5.9464274989274,14,32,-0.125669583629514,0
"5ef4d8b87faaa00c0dea0c4e",27,"experience",2,2,22,4,18,26,0,0
"5ef4d8b87faaa00c0dea0c4e",28,"experience",20,20,26.5,5.5,18,37,0.398497370398196,0
"5ef4d8b87faaa00c0dea0c4e",29,"experience",2,2,29,4,25,33,0,0
"5ef4d8b87faaa00c0dea0c4e",30,"experience",10,10,33.2,5.9464274989274,24,42,-0.125669583629516,0
"5ef4d8b87faaa00c0dea0c4e",31,"experience",10,10,34.2,5.9464274989274,25,43,-0.125669583629516,0
"5ef4d8b87faaa00c0dea0c4e",32,"experience",10,10,17.2,5.9464274989274,8,26,-0.125669583629514,0
"5ef4d8b87faaa00c0dea0c4e",33,"experience",10,10,31.2,5.9464274989274,22,40,-0.125669583629514,0
"5ef4d8b87faaa00c0dea0c4e",34,"experience",20,20,31.5,5.5,23,42,0.398497370398196,0
"5ef4d8b87faaa00c0dea0c4e",35,"experience",2,2,23,4,19,27,0,0
"5ef4d8b87faaa00c0dea0c4e",36,"experience",10,10,26.2,5.9464274989274,17,35,-0.125669583629514,0
"5ef4d8b87faaa00c0dea0c4e",37,"experience",10,10,20.2,5.9464274989274,11,29,-0.125669583629514,0
"5ef4d8b87faaa00c0dea0c4e",38,"experience",2,2,15,4,11,19,0,0
"5ef4d8b87faaa00c0dea0c4e",39,"experience",20,20,21.5,5.5,13,32,0.398497370398196,0
"5ef4d8b87faaa00c0dea0c4e",40,"experience",2,2,14,4,10,18,0,0
"5ef4d8b87faaa00c0dea0c4e",41,"experience",20,20,30.5,5.5,22,41,0.398497370398196,0
"5ef4d8b87faaa00c0dea0c4e",42,"experience",2,2,23,4,19,27,0,0
"5ef4d8b87faaa00c0dea0c4e",43,"experience",20,20,33.5,5.5,25,44,0.398497370398196,0
"5ef4d8b87faaa00c0dea0c4e",44,"experience",20,20,16.5,5.5,8,27,0.398497370398196,0
"5ef4d8b87faaa00c0dea0c4e",45,"experience",10,10,36.2,5.9464274989274,27,45,-0.125669583629516,0
"5ef4d8b87faaa00c0dea0c4e",46,"experience",10,10,27.2,5.9464274989274,18,36,-0.125669583629514,0
"5ef4d8b87faaa00c0dea0c4e",47,"experience",2,2,33,4,29,37,0,0
"5ef4d8b87faaa00c0dea0c4e",48,"experience",10,10,27.2,5.9464274989274,18,36,-0.125669583629514,0
"5ef4d8b87faaa00c0dea0c4e",49,"experience",10,10,17.2,5.9464274989274,8,26,-0.125669583629514,0
"5ef4d8b87faaa00c0dea0c4e",50,"experience",20,20,21.5,5.5,13,32,0.398497370398196,0
"5ef4d8b87faaa00c0dea0c4e",51,"experience",10,10,33.2,5.9464274989274,24,42,-0.125669583629516,0
"5ef4d8b87faaa00c0dea0c4e",52,"experience",2,2,17,4,13,21,0,0
"5ef4d8b87faaa00c0dea0c4e",53,"experience",10,10,16.2,5.9464274989274,7,25,-0.125669583629514,0
"5ef4d8b87faaa00c0dea0c4e",54,"experience",20,20,34.5,5.5,26,45,0.398497370398196,0
"5ef4d8b87faaa00c0dea0c4e",55,"experience",2,2,15,4,11,19,0,0
"5ef4d8b87faaa00c0dea0c4e",56,"experience",20,20,19.5,5.5,11,30,0.398497370398196,0
"5ef4d8b87faaa00c0dea0c4e",57,"experience",20,20,23.5,5.5,15,34,0.398497370398196,0
"5ef4d8b87faaa00c0dea0c4e",58,"experience",20,20,14.5,5.5,6,25,0.398497370398196,0
"5ef4d8b87faaa00c0dea0c4e",59,"experience",2,2,16,4,12,20,0,0
"5ef4d8b87faaa00c0dea0c4e",60,"experience",2,2,32,4,28,36,0,0
"5ef4d8b87faaa00c0dea0c4e",61,"experience",2,2,23,4,19,27,0,0
"5ef4d8b87faaa00c0dea0c4e",62,"experience",10,10,20.2,5.9464274989274,11,29,-0.125669583629514,0
"5ef4d8b87faaa00c0dea0c4e",63,"experience",2,2,31,4,27,35,0,0
"5ef4d8b87faaa00c0dea0c4e",64,"experience",10,10,35.2,5.9464274989274,26,44,-0.125669583629516,0
"5ef4d8b87faaa00c0dea0c4e",65,"experience",2,2,19,4,15,23,0,0
"5ef4d8b87faaa00c0dea0c4e",66,"experience",2,2,32,4,28,36,0,0
"5ef4d8b87faaa00c0dea0c4e",67,"experience",20,20,18.5,5.5,10,29,0.398497370398196,0
"5ef4d8b87faaa00c0dea0c4e",68,"experience",10,10,27.2,5.9464274989274,18,36,-0.125669583629514,0
"5ef4d8b87faaa00c0dea0c4e",69,"experience",2,2,30,4,26,34,0,0
"5ef4d8b87faaa00c0dea0c4e",70,"experience",2,2,30,4,26,34,0,0
"5ef4d8b87faaa00c0dea0c4e",71,"experience",10,10,26.2,5.9464274989274,17,35,-0.125669583629514,0
"5ef4d8b87faaa00c0dea0c4e",72,"experience",20,20,24.5,5.5,16,35,0.398497370398196,0
"5ef4d8b87faaa00c0dea0c4e",73,"experience",20,20,26.5,5.5,18,37,0.398497370398196,0
"5ef4d8b87faaa00c0dea0c4e",74,"experience",20,20,12.5,5.5,4,23,0.398497370398196,0
"5ef4d8b87faaa00c0dea0c4e",75,"experience",20,20,17.5,5.5,9,28,0.398497370398196,0
"5ef4d8b87faaa00c0dea0c4e",76,"experience",2,2,19,4,15,23,0,0
"5ef4d8b87faaa00c0dea0c4e",77,"experience",20,20,17.5,5.5,9,28,0.398497370398196,0
"5ef4d8b87faaa00c0dea0c4e",78,"experience",10,10,25.2,5.9464274989274,16,34,-0.125669583629514,0
"5ef4d8b87faaa00c0dea0c4e",79,"experience",20,20,25.5,5.5,17,36,0.398497370398196,0
"5ef4d8b87faaa00c0dea0c4e",80,"experience",20,20,14.5,5.5,6,25,0.398497370398196,0
"5ef4d8b87faaa00c0dea0c4e",81,"experience",10,10,35.2,5.9464274989274,26,44,-0.125669583629516,0
"5ef4d8b87faaa00c0dea0c4e",82,"experience",2,2,31,4,27,35,0,0
"5ef4d8b87faaa00c0dea0c4e",83,"experience",10,10,25.2,5.9464274989274,16,34,-0.125669583629514,0
"5ef4d8b87faaa00c0dea0c4e",84,"experience",10,10,33.2,5.9464274989274,24,42,-0.125669583629516,0
"5ef4d8b87faaa00c0dea0c4e",85,"experience",2,2,15,4,11,19,0,0
"5ef4d8b87faaa00c0dea0c4e",86,"experience",10,10,24.2,5.9464274989274,15,33,-0.125669583629514,0
"5ef4d8b87faaa00c0dea0c4e",87,"experience",2,2,29,4,25,33,0,0
"5ef4d8b87faaa00c0dea0c4e",88,"experience",20,20,29.5,5.5,21,40,0.398497370398196,0
"5ef4d8b87faaa00c0dea0c4e",89,"experience",20,20,14.5,5.5,6,25,0.398497370398196,0
"5ef4d8b87faaa00c0dea0c4e",90,"experience",20,20,15.5,5.5,7,26,0.398497370398196,0
"5ef4d8b87faaa00c0dea0c4e",91,"experience",2,2,20,4,16,24,0,0
"5ef4d8b87faaa00c0dea0c4e",92,"experience",20,20,24.5,5.5,16,35,0.398497370398196,0
"5ef4d8b87faaa00c0dea0c4e",93,"experience",10,10,25.2,5.9464274989274,16,34,-0.125669583629514,0
"5ef4d8b87faaa00c0dea0c4e",94,"experience",20,20,23.5,5.5,15,34,0.398497370398196,0
"5ef4d8b87faaa00c0dea0c4e",95,"experience",20,20,20.5,5.5,12,31,0.398497370398196,0
"5ef4d8b87faaa00c0dea0c4e",96,"experience",2,2,14,4,10,18,0,0
"5ef4d8b87faaa00c0dea0c4e",97,"experience",10,10,32.2,5.9464274989274,23,41,-0.125669583629516,0
"5ef4d8b87faaa00c0dea0c4e",98,"experience",10,10,30.2,5.9464274989274,21,39,-0.125669583629514,0
"5ef4d8b87faaa00c0dea0c4e",99,"experience",20,20,23.5,5.5,15,34,0.398497370398196,0
"5ef4d8b87faaa00c0dea0c4e",100,"experience",2,2,16,4,12,20,0,0
"5ef4d8b87faaa00c0dea0c4e",101,"experience",2,2,20,4,16,24,0,0
"5ef4d8b87faaa00c0dea0c4e",102,"experience",10,10,22.2,5.9464274989274,13,31,-0.125669583629514,0
"5ef4d8b87faaa00c0dea0c4e",103,"experience",20,20,29.5,5.5,21,40,0.398497370398196,0
"5ef4d8b87faaa00c0dea0c4e",104,"experience",10,10,32.2,5.9464274989274,23,41,-0.125669583629516,0
"5ef4d8b87faaa00c0dea0c4e",105,"experience",10,10,18.2,5.9464274989274,9,27,-0.125669583629514,0
"5ef4d8b87faaa00c0dea0c4e",106,"experience",2,2,29,4,25,33,0,0
"5ef4d8b87faaa00c0dea0c4e",107,"experience",10,10,29.2,5.9464274989274,20,38,-0.125669583629514,0
"5ef4d8b87faaa00c0dea0c4e",108,"experience",2,2,31,4,27,35,0,0
"615dd5ed4fd5b2c64eee7e99",1,"experience",4,4,38,2.54950975679639,35,42,0.543090835767279,0
"615dd5ed4fd5b2c64eee7e99",2,"experience",5,5,12.8,4.3081318457076,7,19,0.00180092461594066,0
"615dd5ed4fd5b2c64eee7e99",3,"experience",12,12,36.8333333333333,5.17740818900302,29,46,0.00533739092210984,0
"615dd5ed4fd5b2c64eee7e99",4,"experience",11,11,37.0909090909091,6.52901977126381,29,47,0.299559832675908,0
"615dd5ed4fd5b2c64eee7e99",5,"experience",3,3,11.3333333333333,6.34209919681348,5,20,0.502067527454466,0
"615dd5ed4fd5b2c64eee7e99",6,"experience",2,2,8.5,4.5,4,13,0,0
"615dd5ed4fd5b2c64eee7e99",7,"experience",4,4,10.5,6.10327780786685,3,17,-0.0791740916474778,0
"615dd5ed4fd5b2c64eee7e99",8,"experience",11,11,39.6363636363636,5.48175033879321,30,47,-0.279737903144292,0
"615dd5ed4fd5b2c64eee7e99",9,"experience",9,9,36,6.14636297152859,29,48,0.602939066584206,0
"615dd5ed4fd5b2c64eee7e99",10,"experience",10,10,35.6,5.40740233383831,29,47,0.675165073262629,0
"615dd5ed4fd5b2c64eee7e99",11,"experience",9,9,10.2222222222222,5.95870563457419,1,18,-0.410230777345511,1
"615dd5ed4fd5b2c64eee7e99",12,"experience",6,6,39.8333333333333,5.8142545141708,32,48,-0.0979845186033419,0
"615dd5ed4fd5b2c64eee7e99",13,"experience",2,2,25,4,21,29,0,0
"615dd5ed4fd5b2c64eee7e99",14,"experience",2,2,26,4,22,30,0,0
"615dd5ed4fd5b2c64eee7e99",15,"experience",2,2,31,4,27,35,0,0
"615dd5ed4fd5b2c64eee7e99",16,"experience",2,2,30,4,26,34,0,0
"615dd5ed4fd5b2c64eee7e99",17,"experience",2,2,23,4,19,27,0,0
"615dd5ed4fd5b2c64eee7e99",18,"experience",20,20,13.5,5.5,5,24,0.398497370398196,0
"615dd5ed4fd5b2c64eee7e99",19,"experience",20,20,23.5,5.5,15,34,0.398497370398196,0
"615dd5ed4fd5b2c64eee7e99",20,"experience",2,2,17,4,13,21,0,0
"615dd5ed4fd5b2c64eee7e99",21,"experience",10,10,32.2,5.9464274989274,23,41,-0.125669583629516,0
"615dd5ed4fd5b2c64eee7e99",22,"experience",20,20,28.5,5.5,20,39,0.398497370398196,0
"615dd5ed4fd5b2c64eee7e99",23,"experience",2,2,31,4,27,35,0,0
"615dd5ed4fd5b2c64eee7e99",24,"experience",10,10,29.2,5.9464274989274,20,38,-0.125669583629514,0
"615dd5ed4fd5b2c64eee7e99",25,"experience",2,2,26,4,22,30,0,0
"615dd5ed4fd5b2c64eee7e99",26,"experience",20,20,34.5,5.5,26,45,0.398497370398196,0
"615dd5ed4fd5b2c64eee7e99",27,"experience",10,10,32.2,5.9464274989274,23,41,-0.125669583629516,0
"615dd5ed4fd5b2c64eee7e99",28,"experience",20,20,17.5,5.5,9,28,0.398497370398196,0
"615dd5ed4fd5b2c64eee7e99",29,"experience",20,20,25.5,5.5,17,36,0.398497370398196,0
"615dd5ed4fd5b2c64eee7e99",30,"experience",2,2,30,4,26,34,0,0
"615dd5ed4fd5b2c64eee7e99",31,"experience",20,20,15.5,5.5,7,26,0.398497370398196,0
"615dd5ed4fd5b2c64eee7e99",32,"experience",2,2,30,4,26,34,0,0
"615dd5ed4fd5b2c64eee7e99",33,"experience",10,10,35.2,5.9464274989274,26,44,-0.125669583629516,0
"615dd5ed4fd5b2c64eee7e99",34,"experience",2,2,16,4,12,20,0,0
"615dd5ed4fd5b2c64eee7e99",35,"experience",20,20,33.5,5.5,25,44,0.398497370398196,0
"615dd5ed4fd5b2c64eee7e99",36,"experience",20,20,17.5,5.5,9,28,0.398497370398196,0
"615dd5ed4fd5b2c64eee7e99",37,"experience",20,20,28.5,5.5,20,39,0.398497370398196,0
"615dd5ed4fd5b2c64eee7e99",38,"experience",10,10,36.2,5.9464274989274,27,45,-0.125669583629516,0
"615dd5ed4fd5b2c64eee7e99",39,"experience",10,10,17.2,5.9464274989274,8,26,-0.125669583629514,0
"615dd5ed4fd5b2c64eee7e99",40,"experience",20,20,13.5,5.5,5,24,0.398497370398196,0
"615dd5ed4fd5b2c64eee7e99",41,"experience",2,2,34,4,30,38,0,0
"615dd5ed4fd5b2c64eee7e99",42,"experience",20,20,25.5,5.5,17,36,0.398497370398196,0
"615dd5ed4fd5b2c64eee7e99",43,"experience",10,10,26.2,5.9464274989274,17,35,-0.125669583629514,0
"615dd5ed4fd5b2c64eee7e99",44,"experience",2,2,20,4,16,24,0,0
"615dd5ed4fd5b2c64eee7e99",45,"experience",10,10,23.2,5.9464274989274,14,32,-0.125669583629514,0
"615dd5ed4fd5b2c64eee7e99",46,"experience",2,2,17,4,13,21,0,0
"615dd5ed4fd5b2c64eee7e99",47,"experience",10,10,24.2,5.9464274989274,15,33,-0.125669583629514,0
"615dd5ed4fd5b2c64eee7e99",48,"experience",10,10,33.2,5.9464274989274,24,42,-0.125669583629516,0
"615dd5ed4fd5b2c64eee7e99",49,"experience",20,20,30.5,5.5,22,41,0.398497370398196,0
"615dd5ed4fd5b2c64eee7e99",50,"experience",10,10,29.2,5.9464274989274,20,38,-0.125669583629514,0
"615dd5ed4fd5b2c64eee7e99",51,"experience",10,10,15.2,5.9464274989274,6,24,-0.125669583629514,0
"615dd5ed4fd5b2c64eee7e99",52,"experience",20,20,12.5,5.5,4,23,0.398497370398196,0
"615dd5ed4fd5b2c64eee7e99",53,"experience",2,2,17,4,13,21,0,0
"615dd5ed4fd5b2c64eee7e99",54,"experience",10,10,15.2,5.9464274989274,6,24,-0.125669583629514,0
"615dd5ed4fd5b2c64eee7e99",55,"experience",10,10,29.2,5.9464274989274,20,38,-0.125669583629514,0
"615dd5ed4fd5b2c64eee7e99",56,"experience",20,20,24.5,5.5,16,35,0.398497370398196,0
"615dd5ed4fd5b2c64eee7e99",57,"experience",2,2,32,4,28,36,0,0
"615dd5ed4fd5b2c64eee7e99",58,"experience",20,20,31.5,5.5,23,42,0.398497370398196,0
"615dd5ed4fd5b2c64eee7e99",59,"experience",10,10,19.2,5.9464274989274,10,28,-0.125669583629514,0
"615dd5ed4fd5b2c64eee7e99",60,"experience",10,10,29.2,5.9464274989274,20,38,-0.125669583629514,0
"615dd5ed4fd5b2c64eee7e99",61,"experience",2,2,18,4,14,22,0,0
"615dd5ed4fd5b2c64eee7e99",62,"experience",2,2,27,4,23,31,0,0
"615dd5ed4fd5b2c64eee7e99",63,"experience",10,10,21.2,5.9464274989274,12,30,-0.125669583629514,0
"615dd5ed4fd5b2c64eee7e99",64,"experience",20,20,18.5,5.5,10,29,0.398497370398196,0
"615dd5ed4fd5b2c64eee7e99",65,"experience",2,2,29,4,25,33,0,0
"615dd5ed4fd5b2c64eee7e99",66,"experience",20,20,34.5,5.5,26,45,0.398497370398196,0
"615dd5ed4fd5b2c64eee7e99",67,"experience",2,2,35,4,31,39,0,0
"615dd5ed4fd5b2c64eee7e99",68,"experience",2,2,31,4,27,35,0,0
"615dd5ed4fd5b2c64eee7e99",69,"experience",10,10,26.2,5.9464274989274,17,35,-0.125669583629514,0
"615dd5ed4fd5b2c64eee7e99",70,"experience",2,2,17,4,13,21,0,0
"615dd5ed4fd5b2c64eee7e99",71,"experience",20,20,34.5,5.5,26,45,0.398497370398196,0
"615dd5ed4fd5b2c64eee7e99",72,"experience",20,20,13.5,5.5,5,24,0.398497370398196,0
"615dd5ed4fd5b2c64eee7e99",73,"experience",20,20,33.5,5.5,25,44,0.398497370398196,0
"615dd5ed4fd5b2c64eee7e99",74,"experience",2,2,20,4,16,24,0,0
"615dd5ed4fd5b2c64eee7e99",75,"experience",2,2,21,4,17,25,0,0
"615dd5ed4fd5b2c64eee7e99",76,"experience",10,10,15.2,5.9464274989274,6,24,-0.125669583629514,0
"615dd5ed4fd5b2c64eee7e99",77,"experience",10,10,22.2,5.9464274989274,13,31,-0.125669583629514,0
"615dd5ed4fd5b2c64eee7e99",78,"experience",10,10,24.2,5.9464274989274,15,33,-0.125669583629514,0
"615dd5ed4fd5b2c64eee7e99",79,"experience",10,10,25.2,5.9464274989274,16,34,-0.125669583629514,0
"615dd5ed4fd5b2c64eee7e99",80,"experience",20,20,14.5,5.5,6,25,0.398497370398196,0
"615dd5ed4fd5b2c64eee7e99",81,"experience",2,2,27,4,23,31,0,0
"615dd5ed4fd5b2c64eee7e99",82,"experience",10,10,25.2,5.9464274989274,16,34,-0.125669583629514,0
"615dd5ed4fd5b2c64eee7e99",83,"experience",20,20,27.5,5.5,19,38,0.398497370398196,0
"615dd5ed4fd5b2c64eee7e99",84,"experience",20,20,22.5,5.5,14,33,0.398497370398196,0
"615dd5ed4fd5b2c64eee7e99",85,"experience",2,2,33,4,29,37,0,0
"615dd5ed4fd5b2c64eee7e99",86,"experience",10,10,35.2,5.9464274989274,26,44,-0.125669583629516,0
"615dd5ed4fd5b2c64eee7e99",87,"experience",20,20,17.5,5.5,9,28,0.398497370398196,0
"615dd5ed4fd5b2c64eee7e99",88,"experience",2,2,27,4,23,31,0,0
"615dd5ed4fd5b2c64eee7e99",89,"experience",10,10,15.2,5.9464274989274,6,24,-0.125669583629514,0
"615dd5ed4fd5b2c64eee7e99",90,"experience",20,20,25.5,5.5,17,36,0.398497370398196,0
"615dd5ed4fd5b2c64eee7e99",91,"experience",10,10,15.2,5.9464274989274,6,24,-0.125669583629514,0
"615dd5ed4fd5b2c64eee7e99",92,"experience",2,2,35,4,31,39,0,0
"615dd5ed4fd5b2c64eee7e99",93,"experience",10,10,32.2,5.9464274989274,23,41,-0.125669583629516,0
"615dd5ed4fd5b2c64eee7e99",94,"experience",20,20,32.5,5.5,24,43,0.398497370398196,0
"615dd5ed4fd5b2c64eee7e99",95,"experience",2,2,23,4,19,27,0,0
"615dd5ed4fd5b2c64eee7e99",96,"experience",10,10,28.2,5.9464274989274,19,37,-0.125669583629514,0
"615dd5ed4fd5b2c64eee7e99",97,"experience",20,20,27.5,5.5,19,38,0.398497370398196,0
"615dd5ed4fd5b2c64eee7e99",98,"experience",2,2,34,4,30,38,0,0
"615dd5ed4fd5b2c64eee7e99",99,"experience",20,20,18.5,5.5,10,29,0.398497370398196,0
"615dd5ed4fd5b2c64eee7e99",100,"experience",2,2,15,4,11,19,0,0
"615dd5ed4fd5b2c64eee7e99",101,"experience",10,10,35.2,5.9464274989274,26,44,-0.125669583629516,0
"615dd5ed4fd5b2c64eee7e99",102,"experience",10,10,17.2,5.9464274989274,8,26,-0.125669583629514,0
"615dd5ed4fd5b2c64eee7e99",103,"experience",10,10,29.2,5.9464274989274,20,38,-0.125669583629514,0
"615dd5ed4fd5b2c64eee7e99",104,"experience",20,20,30.5,5.5,22,41,0.398497370398196,0
"615dd5ed4fd5b2c64eee7e99",105,"experience",20,20,15.5,5.5,7,26,0.398497370398196,0
"615dd5ed4fd5b2c64eee7e99",106,"experience",2,2,22,4,18,26,0,0
"615dd5ed4fd5b2c64eee7e99",107,"experience",10,10,35.2,5.9464274989274,26,44,-0.125669583629516,0
"615dd5ed4fd5b2c64eee7e99",108,"experience",20,20,24.5,5.5,16,35,0.398497370398196,0
"62b146e365eca239ef0dbbfb",1,"experience",3,3,35.3333333333333,4.10960933531265,30,40,-0.239063146929546,0
"62b146e365eca239ef0dbbfb",2,"experience",9,9,39.8888888888889,5.7820497027812,31,48,-0.149843760393099,0
"62b146e365eca239ef0dbbfb",3,"experience",7,7,11.4285714285714,5.82745087267747,3,20,0.244585342214853,0
"62b146e365eca239ef0dbbfb",4,"experience",11,11,37.5454545454545,6.05074956083409,30,47,0.346850772918665,0
"62b146e365eca239ef0dbbfb",5,"experience",3,3,15,0.816496580927726,14,16,0,0
"62b146e365eca239ef0dbbfb",6,"experience",5,5,9.4,5.49909083394701,2,16,-0.208981154141347,0
"62b146e365eca239ef0dbbfb",7,"experience",7,7,12,6.6332495807108,2,20,-0.411151833515132,0
"62b146e365eca239ef0dbbfb",8,"experience",11,11,12.5454545454545,4.88715638389659,4,19,-0.44837016447655,0
"62b146e365eca239ef0dbbfb",9,"experience",5,5,36,5.72712842531054,29,45,0.306627934728108,0
"62b146e365eca239ef0dbbfb",10,"experience",2,2,14.5,3.5,11,18,0,0
"62b146e365eca239ef0dbbfb",11,"experience",7,7,10.7142857142857,6.98394660661732,1,20,0.00872978042598159,1
"62b146e365eca239ef0dbbfb",12,"experience",12,12,10,6.04152298679729,1,19,-0.0136044803605869,1
"62b146e365eca239ef0dbbfb",13,"experience",2,2,15,4,11,19,0,0
"62b146e365eca239ef0dbbfb",14,"experience",10,10,36.2,5.9464274989274,27,45,-0.125669583629516,0
"62b146e365eca239ef0dbbfb",15,"experience",20,20,30.5,5.5,22,41,0.398497370398196,0
"62b146e365eca239ef0dbbfb",16,"experience",20,20,20.5,5.5,12,31,0.398497370398196,0
"62b146e365eca239ef0dbbfb",17,"experience",10,10,25.2,5.9464274989274,16,34,-0.125669583629514,0
"62b146e365eca239ef0dbbfb",18,"experience",10,10,23.2,5.9464274989274,14,32,-0.125669583629514,0
"62b146e365eca239ef0dbbfb",19,"experience",2,2,20,4,16,24,0,0
"62b146e365eca239ef0dbbfb",20,"experience",20,20,22.5,5.5,14,33,0.398497370398196,0
"62b146e365eca239ef0dbbfb",21,"experience",20,20,23.5,5.5,15,34,0.398497370398196,0
"62b146e365eca239ef0dbbfb",22,"experience",20,20,34.5,5.5,26,45,0.398497370398196,0
"62b146e365eca239ef0dbbfb",23,"experience",20,20,14.5,5.5,6,25,0.398497370398196,0
"62b146e365eca239ef0dbbfb",24,"experience",20,20,26.5,5.5,18,37,0.398497370398196,0
"62b146e365eca239ef0dbbfb",25,"experience",20,20,24.5,5.5,16,35,0.398497370398196,0
"62b146e365eca239ef0dbbfb",26,"experience",2,2,21,4,17,25,0,0
"62b146e365eca239ef0dbbfb",27,"experience",10,10,34.2,5.9464274989274,25,43,-0.125669583629516,0
"62b146e365eca239ef0dbbfb",28,"experience",2,2,22,4,18,26,0,0
"62b146e365eca239ef0dbbfb",29,"experience",2,2,27,4,23,31,0,0
"62b146e365eca239ef0dbbfb",30,"experience",2,2,33,4,29,37,0,0
"62b146e365eca239ef0dbbfb",31,"experience",20,20,15.5,5.5,7,26,0.398497370398196,0
"62b146e365eca239ef0dbbfb",32,"experience",10,10,34.2,5.9464274989274,25,43,-0.125669583629516,0
"62b146e365eca239ef0dbbfb",33,"experience",2,2,17,4,13,21,0,0
"62b146e365eca239ef0dbbfb",34,"experience",10,10,19.2,5.9464274989274,10,28,-0.125669583629514,0
"62b146e365eca239ef0dbbfb",35,"experience",2,2,26,4,22,30,0,0
"62b146e365eca239ef0dbbfb",36,"experience",20,20,12.5,5.5,4,23,0.398497370398196,0
"62b146e365eca239ef0dbbfb",37,"experience",2,2,30,4,26,34,0,0
"62b146e365eca239ef0dbbfb",38,"experience",20,20,28.5,5.5,20,39,0.398497370398196,0
"62b146e365eca239ef0dbbfb",39,"experience",20,20,31.5,5.5,23,42,0.398497370398196,0
"62b146e365eca239ef0dbbfb",40,"experience",2,2,27,4,23,31,0,0
"62b146e365eca239ef0dbbfb",41,"experience",10,10,30.2,5.9464274989274,21,39,-0.125669583629514,0
"62b146e365eca239ef0dbbfb",42,"experience",2,2,17,4,13,21,0,0
"62b146e365eca239ef0dbbfb",43,"experience",2,2,29,4,25,33,0,0
"62b146e365eca239ef0dbbfb",44,"experience",10,10,31.2,5.9464274989274,22,40,-0.125669583629514,0
"62b146e365eca239ef0dbbfb",45,"experience",10,10,30.2,5.9464274989274,21,39,-0.125669583629514,0
"62b146e365eca239ef0dbbfb",46,"experience",10,10,15.2,5.9464274989274,6,24,-0.125669583629514,0
"62b146e365eca239ef0dbbfb",47,"experience",10,10,22.2,5.9464274989274,13,31,-0.125669583629514,0
"62b146e365eca239ef0dbbfb",48,"experience",20,20,19.5,5.5,11,30,0.398497370398196,0
"62b146e365eca239ef0dbbfb",49,"experience",2,2,14,4,10,18,0,0
"62b146e365eca239ef0dbbfb",50,"experience",20,20,23.5,5.5,15,34,0.398497370398196,0
"62b146e365eca239ef0dbbfb",51,"experience",20,20,19.5,5.5,11,30,0.398497370398196,0
"62b146e365eca239ef0dbbfb",52,"experience",10,10,26.2,5.9464274989274,17,35,-0.125669583629514,0
"62b146e365eca239ef0dbbfb",53,"experience",20,20,15.5,5.5,7,26,0.398497370398196,0
"62b146e365eca239ef0dbbfb",54,"experience",10,10,34.2,5.9464274989274,25,43,-0.125669583629516,0
"62b146e365eca239ef0dbbfb",55,"experience",2,2,35,4,31,39,0,0
"62b146e365eca239ef0dbbfb",56,"experience",2,2,16,4,12,20,0,0
"62b146e365eca239ef0dbbfb",57,"experience",10,10,30.2,5.9464274989274,21,39,-0.125669583629514,0
"62b146e365eca239ef0dbbfb",58,"experience",10,10,29.2,5.9464274989274,20,38,-0.125669583629514,0
"62b146e365eca239ef0dbbfb",59,"experience",10,10,16.2,5.9464274989274,7,25,-0.125669583629514,0
"62b146e365eca239ef0dbbfb",60,"experience",2,2,25,4,21,29,0,0
"62b146e365eca239ef0dbbfb",61,"experience",20,20,28.5,5.5,20,39,0.398497370398196,0
"62b146e365eca239ef0dbbfb",62,"experience",10,10,18.2,5.9464274989274,9,27,-0.125669583629514,0
"62b146e365eca239ef0dbbfb",63,"experience",2,2,35,4,31,39,0,0
"62b146e365eca239ef0dbbfb",64,"experience",10,10,16.2,5.9464274989274,7,25,-0.125669583629514,0
"62b146e365eca239ef0dbbfb",65,"experience",2,2,15,4,11,19,0,0
"62b146e365eca239ef0dbbfb",66,"experience",20,20,27.5,5.5,19,38,0.398497370398196,0
"62b146e365eca239ef0dbbfb",67,"experience",20,20,19.5,5.5,11,30,0.398497370398196,0
"62b146e365eca239ef0dbbfb",68,"experience",20,20,33.5,5.5,25,44,0.398497370398196,0
"62b146e365eca239ef0dbbfb",69,"experience",2,2,36,4,32,40,0,0
"62b146e365eca239ef0dbbfb",70,"experience",2,2,18,4,14,22,0,0
"62b146e365eca239ef0dbbfb",71,"experience",20,20,29.5,5.5,21,40,0.398497370398196,0
"62b146e365eca239ef0dbbfb",72,"experience",20,20,28.5,5.5,20,39,0.398497370398196,0
"62b146e365eca239ef0dbbfb",73,"experience",2,2,18,4,14,22,0,0
"62b146e365eca239ef0dbbfb",74,"experience",20,20,21.5,5.5,13,32,0.398497370398196,0
"62b146e365eca239ef0dbbfb",75,"experience",20,20,22.5,5.5,14,33,0.398497370398196,0
"62b146e365eca239ef0dbbfb",76,"experience",20,20,15.5,5.5,7,26,0.398497370398196,0
"62b146e365eca239ef0dbbfb",77,"experience",2,2,35,4,31,39,0,0
"62b146e365eca239ef0dbbfb",78,"experience",2,2,32,4,28,36,0,0
"62b146e365eca239ef0dbbfb",79,"experience",2,2,19,4,15,23,0,0
"62b146e365eca239ef0dbbfb",80,"experience",2,2,14,4,10,18,0,0
"62b146e365eca239ef0dbbfb",81,"experience",2,2,34,4,30,38,0,0
"62b146e365eca239ef0dbbfb",82,"experience",20,20,13.5,5.5,5,24,0.398497370398196,0
"62b146e365eca239ef0dbbfb",83,"experience",10,10,22.2,5.9464274989274,13,31,-0.125669583629514,0
"62b146e365eca239ef0dbbfb",84,"experience",10,10,15.2,5.9464274989274,6,24,-0.125669583629514,0
"62b146e365eca239ef0dbbfb",85,"experience",10,10,23.2,5.9464274989274,14,32,-0.125669583629514,0
"62b146e365eca239ef0dbbfb",86,"experience",10,10,23.2,5.9464274989274,14,32,-0.125669583629514,0
"62b146e365eca239ef0dbbfb",87,"experience",2,2,22,4,18,26,0,0
"62b146e365eca239ef0dbbfb",88,"experience",10,10,29.2,5.9464274989274,20,38,-0.125669583629514,0
"62b146e365eca239ef0dbbfb",89,"experience",10,10,33.2,5.9464274989274,24,42,-0.125669583629516,0
"62b146e365eca239ef0dbbfb",90,"experience",2,2,23,4,19,27,0,0
"62b146e365eca239ef0dbbfb",91,"experience",10,10,33.2,5.9464274989274,24,42,-0.125669583629516,0
"62b146e365eca239ef0dbbfb",92,"experience",20,20,23.5,5.5,15,34,0.398497370398196,0
"62b146e365eca239ef0dbbfb",93,"experience",10,10,36.2,5.9464274989274,27,45,-0.125669583629516,0
"62b146e365eca239ef0dbbfb",94,"experience",20,20,15.5,5.5,7,26,0.398497370398196,0
"62b146e365eca239ef0dbbfb",95,"experience",20,20,20.5,5.5,12,31,0.398497370398196,0
"62b146e365eca239ef0dbbfb",96,"experience",20,20,22.5,5.5,14,33,0.398497370398196,0
"62b146e365eca239ef0dbbfb",97,"experience",20,20,15.5,5.5,7,26,0.398497370398196,0
"62b146e365eca239ef0dbbfb",98,"experience",2,2,17,4,13,21,0,0
"62b146e365eca239ef0dbbfb",99,"experience",20,20,28.5,5.5,20,39,0.398497370398196,0
"62b146e365eca239ef0dbbfb",100,"experience",2,2,14,4,10,18,0,0
"62b146e365eca239ef0dbbfb",101,"experience",10,10,26.2,5.9464274989274,17,35,-0.125669583629514,0
"62b146e365eca239ef0dbbfb",102,"experience",2,2,29,4,25,33,0,0
"62b146e365eca239ef0dbbfb",103,"experience",10,10,17.2,5.9464274989274,8,26,-0.125669583629514,0
"62b146e365eca239ef0dbbfb",104,"experience",2,2,14,4,10,18,0,0
"62b146e365eca239ef0dbbfb",105,"experience",10,10,31.2,5.9464274989274,22,40,-0.125669583629514,0
"62b146e365eca239ef0dbbfb",106,"experience",10,10,21.2,5.9464274989274,12,30,-0.125669583629514,0
"62b146e365eca239ef0dbbfb",107,"experience",10,10,30.2,5.9464274989274,21,39,-0.125669583629514,0
"62b146e365eca239ef0dbbfb",108,"experience",10,10,15.2,5.9464274989274,6,24,-0.125669583629514,0
"6677878aeb0f9e2e3f5fcc28",1,"experience",5,5,41.6,4.67332857821917,34,47,-0.393159309603433,0
"6677878aeb0f9e2e3f5fcc28",2,"experience",8,8,9.75,3.52668399491647,5,17,0.651885731238821,0
"6677878aeb0f9e2e3f5fcc28",3,"experience",7,7,37.4285714285714,5.77821383318762,30,48,0.410203061770431,0
"6677878aeb0f9e2e3f5fcc28",4,"experience",3,3,38.6666666666667,6.94422221866655,29,45,-0.609420423424568,0
"6677878aeb0f9e2e3f5fcc28",5,"experience",8,8,39,5.1720402163943,31,48,0.308994279676277,0
"6677878aeb0f9e2e3f5fcc28",6,"experience",3,3,35,4.32049379893857,31,41,0.595170064139497,0
"6677878aeb0f9e2e3f5fcc28",7,"experience",4,4,12.75,1.4790199457749,11,15,0.434650759574666,0
"6677878aeb0f9e2e3f5fcc28",8,"experience",3,3,6.66666666666667,6.64997911442,1,16,0.659439609664588,1
"6677878aeb0f9e2e3f5fcc28",9,"experience",3,3,35.3333333333333,6.34209919681348,29,44,0.502067527454465,0
"6677878aeb0f9e2e3f5fcc28",10,"experience",12,12,39.4166666666667,5.40768486096921,31,48,0.134633124777955,0
"6677878aeb0f9e2e3f5fcc28",11,"experience",7,7,12.5714285714286,3.95897327444315,7,19,0.194799333989273,0
"6677878aeb0f9e2e3f5fcc28",12,"experience",4,4,37,4.94974746830583,29,42,-0.742152889875094,0
"6677878aeb0f9e2e3f5fcc28",13,"experience",10,10,36.2,5.9464274989274,27,45,-0.125669583629516,0
"6677878aeb0f9e2e3f5fcc28",14,"experience",20,20,21.5,5.5,13,32,0.398497370398196,0
"6677878aeb0f9e2e3f5fcc28",15,"experience",2,2,20,4,16,24,0,0
"6677878aeb0f9e2e3f5fcc28",16,"experience",20,20,30.5,5.5,22,41,0.398497370398196,0
"6677878aeb0f9e2e3f5fcc28",17,"experience",10,10,21.2,5.9464274989274,12,30,-0.125669583629514,0
"6677878aeb0f9e2e3f5fcc28",18,"experience",10,10,23.2,5.9464274989274,14,32,-0.125669583629514,0
"6677878aeb0f9e2e3f5fcc28",19,"experience",20,20,22.5,5.5,14,33,0.398497370398196,0
"6677878aeb0f9e2e3f5fcc28",20,"experience",10,10,33.2,5.9464274989274,24,42,-0.125669583629516,0
"6677878aeb0f9e2e3f5fcc28",21,"experience",2,2,28,4,24,32,0,0
"6677878aeb0f9e2e3f5fcc28",22,"experience",10,10,30.2,5.9464274989274,21,39,-0.125669583629514,0
"6677878aeb0f9e2e3f5fcc28",23,"experience",20,20,16.5,5.5,8,27,0.398497370398196,0
"6677878aeb0f9e2e3f5fcc28",24,"experience",10,10,17.2,5.9464274989274,8,26,-0.125669583629514,0
"6677878aeb0f9e2e3f5fcc28",25,"experience",10,10,34.2,5.9464274989274,25,43,-0.125669583629516,0
"6677878aeb0f9e2e3f5fcc28",26,"experience",20,20,27.5,5.5,19,38,0.398497370398196,0
"6677878aeb0f9e2e3f5fcc28",27,"experience",2,2,34,4,30,38,0,0
"6677878aeb0f9e2e3f5fcc28",28,"experience",20,20,31.5,5.5,23,42,0.398497370398196,0
"6677878aeb0f9e2e3f5fcc28",29,"experience",10,10,33.2,5.9464274989274,24,42,-0.125669583629516,0
"6677878aeb0f9e2e3f5fcc28",30,"experience",20,20,23.5,5.5,15,34,0.398497370398196,0
"6677878aeb0f9e2e3f5fcc28",31,"experience",2,2,35,4,31,39,0,0
"6677878aeb0f9e2e3f5fcc28",32,"experience",10,10,29.2,5.9464274989274,20,38,-0.125669583629514,0
"6677878aeb0f9e2e3f5fcc28",33,"experience",10,10,17.2,5.9464274989274,8,26,-0.125669583629514,0
"6677878aeb0f9e2e3f5fcc28",34,"experience",2,2,18,4,14,22,0,0
"6677878aeb0f9e2e3f5fcc28",35,"experience",2,2,26,4,22,30,0,0
"6677878aeb0f9e2e3f5fcc28",36,"experience",20,20,19.5,5.5,11,30,0.398497370398196,0
"6677878aeb0f9e2e3f5fcc28",37,"experience",10,10,28.2,5.9464274989274,19,37,-0.125669583629514,0
"6677878aeb0f9e2e3f5fcc28",38,"experience",2,2,15,4,11,19,0,0
"6677878aeb0f9e2e3f5fcc28",39,"experience",2,2,17,4,13,21,0,0
"6677878aeb0f9e2e3f5fcc28",40,"experience",10,10,17.2,5.9464274989274,8,26,-0.125669583629514,0
"6677878aeb0f9e2e3f5fcc28",41,"experience",20,20,24.5,5.5,16,35,0.398497370398196,0
"6677878aeb0f9e2e3f5fcc28",42,"experience",20,20,23.5,5.5,15,34,0.398497370398196,0
"6677878aeb0f9e2e3f5fcc28",43,"experience",2,2,30,4,26,34,0,0
"6677878aeb0f9e2e3f5fcc28",44,"experience",2,2,36,4,32,40,0,0
"6677878aeb0f9e2e3f5fcc28",45,"experience",20,20,30.5,5.5,22,41,0.398497370398196,0
"6677878aeb0f9e2e3f5fcc28",46,"experience",2,2,23,4,19,27,0,0
"6677878aeb0f9e2e3f5fcc28",47,"experience",2,2,24,4,20,28,0,0
"6677878aeb0f9e2e3f5fcc28",48,"experience",20,20,22.5,5.5,14,33,0.398497370398196,0
"6677878aeb0f9e2e3f5fcc28",49,"experience",20,20,17.5,5.5,9,28,0.398497370398196,0
"6677878aeb0f9e2e3f5fcc28",50,"experience",10,10,22.2,5.9464274989274,13,31,-0.125669583629514,0
"6677878aeb0f9e2e3f5fcc28",51,"experience",2,2,30,4,26,34,0,0
"6677878aeb0f9e2e3f5fcc28",52,"experience",2,2,15,4,11,19,0,0
"6677878aeb0f9e2e3f5fcc28",53,"experience",20,20,34.5,5.5,26,45,0.398497370398196,0
"6677878aeb0f9e2e3f5fcc28",54,"experience",2,2,28,4,24,32,0,0
"6677878aeb0f9e2e3f5fcc28",55,"experience",20,20,22.5,5.5,14,33,0.398497370398196,0
"6677878aeb0f9e2e3f5fcc28",56,"experience",2,2,35,4,31,39,0,0
"6677878aeb0f9e2e3f5fcc28",57,"experience",10,10,14.2,5.9464274989274,5,23,-0.125669583629514,0
"6677878aeb0f9e2e3f5fcc28",58,"experience",20,20,19.5,5.5,11,30,0.398497370398196,0
"6677878aeb0f9e2e3f5fcc28",59,"experience",10,10,32.2,5.9464274989274,23,41,-0.125669583629516,0
"6677878aeb0f9e2e3f5fcc28",60,"experience",10,10,19.2,5.9464274989274,10,28,-0.125669583629514,0
"6677878aeb0f9e2e3f5fcc28",61,"experience",10,10,32.2,5.9464274989274,23,41,-0.125669583629516,0
"6677878aeb0f9e2e3f5fcc28",62,"experience",2,2,25,4,21,29,0,0
"6677878aeb0f9e2e3f5fcc28",63,"experience",2,2,23,4,19,27,0,0
"6677878aeb0f9e2e3f5fcc28",64,"experience",2,2,36,4,32,40,0,0
"6677878aeb0f9e2e3f5fcc28",65,"experience",2,2,24,4,20,28,0,0
"6677878aeb0f9e2e3f5fcc28",66,"experience",10,10,34.2,5.9464274989274,25,43,-0.125669583629516,0
"6677878aeb0f9e2e3f5fcc28",67,"experience",10,10,21.2,5.9464274989274,12,30,-0.125669583629514,0
"6677878aeb0f9e2e3f5fcc28",68,"experience",20,20,12.5,5.5,4,23,0.398497370398196,0
"6677878aeb0f9e2e3f5fcc28",69,"experience",20,20,32.5,5.5,24,43,0.398497370398196,0
"6677878aeb0f9e2e3f5fcc28",70,"experience",10,10,21.2,5.9464274989274,12,30,-0.125669583629514,0
"6677878aeb0f9e2e3f5fcc28",71,"experience",10,10,24.2,5.9464274989274,15,33,-0.125669583629514,0
"6677878aeb0f9e2e3f5fcc28",72,"experience",20,20,30.5,5.5,22,41,0.398497370398196,0
"6677878aeb0f9e2e3f5fcc28",73,"experience",2,2,22,4,18,26,0,0
"6677878aeb0f9e2e3f5fcc28",74,"experience",10,10,22.2,5.9464274989274,13,31,-0.125669583629514,0
"6677878aeb0f9e2e3f5fcc28",75,"experience",2,2,35,4,31,39,0,0
"6677878aeb0f9e2e3f5fcc28",76,"experience",20,20,23.5,5.5,15,34,0.398497370398196,0
"6677878aeb0f9e2e3f5fcc28",77,"experience",10,10,26.2,5.9464274989274,17,35,-0.125669583629514,0
"6677878aeb0f9e2e3f5fcc28",78,"experience",20,20,20.5,5.5,12,31,0.398497370398196,0
"6677878aeb0f9e2e3f5fcc28",79,"experience",20,20,13.5,5.5,5,24,0.398497370398196,0
"6677878aeb0f9e2e3f5fcc28",80,"experience",20,20,29.5,5.5,21,40,0.398497370398196,0
"6677878aeb0f9e2e3f5fcc28",81,"experience",20,20,19.5,5.5,11,30,0.398497370398196,0
"6677878aeb0f9e2e3f5fcc28",82,"experience",2,2,25,4,21,29,0,0
"6677878aeb0f9e2e3f5fcc28",83,"experience",10,10,15.2,5.9464274989274,6,24,-0.125669583629514,0
"6677878aeb0f9e2e3f5fcc28",84,"experience",20,20,29.5,5.5,21,40,0.398497370398196,0
"6677878aeb0f9e2e3f5fcc28",85,"experience",2,2,34,4,30,38,0,0
"6677878aeb0f9e2e3f5fcc28",86,"experience",2,2,29,4,25,33,0,0
"6677878aeb0f9e2e3f5fcc28",87,"experience",10,10,21.2,5.9464274989274,12,30,-0.125669583629514,0
"6677878aeb0f9e2e3f5fcc28",88,"experience",20,20,25.5,5.5,17,36,0.398497370398196,0
"6677878aeb0f9e2e3f5fcc28",89,"experience",2,2,31,4,27,35,0,0
"6677878aeb0f9e2e3f5fcc28",90,"experience",20,20,21.5,5.5,13,32,0.398497370398196,0
"6677878aeb0f9e2e3f5fcc28",91,"experience",2,2,23,4,19,27,0,0
"6677878aeb0f9e2e3f5fcc28",92,"experience",2,2,22,4,18,26,0,0
"6677878aeb0f9e2e3f5fcc28",93,"experience",10,10,25.2,5.9464274989274,16,34,-0.125669583629514,0
"6677878aeb0f9e2e3f5fcc28",94,"experience",20,20,26.5,5.5,18,37,0.398497370398196,0
"6677878aeb0f9e2e3f5fcc28",95,"experience",10,10,26.2,5.9464274989274,17,35,-0.125669583629514,0
"6677878aeb0f9e2e3f5fcc28",96,"experience",10,10,29.2,5.9464274989274,20,38,-0.125669583629514,0
"6677878aeb0f9e2e3f5fcc28",97,"experience",10,10,26.2,5.9464274989274,17,35,-0.125669583629514,0
"6677878aeb0f9e2e3f5fcc28",98,"experience",10,10,28.2,5.9464274989274,19,37,-0.125669583629514,0
"6677878aeb0f9e2e3f5fcc28",99,"experience",2,2,22,4,18,26,0,0
"6677878aeb0f9e2e3f5fcc28",100,"experience",10,10,23.2,5.9464274989274,14,32,-0.125669583629514,0
"6677878aeb0f9e2e3f5fcc28",101,"experience",20,20,15.5,5.5,7,26,0.398497370398196,0
"6677878aeb0f9e2e3f5fcc28",102,"experience",2,2,29,4,25,33,0,0
"6677878aeb0f9e2e3f5fcc28",103,"experience",10,10,33.2,5.9464274989274,24,42,-0.125669583629516,0
"6677878aeb0f9e2e3f5fcc28",104,"experience",20,20,15.5,5.5,7,26,0.398497370398196,0
"6677878aeb0f9e2e3f5fcc28",105,"experience",20,20,15.5,5.5,7,26,0.398497370398196,0
"6677878aeb0f9e2e3f5fcc28",106,"experience",2,2,31,4,27,35,0,0
"6677878aeb0f9e2e3f5fcc28",107,"experience",2,2,30,4,26,34,0,0
"6677878aeb0f9e2e3f5fcc28",108,"experience",20,20,24.5,5.5,16,35,0.398497370398196,0
"5d17ce93ac37cd0019535088",1,"experience",5,5,11.6,5.78273291792038,5,19,0.274038074679957,0
"5d17ce93ac37cd0019535088",2,"experience",4,4,8.75,5.53962995154008,2,16,0.0810674191206832,0
"5d17ce93ac37cd0019535088",3,"experience",6,6,9,7.32575365861197,1,20,0.228920970004078,1
"5d17ce93ac37cd0019535088",4,"experience",8,8,43.75,3.59687364248454,36,48,-0.973067265599682,0
"5d17ce93ac37cd0019535088",5,"experience",6,6,11,6.80685928555405,1,19,-0.263170844485734,1
"5d17ce93ac37cd0019535088",6,"experience",10,10,38.9,5.66480361530742,30,47,-0.208335685013861,0
"5d17ce93ac37cd0019535088",7,"experience",9,9,11.2222222222222,6.59592092429148,2,20,-0.125891371213516,0
"5d17ce93ac37cd0019535088",8,"experience",2,2,35.5,5.5,30,41,0,0
"5d17ce93ac37cd0019535088",9,"experience",12,12,37.1666666666667,5.84284938098603,29,46,0.0881973979033166,0
"5d17ce93ac37cd0019535088",10,"experience",5,5,7.8,5.91269819963779,1,16,0.176016470028857,1
"5d17ce93ac37cd0019535088",11,"experience",8,8,41.5,5.80947501931113,29,48,-1.07869758383258,0
"5d17ce93ac37cd0019535088",12,"experience",2,2,40,5,35,45,0,0
"5d17ce93ac37cd0019535088",13,"experience",20,20,18.5,5.5,10,29,0.398497370398196,0
"5d17ce93ac37cd0019535088",14,"experience",2,2,16,4,12,20,0,0
"5d17ce93ac37cd0019535088",15,"experience",20,20,33.5,5.5,25,44,0.398497370398196,0
"5d17ce93ac37cd0019535088",16,"experience",2,2,30,4,26,34,0,0
"5d17ce93ac37cd0019535088",17,"experience",20,20,32.5,5.5,24,43,0.398497370398196,0
"5d17ce93ac37cd0019535088",18,"experience",20,20,14.5,5.5,6,25,0.398497370398196,0
"5d17ce93ac37cd0019535088",19,"experience",20,20,15.5,5.5,7,26,0.398497370398196,0
"5d17ce93ac37cd0019535088",20,"experience",2,2,32,4,28,36,0,0
"5d17ce93ac37cd0019535088",21,"experience",2,2,20,4,16,24,0,0
"5d17ce93ac37cd0019535088",22,"experience",2,2,25,4,21,29,0,0
"5d17ce93ac37cd0019535088",23,"experience",2,2,33,4,29,37,0,0
"5d17ce93ac37cd0019535088",24,"experience",20,20,15.5,5.5,7,26,0.398497370398196,0
"5d17ce93ac37cd0019535088",25,"experience",2,2,30,4,26,34,0,0
"5d17ce93ac37cd0019535088",26,"experience",20,20,33.5,5.5,25,44,0.398497370398196,0
"5d17ce93ac37cd0019535088",27,"experience",20,20,30.5,5.5,22,41,0.398497370398196,0
"5d17ce93ac37cd0019535088",28,"experience",20,20,30.5,5.5,22,41,0.398497370398196,0
"5d17ce93ac37cd0019535088",29,"experience",20,20,27.5,5.5,19,38,0.398497370398196,0
"5d17ce93ac37cd0019535088",30,"experience",20,20,17.5,5.5,9,28,0.398497370398196,0
"5d17ce93ac37cd0019535088",31,"experience",20,20,18.5,5.5,10,29,0.398497370398196,0
"5d17ce93ac37cd0019535088",32,"experience",20,20,14.5,5.5,6,25,0.398497370398196,0
"5d17ce93ac37cd0019535088",33,"experience",20,20,23.5,5.5,15,34,0.398497370398196,0
"5d17ce93ac37cd0019535088",34,"experience",2,2,29,4,25,33,0,0
"5d17ce93ac37cd0019535088",35,"experience",20,20,28.5,5.5,20,39,0.398497370398196,0
"5d17ce93ac37cd0019535088",36,"experience",2,2,23,4,19,27,0,0
"5d17ce93ac37cd0019535088",37,"experience",2,2,21,4,17,25,0,0
"5d17ce93ac37cd0019535088",38,"experience",20,20,30.5,5.5,22,41,0.398497370398196,0
"5d17ce93ac37cd0019535088",39,"experience",2,2,14,4,10,18,0,0
"5d17ce93ac37cd0019535088",40,"experience",2,2,26,4,22,30,0,0
"5d17ce93ac37cd0019535088",41,"experience",2,2,26,4,22,30,0,0
"5d17ce93ac37cd0019535088",42,"experience",2,2,17,4,13,21,0,0
"5d17ce93ac37cd0019535088",43,"experience",2,2,21,4,17,25,0,0
"5d17ce93ac37cd0019535088",44,"experience",2,2,29,4,25,33,0,0
"5d17ce93ac37cd0019535088",45,"experience",10,10,32.2,5.9464274989274,23,41,-0.125669583629516,0
"5d17ce93ac37cd0019535088",46,"experience",10,10,24.2,5.9464274989274,15,33,-0.125669583629514,0
"5d17ce93ac37cd0019535088",47,"experience",10,10,21.2,5.9464274989274,12,30,-0.125669583629514,0
"5d17ce93ac37cd0019535088",48,"experience",10,10,28.2,5.9464274989274,19,37,-0.125669583629514,0
"5d17ce93ac37cd0019535088",49,"experience",10,10,27.2,5.9464274989274,18,36,-0.125669583629514,0
"5d17ce93ac37cd0019535088",50,"experience",10,10,36.2,5.9464274989274,27,45,-0.125669583629516,0
"5d17ce93ac37cd0019535088",51,"experience",10,10,17.2,5.9464274989274,8,26,-0.125669583629514,0
"5d17ce93ac37cd0019535088",52,"experience",10,10,29.2,5.9464274989274,20,38,-0.125669583629514,0
"5d17ce93ac37cd0019535088",53,"experience",10,10,32.2,5.9464274989274,23,41,-0.125669583629516,0
"5d17ce93ac37cd0019535088",54,"experience",10,10,20.2,5.9464274989274,11,29,-0.125669583629514,0
"5d17ce93ac37cd0019535088",55,"experience",10,10,23.2,5.9464274989274,14,32,-0.125669583629514,0
"5d17ce93ac37cd0019535088",56,"experience",10,10,35.2,5.9464274989274,26,44,-0.125669583629516,0
"5d17ce93ac37cd0019535088",57,"experience",10,10,29.2,5.9464274989274,20,38,-0.125669583629514,0
"5d17ce93ac37cd0019535088",58,"experience",10,10,28.2,5.9464274989274,19,37,-0.125669583629514,0
"5d17ce93ac37cd0019535088",59,"experience",10,10,21.2,5.9464274989274,12,30,-0.125669583629514,0
"5d17ce93ac37cd0019535088",60,"experience",10,10,16.2,5.9464274989274,7,25,-0.125669583629514,0
"5d17ce93ac37cd0019535088",61,"experience",2,2,19,4,15,23,0,0
"5d17ce93ac37cd0019535088",62,"experience",2,2,28,4,24,32,0,0
"5d17ce93ac37cd0019535088",63,"experience",2,2,32,4,28,36,0,0
"5d17ce93ac37cd0019535088",64,"experience",2,2,34,4,30,38,0,0
"5d17ce93ac37cd0019535088",65,"experience",10,10,30.2,5.9464274989274,21,39,-0.125669583629514,0
"5d17ce93ac37cd0019535088",66,"experience",10,10,27.2,5.9464274989274,18,36,-0.125669583629514,0
"5d17ce93ac37cd0019535088",67,"experience",10,10,14.2,5.9464274989274,5,23,-0.125669583629514,0
"5d17ce93ac37cd0019535088",68,"experience",10,10,36.2,5.9464274989274,27,45,-0.125669583629516,0
"5d17ce93ac37cd0019535088",69,"experience",2,2,18,4,14,22,0,0
"5d17ce93ac37cd0019535088",70,"experience",10,10,31.2,5.9464274989274,22,40,-0.125669583629514,0
"5d17ce93ac37cd0019535088",71,"experience",10,10,32.2,5.9464274989274,23,41,-0.125669583629516,0
"5d17ce93ac37cd0019535088",72,"experience",2,2,21,4,17,25,0,0
"5d17ce93ac37cd0019535088",73,"experience",2,2,36,4,32,40,0,0
"5d17ce93ac37cd0019535088",74,"experience",2,2,21,4,17,25,0,0
"5d17ce93ac37cd0019535088",75,"experience",10,10,36.2,5.9464274989274,27,45,-0.125669583629516,0
"5d17ce93ac37cd0019535088",76,"experience",2,2,17,4,13,21,0,0
"5d17ce93ac37cd0019535088",77,"experience",10,10,34.2,5.9464274989274,25,43,-0.125669583629516,0
"5d17ce93ac37cd0019535088",78,"experience",2,2,16,4,12,20,0,0
"5d17ce93ac37cd0019535088",79,"experience",2,2,18,4,14,22,0,0
"5d17ce93ac37cd0019535088",80,"experience",10,10,16.2,5.9464274989274,7,25,-0.125669583629514,0
"5d17ce93ac37cd0019535088",81,"experience",10,10,26.2,5.9464274989274,17,35,-0.125669583629514,0
"5d17ce93ac37cd0019535088",82,"experience",2,2,22,4,18,26,0,0
"5d17ce93ac37cd0019535088",83,"experience",10,10,17.2,5.9464274989274,8,26,-0.125669583629514,0
"5d17ce93ac37cd0019535088",84,"experience",10,10,30.2,5.9464274989274,21,39,-0.125669583629514,0
"5d17ce93ac37cd0019535088",85,"experience",2,2,24,4,20,28,0,0
"5d17ce93ac37cd0019535088",86,"experience",10,10,32.2,5.9464274989274,23,41,-0.125669583629516,0
"5d17ce93ac37cd0019535088",87,"experience",10,10,33.2,5.9464274989274,24,42,-0.125669583629516,0
"5d17ce93ac37cd0019535088",88,"experience",10,10,15.2,5.9464274989274,6,24,-0.125669583629514,0
"5d17ce93ac37cd0019535088",89,"experience",10,10,29.2,5.9464274989274,20,38,-0.125669583629514,0
"5d17ce93ac37cd0019535088",90,"experience",2,2,22,4,18,26,0,0
"5d17ce93ac37cd0019535088",91,"experience",2,2,22,4,18,26,0,0
"5d17ce93ac37cd0019535088",92,"experience",2,2,33,4,29,37,0,0
"5d17ce93ac37cd0019535088",93,"experience",20,20,24.5,5.5,16,35,0.398497370398196,0
"5d17ce93ac37cd0019535088",94,"experience",20,20,13.5,5.5,5,24,0.398497370398196,0
"5d17ce93ac37cd0019535088",95,"experience",20,20,28.5,5.5,20,39,0.398497370398196,0
"5d17ce93ac37cd0019535088",96,"experience",20,20,12.5,5.5,4,23,0.398497370398196,0
"5d17ce93ac37cd0019535088",97,"experience",20,20,29.5,5.5,21,40,0.398497370398196,0
"5d17ce93ac37cd0019535088",98,"experience",20,20,23.5,5.5,15,34,0.398497370398196,0
"5d17ce93ac37cd0019535088",99,"experience",20,20,15.5,5.5,7,26,0.398497370398196,0
"5d17ce93ac37cd0019535088",100,"experience",20,20,25.5,5.5,17,36,0.398497370398196,0
"5d17ce93ac37cd0019535088",101,"experience",20,20,29.5,5.5,21,40,0.398497370398196,0
"5d17ce93ac37cd0019535088",102,"experience",20,20,22.5,5.5,14,33,0.398497370398196,0
"5d17ce93ac37cd0019535088",103,"experience",20,20,29.5,5.5,21,40,0.398497370398196,0
"5d17ce93ac37cd0019535088",104,"experience",20,20,13.5,5.5,5,24,0.398497370398196,0
"5d17ce93ac37cd0019535088",105,"experience",20,20,19.5,5.5,11,30,0.398497370398196,0
"5d17ce93ac37cd0019535088",106,"experience",20,20,19.5,5.5,11,30,0.398497370398196,0
"5d17ce93ac37cd0019535088",107,"experience",20,20,23.5,5.5,15,34,0.398497370398196,0
"5d17ce93ac37cd0019535088",108,"experience",20,20,18.5,5.5,10,29,0.398497370398196,0
"67322550bd5dfa0cd2958366",1,"experience",9,9,36.4444444444444,5.51988548816632,29,47,0.45820940789704,0
"67322550bd5dfa0cd2958366",2,"experience",10,10,10.5,5.88642506110457,1,20,0.217684803269173,1
"67322550bd5dfa0cd2958366",3,"experience",5,5,6.6,5.88557558782486,1,16,0.584825100145487,1
"67322550bd5dfa0cd2958366",4,"experience",8,8,8.625,5.65547301293181,1,18,0.450061419132122,1
"67322550bd5dfa0cd2958366",5,"experience",12,12,38.75,5.90374175135284,29,48,0.00683408663613232,0
"67322550bd5dfa0cd2958366",6,"experience",8,8,41.75,6.27992834354024,30,48,-0.899023047414974,0
"67322550bd5dfa0cd2958366",7,"experience",8,8,41.75,5.56214886532175,31,48,-0.68155477005375,0
"67322550bd5dfa0cd2958366",8,"experience",9,9,11.7777777777778,6.77868846340873,2,20,-0.223373586087542,0
"67322550bd5dfa0cd2958366",9,"experience",6,6,11.1666666666667,4.01732359773132,4,16,-0.66179247787109,0
"67322550bd5dfa0cd2958366",10,"experience",5,5,39.2,4.48998886412873,33,45,-0.197794530224872,0
"67322550bd5dfa0cd2958366",11,"experience",2,2,41.5,1.5,40,43,0,0
"67322550bd5dfa0cd2958366",12,"experience",2,2,42.5,5.5,37,48,0,0
"67322550bd5dfa0cd2958366",13,"experience",20,20,21.5,5.5,13,32,0.398497370398196,0
"67322550bd5dfa0cd2958366",14,"experience",20,20,29.5,5.5,21,40,0.398497370398196,0
"67322550bd5dfa0cd2958366",15,"experience",10,10,31.2,5.9464274989274,22,40,-0.125669583629514,0
"67322550bd5dfa0cd2958366",16,"experience",2,2,26,4,22,30,0,0
"67322550bd5dfa0cd2958366",17,"experience",10,10,25.2,5.9464274989274,16,34,-0.125669583629514,0
"67322550bd5dfa0cd2958366",18,"experience",2,2,18,4,14,22,0,0
"67322550bd5dfa0cd2958366",19,"experience",20,20,28.5,5.5,20,39,0.398497370398196,0
"67322550bd5dfa0cd2958366",20,"experience",2,2,15,4,11,19,0,0
"67322550bd5dfa0cd2958366",21,"experience",10,10,20.2,5.9464274989274,11,29,-0.125669583629514,0
"67322550bd5dfa0cd2958366",22,"experience",10,10,24.2,5.9464274989274,15,33,-0.125669583629514,0
"67322550bd5dfa0cd2958366",23,"experience",20,20,15.5,5.5,7,26,0.398497370398196,0
"67322550bd5dfa0cd2958366",24,"experience",10,10,15.2,5.9464274989274,6,24,-0.125669583629514,0
"67322550bd5dfa0cd2958366",25,"experience",10,10,31.2,5.9464274989274,22,40,-0.125669583629514,0
"67322550bd5dfa0cd2958366",26,"experience",2,2,14,4,10,18,0,0
"67322550bd5dfa0cd2958366",27,"experience",2,2,26,4,22,30,0,0
"67322550bd5dfa0cd2958366",28,"experience",2,2,33,4,29,37,0,0
"67322550bd5dfa0cd2958366",29,"experience",20,20,25.5,5.5,17,36,0.398497370398196,0
"67322550bd5dfa0cd2958366",30,"experience",20,20,28.5,5.5,20,39,0.398497370398196,0
"67322550bd5dfa0cd2958366",31,"experience",2,2,14,4,10,18,0,0
"67322550bd5dfa0cd2958366",32,"experience",10,10,30.2,5.9464274989274,21,39,-0.125669583629514,0
"67322550bd5dfa0cd2958366",33,"experience",20,20,16.5,5.5,8,27,0.398497370398196,0
"67322550bd5dfa0cd2958366",34,"experience",10,10,36.2,5.9464274989274,27,45,-0.125669583629516,0
"67322550bd5dfa0cd2958366",35,"experience",2,2,15,4,11,19,0,0
"67322550bd5dfa0cd2958366",36,"experience",10,10,18.2,5.9464274989274,9,27,-0.125669583629514,0
"67322550bd5dfa0cd2958366",37,"experience",2,2,23,4,19,27,0,0
"67322550bd5dfa0cd2958366",38,"experience",20,20,19.5,5.5,11,30,0.398497370398196,0
"67322550bd5dfa0cd2958366",39,"experience",20,20,29.5,5.5,21,40,0.398497370398196,0
"67322550bd5dfa0cd2958366",40,"experience",20,20,31.5,5.5,23,42,0.398497370398196,0
"67322550bd5dfa0cd2958366",41,"experience",10,10,29.2,5.9464274989274,20,38,-0.125669583629514,0
"67322550bd5dfa0cd2958366",42,"experience",20,20,29.5,5.5,21,40,0.398497370398196,0
"67322550bd5dfa0cd2958366",43,"experience",20,20,27.5,5.5,19,38,0.398497370398196,0
"67322550bd5dfa0cd2958366",44,"experience",10,10,20.2,5.9464274989274,11,29,-0.125669583629514,0
"67322550bd5dfa0cd2958366",45,"experience",2,2,27,4,23,31,0,0
"67322550bd5dfa0cd2958366",46,"experience",20,20,21.5,5.5,13,32,0.398497370398196,0
"67322550bd5dfa0cd2958366",47,"experience",10,10,23.2,5.9464274989274,14,32,-0.125669583629514,0
"67322550bd5dfa0cd2958366",48,"experience",2,2,23,4,19,27,0,0
"67322550bd5dfa0cd2958366",49,"experience",2,2,30,4,26,34,0,0
"67322550bd5dfa0cd2958366",50,"experience",2,2,25,4,21,29,0,0
"67322550bd5dfa0cd2958366",51,"experience",10,10,26.2,5.9464274989274,17,35,-0.125669583629514,0
"67322550bd5dfa0cd2958366",52,"experience",20,20,19.5,5.5,11,30,0.398497370398196,0
"67322550bd5dfa0cd2958366",53,"experience",2,2,32,4,28,36,0,0
"67322550bd5dfa0cd2958366",54,"experience",2,2,30,4,26,34,0,0
"67322550bd5dfa0cd2958366",55,"experience",20,20,24.5,5.5,16,35,0.398497370398196,0
"67322550bd5dfa0cd2958366",56,"experience",20,20,19.5,5.5,11,30,0.398497370398196,0
"67322550bd5dfa0cd2958366",57,"experience",10,10,15.2,5.9464274989274,6,24,-0.125669583629514,0
"67322550bd5dfa0cd2958366",58,"experience",2,2,28,4,24,32,0,0
"67322550bd5dfa0cd2958366",59,"experience",10,10,26.2,5.9464274989274,17,35,-0.125669583629514,0
"67322550bd5dfa0cd2958366",60,"experience",10,10,20.2,5.9464274989274,11,29,-0.125669583629514,0
"67322550bd5dfa0cd2958366",61,"experience",10,10,31.2,5.9464274989274,22,40,-0.125669583629514,0
"67322550bd5dfa0cd2958366",62,"experience",10,10,24.2,5.9464274989274,15,33,-0.125669583629514,0
"67322550bd5dfa0cd2958366",63,"experience",20,20,18.5,5.5,10,29,0.398497370398196,0
"67322550bd5dfa0cd2958366",64,"experience",2,2,21,4,17,25,0,0
"67322550bd5dfa0cd2958366",65,"experience",10,10,32.2,5.9464274989274,23,41,-0.125669583629516,0
"67322550bd5dfa0cd2958366",66,"experience",2,2,34,4,30,38,0,0
"67322550bd5dfa0cd2958366",67,"experience",2,2,32,4,28,36,0,0
"67322550bd5dfa0cd2958366",68,"experience",10,10,17.2,5.9464274989274,8,26,-0.125669583629514,0
"67322550bd5dfa0cd2958366",69,"experience",2,2,20,4,16,24,0,0
"67322550bd5dfa0cd2958366",70,"experience",10,10,30.2,5.9464274989274,21,39,-0.125669583629514,0
"67322550bd5dfa0cd2958366",71,"experience",20,20,15.5,5.5,7,26,0.398497370398196,0
"67322550bd5dfa0cd2958366",72,"experience",2,2,36,4,32,40,0,0
"67322550bd5dfa0cd2958366",73,"experience",10,10,25.2,5.9464274989274,16,34,-0.125669583629514,0
"67322550bd5dfa0cd2958366",74,"experience",20,20,19.5,5.5,11,30,0.398497370398196,0
"67322550bd5dfa0cd2958366",75,"experience",10,10,26.2,5.9464274989274,17,35,-0.125669583629514,0
"67322550bd5dfa0cd2958366",76,"experience",10,10,15.2,5.9464274989274,6,24,-0.125669583629514,0
"67322550bd5dfa0cd2958366",77,"experience",20,20,25.5,5.5,17,36,0.398497370398196,0
"67322550bd5dfa0cd2958366",78,"experience",2,2,23,4,19,27,0,0
"67322550bd5dfa0cd2958366",79,"experience",20,20,21.5,5.5,13,32,0.398497370398196,0
"67322550bd5dfa0cd2958366",80,"experience",20,20,29.5,5.5,21,40,0.398497370398196,0
"67322550bd5dfa0cd2958366",81,"experience",2,2,32,4,28,36,0,0
"67322550bd5dfa0cd2958366",82,"experience",20,20,29.5,5.5,21,40,0.398497370398196,0
"67322550bd5dfa0cd2958366",83,"experience",10,10,31.2,5.9464274989274,22,40,-0.125669583629514,0
"67322550bd5dfa0cd2958366",84,"experience",20,20,33.5,5.5,25,44,0.398497370398196,0
"67322550bd5dfa0cd2958366",85,"experience",2,2,21,4,17,25,0,0
"67322550bd5dfa0cd2958366",86,"experience",10,10,30.2,5.9464274989274,21,39,-0.125669583629514,0
"67322550bd5dfa0cd2958366",87,"experience",2,2,14,4,10,18,0,0
"67322550bd5dfa0cd2958366",88,"experience",10,10,35.2,5.9464274989274,26,44,-0.125669583629516,0
"67322550bd5dfa0cd2958366",89,"experience",10,10,18.2,5.9464274989274,9,27,-0.125669583629514,0
"67322550bd5dfa0cd2958366",90,"experience",2,2,36,4,32,40,0,0
"67322550bd5dfa0cd2958366",91,"experience",20,20,17.5,5.5,9,28,0.398497370398196,0
"67322550bd5dfa0cd2958366",92,"experience",2,2,17,4,13,21,0,0
"67322550bd5dfa0cd2958366",93,"experience",10,10,28.2,5.9464274989274,19,37,-0.125669583629514,0
"67322550bd5dfa0cd2958366",94,"experience",20,20,13.5,5.5,5,24,0.398497370398196,0
"67322550bd5dfa0cd2958366",95,"experience",20,20,21.5,5.5,13,32,0.398497370398196,0
"67322550bd5dfa0cd2958366",96,"experience",2,2,36,4,32,40,0,0
"67322550bd5dfa0cd2958366",97,"experience",10,10,36.2,5.9464274989274,27,45,-0.125669583629516,0
"67322550bd5dfa0cd2958366",98,"experience",20,20,21.5,5.5,13,32,0.398497370398196,0
"67322550bd5dfa0cd2958366",99,"experience",2,2,23,4,19,27,0,0
"67322550bd5dfa0cd2958366",100,"experience",20,20,26.5,5.5,18,37,0.398497370398196,0
"67322550bd5dfa0cd2958366",101,"experience",2,2,24,4,20,28,0,0
"67322550bd5dfa0cd2958366",102,"experience",10,10,21.2,5.9464274989274,12,30,-0.125669583629514,0
"67322550bd5dfa0cd2958366",103,"experience",10,10,14.2,5.9464274989274,5,23,-0.125669583629514,0
"67322550bd5dfa0cd2958366",104,"experience",20,20,13.5,5.5,5,24,0.398497370398196,0
"67322550bd5dfa0cd2958366",105,"experience",20,20,29.5,5.5,21,40,0.398497370398196,0
"67322550bd5dfa0cd2958366",106,"experience",2,2,23,4,19,27,0,0
"67322550bd5dfa0cd2958366",107,"experience",2,2,26,4,22,30,0,0
"67322550bd5dfa0cd2958366",108,"experience",20,20,29.5,5.5,21,40,0.398497370398196,0
"65fb1a5882c2d4825dab5e81",1,"experience",2,2,8.5,1.5,7,10,0,0
"65fb1a5882c2d4825dab5e81",2,"experience",6,6,40.3333333333333,5.3748384988657,31,47,-0.467515538067018,0
"65fb1a5882c2d4825dab5e81",3,"experience",7,7,35.2857142857143,6.15778916064352,29,46,0.735613932093338,0
"65fb1a5882c2d4825dab5e81",4,"experience",8,8,36,4.52769256906871,29,42,-0.210089244727757,0
"65fb1a5882c2d4825dab5e81",5,"experience",6,6,36,4.93288286231625,29,44,0.233268245694069,0
"65fb1a5882c2d4825dab5e81",6,"experience",2,2,7,6,1,13,0,1
"65fb1a5882c2d4825dab5e81",7,"experience",9,9,38.3333333333333,6.03692342542494,29,46,-0.149149896497431,0
"65fb1a5882c2d4825dab5e81",8,"experience",11,11,38.9090909090909,4.01031727274778,33,45,0.0581514198046995,0
"65fb1a5882c2d4825dab5e81",9,"experience",9,9,11.8888888888889,5.87734718019475,2,20,-0.334587006044499,0
"65fb1a5882c2d4825dab5e81",10,"experience",7,7,35.1428571428571,5.22161910928488,29,45,0.623313345505222,0
"65fb1a5882c2d4825dab5e81",11,"experience",10,10,38.2,6.50845603810919,30,48,0.302417646082161,0
"65fb1a5882c2d4825dab5e81",12,"experience",12,12,40.1666666666667,5.52016505389306,30,48,-0.380913310499821,0
"65fb1a5882c2d4825dab5e81",13,"experience",2,2,29,4,25,33,0,0
"65fb1a5882c2d4825dab5e81",14,"experience",10,10,25.2,5.9464274989274,16,34,-0.125669583629514,0
"65fb1a5882c2d4825dab5e81",15,"experience",2,2,28,4,24,32,0,0
"65fb1a5882c2d4825dab5e81",16,"experience",20,20,24.5,5.5,16,35,0.398497370398196,0
"65fb1a5882c2d4825dab5e81",17,"experience",10,10,31.2,5.9464274989274,22,40,-0.125669583629514,0
"65fb1a5882c2d4825dab5e81",18,"experience",2,2,29,4,25,33,0,0
"65fb1a5882c2d4825dab5e81",19,"experience",10,10,25.2,5.9464274989274,16,34,-0.125669583629514,0
"65fb1a5882c2d4825dab5e81",20,"experience",10,10,17.2,5.9464274989274,8,26,-0.125669583629514,0
"65fb1a5882c2d4825dab5e81",21,"experience",10,10,36.2,5.9464274989274,27,45,-0.125669583629516,0
"65fb1a5882c2d4825dab5e81",22,"experience",2,2,31,4,27,35,0,0
"65fb1a5882c2d4825dab5e81",23,"experience",20,20,12.5,5.5,4,23,0.398497370398196,0
"65fb1a5882c2d4825dab5e81",24,"experience",20,20,15.5,5.5,7,26,0.398497370398196,0
"65fb1a5882c2d4825dab5e81",25,"experience",20,20,20.5,5.5,12,31,0.398497370398196,0
"65fb1a5882c2d4825dab5e81",26,"experience",10,10,16.2,5.9464274989274,7,25,-0.125669583629514,0
"65fb1a5882c2d4825dab5e81",27,"experience",10,10,27.2,5.9464274989274,18,36,-0.125669583629514,0
"65fb1a5882c2d4825dab5e81",28,"experience",2,2,31,4,27,35,0,0
"65fb1a5882c2d4825dab5e81",29,"experience",2,2,22,4,18,26,0,0
"65fb1a5882c2d4825dab5e81",30,"experience",2,2,19,4,15,23,0,0
"65fb1a5882c2d4825dab5e81",31,"experience",2,2,18,4,14,22,0,0
"65fb1a5882c2d4825dab5e81",32,"experience",20,20,24.5,5.5,16,35,0.398497370398196,0
"65fb1a5882c2d4825dab5e81",33,"experience",10,10,20.2,5.9464274989274,11,29,-0.125669583629514,0
"65fb1a5882c2d4825dab5e81",34,"experience",2,2,29,4,25,33,0,0
"65fb1a5882c2d4825dab5e81",35,"experience",20,20,17.5,5.5,9,28,0.398497370398196,0
"65fb1a5882c2d4825dab5e81",36,"experience",2,2,28,4,24,32,0,0
"65fb1a5882c2d4825dab5e81",37,"experience",20,20,28.5,5.5,20,39,0.398497370398196,0
"65fb1a5882c2d4825dab5e81",38,"experience",10,10,21.2,5.9464274989274,12,30,-0.125669583629514,0
"65fb1a5882c2d4825dab5e81",39,"experience",2,2,28,4,24,32,0,0
"65fb1a5882c2d4825dab5e81",40,"experience",10,10,35.2,5.9464274989274,26,44,-0.125669583629516,0
"65fb1a5882c2d4825dab5e81",41,"experience",10,10,33.2,5.9464274989274,24,42,-0.125669583629516,0
"65fb1a5882c2d4825dab5e81",42,"experience",20,20,12.5,5.5,4,23,0.398497370398196,0
"65fb1a5882c2d4825dab5e81",43,"experience",10,10,27.2,5.9464274989274,18,36,-0.125669583629514,0
"65fb1a5882c2d4825dab5e81",44,"experience",10,10,26.2,5.9464274989274,17,35,-0.125669583629514,0
"65fb1a5882c2d4825dab5e81",45,"experience",20,20,15.5,5.5,7,26,0.398497370398196,0
"65fb1a5882c2d4825dab5e81",46,"experience",20,20,17.5,5.5,9,28,0.398497370398196,0
"65fb1a5882c2d4825dab5e81",47,"experience",2,2,27,4,23,31,0,0
"65fb1a5882c2d4825dab5e81",48,"experience",20,20,34.5,5.5,26,45,0.398497370398196,0
"65fb1a5882c2d4825dab5e81",49,"experience",2,2,20,4,16,24,0,0
"65fb1a5882c2d4825dab5e81",50,"experience",2,2,28,4,24,32,0,0
"65fb1a5882c2d4825dab5e81",51,"experience",20,20,26.5,5.5,18,37,0.398497370398196,0
"65fb1a5882c2d4825dab5e81",52,"experience",10,10,25.2,5.9464274989274,16,34,-0.125669583629514,0
"65fb1a5882c2d4825dab5e81",53,"experience",2,2,26,4,22,30,0,0
"65fb1a5882c2d4825dab5e81",54,"experience",20,20,25.5,5.5,17,36,0.398497370398196,0
"65fb1a5882c2d4825dab5e81",55,"experience",2,2,21,4,17,25,0,0
"65fb1a5882c2d4825dab5e81",56,"experience",20,20,24.5,5.5,16,35,0.398497370398196,0
"65fb1a5882c2d4825dab5e81",57,"experience",10,10,34.2,5.9464274989274,25,43,-0.125669583629516,0
"65fb1a5882c2d4825dab5e81",58,"experience",10,10,19.2,5.9464274989274,10,28,-0.125669583629514,0
"65fb1a5882c2d4825dab5e81",59,"experience",20,20,17.5,5.5,9,28,0.398497370398196,0
"65fb1a5882c2d4825dab5e81",60,"experience",20,20,18.5,5.5,10,29,0.398497370398196,0
"65fb1a5882c2d4825dab5e81",61,"experience",2,2,19,4,15,23,0,0
"65fb1a5882c2d4825dab5e81",62,"experience",2,2,30,4,26,34,0,0
"65fb1a5882c2d4825dab5e81",63,"experience",10,10,31.2,5.9464274989274,22,40,-0.125669583629514,0
"65fb1a5882c2d4825dab5e81",64,"experience",10,10,26.2,5.9464274989274,17,35,-0.125669583629514,0
"65fb1a5882c2d4825dab5e81",65,"experience",2,2,32,4,28,36,0,0
"65fb1a5882c2d4825dab5e81",66,"experience",20,20,27.5,5.5,19,38,0.398497370398196,0
"65fb1a5882c2d4825dab5e81",67,"experience",10,10,16.2,5.9464274989274,7,25,-0.125669583629514,0
"65fb1a5882c2d4825dab5e81",68,"experience",20,20,18.5,5.5,10,29,0.398497370398196,0
"65fb1a5882c2d4825dab5e81",69,"experience",20,20,34.5,5.5,26,45,0.398497370398196,0
"65fb1a5882c2d4825dab5e81",70,"experience",2,2,29,4,25,33,0,0
"65fb1a5882c2d4825dab5e81",71,"experience",10,10,31.2,5.9464274989274,22,40,-0.125669583629514,0
"65fb1a5882c2d4825dab5e81",72,"experience",20,20,12.5,5.5,4,23,0.398497370398196,0
"65fb1a5882c2d4825dab5e81",73,"experience",2,2,20,4,16,24,0,0
"65fb1a5882c2d4825dab5e81",74,"experience",20,20,28.5,5.5,20,39,0.398497370398196,0
"65fb1a5882c2d4825dab5e81",75,"experience",2,2,18,4,14,22,0,0
"65fb1a5882c2d4825dab5e81",76,"experience",20,20,24.5,5.5,16,35,0.398497370398196,0
"65fb1a5882c2d4825dab5e81",77,"experience",10,10,27.2,5.9464274989274,18,36,-0.125669583629514,0
"65fb1a5882c2d4825dab5e81",78,"experience",2,2,24,4,20,28,0,0
"65fb1a5882c2d4825dab5e81",79,"experience",10,10,33.2,5.9464274989274,24,42,-0.125669583629516,0
"65fb1a5882c2d4825dab5e81",80,"experience",20,20,22.5,5.5,14,33,0.398497370398196,0
"65fb1a5882c2d4825dab5e81",81,"experience",10,10,33.2,5.9464274989274,24,42,-0.125669583629516,0
"65fb1a5882c2d4825dab5e81",82,"experience",20,20,22.5,5.5,14,33,0.398497370398196,0
"65fb1a5882c2d4825dab5e81",83,"experience",10,10,14.2,5.9464274989274,5,23,-0.125669583629514,0
"65fb1a5882c2d4825dab5e81",84,"experience",20,20,13.5,5.5,5,24,0.398497370398196,0
"65fb1a5882c2d4825dab5e81",85,"experience",2,2,33,4,29,37,0,0
"65fb1a5882c2d4825dab5e81",86,"experience",2,2,24,4,20,28,0,0
"65fb1a5882c2d4825dab5e81",87,"experience",2,2,33,4,29,37,0,0
"65fb1a5882c2d4825dab5e81",88,"experience",2,2,20,4,16,24,0,0
"65fb1a5882c2d4825dab5e81",89,"experience",20,20,34.5,5.5,26,45,0.398497370398196,0
"65fb1a5882c2d4825dab5e81",90,"experience",10,10,26.2,5.9464274989274,17,35,-0.125669583629514,0
"65fb1a5882c2d4825dab5e81",91,"experience",10,10,26.2,5.9464274989274,17,35,-0.125669583629514,0
"65fb1a5882c2d4825dab5e81",92,"experience",2,2,30,4,26,34,0,0
"65fb1a5882c2d4825dab5e81",93,"experience",20,20,24.5,5.5,16,35,0.398497370398196,0
"65fb1a5882c2d4825dab5e81",94,"experience",2,2,23,4,19,27,0,0
"65fb1a5882c2d4825dab5e81",95,"experience",20,20,18.5,5.5,10,29,0.398497370398196,0
"65fb1a5882c2d4825dab5e81",96,"experience",20,20,15.5,5.5,7,26,0.398497370398196,0
"65fb1a5882c2d4825dab5e81",97,"experience",20,20,29.5,5.5,21,40,0.398497370398196,0
"65fb1a5882c2d4825dab5e81",98,"experience",10,10,35.2,5.9464274989274,26,44,-0.125669583629516,0
"65fb1a5882c2d4825dab5e81",99,"experience",10,10,25.2,5.9464274989274,16,34,-0.125669583629514,0
"65fb1a5882c2d4825dab5e81",100,"experience",2,2,19,4,15,23,0,0
"65fb1a5882c2d4825dab5e81",101,"experience",10,10,23.2,5.9464274989274,14,32,-0.125669583629514,0
"65fb1a5882c2d4825dab5e81",102,"experience",10,10,17.2,5.9464274989274,8,26,-0.125669583629514,0
"65fb1a5882c2d4825dab5e81",103,"experience",2,2,20,4,16,24,0,0
"65fb1a5882c2d4825dab5e81",104,"experience",10,10,31.2,5.9464274989274,22,40,-0.125669583629514,0
"65fb1a5882c2d4825dab5e81",105,"experience",20,20,20.5,5.5,12,31,0.398497370398196,0
"65fb1a5882c2d4825dab5e81",106,"experience",2,2,24,4,20,28,0,0
"65fb1a5882c2d4825dab5e81",107,"experience",10,10,36.2,5.9464274989274,27,45,-0.125669583629516,0
"65fb1a5882c2d4825dab5e81",108,"experience",20,20,20.5,5.5,12,31,0.398497370398196,0
"60a2a8570a0f9cc00d6b9d1a",1,"experience",4,4,10.5,6.26498204307083,2,19,0,0
"60a2a8570a0f9cc00d6b9d1a",2,"experience",2,2,11,7,4,18,0,0
"60a2a8570a0f9cc00d6b9d1a",3,"experience",6,6,35.8333333333333,4.48763733927875,30,43,0.330921899206552,0
"60a2a8570a0f9cc00d6b9d1a",4,"experience",12,12,38.9166666666667,5.5145010855219,30,47,-0.181761082515742,0
"60a2a8570a0f9cc00d6b9d1a",5,"experience",10,10,39.6,6.66633332499958,29,48,-0.347704154319236,0
"60a2a8570a0f9cc00d6b9d1a",6,"experience",9,9,9.55555555555556,5.39775902288494,1,19,0.215074956527699,1
"60a2a8570a0f9cc00d6b9d1a",7,"experience",8,8,10.875,6.46988214730377,1,19,-0.332966701726815,1
"60a2a8570a0f9cc00d6b9d1a",8,"experience",2,2,6.5,3.5,3,10,0,0
"60a2a8570a0f9cc00d6b9d1a",9,"experience",5,5,10.8,5.45527267879434,2,18,-0.364252511504652,0
"60a2a8570a0f9cc00d6b9d1a",10,"experience",10,10,39.5,5.74891294072192,31,48,-0.11368326953348,0
"60a2a8570a0f9cc00d6b9d1a",11,"experience",3,3,37.3333333333333,4.49691252107735,32,43,0.110780117654844,0
"60a2a8570a0f9cc00d6b9d1a",12,"experience",7,7,36.1428571428571,5.0548017179869,29,43,0.115394298627908,0
"60a2a8570a0f9cc00d6b9d1a",13,"experience",2,2,33,4,29,37,0,0
"60a2a8570a0f9cc00d6b9d1a",14,"experience",2,2,19,4,15,23,0,0
"60a2a8570a0f9cc00d6b9d1a",15,"experience",20,20,24.5,5.5,16,35,0.398497370398196,0
"60a2a8570a0f9cc00d6b9d1a",16,"experience",20,20,12.5,5.5,4,23,0.398497370398196,0
"60a2a8570a0f9cc00d6b9d1a",17,"experience",20,20,13.5,5.5,5,24,0.398497370398196,0
"60a2a8570a0f9cc00d6b9d1a",18,"experience",20,20,26.5,5.5,18,37,0.398497370398196,0
"60a2a8570a0f9cc00d6b9d1a",19,"experience",10,10,23.2,5.9464274989274,14,32,-0.125669583629514,0
"60a2a8570a0f9cc00d6b9d1a",20,"experience",10,10,33.2,5.9464274989274,24,42,-0.125669583629516,0
"60a2a8570a0f9cc00d6b9d1a",21,"experience",20,20,13.5,5.5,5,24,0.398497370398196,0
"60a2a8570a0f9cc00d6b9d1a",22,"experience",20,20,25.5,5.5,17,36,0.398497370398196,0
"60a2a8570a0f9cc00d6b9d1a",23,"experience",2,2,21,4,17,25,0,0
"60a2a8570a0f9cc00d6b9d1a",24,"experience",20,20,24.5,5.5,16,35,0.398497370398196,0
"60a2a8570a0f9cc00d6b9d1a",25,"experience",10,10,33.2,5.9464274989274,24,42,-0.125669583629516,0
"60a2a8570a0f9cc00d6b9d1a",26,"experience",10,10,32.2,5.9464274989274,23,41,-0.125669583629516,0
"60a2a8570a0f9cc00d6b9d1a",27,"experience",2,2,31,4,27,35,0,0
"60a2a8570a0f9cc00d6b9d1a",28,"experience",2,2,16,4,12,20,0,0
"60a2a8570a0f9cc00d6b9d1a",29,"experience",2,2,22,4,18,26,0,0
"60a2a8570a0f9cc00d6b9d1a",30,"experience",10,10,35.2,5.9464274989274,26,44,-0.125669583629516,0
"60a2a8570a0f9cc00d6b9d1a",31,"experience",10,10,32.2,5.9464274989274,23,41,-0.125669583629516,0
"60a2a8570a0f9cc00d6b9d1a",32,"experience",2,2,33,4,29,37,0,0
"60a2a8570a0f9cc00d6b9d1a",33,"experience",2,2,34,4,30,38,0,0
"60a2a8570a0f9cc00d6b9d1a",34,"experience",20,20,33.5,5.5,25,44,0.398497370398196,0
"60a2a8570a0f9cc00d6b9d1a",35,"experience",10,10,30.2,5.9464274989274,21,39,-0.125669583629514,0
"60a2a8570a0f9cc00d6b9d1a",36,"experience",2,2,31,4,27,35,0,0
"60a2a8570a0f9cc00d6b9d1a",37,"experience",20,20,30.5,5.5,22,41,0.398497370398196,0
"60a2a8570a0f9cc00d6b9d1a",38,"experience",10,10,17.2,5.9464274989274,8,26,-0.125669583629514,0
"60a2a8570a0f9cc00d6b9d1a",39,"experience",10,10,16.2,5.9464274989274,7,25,-0.125669583629514,0
"60a2a8570a0f9cc00d6b9d1a",40,"experience",2,2,30,4,26,34,0,0
"60a2a8570a0f9cc00d6b9d1a",41,"experience",10,10,14.2,5.9464274989274,5,23,-0.125669583629514,0
"60a2a8570a0f9cc00d6b9d1a",42,"experience",10,10,17.2,5.9464274989274,8,26,-0.125669583629514,0
"60a2a8570a0f9cc00d6b9d1a",43,"experience",20,20,28.5,5.5,20,39,0.398497370398196,0
"60a2a8570a0f9cc00d6b9d1a",44,"experience",20,20,12.5,5.5,4,23,0.398497370398196,0
"60a2a8570a0f9cc00d6b9d1a",45,"experience",10,10,34.2,5.9464274989274,25,43,-0.125669583629516,0
"60a2a8570a0f9cc00d6b9d1a",46,"experience",10,10,31.2,5.9464274989274,22,40,-0.125669583629514,0
"60a2a8570a0f9cc00d6b9d1a",47,"experience",2,2,23,4,19,27,0,0
"60a2a8570a0f9cc00d6b9d1a",48,"experience",20,20,20.5,5.5,12,31,0.398497370398196,0
"60a2a8570a0f9cc00d6b9d1a",49,"experience",2,2,23,4,19,27,0,0
"60a2a8570a0f9cc00d6b9d1a",50,"experience",10,10,22.2,5.9464274989274,13,31,-0.125669583629514,0
"60a2a8570a0f9cc00d6b9d1a",51,"experience",10,10,21.2,5.9464274989274,12,30,-0.125669583629514,0
"60a2a8570a0f9cc00d6b9d1a",52,"experience",2,2,30,4,26,34,0,0
"60a2a8570a0f9cc00d6b9d1a",53,"experience",20,20,12.5,5.5,4,23,0.398497370398196,0
"60a2a8570a0f9cc00d6b9d1a",54,"experience",20,20,27.5,5.5,19,38,0.398497370398196,0
"60a2a8570a0f9cc00d6b9d1a",55,"experience",20,20,29.5,5.5,21,40,0.398497370398196,0
"60a2a8570a0f9cc00d6b9d1a",56,"experience",2,2,31,4,27,35,0,0
"60a2a8570a0f9cc00d6b9d1a",57,"experience",2,2,15,4,11,19,0,0
"60a2a8570a0f9cc00d6b9d1a",58,"experience",2,2,19,4,15,23,0,0
"60a2a8570a0f9cc00d6b9d1a",59,"experience",10,10,23.2,5.9464274989274,14,32,-0.125669583629514,0
"60a2a8570a0f9cc00d6b9d1a",60,"experience",20,20,13.5,5.5,5,24,0.398497370398196,0
"60a2a8570a0f9cc00d6b9d1a",61,"experience",2,2,17,4,13,21,0,0
"60a2a8570a0f9cc00d6b9d1a",62,"experience",2,2,32,4,28,36,0,0
"60a2a8570a0f9cc00d6b9d1a",63,"experience",20,20,32.5,5.5,24,43,0.398497370398196,0
"60a2a8570a0f9cc00d6b9d1a",64,"experience",20,20,16.5,5.5,8,27,0.398497370398196,0
"60a2a8570a0f9cc00d6b9d1a",65,"experience",10,10,36.2,5.9464274989274,27,45,-0.125669583629516,0
"60a2a8570a0f9cc00d6b9d1a",66,"experience",20,20,21.5,5.5,13,32,0.398497370398196,0
"60a2a8570a0f9cc00d6b9d1a",67,"experience",20,20,13.5,5.5,5,24,0.398497370398196,0
"60a2a8570a0f9cc00d6b9d1a",68,"experience",2,2,26,4,22,30,0,0
"60a2a8570a0f9cc00d6b9d1a",69,"experience",10,10,25.2,5.9464274989274,16,34,-0.125669583629514,0
"60a2a8570a0f9cc00d6b9d1a",70,"experience",2,2,32,4,28,36,0,0
"60a2a8570a0f9cc00d6b9d1a",71,"experience",20,20,17.5,5.5,9,28,0.398497370398196,0
"60a2a8570a0f9cc00d6b9d1a",72,"experience",10,10,24.2,5.9464274989274,15,33,-0.125669583629514,0
"60a2a8570a0f9cc00d6b9d1a",73,"experience",2,2,19,4,15,23,0,0
"60a2a8570a0f9cc00d6b9d1a",74,"experience",20,20,28.5,5.5,20,39,0.398497370398196,0
"60a2a8570a0f9cc00d6b9d1a",75,"experience",2,2,29,4,25,33,0,0
"60a2a8570a0f9cc00d6b9d1a",76,"experience",20,20,12.5,5.5,4,23,0.398497370398196,0
"60a2a8570a0f9cc00d6b9d1a",77,"experience",2,2,27,4,23,31,0,0
"60a2a8570a0f9cc00d6b9d1a",78,"experience",10,10,21.2,5.9464274989274,12,30,-0.125669583629514,0
"60a2a8570a0f9cc00d6b9d1a",79,"experience",20,20,12.5,5.5,4,23,0.398497370398196,0
"60a2a8570a0f9cc00d6b9d1a",80,"experience",10,10,18.2,5.9464274989274,9,27,-0.125669583629514,0
"60a2a8570a0f9cc00d6b9d1a",81,"experience",2,2,24,4,20,28,0,0
"60a2a8570a0f9cc00d6b9d1a",82,"experience",10,10,28.2,5.9464274989274,19,37,-0.125669583629514,0
"60a2a8570a0f9cc00d6b9d1a",83,"experience",2,2,26,4,22,30,0,0
"60a2a8570a0f9cc00d6b9d1a",84,"experience",20,20,27.5,5.5,19,38,0.398497370398196,0
"60a2a8570a0f9cc00d6b9d1a",85,"experience",20,20,20.5,5.5,12,31,0.398497370398196,0
"60a2a8570a0f9cc00d6b9d1a",86,"experience",20,20,26.5,5.5,18,37,0.398497370398196,0
"60a2a8570a0f9cc00d6b9d1a",87,"experience",20,20,34.5,5.5,26,45,0.398497370398196,0
"60a2a8570a0f9cc00d6b9d1a",88,"experience",10,10,28.2,5.9464274989274,19,37,-0.125669583629514,0
"60a2a8570a0f9cc00d6b9d1a",89,"experience",10,10,31.2,5.9464274989274,22,40,-0.125669583629514,0
"60a2a8570a0f9cc00d6b9d1a",90,"experience",20,20,16.5,5.5,8,27,0.398497370398196,0
"60a2a8570a0f9cc00d6b9d1a",91,"experience",10,10,21.2,5.9464274989274,12,30,-0.125669583629514,0
"60a2a8570a0f9cc00d6b9d1a",92,"experience",10,10,20.2,5.9464274989274,11,29,-0.125669583629514,0
"60a2a8570a0f9cc00d6b9d1a",93,"experience",10,10,27.2,5.9464274989274,18,36,-0.125669583629514,0
"60a2a8570a0f9cc00d6b9d1a",94,"experience",2,2,18,4,14,22,0,0
"60a2a8570a0f9cc00d6b9d1a",95,"experience",2,2,15,4,11,19,0,0
"60a2a8570a0f9cc00d6b9d1a",96,"experience",20,20,19.5,5.5,11,30,0.398497370398196,0
"60a2a8570a0f9cc00d6b9d1a",97,"experience",2,2,19,4,15,23,0,0
"60a2a8570a0f9cc00d6b9d1a",98,"experience",10,10,30.2,5.9464274989274,21,39,-0.125669583629514,0
"60a2a8570a0f9cc00d6b9d1a",99,"experience",10,10,26.2,5.9464274989274,17,35,-0.125669583629514,0
"60a2a8570a0f9cc00d6b9d1a",100,"experience",10,10,22.2,5.9464274989274,13,31,-0.125669583629514,0
"60a2a8570a0f9cc00d6b9d1a",101,"experience",10,10,23.2,5.9464274989274,14,32,-0.125669583629514,0
"60a2a8570a0f9cc00d6b9d1a",102,"experience",20,20,33.5,5.5,25,44,0.398497370398196,0
"60a2a8570a0f9cc00d6b9d1a",103,"experience",20,20,23.5,5.5,15,34,0.398497370398196,0
"60a2a8570a0f9cc00d6b9d1a",104,"experience",2,2,28,4,24,32,0,0
"60a2a8570a0f9cc00d6b9d1a",105,"experience",2,2,31,4,27,35,0,0
"60a2a8570a0f9cc00d6b9d1a",106,"experience",2,2,23,4,19,27,0,0
"60a2a8570a0f9cc00d6b9d1a",107,"experience",2,2,35,4,31,39,0,0
"60a2a8570a0f9cc00d6b9d1a",108,"experience",10,10,34.2,5.9464274989274,25,43,-0.125669583629516,0
"5e84bd7c34d5d9072128fac1",1,"experience",8,8,37.375,5.699506557589,30,47,0.35527492677337,0
"5e84bd7c34d5d9072128fac1",2,"experience",2,2,37.5,1.5,36,39,0,0
"5e84bd7c34d5d9072128fac1",3,"experience",12,12,38.5,6.46142399166004,29,48,-0.128816083020653,0
"5e84bd7c34d5d9072128fac1",4,"experience",5,5,42.6,5.57135531087365,32,48,-1.14660508501928,0
"5e84bd7c34d5d9072128fac1",5,"experience",8,8,39.5,6.06217782649107,29,48,-0.141391902658684,0
"5e84bd7c34d5d9072128fac1",6,"experience",9,9,10.1111111111111,6.04509800388242,2,19,0.0811592492463352,0
"5e84bd7c34d5d9072128fac1",7,"experience",3,3,6.33333333333333,4.78423336480244,2,13,0.615560235927546,0
"5e84bd7c34d5d9072128fac1",8,"experience",3,3,3.66666666666667,3.09120616516523,1,8,0.652012117044046,1
"5e84bd7c34d5d9072128fac1",9,"experience",10,10,41.3,4.33704968844029,35,48,0.178279198342518,0
"5e84bd7c34d5d9072128fac1",10,"experience",9,9,12.6666666666667,5.45690184791497,2,20,-0.516029145564692,0
"5e84bd7c34d5d9072128fac1",11,"experience",6,6,37.8333333333333,5.01386965216377,32,47,0.693472304504882,0
"5e84bd7c34d5d9072128fac1",12,"experience",9,9,9.88888888888889,4.43331940961333,3,17,-0.11734775712471,0
"5e84bd7c34d5d9072128fac1",13,"experience",10,10,29.2,5.9464274989274,20,38,-0.125669583629514,0
"5e84bd7c34d5d9072128fac1",14,"experience",2,2,15,4,11,19,0,0
"5e84bd7c34d5d9072128fac1",15,"experience",2,2,31,4,27,35,0,0
"5e84bd7c34d5d9072128fac1",16,"experience",10,10,35.2,5.9464274989274,26,44,-0.125669583629516,0
"5e84bd7c34d5d9072128fac1",17,"experience",10,10,20.2,5.9464274989274,11,29,-0.125669583629514,0
"5e84bd7c34d5d9072128fac1",18,"experience",10,10,23.2,5.9464274989274,14,32,-0.125669583629514,0
"5e84bd7c34d5d9072128fac1",19,"experience",10,10,34.2,5.9464274989274,25,43,-0.125669583629516,0
"5e84bd7c34d5d9072128fac1",20,"experience",10,10,20.2,5.9464274989274,11,29,-0.125669583629514,0
"5e84bd7c34d5d9072128fac1",21,"experience",10,10,17.2,5.9464274989274,8,26,-0.125669583629514,0
"5e84bd7c34d5d9072128fac1",22,"experience",10,10,26.2,5.9464274989274,17,35,-0.125669583629514,0
"5e84bd7c34d5d9072128fac1",23,"experience",10,10,20.2,5.9464274989274,11,29,-0.125669583629514,0
"5e84bd7c34d5d9072128fac1",24,"experience",2,2,18,4,14,22,0,0
"5e84bd7c34d5d9072128fac1",25,"experience",2,2,28,4,24,32,0,0
"5e84bd7c34d5d9072128fac1",26,"experience",2,2,19,4,15,23,0,0
"5e84bd7c34d5d9072128fac1",27,"experience",10,10,27.2,5.9464274989274,18,36,-0.125669583629514,0
"5e84bd7c34d5d9072128fac1",28,"experience",2,2,21,4,17,25,0,0
"5e84bd7c34d5d9072128fac1",29,"experience",2,2,17,4,13,21,0,0
"5e84bd7c34d5d9072128fac1",30,"experience",2,2,24,4,20,28,0,0
"5e84bd7c34d5d9072128fac1",31,"experience",2,2,19,4,15,23,0,0
"5e84bd7c34d5d9072128fac1",32,"experience",10,10,18.2,5.9464274989274,9,27,-0.125669583629514,0
"5e84bd7c34d5d9072128fac1",33,"experience",2,2,36,4,32,40,0,0
"5e84bd7c34d5d9072128fac1",34,"experience",10,10,14.2,5.9464274989274,5,23,-0.125669583629514,0
"5e84bd7c34d5d9072128fac1",35,"experience",10,10,20.2,5.9464274989274,11,29,-0.125669583629514,0
"5e84bd7c34d5d9072128fac1",36,"experience",2,2,25,4,21,29,0,0
"5e84bd7c34d5d9072128fac1",37,"experience",10,10,34.2,5.9464274989274,25,43,-0.125669583629516,0
"5e84bd7c34d5d9072128fac1",38,"experience",2,2,18,4,14,22,0,0
"5e84bd7c34d5d9072128fac1",39,"experience",10,10,17.2,5.9464274989274,8,26,-0.125669583629514,0
"5e84bd7c34d5d9072128fac1",40,"experience",2,2,21,4,17,25,0,0
"5e84bd7c34d5d9072128fac1",41,"experience",10,10,35.2,5.9464274989274,26,44,-0.125669583629516,0
"5e84bd7c34d5d9072128fac1",42,"experience",2,2,22,4,18,26,0,0
"5e84bd7c34d5d9072128fac1",43,"experience",2,2,23,4,19,27,0,0
"5e84bd7c34d5d9072128fac1",44,"experience",2,2,16,4,12,20,0,0
"5e84bd7c34d5d9072128fac1",45,"experience",20,20,24.5,5.5,16,35,0.398497370398196,0
"5e84bd7c34d5d9072128fac1",46,"experience",20,20,23.5,5.5,15,34,0.398497370398196,0
"5e84bd7c34d5d9072128fac1",47,"experience",20,20,17.5,5.5,9,28,0.398497370398196,0
"5e84bd7c34d5d9072128fac1",48,"experience",20,20,16.5,5.5,8,27,0.398497370398196,0
"5e84bd7c34d5d9072128fac1",49,"experience",20,20,16.5,5.5,8,27,0.398497370398196,0
"5e84bd7c34d5d9072128fac1",50,"experience",20,20,30.5,5.5,22,41,0.398497370398196,0
"5e84bd7c34d5d9072128fac1",51,"experience",20,20,32.5,5.5,24,43,0.398497370398196,0
"5e84bd7c34d5d9072128fac1",52,"experience",20,20,28.5,5.5,20,39,0.398497370398196,0
"5e84bd7c34d5d9072128fac1",53,"experience",20,20,30.5,5.5,22,41,0.398497370398196,0
"5e84bd7c34d5d9072128fac1",54,"experience",20,20,18.5,5.5,10,29,0.398497370398196,0
"5e84bd7c34d5d9072128fac1",55,"experience",20,20,19.5,5.5,11,30,0.398497370398196,0
"5e84bd7c34d5d9072128fac1",56,"experience",20,20,17.5,5.5,9,28,0.398497370398196,0
"5e84bd7c34d5d9072128fac1",57,"experience",20,20,31.5,5.5,23,42,0.398497370398196,0
"5e84bd7c34d5d9072128fac1",58,"experience",20,20,16.5,5.5,8,27,0.398497370398196,0
"5e84bd7c34d5d9072128fac1",59,"experience",20,20,12.5,5.5,4,23,0.398497370398196,0
"5e84bd7c34d5d9072128fac1",60,"experience",20,20,19.5,5.5,11,30,0.398497370398196,0
"5e84bd7c34d5d9072128fac1",61,"experience",2,2,32,4,28,36,0,0
"5e84bd7c34d5d9072128fac1",62,"experience",2,2,33,4,29,37,0,0
"5e84bd7c34d5d9072128fac1",63,"experience",2,2,29,4,25,33,0,0
"5e84bd7c34d5d9072128fac1",64,"experience",2,2,31,4,27,35,0,0
"5e84bd7c34d5d9072128fac1",65,"experience",2,2,29,4,25,33,0,0
"5e84bd7c34d5d9072128fac1",66,"experience",2,2,35,4,31,39,0,0
"5e84bd7c34d5d9072128fac1",67,"experience",2,2,31,4,27,35,0,0
"5e84bd7c34d5d9072128fac1",68,"experience",2,2,31,4,27,35,0,0
"5e84bd7c34d5d9072128fac1",69,"experience",2,2,23,4,19,27,0,0
"5e84bd7c34d5d9072128fac1",70,"experience",2,2,23,4,19,27,0,0
"5e84bd7c34d5d9072128fac1",71,"experience",2,2,35,4,31,39,0,0
"5e84bd7c34d5d9072128fac1",72,"experience",2,2,20,4,16,24,0,0
"5e84bd7c34d5d9072128fac1",73,"experience",2,2,33,4,29,37,0,0
"5e84bd7c34d5d9072128fac1",74,"experience",2,2,34,4,30,38,0,0
"5e84bd7c34d5d9072128fac1",75,"experience",2,2,14,4,10,18,0,0
"5e84bd7c34d5d9072128fac1",76,"experience",2,2,20,4,16,24,0,0
"5e84bd7c34d5d9072128fac1",77,"experience",10,10,30.2,5.9464274989274,21,39,-0.125669583629514,0
"5e84bd7c34d5d9072128fac1",78,"experience",10,10,36.2,5.9464274989274,27,45,-0.125669583629516,0
"5e84bd7c34d5d9072128fac1",79,"experience",10,10,31.2,5.9464274989274,22,40,-0.125669583629514,0
"5e84bd7c34d5d9072128fac1",80,"experience",10,10,35.2,5.9464274989274,26,44,-0.125669583629516,0
"5e84bd7c34d5d9072128fac1",81,"experience",10,10,21.2,5.9464274989274,12,30,-0.125669583629514,0
"5e84bd7c34d5d9072128fac1",82,"experience",10,10,34.2,5.9464274989274,25,43,-0.125669583629516,0
"5e84bd7c34d5d9072128fac1",83,"experience",10,10,29.2,5.9464274989274,20,38,-0.125669583629514,0
"5e84bd7c34d5d9072128fac1",84,"experience",10,10,28.2,5.9464274989274,19,37,-0.125669583629514,0
"5e84bd7c34d5d9072128fac1",85,"experience",10,10,35.2,5.9464274989274,26,44,-0.125669583629516,0
"5e84bd7c34d5d9072128fac1",86,"experience",10,10,18.2,5.9464274989274,9,27,-0.125669583629514,0
"5e84bd7c34d5d9072128fac1",87,"experience",10,10,25.2,5.9464274989274,16,34,-0.125669583629514,0
"5e84bd7c34d5d9072128fac1",88,"experience",10,10,36.2,5.9464274989274,27,45,-0.125669583629516,0
"5e84bd7c34d5d9072128fac1",89,"experience",10,10,29.2,5.9464274989274,20,38,-0.125669583629514,0
"5e84bd7c34d5d9072128fac1",90,"experience",10,10,16.2,5.9464274989274,7,25,-0.125669583629514,0
"5e84bd7c34d5d9072128fac1",91,"experience",10,10,36.2,5.9464274989274,27,45,-0.125669583629516,0
"5e84bd7c34d5d9072128fac1",92,"experience",10,10,26.2,5.9464274989274,17,35,-0.125669583629514,0
"5e84bd7c34d5d9072128fac1",93,"experience",20,20,27.5,5.5,19,38,0.398497370398196,0
"5e84bd7c34d5d9072128fac1",94,"experience",20,20,31.5,5.5,23,42,0.398497370398196,0
"5e84bd7c34d5d9072128fac1",95,"experience",20,20,13.5,5.5,5,24,0.398497370398196,0
"5e84bd7c34d5d9072128fac1",96,"experience",20,20,23.5,5.5,15,34,0.398497370398196,0
"5e84bd7c34d5d9072128fac1",97,"experience",20,20,26.5,5.5,18,37,0.398497370398196,0
"5e84bd7c34d5d9072128fac1",98,"experience",20,20,26.5,5.5,18,37,0.398497370398196,0
"5e84bd7c34d5d9072128fac1",99,"experience",20,20,25.5,5.5,17,36,0.398497370398196,0
"5e84bd7c34d5d9072128fac1",100,"experience",20,20,19.5,5.5,11,30,0.398497370398196,0
"5e84bd7c34d5d9072128fac1",101,"experience",20,20,23.5,5.5,15,34,0.398497370398196,0
"5e84bd7c34d5d9072128fac1",102,"experience",20,20,28.5,5.5,20,39,0.398497370398196,0
"5e84bd7c34d5d9072128fac1",103,"experience",20,20,19.5,5.5,11,30,0.398497370398196,0
"5e84bd7c34d5d9072128fac1",104,"experience",20,20,23.5,5.5,15,34,0.398497370398196,0
"5e84bd7c34d5d9072128fac1",105,"experience",20,20,28.5,5.5,20,39,0.398497370398196,0
"5e84bd7c34d5d9072128fac1",106,"experience",20,20,24.5,5.5,16,35,0.398497370398196,0
"5e84bd7c34d5d9072128fac1",107,"experience",20,20,28.5,5.5,20,39,0.398497370398196,0
"5e84bd7c34d5d9072128fac1",108,"experience",20,20,31.5,5.5,23,42,0.398497370398196,0
"641dfbd1cf0e57384c37a037",1,"experience",7,7,36.8571428571429,4.45384493374854,32,44,0.637936408549033,0
"641dfbd1cf0e57384c37a037",2,"experience",3,3,7,3.74165738677394,2,11,-0.381801774160606,0
"641dfbd1cf0e57384c37a037",3,"experience",3,3,34.3333333333333,3.29983164553722,30,38,-0.294799620144831,0
"641dfbd1cf0e57384c37a037",4,"experience",9,9,38.7777777777778,5.28683433483125,32,47,0.368291211301032,0
"641dfbd1cf0e57384c37a037",5,"experience",12,12,38.3333333333333,6.35522532164587,29,48,0.0892448329935634,0
"641dfbd1cf0e57384c37a037",6,"experience",10,10,9.5,5.95399025864168,1,20,0.0795948415358291,1
"641dfbd1cf0e57384c37a037",7,"experience",7,7,41.5714285714286,4.43547848464572,34,47,-0.441020096913431,0
"641dfbd1cf0e57384c37a037",8,"experience",5,5,40.6,5.78273291792038,32,47,-0.321696870276472,0
"641dfbd1cf0e57384c37a037",9,"experience",11,11,10.8181818181818,5.70196428384244,3,20,0.0476358756618887,0
"641dfbd1cf0e57384c37a037",10,"experience",11,11,36.4545454545455,6.21382090568548,29,47,0.475448345965019,0
"641dfbd1cf0e57384c37a037",11,"experience",11,11,9,5.08115949544804,1,17,-0.024947172686439,1
"641dfbd1cf0e57384c37a037",12,"experience",2,2,13.5,0.5,13,14,0,0
"641dfbd1cf0e57384c37a037",13,"experience",2,2,28,4,24,32,0,0
"641dfbd1cf0e57384c37a037",14,"experience",2,2,18,4,14,22,0,0
"641dfbd1cf0e57384c37a037",15,"experience",20,20,21.5,5.5,13,32,0.398497370398196,0
"641dfbd1cf0e57384c37a037",16,"experience",2,2,24,4,20,28,0,0
"641dfbd1cf0e57384c37a037",17,"experience",2,2,14,4,10,18,0,0
"641dfbd1cf0e57384c37a037",18,"experience",2,2,17,4,13,21,0,0
"641dfbd1cf0e57384c37a037",19,"experience",10,10,17.2,5.9464274989274,8,26,-0.125669583629514,0
"641dfbd1cf0e57384c37a037",20,"experience",10,10,27.2,5.9464274989274,18,36,-0.125669583629514,0
"641dfbd1cf0e57384c37a037",21,"experience",2,2,36,4,32,40,0,0
"641dfbd1cf0e57384c37a037",22,"experience",10,10,36.2,5.9464274989274,27,45,-0.125669583629516,0
"641dfbd1cf0e57384c37a037",23,"experience",10,10,26.2,5.9464274989274,17,35,-0.125669583629514,0
"641dfbd1cf0e57384c37a037",24,"experience",2,2,35,4,31,39,0,0
"641dfbd1cf0e57384c37a037",25,"experience",10,10,29.2,5.9464274989274,20,38,-0.125669583629514,0
"641dfbd1cf0e57384c37a037",26,"experience",20,20,21.5,5.5,13,32,0.398497370398196,0
"641dfbd1cf0e57384c37a037",27,"experience",2,2,24,4,20,28,0,0
"641dfbd1cf0e57384c37a037",28,"experience",2,2,16,4,12,20,0,0
"641dfbd1cf0e57384c37a037",29,"experience",20,20,18.5,5.5,10,29,0.398497370398196,0
"641dfbd1cf0e57384c37a037",30,"experience",20,20,34.5,5.5,26,45,0.398497370398196,0
"641dfbd1cf0e57384c37a037",31,"experience",20,20,30.5,5.5,22,41,0.398497370398196,0
"641dfbd1cf0e57384c37a037",32,"experience",10,10,17.2,5.9464274989274,8,26,-0.125669583629514,0
"641dfbd1cf0e57384c37a037",33,"experience",20,20,20.5,5.5,12,31,0.398497370398196,0
"641dfbd1cf0e57384c37a037",34,"experience",20,20,16.5,5.5,8,27,0.398497370398196,0
"641dfbd1cf0e57384c37a037",35,"experience",10,10,15.2,5.9464274989274,6,24,-0.125669583629514,0
"641dfbd1cf0e57384c37a037",36,"experience",2,2,28,4,24,32,0,0
"641dfbd1cf0e57384c37a037",37,"experience",20,20,28.5,5.5,20,39,0.398497370398196,0
"641dfbd1cf0e57384c37a037",38,"experience",20,20,33.5,5.5,25,44,0.398497370398196,0
"641dfbd1cf0e57384c37a037",39,"experience",2,2,25,4,21,29,0,0
"641dfbd1cf0e57384c37a037",40,"experience",2,2,17,4,13,21,0,0
"641dfbd1cf0e57384c37a037",41,"experience",20,20,19.5,5.5,11,30,0.398497370398196,0
"641dfbd1cf0e57384c37a037",42,"experience",20,20,17.5,5.5,9,28,0.398497370398196,0
"641dfbd1cf0e57384c37a037",43,"experience",10,10,17.2,5.9464274989274,8,26,-0.125669583629514,0
"641dfbd1cf0e57384c37a037",44,"experience",20,20,27.5,5.5,19,38,0.398497370398196,0
"641dfbd1cf0e57384c37a037",45,"experience",10,10,27.2,5.9464274989274,18,36,-0.125669583629514,0
"641dfbd1cf0e57384c37a037",46,"experience",10,10,14.2,5.9464274989274,5,23,-0.125669583629514,0
"641dfbd1cf0e57384c37a037",47,"experience",10,10,33.2,5.9464274989274,24,42,-0.125669583629516,0
"641dfbd1cf0e57384c37a037",48,"experience",2,2,25,4,21,29,0,0
"641dfbd1cf0e57384c37a037",49,"experience",10,10,18.2,5.9464274989274,9,27,-0.125669583629514,0
"641dfbd1cf0e57384c37a037",50,"experience",2,2,21,4,17,25,0,0
"641dfbd1cf0e57384c37a037",51,"experience",20,20,22.5,5.5,14,33,0.398497370398196,0
"641dfbd1cf0e57384c37a037",52,"experience",2,2,21,4,17,25,0,0
"641dfbd1cf0e57384c37a037",53,"experience",20,20,29.5,5.5,21,40,0.398497370398196,0
"641dfbd1cf0e57384c37a037",54,"experience",10,10,31.2,5.9464274989274,22,40,-0.125669583629514,0
"641dfbd1cf0e57384c37a037",55,"experience",2,2,26,4,22,30,0,0
"641dfbd1cf0e57384c37a037",56,"experience",20,20,26.5,5.5,18,37,0.398497370398196,0
"641dfbd1cf0e57384c37a037",57,"experience",10,10,27.2,5.9464274989274,18,36,-0.125669583629514,0
"641dfbd1cf0e57384c37a037",58,"experience",10,10,33.2,5.9464274989274,24,42,-0.125669583629516,0
"641dfbd1cf0e57384c37a037",59,"experience",10,10,26.2,5.9464274989274,17,35,-0.125669583629514,0
"641dfbd1cf0e57384c37a037",60,"experience",20,20,17.5,5.5,9,28,0.398497370398196,0
"641dfbd1cf0e57384c37a037",61,"experience",2,2,29,4,25,33,0,0
"641dfbd1cf0e57384c37a037",62,"experience",2,2,23,4,19,27,0,0
"641dfbd1cf0e57384c37a037",63,"experience",2,2,20,4,16,24,0,0
"641dfbd1cf0e57384c37a037",64,"experience",2,2,26,4,22,30,0,0
"641dfbd1cf0e57384c37a037",65,"experience",2,2,21,4,17,25,0,0
"641dfbd1cf0e57384c37a037",66,"experience",20,20,30.5,5.5,22,41,0.398497370398196,0
"641dfbd1cf0e57384c37a037",67,"experience",10,10,33.2,5.9464274989274,24,42,-0.125669583629516,0
"641dfbd1cf0e57384c37a037",68,"experience",10,10,23.2,5.9464274989274,14,32,-0.125669583629514,0
"641dfbd1cf0e57384c37a037",69,"experience",2,2,14,4,10,18,0,0
"641dfbd1cf0e57384c37a037",70,"experience",10,10,26.2,5.9464274989274,17,35,-0.125669583629514,0
"641dfbd1cf0e57384c37a037",71,"experience",20,20,13.5,5.5,5,24,0.398497370398196,0
"641dfbd1cf0e57384c37a037",72,"experience",2,2,33,4,29,37,0,0
"641dfbd1cf0e57384c37a037",73,"experience",2,2,30,4,26,34,0,0
"641dfbd1cf0e57384c37a037",74,"experience",2,2,20,4,16,24,0,0
"641dfbd1cf0e57384c37a037",75,"experience",2,2,22,4,18,26,0,0
"641dfbd1cf0e57384c37a037",76,"experience",2,2,31,4,27,35,0,0
"641dfbd1cf0e57384c37a037",77,"experience",2,2,31,4,27,35,0,0
"641dfbd1cf0e57384c37a037",78,"experience",10,10,32.2,5.9464274989274,23,41,-0.125669583629516,0
"641dfbd1cf0e57384c37a037",79,"experience",20,20,28.5,5.5,20,39,0.398497370398196,0
"641dfbd1cf0e57384c37a037",80,"experience",2,2,35,4,31,39,0,0
"641dfbd1cf0e57384c37a037",81,"experience",10,10,35.2,5.9464274989274,26,44,-0.125669583629516,0
"641dfbd1cf0e57384c37a037",82,"experience",20,20,16.5,5.5,8,27,0.398497370398196,0
"641dfbd1cf0e57384c37a037",83,"experience",10,10,36.2,5.9464274989274,27,45,-0.125669583629516,0
"641dfbd1cf0e57384c37a037",84,"experience",20,20,13.5,5.5,5,24,0.398497370398196,0
"641dfbd1cf0e57384c37a037",85,"experience",20,20,17.5,5.5,9,28,0.398497370398196,0
"641dfbd1cf0e57384c37a037",86,"experience",2,2,19,4,15,23,0,0
"641dfbd1cf0e57384c37a037",87,"experience",10,10,30.2,5.9464274989274,21,39,-0.125669583629514,0
"641dfbd1cf0e57384c37a037",88,"experience",20,20,27.5,5.5,19,38,0.398497370398196,0
"641dfbd1cf0e57384c37a037",89,"experience",10,10,28.2,5.9464274989274,19,37,-0.125669583629514,0
"641dfbd1cf0e57384c37a037",90,"experience",20,20,28.5,5.5,20,39,0.398497370398196,0
"641dfbd1cf0e57384c37a037",91,"experience",20,20,19.5,5.5,11,30,0.398497370398196,0
"641dfbd1cf0e57384c37a037",92,"experience",2,2,33,4,29,37,0,0
"641dfbd1cf0e57384c37a037",93,"experience",10,10,21.2,5.9464274989274,12,30,-0.125669583629514,0
"641dfbd1cf0e57384c37a037",94,"experience",20,20,13.5,5.5,5,24,0.398497370398196,0
"641dfbd1cf0e57384c37a037",95,"experience",20,20,20.5,5.5,12,31,0.398497370398196,0
"641dfbd1cf0e57384c37a037",96,"experience",20,20,26.5,5.5,18,37,0.398497370398196,0
"641dfbd1cf0e57384c37a037",97,"experience",10,10,25.2,5.9464274989274,16,34,-0.125669583629514,0
"641dfbd1cf0e57384c37a037",98,"experience",10,10,21.2,5.9464274989274,12,30,-0.125669583629514,0
"641dfbd1cf0e57384c37a037",99,"experience",10,10,30.2,5.9464274989274,21,39,-0.125669583629514,0
"641dfbd1cf0e57384c37a037",100,"experience",10,10,24.2,5.9464274989274,15,33,-0.125669583629514,0
"641dfbd1cf0e57384c37a037",101,"experience",20,20,21.5,5.5,13,32,0.398497370398196,0
"641dfbd1cf0e57384c37a037",102,"experience",20,20,31.5,5.5,23,42,0.398497370398196,0
"641dfbd1cf0e57384c37a037",103,"experience",10,10,31.2,5.9464274989274,22,40,-0.125669583629514,0
"641dfbd1cf0e57384c37a037",104,"experience",20,20,14.5,5.5,6,25,0.398497370398196,0
"641dfbd1cf0e57384c37a037",105,"experience",2,2,14,4,10,18,0,0
"641dfbd1cf0e57384c37a037",106,"experience",10,10,35.2,5.9464274989274,26,44,-0.125669583629516,0
"641dfbd1cf0e57384c37a037",107,"experience",20,20,15.5,5.5,7,26,0.398497370398196,0
"641dfbd1cf0e57384c37a037",108,"experience",10,10,28.2,5.9464274989274,19,37,-0.125669583629514,0
"672268205351c30413c9837e",1,"experience",6,6,11,5.44671154612273,2,19,-0.185659906255919,0
"672268205351c30413c9837e",2,"experience",8,8,10.625,6.2836593637784,1,20,0.062866812768452,1
"672268205351c30413c9837e",3,"experience",10,10,37.9,5.31883445878888,30,46,0.223220832412521,0
"672268205351c30413c9837e",4,"experience",6,6,39.5,6.70198975429437,29,48,-0.159451995489767,0
"672268205351c30413c9837e",5,"experience",10,10,38.5,4.92442890089805,29,47,-0.140683015045318,0
"672268205351c30413c9837e",6,"experience",7,7,7.42857142857143,5.77821383318762,1,15,0.25025650983342,1
"672268205351c30413c9837e",7,"experience",12,12,12.1666666666667,4.91313432432789,1,20,-0.568370737595407,1
"672268205351c30413c9837e",8,"experience",4,4,38,6.70820393249937,29,47,0,0
"672268205351c30413c9837e",9,"experience",4,4,10.5,5.7227615711298,3,17,-0.132056032991516,0
"672268205351c30413c9837e",10,"experience",12,12,11,5.49241901776136,2,19,-0.135797423899963,0
"672268205351c30413c9837e",11,"experience",8,8,11.25,5.2618912949623,4,20,0.353279148950686,0
"672268205351c30413c9837e",12,"experience",3,3,14.3333333333333,4.49691252107735,9,20,0.110780117654845,0
"672268205351c30413c9837e",13,"experience",2,2,23,4,19,27,0,0
"672268205351c30413c9837e",14,"experience",20,20,33.5,5.5,25,44,0.398497370398196,0
"672268205351c30413c9837e",15,"experience",10,10,23.2,5.9464274989274,14,32,-0.125669583629514,0
"672268205351c30413c9837e",16,"experience",20,20,15.5,5.5,7,26,0.398497370398196,0
"672268205351c30413c9837e",17,"experience",20,20,34.5,5.5,26,45,0.398497370398196,0
"672268205351c30413c9837e",18,"experience",20,20,29.5,5.5,21,40,0.398497370398196,0
"672268205351c30413c9837e",19,"experience",10,10,15.2,5.9464274989274,6,24,-0.125669583629514,0
"672268205351c30413c9837e",20,"experience",20,20,12.5,5.5,4,23,0.398497370398196,0
"672268205351c30413c9837e",21,"experience",20,20,13.5,5.5,5,24,0.398497370398196,0
"672268205351c30413c9837e",22,"experience",10,10,27.2,5.9464274989274,18,36,-0.125669583629514,0
"672268205351c30413c9837e",23,"experience",2,2,34,4,30,38,0,0
"672268205351c30413c9837e",24,"experience",20,20,29.5,5.5,21,40,0.398497370398196,0
"672268205351c30413c9837e",25,"experience",20,20,31.5,5.5,23,42,0.398497370398196,0
"672268205351c30413c9837e",26,"experience",2,2,15,4,11,19,0,0
"672268205351c30413c9837e",27,"experience",20,20,21.5,5.5,13,32,0.398497370398196,0
"672268205351c30413c9837e",28,"experience",2,2,23,4,19,27,0,0
"672268205351c30413c9837e",29,"experience",20,20,14.5,5.5,6,25,0.398497370398196,0
"672268205351c30413c9837e",30,"experience",20,20,13.5,5.5,5,24,0.398497370398196,0
"672268205351c30413c9837e",31,"experience",20,20,23.5,5.5,15,34,0.398497370398196,0
"672268205351c30413c9837e",32,"experience",20,20,28.5,5.5,20,39,0.398497370398196,0
"672268205351c30413c9837e",33,"experience",2,2,36,4,32,40,0,0
"672268205351c30413c9837e",34,"experience",20,20,14.5,5.5,6,25,0.398497370398196,0
"672268205351c30413c9837e",35,"experience",20,20,14.5,5.5,6,25,0.398497370398196,0
"672268205351c30413c9837e",36,"experience",20,20,19.5,5.5,11,30,0.398497370398196,0
"672268205351c30413c9837e",37,"experience",10,10,24.2,5.9464274989274,15,33,-0.125669583629514,0
"672268205351c30413c9837e",38,"experience",2,2,26,4,22,30,0,0
"672268205351c30413c9837e",39,"experience",2,2,15,4,11,19,0,0
"672268205351c30413c9837e",40,"experience",2,2,24,4,20,28,0,0
"672268205351c30413c9837e",41,"experience",10,10,30.2,5.9464274989274,21,39,-0.125669583629514,0
"672268205351c30413c9837e",42,"experience",2,2,18,4,14,22,0,0
"672268205351c30413c9837e",43,"experience",2,2,26,4,22,30,0,0
"672268205351c30413c9837e",44,"experience",10,10,23.2,5.9464274989274,14,32,-0.125669583629514,0
"672268205351c30413c9837e",45,"experience",10,10,22.2,5.9464274989274,13,31,-0.125669583629514,0
"672268205351c30413c9837e",46,"experience",10,10,15.2,5.9464274989274,6,24,-0.125669583629514,0
"672268205351c30413c9837e",47,"experience",2,2,30,4,26,34,0,0
"672268205351c30413c9837e",48,"experience",10,10,32.2,5.9464274989274,23,41,-0.125669583629516,0
"672268205351c30413c9837e",49,"experience",10,10,32.2,5.9464274989274,23,41,-0.125669583629516,0
"672268205351c30413c9837e",50,"experience",2,2,17,4,13,21,0,0
"672268205351c30413c9837e",51,"experience",2,2,34,4,30,38,0,0
"672268205351c30413c9837e",52,"experience",10,10,34.2,5.9464274989274,25,43,-0.125669583629516,0
"672268205351c30413c9837e",53,"experience",2,2,21,4,17,25,0,0
"672268205351c30413c9837e",54,"experience",2,2,24,4,20,28,0,0
"672268205351c30413c9837e",55,"experience",2,2,16,4,12,20,0,0
"672268205351c30413c9837e",56,"experience",10,10,36.2,5.9464274989274,27,45,-0.125669583629516,0
"672268205351c30413c9837e",57,"experience",10,10,18.2,5.9464274989274,9,27,-0.125669583629514,0
"672268205351c30413c9837e",58,"experience",10,10,21.2,5.9464274989274,12,30,-0.125669583629514,0
"672268205351c30413c9837e",59,"experience",10,10,20.2,5.9464274989274,11,29,-0.125669583629514,0
"672268205351c30413c9837e",60,"experience",10,10,23.2,5.9464274989274,14,32,-0.125669583629514,0
"672268205351c30413c9837e",61,"experience",2,2,33,4,29,37,0,0
"672268205351c30413c9837e",62,"experience",20,20,24.5,5.5,16,35,0.398497370398196,0
"672268205351c30413c9837e",63,"experience",2,2,19,4,15,23,0,0
"672268205351c30413c9837e",64,"experience",10,10,24.2,5.9464274989274,15,33,-0.125669583629514,0
"672268205351c30413c9837e",65,"experience",10,10,25.2,5.9464274989274,16,34,-0.125669583629514,0
"672268205351c30413c9837e",66,"experience",2,2,34,4,30,38,0,0
"672268205351c30413c9837e",67,"experience",20,20,12.5,5.5,4,23,0.398497370398196,0
"672268205351c30413c9837e",68,"experience",20,20,28.5,5.5,20,39,0.398497370398196,0
"672268205351c30413c9837e",69,"experience",20,20,16.5,5.5,8,27,0.398497370398196,0
"672268205351c30413c9837e",70,"experience",2,2,32,4,28,36,0,0
"672268205351c30413c9837e",71,"experience",10,10,36.2,5.9464274989274,27,45,-0.125669583629516,0
"672268205351c30413c9837e",72,"experience",20,20,12.5,5.5,4,23,0.398497370398196,0
"672268205351c30413c9837e",73,"experience",2,2,14,4,10,18,0,0
"672268205351c30413c9837e",74,"experience",2,2,18,4,14,22,0,0
"672268205351c30413c9837e",75,"experience",20,20,14.5,5.5,6,25,0.398497370398196,0
"672268205351c30413c9837e",76,"experience",20,20,28.5,5.5,20,39,0.398497370398196,0
"672268205351c30413c9837e",77,"experience",20,20,34.5,5.5,26,45,0.398497370398196,0
"672268205351c30413c9837e",78,"experience",20,20,34.5,5.5,26,45,0.398497370398196,0
"672268205351c30413c9837e",79,"experience",10,10,32.2,5.9464274989274,23,41,-0.125669583629516,0
"672268205351c30413c9837e",80,"experience",2,2,22,4,18,26,0,0
"672268205351c30413c9837e",81,"experience",20,20,18.5,5.5,10,29,0.398497370398196,0
"672268205351c30413c9837e",82,"experience",20,20,30.5,5.5,22,41,0.398497370398196,0
"672268205351c30413c9837e",83,"experience",10,10,33.2,5.9464274989274,24,42,-0.125669583629516,0
"672268205351c30413c9837e",84,"experience",10,10,25.2,5.9464274989274,16,34,-0.125669583629514,0
"672268205351c30413c9837e",85,"experience",20,20,34.5,5.5,26,45,0.398497370398196,0
"672268205351c30413c9837e",86,"experience",10,10,24.2,5.9464274989274,15,33,-0.125669583629514,0
"672268205351c30413c9837e",87,"experience",10,10,16.2,5.9464274989274,7,25,-0.125669583629514,0
"672268205351c30413c9837e",88,"experience",10,10,17.2,5.9464274989274,8,26,-0.125669583629514,0
"672268205351c30413c9837e",89,"experience",10,10,24.2,5.9464274989274,15,33,-0.125669583629514,0
"672268205351c30413c9837e",90,"experience",20,20,33.5,5.5,25,44,0.398497370398196,0
"672268205351c30413c9837e",91,"experience",20,20,33.5,5.5,25,44,0.398497370398196,0
"672268205351c30413c9837e",92,"experience",20,20,21.5,5.5,13,32,0.398497370398196,0
"672268205351c30413c9837e",93,"experience",10,10,18.2,5.9464274989274,9,27,-0.125669583629514,0
"672268205351c30413c9837e",94,"experience",20,20,15.5,5.5,7,26,0.398497370398196,0
"672268205351c30413c9837e",95,"experience",2,2,25,4,21,29,0,0
"672268205351c30413c9837e",96,"experience",10,10,19.2,5.9464274989274,10,28,-0.125669583629514,0
"672268205351c30413c9837e",97,"experience",10,10,33.2,5.9464274989274,24,42,-0.125669583629516,0
"672268205351c30413c9837e",98,"experience",10,10,33.2,5.9464274989274,24,42,-0.125669583629516,0
"672268205351c30413c9837e",99,"experience",2,2,14,4,10,18,0,0
"672268205351c30413c9837e",100,"experience",10,10,19.2,5.9464274989274,10,28,-0.125669583629514,0
"672268205351c30413c9837e",101,"experience",2,2,18,4,14,22,0,0
"672268205351c30413c9837e",102,"experience",2,2,34,4,30,38,0,0
"672268205351c30413c9837e",103,"experience",2,2,36,4,32,40,0,0
"672268205351c30413c9837e",104,"experience",10,10,26.2,5.9464274989274,17,35,-0.125669583629514,0
"672268205351c30413c9837e",105,"experience",2,2,18,4,14,22,0,0
"672268205351c30413c9837e",106,"experience",2,2,25,4,21,29,0,0
"672268205351c30413c9837e",107,"experience",2,2,26,4,22,30,0,0
"672268205351c30413c9837e",108,"experience",2,2,19,4,15,23,0,0
"5d88db42c1d06e001a1fdcab",1,"experience",11,11,9.18181818181818,5.95159538303015,1,20,0.230019242528706,1
"5d88db42c1d06e001a1fdcab",2,"experience",7,7,12.4285714285714,5.82745087267747,1,19,-0.751611552169462,1
"5d88db42c1d06e001a1fdcab",3,"experience",4,4,5.25,3.76662979332984,1,11,0.47893338519857,1
"5d88db42c1d06e001a1fdcab",4,"experience",3,3,6.33333333333333,4.49691252107735,1,12,0.110780117654846,1
"5d88db42c1d06e001a1fdcab",5,"experience",11,11,11.2727272727273,5.60990858928782,2,20,0.013149615978047,0
"5d88db42c1d06e001a1fdcab",6,"experience",6,6,38.6666666666667,3.68178700572909,33,43,-0.335427518124739,0
"5d88db42c1d06e001a1fdcab",7,"experience",3,3,39.6666666666667,3.39934634239519,35,43,-0.528004979218186,0
"5d88db42c1d06e001a1fdcab",8,"experience",12,12,10.1666666666667,6.17566910454963,2,20,0.25725716565926,0
"5d88db42c1d06e001a1fdcab",9,"experience",11,11,10.8181818181818,5.18420997432118,3,18,-0.142680306784993,0
"5d88db42c1d06e001a1fdcab",10,"experience",10,10,38.1,4.65725240887801,32,46,0.382039227386827,0
"5d88db42c1d06e001a1fdcab",11,"experience",8,8,37.25,5.78251675311019,30,47,0.492137682263129,0
"5d88db42c1d06e001a1fdcab",12,"experience",2,2,17,2,15,19,0,0
"5d88db42c1d06e001a1fdcab",13,"experience",2,2,27,4,23,31,0,0
"5d88db42c1d06e001a1fdcab",14,"experience",2,2,29,4,25,33,0,0
"5d88db42c1d06e001a1fdcab",15,"experience",20,20,26.5,5.5,18,37,0.398497370398196,0
"5d88db42c1d06e001a1fdcab",16,"experience",20,20,14.5,5.5,6,25,0.398497370398196,0
"5d88db42c1d06e001a1fdcab",17,"experience",20,20,18.5,5.5,10,29,0.398497370398196,0
"5d88db42c1d06e001a1fdcab",18,"experience",20,20,28.5,5.5,20,39,0.398497370398196,0
"5d88db42c1d06e001a1fdcab",19,"experience",2,2,16,4,12,20,0,0
"5d88db42c1d06e001a1fdcab",20,"experience",10,10,24.2,5.9464274989274,15,33,-0.125669583629514,0
"5d88db42c1d06e001a1fdcab",21,"experience",2,2,21,4,17,25,0,0
"5d88db42c1d06e001a1fdcab",22,"experience",2,2,24,4,20,28,0,0
"5d88db42c1d06e001a1fdcab",23,"experience",20,20,26.5,5.5,18,37,0.398497370398196,0
"5d88db42c1d06e001a1fdcab",24,"experience",20,20,32.5,5.5,24,43,0.398497370398196,0
"5d88db42c1d06e001a1fdcab",25,"experience",10,10,20.2,5.9464274989274,11,29,-0.125669583629514,0
"5d88db42c1d06e001a1fdcab",26,"experience",20,20,12.5,5.5,4,23,0.398497370398196,0
"5d88db42c1d06e001a1fdcab",27,"experience",20,20,14.5,5.5,6,25,0.398497370398196,0
"5d88db42c1d06e001a1fdcab",28,"experience",2,2,31,4,27,35,0,0
"5d88db42c1d06e001a1fdcab",29,"experience",2,2,30,4,26,34,0,0
"5d88db42c1d06e001a1fdcab",30,"experience",10,10,24.2,5.9464274989274,15,33,-0.125669583629514,0
"5d88db42c1d06e001a1fdcab",31,"experience",10,10,18.2,5.9464274989274,9,27,-0.125669583629514,0
"5d88db42c1d06e001a1fdcab",32,"experience",2,2,14,4,10,18,0,0
"5d88db42c1d06e001a1fdcab",33,"experience",20,20,29.5,5.5,21,40,0.398497370398196,0
"5d88db42c1d06e001a1fdcab",34,"experience",10,10,19.2,5.9464274989274,10,28,-0.125669583629514,0
"5d88db42c1d06e001a1fdcab",35,"experience",2,2,21,4,17,25,0,0
"5d88db42c1d06e001a1fdcab",36,"experience",2,2,23,4,19,27,0,0
"5d88db42c1d06e001a1fdcab",37,"experience",2,2,26,4,22,30,0,0
"5d88db42c1d06e001a1fdcab",38,"experience",10,10,20.2,5.9464274989274,11,29,-0.125669583629514,0
"5d88db42c1d06e001a1fdcab",39,"experience",10,10,16.2,5.9464274989274,7,25,-0.125669583629514,0
"5d88db42c1d06e001a1fdcab",40,"experience",20,20,17.5,5.5,9,28,0.398497370398196,0
"5d88db42c1d06e001a1fdcab",41,"experience",10,10,14.2,5.9464274989274,5,23,-0.125669583629514,0
"5d88db42c1d06e001a1fdcab",42,"experience",2,2,25,4,21,29,0,0
"5d88db42c1d06e001a1fdcab",43,"experience",10,10,16.2,5.9464274989274,7,25,-0.125669583629514,0
"5d88db42c1d06e001a1fdcab",44,"experience",10,10,14.2,5.9464274989274,5,23,-0.125669583629514,0
"5d88db42c1d06e001a1fdcab",45,"experience",10,10,16.2,5.9464274989274,7,25,-0.125669583629514,0
"5d88db42c1d06e001a1fdcab",46,"experience",10,10,17.2,5.9464274989274,8,26,-0.125669583629514,0
"5d88db42c1d06e001a1fdcab",47,"experience",10,10,21.2,5.9464274989274,12,30,-0.125669583629514,0
"5d88db42c1d06e001a1fdcab",48,"experience",20,20,25.5,5.5,17,36,0.398497370398196,0
"5d88db42c1d06e001a1fdcab",49,"experience",2,2,25,4,21,29,0,0
"5d88db42c1d06e001a1fdcab",50,"experience",2,2,22,4,18,26,0,0
"5d88db42c1d06e001a1fdcab",51,"experience",2,2,34,4,30,38,0,0
"5d88db42c1d06e001a1fdcab",52,"experience",20,20,17.5,5.5,9,28,0.398497370398196,0
"5d88db42c1d06e001a1fdcab",53,"experience",2,2,15,4,11,19,0,0
"5d88db42c1d06e001a1fdcab",54,"experience",10,10,35.2,5.9464274989274,26,44,-0.125669583629516,0
"5d88db42c1d06e001a1fdcab",55,"experience",10,10,20.2,5.9464274989274,11,29,-0.125669583629514,0
"5d88db42c1d06e001a1fdcab",56,"experience",20,20,31.5,5.5,23,42,0.398497370398196,0
"5d88db42c1d06e001a1fdcab",57,"experience",20,20,21.5,5.5,13,32,0.398497370398196,0
"5d88db42c1d06e001a1fdcab",58,"experience",20,20,26.5,5.5,18,37,0.398497370398196,0
"5d88db42c1d06e001a1fdcab",59,"experience",10,10,18.2,5.9464274989274,9,27,-0.125669583629514,0
"5d88db42c1d06e001a1fdcab",60,"experience",20,20,32.5,5.5,24,43,0.398497370398196,0
"5d88db42c1d06e001a1fdcab",61,"experience",2,2,30,4,26,34,0,0
"5d88db42c1d06e001a1fdcab",62,"experience",10,10,16.2,5.9464274989274,7,25,-0.125669583629514,0
"5d88db42c1d06e001a1fdcab",63,"experience",10,10,18.2,5.9464274989274,9,27,-0.125669583629514,0
"5d88db42c1d06e001a1fdcab",64,"experience",2,2,18,4,14,22,0,0
"5d88db42c1d06e001a1fdcab",65,"experience",2,2,34,4,30,38,0,0
"5d88db42c1d06e001a1fdcab",66,"experience",10,10,26.2,5.9464274989274,17,35,-0.125669583629514,0
"5d88db42c1d06e001a1fdcab",67,"experience",10,10,14.2,5.9464274989274,5,23,-0.125669583629514,0
"5d88db42c1d06e001a1fdcab",68,"experience",10,10,31.2,5.9464274989274,22,40,-0.125669583629514,0
"5d88db42c1d06e001a1fdcab",69,"experience",20,20,22.5,5.5,14,33,0.398497370398196,0
"5d88db42c1d06e001a1fdcab",70,"experience",10,10,16.2,5.9464274989274,7,25,-0.125669583629514,0
"5d88db42c1d06e001a1fdcab",71,"experience",2,2,14,4,10,18,0,0
"5d88db42c1d06e001a1fdcab",72,"experience",2,2,26,4,22,30,0,0
"5d88db42c1d06e001a1fdcab",73,"experience",2,2,16,4,12,20,0,0
"5d88db42c1d06e001a1fdcab",74,"experience",20,20,17.5,5.5,9,28,0.398497370398196,0
"5d88db42c1d06e001a1fdcab",75,"experience",20,20,13.5,5.5,5,24,0.398497370398196,0
"5d88db42c1d06e001a1fdcab",76,"experience",2,2,18,4,14,22,0,0
"5d88db42c1d06e001a1fdcab",77,"experience",10,10,22.2,5.9464274989274,13,31,-0.125669583629514,0
"5d88db42c1d06e001a1fdcab",78,"experience",20,20,17.5,5.5,9,28,0.398497370398196,0
"5d88db42c1d06e001a1fdcab",79,"experience",20,20,26.5,5.5,18,37,0.398497370398196,0
"5d88db42c1d06e001a1fdcab",80,"experience",10,10,14.2,5.9464274989274,5,23,-0.125669583629514,0
"5d88db42c1d06e001a1fdcab",81,"experience",20,20,25.5,5.5,17,36,0.398497370398196,0
"5d88db42c1d06e001a1fdcab",82,"experience",20,20,18.5,5.5,10,29,0.398497370398196,0
"5d88db42c1d06e001a1fdcab",83,"experience",2,2,23,4,19,27,0,0
"5d88db42c1d06e001a1fdcab",84,"experience",10,10,24.2,5.9464274989274,15,33,-0.125669583629514,0
"5d88db42c1d06e001a1fdcab",85,"experience",2,2,20,4,16,24,0,0
"5d88db42c1d06e001a1fdcab",86,"experience",10,10,18.2,5.9464274989274,9,27,-0.125669583629514,0
"5d88db42c1d06e001a1fdcab",87,"experience",2,2,35,4,31,39,0,0
"5d88db42c1d06e001a1fdcab",88,"experience",2,2,31,4,27,35,0,0
"5d88db42c1d06e001a1fdcab",89,"experience",10,10,24.2,5.9464274989274,15,33,-0.125669583629514,0
"5d88db42c1d06e001a1fdcab",90,"experience",10,10,36.2,5.9464274989274,27,45,-0.125669583629516,0
"5d88db42c1d06e001a1fdcab",91,"experience",20,20,15.5,5.5,7,26,0.398497370398196,0
"5d88db42c1d06e001a1fdcab",92,"experience",10,10,15.2,5.9464274989274,6,24,-0.125669583629514,0
"5d88db42c1d06e001a1fdcab",93,"experience",20,20,24.5,5.5,16,35,0.398497370398196,0
"5d88db42c1d06e001a1fdcab",94,"experience",10,10,17.2,5.9464274989274,8,26,-0.125669583629514,0
"5d88db42c1d06e001a1fdcab",95,"experience",2,2,29,4,25,33,0,0
"5d88db42c1d06e001a1fdcab",96,"experience",20,20,34.5,5.5,26,45,0.398497370398196,0
"5d88db42c1d06e001a1fdcab",97,"experience",2,2,21,4,17,25,0,0
"5d88db42c1d06e001a1fdcab",98,"experience",2,2,25,4,21,29,0,0
"5d88db42c1d06e001a1fdcab",99,"experience",20,20,24.5,5.5,16,35,0.398497370398196,0
"5d88db42c1d06e001a1fdcab",100,"experience",10,10,24.2,5.9464274989274,15,33,-0.125669583629514,0
"5d88db42c1d06e001a1fdcab",101,"experience",20,20,34.5,5.5,26,45,0.398497370398196,0
"5d88db42c1d06e001a1fdcab",102,"experience",2,2,16,4,12,20,0,0
"5d88db42c1d06e001a1fdcab",103,"experience",2,2,27,4,23,31,0,0
"5d88db42c1d06e001a1fdcab",104,"experience",20,20,20.5,5.5,12,31,0.398497370398196,0
"5d88db42c1d06e001a1fdcab",105,"experience",20,20,17.5,5.5,9,28,0.398497370398196,0
"5d88db42c1d06e001a1fdcab",106,"experience",20,20,26.5,5.5,18,37,0.398497370398196,0
"5d88db42c1d06e001a1fdcab",107,"experience",10,10,23.2,5.9464274989274,14,32,-0.125669583629514,0
"5d88db42c1d06e001a1fdcab",108,"experience",20,20,19.5,5.5,11,30,0.398497370398196,0
"66a02d45a7db35d93c9f6a81",1,"experience",7,7,36.5714285714286,5.65324541068839,30,46,0.647723615778145,0
"66a02d45a7db35d93c9f6a81",2,"experience",12,12,37.9166666666667,5.64886911002744,29,46,-0.200302657844505,0
"66a02d45a7db35d93c9f6a81",3,"experience",9,9,10.8888888888889,4.88636298384356,1,17,-0.738418553617837,1
"66a02d45a7db35d93c9f6a81",4,"experience",10,10,12.8,5.75847201955519,4,20,-0.28644007850011,0
"66a02d45a7db35d93c9f6a81",5,"experience",8,8,41.125,5.71046189025021,30,48,-0.556376742382385,0
"66a02d45a7db35d93c9f6a81",6,"experience",11,11,36.4545454545455,5.03377025451168,29,47,0.386219067504044,0
"66a02d45a7db35d93c9f6a81",7,"experience",2,2,11.5,7.5,4,19,0,0
"66a02d45a7db35d93c9f6a81",8,"experience",5,5,10.6,3.61109401705356,6,17,0.68194754151704,0
"66a02d45a7db35d93c9f6a81",9,"experience",7,7,11.8571428571429,5.48839220351387,2,20,-0.389376316903842,0
"66a02d45a7db35d93c9f6a81",10,"experience",5,5,7.4,3.55527776692624,2,12,-0.249940413433566,0
"66a02d45a7db35d93c9f6a81",11,"experience",3,3,7.33333333333333,5.43650214343336,3,15,0.689205498142875,0
"66a02d45a7db35d93c9f6a81",12,"experience",5,5,10.4,7.28285658241325,1,20,0.0411304970683574,1
"66a02d45a7db35d93c9f6a81",13,"experience",2,2,25,4,21,29,0,0
"66a02d45a7db35d93c9f6a81",14,"experience",2,2,34,4,30,38,0,0
"66a02d45a7db35d93c9f6a81",15,"experience",20,20,16.5,5.5,8,27,0.398497370398196,0
"66a02d45a7db35d93c9f6a81",16,"experience",2,2,23,4,19,27,0,0
"66a02d45a7db35d93c9f6a81",17,"experience",2,2,26,4,22,30,0,0
"66a02d45a7db35d93c9f6a81",18,"experience",2,2,28,4,24,32,0,0
"66a02d45a7db35d93c9f6a81",19,"experience",20,20,12.5,5.5,4,23,0.398497370398196,0
"66a02d45a7db35d93c9f6a81",20,"experience",20,20,26.5,5.5,18,37,0.398497370398196,0
"66a02d45a7db35d93c9f6a81",21,"experience",10,10,27.2,5.9464274989274,18,36,-0.125669583629514,0
"66a02d45a7db35d93c9f6a81",22,"experience",20,20,13.5,5.5,5,24,0.398497370398196,0
"66a02d45a7db35d93c9f6a81",23,"experience",20,20,33.5,5.5,25,44,0.398497370398196,0
"66a02d45a7db35d93c9f6a81",24,"experience",10,10,27.2,5.9464274989274,18,36,-0.125669583629514,0
"66a02d45a7db35d93c9f6a81",25,"experience",10,10,19.2,5.9464274989274,10,28,-0.125669583629514,0
"66a02d45a7db35d93c9f6a81",26,"experience",10,10,31.2,5.9464274989274,22,40,-0.125669583629514,0
"66a02d45a7db35d93c9f6a81",27,"experience",10,10,27.2,5.9464274989274,18,36,-0.125669583629514,0
"66a02d45a7db35d93c9f6a81",28,"experience",10,10,27.2,5.9464274989274,18,36,-0.125669583629514,0
"66a02d45a7db35d93c9f6a81",29,"experience",20,20,20.5,5.5,12,31,0.398497370398196,0
"66a02d45a7db35d93c9f6a81",30,"experience",2,2,29,4,25,33,0,0
"66a02d45a7db35d93c9f6a81",31,"experience",20,20,14.5,5.5,6,25,0.398497370398196,0
"66a02d45a7db35d93c9f6a81",32,"experience",10,10,26.2,5.9464274989274,17,35,-0.125669583629514,0
"66a02d45a7db35d93c9f6a81",33,"experience",2,2,17,4,13,21,0,0
"66a02d45a7db35d93c9f6a81",34,"experience",10,10,24.2,5.9464274989274,15,33,-0.125669583629514,0
"66a02d45a7db35d93c9f6a81",35,"experience",2,2,21,4,17,25,0,0
"66a02d45a7db35d93c9f6a81",36,"experience",20,20,29.5,5.5,21,40,0.398497370398196,0
"66a02d45a7db35d93c9f6a81",37,"experience",2,2,21,4,17,25,0,0
"66a02d45a7db35d93c9f6a81",38,"experience",2,2,30,4,26,34,0,0
"66a02d45a7db35d93c9f6a81",39,"experience",20,20,21.5,5.5,13,32,0.398497370398196,0
"66a02d45a7db35d93c9f6a81",40,"experience",2,2,15,4,11,19,0,0
"66a02d45a7db35d93c9f6a81",41,"experience",10,10,32.2,5.9464274989274,23,41,-0.125669583629516,0
"66a02d45a7db35d93c9f6a81",42,"experience",20,20,29.5,5.5,21,40,0.398497370398196,0
"66a02d45a7db35d93c9f6a81",43,"experience",2,2,21,4,17,25,0,0
"66a02d45a7db35d93c9f6a81",44,"experience",20,20,28.5,5.5,20,39,0.398497370398196,0
"66a02d45a7db35d93c9f6a81",45,"experience",20,20,21.5,5.5,13,32,0.398497370398196,0
"66a02d45a7db35d93c9f6a81",46,"experience",10,10,24.2,5.9464274989274,15,33,-0.125669583629514,0
"66a02d45a7db35d93c9f6a81",47,"experience",2,2,14,4,10,18,0,0
"66a02d45a7db35d93c9f6a81",48,"experience",10,10,16.2,5.9464274989274,7,25,-0.125669583629514,0
"66a02d45a7db35d93c9f6a81",49,"experience",10,10,16.2,5.9464274989274,7,25,-0.125669583629514,0
"66a02d45a7db35d93c9f6a81",50,"experience",2,2,33,4,29,37,0,0
"66a02d45a7db35d93c9f6a81",51,"experience",10,10,35.2,5.9464274989274,26,44,-0.125669583629516,0
"66a02d45a7db35d93c9f6a81",52,"experience",20,20,32.5,5.5,24,43,0.398497370398196,0
"66a02d45a7db35d93c9f6a81",53,"experience",20,20,24.5,5.5,16,35,0.398497370398196,0
"66a02d45a7db35d93c9f6a81",54,"experience",2,2,15,4,11,19,0,0
"66a02d45a7db35d93c9f6a81",55,"experience",20,20,26.5,5.5,18,37,0.398497370398196,0
"66a02d45a7db35d93c9f6a81",56,"experience",10,10,17.2,5.9464274989274,8,26,-0.125669583629514,0
"66a02d45a7db35d93c9f6a81",57,"experience",10,10,31.2,5.9464274989274,22,40,-0.125669583629514,0
"66a02d45a7db35d93c9f6a81",58,"experience",10,10,14.2,5.9464274989274,5,23,-0.125669583629514,0
"66a02d45a7db35d93c9f6a81",59,"experience",2,2,32,4,28,36,0,0
"66a02d45a7db35d93c9f6a81",60,"experience",20,20,12.5,5.5,4,23,0.398497370398196,0
"66a02d45a7db35d93c9f6a81",61,"experience",10,10,31.2,5.9464274989274,22,40,-0.125669583629514,0
"66a02d45a7db35d93c9f6a81",62,"experience",20,20,18.5,5.5,10,29,0.398497370398196,0
"66a02d45a7db35d93c9f6a81",63,"experience",10,10,28.2,5.9464274989274,19,37,-0.125669583629514,0
"66a02d45a7db35d93c9f6a81",64,"experience",10,10,23.2,5.9464274989274,14,32,-0.125669583629514,0
"66a02d45a7db35d93c9f6a81",65,"experience",20,20,16.5,5.5,8,27,0.398497370398196,0
"66a02d45a7db35d93c9f6a81",66,"experience",20,20,14.5,5.5,6,25,0.398497370398196,0
"66a02d45a7db35d93c9f6a81",67,"experience",10,10,22.2,5.9464274989274,13,31,-0.125669583629514,0
"66a02d45a7db35d93c9f6a81",68,"experience",2,2,25,4,21,29,0,0
"66a02d45a7db35d93c9f6a81",69,"experience",2,2,22,4,18,26,0,0
"66a02d45a7db35d93c9f6a81",70,"experience",2,2,18,4,14,22,0,0
"66a02d45a7db35d93c9f6a81",71,"experience",10,10,25.2,5.9464274989274,16,34,-0.125669583629514,0
"66a02d45a7db35d93c9f6a81",72,"experience",10,10,18.2,5.9464274989274,9,27,-0.125669583629514,0
"66a02d45a7db35d93c9f6a81",73,"experience",10,10,36.2,5.9464274989274,27,45,-0.125669583629516,0
"66a02d45a7db35d93c9f6a81",74,"experience",10,10,19.2,5.9464274989274,10,28,-0.125669583629514,0
"66a02d45a7db35d93c9f6a81",75,"experience",20,20,14.5,5.5,6,25,0.398497370398196,0
"66a02d45a7db35d93c9f6a81",76,"experience",2,2,24,4,20,28,0,0
"66a02d45a7db35d93c9f6a81",77,"experience",20,20,23.5,5.5,15,34,0.398497370398196,0
"66a02d45a7db35d93c9f6a81",78,"experience",20,20,21.5,5.5,13,32,0.398497370398196,0
"66a02d45a7db35d93c9f6a81",79,"experience",10,10,14.2,5.9464274989274,5,23,-0.125669583629514,0
"66a02d45a7db35d93c9f6a81",80,"experience",2,2,24,4,20,28,0,0
"66a02d45a7db35d93c9f6a81",81,"experience",20,20,13.5,5.5,5,24,0.398497370398196,0
"66a02d45a7db35d93c9f6a81",82,"experience",20,20,24.5,5.5,16,35,0.398497370398196,0
"66a02d45a7db35d93c9f6a81",83,"experience",2,2,30,4,26,34,0,0
"66a02d45a7db35d93c9f6a81",84,"experience",2,2,24,4,20,28,0,0
"66a02d45a7db35d93c9f6a81",85,"experience",2,2,28,4,24,32,0,0
"66a02d45a7db35d93c9f6a81",86,"experience",10,10,15.2,5.9464274989274,6,24,-0.125669583629514,0
"66a02d45a7db35d93c9f6a81",87,"experience",20,20,15.5,5.5,7,26,0.398497370398196,0
"66a02d45a7db35d93c9f6a81",88,"experience",20,20,33.5,5.5,25,44,0.398497370398196,0
"66a02d45a7db35d93c9f6a81",89,"experience",2,2,14,4,10,18,0,0
"66a02d45a7db35d93c9f6a81",90,"experience",20,20,19.5,5.5,11,30,0.398497370398196,0
"66a02d45a7db35d93c9f6a81",91,"experience",20,20,31.5,5.5,23,42,0.398497370398196,0
"66a02d45a7db35d93c9f6a81",92,"experience",10,10,31.2,5.9464274989274,22,40,-0.125669583629514,0
"66a02d45a7db35d93c9f6a81",93,"experience",2,2,36,4,32,40,0,0
"66a02d45a7db35d93c9f6a81",94,"experience",2,2,17,4,13,21,0,0
"66a02d45a7db35d93c9f6a81",95,"experience",20,20,18.5,5.5,10,29,0.398497370398196,0
"66a02d45a7db35d93c9f6a81",96,"experience",10,10,32.2,5.9464274989274,23,41,-0.125669583629516,0
"66a02d45a7db35d93c9f6a81",97,"experience",2,2,22,4,18,26,0,0
"66a02d45a7db35d93c9f6a81",98,"experience",2,2,19,4,15,23,0,0
"66a02d45a7db35d93c9f6a81",99,"experience",2,2,36,4,32,40,0,0
"66a02d45a7db35d93c9f6a81",100,"experience",2,2,25,4,21,29,0,0
"66a02d45a7db35d93c9f6a81",101,"experience",10,10,25.2,5.9464274989274,16,34,-0.125669583629514,0
"66a02d45a7db35d93c9f6a81",102,"experience",10,10,28.2,5.9464274989274,19,37,-0.125669583629514,0
"66a02d45a7db35d93c9f6a81",103,"experience",20,20,29.5,5.5,21,40,0.398497370398196,0
"66a02d45a7db35d93c9f6a81",104,"experience",20,20,30.5,5.5,22,41,0.398497370398196,0
"66a02d45a7db35d93c9f6a81",105,"experience",10,10,22.2,5.9464274989274,13,31,-0.125669583629514,0
"66a02d45a7db35d93c9f6a81",106,"experience",20,20,24.5,5.5,16,35,0.398497370398196,0
"66a02d45a7db35d93c9f6a81",107,"experience",10,10,18.2,5.9464274989274,9,27,-0.125669583629514,0
"66a02d45a7db35d93c9f6a81",108,"experience",2,2,32,4,28,36,0,0
"6475e3b08c14ba10d9e6f70f",1,"experience",6,6,8.5,4.57347424467075,1,16,0,1
"6475e3b08c14ba10d9e6f70f",2,"experience",4,4,9,6.08276253029822,2,16,0,0
"6475e3b08c14ba10d9e6f70f",3,"experience",10,10,10.1,6.20403094769844,1,20,0.27618882566334,1
"6475e3b08c14ba10d9e6f70f",4,"experience",9,9,10.5555555555556,7.04132423011327,1,20,0.0374771676839321,1
"6475e3b08c14ba10d9e6f70f",5,"experience",6,6,40.5,6.29152869605896,29,48,-0.722776393581599,0
"6475e3b08c14ba10d9e6f70f",6,"experience",12,12,38.8333333333333,6.42693982821961,29,48,-0.229817475886136,0
"6475e3b08c14ba10d9e6f70f",7,"experience",2,2,15.5,4.5,11,20,0,0
"6475e3b08c14ba10d9e6f70f",8,"experience",11,11,11.1818181818182,6.5061953945756,1,20,-0.200047979149639,1
"6475e3b08c14ba10d9e6f70f",9,"experience",2,2,13.5,4.5,9,18,0,0
"6475e3b08c14ba10d9e6f70f",10,"experience",10,10,37.8,6.30555310817378,29,48,0.108747682233524,0
"6475e3b08c14ba10d9e6f70f",11,"experience",6,6,12.6666666666667,5.43650214343336,3,20,-0.527392033361504,0
"6475e3b08c14ba10d9e6f70f",12,"experience",8,8,36.5,6.22494979899437,29,47,0.391763750096961,0
"6475e3b08c14ba10d9e6f70f",13,"experience",2,2,27,4,23,31,0,0
"6475e3b08c14ba10d9e6f70f",14,"experience",20,20,26.5,5.5,18,37,0.398497370398196,0
"6475e3b08c14ba10d9e6f70f",15,"experience",10,10,21.2,5.9464274989274,12,30,-0.125669583629514,0
"6475e3b08c14ba10d9e6f70f",16,"experience",10,10,29.2,5.9464274989274,20,38,-0.125669583629514,0
"6475e3b08c14ba10d9e6f70f",17,"experience",20,20,26.5,5.5,18,37,0.398497370398196,0
"6475e3b08c14ba10d9e6f70f",18,"experience",2,2,20,4,16,24,0,0
"6475e3b08c14ba10d9e6f70f",19,"experience",20,20,17.5,5.5,9,28,0.398497370398196,0
"6475e3b08c14ba10d9e6f70f",20,"experience",2,2,15,4,11,19,0,0
"67ee52fbbc516336cfa87256",1,"experience",9,9,37.5555555555556,5.37713494780572,30,45,0.0226929328564055,0
"67ee52fbbc516336cfa87256",2,"experience",10,10,39.2,6.49307323229917,29,48,-0.0785540079016797,0
"67ee52fbbc516336cfa87256",3,"experience",12,12,40,4.02077936060494,33,46,-0.161532001095618,0
"67ee52fbbc516336cfa87256",4,"experience",2,2,40,2,38,42,0,0
"67ee52fbbc516336cfa87256",5,"experience",7,7,11.4285714285714,3.88613443106727,5,16,-0.470934771449277,0
"67ee52fbbc516336cfa87256",6,"experience",11,11,39.9090909090909,5.71210111723819,30,48,-0.344909423281527,0
"67ee52fbbc516336cfa87256",7,"experience",4,4,37.75,1.92028643696715,35,40,-0.278030555653963,0
"67ee52fbbc516336cfa87256",8,"experience",12,12,37.3333333333333,5.60257877132387,29,46,0.1160443287211,0
"67ee52fbbc516336cfa87256",9,"experience",8,8,42.625,3.7059917700934,37,48,-0.0711420568336722,0
"67ee52fbbc516336cfa87256",10,"experience",6,6,8.16666666666667,5.98377435700541,1,18,0.351264543562724,1
"67ee52fbbc516336cfa87256",11,"experience",7,7,10,5.55492059863531,3,20,0.465053151969083,0
"67ee52fbbc516336cfa87256",12,"experience",9,9,10.8888888888889,4.45831169949753,1,17,-0.829244944129758,1
"67ee52fbbc516336cfa87256",13,"experience",10,10,14.2,5.9464274989274,5,23,-0.125669583629514,0
"67ee52fbbc516336cfa87256",14,"experience",10,10,26.2,5.9464274989274,17,35,-0.125669583629514,0
"67ee52fbbc516336cfa87256",15,"experience",20,20,27.5,5.5,19,38,0.398497370398196,0
"67ee52fbbc516336cfa87256",16,"experience",20,20,32.5,5.5,24,43,0.398497370398196,0
"67ee52fbbc516336cfa87256",17,"experience",10,10,19.2,5.9464274989274,10,28,-0.125669583629514,0
"67ee52fbbc516336cfa87256",18,"experience",20,20,17.5,5.5,9,28,0.398497370398196,0
"59296fb2e8a7ff000163f033",1,"experience",5,5,12.6,6.08604962188118,2,19,-0.687973529112118,0
"59296fb2e8a7ff000163f033",2,"experience",9,9,37.7777777777778,6.28539361054709,29,48,0.207237529604938,0
"59296fb2e8a7ff000163f033",3,"experience",8,8,36.125,5.98826978350174,29,48,0.598064662832432,0
"59296fb2e8a7ff000163f033",4,"experience",10,10,8.4,4.43170396123207,1,15,-0.294489808234319,1
"59296fb2e8a7ff000163f033",5,"experience",5,5,40.2,6.79411510058521,31,47,-0.374674339714308,0
"59296fb2e8a7ff000163f033",6,"experience",11,11,11.0909090909091,6.22976061782248,2,20,0.0851883636399218,0
"59296fb2e8a7ff000163f033",7,"experience",4,4,37,5.61248608016091,30,43,-0.0933293225725926,0
"59296fb2e8a7ff000163f033",8,"experience",6,6,33.1666666666667,3.67045259092421,29,39,0.473737658244061,0
"59296fb2e8a7ff000163f033",9,"experience",3,3,40.6666666666667,2.49443825784929,38,44,0.381801774160609,0
"59296fb2e8a7ff000163f033",10,"experience",3,3,37,4.32049379893857,33,43,0.595170064139497,0
"59296fb2e8a7ff000163f033",11,"experience",7,7,38.1428571428571,6.15115718331742,31,47,0.288163363192454,0
"59296fb2e8a7ff000163f033",12,"experience",11,11,9.63636363636364,6.55428697006398,1,20,0.271869256568451,1
"59296fb2e8a7ff000163f033",13,"experience",2,2,35,4,31,39,0,0
"59296fb2e8a7ff000163f033",14,"experience",10,10,25.2,5.9464274989274,16,34,-0.125669583629514,0
"59296fb2e8a7ff000163f033",15,"experience",20,20,16.5,5.5,8,27,0.398497370398196,0
"59296fb2e8a7ff000163f033",16,"experience",2,2,22,4,18,26,0,0
"59296fb2e8a7ff000163f033",17,"experience",2,2,28,4,24,32,0,0
"59296fb2e8a7ff000163f033",18,"experience",2,2,22,4,18,26,0,0
"59296fb2e8a7ff000163f033",19,"experience",10,10,22.2,5.9464274989274,13,31,-0.125669583629514,0
"59296fb2e8a7ff000163f033",20,"experience",10,10,25.2,5.9464274989274,16,34,-0.125669583629514,0
"59296fb2e8a7ff000163f033",21,"experience",2,2,22,4,18,26,0,0
"59296fb2e8a7ff000163f033",22,"experience",2,2,17,4,13,21,0,0
"59296fb2e8a7ff000163f033",23,"experience",2,2,35,4,31,39,0,0
"59296fb2e8a7ff000163f033",24,"experience",10,10,17.2,5.9464274989274,8,26,-0.125669583629514,0
"59296fb2e8a7ff000163f033",25,"experience",10,10,33.2,5.9464274989274,24,42,-0.125669583629516,0
"59296fb2e8a7ff000163f033",26,"experience",2,2,22,4,18,26,0,0
"59296fb2e8a7ff000163f033",27,"experience",2,2,19,4,15,23,0,0
"59296fb2e8a7ff000163f033",28,"experience",20,20,21.5,5.5,13,32,0.398497370398196,0
"59296fb2e8a7ff000163f033",29,"experience",20,20,31.5,5.5,23,42,0.398497370398196,0
"59296fb2e8a7ff000163f033",30,"experience",10,10,14.2,5.9464274989274,5,23,-0.125669583629514,0
"59296fb2e8a7ff000163f033",31,"experience",20,20,21.5,5.5,13,32,0.398497370398196,0
"59296fb2e8a7ff000163f033",32,"experience",20,20,14.5,5.5,6,25,0.398497370398196,0
"59296fb2e8a7ff000163f033",33,"experience",20,20,15.5,5.5,7,26,0.398497370398196,0
"59296fb2e8a7ff000163f033",34,"experience",10,10,32.2,5.9464274989274,23,41,-0.125669583629516,0
"59296fb2e8a7ff000163f033",35,"experience",2,2,23,4,19,27,0,0
"59296fb2e8a7ff000163f033",36,"experience",10,10,32.2,5.9464274989274,23,41,-0.125669583629516,0
"59296fb2e8a7ff000163f033",37,"experience",10,10,33.2,5.9464274989274,24,42,-0.125669583629516,0
"59296fb2e8a7ff000163f033",38,"experience",20,20,34.5,5.5,26,45,0.398497370398196,0
"59296fb2e8a7ff000163f033",39,"experience",2,2,23,4,19,27,0,0
"59296fb2e8a7ff000163f033",40,"experience",20,20,13.5,5.5,5,24,0.398497370398196,0
"59296fb2e8a7ff000163f033",41,"experience",10,10,22.2,5.9464274989274,13,31,-0.125669583629514,0
"59296fb2e8a7ff000163f033",42,"experience",20,20,22.5,5.5,14,33,0.398497370398196,0
"59296fb2e8a7ff000163f033",43,"experience",20,20,26.5,5.5,18,37,0.398497370398196,0
"59296fb2e8a7ff000163f033",44,"experience",20,20,30.5,5.5,22,41,0.398497370398196,0
"59296fb2e8a7ff000163f033",45,"experience",10,10,18.2,5.9464274989274,9,27,-0.125669583629514,0
"59296fb2e8a7ff000163f033",46,"experience",10,10,14.2,5.9464274989274,5,23,-0.125669583629514,0
"59296fb2e8a7ff000163f033",47,"experience",20,20,19.5,5.5,11,30,0.398497370398196,0
"59296fb2e8a7ff000163f033",48,"experience",2,2,29,4,25,33,0,0
"59296fb2e8a7ff000163f033",49,"experience",2,2,35,4,31,39,0,0
"59296fb2e8a7ff000163f033",50,"experience",10,10,33.2,5.9464274989274,24,42,-0.125669583629516,0
"59296fb2e8a7ff000163f033",51,"experience",2,2,29,4,25,33,0,0
"59296fb2e8a7ff000163f033",52,"experience",10,10,17.2,5.9464274989274,8,26,-0.125669583629514,0
"59296fb2e8a7ff000163f033",53,"experience",20,20,16.5,5.5,8,27,0.398497370398196,0
"59296fb2e8a7ff000163f033",54,"experience",2,2,24,4,20,28,0,0
"59296fb2e8a7ff000163f033",55,"experience",2,2,30,4,26,34,0,0
"59296fb2e8a7ff000163f033",56,"experience",10,10,18.2,5.9464274989274,9,27,-0.125669583629514,0
"59296fb2e8a7ff000163f033",57,"experience",10,10,26.2,5.9464274989274,17,35,-0.125669583629514,0
"59296fb2e8a7ff000163f033",58,"experience",20,20,25.5,5.5,17,36,0.398497370398196,0
"59296fb2e8a7ff000163f033",59,"experience",20,20,29.5,5.5,21,40,0.398497370398196,0
"59296fb2e8a7ff000163f033",60,"experience",20,20,23.5,5.5,15,34,0.398497370398196,0
"59296fb2e8a7ff000163f033",61,"experience",20,20,18.5,5.5,10,29,0.398497370398196,0
"59296fb2e8a7ff000163f033",62,"experience",2,2,18,4,14,22,0,0
"59296fb2e8a7ff000163f033",63,"experience",20,20,12.5,5.5,4,23,0.398497370398196,0
"59296fb2e8a7ff000163f033",64,"experience",2,2,27,4,23,31,0,0
"59296fb2e8a7ff000163f033",65,"experience",10,10,27.2,5.9464274989274,18,36,-0.125669583629514,0
"59296fb2e8a7ff000163f033",66,"experience",10,10,35.2,5.9464274989274,26,44,-0.125669583629516,0
"59296fb2e8a7ff000163f033",67,"experience",2,2,36,4,32,40,0,0
"59296fb2e8a7ff000163f033",68,"experience",10,10,21.2,5.9464274989274,12,30,-0.125669583629514,0
"59296fb2e8a7ff000163f033",69,"experience",2,2,28,4,24,32,0,0
"59296fb2e8a7ff000163f033",70,"experience",20,20,25.5,5.5,17,36,0.398497370398196,0
"59296fb2e8a7ff000163f033",71,"experience",2,2,19,4,15,23,0,0
"59296fb2e8a7ff000163f033",72,"experience",10,10,19.2,5.9464274989274,10,28,-0.125669583629514,0
"59296fb2e8a7ff000163f033",73,"experience",10,10,34.2,5.9464274989274,25,43,-0.125669583629516,0
"59296fb2e8a7ff000163f033",74,"experience",10,10,24.2,5.9464274989274,15,33,-0.125669583629514,0
"59296fb2e8a7ff000163f033",75,"experience",20,20,30.5,5.5,22,41,0.398497370398196,0
"59296fb2e8a7ff000163f033",76,"experience",20,20,27.5,5.5,19,38,0.398497370398196,0
"59296fb2e8a7ff000163f033",77,"experience",20,20,28.5,5.5,20,39,0.398497370398196,0
"59296fb2e8a7ff000163f033",78,"experience",20,20,13.5,5.5,5,24,0.398497370398196,0
"59296fb2e8a7ff000163f033",79,"experience",20,20,30.5,5.5,22,41,0.398497370398196,0
"59296fb2e8a7ff000163f033",80,"experience",20,20,15.5,5.5,7,26,0.398497370398196,0
"59296fb2e8a7ff000163f033",81,"experience",10,10,24.2,5.9464274989274,15,33,-0.125669583629514,0
"59296fb2e8a7ff000163f033",82,"experience",2,2,28,4,24,32,0,0
"59296fb2e8a7ff000163f033",83,"experience",2,2,16,4,12,20,0,0
"59296fb2e8a7ff000163f033",84,"experience",10,10,25.2,5.9464274989274,16,34,-0.125669583629514,0
"59296fb2e8a7ff000163f033",85,"experience",20,20,28.5,5.5,20,39,0.398497370398196,0
"59296fb2e8a7ff000163f033",86,"experience",10,10,15.2,5.9464274989274,6,24,-0.125669583629514,0
"59296fb2e8a7ff000163f033",87,"experience",20,20,16.5,5.5,8,27,0.398497370398196,0
"59296fb2e8a7ff000163f033",88,"experience",20,20,32.5,5.5,24,43,0.398497370398196,0
"59296fb2e8a7ff000163f033",89,"experience",10,10,21.2,5.9464274989274,12,30,-0.125669583629514,0
"59296fb2e8a7ff000163f033",90,"experience",20,20,23.5,5.5,15,34,0.398497370398196,0
"59296fb2e8a7ff000163f033",91,"experience",10,10,16.2,5.9464274989274,7,25,-0.125669583629514,0
"59296fb2e8a7ff000163f033",92,"experience",2,2,15,4,11,19,0,0
"59296fb2e8a7ff000163f033",93,"experience",2,2,22,4,18,26,0,0
"59296fb2e8a7ff000163f033",94,"experience",10,10,19.2,5.9464274989274,10,28,-0.125669583629514,0
"59296fb2e8a7ff000163f033",95,"experience",10,10,17.2,5.9464274989274,8,26,-0.125669583629514,0
"59296fb2e8a7ff000163f033",96,"experience",2,2,30,4,26,34,0,0
"59296fb2e8a7ff000163f033",97,"experience",10,10,17.2,5.9464274989274,8,26,-0.125669583629514,0
"59296fb2e8a7ff000163f033",98,"experience",20,20,15.5,5.5,7,26,0.398497370398196,0
"59296fb2e8a7ff000163f033",99,"experience",10,10,17.2,5.9464274989274,8,26,-0.125669583629514,0
"59296fb2e8a7ff000163f033",100,"experience",2,2,30,4,26,34,0,0
"59296fb2e8a7ff000163f033",101,"experience",20,20,24.5,5.5,16,35,0.398497370398196,0
"59296fb2e8a7ff000163f033",102,"experience",10,10,29.2,5.9464274989274,20,38,-0.125669583629514,0
"59296fb2e8a7ff000163f033",103,"experience",20,20,32.5,5.5,24,43,0.398497370398196,0
"59296fb2e8a7ff000163f033",104,"experience",2,2,23,4,19,27,0,0
"59296fb2e8a7ff000163f033",105,"experience",2,2,18,4,14,22,0,0
"59296fb2e8a7ff000163f033",106,"experience",2,2,24,4,20,28,0,0
"59296fb2e8a7ff000163f033",107,"experience",2,2,20,4,16,24,0,0
"59296fb2e8a7ff000163f033",108,"experience",2,2,23,4,19,27,0,0
"64f9db6943940e98c173b596",1,"experience",4,4,38.25,7.29297607290741,29,48,0.0717816372080182,0
"64f9db6943940e98c173b596",2,"experience",8,8,39.5,6.557438524302,30,48,-0.251356655170311,0
"64f9db6943940e98c173b596",3,"experience",6,6,36.1666666666667,3.89087250997625,32,44,1.06262967093435,0
"64f9db6943940e98c173b596",4,"experience",5,5,11,5.47722557505166,3,20,0.255603860169078,0
"64f9db6943940e98c173b596",5,"experience",7,7,38.5714285714286,5.62791874388349,31,47,0.0774266872703386,0
"64f9db6943940e98c173b596",6,"experience",8,8,40.25,4.6837484987988,34,47,0.141423725582841,0
"64f9db6943940e98c173b596",7,"experience",5,5,11.6,6.88767014308903,2,20,-0.278523952676464,0
"64f9db6943940e98c173b596",8,"experience",2,2,9.5,4.5,5,14,0,0
"64f9db6943940e98c173b596",9,"experience",3,3,9,0.816496580927726,8,10,0,0
"64f9db6943940e98c173b596",10,"experience",3,3,10,7.34846922834953,1,19,0,1
"64f9db6943940e98c173b596",11,"experience",12,12,38.6666666666667,6.16891850777392,29,48,-0.0287131291405566,0
"64f9db6943940e98c173b596",12,"experience",3,3,37.3333333333333,2.62466929133727,35,41,0.630903856710621,0
"64f9db6943940e98c173b596",13,"experience",2,2,27,4,23,31,0,0
"64f9db6943940e98c173b596",14,"experience",2,2,17,4,13,21,0,0
"64f9db6943940e98c173b596",15,"experience",20,20,21.5,5.5,13,32,0.398497370398196,0
"64f9db6943940e98c173b596",16,"experience",2,2,20,4,16,24,0,0
"64f9db6943940e98c173b596",17,"experience",10,10,32.2,5.9464274989274,23,41,-0.125669583629516,0
"64f9db6943940e98c173b596",18,"experience",20,20,30.5,5.5,22,41,0.398497370398196,0
"64f9db6943940e98c173b596",19,"experience",20,20,21.5,5.5,13,32,0.398497370398196,0
"64f9db6943940e98c173b596",20,"experience",10,10,28.2,5.9464274989274,19,37,-0.125669583629514,0
"64f9db6943940e98c173b596",21,"experience",20,20,24.5,5.5,16,35,0.398497370398196,0
"64f9db6943940e98c173b596",22,"experience",20,20,18.5,5.5,10,29,0.398497370398196,0
"64f9db6943940e98c173b596",23,"experience",2,2,28,4,24,32,0,0
"64f9db6943940e98c173b596",24,"experience",10,10,36.2,5.9464274989274,27,45,-0.125669583629516,0
"64f9db6943940e98c173b596",25,"experience",2,2,18,4,14,22,0,0
"64f9db6943940e98c173b596",26,"experience",2,2,20,4,16,24,0,0
"64f9db6943940e98c173b596",27,"experience",2,2,28,4,24,32,0,0
"64f9db6943940e98c173b596",28,"experience",10,10,17.2,5.9464274989274,8,26,-0.125669583629514,0
"64f9db6943940e98c173b596",29,"experience",10,10,33.2,5.9464274989274,24,42,-0.125669583629516,0
"64f9db6943940e98c173b596",30,"experience",2,2,25,4,21,29,0,0
"64f9db6943940e98c173b596",31,"experience",2,2,20,4,16,24,0,0
"64f9db6943940e98c173b596",32,"experience",20,20,27.5,5.5,19,38,0.398497370398196,0
"64f9db6943940e98c173b596",33,"experience",2,2,20,4,16,24,0,0
"64f9db6943940e98c173b596",34,"experience",20,20,14.5,5.5,6,25,0.398497370398196,0
"64f9db6943940e98c173b596",35,"experience",2,2,20,4,16,24,0,0
"64f9db6943940e98c173b596",36,"experience",2,2,18,4,14,22,0,0
"64f9db6943940e98c173b596",37,"experience",20,20,32.5,5.5,24,43,0.398497370398196,0
"64f9db6943940e98c173b596",38,"experience",10,10,20.2,5.9464274989274,11,29,-0.125669583629514,0
"64f9db6943940e98c173b596",39,"experience",20,20,14.5,5.5,6,25,0.398497370398196,0
"64f9db6943940e98c173b596",40,"experience",10,10,29.2,5.9464274989274,20,38,-0.125669583629514,0
"64f9db6943940e98c173b596",41,"experience",20,20,19.5,5.5,11,30,0.398497370398196,0
"64f9db6943940e98c173b596",42,"experience",10,10,29.2,5.9464274989274,20,38,-0.125669583629514,0
"64f9db6943940e98c173b596",43,"experience",20,20,12.5,5.5,4,23,0.398497370398196,0
"64f9db6943940e98c173b596",44,"experience",10,10,18.2,5.9464274989274,9,27,-0.125669583629514,0
"64f9db6943940e98c173b596",45,"experience",2,2,33,4,29,37,0,0
"64f9db6943940e98c173b596",46,"experience",2,2,17,4,13,21,0,0
"64f9db6943940e98c173b596",47,"experience",2,2,27,4,23,31,0,0
"64f9db6943940e98c173b596",48,"experience",2,2,19,4,15,23,0,0
"64f9db6943940e98c173b596",49,"experience",20,20,16.5,5.5,8,27,0.398497370398196,0
"64f9db6943940e98c173b596",50,"experience",10,10,34.2,5.9464274989274,25,43,-0.125669583629516,0
"64f9db6943940e98c173b596",51,"experience",10,10,29.2,5.9464274989274,20,38,-0.125669583629514,0
"64f9db6943940e98c173b596",52,"experience",10,10,28.2,5.9464274989274,19,37,-0.125669583629514,0
"64f9db6943940e98c173b596",53,"experience",20,20,28.5,5.5,20,39,0.398497370398196,0
"64f9db6943940e98c173b596",54,"experience",20,20,24.5,5.5,16,35,0.398497370398196,0
"64f9db6943940e98c173b596",55,"experience",10,10,14.2,5.9464274989274,5,23,-0.125669583629514,0
"64f9db6943940e98c173b596",56,"experience",20,20,19.5,5.5,11,30,0.398497370398196,0
"64f9db6943940e98c173b596",57,"experience",10,10,22.2,5.9464274989274,13,31,-0.125669583629514,0
"64f9db6943940e98c173b596",58,"experience",10,10,28.2,5.9464274989274,19,37,-0.125669583629514,0
"64f9db6943940e98c173b596",59,"experience",20,20,23.5,5.5,15,34,0.398497370398196,0
"64f9db6943940e98c173b596",60,"experience",10,10,35.2,5.9464274989274,26,44,-0.125669583629516,0
"64f9db6943940e98c173b596",61,"experience",10,10,28.2,5.9464274989274,19,37,-0.125669583629514,0
"64f9db6943940e98c173b596",62,"experience",20,20,21.5,5.5,13,32,0.398497370398196,0
"64f9db6943940e98c173b596",63,"experience",2,2,35,4,31,39,0,0
"64f9db6943940e98c173b596",64,"experience",20,20,13.5,5.5,5,24,0.398497370398196,0
"64f9db6943940e98c173b596",65,"experience",20,20,33.5,5.5,25,44,0.398497370398196,0
"64f9db6943940e98c173b596",66,"experience",10,10,29.2,5.9464274989274,20,38,-0.125669583629514,0
"64f9db6943940e98c173b596",67,"experience",2,2,35,4,31,39,0,0
"64f9db6943940e98c173b596",68,"experience",20,20,27.5,5.5,19,38,0.398497370398196,0
"64f9db6943940e98c173b596",69,"experience",10,10,27.2,5.9464274989274,18,36,-0.125669583629514,0
"64f9db6943940e98c173b596",70,"experience",10,10,16.2,5.9464274989274,7,25,-0.125669583629514,0
"64f9db6943940e98c173b596",71,"experience",10,10,18.2,5.9464274989274,9,27,-0.125669583629514,0
"64f9db6943940e98c173b596",72,"experience",20,20,17.5,5.5,9,28,0.398497370398196,0
"64f9db6943940e98c173b596",73,"experience",10,10,26.2,5.9464274989274,17,35,-0.125669583629514,0
"64f9db6943940e98c173b596",74,"experience",20,20,23.5,5.5,15,34,0.398497370398196,0
"64f9db6943940e98c173b596",75,"experience",2,2,25,4,21,29,0,0
"64f9db6943940e98c173b596",76,"experience",20,20,25.5,5.5,17,36,0.398497370398196,0
"64f9db6943940e98c173b596",77,"experience",2,2,32,4,28,36,0,0
"64f9db6943940e98c173b596",78,"experience",20,20,16.5,5.5,8,27,0.398497370398196,0
"64f9db6943940e98c173b596",79,"experience",2,2,24,4,20,28,0,0
"64f9db6943940e98c173b596",80,"experience",10,10,22.2,5.9464274989274,13,31,-0.125669583629514,0
"64f9db6943940e98c173b596",81,"experience",2,2,32,4,28,36,0,0
"64f9db6943940e98c173b596",82,"experience",2,2,15,4,11,19,0,0
"64f9db6943940e98c173b596",83,"experience",2,2,28,4,24,32,0,0
"64f9db6943940e98c173b596",84,"experience",2,2,22,4,18,26,0,0
"64f9db6943940e98c173b596",85,"experience",10,10,14.2,5.9464274989274,5,23,-0.125669583629514,0
"64f9db6943940e98c173b596",86,"experience",20,20,18.5,5.5,10,29,0.398497370398196,0
"64f9db6943940e98c173b596",87,"experience",10,10,29.2,5.9464274989274,20,38,-0.125669583629514,0
"64f9db6943940e98c173b596",88,"experience",20,20,33.5,5.5,25,44,0.398497370398196,0
"64f9db6943940e98c173b596",89,"experience",20,20,32.5,5.5,24,43,0.398497370398196,0
"64f9db6943940e98c173b596",90,"experience",10,10,24.2,5.9464274989274,15,33,-0.125669583629514,0
"64f9db6943940e98c173b596",91,"experience",2,2,24,4,20,28,0,0
"64f9db6943940e98c173b596",92,"experience",20,20,30.5,5.5,22,41,0.398497370398196,0
"64f9db6943940e98c173b596",93,"experience",2,2,36,4,32,40,0,0
"64f9db6943940e98c173b596",94,"experience",20,20,26.5,5.5,18,37,0.398497370398196,0
"64f9db6943940e98c173b596",95,"experience",10,10,33.2,5.9464274989274,24,42,-0.125669583629516,0
"64f9db6943940e98c173b596",96,"experience",10,10,28.2,5.9464274989274,19,37,-0.125669583629514,0
"64f9db6943940e98c173b596",97,"experience",10,10,32.2,5.9464274989274,23,41,-0.125669583629516,0
"64f9db6943940e98c173b596",98,"experience",2,2,35,4,31,39,0,0
"64f9db6943940e98c173b596",99,"experience",20,20,12.5,5.5,4,23,0.398497370398196,0
"64f9db6943940e98c173b596",100,"experience",2,2,30,4,26,34,0,0
"64f9db6943940e98c173b596",101,"experience",10,10,26.2,5.9464274989274,17,35,-0.125669583629514,0
"64f9db6943940e98c173b596",102,"experience",20,20,25.5,5.5,17,36,0.398497370398196,0
"64f9db6943940e98c173b596",103,"experience",2,2,32,4,28,36,0,0
"64f9db6943940e98c173b596",104,"experience",10,10,18.2,5.9464274989274,9,27,-0.125669583629514,0
"64f9db6943940e98c173b596",105,"experience",2,2,24,4,20,28,0,0
"64f9db6943940e98c173b596",106,"experience",10,10,30.2,5.9464274989274,21,39,-0.125669583629514,0
"64f9db6943940e98c173b596",107,"experience",20,20,20.5,5.5,12,31,0.398497370398196,0
"64f9db6943940e98c173b596",108,"experience",2,2,22,4,18,26,0,0
"65465ac216a26bebcc8d8b02",1,"experience",4,4,40.5,7.0178344238091,33,48,0,0
"65465ac216a26bebcc8d8b02",2,"experience",4,4,11.75,5.49431524395898,3,18,-0.624586844085199,0
"65465ac216a26bebcc8d8b02",3,"experience",12,12,8.25,5.4638966559285,1,18,0.428173829941146,1
"65465ac216a26bebcc8d8b02",4,"experience",10,10,36.7,5.96741149913428,29,48,0.375417312434312,0
"65465ac216a26bebcc8d8b02",5,"experience",7,7,11.1428571428571,5.51435973303394,3,20,0.107137693223137,0
"65465ac216a26bebcc8d8b02",6,"experience",12,12,11.3333333333333,5.0055524725604,3,20,-0.0698411409832128,0
"65465ac216a26bebcc8d8b02",7,"experience",7,7,9.85714285714286,4.54905237945447,1,15,-0.735850355137414,1
"65465ac216a26bebcc8d8b02",8,"experience",8,8,13.5,4.94974746830583,5,20,-0.411276393139114,0
"65465ac216a26bebcc8d8b02",9,"experience",8,8,37.25,6.21992765231236,29,48,0.425829200193803,0
"65465ac216a26bebcc8d8b02",10,"experience",12,12,10.75,5.53962995154008,1,19,-0.121876868201843,1
"65465ac216a26bebcc8d8b02",11,"experience",2,2,16.5,0.5,16,17,0,0
"65465ac216a26bebcc8d8b02",12,"experience",8,8,11.5,6.14410286372225,1,20,-0.342761231641363,1
"65465ac216a26bebcc8d8b02",13,"experience",2,2,21,4,17,25,0,0
"65465ac216a26bebcc8d8b02",14,"experience",20,20,13.5,5.5,5,24,0.398497370398196,0
"65465ac216a26bebcc8d8b02",15,"experience",20,20,33.5,5.5,25,44,0.398497370398196,0
"65465ac216a26bebcc8d8b02",16,"experience",2,2,36,4,32,40,0,0
"65465ac216a26bebcc8d8b02",17,"experience",10,10,28.2,5.9464274989274,19,37,-0.125669583629514,0
"65465ac216a26bebcc8d8b02",18,"experience",10,10,35.2,5.9464274989274,26,44,-0.125669583629516,0
"65465ac216a26bebcc8d8b02",19,"experience",20,20,26.5,5.5,18,37,0.398497370398196,0
"65465ac216a26bebcc8d8b02",20,"experience",10,10,31.2,5.9464274989274,22,40,-0.125669583629514,0
"65465ac216a26bebcc8d8b02",21,"experience",20,20,28.5,5.5,20,39,0.398497370398196,0
"65465ac216a26bebcc8d8b02",22,"experience",2,2,34,4,30,38,0,0
"65465ac216a26bebcc8d8b02",23,"experience",10,10,29.2,5.9464274989274,20,38,-0.125669583629514,0
"65465ac216a26bebcc8d8b02",24,"experience",20,20,26.5,5.5,18,37,0.398497370398196,0
"65465ac216a26bebcc8d8b02",25,"experience",20,20,26.5,5.5,18,37,0.398497370398196,0
"65465ac216a26bebcc8d8b02",26,"experience",20,20,12.5,5.5,4,23,0.398497370398196,0
"65465ac216a26bebcc8d8b02",27,"experience",10,10,33.2,5.9464274989274,24,42,-0.125669583629516,0
"65465ac216a26bebcc8d8b02",28,"experience",20,20,12.5,5.5,4,23,0.398497370398196,0
"65465ac216a26bebcc8d8b02",29,"experience",20,20,21.5,5.5,13,32,0.398497370398196,0
"65465ac216a26bebcc8d8b02",30,"experience",10,10,29.2,5.9464274989274,20,38,-0.125669583629514,0
"65465ac216a26bebcc8d8b02",31,"experience",20,20,21.5,5.5,13,32,0.398497370398196,0
"65465ac216a26bebcc8d8b02",32,"experience",20,20,20.5,5.5,12,31,0.398497370398196,0
"65465ac216a26bebcc8d8b02",33,"experience",20,20,17.5,5.5,9,28,0.398497370398196,0
"65465ac216a26bebcc8d8b02",34,"experience",20,20,20.5,5.5,12,31,0.398497370398196,0
"65465ac216a26bebcc8d8b02",35,"experience",10,10,22.2,5.9464274989274,13,31,-0.125669583629514,0
"65465ac216a26bebcc8d8b02",36,"experience",20,20,12.5,5.5,4,23,0.398497370398196,0
"65465ac216a26bebcc8d8b02",37,"experience",20,20,16.5,5.5,8,27,0.398497370398196,0
"65465ac216a26bebcc8d8b02",38,"experience",20,20,21.5,5.5,13,32,0.398497370398196,0
"65465ac216a26bebcc8d8b02",39,"experience",10,10,14.2,5.9464274989274,5,23,-0.125669583629514,0
"65465ac216a26bebcc8d8b02",40,"experience",10,10,33.2,5.9464274989274,24,42,-0.125669583629516,0
"65465ac216a26bebcc8d8b02",41,"experience",10,10,27.2,5.9464274989274,18,36,-0.125669583629514,0
"65465ac216a26bebcc8d8b02",42,"experience",10,10,17.2,5.9464274989274,8,26,-0.125669583629514,0
"65465ac216a26bebcc8d8b02",43,"experience",2,2,31,4,27,35,0,0
"65465ac216a26bebcc8d8b02",44,"experience",2,2,28,4,24,32,0,0
"65465ac216a26bebcc8d8b02",45,"experience",2,2,25,4,21,29,0,0
"65465ac216a26bebcc8d8b02",46,"experience",2,2,17,4,13,21,0,0
"65465ac216a26bebcc8d8b02",47,"experience",10,10,36.2,5.9464274989274,27,45,-0.125669583629516,0
"65465ac216a26bebcc8d8b02",48,"experience",2,2,32,4,28,36,0,0
"65465ac216a26bebcc8d8b02",49,"experience",2,2,34,4,30,38,0,0
"65465ac216a26bebcc8d8b02",50,"experience",10,10,25.2,5.9464274989274,16,34,-0.125669583629514,0
"65465ac216a26bebcc8d8b02",51,"experience",2,2,31,4,27,35,0,0
"65465ac216a26bebcc8d8b02",52,"experience",10,10,17.2,5.9464274989274,8,26,-0.125669583629514,0
"65465ac216a26bebcc8d8b02",53,"experience",10,10,18.2,5.9464274989274,9,27,-0.125669583629514,0
"65465ac216a26bebcc8d8b02",54,"experience",10,10,36.2,5.9464274989274,27,45,-0.125669583629516,0
"65465ac216a26bebcc8d8b02",55,"experience",2,2,30,4,26,34,0,0
"65465ac216a26bebcc8d8b02",56,"experience",2,2,33,4,29,37,0,0
"65465ac216a26bebcc8d8b02",57,"experience",2,2,29,4,25,33,0,0
"65465ac216a26bebcc8d8b02",58,"experience",2,2,22,4,18,26,0,0
"65465ac216a26bebcc8d8b02",59,"experience",2,2,21,4,17,25,0,0
"65465ac216a26bebcc8d8b02",60,"experience",2,2,35,4,31,39,0,0
"65465ac216a26bebcc8d8b02",61,"experience",10,10,22.2,5.9464274989274,13,31,-0.125669583629514,0
"65465ac216a26bebcc8d8b02",62,"experience",10,10,14.2,5.9464274989274,5,23,-0.125669583629514,0
"65465ac216a26bebcc8d8b02",63,"experience",20,20,21.5,5.5,13,32,0.398497370398196,0
"65465ac216a26bebcc8d8b02",64,"experience",20,20,30.5,5.5,22,41,0.398497370398196,0
"65465ac216a26bebcc8d8b02",65,"experience",10,10,14.2,5.9464274989274,5,23,-0.125669583629514,0
"65465ac216a26bebcc8d8b02",66,"experience",20,20,27.5,5.5,19,38,0.398497370398196,0
"65465ac216a26bebcc8d8b02",67,"experience",20,20,21.5,5.5,13,32,0.398497370398196,0
"65465ac216a26bebcc8d8b02",68,"experience",2,2,26,4,22,30,0,0
"65465ac216a26bebcc8d8b02",69,"experience",20,20,32.5,5.5,24,43,0.398497370398196,0
"65465ac216a26bebcc8d8b02",70,"experience",20,20,24.5,5.5,16,35,0.398497370398196,0
"65465ac216a26bebcc8d8b02",71,"experience",2,2,23,4,19,27,0,0
"65465ac216a26bebcc8d8b02",72,"experience",20,20,34.5,5.5,26,45,0.398497370398196,0
"65465ac216a26bebcc8d8b02",73,"experience",2,2,17,4,13,21,0,0
"65465ac216a26bebcc8d8b02",74,"experience",20,20,28.5,5.5,20,39,0.398497370398196,0
"65465ac216a26bebcc8d8b02",75,"experience",20,20,21.5,5.5,13,32,0.398497370398196,0
"65465ac216a26bebcc8d8b02",76,"experience",2,2,24,4,20,28,0,0
"65465ac216a26bebcc8d8b02",77,"experience",10,10,19.2,5.9464274989274,10,28,-0.125669583629514,0
"65465ac216a26bebcc8d8b02",78,"experience",20,20,32.5,5.5,24,43,0.398497370398196,0
"65465ac216a26bebcc8d8b02",79,"experience",2,2,19,4,15,23,0,0
"65465ac216a26bebcc8d8b02",80,"experience",20,20,31.5,5.5,23,42,0.398497370398196,0
"65465ac216a26bebcc8d8b02",81,"experience",20,20,20.5,5.5,12,31,0.398497370398196,0
"65465ac216a26bebcc8d8b02",82,"experience",20,20,17.5,5.5,9,28,0.398497370398196,0
"65465ac216a26bebcc8d8b02",83,"experience",20,20,23.5,5.5,15,34,0.398497370398196,0
"65465ac216a26bebcc8d8b02",84,"experience",10,10,14.2,5.9464274989274,5,23,-0.125669583629514,0
"65465ac216a26bebcc8d8b02",85,"experience",20,20,26.5,5.5,18,37,0.398497370398196,0
"65465ac216a26bebcc8d8b02",86,"experience",20,20,34.5,5.5,26,45,0.398497370398196,0
"65465ac216a26bebcc8d8b02",87,"experience",10,10,20.2,5.9464274989274,11,29,-0.125669583629514,0
"65465ac216a26bebcc8d8b02",88,"experience",2,2,17,4,13,21,0,0
"65465ac216a26bebcc8d8b02",89,"experience",2,2,19,4,15,23,0,0
"65465ac216a26bebcc8d8b02",90,"experience",2,2,21,4,17,25,0,0
"65465ac216a26bebcc8d8b02",91,"experience",2,2,22,4,18,26,0,0
"65465ac216a26bebcc8d8b02",92,"experience",2,2,22,4,18,26,0,0
"65465ac216a26bebcc8d8b02",93,"experience",2,2,19,4,15,23,0,0
"65465ac216a26bebcc8d8b02",94,"experience",10,10,27.2,5.9464274989274,18,36,-0.125669583629514,0
"65465ac216a26bebcc8d8b02",95,"experience",10,10,24.2,5.9464274989274,15,33,-0.125669583629514,0
"65465ac216a26bebcc8d8b02",96,"experience",2,2,16,4,12,20,0,0
"65465ac216a26bebcc8d8b02",97,"experience",10,10,27.2,5.9464274989274,18,36,-0.125669583629514,0
"65465ac216a26bebcc8d8b02",98,"experience",10,10,33.2,5.9464274989274,24,42,-0.125669583629516,0
"65465ac216a26bebcc8d8b02",99,"experience",2,2,20,4,16,24,0,0
"65465ac216a26bebcc8d8b02",100,"experience",2,2,17,4,13,21,0,0
"65465ac216a26bebcc8d8b02",101,"experience",2,2,17,4,13,21,0,0
"65465ac216a26bebcc8d8b02",102,"experience",2,2,26,4,22,30,0,0
"65465ac216a26bebcc8d8b02",103,"experience",10,10,36.2,5.9464274989274,27,45,-0.125669583629516,0
"65465ac216a26bebcc8d8b02",104,"experience",10,10,30.2,5.9464274989274,21,39,-0.125669583629514,0
"65465ac216a26bebcc8d8b02",105,"experience",10,10,31.2,5.9464274989274,22,40,-0.125669583629514,0
"65465ac216a26bebcc8d8b02",106,"experience",10,10,31.2,5.9464274989274,22,40,-0.125669583629514,0
"65465ac216a26bebcc8d8b02",107,"experience",10,10,35.2,5.9464274989274,26,44,-0.125669583629516,0
"65465ac216a26bebcc8d8b02",108,"experience",10,10,15.2,5.9464274989274,6,24,-0.125669583629514,0
"5e8a1827052175000938eb91",1,"experience",12,12,13.0833333333333,5.21948805492987,2,20,-0.616956508791461,0
"5e8a1827052175000938eb91",2,"experience",2,2,38.5,3.5,35,42,0,0
"5e8a1827052175000938eb91",3,"experience",12,12,9.91666666666667,5.69295373441786,1,20,0.195221137027586,1
"5e8a1827052175000938eb91",4,"experience",4,4,37.5,6.34428877022476,29,45,-0.140978755898671,0
"5e8a1827052175000938eb91",5,"experience",7,7,35.8571428571429,5.27605294646268,29,46,0.652218531651156,0
"5e8a1827052175000938eb91",6,"experience",8,8,10.875,7.2876179235742,1,20,-0.105820956707912,1
"5e8a1827052175000938eb91",7,"experience",5,5,9.2,6.11228271597445,2,20,0.743474360229137,0
"5e8a1827052175000938eb91",8,"experience",9,9,7.55555555555556,6.0205409707307,1,18,0.656685637481314,1
"5e8a1827052175000938eb91",9,"experience",7,7,39.2857142857143,5.49582401762038,29,48,-0.350599649962639,0
"5e8a1827052175000938eb91",10,"experience",8,8,40.25,5.69539287494726,31,48,-0.114178078952466,0
"5e8a1827052175000938eb91",11,"experience",4,4,8.5,5.5,2,17,0.486851990984222,0
"5e8a1827052175000938eb91",12,"experience",8,8,35,5.19615242270663,29,43,0.433012701892219,0
"5e8a1827052175000938eb91",13,"experience",2,2,29,4,25,33,0,0
"5e8a1827052175000938eb91",14,"experience",2,2,35,4,31,39,0,0
"5e8a1827052175000938eb91",15,"experience",2,2,30,4,26,34,0,0
"5e8a1827052175000938eb91",16,"experience",2,2,20,4,16,24,0,0
"5e8a1827052175000938eb91",17,"experience",20,20,15.5,5.5,7,26,0.398497370398196,0
"5e8a1827052175000938eb91",18,"experience",2,2,34,4,30,38,0,0
"5e8a1827052175000938eb91",19,"experience",20,20,20.5,5.5,12,31,0.398497370398196,0
"5e8a1827052175000938eb91",20,"experience",20,20,33.5,5.5,25,44,0.398497370398196,0
"5e8a1827052175000938eb91",21,"experience",2,2,34,4,30,38,0,0
"5e8a1827052175000938eb91",22,"experience",2,2,24,4,20,28,0,0
"5e8a1827052175000938eb91",23,"experience",20,20,12.5,5.5,4,23,0.398497370398196,0
"5e8a1827052175000938eb91",24,"experience",2,2,33,4,29,37,0,0
"5e8a1827052175000938eb91",25,"experience",20,20,26.5,5.5,18,37,0.398497370398196,0
"5e8a1827052175000938eb91",26,"experience",2,2,28,4,24,32,0,0
"5e8a1827052175000938eb91",27,"experience",20,20,23.5,5.5,15,34,0.398497370398196,0
"5e8a1827052175000938eb91",28,"experience",20,20,20.5,5.5,12,31,0.398497370398196,0
"5e8a1827052175000938eb91",29,"experience",2,2,18,4,14,22,0,0
"5e8a1827052175000938eb91",30,"experience",20,20,28.5,5.5,20,39,0.398497370398196,0
"5e8a1827052175000938eb91",31,"experience",2,2,35,4,31,39,0,0
"5e8a1827052175000938eb91",32,"experience",2,2,29,4,25,33,0,0
"5e8a1827052175000938eb91",33,"experience",20,20,20.5,5.5,12,31,0.398497370398196,0
"5e8a1827052175000938eb91",34,"experience",20,20,23.5,5.5,15,34,0.398497370398196,0
"5e8a1827052175000938eb91",35,"experience",2,2,28,4,24,32,0,0
"5e8a1827052175000938eb91",36,"experience",20,20,16.5,5.5,8,27,0.398497370398196,0
"5e8a1827052175000938eb91",37,"experience",2,2,22,4,18,26,0,0
"5e8a1827052175000938eb91",38,"experience",2,2,21,4,17,25,0,0
"5e8a1827052175000938eb91",39,"experience",2,2,31,4,27,35,0,0
"5e8a1827052175000938eb91",40,"experience",10,10,31.2,5.9464274989274,22,40,-0.125669583629514,0
"5e8a1827052175000938eb91",41,"experience",20,20,31.5,5.5,23,42,0.398497370398196,0
"5e8a1827052175000938eb91",42,"experience",10,10,16.2,5.9464274989274,7,25,-0.125669583629514,0
"5e8a1827052175000938eb91",43,"experience",20,20,14.5,5.5,6,25,0.398497370398196,0
"5e8a1827052175000938eb91",44,"experience",10,10,36.2,5.9464274989274,27,45,-0.125669583629516,0
"5e8a1827052175000938eb91",45,"experience",10,10,34.2,5.9464274989274,25,43,-0.125669583629516,0
"5e8a1827052175000938eb91",46,"experience",20,20,19.5,5.5,11,30,0.398497370398196,0
"5e8a1827052175000938eb91",47,"experience",20,20,20.5,5.5,12,31,0.398497370398196,0
"5e8a1827052175000938eb91",48,"experience",20,20,27.5,5.5,19,38,0.398497370398196,0
"5e8a1827052175000938eb91",49,"experience",10,10,20.2,5.9464274989274,11,29,-0.125669583629514,0
"5e8a1827052175000938eb91",50,"experience",10,10,31.2,5.9464274989274,22,40,-0.125669583629514,0
"5e8a1827052175000938eb91",51,"experience",10,10,15.2,5.9464274989274,6,24,-0.125669583629514,0
"5e8a1827052175000938eb91",52,"experience",10,10,33.2,5.9464274989274,24,42,-0.125669583629516,0
"5e8a1827052175000938eb91",53,"experience",10,10,27.2,5.9464274989274,18,36,-0.125669583629514,0
"5e8a1827052175000938eb91",54,"experience",10,10,35.2,5.9464274989274,26,44,-0.125669583629516,0
"5e8a1827052175000938eb91",55,"experience",10,10,20.2,5.9464274989274,11,29,-0.125669583629514,0
"5e8a1827052175000938eb91",56,"experience",10,10,32.2,5.9464274989274,23,41,-0.125669583629516,0
"5e8a1827052175000938eb91",57,"experience",10,10,22.2,5.9464274989274,13,31,-0.125669583629514,0
"5e8a1827052175000938eb91",58,"experience",10,10,17.2,5.9464274989274,8,26,-0.125669583629514,0
"5e8a1827052175000938eb91",59,"experience",10,10,22.2,5.9464274989274,13,31,-0.125669583629514,0
"5e8a1827052175000938eb91",60,"experience",10,10,29.2,5.9464274989274,20,38,-0.125669583629514,0
"5e8a1827052175000938eb91",61,"experience",2,2,36,4,32,40,0,0
"5e8a1827052175000938eb91",62,"experience",2,2,18,4,14,22,0,0
"5e8a1827052175000938eb91",63,"experience",2,2,15,4,11,19,0,0
"5e8a1827052175000938eb91",64,"experience",2,2,30,4,26,34,0,0
"5e8a1827052175000938eb91",65,"experience",2,2,17,4,13,21,0,0
"5e8a1827052175000938eb91",66,"experience",2,2,23,4,19,27,0,0
"5e8a1827052175000938eb91",67,"experience",2,2,27,4,23,31,0,0
"5e8a1827052175000938eb91",68,"experience",2,2,19,4,15,23,0,0
"5e8a1827052175000938eb91",69,"experience",2,2,14,4,10,18,0,0
"5e8a1827052175000938eb91",70,"experience",2,2,28,4,24,32,0,0
"5e8a1827052175000938eb91",71,"experience",2,2,23,4,19,27,0,0
"5e8a1827052175000938eb91",72,"experience",2,2,25,4,21,29,0,0
"5e8a1827052175000938eb91",73,"experience",2,2,26,4,22,30,0,0
"5e8a1827052175000938eb91",74,"experience",2,2,15,4,11,19,0,0
"5e8a1827052175000938eb91",75,"experience",2,2,27,4,23,31,0,0
"5e8a1827052175000938eb91",76,"experience",2,2,26,4,22,30,0,0
"5e8a1827052175000938eb91",77,"experience",10,10,24.2,5.9464274989274,15,33,-0.125669583629514,0
"5e8a1827052175000938eb91",78,"experience",10,10,35.2,5.9464274989274,26,44,-0.125669583629516,0
"5e8a1827052175000938eb91",79,"experience",10,10,15.2,5.9464274989274,6,24,-0.125669583629514,0
"5e8a1827052175000938eb91",80,"experience",10,10,32.2,5.9464274989274,23,41,-0.125669583629516,0
"5e8a1827052175000938eb91",81,"experience",10,10,22.2,5.9464274989274,13,31,-0.125669583629514,0
"5e8a1827052175000938eb91",82,"experience",10,10,24.2,5.9464274989274,15,33,-0.125669583629514,0
"5e8a1827052175000938eb91",83,"experience",10,10,22.2,5.9464274989274,13,31,-0.125669583629514,0
"5e8a1827052175000938eb91",84,"experience",10,10,17.2,5.9464274989274,8,26,-0.125669583629514,0
"5e8a1827052175000938eb91",85,"experience",10,10,19.2,5.9464274989274,10,28,-0.125669583629514,0
"5e8a1827052175000938eb91",86,"experience",10,10,31.2,5.9464274989274,22,40,-0.125669583629514,0
"5e8a1827052175000938eb91",87,"experience",10,10,30.2,5.9464274989274,21,39,-0.125669583629514,0
"5e8a1827052175000938eb91",88,"experience",10,10,19.2,5.9464274989274,10,28,-0.125669583629514,0
"5e8a1827052175000938eb91",89,"experience",10,10,19.2,5.9464274989274,10,28,-0.125669583629514,0
"5e8a1827052175000938eb91",90,"experience",10,10,23.2,5.9464274989274,14,32,-0.125669583629514,0
"5e8a1827052175000938eb91",91,"experience",10,10,30.2,5.9464274989274,21,39,-0.125669583629514,0
"5e8a1827052175000938eb91",92,"experience",10,10,24.2,5.9464274989274,15,33,-0.125669583629514,0
"5e8a1827052175000938eb91",93,"experience",20,20,31.5,5.5,23,42,0.398497370398196,0
"5e8a1827052175000938eb91",94,"experience",20,20,16.5,5.5,8,27,0.398497370398196,0
"5e8a1827052175000938eb91",95,"experience",20,20,26.5,5.5,18,37,0.398497370398196,0
"5e8a1827052175000938eb91",96,"experience",20,20,34.5,5.5,26,45,0.398497370398196,0
"5e8a1827052175000938eb91",97,"experience",20,20,23.5,5.5,15,34,0.398497370398196,0
"5e8a1827052175000938eb91",98,"experience",20,20,13.5,5.5,5,24,0.398497370398196,0
"5e8a1827052175000938eb91",99,"experience",20,20,12.5,5.5,4,23,0.398497370398196,0
"5e8a1827052175000938eb91",100,"experience",20,20,26.5,5.5,18,37,0.398497370398196,0
"5e8a1827052175000938eb91",101,"experience",20,20,23.5,5.5,15,34,0.398497370398196,0
"5e8a1827052175000938eb91",102,"experience",20,20,31.5,5.5,23,42,0.398497370398196,0
"5e8a1827052175000938eb91",103,"experience",20,20,26.5,5.5,18,37,0.398497370398196,0
"5e8a1827052175000938eb91",104,"experience",20,20,30.5,5.5,22,41,0.398497370398196,0
"5e8a1827052175000938eb91",105,"experience",20,20,33.5,5.5,25,44,0.398497370398196,0
"5e8a1827052175000938eb91",106,"experience",20,20,12.5,5.5,4,23,0.398497370398196,0
"5e8a1827052175000938eb91",107,"experience",20,20,15.5,5.5,7,26,0.398497370398196,0
"5e8a1827052175000938eb91",108,"experience",20,20,34.5,5.5,26,45,0.398497370398196,0
"67db7e4c396dc0b285673810",1,"experience",7,7,14,5.70713838726805,2,20,-1.06053702718162,0
"67db7e4c396dc0b285673810",2,"experience",4,4,38.75,6.64736790015417,29,47,-0.286295533560173,0
"67db7e4c396dc0b285673810",3,"experience",12,12,11.5833333333333,6.22439198280085,1,20,-0.312730229879207,1
"67db7e4c396dc0b285673810",4,"experience",6,6,38.8333333333333,4.37480158280223,33,46,0.422881850669399,0
"67db7e4c396dc0b285673810",5,"experience",6,6,10.5,7.08872343937891,2,20,0.0449175317561694,0
"67db7e4c396dc0b285673810",6,"experience",7,7,13.1428571428571,5.84144237150311,5,20,-0.266176218613461,0
"67db7e4c396dc0b285673810",7,"experience",5,5,8.4,2.1540659228538,5,11,-0.403407113970837,0
"67db7e4c396dc0b285673810",8,"experience",2,2,41,2,39,43,0,0
"67db7e4c396dc0b285673810",9,"experience",9,9,10.7777777777778,4.82534461124633,2,19,-0.0951341432201452,0
"67db7e4c396dc0b285673810",10,"experience",8,8,39.875,6.56577299333445,29,48,-0.359329926052966,0
"67db7e4c396dc0b285673810",11,"experience",11,11,37.4545454545455,5.83661851609983,29,47,-0.0644790843105038,0
"67db7e4c396dc0b285673810",12,"experience",5,5,10,6.09918027279076,2,19,0.137511868793409,0
"67db7e4c396dc0b285673810",13,"experience",2,2,22,4,18,26,0,0
"67db7e4c396dc0b285673810",14,"experience",10,10,17.2,5.9464274989274,8,26,-0.125669583629514,0
"67db7e4c396dc0b285673810",15,"experience",20,20,27.5,5.5,19,38,0.398497370398196,0
"67db7e4c396dc0b285673810",16,"experience",10,10,34.2,5.9464274989274,25,43,-0.125669583629516,0
"67db7e4c396dc0b285673810",17,"experience",2,2,34,4,30,38,0,0
"67db7e4c396dc0b285673810",18,"experience",2,2,28,4,24,32,0,0
"67db7e4c396dc0b285673810",19,"experience",10,10,18.2,5.9464274989274,9,27,-0.125669583629514,0
"67db7e4c396dc0b285673810",20,"experience",10,10,17.2,5.9464274989274,8,26,-0.125669583629514,0
"67db7e4c396dc0b285673810",21,"experience",20,20,17.5,5.5,9,28,0.398497370398196,0
"67db7e4c396dc0b285673810",22,"experience",20,20,17.5,5.5,9,28,0.398497370398196,0
"67db7e4c396dc0b285673810",23,"experience",10,10,15.2,5.9464274989274,6,24,-0.125669583629514,0
"67db7e4c396dc0b285673810",24,"experience",2,2,25,4,21,29,0,0
"67db7e4c396dc0b285673810",25,"experience",20,20,27.5,5.5,19,38,0.398497370398196,0
"67db7e4c396dc0b285673810",26,"experience",20,20,15.5,5.5,7,26,0.398497370398196,0
"67db7e4c396dc0b285673810",27,"experience",2,2,16,4,12,20,0,0
"67db7e4c396dc0b285673810",28,"experience",2,2,30,4,26,34,0,0
"67db7e4c396dc0b285673810",29,"experience",10,10,19.2,5.9464274989274,10,28,-0.125669583629514,0
"67db7e4c396dc0b285673810",30,"experience",10,10,29.2,5.9464274989274,20,38,-0.125669583629514,0
"67db7e4c396dc0b285673810",31,"experience",20,20,30.5,5.5,22,41,0.398497370398196,0
"67db7e4c396dc0b285673810",32,"experience",2,2,14,4,10,18,0,0
"67db7e4c396dc0b285673810",33,"experience",10,10,34.2,5.9464274989274,25,43,-0.125669583629516,0
"67db7e4c396dc0b285673810",34,"experience",2,2,36,4,32,40,0,0
"67db7e4c396dc0b285673810",35,"experience",2,2,28,4,24,32,0,0
"67db7e4c396dc0b285673810",36,"experience",10,10,33.2,5.9464274989274,24,42,-0.125669583629516,0
"67db7e4c396dc0b285673810",37,"experience",20,20,29.5,5.5,21,40,0.398497370398196,0
"67db7e4c396dc0b285673810",38,"experience",20,20,22.5,5.5,14,33,0.398497370398196,0
"67db7e4c396dc0b285673810",39,"experience",2,2,26,4,22,30,0,0
"67db7e4c396dc0b285673810",40,"experience",20,20,33.5,5.5,25,44,0.398497370398196,0
"67db7e4c396dc0b285673810",41,"experience",20,20,18.5,5.5,10,29,0.398497370398196,0
"67db7e4c396dc0b285673810",42,"experience",2,2,35,4,31,39,0,0
"67db7e4c396dc0b285673810",43,"experience",10,10,15.2,5.9464274989274,6,24,-0.125669583629514,0
"67db7e4c396dc0b285673810",44,"experience",10,10,31.2,5.9464274989274,22,40,-0.125669583629514,0
"67db7e4c396dc0b285673810",45,"experience",20,20,14.5,5.5,6,25,0.398497370398196,0
"67db7e4c396dc0b285673810",46,"experience",20,20,14.5,5.5,6,25,0.398497370398196,0
"67db7e4c396dc0b285673810",47,"experience",10,10,23.2,5.9464274989274,14,32,-0.125669583629514,0
"67db7e4c396dc0b285673810",48,"experience",10,10,26.2,5.9464274989274,17,35,-0.125669583629514,0
"67db7e4c396dc0b285673810",49,"experience",20,20,24.5,5.5,16,35,0.398497370398196,0
"67db7e4c396dc0b285673810",50,"experience",20,20,21.5,5.5,13,32,0.398497370398196,0
"67db7e4c396dc0b285673810",51,"experience",2,2,29,4,25,33,0,0
"67db7e4c396dc0b285673810",52,"experience",10,10,16.2,5.9464274989274,7,25,-0.125669583629514,0
"67db7e4c396dc0b285673810",53,"experience",20,20,12.5,5.5,4,23,0.398497370398196,0
"67db7e4c396dc0b285673810",54,"experience",2,2,18,4,14,22,0,0
"67db7e4c396dc0b285673810",55,"experience",10,10,31.2,5.9464274989274,22,40,-0.125669583629514,0
"67db7e4c396dc0b285673810",56,"experience",2,2,16,4,12,20,0,0
"67db7e4c396dc0b285673810",57,"experience",2,2,29,4,25,33,0,0
"67db7e4c396dc0b285673810",58,"experience",20,20,24.5,5.5,16,35,0.398497370398196,0
"67db7e4c396dc0b285673810",59,"experience",10,10,33.2,5.9464274989274,24,42,-0.125669583629516,0
"67db7e4c396dc0b285673810",60,"experience",2,2,15,4,11,19,0,0
"67db7e4c396dc0b285673810",61,"experience",20,20,19.5,5.5,11,30,0.398497370398196,0
"67db7e4c396dc0b285673810",62,"experience",2,2,20,4,16,24,0,0
"67db7e4c396dc0b285673810",63,"experience",2,2,35,4,31,39,0,0
"67db7e4c396dc0b285673810",64,"experience",10,10,17.2,5.9464274989274,8,26,-0.125669583629514,0
"67db7e4c396dc0b285673810",65,"experience",2,2,17,4,13,21,0,0
"67db7e4c396dc0b285673810",66,"experience",10,10,31.2,5.9464274989274,22,40,-0.125669583629514,0
"67db7e4c396dc0b285673810",67,"experience",10,10,32.2,5.9464274989274,23,41,-0.125669583629516,0
"67db7e4c396dc0b285673810",68,"experience",10,10,15.2,5.9464274989274,6,24,-0.125669583629514,0
"67db7e4c396dc0b285673810",69,"experience",20,20,27.5,5.5,19,38,0.398497370398196,0
"67db7e4c396dc0b285673810",70,"experience",20,20,24.5,5.5,16,35,0.398497370398196,0
"67db7e4c396dc0b285673810",71,"experience",10,10,15.2,5.9464274989274,6,24,-0.125669583629514,0
"67db7e4c396dc0b285673810",72,"experience",10,10,15.2,5.9464274989274,6,24,-0.125669583629514,0
"67db7e4c396dc0b285673810",73,"experience",2,2,18,4,14,22,0,0
"67db7e4c396dc0b285673810",74,"experience",2,2,17,4,13,21,0,0
"67db7e4c396dc0b285673810",75,"experience",20,20,20.5,5.5,12,31,0.398497370398196,0
"67db7e4c396dc0b285673810",76,"experience",2,2,15,4,11,19,0,0
"67db7e4c396dc0b285673810",77,"experience",20,20,27.5,5.5,19,38,0.398497370398196,0
"67db7e4c396dc0b285673810",78,"experience",10,10,34.2,5.9464274989274,25,43,-0.125669583629516,0
"67db7e4c396dc0b285673810",79,"experience",10,10,33.2,5.9464274989274,24,42,-0.125669583629516,0
"67db7e4c396dc0b285673810",80,"experience",2,2,29,4,25,33,0,0
"67db7e4c396dc0b285673810",81,"experience",20,20,28.5,5.5,20,39,0.398497370398196,0
"67db7e4c396dc0b285673810",82,"experience",2,2,15,4,11,19,0,0
"67db7e4c396dc0b285673810",83,"experience",2,2,34,4,30,38,0,0
"67db7e4c396dc0b285673810",84,"experience",20,20,28.5,5.5,20,39,0.398497370398196,0
"67db7e4c396dc0b285673810",85,"experience",10,10,17.2,5.9464274989274,8,26,-0.125669583629514,0
"67db7e4c396dc0b285673810",86,"experience",2,2,14,4,10,18,0,0
"67db7e4c396dc0b285673810",87,"experience",10,10,23.2,5.9464274989274,14,32,-0.125669583629514,0
"67db7e4c396dc0b285673810",88,"experience",20,20,23.5,5.5,15,34,0.398497370398196,0
"67db7e4c396dc0b285673810",89,"experience",10,10,35.2,5.9464274989274,26,44,-0.125669583629516,0
"67db7e4c396dc0b285673810",90,"experience",10,10,21.2,5.9464274989274,12,30,-0.125669583629514,0
"67db7e4c396dc0b285673810",91,"experience",10,10,34.2,5.9464274989274,25,43,-0.125669583629516,0
"67db7e4c396dc0b285673810",92,"experience",20,20,30.5,5.5,22,41,0.398497370398196,0
"67db7e4c396dc0b285673810",93,"experience",2,2,34,4,30,38,0,0
"67db7e4c396dc0b285673810",94,"experience",20,20,16.5,5.5,8,27,0.398497370398196,0
"67db7e4c396dc0b285673810",95,"experience",10,10,35.2,5.9464274989274,26,44,-0.125669583629516,0
"67db7e4c396dc0b285673810",96,"experience",10,10,14.2,5.9464274989274,5,23,-0.125669583629514,0
"67db7e4c396dc0b285673810",97,"experience",20,20,12.5,5.5,4,23,0.398497370398196,0
"67db7e4c396dc0b285673810",98,"experience",20,20,29.5,5.5,21,40,0.398497370398196,0
"67db7e4c396dc0b285673810",99,"experience",20,20,20.5,5.5,12,31,0.398497370398196,0
"67db7e4c396dc0b285673810",100,"experience",20,20,15.5,5.5,7,26,0.398497370398196,0
"67db7e4c396dc0b285673810",101,"experience",2,2,19,4,15,23,0,0
"67db7e4c396dc0b285673810",102,"experience",2,2,26,4,22,30,0,0
"67db7e4c396dc0b285673810",103,"experience",2,2,20,4,16,24,0,0
"67db7e4c396dc0b285673810",104,"experience",2,2,19,4,15,23,0,0
"67db7e4c396dc0b285673810",105,"experience",20,20,32.5,5.5,24,43,0.398497370398196,0
"67db7e4c396dc0b285673810",106,"experience",2,2,27,4,23,31,0,0
"67db7e4c396dc0b285673810",107,"experience",10,10,31.2,5.9464274989274,22,40,-0.125669583629514,0
"67db7e4c396dc0b285673810",108,"experience",20,20,28.5,5.5,20,39,0.398497370398196,0
"67164c92298409e37c670b3d",1,"experience",10,10,37.9,5.35630469633683,30,46,-0.0422457173278692,0
"67164c92298409e37c670b3d",2,"experience",7,7,10,4.84030695602783,4,17,0.196520493604343,0
"67164c92298409e37c670b3d",3,"experience",10,10,39.3,6.48151216923952,29,48,-0.2392170127229,0
"67164c92298409e37c670b3d",4,"experience",8,8,37.875,5.92531644724567,29,46,0.138405005917471,0
"67164c92298409e37c670b3d",5,"experience",8,8,38.5,4.9749371855331,30,47,-0.109640488937369,0
"67164c92298409e37c670b3d",6,"experience",5,5,8.8,6.30555310817378,1,18,0.261913431858203,1
"67164c92298409e37c670b3d",7,"experience",8,8,10.75,5.3793586978375,3,19,-0.0114428278632354,0
"67164c92298409e37c670b3d",8,"experience",11,11,11,6.50873538897045,1,20,-0.223535838433852,1
"67164c92298409e37c670b3d",9,"experience",11,11,11.9090909090909,5.85358546618373,3,20,-0.185017439135054,0
"67164c92298409e37c670b3d",10,"experience",3,3,32.6666666666667,2.62466929133727,29,35,-0.630903856710621,0
"67164c92298409e37c670b3d",11,"experience",5,5,14.8,2.85657137141714,11,19,0.201805070933448,0
"67164c92298409e37c670b3d",12,"experience",8,8,39.375,5.699506557589,30,47,-0.179441371352664,0
"67164c92298409e37c670b3d",13,"experience",20,20,25.5,5.5,17,36,0.398497370398196,0
"67164c92298409e37c670b3d",14,"experience",10,10,15.2,5.9464274989274,6,24,-0.125669583629514,0
"67164c92298409e37c670b3d",15,"experience",20,20,13.5,5.5,5,24,0.398497370398196,0
"67164c92298409e37c670b3d",16,"experience",10,10,18.2,5.9464274989274,9,27,-0.125669583629514,0
"67164c92298409e37c670b3d",17,"experience",20,20,26.5,5.5,18,37,0.398497370398196,0
"67164c92298409e37c670b3d",18,"experience",10,10,26.2,5.9464274989274,17,35,-0.125669583629514,0
"67164c92298409e37c670b3d",19,"experience",10,10,24.2,5.9464274989274,15,33,-0.125669583629514,0
"67164c92298409e37c670b3d",20,"experience",2,2,33,4,29,37,0,0
"67164c92298409e37c670b3d",21,"experience",10,10,33.2,5.9464274989274,24,42,-0.125669583629516,0
"67164c92298409e37c670b3d",22,"experience",20,20,21.5,5.5,13,32,0.398497370398196,0
"67164c92298409e37c670b3d",23,"experience",2,2,29,4,25,33,0,0
"67164c92298409e37c670b3d",24,"experience",2,2,32,4,28,36,0,0
"67164c92298409e37c670b3d",25,"experience",20,20,23.5,5.5,15,34,0.398497370398196,0
"67164c92298409e37c670b3d",26,"experience",10,10,16.2,5.9464274989274,7,25,-0.125669583629514,0
"67164c92298409e37c670b3d",27,"experience",2,2,22,4,18,26,0,0
"67164c92298409e37c670b3d",28,"experience",10,10,19.2,5.9464274989274,10,28,-0.125669583629514,0
"67164c92298409e37c670b3d",29,"experience",20,20,23.5,5.5,15,34,0.398497370398196,0
"67164c92298409e37c670b3d",30,"experience",20,20,13.5,5.5,5,24,0.398497370398196,0
"67164c92298409e37c670b3d",31,"experience",20,20,24.5,5.5,16,35,0.398497370398196,0
"67164c92298409e37c670b3d",32,"experience",2,2,16,4,12,20,0,0
"67164c92298409e37c670b3d",33,"experience",20,20,23.5,5.5,15,34,0.398497370398196,0
"67164c92298409e37c670b3d",34,"experience",20,20,20.5,5.5,12,31,0.398497370398196,0
"67164c92298409e37c670b3d",35,"experience",10,10,28.2,5.9464274989274,19,37,-0.125669583629514,0
"67164c92298409e37c670b3d",36,"experience",10,10,20.2,5.9464274989274,11,29,-0.125669583629514,0
"67164c92298409e37c670b3d",37,"experience",2,2,28,4,24,32,0,0
"67164c92298409e37c670b3d",38,"experience",20,20,26.5,5.5,18,37,0.398497370398196,0
"67164c92298409e37c670b3d",39,"experience",2,2,24,4,20,28,0,0
"67164c92298409e37c670b3d",40,"experience",10,10,20.2,5.9464274989274,11,29,-0.125669583629514,0
"67164c92298409e37c670b3d",41,"experience",10,10,24.2,5.9464274989274,15,33,-0.125669583629514,0
"67164c92298409e37c670b3d",42,"experience",2,2,32,4,28,36,0,0
"67164c92298409e37c670b3d",43,"experience",2,2,34,4,30,38,0,0
"67164c92298409e37c670b3d",44,"experience",2,2,23,4,19,27,0,0
"67164c92298409e37c670b3d",45,"experience",10,10,14.2,5.9464274989274,5,23,-0.125669583629514,0
"67164c92298409e37c670b3d",46,"experience",10,10,23.2,5.9464274989274,14,32,-0.125669583629514,0
"67164c92298409e37c670b3d",47,"experience",2,2,31,4,27,35,0,0
"67164c92298409e37c670b3d",48,"experience",20,20,28.5,5.5,20,39,0.398497370398196,0
"67164c92298409e37c670b3d",49,"experience",2,2,18,4,14,22,0,0
"67164c92298409e37c670b3d",50,"experience",2,2,17,4,13,21,0,0
"67164c92298409e37c670b3d",51,"experience",2,2,27,4,23,31,0,0
"67164c92298409e37c670b3d",52,"experience",2,2,17,4,13,21,0,0
"67164c92298409e37c670b3d",53,"experience",10,10,24.2,5.9464274989274,15,33,-0.125669583629514,0
"67164c92298409e37c670b3d",54,"experience",10,10,22.2,5.9464274989274,13,31,-0.125669583629514,0
"67164c92298409e37c670b3d",55,"experience",20,20,29.5,5.5,21,40,0.398497370398196,0
"67164c92298409e37c670b3d",56,"experience",2,2,14,4,10,18,0,0
"67164c92298409e37c670b3d",57,"experience",20,20,20.5,5.5,12,31,0.398497370398196,0
"67164c92298409e37c670b3d",58,"experience",20,20,34.5,5.5,26,45,0.398497370398196,0
"67164c92298409e37c670b3d",59,"experience",10,10,30.2,5.9464274989274,21,39,-0.125669583629514,0
"67164c92298409e37c670b3d",60,"experience",20,20,18.5,5.5,10,29,0.398497370398196,0
"67164c92298409e37c670b3d",61,"experience",2,2,24,4,20,28,0,0
"67164c92298409e37c670b3d",62,"experience",2,2,27,4,23,31,0,0
"67164c92298409e37c670b3d",63,"experience",2,2,20,4,16,24,0,0
"67164c92298409e37c670b3d",64,"experience",20,20,20.5,5.5,12,31,0.398497370398196,0
"67164c92298409e37c670b3d",65,"experience",2,2,34,4,30,38,0,0
"67164c92298409e37c670b3d",66,"experience",2,2,23,4,19,27,0,0
"67164c92298409e37c670b3d",67,"experience",10,10,27.2,5.9464274989274,18,36,-0.125669583629514,0
"67164c92298409e37c670b3d",68,"experience",20,20,26.5,5.5,18,37,0.398497370398196,0
"67164c92298409e37c670b3d",69,"experience",2,2,19,4,15,23,0,0
"67164c92298409e37c670b3d",70,"experience",20,20,16.5,5.5,8,27,0.398497370398196,0
"67164c92298409e37c670b3d",71,"experience",20,20,23.5,5.5,15,34,0.398497370398196,0
"67164c92298409e37c670b3d",72,"experience",20,20,19.5,5.5,11,30,0.398497370398196,0
"67164c92298409e37c670b3d",73,"experience",2,2,28,4,24,32,0,0
"67164c92298409e37c670b3d",74,"experience",20,20,34.5,5.5,26,45,0.398497370398196,0
"67164c92298409e37c670b3d",75,"experience",10,10,25.2,5.9464274989274,16,34,-0.125669583629514,0
"67164c92298409e37c670b3d",76,"experience",20,20,20.5,5.5,12,31,0.398497370398196,0
"67164c92298409e37c670b3d",77,"experience",10,10,22.2,5.9464274989274,13,31,-0.125669583629514,0
"67164c92298409e37c670b3d",78,"experience",2,2,24,4,20,28,0,0
"67164c92298409e37c670b3d",79,"experience",2,2,32,4,28,36,0,0
"67164c92298409e37c670b3d",80,"experience",10,10,16.2,5.9464274989274,7,25,-0.125669583629514,0
"67164c92298409e37c670b3d",81,"experience",10,10,30.2,5.9464274989274,21,39,-0.125669583629514,0
"67164c92298409e37c670b3d",82,"experience",10,10,28.2,5.9464274989274,19,37,-0.125669583629514,0
"67164c92298409e37c670b3d",83,"experience",20,20,32.5,5.5,24,43,0.398497370398196,0
"67164c92298409e37c670b3d",84,"experience",10,10,26.2,5.9464274989274,17,35,-0.125669583629514,0
"67164c92298409e37c670b3d",85,"experience",2,2,36,4,32,40,0,0
"67164c92298409e37c670b3d",86,"experience",10,10,19.2,5.9464274989274,10,28,-0.125669583629514,0
"67164c92298409e37c670b3d",87,"experience",10,10,29.2,5.9464274989274,20,38,-0.125669583629514,0
"67164c92298409e37c670b3d",88,"experience",20,20,18.5,5.5,10,29,0.398497370398196,0
"67164c92298409e37c670b3d",89,"experience",2,2,24,4,20,28,0,0
"67164c92298409e37c670b3d",90,"experience",10,10,26.2,5.9464274989274,17,35,-0.125669583629514,0
"67164c92298409e37c670b3d",91,"experience",2,2,36,4,32,40,0,0
"67164c92298409e37c670b3d",92,"experience",10,10,27.2,5.9464274989274,18,36,-0.125669583629514,0
"67164c92298409e37c670b3d",93,"experience",2,2,32,4,28,36,0,0
"67164c92298409e37c670b3d",94,"experience",2,2,30,4,26,34,0,0
"67164c92298409e37c670b3d",95,"experience",20,20,13.5,5.5,5,24,0.398497370398196,0
"67164c92298409e37c670b3d",96,"experience",20,20,20.5,5.5,12,31,0.398497370398196,0
"67164c92298409e37c670b3d",97,"experience",10,10,14.2,5.9464274989274,5,23,-0.125669583629514,0
"67164c92298409e37c670b3d",98,"experience",20,20,30.5,5.5,22,41,0.398497370398196,0
"67164c92298409e37c670b3d",99,"experience",10,10,19.2,5.9464274989274,10,28,-0.125669583629514,0
"67164c92298409e37c670b3d",100,"experience",10,10,20.2,5.9464274989274,11,29,-0.125669583629514,0
"67164c92298409e37c670b3d",101,"experience",10,10,23.2,5.9464274989274,14,32,-0.125669583629514,0
"67164c92298409e37c670b3d",102,"experience",20,20,34.5,5.5,26,45,0.398497370398196,0
"67164c92298409e37c670b3d",103,"experience",20,20,25.5,5.5,17,36,0.398497370398196,0
"67164c92298409e37c670b3d",104,"experience",2,2,19,4,15,23,0,0
"67164c92298409e37c670b3d",105,"experience",20,20,12.5,5.5,4,23,0.398497370398196,0
"67164c92298409e37c670b3d",106,"experience",2,2,18,4,14,22,0,0
"67164c92298409e37c670b3d",107,"experience",10,10,22.2,5.9464274989274,13,31,-0.125669583629514,0
"67164c92298409e37c670b3d",108,"experience",20,20,21.5,5.5,13,32,0.398497370398196,0
"67dd46602623d4bf857f7fa2",1,"experience",8,8,39,6,31,47,-0.0729166666666667,0
"67dd46602623d4bf857f7fa2",2,"experience",6,6,9.83333333333333,4.29793231940921,2,15,-0.679233182065399,0
"67dd46602623d4bf857f7fa2",3,"experience",9,9,9.22222222222222,5.65248770754529,1,18,0.182230071157519,1
"67dd46602623d4bf857f7fa2",4,"experience",9,9,9.77777777777778,4.51608920731146,2,16,-0.209337331623027,0
"67dd46602623d4bf857f7fa2",5,"experience",12,12,38.75,5.91784025919366,29,48,0.0966536673279538,0
"67dd46602623d4bf857f7fa2",6,"experience",5,5,9.2,6.36867333123626,1,17,0.0737708563104935,1
"67dd46602623d4bf857f7fa2",7,"experience",8,8,9.5,5.8309518948453,2,20,0.474773656662901,0
"67dd46602623d4bf857f7fa2",8,"experience",6,6,11.5,3.81881307912987,5,17,-0.314233761939829,0
"67dd46602623d4bf857f7fa2",9,"experience",10,10,37.1,6.44127316607517,29,48,0.432002548111126,0
"67dd46602623d4bf857f7fa2",10,"experience",2,2,10.5,2.5,8,13,0,0
"67dd46602623d4bf857f7fa2",11,"experience",8,8,38.5,4.87339717240448,30,45,-0.401751523132292,0
"67dd46602623d4bf857f7fa2",12,"experience",6,6,10.5,7.15891053163818,2,20,0.0885814033658977,0
"67dd46602623d4bf857f7fa2",13,"experience",20,20,31.5,5.5,23,42,0.398497370398196,0
"67dd46602623d4bf857f7fa2",14,"experience",20,20,19.5,5.5,11,30,0.398497370398196,0
"67dd46602623d4bf857f7fa2",15,"experience",10,10,27.2,5.9464274989274,18,36,-0.125669583629514,0
"67dd46602623d4bf857f7fa2",16,"experience",20,20,29.5,5.5,21,40,0.398497370398196,0
"67dd46602623d4bf857f7fa2",17,"experience",2,2,19,4,15,23,0,0
"67dd46602623d4bf857f7fa2",18,"experience",20,20,20.5,5.5,12,31,0.398497370398196,0
"67dd46602623d4bf857f7fa2",19,"experience",20,20,19.5,5.5,11,30,0.398497370398196,0
"67dd46602623d4bf857f7fa2",20,"experience",20,20,18.5,5.5,10,29,0.398497370398196,0
"67dd46602623d4bf857f7fa2",21,"experience",2,2,18,4,14,22,0,0
"67dd46602623d4bf857f7fa2",22,"experience",2,2,32,4,28,36,0,0
"67dd46602623d4bf857f7fa2",23,"experience",20,20,12.5,5.5,4,23,0.398497370398196,0
"67dd46602623d4bf857f7fa2",24,"experience",10,10,33.2,5.9464274989274,24,42,-0.125669583629516,0
"67dd46602623d4bf857f7fa2",25,"experience",10,10,22.2,5.9464274989274,13,31,-0.125669583629514,0
"67dd46602623d4bf857f7fa2",26,"experience",20,20,30.5,5.5,22,41,0.398497370398196,0
"67dd46602623d4bf857f7fa2",27,"experience",20,20,17.5,5.5,9,28,0.398497370398196,0
"67dd46602623d4bf857f7fa2",28,"experience",10,10,30.2,5.9464274989274,21,39,-0.125669583629514,0
"67dd46602623d4bf857f7fa2",29,"experience",10,10,22.2,5.9464274989274,13,31,-0.125669583629514,0
"67dd46602623d4bf857f7fa2",30,"experience",2,2,24,4,20,28,0,0
"67dd46602623d4bf857f7fa2",31,"experience",10,10,29.2,5.9464274989274,20,38,-0.125669583629514,0
"67dd46602623d4bf857f7fa2",32,"experience",2,2,34,4,30,38,0,0
"67dd46602623d4bf857f7fa2",33,"experience",2,2,14,4,10,18,0,0
"67dd46602623d4bf857f7fa2",34,"experience",2,2,14,4,10,18,0,0
"67dd46602623d4bf857f7fa2",35,"experience",2,2,29,4,25,33,0,0
"67dd46602623d4bf857f7fa2",36,"experience",10,10,26.2,5.9464274989274,17,35,-0.125669583629514,0
"67dd46602623d4bf857f7fa2",37,"experience",20,20,32.5,5.5,24,43,0.398497370398196,0
"67dd46602623d4bf857f7fa2",38,"experience",20,20,16.5,5.5,8,27,0.398497370398196,0
"67dd46602623d4bf857f7fa2",39,"experience",10,10,22.2,5.9464274989274,13,31,-0.125669583629514,0
"67dd46602623d4bf857f7fa2",40,"experience",20,20,12.5,5.5,4,23,0.398497370398196,0
"67dd46602623d4bf857f7fa2",41,"experience",2,2,32,4,28,36,0,0
"67dd46602623d4bf857f7fa2",42,"experience",10,10,15.2,5.9464274989274,6,24,-0.125669583629514,0
"67dd46602623d4bf857f7fa2",43,"experience",10,10,31.2,5.9464274989274,22,40,-0.125669583629514,0
"67dd46602623d4bf857f7fa2",44,"experience",20,20,20.5,5.5,12,31,0.398497370398196,0
"67dd46602623d4bf857f7fa2",45,"experience",20,20,23.5,5.5,15,34,0.398497370398196,0
"67dd46602623d4bf857f7fa2",46,"experience",10,10,22.2,5.9464274989274,13,31,-0.125669583629514,0
"67dd46602623d4bf857f7fa2",47,"experience",10,10,17.2,5.9464274989274,8,26,-0.125669583629514,0
"67dd46602623d4bf857f7fa2",48,"experience",20,20,33.5,5.5,25,44,0.398497370398196,0
"67dd46602623d4bf857f7fa2",49,"experience",10,10,15.2,5.9464274989274,6,24,-0.125669583629514,0
"67dd46602623d4bf857f7fa2",50,"experience",2,2,32,4,28,36,0,0
"67dd46602623d4bf857f7fa2",51,"experience",10,10,26.2,5.9464274989274,17,35,-0.125669583629514,0
"67dd46602623d4bf857f7fa2",52,"experience",10,10,29.2,5.9464274989274,20,38,-0.125669583629514,0
"67dd46602623d4bf857f7fa2",53,"experience",10,10,18.2,5.9464274989274,9,27,-0.125669583629514,0
"67dd46602623d4bf857f7fa2",54,"experience",2,2,15,4,11,19,0,0
"67dd46602623d4bf857f7fa2",55,"experience",2,2,22,4,18,26,0,0
"67dd46602623d4bf857f7fa2",56,"experience",2,2,17,4,13,21,0,0
"67dd46602623d4bf857f7fa2",57,"experience",2,2,22,4,18,26,0,0
"67dd46602623d4bf857f7fa2",58,"experience",2,2,25,4,21,29,0,0
"67dd46602623d4bf857f7fa2",59,"experience",20,20,19.5,5.5,11,30,0.398497370398196,0
"67dd46602623d4bf857f7fa2",60,"experience",2,2,16,4,12,20,0,0
"67dd46602623d4bf857f7fa2",61,"experience",10,10,27.2,5.9464274989274,18,36,-0.125669583629514,0
"67dd46602623d4bf857f7fa2",62,"experience",2,2,32,4,28,36,0,0
"67dd46602623d4bf857f7fa2",63,"experience",20,20,16.5,5.5,8,27,0.398497370398196,0
"67dd46602623d4bf857f7fa2",64,"experience",20,20,12.5,5.5,4,23,0.398497370398196,0
"67dd46602623d4bf857f7fa2",65,"experience",20,20,22.5,5.5,14,33,0.398497370398196,0
"67dd46602623d4bf857f7fa2",66,"experience",20,20,14.5,5.5,6,25,0.398497370398196,0
"67dd46602623d4bf857f7fa2",67,"experience",10,10,24.2,5.9464274989274,15,33,-0.125669583629514,0
"67dd46602623d4bf857f7fa2",68,"experience",20,20,20.5,5.5,12,31,0.398497370398196,0
"67dd46602623d4bf857f7fa2",69,"experience",2,2,28,4,24,32,0,0
"67dd46602623d4bf857f7fa2",70,"experience",20,20,31.5,5.5,23,42,0.398497370398196,0
"67dd46602623d4bf857f7fa2",71,"experience",2,2,15,4,11,19,0,0
"67dd46602623d4bf857f7fa2",72,"experience",10,10,14.2,5.9464274989274,5,23,-0.125669583629514,0
"67dd46602623d4bf857f7fa2",73,"experience",2,2,32,4,28,36,0,0
"67dd46602623d4bf857f7fa2",74,"experience",2,2,26,4,22,30,0,0
"67dd46602623d4bf857f7fa2",75,"experience",20,20,33.5,5.5,25,44,0.398497370398196,0
"67dd46602623d4bf857f7fa2",76,"experience",10,10,29.2,5.9464274989274,20,38,-0.125669583629514,0
"67dd46602623d4bf857f7fa2",77,"experience",10,10,30.2,5.9464274989274,21,39,-0.125669583629514,0
"67dd46602623d4bf857f7fa2",78,"experience",2,2,21,4,17,25,0,0
"67dd46602623d4bf857f7fa2",79,"experience",10,10,29.2,5.9464274989274,20,38,-0.125669583629514,0
"67dd46602623d4bf857f7fa2",80,"experience",20,20,14.5,5.5,6,25,0.398497370398196,0
"67dd46602623d4bf857f7fa2",81,"experience",10,10,14.2,5.9464274989274,5,23,-0.125669583629514,0
"67dd46602623d4bf857f7fa2",82,"experience",2,2,28,4,24,32,0,0
"67dd46602623d4bf857f7fa2",83,"experience",20,20,29.5,5.5,21,40,0.398497370398196,0
"67dd46602623d4bf857f7fa2",84,"experience",2,2,14,4,10,18,0,0
"67dd46602623d4bf857f7fa2",85,"experience",20,20,31.5,5.5,23,42,0.398497370398196,0
"67dd46602623d4bf857f7fa2",86,"experience",10,10,20.2,5.9464274989274,11,29,-0.125669583629514,0
"67dd46602623d4bf857f7fa2",87,"experience",2,2,19,4,15,23,0,0
"67dd46602623d4bf857f7fa2",88,"experience",10,10,20.2,5.9464274989274,11,29,-0.125669583629514,0
"67dd46602623d4bf857f7fa2",89,"experience",2,2,20,4,16,24,0,0
"67dd46602623d4bf857f7fa2",90,"experience",2,2,35,4,31,39,0,0
"67dd46602623d4bf857f7fa2",91,"experience",10,10,14.2,5.9464274989274,5,23,-0.125669583629514,0
"67dd46602623d4bf857f7fa2",92,"experience",20,20,20.5,5.5,12,31,0.398497370398196,0
"67dd46602623d4bf857f7fa2",93,"experience",10,10,19.2,5.9464274989274,10,28,-0.125669583629514,0
"67dd46602623d4bf857f7fa2",94,"experience",10,10,21.2,5.9464274989274,12,30,-0.125669583629514,0
"67dd46602623d4bf857f7fa2",95,"experience",2,2,32,4,28,36,0,0
"67dd46602623d4bf857f7fa2",96,"experience",20,20,29.5,5.5,21,40,0.398497370398196,0
"67dd46602623d4bf857f7fa2",97,"experience",2,2,30,4,26,34,0,0
"67dd46602623d4bf857f7fa2",98,"experience",10,10,23.2,5.9464274989274,14,32,-0.125669583629514,0
"67dd46602623d4bf857f7fa2",99,"experience",2,2,34,4,30,38,0,0
"67dd46602623d4bf857f7fa2",100,"experience",20,20,29.5,5.5,21,40,0.398497370398196,0
"67dd46602623d4bf857f7fa2",101,"experience",20,20,14.5,5.5,6,25,0.398497370398196,0
"67dd46602623d4bf857f7fa2",102,"experience",2,2,25,4,21,29,0,0
"67dd46602623d4bf857f7fa2",103,"experience",10,10,33.2,5.9464274989274,24,42,-0.125669583629516,0
"67dd46602623d4bf857f7fa2",104,"experience",20,20,29.5,5.5,21,40,0.398497370398196,0
"67dd46602623d4bf857f7fa2",105,"experience",2,2,34,4,30,38,0,0
"67dd46602623d4bf857f7fa2",106,"experience",20,20,16.5,5.5,8,27,0.398497370398196,0
"67dd46602623d4bf857f7fa2",107,"experience",10,10,23.2,5.9464274989274,14,32,-0.125669583629514,0
"67dd46602623d4bf857f7fa2",108,"experience",10,10,16.2,5.9464274989274,7,25,-0.125669583629514,0
"612517df29cd32c6632b4a44",1,"experience",12,12,10.5833333333333,6.14353770685552,1,20,-0.0783415199084724,1
"612517df29cd32c6632b4a44",2,"experience",3,3,40.3333333333333,4.49691252107735,34,44,-0.680971899701849,0
"612517df29cd32c6632b4a44",3,"experience",8,8,41.25,4.4087980221371,33,48,-0.324913020975727,0
"612517df29cd32c6632b4a44",4,"experience",9,9,35.8888888888889,4.12160822022031,30,43,0.241173953149408,0
"612517df29cd32c6632b4a44",5,"experience",4,4,5.75,3.11247489949718,3,11,0.979409375242402,0
"612517df29cd32c6632b4a44",6,"experience",3,3,7.66666666666667,4.92160768674447,2,14,0.200700187208795,0
"612517df29cd32c6632b4a44",7,"experience",11,11,9.09090909090909,5.31643327898671,1,17,-0.101517857995795,1
"612517df29cd32c6632b4a44",8,"experience",5,5,7.4,3.07245829914744,4,12,0.407116170779017,0
"612517df29cd32c6632b4a44",9,"experience",8,8,36.75,5.86834729715275,29,48,0.527453667954665,0
"612517df29cd32c6632b4a44",10,"experience",3,3,6,4.08248290463863,1,11,0,1
"612517df29cd32c6632b4a44",11,"experience",12,12,36,5.01663898109747,29,45,0.380191752964187,0
"612517df29cd32c6632b4a44",12,"experience",2,2,9,7,2,16,0,0
"612517df29cd32c6632b4a44",13,"experience",2,2,25,4,21,29,0,0
"612517df29cd32c6632b4a44",14,"experience",10,10,31.2,5.9464274989274,22,40,-0.125669583629514,0
"612517df29cd32c6632b4a44",15,"experience",20,20,27.5,5.5,19,38,0.398497370398196,0
"612517df29cd32c6632b4a44",16,"experience",10,10,19.2,5.9464274989274,10,28,-0.125669583629514,0
"612517df29cd32c6632b4a44",17,"experience",10,10,21.2,5.9464274989274,12,30,-0.125669583629514,0
"612517df29cd32c6632b4a44",18,"experience",20,20,30.5,5.5,22,41,0.398497370398196,0
"612517df29cd32c6632b4a44",19,"experience",20,20,25.5,5.5,17,36,0.398497370398196,0
"612517df29cd32c6632b4a44",20,"experience",2,2,24,4,20,28,0,0
"612517df29cd32c6632b4a44",21,"experience",20,20,21.5,5.5,13,32,0.398497370398196,0
"612517df29cd32c6632b4a44",22,"experience",20,20,17.5,5.5,9,28,0.398497370398196,0
"612517df29cd32c6632b4a44",23,"experience",20,20,23.5,5.5,15,34,0.398497370398196,0
"612517df29cd32c6632b4a44",24,"experience",10,10,29.2,5.9464274989274,20,38,-0.125669583629514,0
"612517df29cd32c6632b4a44",25,"experience",10,10,33.2,5.9464274989274,24,42,-0.125669583629516,0
"612517df29cd32c6632b4a44",26,"experience",20,20,34.5,5.5,26,45,0.398497370398196,0
"612517df29cd32c6632b4a44",27,"experience",10,10,16.2,5.9464274989274,7,25,-0.125669583629514,0
"612517df29cd32c6632b4a44",28,"experience",2,2,35,4,31,39,0,0
"612517df29cd32c6632b4a44",29,"experience",10,10,17.2,5.9464274989274,8,26,-0.125669583629514,0
"612517df29cd32c6632b4a44",30,"experience",2,2,21,4,17,25,0,0
"612517df29cd32c6632b4a44",31,"experience",20,20,27.5,5.5,19,38,0.398497370398196,0
"612517df29cd32c6632b4a44",32,"experience",2,2,21,4,17,25,0,0
"612517df29cd32c6632b4a44",33,"experience",10,10,24.2,5.9464274989274,15,33,-0.125669583629514,0
"612517df29cd32c6632b4a44",34,"experience",2,2,31,4,27,35,0,0
"612517df29cd32c6632b4a44",35,"experience",10,10,35.2,5.9464274989274,26,44,-0.125669583629516,0
"612517df29cd32c6632b4a44",36,"experience",2,2,17,4,13,21,0,0
"612517df29cd32c6632b4a44",37,"experience",2,2,15,4,11,19,0,0
"612517df29cd32c6632b4a44",38,"experience",10,10,23.2,5.9464274989274,14,32,-0.125669583629514,0
"612517df29cd32c6632b4a44",39,"experience",2,2,33,4,29,37,0,0
"612517df29cd32c6632b4a44",40,"experience",10,10,32.2,5.9464274989274,23,41,-0.125669583629516,0
"612517df29cd32c6632b4a44",41,"experience",2,2,21,4,17,25,0,0
"612517df29cd32c6632b4a44",42,"experience",20,20,27.5,5.5,19,38,0.398497370398196,0
"612517df29cd32c6632b4a44",43,"experience",2,2,25,4,21,29,0,0
"612517df29cd32c6632b4a44",44,"experience",2,2,17,4,13,21,0,0
"612517df29cd32c6632b4a44",45,"experience",2,2,16,4,12,20,0,0
"612517df29cd32c6632b4a44",46,"experience",2,2,17,4,13,21,0,0
"612517df29cd32c6632b4a44",47,"experience",20,20,24.5,5.5,16,35,0.398497370398196,0
"612517df29cd32c6632b4a44",48,"experience",2,2,23,4,19,27,0,0
"612517df29cd32c6632b4a44",49,"experience",10,10,23.2,5.9464274989274,14,32,-0.125669583629514,0
"612517df29cd32c6632b4a44",50,"experience",20,20,30.5,5.5,22,41,0.398497370398196,0
"612517df29cd32c6632b4a44",51,"experience",20,20,17.5,5.5,9,28,0.398497370398196,0
"612517df29cd32c6632b4a44",52,"experience",20,20,29.5,5.5,21,40,0.398497370398196,0
"612517df29cd32c6632b4a44",53,"experience",10,10,20.2,5.9464274989274,11,29,-0.125669583629514,0
"612517df29cd32c6632b4a44",54,"experience",20,20,28.5,5.5,20,39,0.398497370398196,0
"612517df29cd32c6632b4a44",55,"experience",10,10,30.2,5.9464274989274,21,39,-0.125669583629514,0
"612517df29cd32c6632b4a44",56,"experience",20,20,13.5,5.5,5,24,0.398497370398196,0
"612517df29cd32c6632b4a44",57,"experience",20,20,20.5,5.5,12,31,0.398497370398196,0
"612517df29cd32c6632b4a44",58,"experience",10,10,34.2,5.9464274989274,25,43,-0.125669583629516,0
"612517df29cd32c6632b4a44",59,"experience",2,2,25,4,21,29,0,0
"612517df29cd32c6632b4a44",60,"experience",10,10,24.2,5.9464274989274,15,33,-0.125669583629514,0
"612517df29cd32c6632b4a44",61,"experience",2,2,16,4,12,20,0,0
"612517df29cd32c6632b4a44",62,"experience",10,10,22.2,5.9464274989274,13,31,-0.125669583629514,0
"612517df29cd32c6632b4a44",63,"experience",20,20,33.5,5.5,25,44,0.398497370398196,0
"612517df29cd32c6632b4a44",64,"experience",20,20,16.5,5.5,8,27,0.398497370398196,0
"612517df29cd32c6632b4a44",65,"experience",2,2,30,4,26,34,0,0
"612517df29cd32c6632b4a44",66,"experience",10,10,30.2,5.9464274989274,21,39,-0.125669583629514,0
"612517df29cd32c6632b4a44",67,"experience",20,20,21.5,5.5,13,32,0.398497370398196,0
"612517df29cd32c6632b4a44",68,"experience",2,2,18,4,14,22,0,0
"612517df29cd32c6632b4a44",69,"experience",20,20,15.5,5.5,7,26,0.398497370398196,0
"612517df29cd32c6632b4a44",70,"experience",20,20,23.5,5.5,15,34,0.398497370398196,0
"612517df29cd32c6632b4a44",71,"experience",2,2,18,4,14,22,0,0
"612517df29cd32c6632b4a44",72,"experience",2,2,15,4,11,19,0,0
"612517df29cd32c6632b4a44",73,"experience",20,20,21.5,5.5,13,32,0.398497370398196,0
"612517df29cd32c6632b4a44",74,"experience",20,20,33.5,5.5,25,44,0.398497370398196,0
"612517df29cd32c6632b4a44",75,"experience",20,20,17.5,5.5,9,28,0.398497370398196,0
"612517df29cd32c6632b4a44",76,"experience",2,2,14,4,10,18,0,0
"612517df29cd32c6632b4a44",77,"experience",10,10,15.2,5.9464274989274,6,24,-0.125669583629514,0
"612517df29cd32c6632b4a44",78,"experience",20,20,14.5,5.5,6,25,0.398497370398196,0
"612517df29cd32c6632b4a44",79,"experience",20,20,17.5,5.5,9,28,0.398497370398196,0
"612517df29cd32c6632b4a44",80,"experience",10,10,31.2,5.9464274989274,22,40,-0.125669583629514,0
"612517df29cd32c6632b4a44",81,"experience",20,20,12.5,5.5,4,23,0.398497370398196,0
"612517df29cd32c6632b4a44",82,"experience",20,20,23.5,5.5,15,34,0.398497370398196,0
"612517df29cd32c6632b4a44",83,"experience",10,10,17.2,5.9464274989274,8,26,-0.125669583629514,0
"612517df29cd32c6632b4a44",84,"experience",10,10,32.2,5.9464274989274,23,41,-0.125669583629516,0
"612517df29cd32c6632b4a44",85,"experience",2,2,34,4,30,38,0,0
"612517df29cd32c6632b4a44",86,"experience",10,10,26.2,5.9464274989274,17,35,-0.125669583629514,0
"612517df29cd32c6632b4a44",87,"experience",2,2,15,4,11,19,0,0
"612517df29cd32c6632b4a44",88,"experience",10,10,16.2,5.9464274989274,7,25,-0.125669583629514,0
"612517df29cd32c6632b4a44",89,"experience",2,2,17,4,13,21,0,0
"612517df29cd32c6632b4a44",90,"experience",10,10,28.2,5.9464274989274,19,37,-0.125669583629514,0
"612517df29cd32c6632b4a44",91,"experience",2,2,14,4,10,18,0,0
"612517df29cd32c6632b4a44",92,"experience",2,2,14,4,10,18,0,0
"612517df29cd32c6632b4a44",93,"experience",20,20,13.5,5.5,5,24,0.398497370398196,0
"612517df29cd32c6632b4a44",94,"experience",2,2,16,4,12,20,0,0
"612517df29cd32c6632b4a44",95,"experience",10,10,29.2,5.9464274989274,20,38,-0.125669583629514,0
"612517df29cd32c6632b4a44",96,"experience",20,20,14.5,5.5,6,25,0.398497370398196,0
"612517df29cd32c6632b4a44",97,"experience",10,10,26.2,5.9464274989274,17,35,-0.125669583629514,0
"612517df29cd32c6632b4a44",98,"experience",10,10,15.2,5.9464274989274,6,24,-0.125669583629514,0
"612517df29cd32c6632b4a44",99,"experience",2,2,25,4,21,29,0,0
"612517df29cd32c6632b4a44",100,"experience",20,20,31.5,5.5,23,42,0.398497370398196,0
"612517df29cd32c6632b4a44",101,"experience",2,2,30,4,26,34,0,0
"612517df29cd32c6632b4a44",102,"experience",2,2,30,4,26,34,0,0
"612517df29cd32c6632b4a44",103,"experience",10,10,29.2,5.9464274989274,20,38,-0.125669583629514,0
"612517df29cd32c6632b4a44",104,"experience",2,2,29,4,25,33,0,0
"612517df29cd32c6632b4a44",105,"experience",10,10,14.2,5.9464274989274,5,23,-0.125669583629514,0
"612517df29cd32c6632b4a44",106,"experience",20,20,34.5,5.5,26,45,0.398497370398196,0
"612517df29cd32c6632b4a44",107,"experience",10,10,20.2,5.9464274989274,11,29,-0.125669583629514,0
"612517df29cd32c6632b4a44",108,"experience",10,10,33.2,5.9464274989274,24,42,-0.125669583629516,0
"66562875b665d8e2b1b6fc66",1,"experience",11,11,11.9090909090909,6.50111242864768,2,20,-0.321661559471824,0
"66562875b665d8e2b1b6fc66",2,"experience",8,8,37.125,4.62162038683404,31,46,0.558307493973295,0
"66562875b665d8e2b1b6fc66",3,"experience",8,8,8.5,5.85234995535981,2,18,0.493906032782244,0
"66562875b665d8e2b1b6fc66",4,"experience",7,7,10.5714285714286,6.25316246521123,3,20,0.39347820612483,0
"66562875b665d8e2b1b6fc66",5,"experience",3,3,42.6666666666667,1.6996731711976,41,45,0.528004979218192,0
"66562875b665d8e2b1b6fc66",6,"experience",5,5,37,4.33589667773576,31,44,0.309146096307552,0
"66562875b665d8e2b1b6fc66",7,"experience",8,8,38.25,4.264680527308,32,45,0.271953269888915,0
"66562875b665d8e2b1b6fc66",8,"experience",5,5,12.8,5.2687759489278,3,18,-1.03606410260643,0
"66562875b665d8e2b1b6fc66",9,"experience",6,6,7,4.86483983977547,1,14,0.390847080957958,1
"66562875b665d8e2b1b6fc66",10,"experience",8,8,10.75,4.43705983732471,4,17,-0.0225374467927604,0
"66562875b665d8e2b1b6fc66",11,"experience",6,6,14.1666666666667,3.28718048721934,9,19,-0.0630842522510746,0
"66562875b665d8e2b1b6fc66",12,"experience",8,8,10.625,6.24374687187109,1,20,0.0278755849274567,1
"66562875b665d8e2b1b6fc66",13,"experience",10,10,34.2,5.9464274989274,25,43,-0.125669583629516,0
"66562875b665d8e2b1b6fc66",14,"experience",2,2,35,4,31,39,0,0
"66562875b665d8e2b1b6fc66",15,"experience",10,10,33.2,5.9464274989274,24,42,-0.125669583629516,0
"66562875b665d8e2b1b6fc66",16,"experience",2,2,27,4,23,31,0,0
"66562875b665d8e2b1b6fc66",17,"experience",20,20,17.5,5.5,9,28,0.398497370398196,0
"66562875b665d8e2b1b6fc66",18,"experience",20,20,34.5,5.5,26,45,0.398497370398196,0
"66562875b665d8e2b1b6fc66",19,"experience",10,10,18.2,5.9464274989274,9,27,-0.125669583629514,0
"66562875b665d8e2b1b6fc66",20,"experience",2,2,19,4,15,23,0,0
"66562875b665d8e2b1b6fc66",21,"experience",20,20,22.5,5.5,14,33,0.398497370398196,0
"66562875b665d8e2b1b6fc66",22,"experience",2,2,35,4,31,39,0,0
"66562875b665d8e2b1b6fc66",23,"experience",2,2,23,4,19,27,0,0
"66562875b665d8e2b1b6fc66",24,"experience",10,10,33.2,5.9464274989274,24,42,-0.125669583629516,0
"66562875b665d8e2b1b6fc66",25,"experience",10,10,24.2,5.9464274989274,15,33,-0.125669583629514,0
"66562875b665d8e2b1b6fc66",26,"experience",20,20,27.5,5.5,19,38,0.398497370398196,0
"66562875b665d8e2b1b6fc66",27,"experience",10,10,28.2,5.9464274989274,19,37,-0.125669583629514,0
"66562875b665d8e2b1b6fc66",28,"experience",20,20,19.5,5.5,11,30,0.398497370398196,0
"66562875b665d8e2b1b6fc66",29,"experience",2,2,20,4,16,24,0,0
"66562875b665d8e2b1b6fc66",30,"experience",20,20,29.5,5.5,21,40,0.398497370398196,0
"66562875b665d8e2b1b6fc66",31,"experience",10,10,15.2,5.9464274989274,6,24,-0.125669583629514,0
"66562875b665d8e2b1b6fc66",32,"experience",10,10,23.2,5.9464274989274,14,32,-0.125669583629514,0
"66562875b665d8e2b1b6fc66",33,"experience",2,2,18,4,14,22,0,0
"66562875b665d8e2b1b6fc66",34,"experience",20,20,27.5,5.5,19,38,0.398497370398196,0
"66562875b665d8e2b1b6fc66",35,"experience",20,20,23.5,5.5,15,34,0.398497370398196,0
"66562875b665d8e2b1b6fc66",36,"experience",10,10,21.2,5.9464274989274,12,30,-0.125669583629514,0
"66562875b665d8e2b1b6fc66",37,"experience",2,2,36,4,32,40,0,0
"66562875b665d8e2b1b6fc66",38,"experience",10,10,30.2,5.9464274989274,21,39,-0.125669583629514,0
"66562875b665d8e2b1b6fc66",39,"experience",2,2,30,4,26,34,0,0
"66562875b665d8e2b1b6fc66",40,"experience",20,20,13.5,5.5,5,24,0.398497370398196,0
"66562875b665d8e2b1b6fc66",41,"experience",20,20,21.5,5.5,13,32,0.398497370398196,0
"66562875b665d8e2b1b6fc66",42,"experience",2,2,27,4,23,31,0,0
"66562875b665d8e2b1b6fc66",43,"experience",2,2,32,4,28,36,0,0
"66562875b665d8e2b1b6fc66",44,"experience",2,2,31,4,27,35,0,0
"66562875b665d8e2b1b6fc66",45,"experience",20,20,34.5,5.5,26,45,0.398497370398196,0
"66562875b665d8e2b1b6fc66",46,"experience",20,20,33.5,5.5,25,44,0.398497370398196,0
"66562875b665d8e2b1b6fc66",47,"experience",10,10,20.2,5.9464274989274,11,29,-0.125669583629514,0
"66562875b665d8e2b1b6fc66",48,"experience",20,20,19.5,5.5,11,30,0.398497370398196,0
"66562875b665d8e2b1b6fc66",49,"experience",2,2,31,4,27,35,0,0
"66562875b665d8e2b1b6fc66",50,"experience",2,2,28,4,24,32,0,0
"66562875b665d8e2b1b6fc66",51,"experience",2,2,15,4,11,19,0,0
"66562875b665d8e2b1b6fc66",52,"experience",10,10,19.2,5.9464274989274,10,28,-0.125669583629514,0
"66562875b665d8e2b1b6fc66",53,"experience",10,10,35.2,5.9464274989274,26,44,-0.125669583629516,0
"66562875b665d8e2b1b6fc66",54,"experience",20,20,14.5,5.5,6,25,0.398497370398196,0
"66562875b665d8e2b1b6fc66",55,"experience",20,20,31.5,5.5,23,42,0.398497370398196,0
"66562875b665d8e2b1b6fc66",56,"experience",10,10,27.2,5.9464274989274,18,36,-0.125669583629514,0
"66562875b665d8e2b1b6fc66",57,"experience",10,10,36.2,5.9464274989274,27,45,-0.125669583629516,0
"66562875b665d8e2b1b6fc66",58,"experience",20,20,14.5,5.5,6,25,0.398497370398196,0
"66562875b665d8e2b1b6fc66",59,"experience",2,2,15,4,11,19,0,0
"66562875b665d8e2b1b6fc66",60,"experience",10,10,17.2,5.9464274989274,8,26,-0.125669583629514,0
"66562875b665d8e2b1b6fc66",61,"experience",10,10,28.2,5.9464274989274,19,37,-0.125669583629514,0
"66562875b665d8e2b1b6fc66",62,"experience",2,2,17,4,13,21,0,0
"66562875b665d8e2b1b6fc66",63,"experience",20,20,20.5,5.5,12,31,0.398497370398196,0
"66562875b665d8e2b1b6fc66",64,"experience",2,2,26,4,22,30,0,0
"66562875b665d8e2b1b6fc66",65,"experience",2,2,24,4,20,28,0,0
"66562875b665d8e2b1b6fc66",66,"experience",10,10,15.2,5.9464274989274,6,24,-0.125669583629514,0
"66562875b665d8e2b1b6fc66",67,"experience",20,20,22.5,5.5,14,33,0.398497370398196,0
"66562875b665d8e2b1b6fc66",68,"experience",10,10,28.2,5.9464274989274,19,37,-0.125669583629514,0
"66562875b665d8e2b1b6fc66",69,"experience",10,10,24.2,5.9464274989274,15,33,-0.125669583629514,0
"66562875b665d8e2b1b6fc66",70,"experience",2,2,22,4,18,26,0,0
"66562875b665d8e2b1b6fc66",71,"experience",10,10,16.2,5.9464274989274,7,25,-0.125669583629514,0
"66562875b665d8e2b1b6fc66",72,"experience",2,2,20,4,16,24,0,0
"66562875b665d8e2b1b6fc66",73,"experience",20,20,18.5,5.5,10,29,0.398497370398196,0
"66562875b665d8e2b1b6fc66",74,"experience",10,10,22.2,5.9464274989274,13,31,-0.125669583629514,0
"66562875b665d8e2b1b6fc66",75,"experience",20,20,25.5,5.5,17,36,0.398497370398196,0
"66562875b665d8e2b1b6fc66",76,"experience",10,10,24.2,5.9464274989274,15,33,-0.125669583629514,0
"66562875b665d8e2b1b6fc66",77,"experience",20,20,13.5,5.5,5,24,0.398497370398196,0
"66562875b665d8e2b1b6fc66",78,"experience",20,20,13.5,5.5,5,24,0.398497370398196,0
"66562875b665d8e2b1b6fc66",79,"experience",2,2,18,4,14,22,0,0
"66562875b665d8e2b1b6fc66",80,"experience",20,20,26.5,5.5,18,37,0.398497370398196,0
"66562875b665d8e2b1b6fc66",81,"experience",20,20,15.5,5.5,7,26,0.398497370398196,0
"66562875b665d8e2b1b6fc66",82,"experience",2,2,17,4,13,21,0,0
"66562875b665d8e2b1b6fc66",83,"experience",20,20,27.5,5.5,19,38,0.398497370398196,0
"66562875b665d8e2b1b6fc66",84,"experience",20,20,30.5,5.5,22,41,0.398497370398196,0
"66562875b665d8e2b1b6fc66",85,"experience",20,20,17.5,5.5,9,28,0.398497370398196,0
"66562875b665d8e2b1b6fc66",86,"experience",2,2,24,4,20,28,0,0
"66562875b665d8e2b1b6fc66",87,"experience",10,10,22.2,5.9464274989274,13,31,-0.125669583629514,0
"66562875b665d8e2b1b6fc66",88,"experience",10,10,16.2,5.9464274989274,7,25,-0.125669583629514,0
"66562875b665d8e2b1b6fc66",89,"experience",2,2,14,4,10,18,0,0
"66562875b665d8e2b1b6fc66",90,"experience",20,20,13.5,5.5,5,24,0.398497370398196,0
"66562875b665d8e2b1b6fc66",91,"experience",2,2,34,4,30,38,0,0
"66562875b665d8e2b1b6fc66",92,"experience",10,10,35.2,5.9464274989274,26,44,-0.125669583629516,0
"66562875b665d8e2b1b6fc66",93,"experience",20,20,24.5,5.5,16,35,0.398497370398196,0
"66562875b665d8e2b1b6fc66",94,"experience",20,20,34.5,5.5,26,45,0.398497370398196,0
"66562875b665d8e2b1b6fc66",95,"experience",2,2,23,4,19,27,0,0
"66562875b665d8e2b1b6fc66",96,"experience",10,10,20.2,5.9464274989274,11,29,-0.125669583629514,0
"66562875b665d8e2b1b6fc66",97,"experience",20,20,22.5,5.5,14,33,0.398497370398196,0
"66562875b665d8e2b1b6fc66",98,"experience",2,2,22,4,18,26,0,0
"66562875b665d8e2b1b6fc66",99,"experience",10,10,32.2,5.9464274989274,23,41,-0.125669583629516,0
"66562875b665d8e2b1b6fc66",100,"experience",2,2,24,4,20,28,0,0
"66562875b665d8e2b1b6fc66",101,"experience",10,10,23.2,5.9464274989274,14,32,-0.125669583629514,0
"66562875b665d8e2b1b6fc66",102,"experience",2,2,31,4,27,35,0,0
"66562875b665d8e2b1b6fc66",103,"experience",10,10,15.2,5.9464274989274,6,24,-0.125669583629514,0
"66562875b665d8e2b1b6fc66",104,"experience",2,2,18,4,14,22,0,0
"66562875b665d8e2b1b6fc66",105,"experience",10,10,27.2,5.9464274989274,18,36,-0.125669583629514,0
"66562875b665d8e2b1b6fc66",106,"experience",2,2,15,4,11,19,0,0
"66562875b665d8e2b1b6fc66",107,"experience",20,20,31.5,5.5,23,42,0.398497370398196,0
"66562875b665d8e2b1b6fc66",108,"experience",10,10,25.2,5.9464274989274,16,34,-0.125669583629514,0
"5d982c7ef65bb80019cc6731",1,"experience",5,5,37.6,4.12795348811006,32,43,-0.0723340391687615,0
"5d982c7ef65bb80019cc6731",2,"experience",9,9,37.1111111111111,5.8584117006507,30,47,0.454258108028197,0
"5d982c7ef65bb80019cc6731",3,"experience",7,7,37.5714285714286,5.99659767480439,29,46,-0.125091202666402,0
"5d982c7ef65bb80019cc6731",4,"experience",4,4,10.25,6.17960354715414,2,19,0.108455625161601,0
"5d982c7ef65bb80019cc6731",5,"experience",9,9,35.8888888888889,5.06500947557399,29,44,0.193231396371207,0
"5d982c7ef65bb80019cc6731",6,"experience",2,2,37,6,31,43,0,0
"5d982c7ef65bb80019cc6731",7,"experience",7,7,8.85714285714286,5.89015089373951,1,20,0.533464240668151,1
"5d982c7ef65bb80019cc6731",8,"experience",9,9,37.2222222222222,4.7557632353406,30,45,0.283243762368732,0
"5d982c7ef65bb80019cc6731",9,"experience",2,2,6,1,5,7,0,0
"5d982c7ef65bb80019cc6731",10,"experience",9,9,41.2222222222222,5.11593974809837,32,47,-0.795905177836388,0
"5d982c7ef65bb80019cc6731",11,"experience",12,12,13.5833333333333,4.7689679759415,4,20,-0.547805774029856,0
"5d982c7ef65bb80019cc6731",12,"experience",3,3,40.3333333333333,8.17856276425687,29,48,-0.582377652273189,0
"5d982c7ef65bb80019cc6731",13,"experience",2,2,26,4,22,30,0,0
"5d982c7ef65bb80019cc6731",14,"experience",10,10,28.2,5.9464274989274,19,37,-0.125669583629514,0
"5d982c7ef65bb80019cc6731",15,"experience",20,20,28.5,5.5,20,39,0.398497370398196,0
"5d982c7ef65bb80019cc6731",16,"experience",2,2,32,4,28,36,0,0
"5d982c7ef65bb80019cc6731",17,"experience",2,2,35,4,31,39,0,0
"5d982c7ef65bb80019cc6731",18,"experience",20,20,30.5,5.5,22,41,0.398497370398196,0
"5d982c7ef65bb80019cc6731",19,"experience",2,2,26,4,22,30,0,0
"5d982c7ef65bb80019cc6731",20,"experience",10,10,22.2,5.9464274989274,13,31,-0.125669583629514,0
"5d982c7ef65bb80019cc6731",21,"experience",10,10,28.2,5.9464274989274,19,37,-0.125669583629514,0
"5d982c7ef65bb80019cc6731",22,"experience",10,10,24.2,5.9464274989274,15,33,-0.125669583629514,0
"5d982c7ef65bb80019cc6731",23,"experience",10,10,29.2,5.9464274989274,20,38,-0.125669583629514,0
"5d982c7ef65bb80019cc6731",24,"experience",10,10,16.2,5.9464274989274,7,25,-0.125669583629514,0
"5d982c7ef65bb80019cc6731",25,"experience",20,20,13.5,5.5,5,24,0.398497370398196,0
"5d982c7ef65bb80019cc6731",26,"experience",2,2,32,4,28,36,0,0
"5d982c7ef65bb80019cc6731",27,"experience",10,10,29.2,5.9464274989274,20,38,-0.125669583629514,0
"5d982c7ef65bb80019cc6731",28,"experience",2,2,31,4,27,35,0,0
"5d982c7ef65bb80019cc6731",29,"experience",2,2,23,4,19,27,0,0
"5d982c7ef65bb80019cc6731",30,"experience",10,10,22.2,5.9464274989274,13,31,-0.125669583629514,0
"5d982c7ef65bb80019cc6731",31,"experience",20,20,17.5,5.5,9,28,0.398497370398196,0
"5d982c7ef65bb80019cc6731",32,"experience",20,20,12.5,5.5,4,23,0.398497370398196,0
"5d982c7ef65bb80019cc6731",33,"experience",10,10,19.2,5.9464274989274,10,28,-0.125669583629514,0
"5d982c7ef65bb80019cc6731",34,"experience",2,2,18,4,14,22,0,0
"5d982c7ef65bb80019cc6731",35,"experience",20,20,33.5,5.5,25,44,0.398497370398196,0
"5d982c7ef65bb80019cc6731",36,"experience",20,20,34.5,5.5,26,45,0.398497370398196,0
"5d982c7ef65bb80019cc6731",37,"experience",20,20,23.5,5.5,15,34,0.398497370398196,0
"5d982c7ef65bb80019cc6731",38,"experience",20,20,32.5,5.5,24,43,0.398497370398196,0
"5d982c7ef65bb80019cc6731",39,"experience",20,20,29.5,5.5,21,40,0.398497370398196,0
"5d982c7ef65bb80019cc6731",40,"experience",2,2,31,4,27,35,0,0
"5d982c7ef65bb80019cc6731",41,"experience",10,10,31.2,5.9464274989274,22,40,-0.125669583629514,0
"5d982c7ef65bb80019cc6731",42,"experience",2,2,22,4,18,26,0,0
"5d982c7ef65bb80019cc6731",43,"experience",10,10,24.2,5.9464274989274,15,33,-0.125669583629514,0
"5d982c7ef65bb80019cc6731",44,"experience",2,2,35,4,31,39,0,0
"5d982c7ef65bb80019cc6731",45,"experience",20,20,33.5,5.5,25,44,0.398497370398196,0
"5d982c7ef65bb80019cc6731",46,"experience",10,10,15.2,5.9464274989274,6,24,-0.125669583629514,0
"5d982c7ef65bb80019cc6731",47,"experience",20,20,25.5,5.5,17,36,0.398497370398196,0
"5d982c7ef65bb80019cc6731",48,"experience",10,10,33.2,5.9464274989274,24,42,-0.125669583629516,0
"5d982c7ef65bb80019cc6731",49,"experience",20,20,28.5,5.5,20,39,0.398497370398196,0
"5d982c7ef65bb80019cc6731",50,"experience",20,20,22.5,5.5,14,33,0.398497370398196,0
"5d982c7ef65bb80019cc6731",51,"experience",2,2,17,4,13,21,0,0
"5d982c7ef65bb80019cc6731",52,"experience",2,2,32,4,28,36,0,0
"5d982c7ef65bb80019cc6731",53,"experience",10,10,30.2,5.9464274989274,21,39,-0.125669583629514,0
"5d982c7ef65bb80019cc6731",54,"experience",20,20,31.5,5.5,23,42,0.398497370398196,0
"5d982c7ef65bb80019cc6731",55,"experience",10,10,29.2,5.9464274989274,20,38,-0.125669583629514,0
"5d982c7ef65bb80019cc6731",56,"experience",2,2,24,4,20,28,0,0
"5d982c7ef65bb80019cc6731",57,"experience",2,2,26,4,22,30,0,0
"5d982c7ef65bb80019cc6731",58,"experience",20,20,15.5,5.5,7,26,0.398497370398196,0
"5d982c7ef65bb80019cc6731",59,"experience",2,2,14,4,10,18,0,0
"5d982c7ef65bb80019cc6731",60,"experience",10,10,21.2,5.9464274989274,12,30,-0.125669583629514,0
"5d982c7ef65bb80019cc6731",61,"experience",20,20,15.5,5.5,7,26,0.398497370398196,0
"5d982c7ef65bb80019cc6731",62,"experience",10,10,30.2,5.9464274989274,21,39,-0.125669583629514,0
"5d982c7ef65bb80019cc6731",63,"experience",20,20,26.5,5.5,18,37,0.398497370398196,0
"5d982c7ef65bb80019cc6731",64,"experience",2,2,20,4,16,24,0,0
"5d982c7ef65bb80019cc6731",65,"experience",10,10,28.2,5.9464274989274,19,37,-0.125669583629514,0
"5d982c7ef65bb80019cc6731",66,"experience",2,2,25,4,21,29,0,0
"5d982c7ef65bb80019cc6731",67,"experience",20,20,31.5,5.5,23,42,0.398497370398196,0
"5d982c7ef65bb80019cc6731",68,"experience",20,20,12.5,5.5,4,23,0.398497370398196,0
"5d982c7ef65bb80019cc6731",69,"experience",10,10,16.2,5.9464274989274,7,25,-0.125669583629514,0
"5d982c7ef65bb80019cc6731",70,"experience",10,10,29.2,5.9464274989274,20,38,-0.125669583629514,0
"5d982c7ef65bb80019cc6731",71,"experience",10,10,31.2,5.9464274989274,22,40,-0.125669583629514,0
"5d982c7ef65bb80019cc6731",72,"experience",2,2,25,4,21,29,0,0
"5d982c7ef65bb80019cc6731",73,"experience",20,20,23.5,5.5,15,34,0.398497370398196,0
"5d982c7ef65bb80019cc6731",74,"experience",10,10,26.2,5.9464274989274,17,35,-0.125669583629514,0
"5d982c7ef65bb80019cc6731",75,"experience",20,20,29.5,5.5,21,40,0.398497370398196,0
"5d982c7ef65bb80019cc6731",76,"experience",2,2,29,4,25,33,0,0
"5d982c7ef65bb80019cc6731",77,"experience",2,2,29,4,25,33,0,0
"5d982c7ef65bb80019cc6731",78,"experience",2,2,31,4,27,35,0,0
"5d982c7ef65bb80019cc6731",79,"experience",10,10,36.2,5.9464274989274,27,45,-0.125669583629516,0
"5d982c7ef65bb80019cc6731",80,"experience",10,10,23.2,5.9464274989274,14,32,-0.125669583629514,0
"5d982c7ef65bb80019cc6731",81,"experience",20,20,19.5,5.5,11,30,0.398497370398196,0
"5d982c7ef65bb80019cc6731",82,"experience",2,2,26,4,22,30,0,0
"5d982c7ef65bb80019cc6731",83,"experience",20,20,15.5,5.5,7,26,0.398497370398196,0
"5d982c7ef65bb80019cc6731",84,"experience",20,20,15.5,5.5,7,26,0.398497370398196,0
"5d982c7ef65bb80019cc6731",85,"experience",10,10,33.2,5.9464274989274,24,42,-0.125669583629516,0
"5d982c7ef65bb80019cc6731",86,"experience",10,10,35.2,5.9464274989274,26,44,-0.125669583629516,0
"5d982c7ef65bb80019cc6731",87,"experience",2,2,24,4,20,28,0,0
"5d982c7ef65bb80019cc6731",88,"experience",20,20,17.5,5.5,9,28,0.398497370398196,0
"5d982c7ef65bb80019cc6731",89,"experience",2,2,16,4,12,20,0,0
"5d982c7ef65bb80019cc6731",90,"experience",10,10,24.2,5.9464274989274,15,33,-0.125669583629514,0
"5d982c7ef65bb80019cc6731",91,"experience",2,2,32,4,28,36,0,0
"5d982c7ef65bb80019cc6731",92,"experience",10,10,15.2,5.9464274989274,6,24,-0.125669583629514,0
"5d982c7ef65bb80019cc6731",93,"experience",10,10,25.2,5.9464274989274,16,34,-0.125669583629514,0
"5d982c7ef65bb80019cc6731",94,"experience",2,2,19,4,15,23,0,0
"5d982c7ef65bb80019cc6731",95,"experience",2,2,21,4,17,25,0,0
"5d982c7ef65bb80019cc6731",96,"experience",20,20,13.5,5.5,5,24,0.398497370398196,0
"5d982c7ef65bb80019cc6731",97,"experience",2,2,28,4,24,32,0,0
"5d982c7ef65bb80019cc6731",98,"experience",10,10,15.2,5.9464274989274,6,24,-0.125669583629514,0
"5d982c7ef65bb80019cc6731",99,"experience",20,20,33.5,5.5,25,44,0.398497370398196,0
"5d982c7ef65bb80019cc6731",100,"experience",2,2,35,4,31,39,0,0
"5d982c7ef65bb80019cc6731",101,"experience",20,20,14.5,5.5,6,25,0.398497370398196,0
"5d982c7ef65bb80019cc6731",102,"experience",10,10,35.2,5.9464274989274,26,44,-0.125669583629516,0
"5d982c7ef65bb80019cc6731",103,"experience",20,20,31.5,5.5,23,42,0.398497370398196,0
"5d982c7ef65bb80019cc6731",104,"experience",10,10,35.2,5.9464274989274,26,44,-0.125669583629516,0
"5d982c7ef65bb80019cc6731",105,"experience",2,2,20,4,16,24,0,0
"5d982c7ef65bb80019cc6731",106,"experience",20,20,15.5,5.5,7,26,0.398497370398196,0
"5d982c7ef65bb80019cc6731",107,"experience",2,2,14,4,10,18,0,0
"5d982c7ef65bb80019cc6731",108,"experience",20,20,24.5,5.5,16,35,0.398497370398196,0
"668ebf594982c57c983cd910",1,"experience",3,3,10.3333333333333,4.49691252107735,4,14,-0.680971899701847,0
"668ebf594982c57c983cd910",2,"experience",11,11,11.4545454545455,5.49981216809243,3,20,-0.0162585148747697,0
"668ebf594982c57c983cd910",3,"experience",3,3,33.3333333333333,2.05480466765633,31,36,0.239063146929541,0
"668ebf594982c57c983cd910",4,"experience",5,5,41.8,3.96988664825584,36,47,-0.139629860982482,0
"668ebf594982c57c983cd910",5,"experience",8,8,39.75,5.9947894041409,29,48,-0.408615724799151,0
"668ebf594982c57c983cd910",6,"experience",10,10,38.2,5.86174035590114,31,48,0.443752876521602,0
"668ebf594982c57c983cd910",7,"experience",5,5,38.6,5.74804314527997,31,46,-0.12788855968164,0
"668ebf594982c57c983cd910",8,"experience",2,2,11.5,7.5,4,19,0,0
"668ebf594982c57c983cd910",9,"experience",7,7,37.7142857142857,6.92230939404898,29,48,0.399525107944859,0
"668ebf594982c57c983cd910",10,"experience",2,2,39,5,34,44,0,0
"668ebf594982c57c983cd910",11,"experience",11,11,10.9090909090909,5.07139115672049,3,19,-0.0347342503090766,0
"668ebf594982c57c983cd910",12,"experience",12,12,10,4.98330546257535,2,19,0.165653773766074,0
"668ebf594982c57c983cd910",13,"experience",20,20,23.5,5.5,15,34,0.398497370398196,0
"668ebf594982c57c983cd910",14,"experience",10,10,17.2,5.9464274989274,8,26,-0.125669583629514,0
"668ebf594982c57c983cd910",15,"experience",10,10,30.2,5.9464274989274,21,39,-0.125669583629514,0
"668ebf594982c57c983cd910",16,"experience",10,10,36.2,5.9464274989274,27,45,-0.125669583629516,0
"668ebf594982c57c983cd910",17,"experience",10,10,20.2,5.9464274989274,11,29,-0.125669583629514,0
"668ebf594982c57c983cd910",18,"experience",20,20,34.5,5.5,26,45,0.398497370398196,0
"668ebf594982c57c983cd910",19,"experience",2,2,15,4,11,19,0,0
"668ebf594982c57c983cd910",20,"experience",20,20,27.5,5.5,19,38,0.398497370398196,0
"668ebf594982c57c983cd910",21,"experience",2,2,19,4,15,23,0,0
"668ebf594982c57c983cd910",22,"experience",2,2,19,4,15,23,0,0
"668ebf594982c57c983cd910",23,"experience",2,2,21,4,17,25,0,0
"668ebf594982c57c983cd910",24,"experience",10,10,15.2,5.9464274989274,6,24,-0.125669583629514,0
"668ebf594982c57c983cd910",25,"experience",20,20,18.5,5.5,10,29,0.398497370398196,0
"668ebf594982c57c983cd910",26,"experience",20,20,30.5,5.5,22,41,0.398497370398196,0
"668ebf594982c57c983cd910",27,"experience",2,2,22,4,18,26,0,0
"668ebf594982c57c983cd910",28,"experience",2,2,27,4,23,31,0,0
"668ebf594982c57c983cd910",29,"experience",20,20,33.5,5.5,25,44,0.398497370398196,0
"668ebf594982c57c983cd910",30,"experience",10,10,15.2,5.9464274989274,6,24,-0.125669583629514,0
"668ebf594982c57c983cd910",31,"experience",2,2,34,4,30,38,0,0
"668ebf594982c57c983cd910",32,"experience",20,20,26.5,5.5,18,37,0.398497370398196,0
"668ebf594982c57c983cd910",33,"experience",20,20,16.5,5.5,8,27,0.398497370398196,0
"668ebf594982c57c983cd910",34,"experience",10,10,27.2,5.9464274989274,18,36,-0.125669583629514,0
"668ebf594982c57c983cd910",35,"experience",10,10,35.2,5.9464274989274,26,44,-0.125669583629516,0
"668ebf594982c57c983cd910",36,"experience",20,20,21.5,5.5,13,32,0.398497370398196,0
"668ebf594982c57c983cd910",37,"experience",10,10,34.2,5.9464274989274,25,43,-0.125669583629516,0
"668ebf594982c57c983cd910",38,"experience",20,20,17.5,5.5,9,28,0.398497370398196,0
"668ebf594982c57c983cd910",39,"experience",10,10,17.2,5.9464274989274,8,26,-0.125669583629514,0
"668ebf594982c57c983cd910",40,"experience",2,2,30,4,26,34,0,0
"668ebf594982c57c983cd910",41,"experience",2,2,31,4,27,35,0,0
"668ebf594982c57c983cd910",42,"experience",2,2,34,4,30,38,0,0
"668ebf594982c57c983cd910",43,"experience",2,2,28,4,24,32,0,0
"668ebf594982c57c983cd910",44,"experience",10,10,29.2,5.9464274989274,20,38,-0.125669583629514,0
"668ebf594982c57c983cd910",45,"experience",2,2,14,4,10,18,0,0
"668ebf594982c57c983cd910",46,"experience",20,20,23.5,5.5,15,34,0.398497370398196,0
"668ebf594982c57c983cd910",47,"experience",2,2,27,4,23,31,0,0
"668ebf594982c57c983cd910",48,"experience",2,2,19,4,15,23,0,0
"668ebf594982c57c983cd910",49,"experience",20,20,13.5,5.5,5,24,0.398497370398196,0
"668ebf594982c57c983cd910",50,"experience",10,10,24.2,5.9464274989274,15,33,-0.125669583629514,0
"668ebf594982c57c983cd910",51,"experience",20,20,29.5,5.5,21,40,0.398497370398196,0
"668ebf594982c57c983cd910",52,"experience",2,2,28,4,24,32,0,0
"668ebf594982c57c983cd910",53,"experience",10,10,19.2,5.9464274989274,10,28,-0.125669583629514,0
"668ebf594982c57c983cd910",54,"experience",10,10,15.2,5.9464274989274,6,24,-0.125669583629514,0
"668ebf594982c57c983cd910",55,"experience",10,10,26.2,5.9464274989274,17,35,-0.125669583629514,0
"668ebf594982c57c983cd910",56,"experience",10,10,25.2,5.9464274989274,16,34,-0.125669583629514,0
"668ebf594982c57c983cd910",57,"experience",20,20,15.5,5.5,7,26,0.398497370398196,0
"668ebf594982c57c983cd910",58,"experience",20,20,26.5,5.5,18,37,0.398497370398196,0
"668ebf594982c57c983cd910",59,"experience",20,20,12.5,5.5,4,23,0.398497370398196,0
"668ebf594982c57c983cd910",60,"experience",2,2,22,4,18,26,0,0
"668ebf594982c57c983cd910",61,"experience",2,2,28,4,24,32,0,0
"668ebf594982c57c983cd910",62,"experience",10,10,33.2,5.9464274989274,24,42,-0.125669583629516,0
"668ebf594982c57c983cd910",63,"experience",20,20,18.5,5.5,10,29,0.398497370398196,0
"668ebf594982c57c983cd910",64,"experience",20,20,26.5,5.5,18,37,0.398497370398196,0
"668ebf594982c57c983cd910",65,"experience",20,20,32.5,5.5,24,43,0.398497370398196,0
"668ebf594982c57c983cd910",66,"experience",10,10,20.2,5.9464274989274,11,29,-0.125669583629514,0
"668ebf594982c57c983cd910",67,"experience",2,2,26,4,22,30,0,0
"668ebf594982c57c983cd910",68,"experience",10,10,20.2,5.9464274989274,11,29,-0.125669583629514,0
"668ebf594982c57c983cd910",69,"experience",2,2,19,4,15,23,0,0
"668ebf594982c57c983cd910",70,"experience",2,2,31,4,27,35,0,0
"668ebf594982c57c983cd910",71,"experience",20,20,13.5,5.5,5,24,0.398497370398196,0
"668ebf594982c57c983cd910",72,"experience",2,2,23,4,19,27,0,0
"668ebf594982c57c983cd910",73,"experience",20,20,22.5,5.5,14,33,0.398497370398196,0
"668ebf594982c57c983cd910",74,"experience",10,10,32.2,5.9464274989274,23,41,-0.125669583629516,0
"668ebf594982c57c983cd910",75,"experience",10,10,22.2,5.9464274989274,13,31,-0.125669583629514,0
"668ebf594982c57c983cd910",76,"experience",10,10,36.2,5.9464274989274,27,45,-0.125669583629516,0
"668ebf594982c57c983cd910",77,"experience",2,2,23,4,19,27,0,0
"668ebf594982c57c983cd910",78,"experience",2,2,17,4,13,21,0,0
"668ebf594982c57c983cd910",79,"experience",10,10,15.2,5.9464274989274,6,24,-0.125669583629514,0
"668ebf594982c57c983cd910",80,"experience",10,10,20.2,5.9464274989274,11,29,-0.125669583629514,0
"668ebf594982c57c983cd910",81,"experience",20,20,32.5,5.5,24,43,0.398497370398196,0
"668ebf594982c57c983cd910",82,"experience",20,20,23.5,5.5,15,34,0.398497370398196,0
"668ebf594982c57c983cd910",83,"experience",2,2,15,4,11,19,0,0
"668ebf594982c57c983cd910",84,"experience",2,2,21,4,17,25,0,0
"668ebf594982c57c983cd910",85,"experience",20,20,22.5,5.5,14,33,0.398497370398196,0
"668ebf594982c57c983cd910",86,"experience",10,10,30.2,5.9464274989274,21,39,-0.125669583629514,0
"668ebf594982c57c983cd910",87,"experience",2,2,26,4,22,30,0,0
"668ebf594982c57c983cd910",88,"experience",10,10,16.2,5.9464274989274,7,25,-0.125669583629514,0
"668ebf594982c57c983cd910",89,"experience",20,20,31.5,5.5,23,42,0.398497370398196,0
"668ebf594982c57c983cd910",90,"experience",2,2,14,4,10,18,0,0
"668ebf594982c57c983cd910",91,"experience",20,20,15.5,5.5,7,26,0.398497370398196,0
"668ebf594982c57c983cd910",92,"experience",10,10,31.2,5.9464274989274,22,40,-0.125669583629514,0
"668ebf594982c57c983cd910",93,"experience",2,2,19,4,15,23,0,0
"668ebf594982c57c983cd910",94,"experience",2,2,27,4,23,31,0,0
"668ebf594982c57c983cd910",95,"experience",10,10,14.2,5.9464274989274,5,23,-0.125669583629514,0
"668ebf594982c57c983cd910",96,"experience",10,10,34.2,5.9464274989274,25,43,-0.125669583629516,0
"668ebf594982c57c983cd910",97,"experience",2,2,23,4,19,27,0,0
"668ebf594982c57c983cd910",98,"experience",20,20,31.5,5.5,23,42,0.398497370398196,0
"668ebf594982c57c983cd910",99,"experience",20,20,20.5,5.5,12,31,0.398497370398196,0
"668ebf594982c57c983cd910",100,"experience",2,2,19,4,15,23,0,0
"668ebf594982c57c983cd910",101,"experience",20,20,32.5,5.5,24,43,0.398497370398196,0
"668ebf594982c57c983cd910",102,"experience",10,10,24.2,5.9464274989274,15,33,-0.125669583629514,0
"668ebf594982c57c983cd910",103,"experience",10,10,31.2,5.9464274989274,22,40,-0.125669583629514,0
"668ebf594982c57c983cd910",104,"experience",20,20,31.5,5.5,23,42,0.398497370398196,0
"668ebf594982c57c983cd910",105,"experience",20,20,28.5,5.5,20,39,0.398497370398196,0
"668ebf594982c57c983cd910",106,"experience",2,2,30,4,26,34,0,0
"668ebf594982c57c983cd910",107,"experience",20,20,13.5,5.5,5,24,0.398497370398196,0
"668ebf594982c57c983cd910",108,"experience",10,10,29.2,5.9464274989274,20,38,-0.125669583629514,0
"663bc254f4b7b1bf2cdd0a70",1,"experience",11,11,38.6363636363636,6.5404020904018,29,47,-0.234000177182336,0
"663bc254f4b7b1bf2cdd0a70",2,"experience",7,7,39.5714285714286,5.52545131594678,31,47,-0.10981200475362,0
"663bc254f4b7b1bf2cdd0a70",3,"experience",4,4,7,4.74341649025257,1,14,0.281091347570523,1
"663bc254f4b7b1bf2cdd0a70",4,"experience",10,10,9.2,4.62168800331654,1,15,-0.577638066315284,1
"663bc254f4b7b1bf2cdd0a70",5,"experience",2,2,42,4,38,46,0,0
"663bc254f4b7b1bf2cdd0a70",6,"experience",5,5,12.8,4.35430821141545,8,20,0.527921788170328,0
"663bc254f4b7b1bf2cdd0a70",7,"experience",7,7,14.4285714285714,4.71644971977691,5,20,-0.775790676657791,0
"663bc254f4b7b1bf2cdd0a70",8,"experience",6,6,43.5,2.81365716935569,39,47,-0.336703572620958,0
"663bc254f4b7b1bf2cdd0a70",9,"experience",11,11,10.2727272727273,6.00137725239964,2,19,0.0616696858416352,0
"663bc254f4b7b1bf2cdd0a70",10,"experience",2,2,10.5,3.5,7,14,0,0
"663bc254f4b7b1bf2cdd0a70",11,"experience",5,5,11.8,5.15363949069005,5,20,0.281588345847372,0
"663bc254f4b7b1bf2cdd0a70",12,"experience",4,4,37.5,3.04138126514911,34,41,0,0
"663bc254f4b7b1bf2cdd0a70",13,"experience",2,2,30,4,26,34,0,0
"663bc254f4b7b1bf2cdd0a70",14,"experience",10,10,34.2,5.9464274989274,25,43,-0.125669583629516,0
"663bc254f4b7b1bf2cdd0a70",15,"experience",2,2,30,4,26,34,0,0
"663bc254f4b7b1bf2cdd0a70",16,"experience",2,2,18,4,14,22,0,0
"663bc254f4b7b1bf2cdd0a70",17,"experience",2,2,18,4,14,22,0,0
"663bc254f4b7b1bf2cdd0a70",18,"experience",2,2,33,4,29,37,0,0
"663bc254f4b7b1bf2cdd0a70",19,"experience",20,20,32.5,5.5,24,43,0.398497370398196,0
"663bc254f4b7b1bf2cdd0a70",20,"experience",20,20,30.5,5.5,22,41,0.398497370398196,0
"663bc254f4b7b1bf2cdd0a70",21,"experience",20,20,29.5,5.5,21,40,0.398497370398196,0
"663bc254f4b7b1bf2cdd0a70",22,"experience",20,20,26.5,5.5,18,37,0.398497370398196,0
"663bc254f4b7b1bf2cdd0a70",23,"experience",20,20,33.5,5.5,25,44,0.398497370398196,0
"663bc254f4b7b1bf2cdd0a70",24,"experience",10,10,18.2,5.9464274989274,9,27,-0.125669583629514,0
"663bc254f4b7b1bf2cdd0a70",25,"experience",10,10,17.2,5.9464274989274,8,26,-0.125669583629514,0
"663bc254f4b7b1bf2cdd0a70",26,"experience",10,10,21.2,5.9464274989274,12,30,-0.125669583629514,0
"663bc254f4b7b1bf2cdd0a70",27,"experience",2,2,25,4,21,29,0,0
"663bc254f4b7b1bf2cdd0a70",28,"experience",20,20,20.5,5.5,12,31,0.398497370398196,0
"663bc254f4b7b1bf2cdd0a70",29,"experience",20,20,27.5,5.5,19,38,0.398497370398196,0
"663bc254f4b7b1bf2cdd0a70",30,"experience",20,20,31.5,5.5,23,42,0.398497370398196,0
"663bc254f4b7b1bf2cdd0a70",31,"experience",10,10,33.2,5.9464274989274,24,42,-0.125669583629516,0
"663bc254f4b7b1bf2cdd0a70",32,"experience",20,20,29.5,5.5,21,40,0.398497370398196,0
"663bc254f4b7b1bf2cdd0a70",33,"experience",2,2,28,4,24,32,0,0
"663bc254f4b7b1bf2cdd0a70",34,"experience",10,10,25.2,5.9464274989274,16,34,-0.125669583629514,0
"663bc254f4b7b1bf2cdd0a70",35,"experience",2,2,24,4,20,28,0,0
"663bc254f4b7b1bf2cdd0a70",36,"experience",10,10,25.2,5.9464274989274,16,34,-0.125669583629514,0
"663bc254f4b7b1bf2cdd0a70",37,"experience",20,20,21.5,5.5,13,32,0.398497370398196,0
"663bc254f4b7b1bf2cdd0a70",38,"experience",2,2,35,4,31,39,0,0
"663bc254f4b7b1bf2cdd0a70",39,"experience",2,2,16,4,12,20,0,0
"663bc254f4b7b1bf2cdd0a70",40,"experience",10,10,18.2,5.9464274989274,9,27,-0.125669583629514,0
"663bc254f4b7b1bf2cdd0a70",41,"experience",2,2,17,4,13,21,0,0
"663bc254f4b7b1bf2cdd0a70",42,"experience",20,20,32.5,5.5,24,43,0.398497370398196,0
"663bc254f4b7b1bf2cdd0a70",43,"experience",20,20,24.5,5.5,16,35,0.398497370398196,0
"663bc254f4b7b1bf2cdd0a70",44,"experience",10,10,27.2,5.9464274989274,18,36,-0.125669583629514,0
"663bc254f4b7b1bf2cdd0a70",45,"experience",10,10,20.2,5.9464274989274,11,29,-0.125669583629514,0
"663bc254f4b7b1bf2cdd0a70",46,"experience",2,2,23,4,19,27,0,0
"663bc254f4b7b1bf2cdd0a70",47,"experience",10,10,16.2,5.9464274989274,7,25,-0.125669583629514,0
"663bc254f4b7b1bf2cdd0a70",48,"experience",10,10,30.2,5.9464274989274,21,39,-0.125669583629514,0
"663bc254f4b7b1bf2cdd0a70",49,"experience",2,2,16,4,12,20,0,0
"663bc254f4b7b1bf2cdd0a70",50,"experience",20,20,21.5,5.5,13,32,0.398497370398196,0
"663bc254f4b7b1bf2cdd0a70",51,"experience",20,20,27.5,5.5,19,38,0.398497370398196,0
"663bc254f4b7b1bf2cdd0a70",52,"experience",10,10,29.2,5.9464274989274,20,38,-0.125669583629514,0
"663bc254f4b7b1bf2cdd0a70",53,"experience",20,20,15.5,5.5,7,26,0.398497370398196,0
"663bc254f4b7b1bf2cdd0a70",54,"experience",10,10,16.2,5.9464274989274,7,25,-0.125669583629514,0
"663bc254f4b7b1bf2cdd0a70",55,"experience",2,2,19,4,15,23,0,0
"663bc254f4b7b1bf2cdd0a70",56,"experience",10,10,36.2,5.9464274989274,27,45,-0.125669583629516,0
"663bc254f4b7b1bf2cdd0a70",57,"experience",2,2,18,4,14,22,0,0
"663bc254f4b7b1bf2cdd0a70",58,"experience",20,20,20.5,5.5,12,31,0.398497370398196,0
"663bc254f4b7b1bf2cdd0a70",59,"experience",10,10,25.2,5.9464274989274,16,34,-0.125669583629514,0
"663bc254f4b7b1bf2cdd0a70",60,"experience",2,2,15,4,11,19,0,0
"663bc254f4b7b1bf2cdd0a70",61,"experience",2,2,25,4,21,29,0,0
"663bc254f4b7b1bf2cdd0a70",62,"experience",2,2,36,4,32,40,0,0
"663bc254f4b7b1bf2cdd0a70",63,"experience",2,2,34,4,30,38,0,0
"663bc254f4b7b1bf2cdd0a70",64,"experience",10,10,30.2,5.9464274989274,21,39,-0.125669583629514,0
"663bc254f4b7b1bf2cdd0a70",65,"experience",10,10,35.2,5.9464274989274,26,44,-0.125669583629516,0
"663bc254f4b7b1bf2cdd0a70",66,"experience",10,10,14.2,5.9464274989274,5,23,-0.125669583629514,0
"663bc254f4b7b1bf2cdd0a70",67,"experience",20,20,26.5,5.5,18,37,0.398497370398196,0
"663bc254f4b7b1bf2cdd0a70",68,"experience",10,10,24.2,5.9464274989274,15,33,-0.125669583629514,0
"663bc254f4b7b1bf2cdd0a70",69,"experience",20,20,20.5,5.5,12,31,0.398497370398196,0
"663bc254f4b7b1bf2cdd0a70",70,"experience",10,10,30.2,5.9464274989274,21,39,-0.125669583629514,0
"663bc254f4b7b1bf2cdd0a70",71,"experience",2,2,28,4,24,32,0,0
"663bc254f4b7b1bf2cdd0a70",72,"experience",10,10,26.2,5.9464274989274,17,35,-0.125669583629514,0
"663bc254f4b7b1bf2cdd0a70",73,"experience",20,20,31.5,5.5,23,42,0.398497370398196,0
"663bc254f4b7b1bf2cdd0a70",74,"experience",20,20,32.5,5.5,24,43,0.398497370398196,0
"663bc254f4b7b1bf2cdd0a70",75,"experience",10,10,29.2,5.9464274989274,20,38,-0.125669583629514,0
"663bc254f4b7b1bf2cdd0a70",76,"experience",2,2,33,4,29,37,0,0
"663bc254f4b7b1bf2cdd0a70",77,"experience",2,2,28,4,24,32,0,0
"663bc254f4b7b1bf2cdd0a70",78,"experience",10,10,36.2,5.9464274989274,27,45,-0.125669583629516,0
"663bc254f4b7b1bf2cdd0a70",79,"experience",20,20,13.5,5.5,5,24,0.398497370398196,0
"663bc254f4b7b1bf2cdd0a70",80,"experience",10,10,34.2,5.9464274989274,25,43,-0.125669583629516,0
"663bc254f4b7b1bf2cdd0a70",81,"experience",20,20,17.5,5.5,9,28,0.398497370398196,0
"663bc254f4b7b1bf2cdd0a70",82,"experience",20,20,24.5,5.5,16,35,0.398497370398196,0
"663bc254f4b7b1bf2cdd0a70",83,"experience",10,10,32.2,5.9464274989274,23,41,-0.125669583629516,0
"663bc254f4b7b1bf2cdd0a70",84,"experience",10,10,15.2,5.9464274989274,6,24,-0.125669583629514,0
"663bc254f4b7b1bf2cdd0a70",85,"experience",20,20,21.5,5.5,13,32,0.398497370398196,0
"663bc254f4b7b1bf2cdd0a70",86,"experience",10,10,28.2,5.9464274989274,19,37,-0.125669583629514,0
"663bc254f4b7b1bf2cdd0a70",87,"experience",20,20,26.5,5.5,18,37,0.398497370398196,0
"663bc254f4b7b1bf2cdd0a70",88,"experience",10,10,30.2,5.9464274989274,21,39,-0.125669583629514,0
"663bc254f4b7b1bf2cdd0a70",89,"experience",2,2,28,4,24,32,0,0
"663bc254f4b7b1bf2cdd0a70",90,"experience",2,2,25,4,21,29,0,0
"663bc254f4b7b1bf2cdd0a70",91,"experience",20,20,22.5,5.5,14,33,0.398497370398196,0
"663bc254f4b7b1bf2cdd0a70",92,"experience",2,2,32,4,28,36,0,0
"663bc254f4b7b1bf2cdd0a70",93,"experience",2,2,17,4,13,21,0,0
"663bc254f4b7b1bf2cdd0a70",94,"experience",10,10,25.2,5.9464274989274,16,34,-0.125669583629514,0
"663bc254f4b7b1bf2cdd0a70",95,"experience",20,20,15.5,5.5,7,26,0.398497370398196,0
"663bc254f4b7b1bf2cdd0a70",96,"experience",2,2,17,4,13,21,0,0
"663bc254f4b7b1bf2cdd0a70",97,"experience",2,2,19,4,15,23,0,0
"663bc254f4b7b1bf2cdd0a70",98,"experience",10,10,27.2,5.9464274989274,18,36,-0.125669583629514,0
"663bc254f4b7b1bf2cdd0a70",99,"experience",20,20,28.5,5.5,20,39,0.398497370398196,0
"663bc254f4b7b1bf2cdd0a70",100,"experience",2,2,27,4,23,31,0,0
"663bc254f4b7b1bf2cdd0a70",101,"experience",20,20,14.5,5.5,6,25,0.398497370398196,0
"663bc254f4b7b1bf2cdd0a70",102,"experience",20,20,20.5,5.5,12,31,0.398497370398196,0
"663bc254f4b7b1bf2cdd0a70",103,"experience",20,20,29.5,5.5,21,40,0.398497370398196,0
"663bc254f4b7b1bf2cdd0a70",104,"experience",10,10,31.2,5.9464274989274,22,40,-0.125669583629514,0
"663bc254f4b7b1bf2cdd0a70",105,"experience",2,2,33,4,29,37,0,0
"663bc254f4b7b1bf2cdd0a70",106,"experience",20,20,29.5,5.5,21,40,0.398497370398196,0
"663bc254f4b7b1bf2cdd0a70",107,"experience",2,2,35,4,31,39,0,0
"663bc254f4b7b1bf2cdd0a70",108,"experience",2,2,34,4,30,38,0,0
"67f054713cbdd6e7fdab28d4",1,"experience",3,3,7.66666666666667,4.18993502999218,2,12,-0.445109265323636,0
"67f054713cbdd6e7fdab28d4",2,"experience",5,5,13.6,5.38887743412299,5,20,-0.469592887077516,0
"67f054713cbdd6e7fdab28d4",3,"experience",5,5,35.2,4.95580467734555,30,44,0.826984032328746,0
"67f054713cbdd6e7fdab28d4",4,"experience",2,2,47,1,46,48,0,0
"67f054713cbdd6e7fdab28d4",5,"experience",12,12,38.75,4.16583324998333,31,45,-0.16209724862269,0
"67f054713cbdd6e7fdab28d4",6,"experience",12,12,10.9166666666667,6.23776580373311,1,20,0.029437121401195,1
"67f054713cbdd6e7fdab28d4",7,"experience",2,2,17.5,0.5,17,18,0,0
"67f054713cbdd6e7fdab28d4",8,"experience",2,2,11,3,8,14,0,0
"67f054713cbdd6e7fdab28d4",9,"experience",11,11,36.9090909090909,5.40125482818653,29,47,0.392617724505784,0
"67f054713cbdd6e7fdab28d4",10,"experience",6,6,40,5.35412613473634,29,45,-1.21184520680755,0
"67f054713cbdd6e7fdab28d4",11,"experience",5,5,38.4,4.8,33,45,0.25217013888889,0
"67f054713cbdd6e7fdab28d4",12,"experience",4,4,37.5,2.69258240356725,33,40,-0.922073403361913,0
"67f054713cbdd6e7fdab28d4",13,"experience",10,10,30.2,5.9464274989274,21,39,-0.125669583629514,0
"67f054713cbdd6e7fdab28d4",14,"experience",20,20,31.5,5.5,23,42,0.398497370398196,0
"67f054713cbdd6e7fdab28d4",15,"experience",2,2,35,4,31,39,0,0
"67f054713cbdd6e7fdab28d4",16,"experience",2,2,22,4,18,26,0,0
"67f054713cbdd6e7fdab28d4",17,"experience",2,2,24,4,20,28,0,0
"67f054713cbdd6e7fdab28d4",18,"experience",2,2,31,4,27,35,0,0
"67f054713cbdd6e7fdab28d4",19,"experience",2,2,21,4,17,25,0,0
"67f054713cbdd6e7fdab28d4",20,"experience",2,2,14,4,10,18,0,0
"67f054713cbdd6e7fdab28d4",21,"experience",10,10,16.2,5.9464274989274,7,25,-0.125669583629514,0
"67f054713cbdd6e7fdab28d4",22,"experience",10,10,36.2,5.9464274989274,27,45,-0.125669583629516,0
"67f054713cbdd6e7fdab28d4",23,"experience",10,10,22.2,5.9464274989274,13,31,-0.125669583629514,0
"67f054713cbdd6e7fdab28d4",24,"experience",2,2,35,4,31,39,0,0
"67f054713cbdd6e7fdab28d4",25,"experience",10,10,24.2,5.9464274989274,15,33,-0.125669583629514,0
"67f054713cbdd6e7fdab28d4",26,"experience",2,2,32,4,28,36,0,0
"67f054713cbdd6e7fdab28d4",27,"experience",2,2,26,4,22,30,0,0
"67f054713cbdd6e7fdab28d4",28,"experience",10,10,22.2,5.9464274989274,13,31,-0.125669583629514,0
"67f054713cbdd6e7fdab28d4",29,"experience",20,20,22.5,5.5,14,33,0.398497370398196,0
"67f054713cbdd6e7fdab28d4",30,"experience",20,20,21.5,5.5,13,32,0.398497370398196,0
"67f054713cbdd6e7fdab28d4",31,"experience",20,20,25.5,5.5,17,36,0.398497370398196,0
"67f054713cbdd6e7fdab28d4",32,"experience",10,10,16.2,5.9464274989274,7,25,-0.125669583629514,0
"67f054713cbdd6e7fdab28d4",33,"experience",2,2,25,4,21,29,0,0
"67f054713cbdd6e7fdab28d4",34,"experience",2,2,32,4,28,36,0,0
"67f054713cbdd6e7fdab28d4",35,"experience",2,2,23,4,19,27,0,0
"67f054713cbdd6e7fdab28d4",36,"experience",10,10,28.2,5.9464274989274,19,37,-0.125669583629514,0
"67f054713cbdd6e7fdab28d4",37,"experience",10,10,18.2,5.9464274989274,9,27,-0.125669583629514,0
"67f054713cbdd6e7fdab28d4",38,"experience",2,2,32,4,28,36,0,0
"67f054713cbdd6e7fdab28d4",39,"experience",20,20,24.5,5.5,16,35,0.398497370398196,0
"67f054713cbdd6e7fdab28d4",40,"experience",10,10,28.2,5.9464274989274,19,37,-0.125669583629514,0
"67f054713cbdd6e7fdab28d4",41,"experience",20,20,24.5,5.5,16,35,0.398497370398196,0
"67f054713cbdd6e7fdab28d4",42,"experience",10,10,25.2,5.9464274989274,16,34,-0.125669583629514,0
"67f054713cbdd6e7fdab28d4",43,"experience",10,10,25.2,5.9464274989274,16,34,-0.125669583629514,0
"67f054713cbdd6e7fdab28d4",44,"experience",20,20,32.5,5.5,24,43,0.398497370398196,0
"67f054713cbdd6e7fdab28d4",45,"experience",20,20,12.5,5.5,4,23,0.398497370398196,0
"67f054713cbdd6e7fdab28d4",46,"experience",20,20,25.5,5.5,17,36,0.398497370398196,0
"67f054713cbdd6e7fdab28d4",47,"experience",20,20,24.5,5.5,16,35,0.398497370398196,0
"67f054713cbdd6e7fdab28d4",48,"experience",10,10,27.2,5.9464274989274,18,36,-0.125669583629514,0
"67f054713cbdd6e7fdab28d4",49,"experience",20,20,34.5,5.5,26,45,0.398497370398196,0
"67f054713cbdd6e7fdab28d4",50,"experience",10,10,34.2,5.9464274989274,25,43,-0.125669583629516,0
"67f054713cbdd6e7fdab28d4",51,"experience",10,10,16.2,5.9464274989274,7,25,-0.125669583629514,0
"67f054713cbdd6e7fdab28d4",52,"experience",2,2,21,4,17,25,0,0
"67f054713cbdd6e7fdab28d4",53,"experience",20,20,18.5,5.5,10,29,0.398497370398196,0
"67f054713cbdd6e7fdab28d4",54,"experience",10,10,26.2,5.9464274989274,17,35,-0.125669583629514,0
"67f054713cbdd6e7fdab28d4",55,"experience",2,2,25,4,21,29,0,0
"67f054713cbdd6e7fdab28d4",56,"experience",20,20,15.5,5.5,7,26,0.398497370398196,0
"67f054713cbdd6e7fdab28d4",57,"experience",20,20,22.5,5.5,14,33,0.398497370398196,0
"67f054713cbdd6e7fdab28d4",58,"experience",20,20,23.5,5.5,15,34,0.398497370398196,0
"67f054713cbdd6e7fdab28d4",59,"experience",2,2,23,4,19,27,0,0
"67f054713cbdd6e7fdab28d4",60,"experience",20,20,31.5,5.5,23,42,0.398497370398196,0
"67f054713cbdd6e7fdab28d4",61,"experience",2,2,23,4,19,27,0,0
"67f054713cbdd6e7fdab28d4",62,"experience",2,2,16,4,12,20,0,0
"67f054713cbdd6e7fdab28d4",63,"experience",20,20,29.5,5.5,21,40,0.398497370398196,0
"67f054713cbdd6e7fdab28d4",64,"experience",10,10,17.2,5.9464274989274,8,26,-0.125669583629514,0
"67f054713cbdd6e7fdab28d4",65,"experience",2,2,14,4,10,18,0,0
"67f054713cbdd6e7fdab28d4",66,"experience",20,20,15.5,5.5,7,26,0.398497370398196,0
"67f054713cbdd6e7fdab28d4",67,"experience",10,10,30.2,5.9464274989274,21,39,-0.125669583629514,0
"67f054713cbdd6e7fdab28d4",68,"experience",20,20,29.5,5.5,21,40,0.398497370398196,0
"67f054713cbdd6e7fdab28d4",69,"experience",10,10,22.2,5.9464274989274,13,31,-0.125669583629514,0
"67f054713cbdd6e7fdab28d4",70,"experience",10,10,16.2,5.9464274989274,7,25,-0.125669583629514,0
"67f054713cbdd6e7fdab28d4",71,"experience",10,10,14.2,5.9464274989274,5,23,-0.125669583629514,0
"67f054713cbdd6e7fdab28d4",72,"experience",10,10,30.2,5.9464274989274,21,39,-0.125669583629514,0
"67f054713cbdd6e7fdab28d4",73,"experience",2,2,17,4,13,21,0,0
"67f054713cbdd6e7fdab28d4",74,"experience",2,2,29,4,25,33,0,0
"67f054713cbdd6e7fdab28d4",75,"experience",20,20,27.5,5.5,19,38,0.398497370398196,0
"67f054713cbdd6e7fdab28d4",76,"experience",20,20,28.5,5.5,20,39,0.398497370398196,0
"67f054713cbdd6e7fdab28d4",77,"experience",2,2,32,4,28,36,0,0
"67f054713cbdd6e7fdab28d4",78,"experience",10,10,35.2,5.9464274989274,26,44,-0.125669583629516,0
"67f054713cbdd6e7fdab28d4",79,"experience",20,20,16.5,5.5,8,27,0.398497370398196,0
"67f054713cbdd6e7fdab28d4",80,"experience",2,2,23,4,19,27,0,0
"67f054713cbdd6e7fdab28d4",81,"experience",10,10,18.2,5.9464274989274,9,27,-0.125669583629514,0
"67f054713cbdd6e7fdab28d4",82,"experience",20,20,24.5,5.5,16,35,0.398497370398196,0
"67f054713cbdd6e7fdab28d4",83,"experience",2,2,24,4,20,28,0,0
"67f054713cbdd6e7fdab28d4",84,"experience",10,10,23.2,5.9464274989274,14,32,-0.125669583629514,0
"67f054713cbdd6e7fdab28d4",85,"experience",20,20,34.5,5.5,26,45,0.398497370398196,0
"67f054713cbdd6e7fdab28d4",86,"experience",20,20,34.5,5.5,26,45,0.398497370398196,0
"67f054713cbdd6e7fdab28d4",87,"experience",20,20,18.5,5.5,10,29,0.398497370398196,0
"67f054713cbdd6e7fdab28d4",88,"experience",2,2,19,4,15,23,0,0
"67f054713cbdd6e7fdab28d4",89,"experience",20,20,13.5,5.5,5,24,0.398497370398196,0
"67f054713cbdd6e7fdab28d4",90,"experience",2,2,33,4,29,37,0,0
"67f054713cbdd6e7fdab28d4",91,"experience",10,10,35.2,5.9464274989274,26,44,-0.125669583629516,0
"67f054713cbdd6e7fdab28d4",92,"experience",10,10,31.2,5.9464274989274,22,40,-0.125669583629514,0
"67f054713cbdd6e7fdab28d4",93,"experience",2,2,35,4,31,39,0,0
"67f054713cbdd6e7fdab28d4",94,"experience",10,10,20.2,5.9464274989274,11,29,-0.125669583629514,0
"67f054713cbdd6e7fdab28d4",95,"experience",20,20,24.5,5.5,16,35,0.398497370398196,0
"67f054713cbdd6e7fdab28d4",96,"experience",20,20,28.5,5.5,20,39,0.398497370398196,0
"67f054713cbdd6e7fdab28d4",97,"experience",2,2,21,4,17,25,0,0
"67f054713cbdd6e7fdab28d4",98,"experience",2,2,16,4,12,20,0,0
"67f054713cbdd6e7fdab28d4",99,"experience",10,10,22.2,5.9464274989274,13,31,-0.125669583629514,0
"67f054713cbdd6e7fdab28d4",100,"experience",20,20,29.5,5.5,21,40,0.398497370398196,0
"67f054713cbdd6e7fdab28d4",101,"experience",2,2,26,4,22,30,0,0
"67f054713cbdd6e7fdab28d4",102,"experience",10,10,15.2,5.9464274989274,6,24,-0.125669583629514,0
"67f054713cbdd6e7fdab28d4",103,"experience",10,10,26.2,5.9464274989274,17,35,-0.125669583629514,0
"67f054713cbdd6e7fdab28d4",104,"experience",2,2,14,4,10,18,0,0
"67f054713cbdd6e7fdab28d4",105,"experience",10,10,31.2,5.9464274989274,22,40,-0.125669583629514,0
"67f054713cbdd6e7fdab28d4",106,"experience",20,20,34.5,5.5,26,45,0.398497370398196,0
"67f054713cbdd6e7fdab28d4",107,"experience",20,20,23.5,5.5,15,34,0.398497370398196,0
"67f054713cbdd6e7fdab28d4",108,"experience",2,2,26,4,22,30,0,0
"6667a6558073abc1cd0e6daf",1,"experience",7,7,9.85714285714286,5.43608502584013,2,18,0.104645798268596,0
"6667a6558073abc1cd0e6daf",2,"experience",6,6,11,5.44671154612273,2,19,-0.185659906255919,0
"6667a6558073abc1cd0e6daf",3,"experience",2,2,7.5,1.5,6,9,0,0
"6667a6558073abc1cd0e6daf",4,"experience",12,12,11.5833333333333,4.71625439894367,5,20,0.299888642450359,0
"6667a6558073abc1cd0e6daf",5,"experience",2,2,8.5,3.5,5,12,0,0
"6667a6558073abc1cd0e6daf",6,"experience",11,11,35.4545454545455,5.58184779382136,29,47,0.96527019690323,0
"6667a6558073abc1cd0e6daf",7,"experience",3,3,3.66666666666667,2.05480466765633,1,6,-0.239063146929544,1
"6667a6558073abc1cd0e6daf",8,"experience",3,3,38.3333333333333,5.73488351136175,31,45,-0.172800544078652,0
"6667a6558073abc1cd0e6daf",9,"experience",9,9,11,4.85340659285368,3,19,0.0816388257430887,0
"6667a6558073abc1cd0e6daf",10,"experience",12,12,10.5833333333333,5.75120760265954,1,19,-0.16821206252045,1
"6667a6558073abc1cd0e6daf",11,"experience",2,2,42.5,1.5,41,44,0,0
"6667a6558073abc1cd0e6daf",12,"experience",7,7,11.2857142857143,5.62429133857986,2,20,-0.102747199521445,0
"6667a6558073abc1cd0e6daf",13,"experience",10,10,33.2,5.9464274989274,24,42,-0.125669583629516,0
"6667a6558073abc1cd0e6daf",14,"experience",10,10,31.2,5.9464274989274,22,40,-0.125669583629514,0
"6667a6558073abc1cd0e6daf",15,"experience",2,2,25,4,21,29,0,0
"6667a6558073abc1cd0e6daf",16,"experience",20,20,14.5,5.5,6,25,0.398497370398196,0
"6667a6558073abc1cd0e6daf",17,"experience",2,2,19,4,15,23,0,0
"6667a6558073abc1cd0e6daf",18,"experience",10,10,16.2,5.9464274989274,7,25,-0.125669583629514,0
"6667a6558073abc1cd0e6daf",19,"experience",2,2,33,4,29,37,0,0
"6667a6558073abc1cd0e6daf",20,"experience",10,10,26.2,5.9464274989274,17,35,-0.125669583629514,0
"6667a6558073abc1cd0e6daf",21,"experience",10,10,24.2,5.9464274989274,15,33,-0.125669583629514,0
"6667a6558073abc1cd0e6daf",22,"experience",20,20,20.5,5.5,12,31,0.398497370398196,0
"6667a6558073abc1cd0e6daf",23,"experience",20,20,22.5,5.5,14,33,0.398497370398196,0
"6667a6558073abc1cd0e6daf",24,"experience",2,2,31,4,27,35,0,0
"6667a6558073abc1cd0e6daf",25,"experience",2,2,18,4,14,22,0,0
"6667a6558073abc1cd0e6daf",26,"experience",10,10,28.2,5.9464274989274,19,37,-0.125669583629514,0
"6667a6558073abc1cd0e6daf",27,"experience",10,10,30.2,5.9464274989274,21,39,-0.125669583629514,0
"6667a6558073abc1cd0e6daf",28,"experience",20,20,22.5,5.5,14,33,0.398497370398196,0
"6667a6558073abc1cd0e6daf",29,"experience",2,2,18,4,14,22,0,0
"6667a6558073abc1cd0e6daf",30,"experience",10,10,27.2,5.9464274989274,18,36,-0.125669583629514,0
"6667a6558073abc1cd0e6daf",31,"experience",2,2,30,4,26,34,0,0
"6667a6558073abc1cd0e6daf",32,"experience",20,20,32.5,5.5,24,43,0.398497370398196,0
"6667a6558073abc1cd0e6daf",33,"experience",10,10,22.2,5.9464274989274,13,31,-0.125669583629514,0
"6667a6558073abc1cd0e6daf",34,"experience",10,10,24.2,5.9464274989274,15,33,-0.125669583629514,0
"6667a6558073abc1cd0e6daf",35,"experience",10,10,25.2,5.9464274989274,16,34,-0.125669583629514,0
"6667a6558073abc1cd0e6daf",36,"experience",2,2,33,4,29,37,0,0
"6667a6558073abc1cd0e6daf",37,"experience",2,2,36,4,32,40,0,0
"6667a6558073abc1cd0e6daf",38,"experience",20,20,18.5,5.5,10,29,0.398497370398196,0
"6667a6558073abc1cd0e6daf",39,"experience",2,2,35,4,31,39,0,0
"6667a6558073abc1cd0e6daf",40,"experience",20,20,12.5,5.5,4,23,0.398497370398196,0
"6667a6558073abc1cd0e6daf",41,"experience",2,2,22,4,18,26,0,0
"6667a6558073abc1cd0e6daf",42,"experience",2,2,20,4,16,24,0,0
"6667a6558073abc1cd0e6daf",43,"experience",10,10,31.2,5.9464274989274,22,40,-0.125669583629514,0
"6667a6558073abc1cd0e6daf",44,"experience",2,2,25,4,21,29,0,0
"6667a6558073abc1cd0e6daf",45,"experience",20,20,14.5,5.5,6,25,0.398497370398196,0
"6667a6558073abc1cd0e6daf",46,"experience",20,20,27.5,5.5,19,38,0.398497370398196,0
"6667a6558073abc1cd0e6daf",47,"experience",10,10,24.2,5.9464274989274,15,33,-0.125669583629514,0
"6667a6558073abc1cd0e6daf",48,"experience",10,10,20.2,5.9464274989274,11,29,-0.125669583629514,0
"6667a6558073abc1cd0e6daf",49,"experience",10,10,14.2,5.9464274989274,5,23,-0.125669583629514,0
"6667a6558073abc1cd0e6daf",50,"experience",20,20,23.5,5.5,15,34,0.398497370398196,0
"6667a6558073abc1cd0e6daf",51,"experience",20,20,17.5,5.5,9,28,0.398497370398196,0
"6667a6558073abc1cd0e6daf",52,"experience",2,2,20,4,16,24,0,0
"6667a6558073abc1cd0e6daf",53,"experience",20,20,32.5,5.5,24,43,0.398497370398196,0
"6667a6558073abc1cd0e6daf",54,"experience",20,20,25.5,5.5,17,36,0.398497370398196,0
"6667a6558073abc1cd0e6daf",55,"experience",2,2,18,4,14,22,0,0
"6667a6558073abc1cd0e6daf",56,"experience",20,20,24.5,5.5,16,35,0.398497370398196,0
"6667a6558073abc1cd0e6daf",57,"experience",2,2,21,4,17,25,0,0
"6667a6558073abc1cd0e6daf",58,"experience",20,20,17.5,5.5,9,28,0.398497370398196,0
"6667a6558073abc1cd0e6daf",59,"experience",10,10,19.2,5.9464274989274,10,28,-0.125669583629514,0
"6667a6558073abc1cd0e6daf",60,"experience",20,20,18.5,5.5,10,29,0.398497370398196,0
"6667a6558073abc1cd0e6daf",61,"experience",10,10,19.2,5.9464274989274,10,28,-0.125669583629514,0
"6667a6558073abc1cd0e6daf",62,"experience",10,10,24.2,5.9464274989274,15,33,-0.125669583629514,0
"6667a6558073abc1cd0e6daf",63,"experience",20,20,34.5,5.5,26,45,0.398497370398196,0
"6667a6558073abc1cd0e6daf",64,"experience",2,2,31,4,27,35,0,0
"6667a6558073abc1cd0e6daf",65,"experience",10,10,20.2,5.9464274989274,11,29,-0.125669583629514,0
"6667a6558073abc1cd0e6daf",66,"experience",2,2,20,4,16,24,0,0
"6667a6558073abc1cd0e6daf",67,"experience",10,10,17.2,5.9464274989274,8,26,-0.125669583629514,0
"6667a6558073abc1cd0e6daf",68,"experience",10,10,27.2,5.9464274989274,18,36,-0.125669583629514,0
"6667a6558073abc1cd0e6daf",69,"experience",2,2,19,4,15,23,0,0
"6667a6558073abc1cd0e6daf",70,"experience",10,10,20.2,5.9464274989274,11,29,-0.125669583629514,0
"6667a6558073abc1cd0e6daf",71,"experience",2,2,25,4,21,29,0,0
"6667a6558073abc1cd0e6daf",72,"experience",2,2,32,4,28,36,0,0
"6667a6558073abc1cd0e6daf",73,"experience",20,20,16.5,5.5,8,27,0.398497370398196,0
"6667a6558073abc1cd0e6daf",74,"experience",2,2,19,4,15,23,0,0
"6667a6558073abc1cd0e6daf",75,"experience",10,10,30.2,5.9464274989274,21,39,-0.125669583629514,0
"6667a6558073abc1cd0e6daf",76,"experience",20,20,27.5,5.5,19,38,0.398497370398196,0
"6667a6558073abc1cd0e6daf",77,"experience",20,20,29.5,5.5,21,40,0.398497370398196,0
"6667a6558073abc1cd0e6daf",78,"experience",20,20,29.5,5.5,21,40,0.398497370398196,0
"6667a6558073abc1cd0e6daf",79,"experience",10,10,33.2,5.9464274989274,24,42,-0.125669583629516,0
"6667a6558073abc1cd0e6daf",80,"experience",2,2,30,4,26,34,0,0
"6667a6558073abc1cd0e6daf",81,"experience",10,10,21.2,5.9464274989274,12,30,-0.125669583629514,0
"6667a6558073abc1cd0e6daf",82,"experience",2,2,21,4,17,25,0,0
"6667a6558073abc1cd0e6daf",83,"experience",2,2,25,4,21,29,0,0
"6667a6558073abc1cd0e6daf",84,"experience",10,10,34.2,5.9464274989274,25,43,-0.125669583629516,0
"6667a6558073abc1cd0e6daf",85,"experience",2,2,22,4,18,26,0,0
"6667a6558073abc1cd0e6daf",86,"experience",2,2,24,4,20,28,0,0
"6667a6558073abc1cd0e6daf",87,"experience",20,20,15.5,5.5,7,26,0.398497370398196,0
"6667a6558073abc1cd0e6daf",88,"experience",20,20,17.5,5.5,9,28,0.398497370398196,0
"6667a6558073abc1cd0e6daf",89,"experience",10,10,32.2,5.9464274989274,23,41,-0.125669583629516,0
"6667a6558073abc1cd0e6daf",90,"experience",20,20,31.5,5.5,23,42,0.398497370398196,0
"6667a6558073abc1cd0e6daf",91,"experience",20,20,32.5,5.5,24,43,0.398497370398196,0
"6667a6558073abc1cd0e6daf",92,"experience",20,20,25.5,5.5,17,36,0.398497370398196,0
"6667a6558073abc1cd0e6daf",93,"experience",10,10,26.2,5.9464274989274,17,35,-0.125669583629514,0
"6667a6558073abc1cd0e6daf",94,"experience",2,2,26,4,22,30,0,0
"6667a6558073abc1cd0e6daf",95,"experience",20,20,16.5,5.5,8,27,0.398497370398196,0
"6667a6558073abc1cd0e6daf",96,"experience",20,20,14.5,5.5,6,25,0.398497370398196,0
"6667a6558073abc1cd0e6daf",97,"experience",10,10,27.2,5.9464274989274,18,36,-0.125669583629514,0
"6667a6558073abc1cd0e6daf",98,"experience",2,2,20,4,16,24,0,0
"6667a6558073abc1cd0e6daf",99,"experience",2,2,15,4,11,19,0,0
"6667a6558073abc1cd0e6daf",100,"experience",2,2,17,4,13,21,0,0
"6667a6558073abc1cd0e6daf",101,"experience",10,10,25.2,5.9464274989274,16,34,-0.125669583629514,0
"6667a6558073abc1cd0e6daf",102,"experience",20,20,24.5,5.5,16,35,0.398497370398196,0
"6667a6558073abc1cd0e6daf",103,"experience",20,20,17.5,5.5,9,28,0.398497370398196,0
"6667a6558073abc1cd0e6daf",104,"experience",2,2,28,4,24,32,0,0
"6667a6558073abc1cd0e6daf",105,"experience",10,10,16.2,5.9464274989274,7,25,-0.125669583629514,0
"6667a6558073abc1cd0e6daf",106,"experience",20,20,28.5,5.5,20,39,0.398497370398196,0
"6667a6558073abc1cd0e6daf",107,"experience",20,20,34.5,5.5,26,45,0.398497370398196,0
"6667a6558073abc1cd0e6daf",108,"experience",10,10,15.2,5.9464274989274,6,24,-0.125669583629514,0
"67246794a85893f571f01fcc",1,"experience",2,2,6.5,5.5,1,12,0,1
"67246794a85893f571f01fcc",2,"experience",10,10,37.8,6.6,29,48,0.18206862008515,0
"67246794a85893f571f01fcc",3,"experience",11,11,10,5.46060269733862,2,20,0.257945260520848,0
"67246794a85893f571f01fcc",4,"experience",9,9,39.2222222222222,5.88364546438832,32,48,0.277236594586795,0
"67246794a85893f571f01fcc",5,"experience",7,7,38.1428571428571,5.84144237150311,30,46,-0.00816168425026597,0
"67246794a85893f571f01fcc",6,"experience",3,3,17.6666666666667,1.6996731711976,16,20,0.528004979218186,0
"67246794a85893f571f01fcc",7,"experience",9,9,8.66666666666667,5.3748384988657,1,17,0.0124034734589211,1
"67246794a85893f571f01fcc",8,"experience",11,11,9.45454545454546,5.67872643154233,1,19,0.0716084171437491,1
"67246794a85893f571f01fcc",9,"experience",4,4,35.25,2.8613807855649,32,39,0.132056032991516,0
"67246794a85893f571f01fcc",10,"experience",4,4,10.5,7.0178344238091,3,18,0,0
"67246794a85893f571f01fcc",11,"experience",2,2,46.5,1.5,45,48,0,0
"67246794a85893f571f01fcc",12,"experience",2,2,3,2,1,5,0,1
"67246794a85893f571f01fcc",13,"experience",20,20,24.5,5.5,16,35,0.398497370398196,0
"67246794a85893f571f01fcc",14,"experience",2,2,25,4,21,29,0,0
"67246794a85893f571f01fcc",15,"experience",2,2,15,4,11,19,0,0
"67246794a85893f571f01fcc",16,"experience",20,20,15.5,5.5,7,26,0.398497370398196,0
"67246794a85893f571f01fcc",17,"experience",20,20,19.5,5.5,11,30,0.398497370398196,0
"67246794a85893f571f01fcc",18,"experience",10,10,20.2,5.9464274989274,11,29,-0.125669583629514,0
"67246794a85893f571f01fcc",19,"experience",2,2,36,4,32,40,0,0
"67246794a85893f571f01fcc",20,"experience",20,20,19.5,5.5,11,30,0.398497370398196,0
"67246794a85893f571f01fcc",21,"experience",20,20,15.5,5.5,7,26,0.398497370398196,0
"67246794a85893f571f01fcc",22,"experience",2,2,35,4,31,39,0,0
"67246794a85893f571f01fcc",23,"experience",10,10,15.2,5.9464274989274,6,24,-0.125669583629514,0
"67246794a85893f571f01fcc",24,"experience",10,10,26.2,5.9464274989274,17,35,-0.125669583629514,0
"67246794a85893f571f01fcc",25,"experience",20,20,27.5,5.5,19,38,0.398497370398196,0
"67246794a85893f571f01fcc",26,"experience",10,10,23.2,5.9464274989274,14,32,-0.125669583629514,0
"67246794a85893f571f01fcc",27,"experience",20,20,17.5,5.5,9,28,0.398497370398196,0
"67246794a85893f571f01fcc",28,"experience",10,10,35.2,5.9464274989274,26,44,-0.125669583629516,0
"67246794a85893f571f01fcc",29,"experience",2,2,25,4,21,29,0,0
"67246794a85893f571f01fcc",30,"experience",10,10,14.2,5.9464274989274,5,23,-0.125669583629514,0
"67246794a85893f571f01fcc",31,"experience",10,10,36.2,5.9464274989274,27,45,-0.125669583629516,0
"67246794a85893f571f01fcc",32,"experience",10,10,24.2,5.9464274989274,15,33,-0.125669583629514,0
"67246794a85893f571f01fcc",33,"experience",10,10,35.2,5.9464274989274,26,44,-0.125669583629516,0
"67246794a85893f571f01fcc",34,"experience",10,10,28.2,5.9464274989274,19,37,-0.125669583629514,0
"67246794a85893f571f01fcc",35,"experience",20,20,19.5,5.5,11,30,0.398497370398196,0
"67246794a85893f571f01fcc",36,"experience",2,2,31,4,27,35,0,0
"67246794a85893f571f01fcc",37,"experience",10,10,20.2,5.9464274989274,11,29,-0.125669583629514,0
"67246794a85893f571f01fcc",38,"experience",20,20,18.5,5.5,10,29,0.398497370398196,0
"67246794a85893f571f01fcc",39,"experience",2,2,28,4,24,32,0,0
"67246794a85893f571f01fcc",40,"experience",10,10,18.2,5.9464274989274,9,27,-0.125669583629514,0
"67246794a85893f571f01fcc",41,"experience",2,2,22,4,18,26,0,0
"67246794a85893f571f01fcc",42,"experience",20,20,33.5,5.5,25,44,0.398497370398196,0
"67246794a85893f571f01fcc",43,"experience",10,10,34.2,5.9464274989274,25,43,-0.125669583629516,0
"67246794a85893f571f01fcc",44,"experience",10,10,22.2,5.9464274989274,13,31,-0.125669583629514,0
"67246794a85893f571f01fcc",45,"experience",10,10,24.2,5.9464274989274,15,33,-0.125669583629514,0
"67246794a85893f571f01fcc",46,"experience",2,2,34,4,30,38,0,0
"67246794a85893f571f01fcc",47,"experience",20,20,27.5,5.5,19,38,0.398497370398196,0
"67246794a85893f571f01fcc",48,"experience",2,2,36,4,32,40,0,0
"67246794a85893f571f01fcc",49,"experience",2,2,35,4,31,39,0,0
"67246794a85893f571f01fcc",50,"experience",2,2,29,4,25,33,0,0
"67246794a85893f571f01fcc",51,"experience",20,20,29.5,5.5,21,40,0.398497370398196,0
"67246794a85893f571f01fcc",52,"experience",10,10,29.2,5.9464274989274,20,38,-0.125669583629514,0
"67246794a85893f571f01fcc",53,"experience",2,2,26,4,22,30,0,0
"67246794a85893f571f01fcc",54,"experience",20,20,32.5,5.5,24,43,0.398497370398196,0
"67246794a85893f571f01fcc",55,"experience",2,2,20,4,16,24,0,0
"67246794a85893f571f01fcc",56,"experience",20,20,29.5,5.5,21,40,0.398497370398196,0
"67246794a85893f571f01fcc",57,"experience",2,2,14,4,10,18,0,0
"67246794a85893f571f01fcc",58,"experience",20,20,13.5,5.5,5,24,0.398497370398196,0
"67246794a85893f571f01fcc",59,"experience",2,2,16,4,12,20,0,0
"67246794a85893f571f01fcc",60,"experience",20,20,13.5,5.5,5,24,0.398497370398196,0
"67246794a85893f571f01fcc",61,"experience",2,2,18,4,14,22,0,0
"67246794a85893f571f01fcc",62,"experience",20,20,18.5,5.5,10,29,0.398497370398196,0
"67246794a85893f571f01fcc",63,"experience",20,20,25.5,5.5,17,36,0.398497370398196,0
"67246794a85893f571f01fcc",64,"experience",2,2,36,4,32,40,0,0
"67246794a85893f571f01fcc",65,"experience",10,10,30.2,5.9464274989274,21,39,-0.125669583629514,0
"67246794a85893f571f01fcc",66,"experience",20,20,20.5,5.5,12,31,0.398497370398196,0
"67246794a85893f571f01fcc",67,"experience",2,2,18,4,14,22,0,0
"67246794a85893f571f01fcc",68,"experience",10,10,20.2,5.9464274989274,11,29,-0.125669583629514,0
"67246794a85893f571f01fcc",69,"experience",10,10,28.2,5.9464274989274,19,37,-0.125669583629514,0
"67246794a85893f571f01fcc",70,"experience",2,2,22,4,18,26,0,0
"67246794a85893f571f01fcc",71,"experience",2,2,23,4,19,27,0,0
"67246794a85893f571f01fcc",72,"experience",20,20,32.5,5.5,24,43,0.398497370398196,0
"67246794a85893f571f01fcc",73,"experience",10,10,17.2,5.9464274989274,8,26,-0.125669583629514,0
"67246794a85893f571f01fcc",74,"experience",2,2,20,4,16,24,0,0
"67246794a85893f571f01fcc",75,"experience",20,20,19.5,5.5,11,30,0.398497370398196,0
"67246794a85893f571f01fcc",76,"experience",10,10,15.2,5.9464274989274,6,24,-0.125669583629514,0
"67246794a85893f571f01fcc",77,"experience",2,2,20,4,16,24,0,0
"67246794a85893f571f01fcc",78,"experience",20,20,34.5,5.5,26,45,0.398497370398196,0
"67246794a85893f571f01fcc",79,"experience",20,20,20.5,5.5,12,31,0.398497370398196,0
"67246794a85893f571f01fcc",80,"experience",10,10,26.2,5.9464274989274,17,35,-0.125669583629514,0
"67246794a85893f571f01fcc",81,"experience",10,10,34.2,5.9464274989274,25,43,-0.125669583629516,0
"67246794a85893f571f01fcc",82,"experience",2,2,25,4,21,29,0,0
"67246794a85893f571f01fcc",83,"experience",2,2,33,4,29,37,0,0
"67246794a85893f571f01fcc",84,"experience",20,20,18.5,5.5,10,29,0.398497370398196,0
"67246794a85893f571f01fcc",85,"experience",10,10,25.2,5.9464274989274,16,34,-0.125669583629514,0
"67246794a85893f571f01fcc",86,"experience",20,20,14.5,5.5,6,25,0.398497370398196,0
"67246794a85893f571f01fcc",87,"experience",10,10,28.2,5.9464274989274,19,37,-0.125669583629514,0
"67246794a85893f571f01fcc",88,"experience",20,20,20.5,5.5,12,31,0.398497370398196,0
"67246794a85893f571f01fcc",89,"experience",10,10,36.2,5.9464274989274,27,45,-0.125669583629516,0
"67246794a85893f571f01fcc",90,"experience",20,20,26.5,5.5,18,37,0.398497370398196,0
"67246794a85893f571f01fcc",91,"experience",20,20,15.5,5.5,7,26,0.398497370398196,0
"67246794a85893f571f01fcc",92,"experience",2,2,21,4,17,25,0,0
"67246794a85893f571f01fcc",93,"experience",2,2,22,4,18,26,0,0
"67246794a85893f571f01fcc",94,"experience",20,20,24.5,5.5,16,35,0.398497370398196,0
"67246794a85893f571f01fcc",95,"experience",10,10,16.2,5.9464274989274,7,25,-0.125669583629514,0
"67246794a85893f571f01fcc",96,"experience",2,2,16,4,12,20,0,0
"67246794a85893f571f01fcc",97,"experience",2,2,17,4,13,21,0,0
"67246794a85893f571f01fcc",98,"experience",2,2,18,4,14,22,0,0
"67246794a85893f571f01fcc",99,"experience",10,10,22.2,5.9464274989274,13,31,-0.125669583629514,0
"67246794a85893f571f01fcc",100,"experience",2,2,28,4,24,32,0,0
"67246794a85893f571f01fcc",101,"experience",10,10,18.2,5.9464274989274,9,27,-0.125669583629514,0
"67246794a85893f571f01fcc",102,"experience",20,20,21.5,5.5,13,32,0.398497370398196,0
"67246794a85893f571f01fcc",103,"experience",10,10,28.2,5.9464274989274,19,37,-0.125669583629514,0
"67246794a85893f571f01fcc",104,"experience",2,2,33,4,29,37,0,0
"67246794a85893f571f01fcc",105,"experience",20,20,20.5,5.5,12,31,0.398497370398196,0
"67246794a85893f571f01fcc",106,"experience",10,10,29.2,5.9464274989274,20,38,-0.125669583629514,0
"67246794a85893f571f01fcc",107,"experience",20,20,20.5,5.5,12,31,0.398497370398196,0
"67246794a85893f571f01fcc",108,"experience",10,10,17.2,5.9464274989274,8,26,-0.125669583629514,0
"60c770aa2d2928bfda4c7cd4",1,"experience",10,10,10.8,5.86174035590114,2,19,-0.0505239580142754,0
"60c770aa2d2928bfda4c7cd4",2,"experience",2,2,37.5,6.5,31,44,0,0
"60c770aa2d2928bfda4c7cd4",3,"experience",10,10,11.5,5.74891294072192,2,20,-0.227366539066959,0
"60c770aa2d2928bfda4c7cd4",4,"experience",6,6,11.5,4.8904669170404,5,18,0.0897714671607654,0
"60c770aa2d2928bfda4c7cd4",5,"experience",3,3,6.33333333333333,6.84754619472471,1,16,0.695813188943074,1
"60c770aa2d2928bfda4c7cd4",6,"experience",12,12,36.1666666666667,4.82758278598675,29,45,0.182289135359691,0
"60c770aa2d2928bfda4c7cd4",7,"experience",2,2,6,1,5,7,0,0
"60c770aa2d2928bfda4c7cd4",8,"experience",5,5,10.4,6.40624695121879,4,20,0.457521256105989,0
"60c770aa2d2928bfda4c7cd4",9,"experience",7,7,11.4285714285714,5.03862631101383,4,18,-0.0916210959822126,0
"60c770aa2d2928bfda4c7cd4",10,"experience",5,5,10.8,4.9152822909778,3,18,-0.162488225377156,0
"60c770aa2d2928bfda4c7cd4",11,"experience",8,8,35.75,5.82559009886552,29,46,0.578984810045668,0
"60c770aa2d2928bfda4c7cd4",12,"experience",6,6,41.1666666666667,4.91313432432789,33,47,-0.420812949950444,0
"60c770aa2d2928bfda4c7cd4",13,"experience",2,2,28,4,24,32,0,0
"60c770aa2d2928bfda4c7cd4",14,"experience",20,20,32.5,5.5,24,43,0.398497370398196,0
"60c770aa2d2928bfda4c7cd4",15,"experience",20,20,21.5,5.5,13,32,0.398497370398196,0
"60c770aa2d2928bfda4c7cd4",16,"experience",20,20,20.5,5.5,12,31,0.398497370398196,0
"60c770aa2d2928bfda4c7cd4",17,"experience",20,20,19.5,5.5,11,30,0.398497370398196,0
"60c770aa2d2928bfda4c7cd4",18,"experience",20,20,31.5,5.5,23,42,0.398497370398196,0
"60c770aa2d2928bfda4c7cd4",19,"experience",2,2,18,4,14,22,0,0
"60c770aa2d2928bfda4c7cd4",20,"experience",2,2,29,4,25,33,0,0
"60c770aa2d2928bfda4c7cd4",21,"experience",20,20,23.5,5.5,15,34,0.398497370398196,0
"60c770aa2d2928bfda4c7cd4",22,"experience",2,2,26,4,22,30,0,0
"60c770aa2d2928bfda4c7cd4",23,"experience",2,2,28,4,24,32,0,0
"60c770aa2d2928bfda4c7cd4",24,"experience",2,2,32,4,28,36,0,0
"60c770aa2d2928bfda4c7cd4",25,"experience",2,2,17,4,13,21,0,0
"60c770aa2d2928bfda4c7cd4",26,"experience",20,20,33.5,5.5,25,44,0.398497370398196,0
"60c770aa2d2928bfda4c7cd4",27,"experience",2,2,20,4,16,24,0,0
"60c770aa2d2928bfda4c7cd4",28,"experience",20,20,29.5,5.5,21,40,0.398497370398196,0
"60c770aa2d2928bfda4c7cd4",29,"experience",20,20,27.5,5.5,19,38,0.398497370398196,0
"60c770aa2d2928bfda4c7cd4",30,"experience",2,2,31,4,27,35,0,0
"60c770aa2d2928bfda4c7cd4",31,"experience",2,2,31,4,27,35,0,0
"60c770aa2d2928bfda4c7cd4",32,"experience",20,20,22.5,5.5,14,33,0.398497370398196,0
"60c770aa2d2928bfda4c7cd4",33,"experience",2,2,22,4,18,26,0,0
"60c770aa2d2928bfda4c7cd4",34,"experience",20,20,31.5,5.5,23,42,0.398497370398196,0
"60c770aa2d2928bfda4c7cd4",35,"experience",2,2,14,4,10,18,0,0
"60c770aa2d2928bfda4c7cd4",36,"experience",2,2,15,4,11,19,0,0
"60c770aa2d2928bfda4c7cd4",37,"experience",2,2,35,4,31,39,0,0
"60c770aa2d2928bfda4c7cd4",38,"experience",2,2,16,4,12,20,0,0
"60c770aa2d2928bfda4c7cd4",39,"experience",20,20,13.5,5.5,5,24,0.398497370398196,0
"60c770aa2d2928bfda4c7cd4",40,"experience",20,20,29.5,5.5,21,40,0.398497370398196,0
"60c770aa2d2928bfda4c7cd4",41,"experience",2,2,28,4,24,32,0,0
"60c770aa2d2928bfda4c7cd4",42,"experience",20,20,29.5,5.5,21,40,0.398497370398196,0
"60c770aa2d2928bfda4c7cd4",43,"experience",20,20,22.5,5.5,14,33,0.398497370398196,0
"60c770aa2d2928bfda4c7cd4",44,"experience",20,20,22.5,5.5,14,33,0.398497370398196,0
"60c770aa2d2928bfda4c7cd4",45,"experience",10,10,23.2,5.9464274989274,14,32,-0.125669583629514,0
"60c770aa2d2928bfda4c7cd4",46,"experience",10,10,17.2,5.9464274989274,8,26,-0.125669583629514,0
"60c770aa2d2928bfda4c7cd4",47,"experience",10,10,19.2,5.9464274989274,10,28,-0.125669583629514,0
"60c770aa2d2928bfda4c7cd4",48,"experience",10,10,26.2,5.9464274989274,17,35,-0.125669583629514,0
"60c770aa2d2928bfda4c7cd4",49,"experience",10,10,28.2,5.9464274989274,19,37,-0.125669583629514,0
"60c770aa2d2928bfda4c7cd4",50,"experience",10,10,27.2,5.9464274989274,18,36,-0.125669583629514,0
"60c770aa2d2928bfda4c7cd4",51,"experience",10,10,25.2,5.9464274989274,16,34,-0.125669583629514,0
"60c770aa2d2928bfda4c7cd4",52,"experience",10,10,14.2,5.9464274989274,5,23,-0.125669583629514,0
"60c770aa2d2928bfda4c7cd4",53,"experience",10,10,27.2,5.9464274989274,18,36,-0.125669583629514,0
"60c770aa2d2928bfda4c7cd4",54,"experience",10,10,25.2,5.9464274989274,16,34,-0.125669583629514,0
"60c770aa2d2928bfda4c7cd4",55,"experience",10,10,15.2,5.9464274989274,6,24,-0.125669583629514,0
"60c770aa2d2928bfda4c7cd4",56,"experience",10,10,17.2,5.9464274989274,8,26,-0.125669583629514,0
"60c770aa2d2928bfda4c7cd4",57,"experience",10,10,30.2,5.9464274989274,21,39,-0.125669583629514,0
"60c770aa2d2928bfda4c7cd4",58,"experience",10,10,18.2,5.9464274989274,9,27,-0.125669583629514,0
"60c770aa2d2928bfda4c7cd4",59,"experience",10,10,23.2,5.9464274989274,14,32,-0.125669583629514,0
"60c770aa2d2928bfda4c7cd4",60,"experience",10,10,32.2,5.9464274989274,23,41,-0.125669583629516,0
"60c770aa2d2928bfda4c7cd4",61,"experience",10,10,31.2,5.9464274989274,22,40,-0.125669583629514,0
"60c770aa2d2928bfda4c7cd4",62,"experience",2,2,22,4,18,26,0,0
"60c770aa2d2928bfda4c7cd4",63,"experience",2,2,21,4,17,25,0,0
"60c770aa2d2928bfda4c7cd4",64,"experience",10,10,17.2,5.9464274989274,8,26,-0.125669583629514,0
"60c770aa2d2928bfda4c7cd4",65,"experience",10,10,26.2,5.9464274989274,17,35,-0.125669583629514,0
"60c770aa2d2928bfda4c7cd4",66,"experience",10,10,25.2,5.9464274989274,16,34,-0.125669583629514,0
"60c770aa2d2928bfda4c7cd4",67,"experience",2,2,31,4,27,35,0,0
"60c770aa2d2928bfda4c7cd4",68,"experience",10,10,22.2,5.9464274989274,13,31,-0.125669583629514,0
"60c770aa2d2928bfda4c7cd4",69,"experience",10,10,17.2,5.9464274989274,8,26,-0.125669583629514,0
"60c770aa2d2928bfda4c7cd4",70,"experience",10,10,33.2,5.9464274989274,24,42,-0.125669583629516,0
"60c770aa2d2928bfda4c7cd4",71,"experience",2,2,20,4,16,24,0,0
"60c770aa2d2928bfda4c7cd4",72,"experience",2,2,35,4,31,39,0,0
"60c770aa2d2928bfda4c7cd4",73,"experience",10,10,22.2,5.9464274989274,13,31,-0.125669583629514,0
"60c770aa2d2928bfda4c7cd4",74,"experience",2,2,20,4,16,24,0,0
"60c770aa2d2928bfda4c7cd4",75,"experience",2,2,23,4,19,27,0,0
"60c770aa2d2928bfda4c7cd4",76,"experience",10,10,20.2,5.9464274989274,11,29,-0.125669583629514,0
"60c770aa2d2928bfda4c7cd4",77,"experience",10,10,27.2,5.9464274989274,18,36,-0.125669583629514,0
"60c770aa2d2928bfda4c7cd4",78,"experience",2,2,16,4,12,20,0,0
"60c770aa2d2928bfda4c7cd4",79,"experience",10,10,34.2,5.9464274989274,25,43,-0.125669583629516,0
"60c770aa2d2928bfda4c7cd4",80,"experience",10,10,34.2,5.9464274989274,25,43,-0.125669583629516,0
"60c770aa2d2928bfda4c7cd4",81,"experience",10,10,20.2,5.9464274989274,11,29,-0.125669583629514,0
"60c770aa2d2928bfda4c7cd4",82,"experience",10,10,36.2,5.9464274989274,27,45,-0.125669583629516,0
"60c770aa2d2928bfda4c7cd4",83,"experience",2,2,31,4,27,35,0,0
"60c770aa2d2928bfda4c7cd4",84,"experience",2,2,36,4,32,40,0,0
"60c770aa2d2928bfda4c7cd4",85,"experience",10,10,20.2,5.9464274989274,11,29,-0.125669583629514,0
"60c770aa2d2928bfda4c7cd4",86,"experience",2,2,31,4,27,35,0,0
"60c770aa2d2928bfda4c7cd4",87,"experience",2,2,31,4,27,35,0,0
"60c770aa2d2928bfda4c7cd4",88,"experience",2,2,34,4,30,38,0,0
"60c770aa2d2928bfda4c7cd4",89,"experience",10,10,18.2,5.9464274989274,9,27,-0.125669583629514,0
"60c770aa2d2928bfda4c7cd4",90,"experience",2,2,28,4,24,32,0,0
"60c770aa2d2928bfda4c7cd4",91,"experience",2,2,24,4,20,28,0,0
"60c770aa2d2928bfda4c7cd4",92,"experience",2,2,23,4,19,27,0,0
"60c770aa2d2928bfda4c7cd4",93,"experience",20,20,31.5,5.5,23,42,0.398497370398196,0
"60c770aa2d2928bfda4c7cd4",94,"experience",20,20,13.5,5.5,5,24,0.398497370398196,0
"60c770aa2d2928bfda4c7cd4",95,"experience",20,20,20.5,5.5,12,31,0.398497370398196,0
"60c770aa2d2928bfda4c7cd4",96,"experience",20,20,17.5,5.5,9,28,0.398497370398196,0
"60c770aa2d2928bfda4c7cd4",97,"experience",20,20,33.5,5.5,25,44,0.398497370398196,0
"60c770aa2d2928bfda4c7cd4",98,"experience",20,20,33.5,5.5,25,44,0.398497370398196,0
"60c770aa2d2928bfda4c7cd4",99,"experience",20,20,27.5,5.5,19,38,0.398497370398196,0
"60c770aa2d2928bfda4c7cd4",100,"experience",20,20,33.5,5.5,25,44,0.398497370398196,0
"60c770aa2d2928bfda4c7cd4",101,"experience",20,20,17.5,5.5,9,28,0.398497370398196,0
"60c770aa2d2928bfda4c7cd4",102,"experience",20,20,30.5,5.5,22,41,0.398497370398196,0
"60c770aa2d2928bfda4c7cd4",103,"experience",20,20,21.5,5.5,13,32,0.398497370398196,0
"60c770aa2d2928bfda4c7cd4",104,"experience",20,20,27.5,5.5,19,38,0.398497370398196,0
"60c770aa2d2928bfda4c7cd4",105,"experience",20,20,25.5,5.5,17,36,0.398497370398196,0
"60c770aa2d2928bfda4c7cd4",106,"experience",20,20,20.5,5.5,12,31,0.398497370398196,0
"60c770aa2d2928bfda4c7cd4",107,"experience",20,20,15.5,5.5,7,26,0.398497370398196,0
"60c770aa2d2928bfda4c7cd4",108,"experience",20,20,15.5,5.5,7,26,0.398497370398196,0
"657f8d99678be2d216a85c3d",1,"experience",12,12,10.8333333333333,6.79256129077161,1,20,-0.142285952412654,1
"657f8d99678be2d216a85c3d",2,"experience",2,2,13,1,12,14,0,0
"657f8d99678be2d216a85c3d",3,"experience",2,2,34.5,5.5,29,40,0,0
"657f8d99678be2d216a85c3d",4,"experience",2,2,38.5,9.5,29,48,0,0
"657f8d99678be2d216a85c3d",5,"experience",3,3,41,4.96655480858378,37,48,0.685667537488922,0
"657f8d99678be2d216a85c3d",6,"experience",8,8,36.5,4.82182538049648,29,45,0.0802801312049362,0
"657f8d99678be2d216a85c3d",7,"experience",4,4,41.25,5.80409338312195,35,48,0.0330839376239581,0
"657f8d99678be2d216a85c3d",8,"experience",12,12,11.1666666666667,5.8142545141708,1,20,-0.105521789265136,1
"657f8d99678be2d216a85c3d",9,"experience",5,5,36.6,4.02988833592198,32,43,0.402656342623182,0
"657f8d99678be2d216a85c3d",10,"experience",5,5,10.4,3.32264954516723,5,15,-0.319284219053562,0
"657f8d99678be2d216a85c3d",11,"experience",4,4,33.5,3.64005494464026,29,38,0,0
"657f8d99678be2d216a85c3d",12,"experience",4,4,42.25,3.96074487943871,37,48,0.17653325536839,0
"657f8d99678be2d216a85c3d",13,"experience",10,10,16.2,5.9464274989274,7,25,-0.125669583629514,0
"657f8d99678be2d216a85c3d",14,"experience",10,10,31.2,5.9464274989274,22,40,-0.125669583629514,0
"657f8d99678be2d216a85c3d",15,"experience",20,20,21.5,5.5,13,32,0.398497370398196,0
"657f8d99678be2d216a85c3d",16,"experience",10,10,17.2,5.9464274989274,8,26,-0.125669583629514,0
"657f8d99678be2d216a85c3d",17,"experience",20,20,19.5,5.5,11,30,0.398497370398196,0
"657f8d99678be2d216a85c3d",18,"experience",10,10,35.2,5.9464274989274,26,44,-0.125669583629516,0
"657f8d99678be2d216a85c3d",19,"experience",10,10,15.2,5.9464274989274,6,24,-0.125669583629514,0
"657f8d99678be2d216a85c3d",20,"experience",2,2,24,4,20,28,0,0
"657f8d99678be2d216a85c3d",21,"experience",20,20,31.5,5.5,23,42,0.398497370398196,0
"657f8d99678be2d216a85c3d",22,"experience",10,10,14.2,5.9464274989274,5,23,-0.125669583629514,0
"657f8d99678be2d216a85c3d",23,"experience",20,20,30.5,5.5,22,41,0.398497370398196,0
"657f8d99678be2d216a85c3d",24,"experience",20,20,12.5,5.5,4,23,0.398497370398196,0
"657f8d99678be2d216a85c3d",25,"experience",20,20,24.5,5.5,16,35,0.398497370398196,0
"657f8d99678be2d216a85c3d",26,"experience",2,2,20,4,16,24,0,0
"657f8d99678be2d216a85c3d",27,"experience",2,2,24,4,20,28,0,0
"657f8d99678be2d216a85c3d",28,"experience",2,2,23,4,19,27,0,0
"657f8d99678be2d216a85c3d",29,"experience",10,10,24.2,5.9464274989274,15,33,-0.125669583629514,0
"657f8d99678be2d216a85c3d",30,"experience",20,20,18.5,5.5,10,29,0.398497370398196,0
"657f8d99678be2d216a85c3d",31,"experience",2,2,29,4,25,33,0,0
"657f8d99678be2d216a85c3d",32,"experience",2,2,30,4,26,34,0,0
"657f8d99678be2d216a85c3d",33,"experience",10,10,28.2,5.9464274989274,19,37,-0.125669583629514,0
"657f8d99678be2d216a85c3d",34,"experience",20,20,19.5,5.5,11,30,0.398497370398196,0
"657f8d99678be2d216a85c3d",35,"experience",2,2,20,4,16,24,0,0
"657f8d99678be2d216a85c3d",36,"experience",2,2,14,4,10,18,0,0
"657f8d99678be2d216a85c3d",37,"experience",10,10,23.2,5.9464274989274,14,32,-0.125669583629514,0
"657f8d99678be2d216a85c3d",38,"experience",10,10,31.2,5.9464274989274,22,40,-0.125669583629514,0
"657f8d99678be2d216a85c3d",39,"experience",20,20,22.5,5.5,14,33,0.398497370398196,0
"657f8d99678be2d216a85c3d",40,"experience",2,2,14,4,10,18,0,0
"657f8d99678be2d216a85c3d",41,"experience",10,10,17.2,5.9464274989274,8,26,-0.125669583629514,0
"657f8d99678be2d216a85c3d",42,"experience",10,10,14.2,5.9464274989274,5,23,-0.125669583629514,0
"657f8d99678be2d216a85c3d",43,"experience",20,20,20.5,5.5,12,31,0.398497370398196,0
"657f8d99678be2d216a85c3d",44,"experience",2,2,21,4,17,25,0,0
"657f8d99678be2d216a85c3d",45,"experience",10,10,24.2,5.9464274989274,15,33,-0.125669583629514,0
"657f8d99678be2d216a85c3d",46,"experience",20,20,13.5,5.5,5,24,0.398497370398196,0
"657f8d99678be2d216a85c3d",47,"experience",20,20,30.5,5.5,22,41,0.398497370398196,0
"657f8d99678be2d216a85c3d",48,"experience",2,2,23,4,19,27,0,0
"657f8d99678be2d216a85c3d",49,"experience",10,10,36.2,5.9464274989274,27,45,-0.125669583629516,0
"657f8d99678be2d216a85c3d",50,"experience",2,2,36,4,32,40,0,0
"657f8d99678be2d216a85c3d",51,"experience",20,20,25.5,5.5,17,36,0.398497370398196,0
"657f8d99678be2d216a85c3d",52,"experience",20,20,32.5,5.5,24,43,0.398497370398196,0
"657f8d99678be2d216a85c3d",53,"experience",20,20,22.5,5.5,14,33,0.398497370398196,0
"657f8d99678be2d216a85c3d",54,"experience",2,2,24,4,20,28,0,0
"657f8d99678be2d216a85c3d",55,"experience",10,10,14.2,5.9464274989274,5,23,-0.125669583629514,0
"657f8d99678be2d216a85c3d",56,"experience",2,2,26,4,22,30,0,0
"657f8d99678be2d216a85c3d",57,"experience",2,2,15,4,11,19,0,0
"657f8d99678be2d216a85c3d",58,"experience",10,10,31.2,5.9464274989274,22,40,-0.125669583629514,0
"657f8d99678be2d216a85c3d",59,"experience",2,2,29,4,25,33,0,0
"657f8d99678be2d216a85c3d",60,"experience",20,20,27.5,5.5,19,38,0.398497370398196,0
"657f8d99678be2d216a85c3d",61,"experience",20,20,27.5,5.5,19,38,0.398497370398196,0
"657f8d99678be2d216a85c3d",62,"experience",10,10,31.2,5.9464274989274,22,40,-0.125669583629514,0
"657f8d99678be2d216a85c3d",63,"experience",10,10,35.2,5.9464274989274,26,44,-0.125669583629516,0
"657f8d99678be2d216a85c3d",64,"experience",2,2,32,4,28,36,0,0
"657f8d99678be2d216a85c3d",65,"experience",10,10,21.2,5.9464274989274,12,30,-0.125669583629514,0
"657f8d99678be2d216a85c3d",66,"experience",2,2,33,4,29,37,0,0
"657f8d99678be2d216a85c3d",67,"experience",10,10,26.2,5.9464274989274,17,35,-0.125669583629514,0
"657f8d99678be2d216a85c3d",68,"experience",20,20,33.5,5.5,25,44,0.398497370398196,0
"657f8d99678be2d216a85c3d",69,"experience",20,20,27.5,5.5,19,38,0.398497370398196,0
"657f8d99678be2d216a85c3d",70,"experience",20,20,24.5,5.5,16,35,0.398497370398196,0
"657f8d99678be2d216a85c3d",71,"experience",10,10,36.2,5.9464274989274,27,45,-0.125669583629516,0
"657f8d99678be2d216a85c3d",72,"experience",20,20,13.5,5.5,5,24,0.398497370398196,0
"657f8d99678be2d216a85c3d",73,"experience",2,2,27,4,23,31,0,0
"657f8d99678be2d216a85c3d",74,"experience",20,20,13.5,5.5,5,24,0.398497370398196,0
"657f8d99678be2d216a85c3d",75,"experience",20,20,17.5,5.5,9,28,0.398497370398196,0
"657f8d99678be2d216a85c3d",76,"experience",2,2,30,4,26,34,0,0
"657f8d99678be2d216a85c3d",77,"experience",20,20,23.5,5.5,15,34,0.398497370398196,0
"657f8d99678be2d216a85c3d",78,"experience",10,10,31.2,5.9464274989274,22,40,-0.125669583629514,0
"657f8d99678be2d216a85c3d",79,"experience",2,2,14,4,10,18,0,0
"657f8d99678be2d216a85c3d",80,"experience",10,10,27.2,5.9464274989274,18,36,-0.125669583629514,0
"657f8d99678be2d216a85c3d",81,"experience",20,20,26.5,5.5,18,37,0.398497370398196,0
"657f8d99678be2d216a85c3d",82,"experience",20,20,23.5,5.5,15,34,0.398497370398196,0
"657f8d99678be2d216a85c3d",83,"experience",2,2,24,4,20,28,0,0
"657f8d99678be2d216a85c3d",84,"experience",2,2,18,4,14,22,0,0
"657f8d99678be2d216a85c3d",85,"experience",20,20,26.5,5.5,18,37,0.398497370398196,0
"657f8d99678be2d216a85c3d",86,"experience",10,10,30.2,5.9464274989274,21,39,-0.125669583629514,0
"657f8d99678be2d216a85c3d",87,"experience",10,10,22.2,5.9464274989274,13,31,-0.125669583629514,0
"657f8d99678be2d216a85c3d",88,"experience",2,2,27,4,23,31,0,0
"657f8d99678be2d216a85c3d",89,"experience",2,2,19,4,15,23,0,0
"657f8d99678be2d216a85c3d",90,"experience",2,2,15,4,11,19,0,0
"657f8d99678be2d216a85c3d",91,"experience",10,10,24.2,5.9464274989274,15,33,-0.125669583629514,0
"657f8d99678be2d216a85c3d",92,"experience",20,20,29.5,5.5,21,40,0.398497370398196,0
"657f8d99678be2d216a85c3d",93,"experience",10,10,20.2,5.9464274989274,11,29,-0.125669583629514,0
"657f8d99678be2d216a85c3d",94,"experience",10,10,20.2,5.9464274989274,11,29,-0.125669583629514,0
"657f8d99678be2d216a85c3d",95,"experience",2,2,33,4,29,37,0,0
"657f8d99678be2d216a85c3d",96,"experience",2,2,26,4,22,30,0,0
"657f8d99678be2d216a85c3d",97,"experience",10,10,30.2,5.9464274989274,21,39,-0.125669583629514,0
"657f8d99678be2d216a85c3d",98,"experience",2,2,27,4,23,31,0,0
"657f8d99678be2d216a85c3d",99,"experience",2,2,19,4,15,23,0,0
"657f8d99678be2d216a85c3d",100,"experience",20,20,16.5,5.5,8,27,0.398497370398196,0
"657f8d99678be2d216a85c3d",101,"experience",10,10,30.2,5.9464274989274,21,39,-0.125669583629514,0
"657f8d99678be2d216a85c3d",102,"experience",20,20,34.5,5.5,26,45,0.398497370398196,0
"657f8d99678be2d216a85c3d",103,"experience",2,2,19,4,15,23,0,0
"657f8d99678be2d216a85c3d",104,"experience",20,20,23.5,5.5,15,34,0.398497370398196,0
"657f8d99678be2d216a85c3d",105,"experience",10,10,19.2,5.9464274989274,10,28,-0.125669583629514,0
"657f8d99678be2d216a85c3d",106,"experience",20,20,25.5,5.5,17,36,0.398497370398196,0
"657f8d99678be2d216a85c3d",107,"experience",2,2,22,4,18,26,0,0
"657f8d99678be2d216a85c3d",108,"experience",10,10,16.2,5.9464274989274,7,25,-0.125669583629514,0
"583ec287ad2f4300014b355a",1,"experience",11,11,37.3636363636364,5.43177063501442,29,47,0.114258586029099,0
"583ec287ad2f4300014b355a",2,"experience",9,9,10.4444444444444,5.20920363099157,2,19,0.114431591576318,0
"583ec287ad2f4300014b355a",3,"experience",6,6,11.8333333333333,4.13991411612474,5,17,-0.459351261174106,0
"583ec287ad2f4300014b355a",4,"experience",12,12,40.1666666666667,4.77551626063147,32,47,-0.282262603941832,0
"583ec287ad2f4300014b355a",5,"experience",8,8,37.75,5.06828373317832,30,46,0.00216027864379704,0
"583ec287ad2f4300014b355a",6,"experience",7,7,40.8571428571429,3.22616851161035,36,46,0.10314808666879,0
"583ec287ad2f4300014b355a",7,"experience",7,7,37,6.16441400296898,29,48,0.409822537593505,0
"583ec287ad2f4300014b355a",8,"experience",3,3,8,2.94392028877595,5,12,0.470330460336986,0
"583ec287ad2f4300014b355a",9,"experience",10,10,9.7,5.62227711874824,1,18,-0.0642808262841345,1
"583ec287ad2f4300014b355a",10,"experience",11,11,11.3636363636364,5.77254831505002,1,19,-0.360317694228476,1
"583ec287ad2f4300014b355a",11,"experience",10,10,38.2,5.36283507111677,29,46,-0.402398580180362,0
"583ec287ad2f4300014b355a",12,"experience",6,6,39.8333333333333,5.14511634681104,31,48,-0.190348156925171,0
"583ec287ad2f4300014b355a",13,"experience",2,2,14,4,10,18,0,0
"583ec287ad2f4300014b355a",14,"experience",2,2,18,4,14,22,0,0
"583ec287ad2f4300014b355a",15,"experience",20,20,22.5,5.5,14,33,0.398497370398196,0
"583ec287ad2f4300014b355a",16,"experience",10,10,31.2,5.9464274989274,22,40,-0.125669583629514,0
"583ec287ad2f4300014b355a",17,"experience",2,2,32,4,28,36,0,0
"583ec287ad2f4300014b355a",18,"experience",10,10,23.2,5.9464274989274,14,32,-0.125669583629514,0
"583ec287ad2f4300014b355a",19,"experience",10,10,24.2,5.9464274989274,15,33,-0.125669583629514,0
"583ec287ad2f4300014b355a",20,"experience",2,2,31,4,27,35,0,0
"583ec287ad2f4300014b355a",21,"experience",20,20,22.5,5.5,14,33,0.398497370398196,0
"583ec287ad2f4300014b355a",22,"experience",20,20,28.5,5.5,20,39,0.398497370398196,0
"583ec287ad2f4300014b355a",23,"experience",20,20,18.5,5.5,10,29,0.398497370398196,0
"583ec287ad2f4300014b355a",24,"experience",2,2,24,4,20,28,0,0
"583ec287ad2f4300014b355a",25,"experience",2,2,36,4,32,40,0,0
"583ec287ad2f4300014b355a",26,"experience",10,10,26.2,5.9464274989274,17,35,-0.125669583629514,0
"583ec287ad2f4300014b355a",27,"experience",20,20,22.5,5.5,14,33,0.398497370398196,0
"583ec287ad2f4300014b355a",28,"experience",10,10,24.2,5.9464274989274,15,33,-0.125669583629514,0
"583ec287ad2f4300014b355a",29,"experience",20,20,22.5,5.5,14,33,0.398497370398196,0
"583ec287ad2f4300014b355a",30,"experience",2,2,17,4,13,21,0,0
"583ec287ad2f4300014b355a",31,"experience",20,20,18.5,5.5,10,29,0.398497370398196,0
"583ec287ad2f4300014b355a",32,"experience",10,10,16.2,5.9464274989274,7,25,-0.125669583629514,0
"583ec287ad2f4300014b355a",33,"experience",2,2,29,4,25,33,0,0
"583ec287ad2f4300014b355a",34,"experience",20,20,30.5,5.5,22,41,0.398497370398196,0
"583ec287ad2f4300014b355a",35,"experience",10,10,17.2,5.9464274989274,8,26,-0.125669583629514,0
"583ec287ad2f4300014b355a",36,"experience",20,20,23.5,5.5,15,34,0.398497370398196,0
"583ec287ad2f4300014b355a",37,"experience",10,10,21.2,5.9464274989274,12,30,-0.125669583629514,0
"583ec287ad2f4300014b355a",38,"experience",2,2,27,4,23,31,0,0
"583ec287ad2f4300014b355a",39,"experience",10,10,35.2,5.9464274989274,26,44,-0.125669583629516,0
"583ec287ad2f4300014b355a",40,"experience",10,10,20.2,5.9464274989274,11,29,-0.125669583629514,0
"583ec287ad2f4300014b355a",41,"experience",2,2,26,4,22,30,0,0
"583ec287ad2f4300014b355a",42,"experience",20,20,12.5,5.5,4,23,0.398497370398196,0
"583ec287ad2f4300014b355a",43,"experience",10,10,29.2,5.9464274989274,20,38,-0.125669583629514,0
"583ec287ad2f4300014b355a",44,"experience",2,2,31,4,27,35,0,0
"583ec287ad2f4300014b355a",45,"experience",20,20,30.5,5.5,22,41,0.398497370398196,0
"583ec287ad2f4300014b355a",46,"experience",2,2,27,4,23,31,0,0
"583ec287ad2f4300014b355a",47,"experience",20,20,17.5,5.5,9,28,0.398497370398196,0
"583ec287ad2f4300014b355a",48,"experience",10,10,19.2,5.9464274989274,10,28,-0.125669583629514,0
"583ec287ad2f4300014b355a",49,"experience",10,10,15.2,5.9464274989274,6,24,-0.125669583629514,0
"583ec287ad2f4300014b355a",50,"experience",20,20,30.5,5.5,22,41,0.398497370398196,0
"583ec287ad2f4300014b355a",51,"experience",20,20,29.5,5.5,21,40,0.398497370398196,0
"583ec287ad2f4300014b355a",52,"experience",2,2,20,4,16,24,0,0
"583ec287ad2f4300014b355a",53,"experience",20,20,32.5,5.5,24,43,0.398497370398196,0
"583ec287ad2f4300014b355a",54,"experience",2,2,34,4,30,38,0,0
"583ec287ad2f4300014b355a",55,"experience",20,20,33.5,5.5,25,44,0.398497370398196,0
"583ec287ad2f4300014b355a",56,"experience",10,10,24.2,5.9464274989274,15,33,-0.125669583629514,0
"583ec287ad2f4300014b355a",57,"experience",10,10,21.2,5.9464274989274,12,30,-0.125669583629514,0
"583ec287ad2f4300014b355a",58,"experience",10,10,21.2,5.9464274989274,12,30,-0.125669583629514,0
"583ec287ad2f4300014b355a",59,"experience",2,2,28,4,24,32,0,0
"583ec287ad2f4300014b355a",60,"experience",2,2,22,4,18,26,0,0
"583ec287ad2f4300014b355a",61,"experience",2,2,23,4,19,27,0,0
"583ec287ad2f4300014b355a",62,"experience",2,2,15,4,11,19,0,0
"583ec287ad2f4300014b355a",63,"experience",10,10,31.2,5.9464274989274,22,40,-0.125669583629514,0
"583ec287ad2f4300014b355a",64,"experience",10,10,26.2,5.9464274989274,17,35,-0.125669583629514,0
"583ec287ad2f4300014b355a",65,"experience",2,2,33,4,29,37,0,0
"583ec287ad2f4300014b355a",66,"experience",2,2,25,4,21,29,0,0
"583ec287ad2f4300014b355a",67,"experience",2,2,30,4,26,34,0,0
"583ec287ad2f4300014b355a",68,"experience",20,20,18.5,5.5,10,29,0.398497370398196,0
"583ec287ad2f4300014b355a",69,"experience",10,10,25.2,5.9464274989274,16,34,-0.125669583629514,0
"583ec287ad2f4300014b355a",70,"experience",10,10,15.2,5.9464274989274,6,24,-0.125669583629514,0
"583ec287ad2f4300014b355a",71,"experience",10,10,35.2,5.9464274989274,26,44,-0.125669583629516,0
"583ec287ad2f4300014b355a",72,"experience",2,2,33,4,29,37,0,0
"583ec287ad2f4300014b355a",73,"experience",10,10,36.2,5.9464274989274,27,45,-0.125669583629516,0
"583ec287ad2f4300014b355a",74,"experience",20,20,25.5,5.5,17,36,0.398497370398196,0
"583ec287ad2f4300014b355a",75,"experience",2,2,34,4,30,38,0,0
"583ec287ad2f4300014b355a",76,"experience",2,2,24,4,20,28,0,0
"583ec287ad2f4300014b355a",77,"experience",10,10,17.2,5.9464274989274,8,26,-0.125669583629514,0
"583ec287ad2f4300014b355a",78,"experience",10,10,21.2,5.9464274989274,12,30,-0.125669583629514,0
"583ec287ad2f4300014b355a",79,"experience",10,10,17.2,5.9464274989274,8,26,-0.125669583629514,0
"583ec287ad2f4300014b355a",80,"experience",10,10,14.2,5.9464274989274,5,23,-0.125669583629514,0
"583ec287ad2f4300014b355a",81,"experience",20,20,29.5,5.5,21,40,0.398497370398196,0
"583ec287ad2f4300014b355a",82,"experience",20,20,17.5,5.5,9,28,0.398497370398196,0
"583ec287ad2f4300014b355a",83,"experience",2,2,30,4,26,34,0,0
"583ec287ad2f4300014b355a",84,"experience",2,2,26,4,22,30,0,0
"583ec287ad2f4300014b355a",85,"experience",20,20,15.5,5.5,7,26,0.398497370398196,0
"583ec287ad2f4300014b355a",86,"experience",2,2,31,4,27,35,0,0
"583ec287ad2f4300014b355a",87,"experience",10,10,25.2,5.9464274989274,16,34,-0.125669583629514,0
"583ec287ad2f4300014b355a",88,"experience",2,2,15,4,11,19,0,0
"583ec287ad2f4300014b355a",89,"experience",20,20,29.5,5.5,21,40,0.398497370398196,0
"583ec287ad2f4300014b355a",90,"experience",2,2,29,4,25,33,0,0
"583ec287ad2f4300014b355a",91,"experience",2,2,31,4,27,35,0,0
"583ec287ad2f4300014b355a",92,"experience",10,10,19.2,5.9464274989274,10,28,-0.125669583629514,0
"583ec287ad2f4300014b355a",93,"experience",2,2,33,4,29,37,0,0
"583ec287ad2f4300014b355a",94,"experience",20,20,16.5,5.5,8,27,0.398497370398196,0
"583ec287ad2f4300014b355a",95,"experience",10,10,29.2,5.9464274989274,20,38,-0.125669583629514,0
"583ec287ad2f4300014b355a",96,"experience",20,20,16.5,5.5,8,27,0.398497370398196,0
"583ec287ad2f4300014b355a",97,"experience",20,20,22.5,5.5,14,33,0.398497370398196,0
"583ec287ad2f4300014b355a",98,"experience",10,10,23.2,5.9464274989274,14,32,-0.125669583629514,0
"583ec287ad2f4300014b355a",99,"experience",20,20,17.5,5.5,9,28,0.398497370398196,0
"583ec287ad2f4300014b355a",100,"experience",20,20,19.5,5.5,11,30,0.398497370398196,0
"583ec287ad2f4300014b355a",101,"experience",20,20,28.5,5.5,20,39,0.398497370398196,0
"583ec287ad2f4300014b355a",102,"experience",20,20,25.5,5.5,17,36,0.398497370398196,0
"583ec287ad2f4300014b355a",103,"experience",10,10,18.2,5.9464274989274,9,27,-0.125669583629514,0
"583ec287ad2f4300014b355a",104,"experience",20,20,20.5,5.5,12,31,0.398497370398196,0
"583ec287ad2f4300014b355a",105,"experience",10,10,25.2,5.9464274989274,16,34,-0.125669583629514,0
"583ec287ad2f4300014b355a",106,"experience",20,20,25.5,5.5,17,36,0.398497370398196,0
"583ec287ad2f4300014b355a",107,"experience",2,2,17,4,13,21,0,0
"583ec287ad2f4300014b355a",108,"experience",20,20,29.5,5.5,21,40,0.398497370398196,0
"6643b0fe98e091c70e7988e4",1,"experience",3,3,12.6666666666667,7.58653778449403,2,19,-0.670428228357964,0
"6643b0fe98e091c70e7988e4",2,"experience",11,11,39.0909090909091,5.6641543612528,30,48,0.0994250153400549,0
"6643b0fe98e091c70e7988e4",3,"experience",9,9,12.6666666666667,5.07718207057594,4,20,-0.0752748084928579,0
"6643b0fe98e091c70e7988e4",4,"experience",12,12,38,6.17791766428355,29,47,0.0572542092035202,0
"6643b0fe98e091c70e7988e4",5,"experience",5,5,38.8,6.07947366142827,29,46,-0.478937564967467,0
"6643b0fe98e091c70e7988e4",6,"experience",7,7,10.5714285714286,4.68606270481621,5,20,0.887367148225481,0
"6643b0fe98e091c70e7988e4",7,"experience",11,11,10.5454545454545,5.89859207182121,1,19,-0.20910530693049,1
"6643b0fe98e091c70e7988e4",8,"experience",4,4,40,4.63680924774785,35,46,0.135417901232225,0
"6643b0fe98e091c70e7988e4",9,"experience",8,8,8.75,5.65132727772866,2,19,0.625902875953726,0
"6643b0fe98e091c70e7988e4",10,"experience",12,12,10.8333333333333,6.03922364399781,1,19,-0.262984193684575,1
"6643b0fe98e091c70e7988e4",11,"experience",6,6,10.6666666666667,5.21749194749951,2,19,-0.0638876564999936,0
"6643b0fe98e091c70e7988e4",12,"experience",10,10,10.9,5.94053869611166,1,20,0.0586143178621116,1
"6643b0fe98e091c70e7988e4",13,"experience",10,10,17.2,5.9464274989274,8,26,-0.125669583629514,0
"6643b0fe98e091c70e7988e4",14,"experience",10,10,26.2,5.9464274989274,17,35,-0.125669583629514,0
"6643b0fe98e091c70e7988e4",15,"experience",20,20,33.5,5.5,25,44,0.398497370398196,0
"6643b0fe98e091c70e7988e4",16,"experience",20,20,18.5,5.5,10,29,0.398497370398196,0
"6643b0fe98e091c70e7988e4",17,"experience",10,10,29.2,5.9464274989274,20,38,-0.125669583629514,0
"6643b0fe98e091c70e7988e4",18,"experience",10,10,36.2,5.9464274989274,27,45,-0.125669583629516,0
"6643b0fe98e091c70e7988e4",19,"experience",2,2,30,4,26,34,0,0
"6643b0fe98e091c70e7988e4",20,"experience",2,2,35,4,31,39,0,0
"6643b0fe98e091c70e7988e4",21,"experience",2,2,19,4,15,23,0,0
"6643b0fe98e091c70e7988e4",22,"experience",10,10,19.2,5.9464274989274,10,28,-0.125669583629514,0
"6643b0fe98e091c70e7988e4",23,"experience",10,10,16.2,5.9464274989274,7,25,-0.125669583629514,0
"6643b0fe98e091c70e7988e4",24,"experience",20,20,23.5,5.5,15,34,0.398497370398196,0
"6643b0fe98e091c70e7988e4",25,"experience",20,20,27.5,5.5,19,38,0.398497370398196,0
"6643b0fe98e091c70e7988e4",26,"experience",20,20,17.5,5.5,9,28,0.398497370398196,0
"6643b0fe98e091c70e7988e4",27,"experience",2,2,34,4,30,38,0,0
"6643b0fe98e091c70e7988e4",28,"experience",2,2,15,4,11,19,0,0
"6643b0fe98e091c70e7988e4",29,"experience",20,20,24.5,5.5,16,35,0.398497370398196,0
"6643b0fe98e091c70e7988e4",30,"experience",10,10,21.2,5.9464274989274,12,30,-0.125669583629514,0
"6643b0fe98e091c70e7988e4",31,"experience",2,2,27,4,23,31,0,0
"6643b0fe98e091c70e7988e4",32,"experience",20,20,32.5,5.5,24,43,0.398497370398196,0
"6643b0fe98e091c70e7988e4",33,"experience",2,2,27,4,23,31,0,0
"6643b0fe98e091c70e7988e4",34,"experience",20,20,12.5,5.5,4,23,0.398497370398196,0
"6643b0fe98e091c70e7988e4",35,"experience",20,20,14.5,5.5,6,25,0.398497370398196,0
"6643b0fe98e091c70e7988e4",36,"experience",20,20,27.5,5.5,19,38,0.398497370398196,0
"6643b0fe98e091c70e7988e4",37,"experience",2,2,14,4,10,18,0,0
"6643b0fe98e091c70e7988e4",38,"experience",2,2,22,4,18,26,0,0
"6643b0fe98e091c70e7988e4",39,"experience",20,20,32.5,5.5,24,43,0.398497370398196,0
"6643b0fe98e091c70e7988e4",40,"experience",2,2,35,4,31,39,0,0
"6643b0fe98e091c70e7988e4",41,"experience",10,10,20.2,5.9464274989274,11,29,-0.125669583629514,0
"6643b0fe98e091c70e7988e4",42,"experience",20,20,25.5,5.5,17,36,0.398497370398196,0
"6643b0fe98e091c70e7988e4",43,"experience",10,10,23.2,5.9464274989274,14,32,-0.125669583629514,0
"6643b0fe98e091c70e7988e4",44,"experience",20,20,20.5,5.5,12,31,0.398497370398196,0
"6643b0fe98e091c70e7988e4",45,"experience",2,2,31,4,27,35,0,0
"6643b0fe98e091c70e7988e4",46,"experience",2,2,28,4,24,32,0,0
"6643b0fe98e091c70e7988e4",47,"experience",10,10,23.2,5.9464274989274,14,32,-0.125669583629514,0
"6643b0fe98e091c70e7988e4",48,"experience",10,10,25.2,5.9464274989274,16,34,-0.125669583629514,0
"6643b0fe98e091c70e7988e4",49,"experience",2,2,33,4,29,37,0,0
"6643b0fe98e091c70e7988e4",50,"experience",10,10,22.2,5.9464274989274,13,31,-0.125669583629514,0
"6643b0fe98e091c70e7988e4",51,"experience",2,2,25,4,21,29,0,0
"6643b0fe98e091c70e7988e4",52,"experience",2,2,33,4,29,37,0,0
"6643b0fe98e091c70e7988e4",53,"experience",20,20,29.5,5.5,21,40,0.398497370398196,0
"6643b0fe98e091c70e7988e4",54,"experience",20,20,30.5,5.5,22,41,0.398497370398196,0
"6643b0fe98e091c70e7988e4",55,"experience",10,10,23.2,5.9464274989274,14,32,-0.125669583629514,0
"6643b0fe98e091c70e7988e4",56,"experience",2,2,22,4,18,26,0,0
"6643b0fe98e091c70e7988e4",57,"experience",10,10,15.2,5.9464274989274,6,24,-0.125669583629514,0
"6643b0fe98e091c70e7988e4",58,"experience",10,10,35.2,5.9464274989274,26,44,-0.125669583629516,0
"6643b0fe98e091c70e7988e4",59,"experience",10,10,24.2,5.9464274989274,15,33,-0.125669583629514,0
"6643b0fe98e091c70e7988e4",60,"experience",20,20,24.5,5.5,16,35,0.398497370398196,0
"6643b0fe98e091c70e7988e4",61,"experience",10,10,33.2,5.9464274989274,24,42,-0.125669583629516,0
"6643b0fe98e091c70e7988e4",62,"experience",20,20,31.5,5.5,23,42,0.398497370398196,0
"6643b0fe98e091c70e7988e4",63,"experience",2,2,26,4,22,30,0,0
"6643b0fe98e091c70e7988e4",64,"experience",2,2,19,4,15,23,0,0
"6643b0fe98e091c70e7988e4",65,"experience",2,2,15,4,11,19,0,0
"6643b0fe98e091c70e7988e4",66,"experience",2,2,33,4,29,37,0,0
"6643b0fe98e091c70e7988e4",67,"experience",20,20,15.5,5.5,7,26,0.398497370398196,0
"6643b0fe98e091c70e7988e4",68,"experience",2,2,20,4,16,24,0,0
"6643b0fe98e091c70e7988e4",69,"experience",10,10,35.2,5.9464274989274,26,44,-0.125669583629516,0
"6643b0fe98e091c70e7988e4",70,"experience",20,20,22.5,5.5,14,33,0.398497370398196,0
"6643b0fe98e091c70e7988e4",71,"experience",20,20,14.5,5.5,6,25,0.398497370398196,0
"6643b0fe98e091c70e7988e4",72,"experience",20,20,34.5,5.5,26,45,0.398497370398196,0
"6643b0fe98e091c70e7988e4",73,"experience",20,20,12.5,5.5,4,23,0.398497370398196,0
"6643b0fe98e091c70e7988e4",74,"experience",10,10,19.2,5.9464274989274,10,28,-0.125669583629514,0
"6643b0fe98e091c70e7988e4",75,"experience",20,20,25.5,5.5,17,36,0.398497370398196,0
"6643b0fe98e091c70e7988e4",76,"experience",20,20,32.5,5.5,24,43,0.398497370398196,0
"6643b0fe98e091c70e7988e4",77,"experience",2,2,24,4,20,28,0,0
"6643b0fe98e091c70e7988e4",78,"experience",10,10,21.2,5.9464274989274,12,30,-0.125669583629514,0
"6643b0fe98e091c70e7988e4",79,"experience",2,2,17,4,13,21,0,0
"6643b0fe98e091c70e7988e4",80,"experience",20,20,30.5,5.5,22,41,0.398497370398196,0
"6643b0fe98e091c70e7988e4",81,"experience",2,2,20,4,16,24,0,0
"6643b0fe98e091c70e7988e4",82,"experience",2,2,35,4,31,39,0,0
"6643b0fe98e091c70e7988e4",83,"experience",10,10,36.2,5.9464274989274,27,45,-0.125669583629516,0
"6643b0fe98e091c70e7988e4",84,"experience",20,20,23.5,5.5,15,34,0.398497370398196,0
"6643b0fe98e091c70e7988e4",85,"experience",10,10,17.2,5.9464274989274,8,26,-0.125669583629514,0
"6643b0fe98e091c70e7988e4",86,"experience",10,10,31.2,5.9464274989274,22,40,-0.125669583629514,0
"6643b0fe98e091c70e7988e4",87,"experience",10,10,20.2,5.9464274989274,11,29,-0.125669583629514,0
"6643b0fe98e091c70e7988e4",88,"experience",10,10,24.2,5.9464274989274,15,33,-0.125669583629514,0
"6643b0fe98e091c70e7988e4",89,"experience",20,20,25.5,5.5,17,36,0.398497370398196,0
"6643b0fe98e091c70e7988e4",90,"experience",2,2,24,4,20,28,0,0
"6643b0fe98e091c70e7988e4",91,"experience",10,10,29.2,5.9464274989274,20,38,-0.125669583629514,0
"6643b0fe98e091c70e7988e4",92,"experience",10,10,23.2,5.9464274989274,14,32,-0.125669583629514,0
"6643b0fe98e091c70e7988e4",93,"experience",20,20,30.5,5.5,22,41,0.398497370398196,0
"6643b0fe98e091c70e7988e4",94,"experience",10,10,21.2,5.9464274989274,12,30,-0.125669583629514,0
"6643b0fe98e091c70e7988e4",95,"experience",2,2,14,4,10,18,0,0
"6643b0fe98e091c70e7988e4",96,"experience",10,10,21.2,5.9464274989274,12,30,-0.125669583629514,0
"6643b0fe98e091c70e7988e4",97,"experience",20,20,19.5,5.5,11,30,0.398497370398196,0
"6643b0fe98e091c70e7988e4",98,"experience",2,2,33,4,29,37,0,0
"6643b0fe98e091c70e7988e4",99,"experience",10,10,36.2,5.9464274989274,27,45,-0.125669583629516,0
"6643b0fe98e091c70e7988e4",100,"experience",10,10,30.2,5.9464274989274,21,39,-0.125669583629514,0
"6643b0fe98e091c70e7988e4",101,"experience",2,2,27,4,23,31,0,0
"6643b0fe98e091c70e7988e4",102,"experience",2,2,22,4,18,26,0,0
"6643b0fe98e091c70e7988e4",103,"experience",2,2,33,4,29,37,0,0
"6643b0fe98e091c70e7988e4",104,"experience",20,20,25.5,5.5,17,36,0.398497370398196,0
"6643b0fe98e091c70e7988e4",105,"experience",20,20,32.5,5.5,24,43,0.398497370398196,0
"6643b0fe98e091c70e7988e4",106,"experience",10,10,33.2,5.9464274989274,24,42,-0.125669583629516,0
"6643b0fe98e091c70e7988e4",107,"experience",2,2,32,4,28,36,0,0
"6643b0fe98e091c70e7988e4",108,"experience",20,20,26.5,5.5,18,37,0.398497370398196,0
"5ee92b925f0f482bb1e73668",1,"experience",8,8,11.75,4.86698058348295,2,19,-0.55703567082142,0
"5ee92b925f0f482bb1e73668",2,"experience",12,12,10.0833333333333,4.95745790591195,3,19,0.368844224438462,0
"5ee92b925f0f482bb1e73668",3,"experience",4,4,40.25,4.76313972081441,33,45,-0.516188445030545,0
"5ee92b925f0f482bb1e73668",4,"experience",11,11,10.3636363636364,6.21249075027996,1,19,-0.162908781973305,1
"5ee92b925f0f482bb1e73668",5,"experience",9,9,11.1111111111111,6.33235859945556,1,20,0.0501870516851295,1
"5ee92b925f0f482bb1e73668",6,"experience",3,3,8,4.96655480858378,1,12,-0.685667537488922,1
"5ee92b925f0f482bb1e73668",7,"experience",8,8,7.125,5.57757787933078,1,18,0.715828940242465,1
"5ee92b925f0f482bb1e73668",8,"experience",2,2,10,9,1,19,0,1
"5ee92b925f0f482bb1e73668",9,"experience",5,5,38.6,4.67332857821917,34,47,0.876613580264111,0
"5ee92b925f0f482bb1e73668",10,"experience",12,12,10.5,5.99305153212173,2,20,0.222996065858956,0
"5ee92b925f0f482bb1e73668",11,"experience",8,8,8.5,5.3851648071345,1,17,0.180092461594124,1
"5ee92b925f0f482bb1e73668",12,"experience",10,10,36.9,4.06078810084939,29,43,-0.447295824018308,0
"5ee92b925f0f482bb1e73668",13,"experience",10,10,36.2,5.9464274989274,27,45,-0.125669583629516,0
"5ee92b925f0f482bb1e73668",14,"experience",10,10,18.2,5.9464274989274,9,27,-0.125669583629514,0
"5ee92b925f0f482bb1e73668",15,"experience",2,2,15,4,11,19,0,0
"5ee92b925f0f482bb1e73668",16,"experience",10,10,14.2,5.9464274989274,5,23,-0.125669583629514,0
"5ee92b925f0f482bb1e73668",17,"experience",10,10,29.2,5.9464274989274,20,38,-0.125669583629514,0
"5ee92b925f0f482bb1e73668",18,"experience",10,10,20.2,5.9464274989274,11,29,-0.125669583629514,0
"5ee92b925f0f482bb1e73668",19,"experience",10,10,27.2,5.9464274989274,18,36,-0.125669583629514,0
"5ee92b925f0f482bb1e73668",20,"experience",2,2,21,4,17,25,0,0
"5ee92b925f0f482bb1e73668",21,"experience",10,10,14.2,5.9464274989274,5,23,-0.125669583629514,0
"5ee92b925f0f482bb1e73668",22,"experience",10,10,25.2,5.9464274989274,16,34,-0.125669583629514,0
"5ee92b925f0f482bb1e73668",23,"experience",2,2,25,4,21,29,0,0
"5ee92b925f0f482bb1e73668",24,"experience",10,10,21.2,5.9464274989274,12,30,-0.125669583629514,0
"5ee92b925f0f482bb1e73668",25,"experience",2,2,16,4,12,20,0,0
"5ee92b925f0f482bb1e73668",26,"experience",10,10,31.2,5.9464274989274,22,40,-0.125669583629514,0
"5ee92b925f0f482bb1e73668",27,"experience",2,2,20,4,16,24,0,0
"5ee92b925f0f482bb1e73668",28,"experience",10,10,35.2,5.9464274989274,26,44,-0.125669583629516,0
"5ee92b925f0f482bb1e73668",29,"experience",2,2,27,4,23,31,0,0
"5ee92b925f0f482bb1e73668",30,"experience",10,10,28.2,5.9464274989274,19,37,-0.125669583629514,0
"5ee92b925f0f482bb1e73668",31,"experience",10,10,27.2,5.9464274989274,18,36,-0.125669583629514,0
"5ee92b925f0f482bb1e73668",32,"experience",2,2,29,4,25,33,0,0
"5ee92b925f0f482bb1e73668",33,"experience",2,2,28,4,24,32,0,0
"5ee92b925f0f482bb1e73668",34,"experience",10,10,21.2,5.9464274989274,12,30,-0.125669583629514,0
"5ee92b925f0f482bb1e73668",35,"experience",2,2,14,4,10,18,0,0
"5ee92b925f0f482bb1e73668",36,"experience",2,2,24,4,20,28,0,0
"5ee92b925f0f482bb1e73668",37,"experience",2,2,32,4,28,36,0,0
"5ee92b925f0f482bb1e73668",38,"experience",2,2,30,4,26,34,0,0
"5ee92b925f0f482bb1e73668",39,"experience",10,10,26.2,5.9464274989274,17,35,-0.125669583629514,0
"5ee92b925f0f482bb1e73668",40,"experience",10,10,36.2,5.9464274989274,27,45,-0.125669583629516,0
"5ee92b925f0f482bb1e73668",41,"experience",2,2,27,4,23,31,0,0
"5ee92b925f0f482bb1e73668",42,"experience",2,2,18,4,14,22,0,0
"5ee92b925f0f482bb1e73668",43,"experience",2,2,36,4,32,40,0,0
"5ee92b925f0f482bb1e73668",44,"experience",2,2,22,4,18,26,0,0
"5ee92b925f0f482bb1e73668",45,"experience",20,20,19.5,5.5,11,30,0.398497370398196,0
"5ee92b925f0f482bb1e73668",46,"experience",20,20,31.5,5.5,23,42,0.398497370398196,0
"5ee92b925f0f482bb1e73668",47,"experience",20,20,31.5,5.5,23,42,0.398497370398196,0
"5ee92b925f0f482bb1e73668",48,"experience",20,20,16.5,5.5,8,27,0.398497370398196,0
"5ee92b925f0f482bb1e73668",49,"experience",20,20,34.5,5.5,26,45,0.398497370398196,0
"5ee92b925f0f482bb1e73668",50,"experience",20,20,20.5,5.5,12,31,0.398497370398196,0
"5ee92b925f0f482bb1e73668",51,"experience",20,20,15.5,5.5,7,26,0.398497370398196,0
"5ee92b925f0f482bb1e73668",52,"experience",20,20,14.5,5.5,6,25,0.398497370398196,0
"5ee92b925f0f482bb1e73668",53,"experience",20,20,26.5,5.5,18,37,0.398497370398196,0
"5ee92b925f0f482bb1e73668",54,"experience",20,20,18.5,5.5,10,29,0.398497370398196,0
"5ee92b925f0f482bb1e73668",55,"experience",20,20,33.5,5.5,25,44,0.398497370398196,0
"5ee92b925f0f482bb1e73668",56,"experience",20,20,25.5,5.5,17,36,0.398497370398196,0
"5ee92b925f0f482bb1e73668",57,"experience",20,20,20.5,5.5,12,31,0.398497370398196,0
"5ee92b925f0f482bb1e73668",58,"experience",20,20,24.5,5.5,16,35,0.398497370398196,0
"5ee92b925f0f482bb1e73668",59,"experience",20,20,26.5,5.5,18,37,0.398497370398196,0
"5ee92b925f0f482bb1e73668",60,"experience",20,20,25.5,5.5,17,36,0.398497370398196,0
"5ee92b925f0f482bb1e73668",61,"experience",2,2,15,4,11,19,0,0
"5ee92b925f0f482bb1e73668",62,"experience",2,2,36,4,32,40,0,0
"5ee92b925f0f482bb1e73668",63,"experience",2,2,23,4,19,27,0,0
"5ee92b925f0f482bb1e73668",64,"experience",2,2,19,4,15,23,0,0
"5ee92b925f0f482bb1e73668",65,"experience",2,2,14,4,10,18,0,0
"5ee92b925f0f482bb1e73668",66,"experience",2,2,31,4,27,35,0,0
"5ee92b925f0f482bb1e73668",67,"experience",2,2,14,4,10,18,0,0
"5ee92b925f0f482bb1e73668",68,"experience",2,2,25,4,21,29,0,0
"5ee92b925f0f482bb1e73668",69,"experience",2,2,35,4,31,39,0,0
"5ee92b925f0f482bb1e73668",70,"experience",2,2,25,4,21,29,0,0
"5ee92b925f0f482bb1e73668",71,"experience",2,2,25,4,21,29,0,0
"5ee92b925f0f482bb1e73668",72,"experience",2,2,14,4,10,18,0,0
"5ee92b925f0f482bb1e73668",73,"experience",2,2,24,4,20,28,0,0
"5ee92b925f0f482bb1e73668",74,"experience",2,2,30,4,26,34,0,0
"5ee92b925f0f482bb1e73668",75,"experience",2,2,23,4,19,27,0,0
"5ee92b925f0f482bb1e73668",76,"experience",2,2,24,4,20,28,0,0
"5ee92b925f0f482bb1e73668",77,"experience",10,10,23.2,5.9464274989274,14,32,-0.125669583629514,0
"5ee92b925f0f482bb1e73668",78,"experience",10,10,36.2,5.9464274989274,27,45,-0.125669583629516,0
"5ee92b925f0f482bb1e73668",79,"experience",10,10,28.2,5.9464274989274,19,37,-0.125669583629514,0
"5ee92b925f0f482bb1e73668",80,"experience",10,10,23.2,5.9464274989274,14,32,-0.125669583629514,0
"5ee92b925f0f482bb1e73668",81,"experience",10,10,28.2,5.9464274989274,19,37,-0.125669583629514,0
"5ee92b925f0f482bb1e73668",82,"experience",10,10,22.2,5.9464274989274,13,31,-0.125669583629514,0
"5ee92b925f0f482bb1e73668",83,"experience",10,10,29.2,5.9464274989274,20,38,-0.125669583629514,0
"5ee92b925f0f482bb1e73668",84,"experience",10,10,15.2,5.9464274989274,6,24,-0.125669583629514,0
"5ee92b925f0f482bb1e73668",85,"experience",10,10,16.2,5.9464274989274,7,25,-0.125669583629514,0
"5ee92b925f0f482bb1e73668",86,"experience",10,10,19.2,5.9464274989274,10,28,-0.125669583629514,0
"5ee92b925f0f482bb1e73668",87,"experience",10,10,23.2,5.9464274989274,14,32,-0.125669583629514,0
"5ee92b925f0f482bb1e73668",88,"experience",10,10,34.2,5.9464274989274,25,43,-0.125669583629516,0
"5ee92b925f0f482bb1e73668",89,"experience",10,10,27.2,5.9464274989274,18,36,-0.125669583629514,0
"5ee92b925f0f482bb1e73668",90,"experience",10,10,14.2,5.9464274989274,5,23,-0.125669583629514,0
"5ee92b925f0f482bb1e73668",91,"experience",10,10,20.2,5.9464274989274,11,29,-0.125669583629514,0
"5ee92b925f0f482bb1e73668",92,"experience",10,10,27.2,5.9464274989274,18,36,-0.125669583629514,0
"5ee92b925f0f482bb1e73668",93,"experience",20,20,25.5,5.5,17,36,0.398497370398196,0
"5ee92b925f0f482bb1e73668",94,"experience",20,20,30.5,5.5,22,41,0.398497370398196,0
"5ee92b925f0f482bb1e73668",95,"experience",20,20,14.5,5.5,6,25,0.398497370398196,0
"5ee92b925f0f482bb1e73668",96,"experience",20,20,26.5,5.5,18,37,0.398497370398196,0
"5ee92b925f0f482bb1e73668",97,"experience",20,20,27.5,5.5,19,38,0.398497370398196,0
"5ee92b925f0f482bb1e73668",98,"experience",20,20,19.5,5.5,11,30,0.398497370398196,0
"5ee92b925f0f482bb1e73668",99,"experience",20,20,18.5,5.5,10,29,0.398497370398196,0
"5ee92b925f0f482bb1e73668",100,"experience",20,20,12.5,5.5,4,23,0.398497370398196,0
"5ee92b925f0f482bb1e73668",101,"experience",20,20,33.5,5.5,25,44,0.398497370398196,0
"5ee92b925f0f482bb1e73668",102,"experience",20,20,17.5,5.5,9,28,0.398497370398196,0
"5ee92b925f0f482bb1e73668",103,"experience",20,20,23.5,5.5,15,34,0.398497370398196,0
"5ee92b925f0f482bb1e73668",104,"experience",20,20,23.5,5.5,15,34,0.398497370398196,0
"5ee92b925f0f482bb1e73668",105,"experience",20,20,17.5,5.5,9,28,0.398497370398196,0
"5ee92b925f0f482bb1e73668",106,"experience",20,20,29.5,5.5,21,40,0.398497370398196,0
"5ee92b925f0f482bb1e73668",107,"experience",20,20,25.5,5.5,17,36,0.398497370398196,0
"5ee92b925f0f482bb1e73668",108,"experience",20,20,17.5,5.5,9,28,0.398497370398196,0
"66a6bbb40b48d0e4f326767e",1,"experience",4,4,10.25,5.67340285895511,6,20,1.10120380499202,0
"66a6bbb40b48d0e4f326767e",2,"experience",12,12,11.5,5.46961302714065,3,20,-0.0916687808026303,0
"66a6bbb40b48d0e4f326767e",3,"experience",3,3,10.3333333333333,5.43650214343336,6,18,0.689205498142875,0
"66a6bbb40b48d0e4f326767e",4,"experience",6,6,40.5,3.40342964277702,36,46,0.202926916229964,0
"66a6bbb40b48d0e4f326767e",5,"experience",6,6,36.8333333333333,5.87130498460285,30,46,0.247405304189055,0
"66a6bbb40b48d0e4f326767e",6,"experience",2,2,37.5,7.5,30,45,0,0
"66a6bbb40b48d0e4f326767e",7,"experience",6,6,39.1666666666667,5.69844033242625,31,48,0.269810043802882,0
"66a6bbb40b48d0e4f326767e",8,"experience",12,12,39,6.27162924074226,29,48,-0.222957230261952,0
"66a6bbb40b48d0e4f326767e",9,"experience",11,11,8.27272727272727,4.3919535742477,2,16,0.228753326342234,0
"66a6bbb40b48d0e4f326767e",10,"experience",6,6,11.3333333333333,3.98608691436713,6,17,0.243270402911153,0
"66a6bbb40b48d0e4f326767e",11,"experience",6,6,15.3333333333333,3.77123616632825,9,20,-0.352862856627272,0
"66a6bbb40b48d0e4f326767e",12,"experience",6,6,36.3333333333333,4.14996653266291,31,43,0.196918287085772,0
"66a6bbb40b48d0e4f326767e",13,"experience",10,10,29.2,5.9464274989274,20,38,-0.125669583629514,0
"66a6bbb40b48d0e4f326767e",14,"experience",20,20,13.5,5.5,5,24,0.398497370398196,0
"66a6bbb40b48d0e4f326767e",15,"experience",2,2,33,4,29,37,0,0
"66a6bbb40b48d0e4f326767e",16,"experience",10,10,36.2,5.9464274989274,27,45,-0.125669583629516,0
"66a6bbb40b48d0e4f326767e",17,"experience",2,2,29,4,25,33,0,0
"66a6bbb40b48d0e4f326767e",18,"experience",2,2,24,4,20,28,0,0
"66a6bbb40b48d0e4f326767e",19,"experience",20,20,26.5,5.5,18,37,0.398497370398196,0
"66a6bbb40b48d0e4f326767e",20,"experience",2,2,22,4,18,26,0,0
"66a6bbb40b48d0e4f326767e",21,"experience",10,10,32.2,5.9464274989274,23,41,-0.125669583629516,0
"66a6bbb40b48d0e4f326767e",22,"experience",10,10,14.2,5.9464274989274,5,23,-0.125669583629514,0
"66a6bbb40b48d0e4f326767e",23,"experience",10,10,17.2,5.9464274989274,8,26,-0.125669583629514,0
"66a6bbb40b48d0e4f326767e",24,"experience",10,10,29.2,5.9464274989274,20,38,-0.125669583629514,0
"66a6bbb40b48d0e4f326767e",25,"experience",2,2,14,4,10,18,0,0
"66a6bbb40b48d0e4f326767e",26,"experience",2,2,35,4,31,39,0,0
"66a6bbb40b48d0e4f326767e",27,"experience",2,2,16,4,12,20,0,0
"66a6bbb40b48d0e4f326767e",28,"experience",10,10,22.2,5.9464274989274,13,31,-0.125669583629514,0
"66a6bbb40b48d0e4f326767e",29,"experience",2,2,14,4,10,18,0,0
"66a6bbb40b48d0e4f326767e",30,"experience",2,2,16,4,12,20,0,0
"66a6bbb40b48d0e4f326767e",31,"experience",10,10,36.2,5.9464274989274,27,45,-0.125669583629516,0
"66a6bbb40b48d0e4f326767e",32,"experience",2,2,35,4,31,39,0,0
"66a6bbb40b48d0e4f326767e",33,"experience",10,10,17.2,5.9464274989274,8,26,-0.125669583629514,0
"66a6bbb40b48d0e4f326767e",34,"experience",20,20,25.5,5.5,17,36,0.398497370398196,0
"66a6bbb40b48d0e4f326767e",35,"experience",10,10,32.2,5.9464274989274,23,41,-0.125669583629516,0
"66a6bbb40b48d0e4f326767e",36,"experience",20,20,12.5,5.5,4,23,0.398497370398196,0
"66a6bbb40b48d0e4f326767e",37,"experience",10,10,18.2,5.9464274989274,9,27,-0.125669583629514,0
"66a6bbb40b48d0e4f326767e",38,"experience",20,20,32.5,5.5,24,43,0.398497370398196,0
"66a6bbb40b48d0e4f326767e",39,"experience",2,2,24,4,20,28,0,0
"66a6bbb40b48d0e4f326767e",40,"experience",20,20,16.5,5.5,8,27,0.398497370398196,0
"66a6bbb40b48d0e4f326767e",41,"experience",2,2,28,4,24,32,0,0
"66a6bbb40b48d0e4f326767e",42,"experience",2,2,17,4,13,21,0,0
"66a6bbb40b48d0e4f326767e",43,"experience",10,10,35.2,5.9464274989274,26,44,-0.125669583629516,0
"66a6bbb40b48d0e4f326767e",44,"experience",10,10,34.2,5.9464274989274,25,43,-0.125669583629516,0
"66a6bbb40b48d0e4f326767e",45,"experience",20,20,15.5,5.5,7,26,0.398497370398196,0
"66a6bbb40b48d0e4f326767e",46,"experience",20,20,24.5,5.5,16,35,0.398497370398196,0
"66a6bbb40b48d0e4f326767e",47,"experience",2,2,26,4,22,30,0,0
"66a6bbb40b48d0e4f326767e",48,"experience",20,20,33.5,5.5,25,44,0.398497370398196,0
"66a6bbb40b48d0e4f326767e",49,"experience",20,20,26.5,5.5,18,37,0.398497370398196,0
"66a6bbb40b48d0e4f326767e",50,"experience",10,10,22.2,5.9464274989274,13,31,-0.125669583629514,0
"66a6bbb40b48d0e4f326767e",51,"experience",2,2,29,4,25,33,0,0
"66a6bbb40b48d0e4f326767e",52,"experience",10,10,27.2,5.9464274989274,18,36,-0.125669583629514,0
"66a6bbb40b48d0e4f326767e",53,"experience",10,10,15.2,5.9464274989274,6,24,-0.125669583629514,0
"66a6bbb40b48d0e4f326767e",54,"experience",20,20,27.5,5.5,19,38,0.398497370398196,0
"66a6bbb40b48d0e4f326767e",55,"experience",20,20,15.5,5.5,7,26,0.398497370398196,0
"66a6bbb40b48d0e4f326767e",56,"experience",20,20,18.5,5.5,10,29,0.398497370398196,0
"66a6bbb40b48d0e4f326767e",57,"experience",20,20,28.5,5.5,20,39,0.398497370398196,0
"66a6bbb40b48d0e4f326767e",58,"experience",20,20,16.5,5.5,8,27,0.398497370398196,0
"66a6bbb40b48d0e4f326767e",59,"experience",2,2,21,4,17,25,0,0
"66a6bbb40b48d0e4f326767e",60,"experience",20,20,13.5,5.5,5,24,0.398497370398196,0
"66a6bbb40b48d0e4f326767e",61,"experience",20,20,21.5,5.5,13,32,0.398497370398196,0
"66a6bbb40b48d0e4f326767e",62,"experience",10,10,16.2,5.9464274989274,7,25,-0.125669583629514,0
"66a6bbb40b48d0e4f326767e",63,"experience",20,20,12.5,5.5,4,23,0.398497370398196,0
"66a6bbb40b48d0e4f326767e",64,"experience",2,2,32,4,28,36,0,0
"66a6bbb40b48d0e4f326767e",65,"experience",10,10,28.2,5.9464274989274,19,37,-0.125669583629514,0
"66a6bbb40b48d0e4f326767e",66,"experience",20,20,21.5,5.5,13,32,0.398497370398196,0
"66a6bbb40b48d0e4f326767e",67,"experience",10,10,15.2,5.9464274989274,6,24,-0.125669583629514,0
"66a6bbb40b48d0e4f326767e",68,"experience",10,10,21.2,5.9464274989274,12,30,-0.125669583629514,0
"66a6bbb40b48d0e4f326767e",69,"experience",20,20,19.5,5.5,11,30,0.398497370398196,0
"66a6bbb40b48d0e4f326767e",70,"experience",2,2,30,4,26,34,0,0
"66a6bbb40b48d0e4f326767e",71,"experience",20,20,28.5,5.5,20,39,0.398497370398196,0
"66a6bbb40b48d0e4f326767e",72,"experience",2,2,20,4,16,24,0,0
"66a6bbb40b48d0e4f326767e",73,"experience",2,2,34,4,30,38,0,0
"66a6bbb40b48d0e4f326767e",74,"experience",2,2,14,4,10,18,0,0
"66a6bbb40b48d0e4f326767e",75,"experience",10,10,34.2,5.9464274989274,25,43,-0.125669583629516,0
"66a6bbb40b48d0e4f326767e",76,"experience",20,20,30.5,5.5,22,41,0.398497370398196,0
"66a6bbb40b48d0e4f326767e",77,"experience",10,10,21.2,5.9464274989274,12,30,-0.125669583629514,0
"66a6bbb40b48d0e4f326767e",78,"experience",2,2,15,4,11,19,0,0
"66a6bbb40b48d0e4f326767e",79,"experience",20,20,32.5,5.5,24,43,0.398497370398196,0
"66a6bbb40b48d0e4f326767e",80,"experience",2,2,25,4,21,29,0,0
"66a6bbb40b48d0e4f326767e",81,"experience",2,2,21,4,17,25,0,0
"66a6bbb40b48d0e4f326767e",82,"experience",20,20,14.5,5.5,6,25,0.398497370398196,0
"66a6bbb40b48d0e4f326767e",83,"experience",20,20,24.5,5.5,16,35,0.398497370398196,0
"66a6bbb40b48d0e4f326767e",84,"experience",2,2,18,4,14,22,0,0
"66a6bbb40b48d0e4f326767e",85,"experience",10,10,34.2,5.9464274989274,25,43,-0.125669583629516,0
"66a6bbb40b48d0e4f326767e",86,"experience",2,2,35,4,31,39,0,0
"66a6bbb40b48d0e4f326767e",87,"experience",20,20,17.5,5.5,9,28,0.398497370398196,0
"66a6bbb40b48d0e4f326767e",88,"experience",10,10,24.2,5.9464274989274,15,33,-0.125669583629514,0
"66a6bbb40b48d0e4f326767e",89,"experience",2,2,21,4,17,25,0,0
"66a6bbb40b48d0e4f326767e",90,"experience",10,10,36.2,5.9464274989274,27,45,-0.125669583629516,0
"66a6bbb40b48d0e4f326767e",91,"experience",2,2,26,4,22,30,0,0
"66a6bbb40b48d0e4f326767e",92,"experience",10,10,35.2,5.9464274989274,26,44,-0.125669583629516,0
"66a6bbb40b48d0e4f326767e",93,"experience",20,20,17.5,5.5,9,28,0.398497370398196,0
"66a6bbb40b48d0e4f326767e",94,"experience",2,2,21,4,17,25,0,0
"66a6bbb40b48d0e4f326767e",95,"experience",2,2,19,4,15,23,0,0
"66a6bbb40b48d0e4f326767e",96,"experience",20,20,29.5,5.5,21,40,0.398497370398196,0
"66a6bbb40b48d0e4f326767e",97,"experience",10,10,19.2,5.9464274989274,10,28,-0.125669583629514,0
"66a6bbb40b48d0e4f326767e",98,"experience",2,2,18,4,14,22,0,0
"66a6bbb40b48d0e4f326767e",99,"experience",2,2,35,4,31,39,0,0
"66a6bbb40b48d0e4f326767e",100,"experience",10,10,35.2,5.9464274989274,26,44,-0.125669583629516,0
"66a6bbb40b48d0e4f326767e",101,"experience",10,10,14.2,5.9464274989274,5,23,-0.125669583629514,0
"66a6bbb40b48d0e4f326767e",102,"experience",20,20,25.5,5.5,17,36,0.398497370398196,0
"66a6bbb40b48d0e4f326767e",103,"experience",20,20,27.5,5.5,19,38,0.398497370398196,0
"66a6bbb40b48d0e4f326767e",104,"experience",20,20,20.5,5.5,12,31,0.398497370398196,0
"66a6bbb40b48d0e4f326767e",105,"experience",10,10,25.2,5.9464274989274,16,34,-0.125669583629514,0
"66a6bbb40b48d0e4f326767e",106,"experience",20,20,33.5,5.5,25,44,0.398497370398196,0
"66a6bbb40b48d0e4f326767e",107,"experience",10,10,26.2,5.9464274989274,17,35,-0.125669583629514,0
"66a6bbb40b48d0e4f326767e",108,"experience",10,10,26.2,5.9464274989274,17,35,-0.125669583629514,0
"656a02c7b6729e5b80412a8f",1,"experience",11,11,11.6363636363636,6.00413080943941,1,19,-0.459855968482538,1
"656a02c7b6729e5b80412a8f",2,"experience",4,4,8.75,4.86698058348295,3,16,0.373254558988368,0
"656a02c7b6729e5b80412a8f",3,"experience",9,9,9.66666666666667,6.41179468722378,1,19,0.00562027291794664,1
"656a02c7b6729e5b80412a8f",4,"experience",4,4,32.75,2.27760839478607,29,35,-0.833150407150662,0
"656a02c7b6729e5b80412a8f",5,"experience",6,6,12.8333333333333,4.41273409829124,7,19,0.0765087871563981,0
"656a02c7b6729e5b80412a8f",6,"experience",3,3,10,3.2659863237109,6,14,0,0
"656a02c7b6729e5b80412a8f",7,"experience",7,7,40.8571428571429,4.85293935756087,34,47,-0.182898625800078,0
"656a02c7b6729e5b80412a8f",8,"experience",7,7,36.4285714285714,5.12297745058317,29,45,0.242513380520484,0
"656a02c7b6729e5b80412a8f",9,"experience",11,11,11.1818181818182,5.40737176653202,3,20,0.152078394453133,0
"656a02c7b6729e5b80412a8f",10,"experience",9,9,38,4.24264068711928,32,44,0,0
"656a02c7b6729e5b80412a8f",11,"experience",2,2,7.5,0.5,7,8,0,0
"656a02c7b6729e5b80412a8f",12,"experience",11,11,36.9090909090909,5.55066818999045,29,45,0.0486069433807534,0
"656a02c7b6729e5b80412a8f",13,"experience",2,2,22,4,18,26,0,0
"656a02c7b6729e5b80412a8f",14,"experience",2,2,33,4,29,37,0,0
"656a02c7b6729e5b80412a8f",15,"experience",10,10,34.2,5.9464274989274,25,43,-0.125669583629516,0
"656a02c7b6729e5b80412a8f",16,"experience",20,20,28.5,5.5,20,39,0.398497370398196,0
"656a02c7b6729e5b80412a8f",17,"experience",2,2,23,4,19,27,0,0
"656a02c7b6729e5b80412a8f",18,"experience",20,20,31.5,5.5,23,42,0.398497370398196,0
"656a02c7b6729e5b80412a8f",19,"experience",20,20,26.5,5.5,18,37,0.398497370398196,0
"656a02c7b6729e5b80412a8f",20,"experience",2,2,21,4,17,25,0,0
"656a02c7b6729e5b80412a8f",21,"experience",20,20,31.5,5.5,23,42,0.398497370398196,0
"656a02c7b6729e5b80412a8f",22,"experience",2,2,22,4,18,26,0,0
"656a02c7b6729e5b80412a8f",23,"experience",10,10,31.2,5.9464274989274,22,40,-0.125669583629514,0
"656a02c7b6729e5b80412a8f",24,"experience",20,20,14.5,5.5,6,25,0.398497370398196,0
"656a02c7b6729e5b80412a8f",25,"experience",10,10,36.2,5.9464274989274,27,45,-0.125669583629516,0
"656a02c7b6729e5b80412a8f",26,"experience",10,10,25.2,5.9464274989274,16,34,-0.125669583629514,0
"656a02c7b6729e5b80412a8f",27,"experience",20,20,22.5,5.5,14,33,0.398497370398196,0
"656a02c7b6729e5b80412a8f",28,"experience",10,10,14.2,5.9464274989274,5,23,-0.125669583629514,0
"656a02c7b6729e5b80412a8f",29,"experience",10,10,25.2,5.9464274989274,16,34,-0.125669583629514,0
"656a02c7b6729e5b80412a8f",30,"experience",10,10,27.2,5.9464274989274,18,36,-0.125669583629514,0
"656a02c7b6729e5b80412a8f",31,"experience",2,2,22,4,18,26,0,0
"656a02c7b6729e5b80412a8f",32,"experience",2,2,25,4,21,29,0,0
"656a02c7b6729e5b80412a8f",33,"experience",10,10,34.2,5.9464274989274,25,43,-0.125669583629516,0
"656a02c7b6729e5b80412a8f",34,"experience",2,2,26,4,22,30,0,0
"656a02c7b6729e5b80412a8f",35,"experience",2,2,29,4,25,33,0,0
"656a02c7b6729e5b80412a8f",36,"experience",10,10,28.2,5.9464274989274,19,37,-0.125669583629514,0
"656a02c7b6729e5b80412a8f",37,"experience",10,10,14.2,5.9464274989274,5,23,-0.125669583629514,0
"656a02c7b6729e5b80412a8f",38,"experience",2,2,33,4,29,37,0,0
"656a02c7b6729e5b80412a8f",39,"experience",2,2,25,4,21,29,0,0
"656a02c7b6729e5b80412a8f",40,"experience",2,2,19,4,15,23,0,0
"656a02c7b6729e5b80412a8f",41,"experience",10,10,33.2,5.9464274989274,24,42,-0.125669583629516,0
"656a02c7b6729e5b80412a8f",42,"experience",20,20,32.5,5.5,24,43,0.398497370398196,0
"656a02c7b6729e5b80412a8f",43,"experience",10,10,16.2,5.9464274989274,7,25,-0.125669583629514,0
"656a02c7b6729e5b80412a8f",44,"experience",2,2,17,4,13,21,0,0
"656a02c7b6729e5b80412a8f",45,"experience",20,20,12.5,5.5,4,23,0.398497370398196,0
"656a02c7b6729e5b80412a8f",46,"experience",2,2,34,4,30,38,0,0
"656a02c7b6729e5b80412a8f",47,"experience",10,10,17.2,5.9464274989274,8,26,-0.125669583629514,0
"656a02c7b6729e5b80412a8f",48,"experience",2,2,32,4,28,36,0,0
"656a02c7b6729e5b80412a8f",49,"experience",20,20,27.5,5.5,19,38,0.398497370398196,0
"656a02c7b6729e5b80412a8f",50,"experience",20,20,18.5,5.5,10,29,0.398497370398196,0
"656a02c7b6729e5b80412a8f",51,"experience",20,20,19.5,5.5,11,30,0.398497370398196,0
"656a02c7b6729e5b80412a8f",52,"experience",20,20,25.5,5.5,17,36,0.398497370398196,0
"656a02c7b6729e5b80412a8f",53,"experience",10,10,36.2,5.9464274989274,27,45,-0.125669583629516,0
"656a02c7b6729e5b80412a8f",54,"experience",20,20,22.5,5.5,14,33,0.398497370398196,0
"656a02c7b6729e5b80412a8f",55,"experience",10,10,29.2,5.9464274989274,20,38,-0.125669583629514,0
"656a02c7b6729e5b80412a8f",56,"experience",10,10,22.2,5.9464274989274,13,31,-0.125669583629514,0
"656a02c7b6729e5b80412a8f",57,"experience",20,20,18.5,5.5,10,29,0.398497370398196,0
"656a02c7b6729e5b80412a8f",58,"experience",2,2,23,4,19,27,0,0
"656a02c7b6729e5b80412a8f",59,"experience",20,20,15.5,5.5,7,26,0.398497370398196,0
"656a02c7b6729e5b80412a8f",60,"experience",20,20,34.5,5.5,26,45,0.398497370398196,0
"656a02c7b6729e5b80412a8f",61,"experience",2,2,33,4,29,37,0,0
"656a02c7b6729e5b80412a8f",62,"experience",10,10,28.2,5.9464274989274,19,37,-0.125669583629514,0
"656a02c7b6729e5b80412a8f",63,"experience",20,20,19.5,5.5,11,30,0.398497370398196,0
"656a02c7b6729e5b80412a8f",64,"experience",20,20,22.5,5.5,14,33,0.398497370398196,0
"656a02c7b6729e5b80412a8f",65,"experience",20,20,23.5,5.5,15,34,0.398497370398196,0
"656a02c7b6729e5b80412a8f",66,"experience",2,2,24,4,20,28,0,0
"656a02c7b6729e5b80412a8f",67,"experience",2,2,24,4,20,28,0,0
"656a02c7b6729e5b80412a8f",68,"experience",2,2,17,4,13,21,0,0
"656a02c7b6729e5b80412a8f",69,"experience",20,20,25.5,5.5,17,36,0.398497370398196,0
"656a02c7b6729e5b80412a8f",70,"experience",20,20,16.5,5.5,8,27,0.398497370398196,0
"656a02c7b6729e5b80412a8f",71,"experience",20,20,26.5,5.5,18,37,0.398497370398196,0
"656a02c7b6729e5b80412a8f",72,"experience",10,10,31.2,5.9464274989274,22,40,-0.125669583629514,0
"656a02c7b6729e5b80412a8f",73,"experience",20,20,17.5,5.5,9,28,0.398497370398196,0
"656a02c7b6729e5b80412a8f",74,"experience",10,10,22.2,5.9464274989274,13,31,-0.125669583629514,0
"656a02c7b6729e5b80412a8f",75,"experience",10,10,33.2,5.9464274989274,24,42,-0.125669583629516,0
"656a02c7b6729e5b80412a8f",76,"experience",2,2,32,4,28,36,0,0
"656a02c7b6729e5b80412a8f",77,"experience",20,20,13.5,5.5,5,24,0.398497370398196,0
"656a02c7b6729e5b80412a8f",78,"experience",2,2,24,4,20,28,0,0
"656a02c7b6729e5b80412a8f",79,"experience",10,10,27.2,5.9464274989274,18,36,-0.125669583629514,0
"656a02c7b6729e5b80412a8f",80,"experience",10,10,15.2,5.9464274989274,6,24,-0.125669583629514,0
"656a02c7b6729e5b80412a8f",81,"experience",2,2,30,4,26,34,0,0
"656a02c7b6729e5b80412a8f",82,"experience",2,2,21,4,17,25,0,0
"656a02c7b6729e5b80412a8f",83,"experience",2,2,33,4,29,37,0,0
"656a02c7b6729e5b80412a8f",84,"experience",10,10,19.2,5.9464274989274,10,28,-0.125669583629514,0
"656a02c7b6729e5b80412a8f",85,"experience",10,10,32.2,5.9464274989274,23,41,-0.125669583629516,0
"656a02c7b6729e5b80412a8f",86,"experience",10,10,17.2,5.9464274989274,8,26,-0.125669583629514,0
"656a02c7b6729e5b80412a8f",87,"experience",20,20,31.5,5.5,23,42,0.398497370398196,0
"656a02c7b6729e5b80412a8f",88,"experience",20,20,12.5,5.5,4,23,0.398497370398196,0
"656a02c7b6729e5b80412a8f",89,"experience",20,20,23.5,5.5,15,34,0.398497370398196,0
"656a02c7b6729e5b80412a8f",90,"experience",20,20,31.5,5.5,23,42,0.398497370398196,0
"656a02c7b6729e5b80412a8f",91,"experience",20,20,20.5,5.5,12,31,0.398497370398196,0
"656a02c7b6729e5b80412a8f",92,"experience",2,2,17,4,13,21,0,0
"656a02c7b6729e5b80412a8f",93,"experience",2,2,35,4,31,39,0,0
"656a02c7b6729e5b80412a8f",94,"experience",20,20,19.5,5.5,11,30,0.398497370398196,0
"656a02c7b6729e5b80412a8f",95,"experience",10,10,21.2,5.9464274989274,12,30,-0.125669583629514,0
"656a02c7b6729e5b80412a8f",96,"experience",10,10,22.2,5.9464274989274,13,31,-0.125669583629514,0
"656a02c7b6729e5b80412a8f",97,"experience",2,2,35,4,31,39,0,0
"656a02c7b6729e5b80412a8f",98,"experience",2,2,23,4,19,27,0,0
"656a02c7b6729e5b80412a8f",99,"experience",2,2,23,4,19,27,0,0
"656a02c7b6729e5b80412a8f",100,"experience",10,10,16.2,5.9464274989274,7,25,-0.125669583629514,0
"656a02c7b6729e5b80412a8f",101,"experience",20,20,16.5,5.5,8,27,0.398497370398196,0
"656a02c7b6729e5b80412a8f",102,"experience",10,10,27.2,5.9464274989274,18,36,-0.125669583629514,0
"656a02c7b6729e5b80412a8f",103,"experience",20,20,30.5,5.5,22,41,0.398497370398196,0
"656a02c7b6729e5b80412a8f",104,"experience",10,10,30.2,5.9464274989274,21,39,-0.125669583629514,0
"656a02c7b6729e5b80412a8f",105,"experience",10,10,25.2,5.9464274989274,16,34,-0.125669583629514,0
"656a02c7b6729e5b80412a8f",106,"experience",2,2,16,4,12,20,0,0
"656a02c7b6729e5b80412a8f",107,"experience",2,2,23,4,19,27,0,0
"656a02c7b6729e5b80412a8f",108,"experience",10,10,14.2,5.9464274989274,5,23,-0.125669583629514,0
"66d804534578af1dec99f245",1,"experience",10,10,9.4,5.74804314527997,1,18,0.0457466982260406,1
"66d804534578af1dec99f245",2,"experience",7,7,39.7142857142857,5.3908463611752,32,47,0.00413131196210289,0
"66d804534578af1dec99f245",3,"experience",11,11,11.7272727272727,6.03159724196304,1,20,-0.524231153436062,1
"66d804534578af1dec99f245",4,"experience",12,12,38.6666666666667,5.6322484162386,30,48,0.198278582514429,0
"66d804534578af1dec99f245",5,"experience",12,12,10.0833333333333,5.09015935135848,3,19,0.353379536524063,0
"66d804534578af1dec99f245",6,"experience",6,6,10,7.74596669241483,1,20,0.139857731946379,1
"66d804534578af1dec99f245",7,"experience",8,8,12,6.06217782649107,4,20,0,0
"66d804534578af1dec99f245",8,"experience",4,4,11,5.61248608016091,5,18,0.0933293225725926,0
"66d804534578af1dec99f245",9,"experience",12,12,37.4166666666667,5.55965126804031,29,47,0.0972210690854176,0
"66d804534578af1dec99f245",10,"experience",7,7,37.7142857142857,5.87280136888413,29,48,0.229290319191999,0
"66d804534578af1dec99f245",11,"experience",2,2,42,1,41,43,0,0
"66d804534578af1dec99f245",12,"experience",4,4,38.25,5.35607132140714,31,46,0.134841785869364,0
"66d804534578af1dec99f245",13,"experience",2,2,19,4,15,23,0,0
"66d804534578af1dec99f245",14,"experience",10,10,22.2,5.9464274989274,13,31,-0.125669583629514,0
"66d804534578af1dec99f245",15,"experience",20,20,30.5,5.5,22,41,0.398497370398196,0
"66d804534578af1dec99f245",16,"experience",10,10,29.2,5.9464274989274,20,38,-0.125669583629514,0
"66d804534578af1dec99f245",17,"experience",2,2,22,4,18,26,0,0
"66d804534578af1dec99f245",18,"experience",2,2,23,4,19,27,0,0
"66d804534578af1dec99f245",19,"experience",10,10,29.2,5.9464274989274,20,38,-0.125669583629514,0
"66d804534578af1dec99f245",20,"experience",20,20,21.5,5.5,13,32,0.398497370398196,0
"66d804534578af1dec99f245",21,"experience",2,2,28,4,24,32,0,0
"66d804534578af1dec99f245",22,"experience",20,20,22.5,5.5,14,33,0.398497370398196,0
"66d804534578af1dec99f245",23,"experience",2,2,25,4,21,29,0,0
"66d804534578af1dec99f245",24,"experience",2,2,22,4,18,26,0,0
"66d804534578af1dec99f245",25,"experience",10,10,28.2,5.9464274989274,19,37,-0.125669583629514,0
"66d804534578af1dec99f245",26,"experience",10,10,32.2,5.9464274989274,23,41,-0.125669583629516,0
"66d804534578af1dec99f245",27,"experience",2,2,25,4,21,29,0,0
"66d804534578af1dec99f245",28,"experience",20,20,14.5,5.5,6,25,0.398497370398196,0
"66d804534578af1dec99f245",29,"experience",10,10,20.2,5.9464274989274,11,29,-0.125669583629514,0
"66d804534578af1dec99f245",30,"experience",20,20,25.5,5.5,17,36,0.398497370398196,0
"66d804534578af1dec99f245",31,"experience",2,2,36,4,32,40,0,0
"66d804534578af1dec99f245",32,"experience",10,10,22.2,5.9464274989274,13,31,-0.125669583629514,0
"66d804534578af1dec99f245",33,"experience",20,20,26.5,5.5,18,37,0.398497370398196,0
"66d804534578af1dec99f245",34,"experience",20,20,13.5,5.5,5,24,0.398497370398196,0
"66d804534578af1dec99f245",35,"experience",2,2,16,4,12,20,0,0
"66d804534578af1dec99f245",36,"experience",20,20,21.5,5.5,13,32,0.398497370398196,0
"66d804534578af1dec99f245",37,"experience",10,10,28.2,5.9464274989274,19,37,-0.125669583629514,0
"66d804534578af1dec99f245",38,"experience",10,10,27.2,5.9464274989274,18,36,-0.125669583629514,0
"66d804534578af1dec99f245",39,"experience",20,20,20.5,5.5,12,31,0.398497370398196,0
"66d804534578af1dec99f245",40,"experience",2,2,26,4,22,30,0,0
"66d804534578af1dec99f245",41,"experience",2,2,31,4,27,35,0,0
"66d804534578af1dec99f245",42,"experience",2,2,27,4,23,31,0,0
"66d804534578af1dec99f245",43,"experience",10,10,35.2,5.9464274989274,26,44,-0.125669583629516,0
"66d804534578af1dec99f245",44,"experience",10,10,15.2,5.9464274989274,6,24,-0.125669583629514,0
"66d804534578af1dec99f245",45,"experience",20,20,16.5,5.5,8,27,0.398497370398196,0
"66d804534578af1dec99f245",46,"experience",20,20,17.5,5.5,9,28,0.398497370398196,0
"66d804534578af1dec99f245",47,"experience",10,10,17.2,5.9464274989274,8,26,-0.125669583629514,0
"66d804534578af1dec99f245",48,"experience",10,10,28.2,5.9464274989274,19,37,-0.125669583629514,0
"66d804534578af1dec99f245",49,"experience",10,10,17.2,5.9464274989274,8,26,-0.125669583629514,0
"66d804534578af1dec99f245",50,"experience",2,2,29,4,25,33,0,0
"66d804534578af1dec99f245",51,"experience",20,20,30.5,5.5,22,41,0.398497370398196,0
"66d804534578af1dec99f245",52,"experience",20,20,24.5,5.5,16,35,0.398497370398196,0
"66d804534578af1dec99f245",53,"experience",2,2,23,4,19,27,0,0
"66d804534578af1dec99f245",54,"experience",10,10,30.2,5.9464274989274,21,39,-0.125669583629514,0
"66d804534578af1dec99f245",55,"experience",2,2,36,4,32,40,0,0
"66d804534578af1dec99f245",56,"experience",10,10,29.2,5.9464274989274,20,38,-0.125669583629514,0
"66d804534578af1dec99f245",57,"experience",2,2,22,4,18,26,0,0
"66d804534578af1dec99f245",58,"experience",20,20,13.5,5.5,5,24,0.398497370398196,0
"66d804534578af1dec99f245",59,"experience",20,20,34.5,5.5,26,45,0.398497370398196,0
"66d804534578af1dec99f245",60,"experience",20,20,14.5,5.5,6,25,0.398497370398196,0
"66d804534578af1dec99f245",61,"experience",10,10,26.2,5.9464274989274,17,35,-0.125669583629514,0
"66d804534578af1dec99f245",62,"experience",2,2,27,4,23,31,0,0
"66d804534578af1dec99f245",63,"experience",10,10,19.2,5.9464274989274,10,28,-0.125669583629514,0
"66d804534578af1dec99f245",64,"experience",2,2,23,4,19,27,0,0
"66d804534578af1dec99f245",65,"experience",10,10,14.2,5.9464274989274,5,23,-0.125669583629514,0
"66d804534578af1dec99f245",66,"experience",20,20,13.5,5.5,5,24,0.398497370398196,0
"66d804534578af1dec99f245",67,"experience",20,20,30.5,5.5,22,41,0.398497370398196,0
"66d804534578af1dec99f245",68,"experience",10,10,28.2,5.9464274989274,19,37,-0.125669583629514,0
"66d804534578af1dec99f245",69,"experience",2,2,16,4,12,20,0,0
"66d804534578af1dec99f245",70,"experience",2,2,26,4,22,30,0,0
"66d804534578af1dec99f245",71,"experience",10,10,19.2,5.9464274989274,10,28,-0.125669583629514,0
"66d804534578af1dec99f245",72,"experience",10,10,14.2,5.9464274989274,5,23,-0.125669583629514,0
"66d804534578af1dec99f245",73,"experience",20,20,28.5,5.5,20,39,0.398497370398196,0
"66d804534578af1dec99f245",74,"experience",2,2,28,4,24,32,0,0
"66d804534578af1dec99f245",75,"experience",20,20,33.5,5.5,25,44,0.398497370398196,0
"66d804534578af1dec99f245",76,"experience",2,2,25,4,21,29,0,0
"66d804534578af1dec99f245",77,"experience",2,2,29,4,25,33,0,0
"66d804534578af1dec99f245",78,"experience",20,20,26.5,5.5,18,37,0.398497370398196,0
"66d804534578af1dec99f245",79,"experience",10,10,23.2,5.9464274989274,14,32,-0.125669583629514,0
"66d804534578af1dec99f245",80,"experience",20,20,32.5,5.5,24,43,0.398497370398196,0
"66d804534578af1dec99f245",81,"experience",20,20,19.5,5.5,11,30,0.398497370398196,0
"66d804534578af1dec99f245",82,"experience",2,2,31,4,27,35,0,0
"66d804534578af1dec99f245",83,"experience",20,20,19.5,5.5,11,30,0.398497370398196,0
"66d804534578af1dec99f245",84,"experience",20,20,14.5,5.5,6,25,0.398497370398196,0
"66d804534578af1dec99f245",85,"experience",2,2,32,4,28,36,0,0
"66d804534578af1dec99f245",86,"experience",2,2,18,4,14,22,0,0
"66d804534578af1dec99f245",87,"experience",20,20,31.5,5.5,23,42,0.398497370398196,0
"66d804534578af1dec99f245",88,"experience",10,10,17.2,5.9464274989274,8,26,-0.125669583629514,0
"66d804534578af1dec99f245",89,"experience",2,2,17,4,13,21,0,0
"66d804534578af1dec99f245",90,"experience",10,10,20.2,5.9464274989274,11,29,-0.125669583629514,0
"66d804534578af1dec99f245",91,"experience",20,20,22.5,5.5,14,33,0.398497370398196,0
"66d804534578af1dec99f245",92,"experience",10,10,36.2,5.9464274989274,27,45,-0.125669583629516,0
"66d804534578af1dec99f245",93,"experience",2,2,17,4,13,21,0,0
"66d804534578af1dec99f245",94,"experience",20,20,24.5,5.5,16,35,0.398497370398196,0
"66d804534578af1dec99f245",95,"experience",2,2,14,4,10,18,0,0
"66d804534578af1dec99f245",96,"experience",2,2,26,4,22,30,0,0
"66d804534578af1dec99f245",97,"experience",10,10,31.2,5.9464274989274,22,40,-0.125669583629514,0
"66d804534578af1dec99f245",98,"experience",10,10,15.2,5.9464274989274,6,24,-0.125669583629514,0
"66d804534578af1dec99f245",99,"experience",20,20,16.5,5.5,8,27,0.398497370398196,0
"66d804534578af1dec99f245",100,"experience",20,20,18.5,5.5,10,29,0.398497370398196,0
"66d804534578af1dec99f245",101,"experience",20,20,25.5,5.5,17,36,0.398497370398196,0
"66d804534578af1dec99f245",102,"experience",2,2,14,4,10,18,0,0
"66d804534578af1dec99f245",103,"experience",10,10,16.2,5.9464274989274,7,25,-0.125669583629514,0
"66d804534578af1dec99f245",104,"experience",10,10,20.2,5.9464274989274,11,29,-0.125669583629514,0
"66d804534578af1dec99f245",105,"experience",20,20,26.5,5.5,18,37,0.398497370398196,0
"66d804534578af1dec99f245",106,"experience",2,2,14,4,10,18,0,0
"66d804534578af1dec99f245",107,"experience",10,10,24.2,5.9464274989274,15,33,-0.125669583629514,0
"66d804534578af1dec99f245",108,"experience",10,10,21.2,5.9464274989274,12,30,-0.125669583629514,0
"5caf7f17a85c43001737b4b3",1,"experience",4,4,7.75,3.89711431702997,4,14,0.720697866889656,0
"5caf7f17a85c43001737b4b3",2,"experience",9,9,7.66666666666667,4.18993502999218,2,14,0.225575736272612,0
"5caf7f17a85c43001737b4b3",3,"experience",7,7,41,5.87974732207334,30,48,-0.548176702044266,0
"5caf7f17a85c43001737b4b3",4,"experience",5,5,42.8,3.31058907144937,38,47,-0.0555615939851086,0
"5caf7f17a85c43001737b4b3",5,"experience",6,6,10.5,5.96517672272443,1,19,-0.103646045651493,1
"5caf7f17a85c43001737b4b3",6,"experience",5,5,11.6,5.00399840127872,6,19,0.399935770315226,0
"5caf7f17a85c43001737b4b3",7,"experience",11,11,10.1818181818182,5.98206686413167,1,20,0.0803577507017878,1
"5caf7f17a85c43001737b4b3",8,"experience",7,7,37.5714285714286,5.99659767480439,29,47,0.19688479174537,0
"5caf7f17a85c43001737b4b3",9,"experience",3,3,45.3333333333333,3.09120616516523,41,48,-0.652012117044049,0
"5caf7f17a85c43001737b4b3",10,"experience",11,11,10.1818181818182,5.49078868019691,1,19,-0.134522817514418,1
"5caf7f17a85c43001737b4b3",11,"experience",8,8,36.625,6.14283118765281,29,48,0.48913250149745,0
"5caf7f17a85c43001737b4b3",12,"experience",3,3,11.6666666666667,6.12825877028341,4,19,-0.0814283184525243,0
"5caf7f17a85c43001737b4b3",13,"experience",2,2,30,4,26,34,0,0
"5caf7f17a85c43001737b4b3",14,"experience",2,2,29,4,25,33,0,0
"5caf7f17a85c43001737b4b3",15,"experience",20,20,16.5,5.5,8,27,0.398497370398196,0
"5caf7f17a85c43001737b4b3",16,"experience",2,2,24,4,20,28,0,0
"5caf7f17a85c43001737b4b3",17,"experience",2,2,26,4,22,30,0,0
"5caf7f17a85c43001737b4b3",18,"experience",10,10,28.2,5.9464274989274,19,37,-0.125669583629514,0
"5caf7f17a85c43001737b4b3",19,"experience",10,10,23.2,5.9464274989274,14,32,-0.125669583629514,0
"5caf7f17a85c43001737b4b3",20,"experience",20,20,25.5,5.5,17,36,0.398497370398196,0
"5caf7f17a85c43001737b4b3",21,"experience",10,10,23.2,5.9464274989274,14,32,-0.125669583629514,0
"5caf7f17a85c43001737b4b3",22,"experience",20,20,25.5,5.5,17,36,0.398497370398196,0
"5caf7f17a85c43001737b4b3",23,"experience",10,10,16.2,5.9464274989274,7,25,-0.125669583629514,0
"5caf7f17a85c43001737b4b3",24,"experience",2,2,30,4,26,34,0,0
"5caf7f17a85c43001737b4b3",25,"experience",10,10,21.2,5.9464274989274,12,30,-0.125669583629514,0
"5caf7f17a85c43001737b4b3",26,"experience",20,20,15.5,5.5,7,26,0.398497370398196,0
"5caf7f17a85c43001737b4b3",27,"experience",20,20,23.5,5.5,15,34,0.398497370398196,0
"5caf7f17a85c43001737b4b3",28,"experience",2,2,34,4,30,38,0,0
"5caf7f17a85c43001737b4b3",29,"experience",2,2,18,4,14,22,0,0
"5caf7f17a85c43001737b4b3",30,"experience",2,2,36,4,32,40,0,0
"5caf7f17a85c43001737b4b3",31,"experience",20,20,17.5,5.5,9,28,0.398497370398196,0
"5caf7f17a85c43001737b4b3",32,"experience",2,2,34,4,30,38,0,0
"5caf7f17a85c43001737b4b3",33,"experience",10,10,19.2,5.9464274989274,10,28,-0.125669583629514,0
"5caf7f17a85c43001737b4b3",34,"experience",2,2,22,4,18,26,0,0
"5caf7f17a85c43001737b4b3",35,"experience",10,10,36.2,5.9464274989274,27,45,-0.125669583629516,0
"5caf7f17a85c43001737b4b3",36,"experience",2,2,20,4,16,24,0,0
"5caf7f17a85c43001737b4b3",37,"experience",20,20,20.5,5.5,12,31,0.398497370398196,0
"5caf7f17a85c43001737b4b3",38,"experience",2,2,26,4,22,30,0,0
"5caf7f17a85c43001737b4b3",39,"experience",10,10,20.2,5.9464274989274,11,29,-0.125669583629514,0
"5caf7f17a85c43001737b4b3",40,"experience",10,10,30.2,5.9464274989274,21,39,-0.125669583629514,0
"5caf7f17a85c43001737b4b3",41,"experience",10,10,30.2,5.9464274989274,21,39,-0.125669583629514,0
"5caf7f17a85c43001737b4b3",42,"experience",20,20,28.5,5.5,20,39,0.398497370398196,0
"5caf7f17a85c43001737b4b3",43,"experience",2,2,15,4,11,19,0,0
"5caf7f17a85c43001737b4b3",44,"experience",20,20,18.5,5.5,10,29,0.398497370398196,0
"5caf7f17a85c43001737b4b3",45,"experience",10,10,31.2,5.9464274989274,22,40,-0.125669583629514,0
"5caf7f17a85c43001737b4b3",46,"experience",2,2,34,4,30,38,0,0
"5caf7f17a85c43001737b4b3",47,"experience",10,10,19.2,5.9464274989274,10,28,-0.125669583629514,0
"5caf7f17a85c43001737b4b3",48,"experience",20,20,29.5,5.5,21,40,0.398497370398196,0
"5caf7f17a85c43001737b4b3",49,"experience",20,20,33.5,5.5,25,44,0.398497370398196,0
"5caf7f17a85c43001737b4b3",50,"experience",2,2,19,4,15,23,0,0
"5caf7f17a85c43001737b4b3",51,"experience",10,10,22.2,5.9464274989274,13,31,-0.125669583629514,0
"5caf7f17a85c43001737b4b3",52,"experience",20,20,27.5,5.5,19,38,0.398497370398196,0
"5caf7f17a85c43001737b4b3",53,"experience",20,20,23.5,5.5,15,34,0.398497370398196,0
"5caf7f17a85c43001737b4b3",54,"experience",2,2,22,4,18,26,0,0
"5caf7f17a85c43001737b4b3",55,"experience",20,20,23.5,5.5,15,34,0.398497370398196,0
"5caf7f17a85c43001737b4b3",56,"experience",20,20,30.5,5.5,22,41,0.398497370398196,0
"5caf7f17a85c43001737b4b3",57,"experience",10,10,26.2,5.9464274989274,17,35,-0.125669583629514,0
"5caf7f17a85c43001737b4b3",58,"experience",10,10,28.2,5.9464274989274,19,37,-0.125669583629514,0
"5caf7f17a85c43001737b4b3",59,"experience",20,20,28.5,5.5,20,39,0.398497370398196,0
"5caf7f17a85c43001737b4b3",60,"experience",10,10,33.2,5.9464274989274,24,42,-0.125669583629516,0
"5caf7f17a85c43001737b4b3",61,"experience",2,2,31,4,27,35,0,0
"5caf7f17a85c43001737b4b3",62,"experience",2,2,26,4,22,30,0,0
"5caf7f17a85c43001737b4b3",63,"experience",20,20,29.5,5.5,21,40,0.398497370398196,0
"5caf7f17a85c43001737b4b3",64,"experience",2,2,36,4,32,40,0,0
"5caf7f17a85c43001737b4b3",65,"experience",2,2,21,4,17,25,0,0
"5caf7f17a85c43001737b4b3",66,"experience",10,10,17.2,5.9464274989274,8,26,-0.125669583629514,0
"5caf7f17a85c43001737b4b3",67,"experience",10,10,19.2,5.9464274989274,10,28,-0.125669583629514,0
"5caf7f17a85c43001737b4b3",68,"experience",10,10,34.2,5.9464274989274,25,43,-0.125669583629516,0
"5caf7f17a85c43001737b4b3",69,"experience",10,10,36.2,5.9464274989274,27,45,-0.125669583629516,0
"5caf7f17a85c43001737b4b3",70,"experience",2,2,24,4,20,28,0,0
"5caf7f17a85c43001737b4b3",71,"experience",20,20,13.5,5.5,5,24,0.398497370398196,0
"5caf7f17a85c43001737b4b3",72,"experience",2,2,29,4,25,33,0,0
"5caf7f17a85c43001737b4b3",73,"experience",10,10,29.2,5.9464274989274,20,38,-0.125669583629514,0
"5caf7f17a85c43001737b4b3",74,"experience",10,10,35.2,5.9464274989274,26,44,-0.125669583629516,0
"5caf7f17a85c43001737b4b3",75,"experience",20,20,26.5,5.5,18,37,0.398497370398196,0
"5caf7f17a85c43001737b4b3",76,"experience",10,10,26.2,5.9464274989274,17,35,-0.125669583629514,0
"5caf7f17a85c43001737b4b3",77,"experience",2,2,33,4,29,37,0,0
"5caf7f17a85c43001737b4b3",78,"experience",20,20,13.5,5.5,5,24,0.398497370398196,0
"5caf7f17a85c43001737b4b3",79,"experience",10,10,32.2,5.9464274989274,23,41,-0.125669583629516,0
"5caf7f17a85c43001737b4b3",80,"experience",20,20,16.5,5.5,8,27,0.398497370398196,0
"5caf7f17a85c43001737b4b3",81,"experience",2,2,26,4,22,30,0,0
"5caf7f17a85c43001737b4b3",82,"experience",20,20,27.5,5.5,19,38,0.398497370398196,0
"5caf7f17a85c43001737b4b3",83,"experience",10,10,14.2,5.9464274989274,5,23,-0.125669583629514,0
"5caf7f17a85c43001737b4b3",84,"experience",10,10,24.2,5.9464274989274,15,33,-0.125669583629514,0
"5caf7f17a85c43001737b4b3",85,"experience",10,10,14.2,5.9464274989274,5,23,-0.125669583629514,0
"5caf7f17a85c43001737b4b3",86,"experience",20,20,29.5,5.5,21,40,0.398497370398196,0
"5caf7f17a85c43001737b4b3",87,"experience",2,2,15,4,11,19,0,0
"5caf7f17a85c43001737b4b3",88,"experience",20,20,26.5,5.5,18,37,0.398497370398196,0
"5caf7f17a85c43001737b4b3",89,"experience",2,2,20,4,16,24,0,0
"5caf7f17a85c43001737b4b3",90,"experience",10,10,18.2,5.9464274989274,9,27,-0.125669583629514,0
"5caf7f17a85c43001737b4b3",91,"experience",2,2,36,4,32,40,0,0
"5caf7f17a85c43001737b4b3",92,"experience",20,20,19.5,5.5,11,30,0.398497370398196,0
"5caf7f17a85c43001737b4b3",93,"experience",10,10,21.2,5.9464274989274,12,30,-0.125669583629514,0
"5caf7f17a85c43001737b4b3",94,"experience",2,2,27,4,23,31,0,0
"5caf7f17a85c43001737b4b3",95,"experience",10,10,26.2,5.9464274989274,17,35,-0.125669583629514,0
"5caf7f17a85c43001737b4b3",96,"experience",2,2,31,4,27,35,0,0
"5caf7f17a85c43001737b4b3",97,"experience",20,20,20.5,5.5,12,31,0.398497370398196,0
"5caf7f17a85c43001737b4b3",98,"experience",20,20,16.5,5.5,8,27,0.398497370398196,0
"5caf7f17a85c43001737b4b3",99,"experience",2,2,34,4,30,38,0,0
"5caf7f17a85c43001737b4b3",100,"experience",20,20,19.5,5.5,11,30,0.398497370398196,0
"5caf7f17a85c43001737b4b3",101,"experience",2,2,33,4,29,37,0,0
"5caf7f17a85c43001737b4b3",102,"experience",20,20,29.5,5.5,21,40,0.398497370398196,0
"5caf7f17a85c43001737b4b3",103,"experience",20,20,13.5,5.5,5,24,0.398497370398196,0
"5caf7f17a85c43001737b4b3",104,"experience",20,20,15.5,5.5,7,26,0.398497370398196,0
"5caf7f17a85c43001737b4b3",105,"experience",20,20,29.5,5.5,21,40,0.398497370398196,0
"5caf7f17a85c43001737b4b3",106,"experience",10,10,28.2,5.9464274989274,19,37,-0.125669583629514,0
"5caf7f17a85c43001737b4b3",107,"experience",2,2,15,4,11,19,0,0
"5caf7f17a85c43001737b4b3",108,"experience",10,10,19.2,5.9464274989274,10,28,-0.125669583629514,0
"5d6eea19b26c1100010cb6f3",1,"experience",6,6,39.1666666666667,4.13991411612474,33,44,-0.273522796426397,0
"5d6eea19b26c1100010cb6f3",2,"experience",2,2,32.5,2.5,30,35,0,0
"5d6eea19b26c1100010cb6f3",3,"experience",4,4,44.75,2.9474565306379,40,48,-0.691975716731717,0
"5d6eea19b26c1100010cb6f3",4,"experience",11,11,12.2727272727273,5.42872677339404,2,20,-0.265051573106555,0
"5d6eea19b26c1100010cb6f3",5,"experience",8,8,39.625,5.54385921538417,31,48,0.0909922815457996,0
"5d6eea19b26c1100010cb6f3",6,"experience",3,3,37,2.94392028877595,33,40,-0.470330460336986,0
"5d6eea19b26c1100010cb6f3",7,"experience",10,10,8.5,4.63141447076376,3,19,1.01465777441546,0
"5d6eea19b26c1100010cb6f3",8,"experience",2,2,12,2,10,14,0,0
"5d6eea19b26c1100010cb6f3",9,"experience",11,11,37.7272727272727,5.75390632670788,30,47,0.249676953186313,0
"5d6eea19b26c1100010cb6f3",10,"experience",5,5,39.6,3.13687742827162,35,44,-0.0171057166919445,0
"5d6eea19b26c1100010cb6f3",11,"experience",9,9,9.88888888888889,6.08174763706845,1,19,0.0246846964080363,1
"5d6eea19b26c1100010cb6f3",12,"experience",2,2,10.5,1.5,9,12,0,0
"5d6eea19b26c1100010cb6f3",13,"experience",20,20,18.5,5.5,10,29,0.398497370398196,0
"5d6eea19b26c1100010cb6f3",14,"experience",2,2,26,4,22,30,0,0
"5d6eea19b26c1100010cb6f3",15,"experience",2,2,31,4,27,35,0,0
"5d6eea19b26c1100010cb6f3",16,"experience",20,20,18.5,5.5,10,29,0.398497370398196,0
"5d6eea19b26c1100010cb6f3",17,"experience",20,20,18.5,5.5,10,29,0.398497370398196,0
"5d6eea19b26c1100010cb6f3",18,"experience",10,10,32.2,5.9464274989274,23,41,-0.125669583629516,0
"5d6eea19b26c1100010cb6f3",19,"experience",2,2,25,4,21,29,0,0
"5d6eea19b26c1100010cb6f3",20,"experience",20,20,24.5,5.5,16,35,0.398497370398196,0
"5d6eea19b26c1100010cb6f3",21,"experience",10,10,14.2,5.9464274989274,5,23,-0.125669583629514,0
"5d6eea19b26c1100010cb6f3",22,"experience",20,20,22.5,5.5,14,33,0.398497370398196,0
"5d6eea19b26c1100010cb6f3",23,"experience",20,20,24.5,5.5,16,35,0.398497370398196,0
"5d6eea19b26c1100010cb6f3",24,"experience",2,2,18,4,14,22,0,0
"5d6eea19b26c1100010cb6f3",25,"experience",10,10,22.2,5.9464274989274,13,31,-0.125669583629514,0
"5d6eea19b26c1100010cb6f3",26,"experience",2,2,32,4,28,36,0,0
"5d6eea19b26c1100010cb6f3",27,"experience",10,10,30.2,5.9464274989274,21,39,-0.125669583629514,0
"5d6eea19b26c1100010cb6f3",28,"experience",10,10,30.2,5.9464274989274,21,39,-0.125669583629514,0
"5d6eea19b26c1100010cb6f3",29,"experience",20,20,32.5,5.5,24,43,0.398497370398196,0
"5d6eea19b26c1100010cb6f3",30,"experience",20,20,29.5,5.5,21,40,0.398497370398196,0
"5d6eea19b26c1100010cb6f3",31,"experience",20,20,25.5,5.5,17,36,0.398497370398196,0
"5d6eea19b26c1100010cb6f3",32,"experience",10,10,32.2,5.9464274989274,23,41,-0.125669583629516,0
"5d6eea19b26c1100010cb6f3",33,"experience",20,20,27.5,5.5,19,38,0.398497370398196,0
"5d6eea19b26c1100010cb6f3",34,"experience",10,10,16.2,5.9464274989274,7,25,-0.125669583629514,0
"5d6eea19b26c1100010cb6f3",35,"experience",20,20,21.5,5.5,13,32,0.398497370398196,0
"5d6eea19b26c1100010cb6f3",36,"experience",2,2,18,4,14,22,0,0
"5d6eea19b26c1100010cb6f3",37,"experience",10,10,20.2,5.9464274989274,11,29,-0.125669583629514,0
"5d6eea19b26c1100010cb6f3",38,"experience",10,10,16.2,5.9464274989274,7,25,-0.125669583629514,0
"5d6eea19b26c1100010cb6f3",39,"experience",20,20,18.5,5.5,10,29,0.398497370398196,0
"5d6eea19b26c1100010cb6f3",40,"experience",20,20,33.5,5.5,25,44,0.398497370398196,0
"5d6eea19b26c1100010cb6f3",41,"experience",10,10,22.2,5.9464274989274,13,31,-0.125669583629514,0
"5d6eea19b26c1100010cb6f3",42,"experience",2,2,19,4,15,23,0,0
"5d6eea19b26c1100010cb6f3",43,"experience",10,10,22.2,5.9464274989274,13,31,-0.125669583629514,0
"5d6eea19b26c1100010cb6f3",44,"experience",20,20,20.5,5.5,12,31,0.398497370398196,0
"5d6eea19b26c1100010cb6f3",45,"experience",10,10,14.2,5.9464274989274,5,23,-0.125669583629514,0
"5d6eea19b26c1100010cb6f3",46,"experience",2,2,16,4,12,20,0,0
"5d6eea19b26c1100010cb6f3",47,"experience",20,20,27.5,5.5,19,38,0.398497370398196,0
"5d6eea19b26c1100010cb6f3",48,"experience",2,2,29,4,25,33,0,0
"5d6eea19b26c1100010cb6f3",49,"experience",2,2,34,4,30,38,0,0
"5d6eea19b26c1100010cb6f3",50,"experience",2,2,33,4,29,37,0,0
"5d6eea19b26c1100010cb6f3",51,"experience",2,2,23,4,19,27,0,0
"5d6eea19b26c1100010cb6f3",52,"experience",2,2,32,4,28,36,0,0
"5d6eea19b26c1100010cb6f3",53,"experience",2,2,21,4,17,25,0,0
"5d6eea19b26c1100010cb6f3",54,"experience",10,10,15.2,5.9464274989274,6,24,-0.125669583629514,0
"5d6eea19b26c1100010cb6f3",55,"experience",10,10,18.2,5.9464274989274,9,27,-0.125669583629514,0
"5d6eea19b26c1100010cb6f3",56,"experience",2,2,36,4,32,40,0,0
"5d6eea19b26c1100010cb6f3",57,"experience",2,2,26,4,22,30,0,0
"5d6eea19b26c1100010cb6f3",58,"experience",20,20,16.5,5.5,8,27,0.398497370398196,0
"5d6eea19b26c1100010cb6f3",59,"experience",10,10,16.2,5.9464274989274,7,25,-0.125669583629514,0
"5d6eea19b26c1100010cb6f3",60,"experience",10,10,18.2,5.9464274989274,9,27,-0.125669583629514,0
"5d6eea19b26c1100010cb6f3",61,"experience",2,2,27,4,23,31,0,0
"5d6eea19b26c1100010cb6f3",62,"experience",2,2,36,4,32,40,0,0
"5d6eea19b26c1100010cb6f3",63,"experience",20,20,30.5,5.5,22,41,0.398497370398196,0
"5d6eea19b26c1100010cb6f3",64,"experience",2,2,14,4,10,18,0,0
"5d6eea19b26c1100010cb6f3",65,"experience",20,20,31.5,5.5,23,42,0.398497370398196,0
"5d6eea19b26c1100010cb6f3",66,"experience",2,2,26,4,22,30,0,0
"5d6eea19b26c1100010cb6f3",67,"experience",20,20,13.5,5.5,5,24,0.398497370398196,0
"5d6eea19b26c1100010cb6f3",68,"experience",10,10,31.2,5.9464274989274,22,40,-0.125669583629514,0
"5d6eea19b26c1100010cb6f3",69,"experience",2,2,36,4,32,40,0,0
"5d6eea19b26c1100010cb6f3",70,"experience",2,2,22,4,18,26,0,0
"5d6eea19b26c1100010cb6f3",71,"experience",10,10,28.2,5.9464274989274,19,37,-0.125669583629514,0
"5d6eea19b26c1100010cb6f3",72,"experience",20,20,18.5,5.5,10,29,0.398497370398196,0
"5d6eea19b26c1100010cb6f3",73,"experience",20,20,25.5,5.5,17,36,0.398497370398196,0
"5d6eea19b26c1100010cb6f3",74,"experience",20,20,26.5,5.5,18,37,0.398497370398196,0
"5d6eea19b26c1100010cb6f3",75,"experience",10,10,26.2,5.9464274989274,17,35,-0.125669583629514,0
"5d6eea19b26c1100010cb6f3",76,"experience",2,2,31,4,27,35,0,0
"5d6eea19b26c1100010cb6f3",77,"experience",10,10,32.2,5.9464274989274,23,41,-0.125669583629516,0
"5d6eea19b26c1100010cb6f3",78,"experience",20,20,28.5,5.5,20,39,0.398497370398196,0
"5d6eea19b26c1100010cb6f3",79,"experience",10,10,20.2,5.9464274989274,11,29,-0.125669583629514,0
"5d6eea19b26c1100010cb6f3",80,"experience",10,10,34.2,5.9464274989274,25,43,-0.125669583629516,0
"5d6eea19b26c1100010cb6f3",81,"experience",20,20,33.5,5.5,25,44,0.398497370398196,0
"5d6eea19b26c1100010cb6f3",82,"experience",2,2,35,4,31,39,0,0
"5d6eea19b26c1100010cb6f3",83,"experience",10,10,30.2,5.9464274989274,21,39,-0.125669583629514,0
"5d6eea19b26c1100010cb6f3",84,"experience",10,10,36.2,5.9464274989274,27,45,-0.125669583629516,0
"5d6eea19b26c1100010cb6f3",85,"experience",10,10,16.2,5.9464274989274,7,25,-0.125669583629514,0
"5d6eea19b26c1100010cb6f3",86,"experience",2,2,26,4,22,30,0,0
"5d6eea19b26c1100010cb6f3",87,"experience",2,2,23,4,19,27,0,0
"5d6eea19b26c1100010cb6f3",88,"experience",2,2,24,4,20,28,0,0
"5d6eea19b26c1100010cb6f3",89,"experience",10,10,19.2,5.9464274989274,10,28,-0.125669583629514,0
"5d6eea19b26c1100010cb6f3",90,"experience",20,20,28.5,5.5,20,39,0.398497370398196,0
"5d6eea19b26c1100010cb6f3",91,"experience",10,10,36.2,5.9464274989274,27,45,-0.125669583629516,0
"5d6eea19b26c1100010cb6f3",92,"experience",10,10,19.2,5.9464274989274,10,28,-0.125669583629514,0
"5d6eea19b26c1100010cb6f3",93,"experience",2,2,32,4,28,36,0,0
"5d6eea19b26c1100010cb6f3",94,"experience",2,2,23,4,19,27,0,0
"5d6eea19b26c1100010cb6f3",95,"experience",20,20,13.5,5.5,5,24,0.398497370398196,0
"5d6eea19b26c1100010cb6f3",96,"experience",2,2,33,4,29,37,0,0
"5d6eea19b26c1100010cb6f3",97,"experience",20,20,32.5,5.5,24,43,0.398497370398196,0
"5d6eea19b26c1100010cb6f3",98,"experience",10,10,31.2,5.9464274989274,22,40,-0.125669583629514,0
"5d6eea19b26c1100010cb6f3",99,"experience",2,2,36,4,32,40,0,0
"5d6eea19b26c1100010cb6f3",100,"experience",20,20,24.5,5.5,16,35,0.398497370398196,0
"5d6eea19b26c1100010cb6f3",101,"experience",10,10,23.2,5.9464274989274,14,32,-0.125669583629514,0
"5d6eea19b26c1100010cb6f3",102,"experience",2,2,18,4,14,22,0,0
"5d6eea19b26c1100010cb6f3",103,"experience",10,10,17.2,5.9464274989274,8,26,-0.125669583629514,0
"5d6eea19b26c1100010cb6f3",104,"experience",20,20,26.5,5.5,18,37,0.398497370398196,0
"5d6eea19b26c1100010cb6f3",105,"experience",10,10,14.2,5.9464274989274,5,23,-0.125669583629514,0
"5d6eea19b26c1100010cb6f3",106,"experience",20,20,28.5,5.5,20,39,0.398497370398196,0
"5d6eea19b26c1100010cb6f3",107,"experience",20,20,33.5,5.5,25,44,0.398497370398196,0
"5d6eea19b26c1100010cb6f3",108,"experience",20,20,29.5,5.5,21,40,0.398497370398196,0
"5c4a4b329ba9e00001ffc4f3",1,"experience",7,7,7.85714285714286,5.91435472699556,1,18,0.394952521908071,1
"5c4a4b329ba9e00001ffc4f3",2,"experience",4,4,40.25,4.32290411644765,33,44,-0.950448018622778,0
"5c4a4b329ba9e00001ffc4f3",3,"experience",6,6,37,3.69684550213647,32,43,0.118756488468394,0
"5c4a4b329ba9e00001ffc4f3",4,"experience",9,9,41.2222222222222,5.32870169256969,31,48,-0.515846528689024,0
"5c4a4b329ba9e00001ffc4f3",5,"experience",7,7,40.4285714285714,4.30471976380553,32,46,-0.681120464481118,0
"5c4a4b329ba9e00001ffc4f3",6,"experience",10,10,39.8,6.04648658313239,29,47,-0.547617147891294,0
"5c4a4b329ba9e00001ffc4f3",7,"experience",6,6,38,4.54606056566195,30,43,-0.574762079841756,0
"5c4a4b329ba9e00001ffc4f3",8,"experience",9,9,11.5555555555556,4.62147429846343,4,20,0.149813036331626,0
"5c4a4b329ba9e00001ffc4f3",9,"experience",2,2,12.5,4.5,8,17,0,0
"5c4a4b329ba9e00001ffc4f3",10,"experience",11,11,12.1818181818182,5.09577689354237,3,19,-0.386020366631681,0
"5c4a4b329ba9e00001ffc4f3",11,"experience",12,12,9.08333333333333,5.07376147996292,1,17,0.0662025705858992,1
"5c4a4b329ba9e00001ffc4f3",12,"experience",8,8,13.25,4.99374608885954,3,20,-0.612043728907654,0
"5c4a4b329ba9e00001ffc4f3",13,"experience",2,2,18,4,14,22,0,0
"5c4a4b329ba9e00001ffc4f3",14,"experience",20,20,32.5,5.5,24,43,0.398497370398196,0
"5c4a4b329ba9e00001ffc4f3",15,"experience",20,20,26.5,5.5,18,37,0.398497370398196,0
"5c4a4b329ba9e00001ffc4f3",16,"experience",2,2,36,4,32,40,0,0
"5c4a4b329ba9e00001ffc4f3",17,"experience",2,2,17,4,13,21,0,0
"5c4a4b329ba9e00001ffc4f3",18,"experience",2,2,22,4,18,26,0,0
"5c4a4b329ba9e00001ffc4f3",19,"experience",20,20,16.5,5.5,8,27,0.398497370398196,0
"5c4a4b329ba9e00001ffc4f3",20,"experience",2,2,25,4,21,29,0,0
"5c4a4b329ba9e00001ffc4f3",21,"experience",2,2,30,4,26,34,0,0
"5c4a4b329ba9e00001ffc4f3",22,"experience",20,20,16.5,5.5,8,27,0.398497370398196,0
"5c4a4b329ba9e00001ffc4f3",23,"experience",20,20,29.5,5.5,21,40,0.398497370398196,0
"5c4a4b329ba9e00001ffc4f3",24,"experience",20,20,26.5,5.5,18,37,0.398497370398196,0
"5c4a4b329ba9e00001ffc4f3",25,"experience",20,20,18.5,5.5,10,29,0.398497370398196,0
"5c4a4b329ba9e00001ffc4f3",26,"experience",20,20,12.5,5.5,4,23,0.398497370398196,0
"5c4a4b329ba9e00001ffc4f3",27,"experience",2,2,25,4,21,29,0,0
"5c4a4b329ba9e00001ffc4f3",28,"experience",2,2,36,4,32,40,0,0
"5c4a4b329ba9e00001ffc4f3",29,"experience",20,20,27.5,5.5,19,38,0.398497370398196,0
"5c4a4b329ba9e00001ffc4f3",30,"experience",2,2,14,4,10,18,0,0
"5c4a4b329ba9e00001ffc4f3",31,"experience",20,20,32.5,5.5,24,43,0.398497370398196,0
"5c4a4b329ba9e00001ffc4f3",32,"experience",20,20,20.5,5.5,12,31,0.398497370398196,0
"5c4a4b329ba9e00001ffc4f3",33,"experience",2,2,29,4,25,33,0,0
"5c4a4b329ba9e00001ffc4f3",34,"experience",20,20,12.5,5.5,4,23,0.398497370398196,0
"5c4a4b329ba9e00001ffc4f3",35,"experience",20,20,32.5,5.5,24,43,0.398497370398196,0
"5c4a4b329ba9e00001ffc4f3",36,"experience",20,20,15.5,5.5,7,26,0.398497370398196,0
"5c4a4b329ba9e00001ffc4f3",37,"experience",20,20,13.5,5.5,5,24,0.398497370398196,0
"5c4a4b329ba9e00001ffc4f3",38,"experience",2,2,28,4,24,32,0,0
"5c4a4b329ba9e00001ffc4f3",39,"experience",20,20,30.5,5.5,22,41,0.398497370398196,0
"5c4a4b329ba9e00001ffc4f3",40,"experience",2,2,36,4,32,40,0,0
"5c4a4b329ba9e00001ffc4f3",41,"experience",2,2,36,4,32,40,0,0
"5c4a4b329ba9e00001ffc4f3",42,"experience",2,2,16,4,12,20,0,0
"5c4a4b329ba9e00001ffc4f3",43,"experience",2,2,21,4,17,25,0,0
"5c4a4b329ba9e00001ffc4f3",44,"experience",2,2,24,4,20,28,0,0
"5c4a4b329ba9e00001ffc4f3",45,"experience",10,10,31.2,5.9464274989274,22,40,-0.125669583629514,0
"5c4a4b329ba9e00001ffc4f3",46,"experience",10,10,31.2,5.9464274989274,22,40,-0.125669583629514,0
"5c4a4b329ba9e00001ffc4f3",47,"experience",10,10,35.2,5.9464274989274,26,44,-0.125669583629516,0
"5c4a4b329ba9e00001ffc4f3",48,"experience",10,10,29.2,5.9464274989274,20,38,-0.125669583629514,0
"5c4a4b329ba9e00001ffc4f3",49,"experience",10,10,23.2,5.9464274989274,14,32,-0.125669583629514,0
"5c4a4b329ba9e00001ffc4f3",50,"experience",10,10,25.2,5.9464274989274,16,34,-0.125669583629514,0
"5c4a4b329ba9e00001ffc4f3",51,"experience",10,10,19.2,5.9464274989274,10,28,-0.125669583629514,0
"5c4a4b329ba9e00001ffc4f3",52,"experience",10,10,15.2,5.9464274989274,6,24,-0.125669583629514,0
"5c4a4b329ba9e00001ffc4f3",53,"experience",10,10,15.2,5.9464274989274,6,24,-0.125669583629514,0
"5c4a4b329ba9e00001ffc4f3",54,"experience",10,10,27.2,5.9464274989274,18,36,-0.125669583629514,0
"5c4a4b329ba9e00001ffc4f3",55,"experience",10,10,33.2,5.9464274989274,24,42,-0.125669583629516,0
"5c4a4b329ba9e00001ffc4f3",56,"experience",10,10,29.2,5.9464274989274,20,38,-0.125669583629514,0
"5c4a4b329ba9e00001ffc4f3",57,"experience",10,10,30.2,5.9464274989274,21,39,-0.125669583629514,0
"5c4a4b329ba9e00001ffc4f3",58,"experience",10,10,26.2,5.9464274989274,17,35,-0.125669583629514,0
"5c4a4b329ba9e00001ffc4f3",59,"experience",10,10,24.2,5.9464274989274,15,33,-0.125669583629514,0
"5c4a4b329ba9e00001ffc4f3",60,"experience",10,10,30.2,5.9464274989274,21,39,-0.125669583629514,0
"5c4a4b329ba9e00001ffc4f3",61,"experience",20,20,15.5,5.5,7,26,0.398497370398196,0
"5c4a4b329ba9e00001ffc4f3",62,"experience",20,20,26.5,5.5,18,37,0.398497370398196,0
"5c4a4b329ba9e00001ffc4f3",63,"experience",20,20,27.5,5.5,19,38,0.398497370398196,0
"5c4a4b329ba9e00001ffc4f3",64,"experience",2,2,35,4,31,39,0,0
"5c4a4b329ba9e00001ffc4f3",65,"experience",20,20,26.5,5.5,18,37,0.398497370398196,0
"5c4a4b329ba9e00001ffc4f3",66,"experience",20,20,24.5,5.5,16,35,0.398497370398196,0
"5c4a4b329ba9e00001ffc4f3",67,"experience",20,20,12.5,5.5,4,23,0.398497370398196,0
"5c4a4b329ba9e00001ffc4f3",68,"experience",20,20,33.5,5.5,25,44,0.398497370398196,0
"5c4a4b329ba9e00001ffc4f3",69,"experience",20,20,14.5,5.5,6,25,0.398497370398196,0
"5c4a4b329ba9e00001ffc4f3",70,"experience",2,2,31,4,27,35,0,0
"5c4a4b329ba9e00001ffc4f3",71,"experience",10,10,24.2,5.9464274989274,15,33,-0.125669583629514,0
"5c4a4b329ba9e00001ffc4f3",72,"experience",20,20,30.5,5.5,22,41,0.398497370398196,0
"5c4a4b329ba9e00001ffc4f3",73,"experience",20,20,31.5,5.5,23,42,0.398497370398196,0
"5c4a4b329ba9e00001ffc4f3",74,"experience",20,20,21.5,5.5,13,32,0.398497370398196,0
"5c4a4b329ba9e00001ffc4f3",75,"experience",10,10,25.2,5.9464274989274,16,34,-0.125669583629514,0
"5c4a4b329ba9e00001ffc4f3",76,"experience",20,20,17.5,5.5,9,28,0.398497370398196,0
"5c4a4b329ba9e00001ffc4f3",77,"experience",2,2,14,4,10,18,0,0
"5c4a4b329ba9e00001ffc4f3",78,"experience",2,2,15,4,11,19,0,0
"5c4a4b329ba9e00001ffc4f3",79,"experience",20,20,17.5,5.5,9,28,0.398497370398196,0
"5c4a4b329ba9e00001ffc4f3",80,"experience",20,20,24.5,5.5,16,35,0.398497370398196,0
"5c4a4b329ba9e00001ffc4f3",81,"experience",2,2,35,4,31,39,0,0
"5c4a4b329ba9e00001ffc4f3",82,"experience",20,20,33.5,5.5,25,44,0.398497370398196,0
"5c4a4b329ba9e00001ffc4f3",83,"experience",2,2,27,4,23,31,0,0
"5c4a4b329ba9e00001ffc4f3",84,"experience",20,20,29.5,5.5,21,40,0.398497370398196,0
"5c4a4b329ba9e00001ffc4f3",85,"experience",2,2,25,4,21,29,0,0
"5c4a4b329ba9e00001ffc4f3",86,"experience",2,2,34,4,30,38,0,0
"5c4a4b329ba9e00001ffc4f3",87,"experience",2,2,16,4,12,20,0,0
"5c4a4b329ba9e00001ffc4f3",88,"experience",10,10,19.2,5.9464274989274,10,28,-0.125669583629514,0
"5c4a4b329ba9e00001ffc4f3",89,"experience",10,10,36.2,5.9464274989274,27,45,-0.125669583629516,0
"5c4a4b329ba9e00001ffc4f3",90,"experience",2,2,29,4,25,33,0,0
"5c4a4b329ba9e00001ffc4f3",91,"experience",10,10,15.2,5.9464274989274,6,24,-0.125669583629514,0
"5c4a4b329ba9e00001ffc4f3",92,"experience",10,10,26.2,5.9464274989274,17,35,-0.125669583629514,0
"5c4a4b329ba9e00001ffc4f3",93,"experience",2,2,27,4,23,31,0,0
"5c4a4b329ba9e00001ffc4f3",94,"experience",10,10,22.2,5.9464274989274,13,31,-0.125669583629514,0
"5c4a4b329ba9e00001ffc4f3",95,"experience",10,10,19.2,5.9464274989274,10,28,-0.125669583629514,0
"5c4a4b329ba9e00001ffc4f3",96,"experience",2,2,14,4,10,18,0,0
"5c4a4b329ba9e00001ffc4f3",97,"experience",2,2,33,4,29,37,0,0
"5c4a4b329ba9e00001ffc4f3",98,"experience",2,2,15,4,11,19,0,0
"5c4a4b329ba9e00001ffc4f3",99,"experience",10,10,17.2,5.9464274989274,8,26,-0.125669583629514,0
"5c4a4b329ba9e00001ffc4f3",100,"experience",2,2,35,4,31,39,0,0
"5c4a4b329ba9e00001ffc4f3",101,"experience",10,10,20.2,5.9464274989274,11,29,-0.125669583629514,0
"5c4a4b329ba9e00001ffc4f3",102,"experience",10,10,36.2,5.9464274989274,27,45,-0.125669583629516,0
"5c4a4b329ba9e00001ffc4f3",103,"experience",2,2,30,4,26,34,0,0
"5c4a4b329ba9e00001ffc4f3",104,"experience",10,10,22.2,5.9464274989274,13,31,-0.125669583629514,0
"5c4a4b329ba9e00001ffc4f3",105,"experience",10,10,16.2,5.9464274989274,7,25,-0.125669583629514,0
"5c4a4b329ba9e00001ffc4f3",106,"experience",10,10,17.2,5.9464274989274,8,26,-0.125669583629514,0
"5c4a4b329ba9e00001ffc4f3",107,"experience",10,10,17.2,5.9464274989274,8,26,-0.125669583629514,0
"5c4a4b329ba9e00001ffc4f3",108,"experience",10,10,31.2,5.9464274989274,22,40,-0.125669583629514,0
"5c2fcd716ea6880001dc8e3d",1,"experience",5,5,9.4,5.74804314527997,1,19,0.304809492047542,1
"5c2fcd716ea6880001dc8e3d",2,"experience",4,4,10.5,3.20156211871642,6,14,-0.274256362340967,0
"5c2fcd716ea6880001dc8e3d",3,"experience",4,4,13.25,6.41774882649672,3,20,-0.677772299912834,0
"5c2fcd716ea6880001dc8e3d",4,"experience",12,12,36.6666666666667,4.97214463005877,29,44,-0.0982251220441339,0
"5c2fcd716ea6880001dc8e3d",5,"experience",11,11,40.0909090909091,4.79496981608749,31,48,-0.145118092521123,0
"5c2fcd716ea6880001dc8e3d",6,"experience",4,4,37.5,5.7227615711298,31,45,0.132056032991516,0
"5c2fcd716ea6880001dc8e3d",7,"experience",5,5,6.6,4.4988887516808,2,15,1.04057316890803,0
"5c2fcd716ea6880001dc8e3d",8,"experience",11,11,10.7272727272727,6.62077871128477,1,20,0.0306148828254282,1
"5c2fcd716ea6880001dc8e3d",9,"experience",11,11,10.6363636363636,6.06439275642106,1,19,-0.176148368618398,1
"5c2fcd716ea6880001dc8e3d",10,"experience",5,5,38.2,7.02566722810012,30,48,0.306170704470527,0
"5c2fcd716ea6880001dc8e3d",11,"experience",3,3,41.3333333333333,3.85861230093008,36,45,-0.567316577993731,0
"5c2fcd716ea6880001dc8e3d",12,"experience",3,3,8.33333333333333,5.24933858267454,1,13,-0.630903856710624,1
"5c2fcd716ea6880001dc8e3d",13,"experience",2,2,21,4,17,25,0,0
"5c2fcd716ea6880001dc8e3d",14,"experience",2,2,30,4,26,34,0,0
"5c2fcd716ea6880001dc8e3d",15,"experience",10,10,16.2,5.9464274989274,7,25,-0.125669583629514,0
"5c2fcd716ea6880001dc8e3d",16,"experience",20,20,20.5,5.5,12,31,0.398497370398196,0
"5c2fcd716ea6880001dc8e3d",17,"experience",2,2,23,4,19,27,0,0
"5c2fcd716ea6880001dc8e3d",18,"experience",2,2,20,4,16,24,0,0
"5c2fcd716ea6880001dc8e3d",19,"experience",10,10,20.2,5.9464274989274,11,29,-0.125669583629514,0
"5c2fcd716ea6880001dc8e3d",20,"experience",20,20,16.5,5.5,8,27,0.398497370398196,0
"5c2fcd716ea6880001dc8e3d",21,"experience",20,20,22.5,5.5,14,33,0.398497370398196,0
"5c2fcd716ea6880001dc8e3d",22,"experience",2,2,20,4,16,24,0,0
"5c2fcd716ea6880001dc8e3d",23,"experience",10,10,17.2,5.9464274989274,8,26,-0.125669583629514,0
"5c2fcd716ea6880001dc8e3d",24,"experience",20,20,12.5,5.5,4,23,0.398497370398196,0
"5c2fcd716ea6880001dc8e3d",25,"experience",20,20,20.5,5.5,12,31,0.398497370398196,0
"5c2fcd716ea6880001dc8e3d",26,"experience",20,20,24.5,5.5,16,35,0.398497370398196,0
"5c2fcd716ea6880001dc8e3d",27,"experience",10,10,25.2,5.9464274989274,16,34,-0.125669583629514,0
"5c2fcd716ea6880001dc8e3d",28,"experience",2,2,34,4,30,38,0,0
"5c2fcd716ea6880001dc8e3d",29,"experience",20,20,27.5,5.5,19,38,0.398497370398196,0
"5c2fcd716ea6880001dc8e3d",30,"experience",10,10,19.2,5.9464274989274,10,28,-0.125669583629514,0
"5c2fcd716ea6880001dc8e3d",31,"experience",2,2,32,4,28,36,0,0
"5c2fcd716ea6880001dc8e3d",32,"experience",10,10,26.2,5.9464274989274,17,35,-0.125669583629514,0
"5c2fcd716ea6880001dc8e3d",33,"experience",10,10,19.2,5.9464274989274,10,28,-0.125669583629514,0
"5c2fcd716ea6880001dc8e3d",34,"experience",20,20,14.5,5.5,6,25,0.398497370398196,0
"5c2fcd716ea6880001dc8e3d",35,"experience",20,20,16.5,5.5,8,27,0.398497370398196,0
"5c2fcd716ea6880001dc8e3d",36,"experience",10,10,19.2,5.9464274989274,10,28,-0.125669583629514,0
"5c2fcd716ea6880001dc8e3d",37,"experience",20,20,13.5,5.5,5,24,0.398497370398196,0
"5c2fcd716ea6880001dc8e3d",38,"experience",10,10,33.2,5.9464274989274,24,42,-0.125669583629516,0
"5c2fcd716ea6880001dc8e3d",39,"experience",2,2,29,4,25,33,0,0
"5c2fcd716ea6880001dc8e3d",40,"experience",10,10,32.2,5.9464274989274,23,41,-0.125669583629516,0
"5c2fcd716ea6880001dc8e3d",41,"experience",2,2,17,4,13,21,0,0
"5c2fcd716ea6880001dc8e3d",42,"experience",10,10,16.2,5.9464274989274,7,25,-0.125669583629514,0
"5c2fcd716ea6880001dc8e3d",43,"experience",20,20,26.5,5.5,18,37,0.398497370398196,0
"5c2fcd716ea6880001dc8e3d",44,"experience",10,10,26.2,5.9464274989274,17,35,-0.125669583629514,0
"5c2fcd716ea6880001dc8e3d",45,"experience",2,2,16,4,12,20,0,0
"5c2fcd716ea6880001dc8e3d",46,"experience",2,2,33,4,29,37,0,0
"5c2fcd716ea6880001dc8e3d",47,"experience",10,10,34.2,5.9464274989274,25,43,-0.125669583629516,0
"5c2fcd716ea6880001dc8e3d",48,"experience",2,2,36,4,32,40,0,0
"5c2fcd716ea6880001dc8e3d",49,"experience",2,2,18,4,14,22,0,0
"5c2fcd716ea6880001dc8e3d",50,"experience",20,20,24.5,5.5,16,35,0.398497370398196,0
"5c2fcd716ea6880001dc8e3d",51,"experience",20,20,18.5,5.5,10,29,0.398497370398196,0
"5c2fcd716ea6880001dc8e3d",52,"experience",2,2,22,4,18,26,0,0
"5c2fcd716ea6880001dc8e3d",53,"experience",10,10,31.2,5.9464274989274,22,40,-0.125669583629514,0
"5c2fcd716ea6880001dc8e3d",54,"experience",20,20,33.5,5.5,25,44,0.398497370398196,0
"5c2fcd716ea6880001dc8e3d",55,"experience",20,20,19.5,5.5,11,30,0.398497370398196,0
"5c2fcd716ea6880001dc8e3d",56,"experience",2,2,28,4,24,32,0,0
"5c2fcd716ea6880001dc8e3d",57,"experience",20,20,27.5,5.5,19,38,0.398497370398196,0
"5c2fcd716ea6880001dc8e3d",58,"experience",10,10,18.2,5.9464274989274,9,27,-0.125669583629514,0
"5c2fcd716ea6880001dc8e3d",59,"experience",2,2,31,4,27,35,0,0
"5c2fcd716ea6880001dc8e3d",60,"experience",10,10,15.2,5.9464274989274,6,24,-0.125669583629514,0
"5c2fcd716ea6880001dc8e3d",61,"experience",2,2,21,4,17,25,0,0
"5c2fcd716ea6880001dc8e3d",62,"experience",2,2,22,4,18,26,0,0
"5c2fcd716ea6880001dc8e3d",63,"experience",2,2,23,4,19,27,0,0
"5c2fcd716ea6880001dc8e3d",64,"experience",10,10,26.2,5.9464274989274,17,35,-0.125669583629514,0
"5c2fcd716ea6880001dc8e3d",65,"experience",10,10,16.2,5.9464274989274,7,25,-0.125669583629514,0
"5c2fcd716ea6880001dc8e3d",66,"experience",20,20,16.5,5.5,8,27,0.398497370398196,0
"5c2fcd716ea6880001dc8e3d",67,"experience",10,10,15.2,5.9464274989274,6,24,-0.125669583629514,0
"5c2fcd716ea6880001dc8e3d",68,"experience",20,20,30.5,5.5,22,41,0.398497370398196,0
"5c2fcd716ea6880001dc8e3d",69,"experience",10,10,25.2,5.9464274989274,16,34,-0.125669583629514,0
"5c2fcd716ea6880001dc8e3d",70,"experience",20,20,18.5,5.5,10,29,0.398497370398196,0
"5c2fcd716ea6880001dc8e3d",71,"experience",20,20,21.5,5.5,13,32,0.398497370398196,0
"5c2fcd716ea6880001dc8e3d",72,"experience",20,20,20.5,5.5,12,31,0.398497370398196,0
"5c2fcd716ea6880001dc8e3d",73,"experience",10,10,19.2,5.9464274989274,10,28,-0.125669583629514,0
"5c2fcd716ea6880001dc8e3d",74,"experience",10,10,36.2,5.9464274989274,27,45,-0.125669583629516,0
"5c2fcd716ea6880001dc8e3d",75,"experience",2,2,24,4,20,28,0,0
"5c2fcd716ea6880001dc8e3d",76,"experience",20,20,19.5,5.5,11,30,0.398497370398196,0
"5c2fcd716ea6880001dc8e3d",77,"experience",2,2,26,4,22,30,0,0
"5c2fcd716ea6880001dc8e3d",78,"experience",2,2,35,4,31,39,0,0
"5c2fcd716ea6880001dc8e3d",79,"experience",20,20,19.5,5.5,11,30,0.398497370398196,0
"5c2fcd716ea6880001dc8e3d",80,"experience",2,2,22,4,18,26,0,0
"5c2fcd716ea6880001dc8e3d",81,"experience",10,10,30.2,5.9464274989274,21,39,-0.125669583629514,0
"5c2fcd716ea6880001dc8e3d",82,"experience",10,10,21.2,5.9464274989274,12,30,-0.125669583629514,0
"5c2fcd716ea6880001dc8e3d",83,"experience",2,2,21,4,17,25,0,0
"5c2fcd716ea6880001dc8e3d",84,"experience",10,10,31.2,5.9464274989274,22,40,-0.125669583629514,0
"5c2fcd716ea6880001dc8e3d",85,"experience",10,10,18.2,5.9464274989274,9,27,-0.125669583629514,0
"5c2fcd716ea6880001dc8e3d",86,"experience",2,2,23,4,19,27,0,0
"5c2fcd716ea6880001dc8e3d",87,"experience",20,20,27.5,5.5,19,38,0.398497370398196,0
"5c2fcd716ea6880001dc8e3d",88,"experience",10,10,35.2,5.9464274989274,26,44,-0.125669583629516,0
"5c2fcd716ea6880001dc8e3d",89,"experience",2,2,16,4,12,20,0,0
"5c2fcd716ea6880001dc8e3d",90,"experience",20,20,16.5,5.5,8,27,0.398497370398196,0
"5c2fcd716ea6880001dc8e3d",91,"experience",20,20,15.5,5.5,7,26,0.398497370398196,0
"5c2fcd716ea6880001dc8e3d",92,"experience",10,10,15.2,5.9464274989274,6,24,-0.125669583629514,0
"5c2fcd716ea6880001dc8e3d",93,"experience",20,20,26.5,5.5,18,37,0.398497370398196,0
"5c2fcd716ea6880001dc8e3d",94,"experience",20,20,14.5,5.5,6,25,0.398497370398196,0
"5c2fcd716ea6880001dc8e3d",95,"experience",2,2,29,4,25,33,0,0
"5c2fcd716ea6880001dc8e3d",96,"experience",20,20,18.5,5.5,10,29,0.398497370398196,0
"5c2fcd716ea6880001dc8e3d",97,"experience",10,10,28.2,5.9464274989274,19,37,-0.125669583629514,0
"5c2fcd716ea6880001dc8e3d",98,"experience",2,2,34,4,30,38,0,0
"5c2fcd716ea6880001dc8e3d",99,"experience",20,20,13.5,5.5,5,24,0.398497370398196,0
"5c2fcd716ea6880001dc8e3d",100,"experience",2,2,24,4,20,28,0,0
"5c2fcd716ea6880001dc8e3d",101,"experience",20,20,27.5,5.5,19,38,0.398497370398196,0
"5c2fcd716ea6880001dc8e3d",102,"experience",10,10,23.2,5.9464274989274,14,32,-0.125669583629514,0
"5c2fcd716ea6880001dc8e3d",103,"experience",2,2,30,4,26,34,0,0
"5c2fcd716ea6880001dc8e3d",104,"experience",2,2,28,4,24,32,0,0
"5c2fcd716ea6880001dc8e3d",105,"experience",10,10,19.2,5.9464274989274,10,28,-0.125669583629514,0
"5c2fcd716ea6880001dc8e3d",106,"experience",2,2,23,4,19,27,0,0
"5c2fcd716ea6880001dc8e3d",107,"experience",20,20,27.5,5.5,19,38,0.398497370398196,0
"5c2fcd716ea6880001dc8e3d",108,"experience",10,10,16.2,5.9464274989274,7,25,-0.125669583629514,0
"651090beae417ded35c4ef2f",1,"experience",3,3,41.6666666666667,3.29983164553722,38,46,0.294799620144831,0
"651090beae417ded35c4ef2f",2,"experience",2,2,17.5,0.5,17,18,0,0
"651090beae417ded35c4ef2f",3,"experience",3,3,8.33333333333333,5.43650214343336,1,14,-0.431041565728153,1
"63cdba9e0c27bf2817c222d0",1,"experience",5,5,11.8,4.2614551505325,7,19,0.541479120458607,0
"63cdba9e0c27bf2817c222d0",2,"experience",2,2,10,8,2,18,0,0
"63cdba9e0c27bf2817c222d0",3,"experience",6,6,10.8333333333333,6.09416843292741,2,19,-0.232370621994638,0
"63cdba9e0c27bf2817c222d0",4,"experience",5,5,8.4,5.57135531087365,1,17,0.272287482063402,1
"63cdba9e0c27bf2817c222d0",5,"experience",8,8,11.875,6.00910767086096,2,20,-0.14554929349475,0
"63cdba9e0c27bf2817c222d0",6,"experience",2,2,7,5,2,12,0,0
"63cdba9e0c27bf2817c222d0",7,"experience",7,7,8.85714285714286,4.91146098219174,1,18,0.339293125132213,1
"63cdba9e0c27bf2817c222d0",8,"experience",10,10,8.3,6.11637147334921,1,20,0.627602947820623,1
"63cdba9e0c27bf2817c222d0",9,"experience",2,2,17.5,1.5,16,19,0,0
"63cdba9e0c27bf2817c222d0",10,"experience",5,5,14.4,4.84148737476408,6,19,-0.7841778232256,0
"63cdba9e0c27bf2817c222d0",11,"experience",10,10,9.4,5.10294032886923,2,19,0.381455328370101,0
"63cdba9e0c27bf2817c222d0",12,"experience",4,4,10.5,6.02079728939615,2,19,0,0
"63cdba9e0c27bf2817c222d0",13,"experience",10,10,25.2,5.9464274989274,16,34,-0.125669583629514,0
"63cdba9e0c27bf2817c222d0",14,"experience",20,20,23.5,5.5,15,34,0.398497370398196,0
"63cdba9e0c27bf2817c222d0",15,"experience",10,10,18.2,5.9464274989274,9,27,-0.125669583629514,0
"63cdba9e0c27bf2817c222d0",16,"experience",2,2,31,4,27,35,0,0
"63cdba9e0c27bf2817c222d0",17,"experience",2,2,26,4,22,30,0,0
"63cdba9e0c27bf2817c222d0",18,"experience",2,2,15,4,11,19,0,0
"63cdba9e0c27bf2817c222d0",19,"experience",2,2,23,4,19,27,0,0
"63cdba9e0c27bf2817c222d0",20,"experience",10,10,35.2,5.9464274989274,26,44,-0.125669583629516,0
"63cdba9e0c27bf2817c222d0",21,"experience",2,2,26,4,22,30,0,0
"63cdba9e0c27bf2817c222d0",22,"experience",10,10,22.2,5.9464274989274,13,31,-0.125669583629514,0
"63cdba9e0c27bf2817c222d0",23,"experience",20,20,30.5,5.5,22,41,0.398497370398196,0
"63cdba9e0c27bf2817c222d0",24,"experience",20,20,25.5,5.5,17,36,0.398497370398196,0
"63cdba9e0c27bf2817c222d0",25,"experience",10,10,23.2,5.9464274989274,14,32,-0.125669583629514,0
"63cdba9e0c27bf2817c222d0",26,"experience",2,2,21,4,17,25,0,0
"63cdba9e0c27bf2817c222d0",27,"experience",20,20,31.5,5.5,23,42,0.398497370398196,0
"63cdba9e0c27bf2817c222d0",28,"experience",20,20,17.5,5.5,9,28,0.398497370398196,0
"63cdba9e0c27bf2817c222d0",29,"experience",2,2,33,4,29,37,0,0
"63cdba9e0c27bf2817c222d0",30,"experience",20,20,29.5,5.5,21,40,0.398497370398196,0
"63cdba9e0c27bf2817c222d0",31,"experience",20,20,32.5,5.5,24,43,0.398497370398196,0
"63cdba9e0c27bf2817c222d0",32,"experience",20,20,14.5,5.5,6,25,0.398497370398196,0
"63cdba9e0c27bf2817c222d0",33,"experience",2,2,28,4,24,32,0,0
"63cdba9e0c27bf2817c222d0",34,"experience",10,10,24.2,5.9464274989274,15,33,-0.125669583629514,0
"63cdba9e0c27bf2817c222d0",35,"experience",2,2,19,4,15,23,0,0
"63cdba9e0c27bf2817c222d0",36,"experience",2,2,34,4,30,38,0,0
"63cdba9e0c27bf2817c222d0",37,"experience",10,10,21.2,5.9464274989274,12,30,-0.125669583629514,0
"63cdba9e0c27bf2817c222d0",38,"experience",10,10,34.2,5.9464274989274,25,43,-0.125669583629516,0
"63cdba9e0c27bf2817c222d0",39,"experience",10,10,18.2,5.9464274989274,9,27,-0.125669583629514,0
"63cdba9e0c27bf2817c222d0",40,"experience",10,10,15.2,5.9464274989274,6,24,-0.125669583629514,0
"63cdba9e0c27bf2817c222d0",41,"experience",20,20,34.5,5.5,26,45,0.398497370398196,0
"63cdba9e0c27bf2817c222d0",42,"experience",20,20,17.5,5.5,9,28,0.398497370398196,0
"63cdba9e0c27bf2817c222d0",43,"experience",2,2,21,4,17,25,0,0
"63cdba9e0c27bf2817c222d0",44,"experience",20,20,20.5,5.5,12,31,0.398497370398196,0
"63cdba9e0c27bf2817c222d0",45,"experience",2,2,19,4,15,23,0,0
"63cdba9e0c27bf2817c222d0",46,"experience",10,10,32.2,5.9464274989274,23,41,-0.125669583629516,0
"63cdba9e0c27bf2817c222d0",47,"experience",2,2,22,4,18,26,0,0
"63cdba9e0c27bf2817c222d0",48,"experience",2,2,22,4,18,26,0,0
"63cdba9e0c27bf2817c222d0",49,"experience",2,2,26,4,22,30,0,0
"63cdba9e0c27bf2817c222d0",50,"experience",10,10,31.2,5.9464274989274,22,40,-0.125669583629514,0
"63cdba9e0c27bf2817c222d0",51,"experience",20,20,31.5,5.5,23,42,0.398497370398196,0
"63cdba9e0c27bf2817c222d0",52,"experience",20,20,20.5,5.5,12,31,0.398497370398196,0
"63cdba9e0c27bf2817c222d0",53,"experience",10,10,21.2,5.9464274989274,12,30,-0.125669583629514,0
"63cdba9e0c27bf2817c222d0",54,"experience",10,10,14.2,5.9464274989274,5,23,-0.125669583629514,0
"63cdba9e0c27bf2817c222d0",55,"experience",10,10,26.2,5.9464274989274,17,35,-0.125669583629514,0
"63cdba9e0c27bf2817c222d0",56,"experience",20,20,16.5,5.5,8,27,0.398497370398196,0
"63cdba9e0c27bf2817c222d0",57,"experience",2,2,19,4,15,23,0,0
"63cdba9e0c27bf2817c222d0",58,"experience",20,20,32.5,5.5,24,43,0.398497370398196,0
"63cdba9e0c27bf2817c222d0",59,"experience",20,20,29.5,5.5,21,40,0.398497370398196,0
"63cdba9e0c27bf2817c222d0",60,"experience",10,10,33.2,5.9464274989274,24,42,-0.125669583629516,0
"63cdba9e0c27bf2817c222d0",61,"experience",20,20,27.5,5.5,19,38,0.398497370398196,0
"63cdba9e0c27bf2817c222d0",62,"experience",20,20,14.5,5.5,6,25,0.398497370398196,0
"63cdba9e0c27bf2817c222d0",63,"experience",2,2,20,4,16,24,0,0
"63cdba9e0c27bf2817c222d0",64,"experience",20,20,17.5,5.5,9,28,0.398497370398196,0
"63cdba9e0c27bf2817c222d0",65,"experience",2,2,34,4,30,38,0,0
"63cdba9e0c27bf2817c222d0",66,"experience",2,2,33,4,29,37,0,0
"63cdba9e0c27bf2817c222d0",67,"experience",2,2,24,4,20,28,0,0
"63cdba9e0c27bf2817c222d0",68,"experience",2,2,22,4,18,26,0,0
"63cdba9e0c27bf2817c222d0",69,"experience",20,20,34.5,5.5,26,45,0.398497370398196,0
"63cdba9e0c27bf2817c222d0",70,"experience",10,10,33.2,5.9464274989274,24,42,-0.125669583629516,0
"63cdba9e0c27bf2817c222d0",71,"experience",10,10,36.2,5.9464274989274,27,45,-0.125669583629516,0
"63cdba9e0c27bf2817c222d0",72,"experience",10,10,25.2,5.9464274989274,16,34,-0.125669583629514,0
"63cdba9e0c27bf2817c222d0",73,"experience",10,10,19.2,5.9464274989274,10,28,-0.125669583629514,0
"63cdba9e0c27bf2817c222d0",74,"experience",10,10,31.2,5.9464274989274,22,40,-0.125669583629514,0
"63cdba9e0c27bf2817c222d0",75,"experience",10,10,15.2,5.9464274989274,6,24,-0.125669583629514,0
"63cdba9e0c27bf2817c222d0",76,"experience",2,2,33,4,29,37,0,0
"63cdba9e0c27bf2817c222d0",77,"experience",10,10,27.2,5.9464274989274,18,36,-0.125669583629514,0
"63cdba9e0c27bf2817c222d0",78,"experience",2,2,27,4,23,31,0,0
"63cdba9e0c27bf2817c222d0",79,"experience",20,20,33.5,5.5,25,44,0.398497370398196,0
"63cdba9e0c27bf2817c222d0",80,"experience",10,10,18.2,5.9464274989274,9,27,-0.125669583629514,0
"63cdba9e0c27bf2817c222d0",81,"experience",2,2,16,4,12,20,0,0
"63cdba9e0c27bf2817c222d0",82,"experience",20,20,14.5,5.5,6,25,0.398497370398196,0
"63cdba9e0c27bf2817c222d0",83,"experience",10,10,20.2,5.9464274989274,11,29,-0.125669583629514,0
"63cdba9e0c27bf2817c222d0",84,"experience",20,20,26.5,5.5,18,37,0.398497370398196,0
"63cdba9e0c27bf2817c222d0",85,"experience",2,2,22,4,18,26,0,0
"63cdba9e0c27bf2817c222d0",86,"experience",10,10,24.2,5.9464274989274,15,33,-0.125669583629514,0
"63cdba9e0c27bf2817c222d0",87,"experience",2,2,35,4,31,39,0,0
"63cdba9e0c27bf2817c222d0",88,"experience",20,20,16.5,5.5,8,27,0.398497370398196,0
"63cdba9e0c27bf2817c222d0",89,"experience",20,20,33.5,5.5,25,44,0.398497370398196,0
"63cdba9e0c27bf2817c222d0",90,"experience",2,2,20,4,16,24,0,0
"63cdba9e0c27bf2817c222d0",91,"experience",10,10,16.2,5.9464274989274,7,25,-0.125669583629514,0
"63cdba9e0c27bf2817c222d0",92,"experience",20,20,15.5,5.5,7,26,0.398497370398196,0
"63cdba9e0c27bf2817c222d0",93,"experience",10,10,28.2,5.9464274989274,19,37,-0.125669583629514,0
"63cdba9e0c27bf2817c222d0",94,"experience",20,20,25.5,5.5,17,36,0.398497370398196,0
"63cdba9e0c27bf2817c222d0",95,"experience",20,20,17.5,5.5,9,28,0.398497370398196,0
"63cdba9e0c27bf2817c222d0",96,"experience",2,2,20,4,16,24,0,0
"63cdba9e0c27bf2817c222d0",97,"experience",2,2,27,4,23,31,0,0
"63cdba9e0c27bf2817c222d0",98,"experience",10,10,31.2,5.9464274989274,22,40,-0.125669583629514,0
"63cdba9e0c27bf2817c222d0",99,"experience",20,20,15.5,5.5,7,26,0.398497370398196,0
"63cdba9e0c27bf2817c222d0",100,"experience",10,10,18.2,5.9464274989274,9,27,-0.125669583629514,0
"63cdba9e0c27bf2817c222d0",101,"experience",2,2,17,4,13,21,0,0
"63cdba9e0c27bf2817c222d0",102,"experience",2,2,34,4,30,38,0,0
"63cdba9e0c27bf2817c222d0",103,"experience",2,2,30,4,26,34,0,0
"63cdba9e0c27bf2817c222d0",104,"experience",20,20,28.5,5.5,20,39,0.398497370398196,0
"63cdba9e0c27bf2817c222d0",105,"experience",10,10,29.2,5.9464274989274,20,38,-0.125669583629514,0
"63cdba9e0c27bf2817c222d0",106,"experience",20,20,31.5,5.5,23,42,0.398497370398196,0
"63cdba9e0c27bf2817c222d0",107,"experience",20,20,13.5,5.5,5,24,0.398497370398196,0
"63cdba9e0c27bf2817c222d0",108,"experience",10,10,16.2,5.9464274989274,7,25,-0.125669583629514,0
"566a19b57da035000fb39b89",1,"experience",10,10,12.2,4.19046536795139,6,20,0.454660523989932,0
"566a19b57da035000fb39b89",2,"experience",7,7,38.5714285714286,5.03862631101383,31,46,-0.0423918503798284,0
"566a19b57da035000fb39b89",3,"experience",7,7,42.7142857142857,5.3375833406484,34,48,-0.793728937016069,0
"566a19b57da035000fb39b89",4,"experience",5,5,8.6,4.31740662898458,2,15,-0.0393655488468631,0
"566a19b57da035000fb39b89",5,"experience",6,6,12.3333333333333,5.02217305777312,5,19,-0.0941492979450184,0
"566a19b57da035000fb39b89",6,"experience",8,8,12.375,3.35177191944798,6,18,-0.247414440250106,0
"566a19b57da035000fb39b89",7,"experience",5,5,38.6,6.68131723539603,30,48,-0.0267154839932306,0
"566a19b57da035000fb39b89",8,"experience",7,7,8,3.89138242053607,2,14,0.0872755758254797,0
"566a19b57da035000fb39b89",9,"experience",12,12,10.5833333333333,5.76567910618997,1,20,0.118482986410617,1
"566a19b57da035000fb39b89",10,"experience",8,8,13.375,4.63512405443479,6,20,-0.314790044873747,0
"566a19b57da035000fb39b89",11,"experience",9,9,11.5555555555556,6.27359742821916,1,20,-0.32890735168096,1
"566a19b57da035000fb39b89",12,"experience",6,6,34.5,4.5,29,42,0.373113854595336,0
"566a19b57da035000fb39b89",13,"experience",2,2,18,4,14,22,0,0
"566a19b57da035000fb39b89",14,"experience",10,10,21.2,5.9464274989274,12,30,-0.125669583629514,0
"566a19b57da035000fb39b89",15,"experience",2,2,19,4,15,23,0,0
"566a19b57da035000fb39b89",16,"experience",10,10,36.2,5.9464274989274,27,45,-0.125669583629516,0
"566a19b57da035000fb39b89",17,"experience",20,20,12.5,5.5,4,23,0.398497370398196,0
"566a19b57da035000fb39b89",18,"experience",2,2,26,4,22,30,0,0
"566a19b57da035000fb39b89",19,"experience",20,20,25.5,5.5,17,36,0.398497370398196,0
"566a19b57da035000fb39b89",20,"experience",2,2,28,4,24,32,0,0
"566a19b57da035000fb39b89",21,"experience",20,20,29.5,5.5,21,40,0.398497370398196,0
"566a19b57da035000fb39b89",22,"experience",20,20,22.5,5.5,14,33,0.398497370398196,0
"566a19b57da035000fb39b89",23,"experience",2,2,29,4,25,33,0,0
"566a19b57da035000fb39b89",24,"experience",10,10,17.2,5.9464274989274,8,26,-0.125669583629514,0
"566a19b57da035000fb39b89",25,"experience",10,10,23.2,5.9464274989274,14,32,-0.125669583629514,0
"566a19b57da035000fb39b89",26,"experience",10,10,36.2,5.9464274989274,27,45,-0.125669583629516,0
"566a19b57da035000fb39b89",27,"experience",20,20,18.5,5.5,10,29,0.398497370398196,0
"566a19b57da035000fb39b89",28,"experience",2,2,29,4,25,33,0,0
"566a19b57da035000fb39b89",29,"experience",10,10,18.2,5.9464274989274,9,27,-0.125669583629514,0
"566a19b57da035000fb39b89",30,"experience",2,2,20,4,16,24,0,0
"566a19b57da035000fb39b89",31,"experience",20,20,28.5,5.5,20,39,0.398497370398196,0
"566a19b57da035000fb39b89",32,"experience",10,10,33.2,5.9464274989274,24,42,-0.125669583629516,0
"566a19b57da035000fb39b89",33,"experience",2,2,21,4,17,25,0,0
"566a19b57da035000fb39b89",34,"experience",2,2,21,4,17,25,0,0
"566a19b57da035000fb39b89",35,"experience",2,2,25,4,21,29,0,0
"566a19b57da035000fb39b89",36,"experience",2,2,31,4,27,35,0,0
"566a19b57da035000fb39b89",37,"experience",2,2,22,4,18,26,0,0
"566a19b57da035000fb39b89",38,"experience",10,10,14.2,5.9464274989274,5,23,-0.125669583629514,0
"566a19b57da035000fb39b89",39,"experience",10,10,27.2,5.9464274989274,18,36,-0.125669583629514,0
"566a19b57da035000fb39b89",40,"experience",2,2,16,4,12,20,0,0
"566a19b57da035000fb39b89",41,"experience",10,10,34.2,5.9464274989274,25,43,-0.125669583629516,0
"566a19b57da035000fb39b89",42,"experience",20,20,31.5,5.5,23,42,0.398497370398196,0
"566a19b57da035000fb39b89",43,"experience",20,20,29.5,5.5,21,40,0.398497370398196,0
"566a19b57da035000fb39b89",44,"experience",2,2,34,4,30,38,0,0
"566a19b57da035000fb39b89",45,"experience",10,10,31.2,5.9464274989274,22,40,-0.125669583629514,0
"566a19b57da035000fb39b89",46,"experience",20,20,30.5,5.5,22,41,0.398497370398196,0
"566a19b57da035000fb39b89",47,"experience",20,20,20.5,5.5,12,31,0.398497370398196,0
"566a19b57da035000fb39b89",48,"experience",2,2,18,4,14,22,0,0
"566a19b57da035000fb39b89",49,"experience",20,20,20.5,5.5,12,31,0.398497370398196,0
"566a19b57da035000fb39b89",50,"experience",20,20,29.5,5.5,21,40,0.398497370398196,0
"566a19b57da035000fb39b89",51,"experience",10,10,34.2,5.9464274989274,25,43,-0.125669583629516,0
"566a19b57da035000fb39b89",52,"experience",10,10,17.2,5.9464274989274,8,26,-0.125669583629514,0
"566a19b57da035000fb39b89",53,"experience",20,20,30.5,5.5,22,41,0.398497370398196,0
"566a19b57da035000fb39b89",54,"experience",2,2,36,4,32,40,0,0
"566a19b57da035000fb39b89",55,"experience",20,20,16.5,5.5,8,27,0.398497370398196,0
"566a19b57da035000fb39b89",56,"experience",10,10,21.2,5.9464274989274,12,30,-0.125669583629514,0
"566a19b57da035000fb39b89",57,"experience",20,20,31.5,5.5,23,42,0.398497370398196,0
"566a19b57da035000fb39b89",58,"experience",10,10,28.2,5.9464274989274,19,37,-0.125669583629514,0
"566a19b57da035000fb39b89",59,"experience",10,10,15.2,5.9464274989274,6,24,-0.125669583629514,0
"566a19b57da035000fb39b89",60,"experience",20,20,29.5,5.5,21,40,0.398497370398196,0
"566a19b57da035000fb39b89",61,"experience",20,20,15.5,5.5,7,26,0.398497370398196,0
"566a19b57da035000fb39b89",62,"experience",10,10,25.2,5.9464274989274,16,34,-0.125669583629514,0
"566a19b57da035000fb39b89",63,"experience",20,20,33.5,5.5,25,44,0.398497370398196,0
"566a19b57da035000fb39b89",64,"experience",20,20,29.5,5.5,21,40,0.398497370398196,0
"566a19b57da035000fb39b89",65,"experience",2,2,29,4,25,33,0,0
"566a19b57da035000fb39b89",66,"experience",20,20,26.5,5.5,18,37,0.398497370398196,0
"566a19b57da035000fb39b89",67,"experience",10,10,25.2,5.9464274989274,16,34,-0.125669583629514,0
"566a19b57da035000fb39b89",68,"experience",10,10,29.2,5.9464274989274,20,38,-0.125669583629514,0
"566a19b57da035000fb39b89",69,"experience",10,10,36.2,5.9464274989274,27,45,-0.125669583629516,0
"566a19b57da035000fb39b89",70,"experience",20,20,23.5,5.5,15,34,0.398497370398196,0
"566a19b57da035000fb39b89",71,"experience",10,10,35.2,5.9464274989274,26,44,-0.125669583629516,0
"566a19b57da035000fb39b89",72,"experience",20,20,23.5,5.5,15,34,0.398497370398196,0
"566a19b57da035000fb39b89",73,"experience",2,2,35,4,31,39,0,0
"566a19b57da035000fb39b89",74,"experience",20,20,23.5,5.5,15,34,0.398497370398196,0
"566a19b57da035000fb39b89",75,"experience",20,20,24.5,5.5,16,35,0.398497370398196,0
"566a19b57da035000fb39b89",76,"experience",20,20,21.5,5.5,13,32,0.398497370398196,0
"566a19b57da035000fb39b89",77,"experience",10,10,26.2,5.9464274989274,17,35,-0.125669583629514,0
"566a19b57da035000fb39b89",78,"experience",2,2,21,4,17,25,0,0
"566a19b57da035000fb39b89",79,"experience",2,2,19,4,15,23,0,0
"566a19b57da035000fb39b89",80,"experience",2,2,25,4,21,29,0,0
"566a19b57da035000fb39b89",81,"experience",10,10,36.2,5.9464274989274,27,45,-0.125669583629516,0
"566a19b57da035000fb39b89",82,"experience",10,10,23.2,5.9464274989274,14,32,-0.125669583629514,0
"566a19b57da035000fb39b89",83,"experience",10,10,33.2,5.9464274989274,24,42,-0.125669583629516,0
"566a19b57da035000fb39b89",84,"experience",2,2,14,4,10,18,0,0
"566a19b57da035000fb39b89",85,"experience",10,10,15.2,5.9464274989274,6,24,-0.125669583629514,0
"566a19b57da035000fb39b89",86,"experience",2,2,32,4,28,36,0,0
"566a19b57da035000fb39b89",87,"experience",20,20,13.5,5.5,5,24,0.398497370398196,0
"566a19b57da035000fb39b89",88,"experience",2,2,34,4,30,38,0,0
"566a19b57da035000fb39b89",89,"experience",2,2,29,4,25,33,0,0
"566a19b57da035000fb39b89",90,"experience",2,2,27,4,23,31,0,0
"566a19b57da035000fb39b89",91,"experience",20,20,31.5,5.5,23,42,0.398497370398196,0
"566a19b57da035000fb39b89",92,"experience",10,10,16.2,5.9464274989274,7,25,-0.125669583629514,0
"566a19b57da035000fb39b89",93,"experience",10,10,21.2,5.9464274989274,12,30,-0.125669583629514,0
"566a19b57da035000fb39b89",94,"experience",2,2,14,4,10,18,0,0
"566a19b57da035000fb39b89",95,"experience",20,20,13.5,5.5,5,24,0.398497370398196,0
"566a19b57da035000fb39b89",96,"experience",20,20,33.5,5.5,25,44,0.398497370398196,0
"566a19b57da035000fb39b89",97,"experience",10,10,21.2,5.9464274989274,12,30,-0.125669583629514,0
"566a19b57da035000fb39b89",98,"experience",2,2,27,4,23,31,0,0
"566a19b57da035000fb39b89",99,"experience",10,10,32.2,5.9464274989274,23,41,-0.125669583629516,0
"566a19b57da035000fb39b89",100,"experience",20,20,16.5,5.5,8,27,0.398497370398196,0
"566a19b57da035000fb39b89",101,"experience",10,10,27.2,5.9464274989274,18,36,-0.125669583629514,0
"566a19b57da035000fb39b89",102,"experience",2,2,25,4,21,29,0,0
"566a19b57da035000fb39b89",103,"experience",2,2,30,4,26,34,0,0
"566a19b57da035000fb39b89",104,"experience",2,2,21,4,17,25,0,0
"566a19b57da035000fb39b89",105,"experience",2,2,26,4,22,30,0,0
"566a19b57da035000fb39b89",106,"experience",20,20,29.5,5.5,21,40,0.398497370398196,0
"566a19b57da035000fb39b89",107,"experience",10,10,27.2,5.9464274989274,18,36,-0.125669583629514,0
"566a19b57da035000fb39b89",108,"experience",20,20,12.5,5.5,4,23,0.398497370398196,0
"66e5312010b7e7f8074c81a7",1,"experience",2,2,11,4,7,15,0,0
"66e5312010b7e7f8074c81a7",2,"experience",11,11,36.9090909090909,6.62576987574131,29,48,0.535906642099515,0
"66e5312010b7e7f8074c81a7",3,"experience",12,12,37.4166666666667,5.70757294205592,29,47,0.118988817508583,0
"66e5312010b7e7f8074c81a7",4,"experience",8,8,9.875,5.39531046372681,3,18,0.254962874515307,0
"66e5312010b7e7f8074c81a7",5,"experience",5,5,40,5.65685424949238,30,46,-0.795495128834866,0
"66e5312010b7e7f8074c81a7",6,"experience",6,6,37.8333333333333,6.56802016507934,30,47,0.209670421061446,0
"66e5312010b7e7f8074c81a7",7,"experience",12,12,38.8333333333333,5.84284938098603,31,48,0.227642125956767,0
"66e5312010b7e7f8074c81a7",8,"experience",12,12,11.8333333333333,5.61001089323561,3,20,-0.0335633347797237,0
"66e5312010b7e7f8074c81a7",9,"experience",10,10,11.4,5.55337735076593,1,19,-0.424322008865116,1
"66e5312010b7e7f8074c81a7",10,"experience",10,10,12,6.92820323027551,2,20,-0.351822820287428,0
"66e5312010b7e7f8074c81a7",11,"experience",4,4,37,7.03562363973514,29,47,0.279960536628579,0
"66e5312010b7e7f8074c81a7",12,"experience",11,11,11.8181818181818,6.27865332721164,1,20,-0.290674255534532,1
"66e5312010b7e7f8074c81a7",13,"experience",2,2,30,4,26,34,0,0
"66e5312010b7e7f8074c81a7",14,"experience",2,2,22,4,18,26,0,0
"66e5312010b7e7f8074c81a7",15,"experience",10,10,25.2,5.9464274989274,16,34,-0.125669583629514,0
"66e5312010b7e7f8074c81a7",16,"experience",2,2,32,4,28,36,0,0
"66e5312010b7e7f8074c81a7",17,"experience",20,20,21.5,5.5,13,32,0.398497370398196,0
"66e5312010b7e7f8074c81a7",18,"experience",20,20,16.5,5.5,8,27,0.398497370398196,0
"66e5312010b7e7f8074c81a7",19,"experience",10,10,32.2,5.9464274989274,23,41,-0.125669583629516,0
"66e5312010b7e7f8074c81a7",20,"experience",10,10,29.2,5.9464274989274,20,38,-0.125669583629514,0
"66e5312010b7e7f8074c81a7",21,"experience",20,20,14.5,5.5,6,25,0.398497370398196,0
"66e5312010b7e7f8074c81a7",22,"experience",20,20,14.5,5.5,6,25,0.398497370398196,0
"66e5312010b7e7f8074c81a7",23,"experience",10,10,26.2,5.9464274989274,17,35,-0.125669583629514,0
"66e5312010b7e7f8074c81a7",24,"experience",10,10,20.2,5.9464274989274,11,29,-0.125669583629514,0
"66e5312010b7e7f8074c81a7",25,"experience",20,20,21.5,5.5,13,32,0.398497370398196,0
"66e5312010b7e7f8074c81a7",26,"experience",2,2,24,4,20,28,0,0
"66e5312010b7e7f8074c81a7",27,"experience",20,20,16.5,5.5,8,27,0.398497370398196,0
"66e5312010b7e7f8074c81a7",28,"experience",10,10,16.2,5.9464274989274,7,25,-0.125669583629514,0
"66e5312010b7e7f8074c81a7",29,"experience",2,2,22,4,18,26,0,0
"66e5312010b7e7f8074c81a7",30,"experience",2,2,15,4,11,19,0,0
"66e5312010b7e7f8074c81a7",31,"experience",20,20,28.5,5.5,20,39,0.398497370398196,0
"66e5312010b7e7f8074c81a7",32,"experience",10,10,33.2,5.9464274989274,24,42,-0.125669583629516,0
"66e5312010b7e7f8074c81a7",33,"experience",20,20,34.5,5.5,26,45,0.398497370398196,0
"66e5312010b7e7f8074c81a7",34,"experience",20,20,29.5,5.5,21,40,0.398497370398196,0
"66e5312010b7e7f8074c81a7",35,"experience",10,10,36.2,5.9464274989274,27,45,-0.125669583629516,0
"66e5312010b7e7f8074c81a7",36,"experience",2,2,31,4,27,35,0,0
"66e5312010b7e7f8074c81a7",37,"experience",10,10,23.2,5.9464274989274,14,32,-0.125669583629514,0
"66e5312010b7e7f8074c81a7",38,"experience",2,2,29,4,25,33,0,0
"66e5312010b7e7f8074c81a7",39,"experience",20,20,26.5,5.5,18,37,0.398497370398196,0
"66e5312010b7e7f8074c81a7",40,"experience",20,20,16.5,5.5,8,27,0.398497370398196,0
"66e5312010b7e7f8074c81a7",41,"experience",2,2,26,4,22,30,0,0
"66e5312010b7e7f8074c81a7",42,"experience",10,10,22.2,5.9464274989274,13,31,-0.125669583629514,0
"66e5312010b7e7f8074c81a7",43,"experience",2,2,31,4,27,35,0,0
"66e5312010b7e7f8074c81a7",44,"experience",2,2,23,4,19,27,0,0
"66e5312010b7e7f8074c81a7",45,"experience",20,20,31.5,5.5,23,42,0.398497370398196,0
"66e5312010b7e7f8074c81a7",46,"experience",10,10,17.2,5.9464274989274,8,26,-0.125669583629514,0
"66e5312010b7e7f8074c81a7",47,"experience",10,10,18.2,5.9464274989274,9,27,-0.125669583629514,0
"66e5312010b7e7f8074c81a7",48,"experience",2,2,31,4,27,35,0,0
"66e5312010b7e7f8074c81a7",49,"experience",20,20,20.5,5.5,12,31,0.398497370398196,0
"66e5312010b7e7f8074c81a7",50,"experience",2,2,17,4,13,21,0,0
"66e5312010b7e7f8074c81a7",51,"experience",10,10,19.2,5.9464274989274,10,28,-0.125669583629514,0
"66e5312010b7e7f8074c81a7",52,"experience",20,20,16.5,5.5,8,27,0.398497370398196,0
"66e5312010b7e7f8074c81a7",53,"experience",2,2,23,4,19,27,0,0
"66e5312010b7e7f8074c81a7",54,"experience",2,2,24,4,20,28,0,0
"66e5312010b7e7f8074c81a7",55,"experience",2,2,30,4,26,34,0,0
"66e5312010b7e7f8074c81a7",56,"experience",10,10,29.2,5.9464274989274,20,38,-0.125669583629514,0
"66e5312010b7e7f8074c81a7",57,"experience",10,10,20.2,5.9464274989274,11,29,-0.125669583629514,0
"66e5312010b7e7f8074c81a7",58,"experience",20,20,18.5,5.5,10,29,0.398497370398196,0
"66e5312010b7e7f8074c81a7",59,"experience",10,10,28.2,5.9464274989274,19,37,-0.125669583629514,0
"66e5312010b7e7f8074c81a7",60,"experience",20,20,33.5,5.5,25,44,0.398497370398196,0
"66e5312010b7e7f8074c81a7",61,"experience",20,20,33.5,5.5,25,44,0.398497370398196,0
"66e5312010b7e7f8074c81a7",62,"experience",2,2,22,4,18,26,0,0
"66e5312010b7e7f8074c81a7",63,"experience",20,20,26.5,5.5,18,37,0.398497370398196,0
"66e5312010b7e7f8074c81a7",64,"experience",20,20,25.5,5.5,17,36,0.398497370398196,0
"66e5312010b7e7f8074c81a7",65,"experience",2,2,21,4,17,25,0,0
"66e5312010b7e7f8074c81a7",66,"experience",2,2,21,4,17,25,0,0
"66e5312010b7e7f8074c81a7",67,"experience",20,20,12.5,5.5,4,23,0.398497370398196,0
"66e5312010b7e7f8074c81a7",68,"experience",10,10,15.2,5.9464274989274,6,24,-0.125669583629514,0
"66e5312010b7e7f8074c81a7",69,"experience",2,2,14,4,10,18,0,0
"66e5312010b7e7f8074c81a7",70,"experience",2,2,28,4,24,32,0,0
"66e5312010b7e7f8074c81a7",71,"experience",20,20,29.5,5.5,21,40,0.398497370398196,0
"66e5312010b7e7f8074c81a7",72,"experience",2,2,28,4,24,32,0,0
"66e5312010b7e7f8074c81a7",73,"experience",10,10,19.2,5.9464274989274,10,28,-0.125669583629514,0
"66e5312010b7e7f8074c81a7",74,"experience",20,20,22.5,5.5,14,33,0.398497370398196,0
"66e5312010b7e7f8074c81a7",75,"experience",2,2,29,4,25,33,0,0
"66e5312010b7e7f8074c81a7",76,"experience",20,20,32.5,5.5,24,43,0.398497370398196,0
"66e5312010b7e7f8074c81a7",77,"experience",10,10,27.2,5.9464274989274,18,36,-0.125669583629514,0
"66e5312010b7e7f8074c81a7",78,"experience",10,10,36.2,5.9464274989274,27,45,-0.125669583629516,0
"66e5312010b7e7f8074c81a7",79,"experience",10,10,35.2,5.9464274989274,26,44,-0.125669583629516,0
"66e5312010b7e7f8074c81a7",80,"experience",20,20,20.5,5.5,12,31,0.398497370398196,0
"66e5312010b7e7f8074c81a7",81,"experience",20,20,19.5,5.5,11,30,0.398497370398196,0
"66e5312010b7e7f8074c81a7",82,"experience",10,10,31.2,5.9464274989274,22,40,-0.125669583629514,0
"66e5312010b7e7f8074c81a7",83,"experience",2,2,26,4,22,30,0,0
"66e5312010b7e7f8074c81a7",84,"experience",10,10,28.2,5.9464274989274,19,37,-0.125669583629514,0
"66e5312010b7e7f8074c81a7",85,"experience",2,2,32,4,28,36,0,0
"66e5312010b7e7f8074c81a7",86,"experience",10,10,24.2,5.9464274989274,15,33,-0.125669583629514,0
"66e5312010b7e7f8074c81a7",87,"experience",20,20,13.5,5.5,5,24,0.398497370398196,0
"66e5312010b7e7f8074c81a7",88,"experience",10,10,29.2,5.9464274989274,20,38,-0.125669583629514,0
"66e5312010b7e7f8074c81a7",89,"experience",20,20,16.5,5.5,8,27,0.398497370398196,0
"66e5312010b7e7f8074c81a7",90,"experience",10,10,26.2,5.9464274989274,17,35,-0.125669583629514,0
"66e5312010b7e7f8074c81a7",91,"experience",2,2,21,4,17,25,0,0
"66e5312010b7e7f8074c81a7",92,"experience",20,20,24.5,5.5,16,35,0.398497370398196,0
"66e5312010b7e7f8074c81a7",93,"experience",2,2,17,4,13,21,0,0
"66e5312010b7e7f8074c81a7",94,"experience",20,20,26.5,5.5,18,37,0.398497370398196,0
"66e5312010b7e7f8074c81a7",95,"experience",10,10,32.2,5.9464274989274,23,41,-0.125669583629516,0
"66e5312010b7e7f8074c81a7",96,"experience",10,10,20.2,5.9464274989274,11,29,-0.125669583629514,0
"66e5312010b7e7f8074c81a7",97,"experience",10,10,28.2,5.9464274989274,19,37,-0.125669583629514,0
"66e5312010b7e7f8074c81a7",98,"experience",20,20,25.5,5.5,17,36,0.398497370398196,0
"66e5312010b7e7f8074c81a7",99,"experience",20,20,32.5,5.5,24,43,0.398497370398196,0
"66e5312010b7e7f8074c81a7",100,"experience",10,10,17.2,5.9464274989274,8,26,-0.125669583629514,0
"66e5312010b7e7f8074c81a7",101,"experience",2,2,31,4,27,35,0,0
"66e5312010b7e7f8074c81a7",102,"experience",20,20,28.5,5.5,20,39,0.398497370398196,0
"66e5312010b7e7f8074c81a7",103,"experience",2,2,17,4,13,21,0,0
"66e5312010b7e7f8074c81a7",104,"experience",2,2,26,4,22,30,0,0
"66e5312010b7e7f8074c81a7",105,"experience",2,2,34,4,30,38,0,0
"66e5312010b7e7f8074c81a7",106,"experience",2,2,21,4,17,25,0,0
"66e5312010b7e7f8074c81a7",107,"experience",10,10,29.2,5.9464274989274,20,38,-0.125669583629514,0
"66e5312010b7e7f8074c81a7",108,"experience",10,10,36.2,5.9464274989274,27,45,-0.125669583629516,0
"66a926551ab3748f5d5348aa",1,"experience",9,9,39.7777777777778,5.61303597347337,30,48,-0.402652151310274,0
"66a926551ab3748f5d5348aa",2,"experience",3,3,14.3333333333333,4.02768199119819,11,20,0.674555484545765,0
"66a926551ab3748f5d5348aa",3,"experience",8,8,12.625,3.63790805271381,8,19,0.458328068697891,0
"66a926551ab3748f5d5348aa",4,"experience",12,12,38.5833333333333,6.04784167194288,29,48,-0.217549985260784,0
"66a926551ab3748f5d5348aa",5,"experience",5,5,10.4,6.08604962188118,3,19,0.272762021291434,0
"66a926551ab3748f5d5348aa",6,"experience",2,2,12.5,7.5,5,20,0,0
"66a926551ab3748f5d5348aa",7,"experience",11,11,39.2727272727273,4.59428318854301,31,47,-0.203607617228862,0
"66a926551ab3748f5d5348aa",8,"experience",5,5,37.2,2.99332590941915,33,41,-0.0590599619404716,0
"66a926551ab3748f5d5348aa",9,"experience",10,10,11,6.29285308902091,1,20,-0.0722320143367873,1
"66a926551ab3748f5d5348aa",10,"experience",12,12,10.75,5.47912705942592,1,20,0.0898622001047971,1
"66a926551ab3748f5d5348aa",11,"experience",4,4,38.5,4.15331193145904,34,45,0.586226762852441,0
"66a926551ab3748f5d5348aa",12,"experience",9,9,38,5.03322295684717,29,44,-0.721521573453852,0
"66a926551ab3748f5d5348aa",13,"experience",2,2,23,4,19,27,0,0
"66a926551ab3748f5d5348aa",14,"experience",10,10,30.2,5.9464274989274,21,39,-0.125669583629514,0
"66a926551ab3748f5d5348aa",15,"experience",20,20,25.5,5.5,17,36,0.398497370398196,0
"66a926551ab3748f5d5348aa",16,"experience",10,10,36.2,5.9464274989274,27,45,-0.125669583629516,0
"66a926551ab3748f5d5348aa",17,"experience",10,10,35.2,5.9464274989274,26,44,-0.125669583629516,0
"66a926551ab3748f5d5348aa",18,"experience",20,20,29.5,5.5,21,40,0.398497370398196,0
"66a926551ab3748f5d5348aa",19,"experience",10,10,20.2,5.9464274989274,11,29,-0.125669583629514,0
"66a926551ab3748f5d5348aa",20,"experience",2,2,29,4,25,33,0,0
"66a926551ab3748f5d5348aa",21,"experience",2,2,29,4,25,33,0,0
"66a926551ab3748f5d5348aa",22,"experience",2,2,17,4,13,21,0,0
"66a926551ab3748f5d5348aa",23,"experience",2,2,28,4,24,32,0,0
"66a926551ab3748f5d5348aa",24,"experience",20,20,21.5,5.5,13,32,0.398497370398196,0
"66a926551ab3748f5d5348aa",25,"experience",2,2,22,4,18,26,0,0
"66a926551ab3748f5d5348aa",26,"experience",10,10,19.2,5.9464274989274,10,28,-0.125669583629514,0
"66a926551ab3748f5d5348aa",27,"experience",2,2,23,4,19,27,0,0
"66a926551ab3748f5d5348aa",28,"experience",2,2,28,4,24,32,0,0
"66a926551ab3748f5d5348aa",29,"experience",2,2,20,4,16,24,0,0
"66a926551ab3748f5d5348aa",30,"experience",10,10,30.2,5.9464274989274,21,39,-0.125669583629514,0
"66a926551ab3748f5d5348aa",31,"experience",20,20,28.5,5.5,20,39,0.398497370398196,0
"66a926551ab3748f5d5348aa",32,"experience",20,20,18.5,5.5,10,29,0.398497370398196,0
"66a926551ab3748f5d5348aa",33,"experience",20,20,34.5,5.5,26,45,0.398497370398196,0
"66a926551ab3748f5d5348aa",34,"experience",10,10,28.2,5.9464274989274,19,37,-0.125669583629514,0
"66a926551ab3748f5d5348aa",35,"experience",10,10,32.2,5.9464274989274,23,41,-0.125669583629516,0
"66a926551ab3748f5d5348aa",36,"experience",10,10,21.2,5.9464274989274,12,30,-0.125669583629514,0
"66a926551ab3748f5d5348aa",37,"experience",20,20,16.5,5.5,8,27,0.398497370398196,0
"66a926551ab3748f5d5348aa",38,"experience",2,2,24,4,20,28,0,0
"66a926551ab3748f5d5348aa",39,"experience",2,2,15,4,11,19,0,0
"66a926551ab3748f5d5348aa",40,"experience",2,2,24,4,20,28,0,0
"66a926551ab3748f5d5348aa",41,"experience",10,10,27.2,5.9464274989274,18,36,-0.125669583629514,0
"66a926551ab3748f5d5348aa",42,"experience",10,10,20.2,5.9464274989274,11,29,-0.125669583629514,0
"66a926551ab3748f5d5348aa",43,"experience",10,10,26.2,5.9464274989274,17,35,-0.125669583629514,0
"66a926551ab3748f5d5348aa",44,"experience",20,20,28.5,5.5,20,39,0.398497370398196,0
"66a926551ab3748f5d5348aa",45,"experience",20,20,14.5,5.5,6,25,0.398497370398196,0
"66a926551ab3748f5d5348aa",46,"experience",20,20,15.5,5.5,7,26,0.398497370398196,0
"66a926551ab3748f5d5348aa",47,"experience",20,20,22.5,5.5,14,33,0.398497370398196,0
"66a926551ab3748f5d5348aa",48,"experience",10,10,17.2,5.9464274989274,8,26,-0.125669583629514,0
"66a926551ab3748f5d5348aa",49,"experience",20,20,14.5,5.5,6,25,0.398497370398196,0
"66a926551ab3748f5d5348aa",50,"experience",20,20,31.5,5.5,23,42,0.398497370398196,0
"66a926551ab3748f5d5348aa",51,"experience",2,2,28,4,24,32,0,0
"66a926551ab3748f5d5348aa",52,"experience",20,20,26.5,5.5,18,37,0.398497370398196,0
"66a926551ab3748f5d5348aa",53,"experience",2,2,20,4,16,24,0,0
"66a926551ab3748f5d5348aa",54,"experience",20,20,22.5,5.5,14,33,0.398497370398196,0
"66a926551ab3748f5d5348aa",55,"experience",10,10,24.2,5.9464274989274,15,33,-0.125669583629514,0
"66a926551ab3748f5d5348aa",56,"experience",20,20,18.5,5.5,10,29,0.398497370398196,0
"66a926551ab3748f5d5348aa",57,"experience",2,2,16,4,12,20,0,0
"66a926551ab3748f5d5348aa",58,"experience",2,2,30,4,26,34,0,0
"66a926551ab3748f5d5348aa",59,"experience",10,10,33.2,5.9464274989274,24,42,-0.125669583629516,0
"66a926551ab3748f5d5348aa",60,"experience",10,10,34.2,5.9464274989274,25,43,-0.125669583629516,0
"66a926551ab3748f5d5348aa",61,"experience",20,20,34.5,5.5,26,45,0.398497370398196,0
"66a926551ab3748f5d5348aa",62,"experience",2,2,20,4,16,24,0,0
"66a926551ab3748f5d5348aa",63,"experience",2,2,24,4,20,28,0,0
"66a926551ab3748f5d5348aa",64,"experience",20,20,20.5,5.5,12,31,0.398497370398196,0
"66a926551ab3748f5d5348aa",65,"experience",2,2,15,4,11,19,0,0
"66a926551ab3748f5d5348aa",66,"experience",2,2,16,4,12,20,0,0
"66a926551ab3748f5d5348aa",67,"experience",2,2,32,4,28,36,0,0
"66a926551ab3748f5d5348aa",68,"experience",20,20,14.5,5.5,6,25,0.398497370398196,0
"66a926551ab3748f5d5348aa",69,"experience",10,10,25.2,5.9464274989274,16,34,-0.125669583629514,0
"66a926551ab3748f5d5348aa",70,"experience",10,10,14.2,5.9464274989274,5,23,-0.125669583629514,0
"66a926551ab3748f5d5348aa",71,"experience",10,10,21.2,5.9464274989274,12,30,-0.125669583629514,0
"66a926551ab3748f5d5348aa",72,"experience",2,2,33,4,29,37,0,0
"66a926551ab3748f5d5348aa",73,"experience",20,20,17.5,5.5,9,28,0.398497370398196,0
"66a926551ab3748f5d5348aa",74,"experience",2,2,31,4,27,35,0,0
"66a926551ab3748f5d5348aa",75,"experience",10,10,20.2,5.9464274989274,11,29,-0.125669583629514,0
"66a926551ab3748f5d5348aa",76,"experience",10,10,21.2,5.9464274989274,12,30,-0.125669583629514,0
"66a926551ab3748f5d5348aa",77,"experience",20,20,16.5,5.5,8,27,0.398497370398196,0
"66a926551ab3748f5d5348aa",78,"experience",20,20,22.5,5.5,14,33,0.398497370398196,0
"66a926551ab3748f5d5348aa",79,"experience",10,10,34.2,5.9464274989274,25,43,-0.125669583629516,0
"66a926551ab3748f5d5348aa",80,"experience",2,2,17,4,13,21,0,0
"66a926551ab3748f5d5348aa",81,"experience",20,20,15.5,5.5,7,26,0.398497370398196,0
"66a926551ab3748f5d5348aa",82,"experience",10,10,34.2,5.9464274989274,25,43,-0.125669583629516,0
"66a926551ab3748f5d5348aa",83,"experience",2,2,35,4,31,39,0,0
"66a926551ab3748f5d5348aa",84,"experience",10,10,27.2,5.9464274989274,18,36,-0.125669583629514,0
"66a926551ab3748f5d5348aa",85,"experience",2,2,23,4,19,27,0,0
"66a926551ab3748f5d5348aa",86,"experience",2,2,19,4,15,23,0,0
"66a926551ab3748f5d5348aa",87,"experience",10,10,27.2,5.9464274989274,18,36,-0.125669583629514,0
"66a926551ab3748f5d5348aa",88,"experience",2,2,28,4,24,32,0,0
"66a926551ab3748f5d5348aa",89,"experience",10,10,33.2,5.9464274989274,24,42,-0.125669583629516,0
"66a926551ab3748f5d5348aa",90,"experience",20,20,29.5,5.5,21,40,0.398497370398196,0
"66a926551ab3748f5d5348aa",91,"experience",2,2,28,4,24,32,0,0
"66a926551ab3748f5d5348aa",92,"experience",20,20,22.5,5.5,14,33,0.398497370398196,0
"66a926551ab3748f5d5348aa",93,"experience",10,10,18.2,5.9464274989274,9,27,-0.125669583629514,0
"66a926551ab3748f5d5348aa",94,"experience",20,20,29.5,5.5,21,40,0.398497370398196,0
"66a926551ab3748f5d5348aa",95,"experience",20,20,31.5,5.5,23,42,0.398497370398196,0
"66a926551ab3748f5d5348aa",96,"experience",10,10,19.2,5.9464274989274,10,28,-0.125669583629514,0
"66a926551ab3748f5d5348aa",97,"experience",10,10,15.2,5.9464274989274,6,24,-0.125669583629514,0
"66a926551ab3748f5d5348aa",98,"experience",2,2,14,4,10,18,0,0
"66a926551ab3748f5d5348aa",99,"experience",10,10,24.2,5.9464274989274,15,33,-0.125669583629514,0
"66a926551ab3748f5d5348aa",100,"experience",2,2,33,4,29,37,0,0
"66a926551ab3748f5d5348aa",101,"experience",20,20,29.5,5.5,21,40,0.398497370398196,0
"66a926551ab3748f5d5348aa",102,"experience",20,20,19.5,5.5,11,30,0.398497370398196,0
"66a926551ab3748f5d5348aa",103,"experience",2,2,20,4,16,24,0,0
"66a926551ab3748f5d5348aa",104,"experience",20,20,12.5,5.5,4,23,0.398497370398196,0
"66a926551ab3748f5d5348aa",105,"experience",10,10,28.2,5.9464274989274,19,37,-0.125669583629514,0
"66a926551ab3748f5d5348aa",106,"experience",20,20,16.5,5.5,8,27,0.398497370398196,0
"66a926551ab3748f5d5348aa",107,"experience",20,20,25.5,5.5,17,36,0.398497370398196,0
"66a926551ab3748f5d5348aa",108,"experience",10,10,29.2,5.9464274989274,20,38,-0.125669583629514,0
"60bd80a54df9675c7f842774",1,"experience",11,11,11.7272727272727,6.34021664515007,2,20,-0.163005916171188,0
"60bd80a54df9675c7f842774",2,"experience",9,9,38.5555555555556,5.88993701364381,31,48,0.319247550401002,0
"60bd80a54df9675c7f842774",3,"experience",10,10,10.9,6.17170964968379,3,20,0.221745391966751,0
"60bd80a54df9675c7f842774",4,"experience",12,12,39.8333333333333,4.72287577176825,32,48,0.0568670838837668,0
"60bd80a54df9675c7f842774",5,"experience",12,12,38,5.93014895821906,29,47,-0.0719274148702477,0
"60bd80a54df9675c7f842774",6,"experience",2,2,41.5,4.5,37,46,0,0
"60bd80a54df9675c7f842774",7,"experience",6,6,7.5,3.98956973452861,2,13,0.118109024239766,0
"60bd80a54df9675c7f842774",8,"experience",5,5,8.2,6.14491659829489,3,20,1.22196911625592,0
"60bd80a54df9675c7f842774",9,"experience",4,4,37,3.74165738677394,33,43,0.687243193489091,0
"60bd80a54df9675c7f842774",10,"experience",12,12,38.75,6.20651539378848,29,48,0.0236583845072736,0
"60bd80a54df9675c7f842774",11,"experience",11,11,38.3636363636364,6.3140928560674,30,48,0.22501050512914,0
"60bd80a54df9675c7f842774",12,"experience",3,3,38.6666666666667,6.34209919681348,30,45,-0.502067527454465,0
"60bd80a54df9675c7f842774",13,"experience",2,2,34,4,30,38,0,0
"60bd80a54df9675c7f842774",14,"experience",20,20,24.5,5.5,16,35,0.398497370398196,0
"60bd80a54df9675c7f842774",15,"experience",20,20,13.5,5.5,5,24,0.398497370398196,0
"60bd80a54df9675c7f842774",16,"experience",2,2,28,4,24,32,0,0
"60bd80a54df9675c7f842774",17,"experience",10,10,14.2,5.9464274989274,5,23,-0.125669583629514,0
"60bd80a54df9675c7f842774",18,"experience",2,2,32,4,28,36,0,0
"60bd80a54df9675c7f842774",19,"experience",20,20,17.5,5.5,9,28,0.398497370398196,0
"60bd80a54df9675c7f842774",20,"experience",10,10,31.2,5.9464274989274,22,40,-0.125669583629514,0
"60bd80a54df9675c7f842774",21,"experience",2,2,24,4,20,28,0,0
"60bd80a54df9675c7f842774",22,"experience",20,20,18.5,5.5,10,29,0.398497370398196,0
"60bd80a54df9675c7f842774",23,"experience",10,10,22.2,5.9464274989274,13,31,-0.125669583629514,0
"60bd80a54df9675c7f842774",24,"experience",2,2,23,4,19,27,0,0
"60bd80a54df9675c7f842774",25,"experience",20,20,28.5,5.5,20,39,0.398497370398196,0
"60bd80a54df9675c7f842774",26,"experience",2,2,25,4,21,29,0,0
"60bd80a54df9675c7f842774",27,"experience",10,10,16.2,5.9464274989274,7,25,-0.125669583629514,0
"60bd80a54df9675c7f842774",28,"experience",2,2,28,4,24,32,0,0
"60bd80a54df9675c7f842774",29,"experience",20,20,21.5,5.5,13,32,0.398497370398196,0
"60bd80a54df9675c7f842774",30,"experience",10,10,20.2,5.9464274989274,11,29,-0.125669583629514,0
"60bd80a54df9675c7f842774",31,"experience",10,10,25.2,5.9464274989274,16,34,-0.125669583629514,0
"60bd80a54df9675c7f842774",32,"experience",20,20,16.5,5.5,8,27,0.398497370398196,0
"60bd80a54df9675c7f842774",33,"experience",20,20,16.5,5.5,8,27,0.398497370398196,0
"60bd80a54df9675c7f842774",34,"experience",2,2,17,4,13,21,0,0
"60bd80a54df9675c7f842774",35,"experience",20,20,28.5,5.5,20,39,0.398497370398196,0
"60bd80a54df9675c7f842774",36,"experience",10,10,23.2,5.9464274989274,14,32,-0.125669583629514,0
"60bd80a54df9675c7f842774",37,"experience",20,20,26.5,5.5,18,37,0.398497370398196,0
"60bd80a54df9675c7f842774",38,"experience",10,10,20.2,5.9464274989274,11,29,-0.125669583629514,0
"60bd80a54df9675c7f842774",39,"experience",10,10,36.2,5.9464274989274,27,45,-0.125669583629516,0
"60bd80a54df9675c7f842774",40,"experience",2,2,30,4,26,34,0,0
"60bd80a54df9675c7f842774",41,"experience",2,2,33,4,29,37,0,0
"60bd80a54df9675c7f842774",42,"experience",10,10,14.2,5.9464274989274,5,23,-0.125669583629514,0
"60bd80a54df9675c7f842774",43,"experience",2,2,32,4,28,36,0,0
"60bd80a54df9675c7f842774",44,"experience",2,2,17,4,13,21,0,0
"60bd80a54df9675c7f842774",45,"experience",10,10,21.2,5.9464274989274,12,30,-0.125669583629514,0
"60bd80a54df9675c7f842774",46,"experience",2,2,32,4,28,36,0,0
"60bd80a54df9675c7f842774",47,"experience",20,20,15.5,5.5,7,26,0.398497370398196,0
"60bd80a54df9675c7f842774",48,"experience",20,20,20.5,5.5,12,31,0.398497370398196,0
"60bd80a54df9675c7f842774",49,"experience",10,10,33.2,5.9464274989274,24,42,-0.125669583629516,0
"60bd80a54df9675c7f842774",50,"experience",20,20,17.5,5.5,9,28,0.398497370398196,0
"60bd80a54df9675c7f842774",51,"experience",10,10,20.2,5.9464274989274,11,29,-0.125669583629514,0
"60bd80a54df9675c7f842774",52,"experience",10,10,18.2,5.9464274989274,9,27,-0.125669583629514,0
"60bd80a54df9675c7f842774",53,"experience",2,2,17,4,13,21,0,0
"60bd80a54df9675c7f842774",54,"experience",10,10,17.2,5.9464274989274,8,26,-0.125669583629514,0
"60bd80a54df9675c7f842774",55,"experience",20,20,28.5,5.5,20,39,0.398497370398196,0
"60bd80a54df9675c7f842774",56,"experience",20,20,20.5,5.5,12,31,0.398497370398196,0
"60bd80a54df9675c7f842774",57,"experience",10,10,17.2,5.9464274989274,8,26,-0.125669583629514,0
"60bd80a54df9675c7f842774",58,"experience",2,2,26,4,22,30,0,0
"60bd80a54df9675c7f842774",59,"experience",20,20,30.5,5.5,22,41,0.398497370398196,0
"60bd80a54df9675c7f842774",60,"experience",2,2,17,4,13,21,0,0
"60bd80a54df9675c7f842774",61,"experience",20,20,12.5,5.5,4,23,0.398497370398196,0
"60bd80a54df9675c7f842774",62,"experience",20,20,12.5,5.5,4,23,0.398497370398196,0
"60bd80a54df9675c7f842774",63,"experience",20,20,33.5,5.5,25,44,0.398497370398196,0
"60bd80a54df9675c7f842774",64,"experience",20,20,25.5,5.5,17,36,0.398497370398196,0
"60bd80a54df9675c7f842774",65,"experience",2,2,35,4,31,39,0,0
"60bd80a54df9675c7f842774",66,"experience",20,20,15.5,5.5,7,26,0.398497370398196,0
"60bd80a54df9675c7f842774",67,"experience",10,10,33.2,5.9464274989274,24,42,-0.125669583629516,0
"60bd80a54df9675c7f842774",68,"experience",2,2,33,4,29,37,0,0
"60bd80a54df9675c7f842774",69,"experience",2,2,23,4,19,27,0,0
"60bd80a54df9675c7f842774",70,"experience",10,10,36.2,5.9464274989274,27,45,-0.125669583629516,0
"60bd80a54df9675c7f842774",71,"experience",20,20,14.5,5.5,6,25,0.398497370398196,0
"60bd80a54df9675c7f842774",72,"experience",20,20,22.5,5.5,14,33,0.398497370398196,0
"60bd80a54df9675c7f842774",73,"experience",10,10,34.2,5.9464274989274,25,43,-0.125669583629516,0
"60bd80a54df9675c7f842774",74,"experience",2,2,21,4,17,25,0,0
"60bd80a54df9675c7f842774",75,"experience",2,2,27,4,23,31,0,0
"60bd80a54df9675c7f842774",76,"experience",20,20,32.5,5.5,24,43,0.398497370398196,0
"60bd80a54df9675c7f842774",77,"experience",10,10,24.2,5.9464274989274,15,33,-0.125669583629514,0
"60bd80a54df9675c7f842774",78,"experience",2,2,14,4,10,18,0,0
"60bd80a54df9675c7f842774",79,"experience",2,2,31,4,27,35,0,0
"60bd80a54df9675c7f842774",80,"experience",10,10,34.2,5.9464274989274,25,43,-0.125669583629516,0
"60bd80a54df9675c7f842774",81,"experience",2,2,29,4,25,33,0,0
"60bd80a54df9675c7f842774",82,"experience",2,2,16,4,12,20,0,0
"60bd80a54df9675c7f842774",83,"experience",10,10,28.2,5.9464274989274,19,37,-0.125669583629514,0
"60bd80a54df9675c7f842774",84,"experience",20,20,13.5,5.5,5,24,0.398497370398196,0
"60bd80a54df9675c7f842774",85,"experience",10,10,34.2,5.9464274989274,25,43,-0.125669583629516,0
"60bd80a54df9675c7f842774",86,"experience",2,2,19,4,15,23,0,0
"60bd80a54df9675c7f842774",87,"experience",2,2,31,4,27,35,0,0
"60bd80a54df9675c7f842774",88,"experience",10,10,34.2,5.9464274989274,25,43,-0.125669583629516,0
"60bd80a54df9675c7f842774",89,"experience",10,10,16.2,5.9464274989274,7,25,-0.125669583629514,0
"60bd80a54df9675c7f842774",90,"experience",10,10,26.2,5.9464274989274,17,35,-0.125669583629514,0
"60bd80a54df9675c7f842774",91,"experience",2,2,31,4,27,35,0,0
"60bd80a54df9675c7f842774",92,"experience",10,10,32.2,5.9464274989274,23,41,-0.125669583629516,0
"60bd80a54df9675c7f842774",93,"experience",10,10,19.2,5.9464274989274,10,28,-0.125669583629514,0
"60bd80a54df9675c7f842774",94,"experience",20,20,21.5,5.5,13,32,0.398497370398196,0
"60bd80a54df9675c7f842774",95,"experience",20,20,31.5,5.5,23,42,0.398497370398196,0
"60bd80a54df9675c7f842774",96,"experience",20,20,22.5,5.5,14,33,0.398497370398196,0
"60bd80a54df9675c7f842774",97,"experience",20,20,22.5,5.5,14,33,0.398497370398196,0
"60bd80a54df9675c7f842774",98,"experience",2,2,15,4,11,19,0,0
"60bd80a54df9675c7f842774",99,"experience",20,20,32.5,5.5,24,43,0.398497370398196,0
"60bd80a54df9675c7f842774",100,"experience",10,10,21.2,5.9464274989274,12,30,-0.125669583629514,0
"60bd80a54df9675c7f842774",101,"experience",20,20,32.5,5.5,24,43,0.398497370398196,0
"60bd80a54df9675c7f842774",102,"experience",2,2,29,4,25,33,0,0
"60bd80a54df9675c7f842774",103,"experience",2,2,33,4,29,37,0,0
"60bd80a54df9675c7f842774",104,"experience",10,10,20.2,5.9464274989274,11,29,-0.125669583629514,0
"60bd80a54df9675c7f842774",105,"experience",20,20,18.5,5.5,10,29,0.398497370398196,0
"60bd80a54df9675c7f842774",106,"experience",10,10,22.2,5.9464274989274,13,31,-0.125669583629514,0
"60bd80a54df9675c7f842774",107,"experience",2,2,29,4,25,33,0,0
"60bd80a54df9675c7f842774",108,"experience",10,10,16.2,5.9464274989274,7,25,-0.125669583629514,0
"58a1fe40ea3d11000170d9b9",1,"experience",2,2,36.5,2.5,34,39,0,0
"58a1fe40ea3d11000170d9b9",2,"experience",2,2,8,5,3,13,0,0
"58a1fe40ea3d11000170d9b9",3,"experience",4,4,38.75,4.81534007106456,35,47,1.08060987725345,0
"58a1fe40ea3d11000170d9b9",4,"experience",10,10,37.7,6.45058136914805,29,47,0.0557955107825426,0
"58a1fe40ea3d11000170d9b9",5,"experience",11,11,9.81818181818182,4.96932740680598,2,19,0.263904432317917,0
"58a1fe40ea3d11000170d9b9",6,"experience",9,9,41.4444444444444,5.45916377623922,30,48,-0.807515368527861,0
"58a1fe40ea3d11000170d9b9",7,"experience",4,4,5.25,2.6809513236909,1,8,-0.656807734499699,1
"58a1fe40ea3d11000170d9b9",8,"experience",6,6,10.5,5.18812747209113,4,19,0.257792682910029,0
"58a1fe40ea3d11000170d9b9",9,"experience",2,2,14,5,9,19,0,0
"58a1fe40ea3d11000170d9b9",10,"experience",8,8,38.5,5.43139024560011,31,47,0.1006390895838,0
"58a1fe40ea3d11000170d9b9",11,"experience",10,10,10.9,6.26817357768593,1,19,-0.247331719183751,1
"58a1fe40ea3d11000170d9b9",12,"experience",2,2,3,2,1,5,0,1
"58a1fe40ea3d11000170d9b9",13,"experience",2,2,24,4,20,28,0,0
"58a1fe40ea3d11000170d9b9",14,"experience",10,10,16.2,5.9464274989274,7,25,-0.125669583629514,0
"58a1fe40ea3d11000170d9b9",15,"experience",10,10,36.2,5.9464274989274,27,45,-0.125669583629516,0
"58a1fe40ea3d11000170d9b9",16,"experience",20,20,12.5,5.5,4,23,0.398497370398196,0
"58a1fe40ea3d11000170d9b9",17,"experience",20,20,13.5,5.5,5,24,0.398497370398196,0
"58a1fe40ea3d11000170d9b9",18,"experience",10,10,14.2,5.9464274989274,5,23,-0.125669583629514,0
"58a1fe40ea3d11000170d9b9",19,"experience",10,10,36.2,5.9464274989274,27,45,-0.125669583629516,0
"58a1fe40ea3d11000170d9b9",20,"experience",2,2,28,4,24,32,0,0
"58a1fe40ea3d11000170d9b9",21,"experience",20,20,14.5,5.5,6,25,0.398497370398196,0
"58a1fe40ea3d11000170d9b9",22,"experience",2,2,14,4,10,18,0,0
"58a1fe40ea3d11000170d9b9",23,"experience",20,20,26.5,5.5,18,37,0.398497370398196,0
"58a1fe40ea3d11000170d9b9",24,"experience",20,20,18.5,5.5,10,29,0.398497370398196,0
"58a1fe40ea3d11000170d9b9",25,"experience",10,10,23.2,5.9464274989274,14,32,-0.125669583629514,0
"58a1fe40ea3d11000170d9b9",26,"experience",2,2,34,4,30,38,0,0
"58a1fe40ea3d11000170d9b9",27,"experience",2,2,21,4,17,25,0,0
"58a1fe40ea3d11000170d9b9",28,"experience",10,10,36.2,5.9464274989274,27,45,-0.125669583629516,0
"58a1fe40ea3d11000170d9b9",29,"experience",2,2,36,4,32,40,0,0
"58a1fe40ea3d11000170d9b9",30,"experience",2,2,22,4,18,26,0,0
"58a1fe40ea3d11000170d9b9",31,"experience",10,10,22.2,5.9464274989274,13,31,-0.125669583629514,0
"58a1fe40ea3d11000170d9b9",32,"experience",10,10,23.2,5.9464274989274,14,32,-0.125669583629514,0
"58a1fe40ea3d11000170d9b9",33,"experience",20,20,34.5,5.5,26,45,0.398497370398196,0
"58a1fe40ea3d11000170d9b9",34,"experience",20,20,14.5,5.5,6,25,0.398497370398196,0
"58a1fe40ea3d11000170d9b9",35,"experience",20,20,26.5,5.5,18,37,0.398497370398196,0
"58a1fe40ea3d11000170d9b9",36,"experience",20,20,33.5,5.5,25,44,0.398497370398196,0
"58a1fe40ea3d11000170d9b9",37,"experience",10,10,23.2,5.9464274989274,14,32,-0.125669583629514,0
"58a1fe40ea3d11000170d9b9",38,"experience",10,10,27.2,5.9464274989274,18,36,-0.125669583629514,0
"58a1fe40ea3d11000170d9b9",39,"experience",2,2,23,4,19,27,0,0
"58a1fe40ea3d11000170d9b9",40,"experience",20,20,23.5,5.5,15,34,0.398497370398196,0
"58a1fe40ea3d11000170d9b9",41,"experience",2,2,36,4,32,40,0,0
"58a1fe40ea3d11000170d9b9",42,"experience",20,20,22.5,5.5,14,33,0.398497370398196,0
"58a1fe40ea3d11000170d9b9",43,"experience",10,10,36.2,5.9464274989274,27,45,-0.125669583629516,0
"58a1fe40ea3d11000170d9b9",44,"experience",2,2,25,4,21,29,0,0
"58a1fe40ea3d11000170d9b9",45,"experience",10,10,33.2,5.9464274989274,24,42,-0.125669583629516,0
"58a1fe40ea3d11000170d9b9",46,"experience",2,2,32,4,28,36,0,0
"58a1fe40ea3d11000170d9b9",47,"experience",20,20,24.5,5.5,16,35,0.398497370398196,0
"58a1fe40ea3d11000170d9b9",48,"experience",20,20,32.5,5.5,24,43,0.398497370398196,0
"58a1fe40ea3d11000170d9b9",49,"experience",20,20,33.5,5.5,25,44,0.398497370398196,0
"58a1fe40ea3d11000170d9b9",50,"experience",2,2,19,4,15,23,0,0
"58a1fe40ea3d11000170d9b9",51,"experience",2,2,26,4,22,30,0,0
"58a1fe40ea3d11000170d9b9",52,"experience",10,10,36.2,5.9464274989274,27,45,-0.125669583629516,0
"58a1fe40ea3d11000170d9b9",53,"experience",2,2,14,4,10,18,0,0
"58a1fe40ea3d11000170d9b9",54,"experience",20,20,33.5,5.5,25,44,0.398497370398196,0
"58a1fe40ea3d11000170d9b9",55,"experience",10,10,27.2,5.9464274989274,18,36,-0.125669583629514,0
"58a1fe40ea3d11000170d9b9",56,"experience",10,10,14.2,5.9464274989274,5,23,-0.125669583629514,0
"58a1fe40ea3d11000170d9b9",57,"experience",10,10,26.2,5.9464274989274,17,35,-0.125669583629514,0
"58a1fe40ea3d11000170d9b9",58,"experience",2,2,23,4,19,27,0,0
"58a1fe40ea3d11000170d9b9",59,"experience",2,2,32,4,28,36,0,0
"58a1fe40ea3d11000170d9b9",60,"experience",20,20,32.5,5.5,24,43,0.398497370398196,0
"58a1fe40ea3d11000170d9b9",61,"experience",20,20,20.5,5.5,12,31,0.398497370398196,0
"58a1fe40ea3d11000170d9b9",62,"experience",2,2,28,4,24,32,0,0
"58a1fe40ea3d11000170d9b9",63,"experience",10,10,27.2,5.9464274989274,18,36,-0.125669583629514,0
"58a1fe40ea3d11000170d9b9",64,"experience",2,2,30,4,26,34,0,0
"58a1fe40ea3d11000170d9b9",65,"experience",20,20,12.5,5.5,4,23,0.398497370398196,0
"58a1fe40ea3d11000170d9b9",66,"experience",10,10,31.2,5.9464274989274,22,40,-0.125669583629514,0
"58a1fe40ea3d11000170d9b9",67,"experience",2,2,17,4,13,21,0,0
"58a1fe40ea3d11000170d9b9",68,"experience",10,10,33.2,5.9464274989274,24,42,-0.125669583629516,0
"58a1fe40ea3d11000170d9b9",69,"experience",2,2,19,4,15,23,0,0
"58a1fe40ea3d11000170d9b9",70,"experience",10,10,18.2,5.9464274989274,9,27,-0.125669583629514,0
"58a1fe40ea3d11000170d9b9",71,"experience",2,2,16,4,12,20,0,0
"58a1fe40ea3d11000170d9b9",72,"experience",2,2,21,4,17,25,0,0
"58a1fe40ea3d11000170d9b9",73,"experience",10,10,17.2,5.9464274989274,8,26,-0.125669583629514,0
"58a1fe40ea3d11000170d9b9",74,"experience",2,2,35,4,31,39,0,0
"58a1fe40ea3d11000170d9b9",75,"experience",10,10,36.2,5.9464274989274,27,45,-0.125669583629516,0
"58a1fe40ea3d11000170d9b9",76,"experience",2,2,30,4,26,34,0,0
"58a1fe40ea3d11000170d9b9",77,"experience",10,10,28.2,5.9464274989274,19,37,-0.125669583629514,0
"58a1fe40ea3d11000170d9b9",78,"experience",2,2,36,4,32,40,0,0
"58a1fe40ea3d11000170d9b9",79,"experience",2,2,15,4,11,19,0,0
"58a1fe40ea3d11000170d9b9",80,"experience",20,20,28.5,5.5,20,39,0.398497370398196,0
"58a1fe40ea3d11000170d9b9",81,"experience",10,10,19.2,5.9464274989274,10,28,-0.125669583629514,0
"58a1fe40ea3d11000170d9b9",82,"experience",10,10,36.2,5.9464274989274,27,45,-0.125669583629516,0
"58a1fe40ea3d11000170d9b9",83,"experience",10,10,19.2,5.9464274989274,10,28,-0.125669583629514,0
"58a1fe40ea3d11000170d9b9",84,"experience",20,20,16.5,5.5,8,27,0.398497370398196,0
"58a1fe40ea3d11000170d9b9",85,"experience",2,2,32,4,28,36,0,0
"58a1fe40ea3d11000170d9b9",86,"experience",2,2,28,4,24,32,0,0
"58a1fe40ea3d11000170d9b9",87,"experience",10,10,29.2,5.9464274989274,20,38,-0.125669583629514,0
"58a1fe40ea3d11000170d9b9",88,"experience",20,20,12.5,5.5,4,23,0.398497370398196,0
"58a1fe40ea3d11000170d9b9",89,"experience",10,10,23.2,5.9464274989274,14,32,-0.125669583629514,0
"58a1fe40ea3d11000170d9b9",90,"experience",10,10,22.2,5.9464274989274,13,31,-0.125669583629514,0
"58a1fe40ea3d11000170d9b9",91,"experience",10,10,31.2,5.9464274989274,22,40,-0.125669583629514,0
"58a1fe40ea3d11000170d9b9",92,"experience",2,2,32,4,28,36,0,0
"58a1fe40ea3d11000170d9b9",93,"experience",20,20,19.5,5.5,11,30,0.398497370398196,0
"58a1fe40ea3d11000170d9b9",94,"experience",2,2,21,4,17,25,0,0
"58a1fe40ea3d11000170d9b9",95,"experience",20,20,25.5,5.5,17,36,0.398497370398196,0
"58a1fe40ea3d11000170d9b9",96,"experience",2,2,31,4,27,35,0,0
"58a1fe40ea3d11000170d9b9",97,"experience",20,20,19.5,5.5,11,30,0.398497370398196,0
"58a1fe40ea3d11000170d9b9",98,"experience",2,2,34,4,30,38,0,0
"58a1fe40ea3d11000170d9b9",99,"experience",20,20,26.5,5.5,18,37,0.398497370398196,0
"58a1fe40ea3d11000170d9b9",100,"experience",20,20,17.5,5.5,9,28,0.398497370398196,0
"58a1fe40ea3d11000170d9b9",101,"experience",20,20,16.5,5.5,8,27,0.398497370398196,0
"58a1fe40ea3d11000170d9b9",102,"experience",20,20,34.5,5.5,26,45,0.398497370398196,0
"58a1fe40ea3d11000170d9b9",103,"experience",20,20,15.5,5.5,7,26,0.398497370398196,0
"58a1fe40ea3d11000170d9b9",104,"experience",20,20,24.5,5.5,16,35,0.398497370398196,0
"58a1fe40ea3d11000170d9b9",105,"experience",20,20,31.5,5.5,23,42,0.398497370398196,0
"58a1fe40ea3d11000170d9b9",106,"experience",20,20,21.5,5.5,13,32,0.398497370398196,0
"58a1fe40ea3d11000170d9b9",107,"experience",10,10,20.2,5.9464274989274,11,29,-0.125669583629514,0
"58a1fe40ea3d11000170d9b9",108,"experience",10,10,35.2,5.9464274989274,26,44,-0.125669583629516,0
"67d9625169884c7fdecaf0a6",1,"experience",4,4,40.75,5.35607132140714,33,48,-0.134841785869364,0
"67d9625169884c7fdecaf0a6",2,"experience",5,5,12.6,6.37495098020369,1,20,-0.859849131391593,1
"67d9625169884c7fdecaf0a6",3,"experience",2,2,13,7,6,20,0,0
"67d9625169884c7fdecaf0a6",4,"experience",7,7,11.8571428571429,4.99795876701026,4,18,-0.54013647526501,0
"67d9625169884c7fdecaf0a6",5,"experience",11,11,9.54545454545454,5.58184779382136,1,19,0.351997026690276,1
"67d9625169884c7fdecaf0a6",6,"experience",6,6,39,6.92820323027551,30,48,0.0330773591723223,0
"67d9625169884c7fdecaf0a6",7,"experience",11,11,37.4545454545455,4.79324593689602,30,45,0.0853064307158575,0
"67d9625169884c7fdecaf0a6",8,"experience",10,10,10.1,6.23618473106755,1,19,-0.0922295817871881,1
"67d9625169884c7fdecaf0a6",9,"experience",11,11,11.2727272727273,5.57740423642835,3,20,0.0622534811822493,0
"67d9625169884c7fdecaf0a6",10,"experience",9,9,38.4444444444444,7.54410897634131,29,48,0.0492324275685128,0
"67d9625169884c7fdecaf0a6",11,"experience",10,10,11.7,6.1,1,20,-0.392913944338953,1
"67d9625169884c7fdecaf0a6",12,"experience",3,3,38.3333333333333,4.64279609239471,32,43,-0.492208428330719,0
"67d9625169884c7fdecaf0a6",13,"experience",2,2,22,4,18,26,0,0
"67d9625169884c7fdecaf0a6",14,"experience",20,20,16.5,5.5,8,27,0.398497370398196,0
"67d9625169884c7fdecaf0a6",15,"experience",2,2,35,4,31,39,0,0
"67d9625169884c7fdecaf0a6",16,"experience",2,2,18,4,14,22,0,0
"67d9625169884c7fdecaf0a6",17,"experience",20,20,23.5,5.5,15,34,0.398497370398196,0
"67d9625169884c7fdecaf0a6",18,"experience",20,20,15.5,5.5,7,26,0.398497370398196,0
"67d9625169884c7fdecaf0a6",19,"experience",2,2,16,4,12,20,0,0
"67d9625169884c7fdecaf0a6",20,"experience",10,10,25.2,5.9464274989274,16,34,-0.125669583629514,0
"67d9625169884c7fdecaf0a6",21,"experience",10,10,34.2,5.9464274989274,25,43,-0.125669583629516,0
"67d9625169884c7fdecaf0a6",22,"experience",2,2,31,4,27,35,0,0
"67d9625169884c7fdecaf0a6",23,"experience",20,20,25.5,5.5,17,36,0.398497370398196,0
"67d9625169884c7fdecaf0a6",24,"experience",2,2,24,4,20,28,0,0
"67d9625169884c7fdecaf0a6",25,"experience",20,20,21.5,5.5,13,32,0.398497370398196,0
"67d9625169884c7fdecaf0a6",26,"experience",20,20,29.5,5.5,21,40,0.398497370398196,0
"67d9625169884c7fdecaf0a6",27,"experience",10,10,34.2,5.9464274989274,25,43,-0.125669583629516,0
"67d9625169884c7fdecaf0a6",28,"experience",10,10,17.2,5.9464274989274,8,26,-0.125669583629514,0
"67d9625169884c7fdecaf0a6",29,"experience",2,2,20,4,16,24,0,0
"67d9625169884c7fdecaf0a6",30,"experience",2,2,34,4,30,38,0,0
"67d9625169884c7fdecaf0a6",31,"experience",10,10,31.2,5.9464274989274,22,40,-0.125669583629514,0
"67d9625169884c7fdecaf0a6",32,"experience",20,20,22.5,5.5,14,33,0.398497370398196,0
"67d9625169884c7fdecaf0a6",33,"experience",20,20,19.5,5.5,11,30,0.398497370398196,0
"67d9625169884c7fdecaf0a6",34,"experience",10,10,14.2,5.9464274989274,5,23,-0.125669583629514,0
"67d9625169884c7fdecaf0a6",35,"experience",20,20,31.5,5.5,23,42,0.398497370398196,0
"67d9625169884c7fdecaf0a6",36,"experience",20,20,29.5,5.5,21,40,0.398497370398196,0
"67d9625169884c7fdecaf0a6",37,"experience",10,10,32.2,5.9464274989274,23,41,-0.125669583629516,0
"67d9625169884c7fdecaf0a6",38,"experience",20,20,16.5,5.5,8,27,0.398497370398196,0
"67d9625169884c7fdecaf0a6",39,"experience",2,2,35,4,31,39,0,0
"67d9625169884c7fdecaf0a6",40,"experience",10,10,16.2,5.9464274989274,7,25,-0.125669583629514,0
"67d9625169884c7fdecaf0a6",41,"experience",20,20,30.5,5.5,22,41,0.398497370398196,0
"67d9625169884c7fdecaf0a6",42,"experience",20,20,29.5,5.5,21,40,0.398497370398196,0
"67d9625169884c7fdecaf0a6",43,"experience",10,10,25.2,5.9464274989274,16,34,-0.125669583629514,0
"67d9625169884c7fdecaf0a6",44,"experience",10,10,27.2,5.9464274989274,18,36,-0.125669583629514,0
"67d9625169884c7fdecaf0a6",45,"experience",2,2,29,4,25,33,0,0
"67d9625169884c7fdecaf0a6",46,"experience",10,10,29.2,5.9464274989274,20,38,-0.125669583629514,0
"67d9625169884c7fdecaf0a6",47,"experience",2,2,20,4,16,24,0,0
"67d9625169884c7fdecaf0a6",48,"experience",10,10,32.2,5.9464274989274,23,41,-0.125669583629516,0
"67d9625169884c7fdecaf0a6",49,"experience",20,20,14.5,5.5,6,25,0.398497370398196,0
"67d9625169884c7fdecaf0a6",50,"experience",2,2,27,4,23,31,0,0
"67d9625169884c7fdecaf0a6",51,"experience",2,2,30,4,26,34,0,0
"67d9625169884c7fdecaf0a6",52,"experience",2,2,24,4,20,28,0,0
"67d9625169884c7fdecaf0a6",53,"experience",2,2,36,4,32,40,0,0
"67d9625169884c7fdecaf0a6",54,"experience",20,20,32.5,5.5,24,43,0.398497370398196,0
"67d9625169884c7fdecaf0a6",55,"experience",20,20,30.5,5.5,22,41,0.398497370398196,0
"67d9625169884c7fdecaf0a6",56,"experience",2,2,20,4,16,24,0,0
"67d9625169884c7fdecaf0a6",57,"experience",10,10,14.2,5.9464274989274,5,23,-0.125669583629514,0
"67d9625169884c7fdecaf0a6",58,"experience",10,10,20.2,5.9464274989274,11,29,-0.125669583629514,0
"67d9625169884c7fdecaf0a6",59,"experience",10,10,35.2,5.9464274989274,26,44,-0.125669583629516,0
"67d9625169884c7fdecaf0a6",60,"experience",10,10,25.2,5.9464274989274,16,34,-0.125669583629514,0
"67d9625169884c7fdecaf0a6",61,"experience",2,2,28,4,24,32,0,0
"67d9625169884c7fdecaf0a6",62,"experience",2,2,31,4,27,35,0,0
"67d9625169884c7fdecaf0a6",63,"experience",2,2,21,4,17,25,0,0
"67d9625169884c7fdecaf0a6",64,"experience",2,2,32,4,28,36,0,0
"67d9625169884c7fdecaf0a6",65,"experience",10,10,17.2,5.9464274989274,8,26,-0.125669583629514,0
"67d9625169884c7fdecaf0a6",66,"experience",2,2,17,4,13,21,0,0
"67d9625169884c7fdecaf0a6",67,"experience",2,2,33,4,29,37,0,0
"67d9625169884c7fdecaf0a6",68,"experience",20,20,31.5,5.5,23,42,0.398497370398196,0
"67d9625169884c7fdecaf0a6",69,"experience",2,2,24,4,20,28,0,0
"67d9625169884c7fdecaf0a6",70,"experience",10,10,24.2,5.9464274989274,15,33,-0.125669583629514,0
"67d9625169884c7fdecaf0a6",71,"experience",2,2,34,4,30,38,0,0
"67d9625169884c7fdecaf0a6",72,"experience",10,10,22.2,5.9464274989274,13,31,-0.125669583629514,0
"67d9625169884c7fdecaf0a6",73,"experience",20,20,17.5,5.5,9,28,0.398497370398196,0
"67d9625169884c7fdecaf0a6",74,"experience",10,10,30.2,5.9464274989274,21,39,-0.125669583629514,0
"67d9625169884c7fdecaf0a6",75,"experience",10,10,36.2,5.9464274989274,27,45,-0.125669583629516,0
"67d9625169884c7fdecaf0a6",76,"experience",20,20,34.5,5.5,26,45,0.398497370398196,0
"67d9625169884c7fdecaf0a6",77,"experience",2,2,25,4,21,29,0,0
"67d9625169884c7fdecaf0a6",78,"experience",20,20,12.5,5.5,4,23,0.398497370398196,0
"67d9625169884c7fdecaf0a6",79,"experience",20,20,12.5,5.5,4,23,0.398497370398196,0
"67d9625169884c7fdecaf0a6",80,"experience",2,2,16,4,12,20,0,0
"67d9625169884c7fdecaf0a6",81,"experience",10,10,33.2,5.9464274989274,24,42,-0.125669583629516,0
"67d9625169884c7fdecaf0a6",82,"experience",2,2,32,4,28,36,0,0
"67d9625169884c7fdecaf0a6",83,"experience",20,20,24.5,5.5,16,35,0.398497370398196,0
"67d9625169884c7fdecaf0a6",84,"experience",20,20,28.5,5.5,20,39,0.398497370398196,0
"67d9625169884c7fdecaf0a6",85,"experience",10,10,31.2,5.9464274989274,22,40,-0.125669583629514,0
"67d9625169884c7fdecaf0a6",86,"experience",20,20,31.5,5.5,23,42,0.398497370398196,0
"67d9625169884c7fdecaf0a6",87,"experience",20,20,22.5,5.5,14,33,0.398497370398196,0
"67d9625169884c7fdecaf0a6",88,"experience",20,20,34.5,5.5,26,45,0.398497370398196,0
"67d9625169884c7fdecaf0a6",89,"experience",10,10,33.2,5.9464274989274,24,42,-0.125669583629516,0
"67d9625169884c7fdecaf0a6",90,"experience",10,10,17.2,5.9464274989274,8,26,-0.125669583629514,0
"67d9625169884c7fdecaf0a6",91,"experience",20,20,14.5,5.5,6,25,0.398497370398196,0
"67d9625169884c7fdecaf0a6",92,"experience",20,20,23.5,5.5,15,34,0.398497370398196,0
"67d9625169884c7fdecaf0a6",93,"experience",10,10,33.2,5.9464274989274,24,42,-0.125669583629516,0
"67d9625169884c7fdecaf0a6",94,"experience",20,20,26.5,5.5,18,37,0.398497370398196,0
"67d9625169884c7fdecaf0a6",95,"experience",20,20,27.5,5.5,19,38,0.398497370398196,0
"67d9625169884c7fdecaf0a6",96,"experience",10,10,14.2,5.9464274989274,5,23,-0.125669583629514,0
"67d9625169884c7fdecaf0a6",97,"experience",10,10,29.2,5.9464274989274,20,38,-0.125669583629514,0
"67d9625169884c7fdecaf0a6",98,"experience",2,2,16,4,12,20,0,0
"67d9625169884c7fdecaf0a6",99,"experience",10,10,27.2,5.9464274989274,18,36,-0.125669583629514,0
"67d9625169884c7fdecaf0a6",100,"experience",10,10,30.2,5.9464274989274,21,39,-0.125669583629514,0
"67d9625169884c7fdecaf0a6",101,"experience",2,2,28,4,24,32,0,0
"67d9625169884c7fdecaf0a6",102,"experience",2,2,22,4,18,26,0,0
"67d9625169884c7fdecaf0a6",103,"experience",2,2,28,4,24,32,0,0
"67d9625169884c7fdecaf0a6",104,"experience",10,10,14.2,5.9464274989274,5,23,-0.125669583629514,0
"67d9625169884c7fdecaf0a6",105,"experience",10,10,18.2,5.9464274989274,9,27,-0.125669583629514,0
"67d9625169884c7fdecaf0a6",106,"experience",2,2,19,4,15,23,0,0
"67d9625169884c7fdecaf0a6",107,"experience",20,20,15.5,5.5,7,26,0.398497370398196,0
"67d9625169884c7fdecaf0a6",108,"experience",20,20,29.5,5.5,21,40,0.398497370398196,0
