"participant_id","trial","condition","array_length","n_items","shown_mean","item_sd","item_min","item_max","skew","n_at_edge"
"67ad0557981df85a8b4f3fb5",1,"average",10,10,37.6,4.8,31,48,0.632161458333332,0
"67ad0557981df85a8b4f3fb5",2,"average",11,11,8.90909090909091,5.08928545537397,1,17,0.0280766908022087,1
"67ad0557981df85a8b4f3fb5",3,"average",7,7,10.8571428571429,4.70345075232981,2,17,-0.53628791461611,0
"67ad0557981df85a8b4f3fb5",4,"average",7,7,37.1428571428571,5.05480171798689,29,46,0.195032617399282,0
"67ad0557981df85a8b4f3fb5",5,"average",4,4,8.75,3.76662979332984,5,15,0.868395698436968,0
"67ad0557981df85a8b4f3fb5",6,"average",2,2,7,1,6,8,0,0
"67ad0557981df85a8b4f3fb5",7,"average",5,5,12.4,5.67802782663136,5,18,-0.379941797596908,0
"67ad0557981df85a8b4f3fb5",8,"average",8,8,10.75,5.60691537300145,1,20,-0.0973308155766094,1
"67ad0557981df85a8b4f3fb5",9,"average",10,10,37.7,6.29364759102383,29,48,0.0215651258246456,0
"67ad0557981df85a8b4f3fb5",10,"average",2,2,8,2,6,10,0,0
"67ad0557981df85a8b4f3fb5",11,"average",2,2,8,1,7,9,0,0
"67ad0557981df85a8b4f3fb5",12,"average",7,7,9.85714285714286,6.49018096662888,2,20,0.156446400142889,0
"67ad0557981df85a8b4f3fb5",13,"average",11,11,9.63636363636364,6.00413080943941,1,20,0.175195127122967,1
"67ad0557981df85a8b4f3fb5",14,"average",11,11,11.5454545454545,6.12541110106292,1,20,-0.296329199110242,1
"67ad0557981df85a8b4f3fb5",15,"average",5,5,6.2,3.42928563989645,2,11,0.127354422972692,0
"67ad0557981df85a8b4f3fb5",16,"average",7,7,39.5714285714286,6.71580529916752,29,48,-0.273799591077339,0
"67ad0557981df85a8b4f3fb5",17,"average",3,3,37.3333333333333,4.18993502999218,33,43,0.445109265323634,0
"67ad0557981df85a8b4f3fb5",18,"average",4,4,37.25,4.9180788932265,31,43,-0.0748700991297026,0
"67ad0557981df85a8b4f3fb5",19,"average",8,8,38.125,5.62222153601225,29,46,-0.0660072293592341,0
"67ad0557981df85a8b4f3fb5",20,"average",6,6,10,5.77350269189626,1,19,-0.0779422863405995,1
"67ad0557981df85a8b4f3fb5",21,"average",2,2,29,4,25,33,0,0
"67ad0557981df85a8b4f3fb5",22,"average",2,2,30,4,26,34,0,0
"67ad0557981df85a8b4f3fb5",23,"average",12,12,24.3333333333333,5.45180907793204,15,33,-0.206282093856245,0
"67ad0557981df85a8b4f3fb5",24,"average",6,6,24,4.32049379893857,18,30,0,0
"67ad0557981df85a8b4f3fb5",25,"average",6,6,27,4.32049379893857,21,33,0,0
"67ad0557981df85a8b4f3fb5",26,"average",6,6,21,4.32049379893857,15,27,0,0
"67ad0557981df85a8b4f3fb5",27,"average",2,2,21,4,17,25,0,0
"67ad0557981df85a8b4f3fb5",28,"average",8,8,16,5.47722557505166,8,24,0,0
"67ad0557981df85a8b4f3fb5",29,"average",12,12,17.3333333333333,5.45180907793204,8,26,-0.206282093856245,0
"67ad0557981df85a8b4f3fb5",30,"average",8,8,20,5.47722557505166,12,28,0,0
"67ad0557981df85a8b4f3fb5",31,"average",8,8,24,5.47722557505166,16,32,0,0
"67ad0557981df85a8b4f3fb5",32,"average",8,8,29,5.47722557505166,21,37,0,0
"67ad0557981df85a8b4f3fb5",33,"average",12,12,35.3333333333333,5.45180907793204,26,44,-0.206282093856247,0
"67ad0557981df85a8b4f3fb5",34,"average",12,12,24.3333333333333,5.45180907793204,15,33,-0.206282093856245,0
"67ad0557981df85a8b4f3fb5",35,"average",8,8,26,5.47722557505166,18,34,0,0
"67ad0557981df85a8b4f3fb5",36,"average",2,2,25,4,21,29,0,0
"67ad0557981df85a8b4f3fb5",37,"average",2,2,16,4,12,20,0,0
"67ad0557981df85a8b4f3fb5",38,"average",8,8,19,5.47722557505166,11,27,0,0
"67ad0557981df85a8b4f3fb5",39,"average",6,6,29,4.32049379893857,23,35,0,0
"67ad0557981df85a8b4f3fb5",40,"average",12,12,31.3333333333333,5.45180907793204,22,40,-0.206282093856245,0
"67ad0557981df85a8b4f3fb5",41,"average",12,12,30.3333333333333,5.45180907793204,21,39,-0.206282093856245,0
"67ad0557981df85a8b4f3fb5",42,"average",2,2,29,4,25,33,0,0
"67ad0557981df85a8b4f3fb5",43,"average",8,8,35,5.47722557505166,27,43,0,0
"67ad0557981df85a8b4f3fb5",44,"average",2,2,36,4,32,40,0,0
"67ad0557981df85a8b4f3fb5",45,"average",2,2,33,4,29,37,0,0
"67ad0557981df85a8b4f3fb5",46,"average",12,12,19.3333333333333,5.45180907793204,10,28,-0.206282093856245,0
"67ad0557981df85a8b4f3fb5",47,"average",2,2,23,4,19,27,0,0
"67ad0557981df85a8b4f3fb5",48,"average",12,12,17.3333333333333,5.45180907793204,8,26,-0.206282093856245,0
"67ad0557981df85a8b4f3fb5",49,"average",12,12,31.3333333333333,5.45180907793204,22,40,-0.206282093856245,0
"67ad0557981df85a8b4f3fb5",50,"average",8,8,30,5.47722557505166,22,38,0,0
"67ad0557981df85a8b4f3fb5",51,"average",6,6,14,4.32049379893857,8,20,0,0
"67ad0557981df85a8b4f3fb5",52,"average",12,12,22.3333333333333,5.45180907793204,13,31,-0.206282093856245,0
"67ad0557981df85a8b4f3fb5",53,"average",6,6,19,4.32049379893857,13,25,0,0
"67ad0557981df85a8b4f3fb5",54,"average",6,6,32,4.32049379893857,26,38,0,0
"67ad0557981df85a8b4f3fb5",55,"average",12,12,34.3333333333333,5.45180907793204,25,43,-0.206282093856247,0
"67ad0557981df85a8b4f3fb5",56,"average",8,8,15,5.47722557505166,7,23,0,0
"67ad0557981df85a8b4f3fb5",57,"average",6,6,27,4.32049379893857,21,33,0,0
"67ad0557981df85a8b4f3fb5",58,"average",2,2,28,4,24,32,0,0
"67ad0557981df85a8b4f3fb5",59,"average",2,2,25,4,21,29,0,0
"67ad0557981df85a8b4f3fb5",60,"average",6,6,15,4.32049379893857,9,21,0,0
"67ad0557981df85a8b4f3fb5",61,"average",6,6,29,4.32049379893857,23,35,0,0
"67ad0557981df85a8b4f3fb5",62,"average",6,6,15,4.32049379893857,9,21,0,0
"67ad0557981df85a8b4f3fb5",63,"average",2,2,31,4,27,35,0,0
"67ad0557981df85a8b4f3fb5",64,"average",12,12,27.3333333333333,5.45180907793204,18,36,-0.206282093856245,0
"67ad0557981df85a8b4f3fb5",65,"average",8,8,30,5.47722557505166,22,38,0,0
"67ad0557981df85a8b4f3fb5",66,"average",6,6,36,4.32049379893857,30,42,0,0
"67ad0557981df85a8b4f3fb5",67,"average",8,8,23,5.47722557505166,15,31,0,0
"67ad0557981df85a8b4f3fb5",68,"average",8,8,24,5.47722557505166,16,32,0,0
"67ad0557981df85a8b4f3fb5",69,"average",12,12,14.3333333333333,5.45180907793204,5,23,-0.206282093856245,0
"67ad0557981df85a8b4f3fb5",70,"average",12,12,26.3333333333333,5.45180907793204,17,35,-0.206282093856245,0
"67ad0557981df85a8b4f3fb5",71,"average",12,12,32.3333333333333,5.45180907793204,23,41,-0.206282093856247,0
"67ad0557981df85a8b4f3fb5",72,"average",6,6,34,4.32049379893857,28,40,0,0
"67ad0557981df85a8b4f3fb5",73,"average",2,2,23,4,19,27,0,0
"67ad0557981df85a8b4f3fb5",74,"average",12,12,19.3333333333333,5.45180907793204,10,28,-0.206282093856245,0
"67ad0557981df85a8b4f3fb5",75,"average",8,8,35,5.47722557505166,27,43,0,0
"67ad0557981df85a8b4f3fb5",76,"average",8,8,34,5.47722557505166,26,42,0,0
"67ad0557981df85a8b4f3fb5",77,"average",12,12,18.3333333333333,5.45180907793204,9,27,-0.206282093856245,0
"67ad0557981df85a8b4f3fb5",78,"average",6,6,23,4.32049379893857,17,29,0,0
"67ad0557981df85a8b4f3fb5",79,"average",2,2,19,4,15,23,0,0
"67ad0557981df85a8b4f3fb5",80,"average",6,6,25,4.32049379893857,19,31,0,0
"67ad0557981df85a8b4f3fb5",81,"average",6,6,23,4.32049379893857,17,29,0,0
"67ad0557981df85a8b4f3fb5",82,"average",6,6,32,4.32049379893857,26,38,0,0
"67ad0557981df85a8b4f3fb5",83,"average",12,12,32.3333333333333,5.45180907793204,23,41,-0.206282093856247,0
"67ad0557981df85a8b4f3fb5",84,"average",12,12,23.3333333333333,5.45180907793204,14,32,-0.206282093856245,0
"67ad0557981df85a8b4f3fb5",85,"average",8,8,23,5.47722557505166,15,31,0,0
"67ad0557981df85a8b4f3fb5",86,"average",6,6,21,4.32049379893857,15,27,0,0
"67ad0557981df85a8b4f3fb5",87,"average",6,6,36,4.32049379893857,30,42,0,0
"67ad0557981df85a8b4f3fb5",88,"average",2,2,16,4,12,20,0,0
"67ad0557981df85a8b4f3fb5",89,"average",2,2,34,4,30,38,0,0
"67ad0557981df85a8b4f3fb5",90,"average",6,6,20,4.32049379893857,14,26,0,0
"67ad0557981df85a8b4f3fb5",91,"average",2,2,23,4,19,27,0,0
"67ad0557981df85a8b4f3fb5",92,"average",2,2,16,4,12,20,0,0
"67ad0557981df85a8b4f3fb5",93,"average",2,2,24,4,20,28,0,0
"67ad0557981df85a8b4f3fb5",94,"average",12,12,35.3333333333333,5.45180907793204,26,44,-0.206282093856247,0
"67ad0557981df85a8b4f3fb5",95,"average",8,8,22,5.47722557505166,14,30,0,0
"67ad0557981df85a8b4f3fb5",96,"average",2,2,21,4,17,25,0,0
"67ad0557981df85a8b4f3fb5",97,"average",2,2,33,4,29,37,0,0
"67ad0557981df85a8b4f3fb5",98,"average",6,6,23,4.32049379893857,17,29,0,0
"67ad0557981df85a8b4f3fb5",99,"average",8,8,22,5.47722557505166,14,30,0,0
"67ad0557981df85a8b4f3fb5",100,"average",2,2,20,4,16,24,0,0
"67ad0557981df85a8b4f3fb5",101,"average",2,2,17,4,13,21,0,0
"67ad0557981df85a8b4f3fb5",102,"average",8,8,31,5.47722557505166,23,39,0,0
"67ad0557981df85a8b4f3fb5",103,"average",8,8,28,5.47722557505166,20,36,0,0
"67ad0557981df85a8b4f3fb5",104,"average",12,12,33.3333333333333,5.45180907793204,24,42,-0.206282093856247,0
"67ad0557981df85a8b4f3fb5",105,"average",12,12,15.3333333333333,5.45180907793204,6,24,-0.206282093856245,0
"67ad0557981df85a8b4f3fb5",106,"average",8,8,29,5.47722557505166,21,37,0,0
"67ad0557981df85a8b4f3fb5",107,"average",2,2,17,4,13,21,0,0
"67ad0557981df85a8b4f3fb5",108,"average",6,6,17,4.32049379893857,11,23,0,0
"67ad0557981df85a8b4f3fb5",109,"average",12,12,17.3333333333333,5.45180907793204,8,26,-0.206282093856245,0
"67ad0557981df85a8b4f3fb5",110,"average",6,6,19,4.32049379893857,13,25,0,0
"67ad0557981df85a8b4f3fb5",111,"average",8,8,23,5.47722557505166,15,31,0,0
"67ad0557981df85a8b4f3fb5",112,"average",6,6,27,4.32049379893857,21,33,0,0
"67ad0557981df85a8b4f3fb5",113,"average",8,8,29,5.47722557505166,21,37,0,0
"67ad0557981df85a8b4f3fb5",114,"average",12,12,23.3333333333333,5.45180907793204,14,32,-0.206282093856245,0
"67ad0557981df85a8b4f3fb5",115,"average",8,8,28,5.47722557505166,20,36,0,0
"67ad0557981df85a8b4f3fb5",116,"average",8,8,21,5.47722557505166,13,29,0,0
"67d8b5e7ceb82869824198a2",1,"average",4,4,13.5,4.27200187265877,8,19,0,0
"67d8b5e7ceb82869824198a2",2,"average",10,10,35.3,4.05092582010582,29,41,-0.127806114594809,0
"67d8b5e7ceb82869824198a2",3,"average",12,12,38.1666666666667,6.41396046829795,29,48,0.0477239427721314,0
"67d8b5e7ceb82869824198a2",4,"average",5,5,38,4,32,43,-0.28125,0
"67d8b5e7ceb82869824198a2",5,"average",7,7,40,4.95695759225642,33,47,0.16889579681566,0
"67d8b5e7ceb82869824198a2",6,"average",8,8,12.375,6.01949956391725,4,20,-0.274818373842379,0
"67d8b5e7ceb82869824198a2",7,"average",12,12,39.25,5.37160745649444,30,48,0.00705675861297084,0
"67d8b5e7ceb82869824198a2",8,"average",2,2,13,6,7,19,0,0
"67d8b5e7ceb82869824198a2",9,"average",3,3,9,4.96655480858378,2,13,-0.685667537488922,0
"67d8b5e7ceb82869824198a2",10,"average",5,5,34.2,3.86781592116274,29,40,0.221490502505886,0
"67d8b5e7ceb82869824198a2",11,"average",5,5,15,2.60768096208106,11,18,-0.406040288213314,0
"67d8b5e7ceb82869824198a2",12,"average",12,12,11.5,5.82380173655205,3,20,0.0607521289036574,0
"67d8b5e7ceb82869824198a2",13,"average",11,11,39.7272727272727,5.54470933890069,29,47,-0.586673232534959,0
"67d8b5e7ceb82869824198a2",14,"average",9,9,11,3.36650164612069,6,16,0,0
"67d8b5e7ceb82869824198a2",15,"average",12,12,10.9166666666667,6.26442779155092,1,20,-0.143478143636592,1
"67d8b5e7ceb82869824198a2",16,"average",5,5,6.6,6.65131565932636,1,19,1.0805351116394,1
"67d8b5e7ceb82869824198a2",17,"average",9,9,37.8888888888889,5.60643369401905,30,47,0.26312056827232,0
"67d8b5e7ceb82869824198a2",18,"average",9,9,9.33333333333333,5.3748384988657,2,19,0.554339852279462,0
"67d8b5e7ceb82869824198a2",19,"average",5,5,42.4,4.27083130081252,35,47,-0.677176188768605,0
"67d8b5e7ceb82869824198a2",20,"average",9,9,11,6.20035841257942,1,20,-0.0251710229920278,1
"67d8b5e7ceb82869824198a2",21,"average",8,8,24,5.47722557505166,16,32,0,0
"67d8b5e7ceb82869824198a2",22,"average",2,2,21,4,17,25,0,0
"67d8b5e7ceb82869824198a2",23,"average",2,2,36,4,32,40,0,0
"67d8b5e7ceb82869824198a2",24,"average",6,6,32,4.32049379893857,26,38,0,0
"67d8b5e7ceb82869824198a2",25,"average",6,6,35,4.32049379893857,29,41,0,0
"67d8b5e7ceb82869824198a2",26,"average",12,12,26.3333333333333,5.45180907793204,17,35,-0.206282093856245,0
"67d8b5e7ceb82869824198a2",27,"average",6,6,36,4.32049379893857,30,42,0,0
"67d8b5e7ceb82869824198a2",28,"average",12,12,25.3333333333333,5.45180907793204,16,34,-0.206282093856245,0
"67d8b5e7ceb82869824198a2",29,"average",2,2,19,4,15,23,0,0
"67d8b5e7ceb82869824198a2",30,"average",12,12,27.3333333333333,5.45180907793204,18,36,-0.206282093856245,0
"67d8b5e7ceb82869824198a2",31,"average",12,12,31.3333333333333,5.45180907793204,22,40,-0.206282093856245,0
"67d8b5e7ceb82869824198a2",32,"average",8,8,14,5.47722557505166,6,22,0,0
"67d8b5e7ceb82869824198a2",33,"average",12,12,22.3333333333333,5.45180907793204,13,31,-0.206282093856245,0
"67d8b5e7ceb82869824198a2",34,"average",12,12,23.3333333333333,5.45180907793204,14,32,-0.206282093856245,0
"67d8b5e7ceb82869824198a2",35,"average",12,12,24.3333333333333,5.45180907793204,15,33,-0.206282093856245,0
"67d8b5e7ceb82869824198a2",36,"average",6,6,31,4.32049379893857,25,37,0,0
"67d8b5e7ceb82869824198a2",37,"average",12,12,22.3333333333333,5.45180907793204,13,31,-0.206282093856245,0
"67d8b5e7ceb82869824198a2",38,"average",2,2,36,4,32,40,0,0
"67d8b5e7ceb82869824198a2",39,"average",12,12,31.3333333333333,5.45180907793204,22,40,-0.206282093856245,0
"67d8b5e7ceb82869824198a2",40,"average",8,8,25,5.47722557505166,17,33,0,0
"67d8b5e7ceb82869824198a2",41,"average",6,6,24,4.32049379893857,18,30,0,0
"67d8b5e7ceb82869824198a2",42,"average",8,8,34,5.47722557505166,26,42,0,0
"67d8b5e7ceb82869824198a2",43,"average",8,8,35,5.47722557505166,27,43,0,0
"67d8b5e7ceb82869824198a2",44,"average",12,12,25.3333333333333,5.45180907793204,16,34,-0.206282093856245,0
"67d8b5e7ceb82869824198a2",45,"average",12,12,29.3333333333333,5.45180907793204,20,38,-0.206282093856245,0
"67d8b5e7ceb82869824198a2",46,"average",8,8,20,5.47722557505166,12,28,0,0
"67d8b5e7ceb82869824198a2",47,"average",2,2,22,4,18,26,0,0
"67d8b5e7ceb82869824198a2",48,"average",8,8,33,5.47722557505166,25,41,0,0
"67d8b5e7ceb82869824198a2",49,"average",2,2,32,4,28,36,0,0
"67d8b5e7ceb82869824198a2",50,"average",6,6,33,4.32049379893857,27,39,0,0
"67d8b5e7ceb82869824198a2",51,"average",2,2,31,4,27,35,0,0
"67d8b5e7ceb82869824198a2",52,"average",2,2,30,4,26,34,0,0
"67d8b5e7ceb82869824198a2",53,"average",6,6,21,4.32049379893857,15,27,0,0
"67d8b5e7ceb82869824198a2",54,"average",6,6,17,4.32049379893857,11,23,0,0
"67d8b5e7ceb82869824198a2",55,"average",2,2,35,4,31,39,0,0
"67d8b5e7ceb82869824198a2",56,"average",6,6,18,4.32049379893857,12,24,0,0
"67d8b5e7ceb82869824198a2",57,"average",8,8,28,5.47722557505166,20,36,0,0
"67d8b5e7ceb82869824198a2",58,"average",8,8,25,5.47722557505166,17,33,0,0
"67d8b5e7ceb82869824198a2",59,"average",8,8,36,5.47722557505166,28,44,0,0
"67d8b5e7ceb82869824198a2",60,"average",6,6,35,4.32049379893857,29,41,0,0
"67d8b5e7ceb82869824198a2",61,"average",12,12,19.3333333333333,5.45180907793204,10,28,-0.206282093856245,0
"67d8b5e7ceb82869824198a2",62,"average",2,2,24,4,20,28,0,0
"67d8b5e7ceb82869824198a2",63,"average",2,2,19,4,15,23,0,0
"67d8b5e7ceb82869824198a2",64,"average",2,2,36,4,32,40,0,0
"67d8b5e7ceb82869824198a2",65,"average",6,6,31,4.32049379893857,25,37,0,0
"67d8b5e7ceb82869824198a2",66,"average",8,8,23,5.47722557505166,15,31,0,0
"67d8b5e7ceb82869824198a2",67,"average",6,6,16,4.32049379893857,10,22,0,0
"67d8b5e7ceb82869824198a2",68,"average",8,8,18,5.47722557505166,10,26,0,0
"67d8b5e7ceb82869824198a2",69,"average",2,2,23,4,19,27,0,0
"67d8b5e7ceb82869824198a2",70,"average",6,6,32,4.32049379893857,26,38,0,0
"67d8b5e7ceb82869824198a2",71,"average",8,8,24,5.47722557505166,16,32,0,0
"67d8b5e7ceb82869824198a2",72,"average",6,6,26,4.32049379893857,20,32,0,0
"67d8b5e7ceb82869824198a2",73,"average",12,12,26.3333333333333,5.45180907793204,17,35,-0.206282093856245,0
"67d8b5e7ceb82869824198a2",74,"average",12,12,36.3333333333333,5.45180907793204,27,45,-0.206282093856247,0
"67d8b5e7ceb82869824198a2",75,"average",12,12,20.3333333333333,5.45180907793204,11,29,-0.206282093856245,0
"67d8b5e7ceb82869824198a2",76,"average",2,2,23,4,19,27,0,0
"67d8b5e7ceb82869824198a2",77,"average",2,2,27,4,23,31,0,0
"67d8b5e7ceb82869824198a2",78,"average",6,6,33,4.32049379893857,27,39,0,0
"67d8b5e7ceb82869824198a2",79,"average",12,12,32.3333333333333,5.45180907793204,23,41,-0.206282093856247,0
"67d8b5e7ceb82869824198a2",80,"average",2,2,22,4,18,26,0,0
"67d8b5e7ceb82869824198a2",81,"average",8,8,35,5.47722557505166,27,43,0,0
"67d8b5e7ceb82869824198a2",82,"average",12,12,20.3333333333333,5.45180907793204,11,29,-0.206282093856245,0
"67d8b5e7ceb82869824198a2",83,"average",2,2,34,4,30,38,0,0
"67d8b5e7ceb82869824198a2",84,"average",6,6,32,4.32049379893857,26,38,0,0
"67d8b5e7ceb82869824198a2",85,"average",6,6,31,4.32049379893857,25,37,0,0
"67d8b5e7ceb82869824198a2",86,"average",8,8,33,5.47722557505166,25,41,0,0
"67d8b5e7ceb82869824198a2",87,"average",8,8,19,5.47722557505166,11,27,0,0
"67d8b5e7ceb82869824198a2",88,"average",6,6,28,4.32049379893857,22,34,0,0
"67d8b5e7ceb82869824198a2",89,"average",8,8,22,5.47722557505166,14,30,0,0
"67d8b5e7ceb82869824198a2",90,"average",2,2,31,4,27,35,0,0
"67d8b5e7ceb82869824198a2",91,"average",12,12,36.3333333333333,5.45180907793204,27,45,-0.206282093856247,0
"67d8b5e7ceb82869824198a2",92,"average",2,2,25,4,21,29,0,0
"67d8b5e7ceb82869824198a2",93,"average",8,8,24,5.47722557505166,16,32,0,0
"67d8b5e7ceb82869824198a2",94,"average",8,8,27,5.47722557505166,19,35,0,0
"67d8b5e7ceb82869824198a2",95,"average",12,12,16.3333333333333,5.45180907793204,7,25,-0.206282093856245,0
"67d8b5e7ceb82869824198a2",96,"average",2,2,27,4,23,31,0,0
"67d8b5e7ceb82869824198a2",97,"average",6,6,15,4.32049379893857,9,21,0,0
"67d8b5e7ceb82869824198a2",98,"average",8,8,33,5.47722557505166,25,41,0,0
"67d8b5e7ceb82869824198a2",99,"average",6,6,29,4.32049379893857,23,35,0,0
"67d8b5e7ceb82869824198a2",100,"average",6,6,22,4.32049379893857,16,28,0,0
"67d8b5e7ceb82869824198a2",101,"average",2,2,16,4,12,20,0,0
"67d8b5e7ceb82869824198a2",102,"average",12,12,26.3333333333333,5.45180907793204,17,35,-0.206282093856245,0
"67d8b5e7ceb82869824198a2",103,"average",12,12,30.3333333333333,5.45180907793204,21,39,-0.206282093856245,0
"67d8b5e7ceb82869824198a2",104,"average",8,8,27,5.47722557505166,19,35,0,0
"67d8b5e7ceb82869824198a2",105,"average",6,6,33,4.32049379893857,27,39,0,0
"67d8b5e7ceb82869824198a2",106,"average",12,12,33.3333333333333,5.45180907793204,24,42,-0.206282093856247,0
"67d8b5e7ceb82869824198a2",107,"average",2,2,17,4,13,21,0,0
"67d8b5e7ceb82869824198a2",108,"average",2,2,14,4,10,18,0,0
"67d8b5e7ceb82869824198a2",109,"average",6,6,18,4.32049379893857,12,24,0,0
"67d8b5e7ceb82869824198a2",110,"average",8,8,15,5.47722557505166,7,23,0,0
"67d8b5e7ceb82869824198a2",111,"average",8,8,29,5.47722557505166,21,37,0,0
"67d8b5e7ceb82869824198a2",112,"average",6,6,24,4.32049379893857,18,30,0,0
"67d8b5e7ceb82869824198a2",113,"average",2,2,24,4,20,28,0,0
"67d8b5e7ceb82869824198a2",114,"average",8,8,35,5.47722557505166,27,43,0,0
"67d8b5e7ceb82869824198a2",115,"average",12,12,30.3333333333333,5.45180907793204,21,39,-0.206282093856245,0
"67d8b5e7ceb82869824198a2",116,"average",12,12,29.3333333333333,5.45180907793204,20,38,-0.206282093856245,0
"66ba25f31c96638d878c9235",1,"average",9,9,11.5555555555556,5.1448164012401,3,19,-0.179160025855761,0
"66ba25f31c96638d878c9235",2,"average",3,3,35.6666666666667,8.73053390247253,29,48,0.70015544007878,0
"66ba25f31c96638d878c9235",3,"average",9,9,12,5.67646212197547,3,19,-0.346257439782808,0
"66ba25f31c96638d878c9235",4,"average",7,7,38.1428571428571,5.76760835376753,31,48,0.556342255763089,0
"66ba25f31c96638d878c9235",5,"average",4,4,6.5,2.29128784747792,4,10,0.49878374911084,0
"66ba25f31c96638d878c9235",6,"average",5,5,42,6.06630035524124,31,48,-0.88693840850792,0
"66ba25f31c96638d878c9235",7,"average",7,7,41.1428571428571,4.51753951452626,36,48,0.436584053762844,0
"66ba25f31c96638d878c9235",8,"average",2,2,9,1,8,10,0,0
"66ba25f31c96638d878c9235",9,"average",9,9,36.5555555555556,5.75637059866161,30,48,0.921792026476716,0
"66ba25f31c96638d878c9235",10,"average",4,4,6.75,3.2691742076555,2,11,-0.206608321731383,0
"66ba25f31c96638d878c9235",11,"average",8,8,10.875,4.2555111326373,6,19,0.758038492182539,0
"66ba25f31c96638d878c9235",12,"average",5,5,40.2,4.2614551505325,36,48,0.947123272554744,0
"66ba25f31c96638d878c9235",13,"average",3,3,6.66666666666667,5.24933858267454,2,14,0.630903856710624,0
"66ba25f31c96638d878c9235",14,"average",2,2,11.5,7.5,4,19,0,0
"66ba25f31c96638d878c9235",15,"average",8,8,10,4.74341649025257,3,16,-0.126491106406735,0
"66ba25f31c96638d878c9235",16,"average",6,6,10.5,6.70198975429437,3,20,0.139520496053546,0
"66ba25f31c96638d878c9235",17,"average",4,4,15,6.96419413859206,3,20,-1.11912653178353,0
"66ba25f31c96638d878c9235",18,"average",5,5,39.6,4.8,33,45,-0.25217013888889,0
"66ba25f31c96638d878c9235",19,"average",4,4,40.25,5.21416340365355,35,48,0.439783579983145,0
"66ba25f31c96638d878c9235",20,"average",7,7,35.7142857142857,5.46976849116476,29,44,0.217955343421495,0
"66ba25f31c96638d878c9235",21,"average",8,8,23,5.47722557505166,15,31,0,0
"66ba25f31c96638d878c9235",22,"average",2,2,35,4,31,39,0,0
"66ba25f31c96638d878c9235",23,"average",6,6,27,4.32049379893857,21,33,0,0
"66ba25f31c96638d878c9235",24,"average",8,8,29,5.47722557505166,21,37,0,0
"66ba25f31c96638d878c9235",25,"average",12,12,24.3333333333333,5.45180907793204,15,33,-0.206282093856245,0
"66ba25f31c96638d878c9235",26,"average",8,8,34,5.47722557505166,26,42,0,0
"66ba25f31c96638d878c9235",27,"average",8,8,20,5.47722557505166,12,28,0,0
"66ba25f31c96638d878c9235",28,"average",8,8,20,5.47722557505166,12,28,0,0
"66ba25f31c96638d878c9235",29,"average",12,12,20.3333333333333,5.45180907793204,11,29,-0.206282093856245,0
"66ba25f31c96638d878c9235",30,"average",2,2,14,4,10,18,0,0
"66ba25f31c96638d878c9235",31,"average",12,12,30.3333333333333,5.45180907793204,21,39,-0.206282093856245,0
"66ba25f31c96638d878c9235",32,"average",2,2,32,4,28,36,0,0
"66ba25f31c96638d878c9235",33,"average",8,8,20,5.47722557505166,12,28,0,0
"66ba25f31c96638d878c9235",34,"average",8,8,14,5.47722557505166,6,22,0,0
"66ba25f31c96638d878c9235",35,"average",12,12,36.3333333333333,5.45180907793204,27,45,-0.206282093856247,0
"66ba25f31c96638d878c9235",36,"average",8,8,25,5.47722557505166,17,33,0,0
"66ba25f31c96638d878c9235",37,"average",6,6,35,4.32049379893857,29,41,0,0
"66ba25f31c96638d878c9235",38,"average",2,2,18,4,14,22,0,0
"66ba25f31c96638d878c9235",39,"average",6,6,27,4.32049379893857,21,33,0,0
"66ba25f31c96638d878c9235",40,"average",8,8,22,5.47722557505166,14,30,0,0
"66ba25f31c96638d878c9235",41,"average",12,12,36.3333333333333,5.45180907793204,27,45,-0.206282093856247,0
"66ba25f31c96638d878c9235",42,"average",8,8,21,5.47722557505166,13,29,0,0
"66ba25f31c96638d878c9235",43,"average",12,12,30.3333333333333,5.45180907793204,21,39,-0.206282093856245,0
"66ba25f31c96638d878c9235",44,"average",12,12,18.3333333333333,5.45180907793204,9,27,-0.206282093856245,0
"66ba25f31c96638d878c9235",45,"average",12,12,22.3333333333333,5.45180907793204,13,31,-0.206282093856245,0
"66ba25f31c96638d878c9235",46,"average",2,2,22,4,18,26,0,0
"66ba25f31c96638d878c9235",47,"average",2,2,31,4,27,35,0,0
"66ba25f31c96638d878c9235",48,"average",6,6,18,4.32049379893857,12,24,0,0
"66ba25f31c96638d878c9235",49,"average",6,6,18,4.32049379893857,12,24,0,0
"66ba25f31c96638d878c9235",50,"average",6,6,36,4.32049379893857,30,42,0,0
"66ba25f31c96638d878c9235",51,"average",2,2,25,4,21,29,0,0
"66ba25f31c96638d878c9235",52,"average",6,6,15,4.32049379893857,9,21,0,0
"66ba25f31c96638d878c9235",53,"average",2,2,36,4,32,40,0,0
"66ba25f31c96638d878c9235",54,"average",2,2,19,4,15,23,0,0
"66ba25f31c96638d878c9235",55,"average",6,6,29,4.32049379893857,23,35,0,0
"66ba25f31c96638d878c9235",56,"average",8,8,25,5.47722557505166,17,33,0,0
"66ba25f31c96638d878c9235",57,"average",6,6,22,4.32049379893857,16,28,0,0
"66ba25f31c96638d878c9235",58,"average",2,2,34,4,30,38,0,0
"66ba25f31c96638d878c9235",59,"average",12,12,24.3333333333333,5.45180907793204,15,33,-0.206282093856245,0
"66ba25f31c96638d878c9235",60,"average",2,2,25,4,21,29,0,0
"66ba25f31c96638d878c9235",61,"average",12,12,17.3333333333333,5.45180907793204,8,26,-0.206282093856245,0
"66ba25f31c96638d878c9235",62,"average",6,6,35,4.32049379893857,29,41,0,0
"66ba25f31c96638d878c9235",63,"average",8,8,28,5.47722557505166,20,36,0,0
"66ba25f31c96638d878c9235",64,"average",6,6,29,4.32049379893857,23,35,0,0
"66ba25f31c96638d878c9235",65,"average",12,12,34.3333333333333,5.45180907793204,25,43,-0.206282093856247,0
"66ba25f31c96638d878c9235",66,"average",2,2,27,4,23,31,0,0
"66ba25f31c96638d878c9235",67,"average",12,12,17.3333333333333,5.45180907793204,8,26,-0.206282093856245,0
"66ba25f31c96638d878c9235",68,"average",6,6,33,4.32049379893857,27,39,0,0
"66ba25f31c96638d878c9235",69,"average",8,8,26,5.47722557505166,18,34,0,0
"66ba25f31c96638d878c9235",70,"average",6,6,30,4.32049379893857,24,36,0,0
"66ba25f31c96638d878c9235",71,"average",8,8,19,5.47722557505166,11,27,0,0
"66ba25f31c96638d878c9235",72,"average",8,8,16,5.47722557505166,8,24,0,0
"66ba25f31c96638d878c9235",73,"average",2,2,23,4,19,27,0,0
"66ba25f31c96638d878c9235",74,"average",6,6,34,4.32049379893857,28,40,0,0
"66ba25f31c96638d878c9235",75,"average",8,8,29,5.47722557505166,21,37,0,0
"66ba25f31c96638d878c9235",76,"average",2,2,18,4,14,22,0,0
"66ba25f31c96638d878c9235",77,"average",12,12,28.3333333333333,5.45180907793204,19,37,-0.206282093856245,0
"66ba25f31c96638d878c9235",78,"average",12,12,14.3333333333333,5.45180907793204,5,23,-0.206282093856245,0
"66ba25f31c96638d878c9235",79,"average",12,12,32.3333333333333,5.45180907793204,23,41,-0.206282093856247,0
"66ba25f31c96638d878c9235",80,"average",12,12,32.3333333333333,5.45180907793204,23,41,-0.206282093856247,0
"66ba25f31c96638d878c9235",81,"average",2,2,20,4,16,24,0,0
"66ba25f31c96638d878c9235",82,"average",8,8,34,5.47722557505166,26,42,0,0
"66ba25f31c96638d878c9235",83,"average",8,8,14,5.47722557505166,6,22,0,0
"66ba25f31c96638d878c9235",84,"average",8,8,30,5.47722557505166,22,38,0,0
"66ba25f31c96638d878c9235",85,"average",8,8,26,5.47722557505166,18,34,0,0
"66ba25f31c96638d878c9235",86,"average",12,12,35.3333333333333,5.45180907793204,26,44,-0.206282093856247,0
"66ba25f31c96638d878c9235",87,"average",6,6,35,4.32049379893857,29,41,0,0
"66ba25f31c96638d878c9235",88,"average",2,2,17,4,13,21,0,0
"66ba25f31c96638d878c9235",89,"average",12,12,28.3333333333333,5.45180907793204,19,37,-0.206282093856245,0
"66ba25f31c96638d878c9235",90,"average",6,6,29,4.32049379893857,23,35,0,0
"66ba25f31c96638d878c9235",91,"average",8,8,17,5.47722557505166,9,25,0,0
"66ba25f31c96638d878c9235",92,"average",12,12,23.3333333333333,5.45180907793204,14,32,-0.206282093856245,0
"66ba25f31c96638d878c9235",93,"average",2,2,30,4,26,34,0,0
"66ba25f31c96638d878c9235",94,"average",12,12,26.3333333333333,5.45180907793204,17,35,-0.206282093856245,0
"66ba25f31c96638d878c9235",95,"average",8,8,23,5.47722557505166,15,31,0,0
"66ba25f31c96638d878c9235",96,"average",6,6,22,4.32049379893857,16,28,0,0
"66ba25f31c96638d878c9235",97,"average",12,12,32.3333333333333,5.45180907793204,23,41,-0.206282093856247,0
"66ba25f31c96638d878c9235",98,"average",6,6,27,4.32049379893857,21,33,0,0
"66ba25f31c96638d878c9235",99,"average",2,2,19,4,15,23,0,0
"66ba25f31c96638d878c9235",100,"average",6,6,28,4.32049379893857,22,34,0,0
"66ba25f31c96638d878c9235",101,"average",2,2,27,4,23,31,0,0
"66ba25f31c96638d878c9235",102,"average",12,12,25.3333333333333,5.45180907793204,16,34,-0.206282093856245,0
"66ba25f31c96638d878c9235",103,"average",8,8,32,5.47722557505166,24,40,0,0
"66ba25f31c96638d878c9235",104,"average",6,6,15,4.32049379893857,9,21,0,0
"66ba25f31c96638d878c9235",105,"average",2,2,22,4,18,26,0,0
"66ba25f31c96638d878c9235",106,"average",6,6,29,4.32049379893857,23,35,0,0
"66ba25f31c96638d878c9235",107,"average",12,12,31.3333333333333,5.45180907793204,22,40,-0.206282093856245,0
"66ba25f31c96638d878c9235",108,"average",6,6,33,4.32049379893857,27,39,0,0
"66ba25f31c96638d878c9235",109,"average",2,2,22,4,18,26,0,0
"66ba25f31c96638d878c9235",110,"average",12,12,22.3333333333333,5.45180907793204,13,31,-0.206282093856245,0
"66ba25f31c96638d878c9235",111,"average",8,8,25,5.47722557505166,17,33,0,0
"66ba25f31c96638d878c9235",112,"average",2,2,28,4,24,32,0,0
"66ba25f31c96638d878c9235",113,"average",6,6,26,4.32049379893857,20,32,0,0
"66ba25f31c96638d878c9235",114,"average",6,6,36,4.32049379893857,30,42,0,0
"66ba25f31c96638d878c9235",115,"average",2,2,33,4,29,37,0,0
"66ba25f31c96638d878c9235",116,"average",2,2,28,4,24,32,0,0
"661415341b1fdb1844c6f6a6",1,"average",12,12,11.25,6.35249294896631,1,20,-0.14445607050746,1
"661415341b1fdb1844c6f6a6",2,"average",12,12,10.4166666666667,5.70757294205592,2,20,0.323364483553143,0
"661415341b1fdb1844c6f6a6",3,"average",10,10,10.5,5.53624421426656,1,20,0,1
"661415341b1fdb1844c6f6a6",4,"average",7,7,9.71428571428571,6.62709343128183,1,20,0.205007414895519,1
"661415341b1fdb1844c6f6a6",5,"average",9,9,37.7777777777778,6.86015512908139,29,48,0.181187651873145,0
"661415341b1fdb1844c6f6a6",6,"average",2,2,17.5,2.5,15,20,0,0
"661415341b1fdb1844c6f6a6",7,"average",2,2,10,3,7,13,0,0
"661415341b1fdb1844c6f6a6",8,"average",2,2,10.5,1.5,9,12,0,0
"661415341b1fdb1844c6f6a6",9,"average",5,5,37,3.74165738677394,32,41,-0.343621596744546,0
"661415341b1fdb1844c6f6a6",10,"average",4,4,38.5,6.02079728939615,32,45,0,0
"661415341b1fdb1844c6f6a6",11,"average",3,3,41.6666666666667,1.6996731711976,40,44,0.528004979218192,0
"661415341b1fdb1844c6f6a6",12,"average",8,8,38.25,4.789311015167,30,44,-0.420725730619843,0
"661415341b1fdb1844c6f6a6",13,"average",4,4,40,6.81909084849293,29,47,-0.728505023009304,0
"661415341b1fdb1844c6f6a6",14,"average",7,7,11.7142857142857,6.13454587245254,3,19,-0.221557901779162,0
"661415341b1fdb1844c6f6a6",15,"average",2,2,13.5,1.5,12,15,0,0
"661415341b1fdb1844c6f6a6",16,"average",2,2,37.5,3.5,34,41,0,0
"661415341b1fdb1844c6f6a6",17,"average",10,10,11.6,5.55337735076593,2,20,-0.0100895589954715,0
"661415341b1fdb1844c6f6a6",18,"average",5,5,40.2,4.35430821141545,33,45,-0.527921788170331,0
"661415341b1fdb1844c6f6a6",19,"average",4,4,39,3.93700393700591,33,44,-0.368710046129585,0
"661415341b1fdb1844c6f6a6",20,"average",9,9,10.1111111111111,5.21630870858022,2,20,0.340811458273844,0
"661415341b1fdb1844c6f6a6",21,"average",8,8,19,5.47722557505166,11,27,0,0
"661415341b1fdb1844c6f6a6",22,"average",2,2,32,4,28,36,0,0
"661415341b1fdb1844c6f6a6",23,"average",12,12,19.3333333333333,5.45180907793204,10,28,-0.206282093856245,0
"661415341b1fdb1844c6f6a6",24,"average",2,2,18,4,14,22,0,0
"661415341b1fdb1844c6f6a6",25,"average",12,12,20.3333333333333,5.45180907793204,11,29,-0.206282093856245,0
"661415341b1fdb1844c6f6a6",26,"average",2,2,32,4,28,36,0,0
"661415341b1fdb1844c6f6a6",27,"average",12,12,27.3333333333333,5.45180907793204,18,36,-0.206282093856245,0
"661415341b1fdb1844c6f6a6",28,"average",6,6,32,4.32049379893857,26,38,0,0
"661415341b1fdb1844c6f6a6",29,"average",6,6,30,4.32049379893857,24,36,0,0
"661415341b1fdb1844c6f6a6",30,"average",6,6,30,4.32049379893857,24,36,0,0
"661415341b1fdb1844c6f6a6",31,"average",6,6,24,4.32049379893857,18,30,0,0
"661415341b1fdb1844c6f6a6",32,"average",2,2,22,4,18,26,0,0
"661415341b1fdb1844c6f6a6",33,"average",2,2,27,4,23,31,0,0
"661415341b1fdb1844c6f6a6",34,"average",6,6,32,4.32049379893857,26,38,0,0
"661415341b1fdb1844c6f6a6",35,"average",12,12,36.3333333333333,5.45180907793204,27,45,-0.206282093856247,0
"661415341b1fdb1844c6f6a6",36,"average",2,2,25,4,21,29,0,0
"661415341b1fdb1844c6f6a6",37,"average",6,6,16,4.32049379893857,10,22,0,0
"661415341b1fdb1844c6f6a6",38,"average",2,2,35,4,31,39,0,0
"661415341b1fdb1844c6f6a6",39,"average",8,8,17,5.47722557505166,9,25,0,0
"661415341b1fdb1844c6f6a6",40,"average",2,2,32,4,28,36,0,0
"661415341b1fdb1844c6f6a6",41,"average",12,12,17.3333333333333,5.45180907793204,8,26,-0.206282093856245,0
"661415341b1fdb1844c6f6a6",42,"average",8,8,36,5.47722557505166,28,44,0,0
"661415341b1fdb1844c6f6a6",43,"average",8,8,22,5.47722557505166,14,30,0,0
"661415341b1fdb1844c6f6a6",44,"average",2,2,14,4,10,18,0,0
"661415341b1fdb1844c6f6a6",45,"average",12,12,20.3333333333333,5.45180907793204,11,29,-0.206282093856245,0
"661415341b1fdb1844c6f6a6",46,"average",8,8,30,5.47722557505166,22,38,0,0
"661415341b1fdb1844c6f6a6",47,"average",6,6,17,4.32049379893857,11,23,0,0
"661415341b1fdb1844c6f6a6",48,"average",6,6,28,4.32049379893857,22,34,0,0
"661415341b1fdb1844c6f6a6",49,"average",12,12,28.3333333333333,5.45180907793204,19,37,-0.206282093856245,0
"661415341b1fdb1844c6f6a6",50,"average",8,8,31,5.47722557505166,23,39,0,0
"661415341b1fdb1844c6f6a6",51,"average",6,6,17,4.32049379893857,11,23,0,0
"661415341b1fdb1844c6f6a6",52,"average",6,6,25,4.32049379893857,19,31,0,0
"661415341b1fdb1844c6f6a6",53,"average",12,12,14.3333333333333,5.45180907793204,5,23,-0.206282093856245,0
"661415341b1fdb1844c6f6a6",54,"average",8,8,24,5.47722557505166,16,32,0,0
"661415341b1fdb1844c6f6a6",55,"average",2,2,21,4,17,25,0,0
"661415341b1fdb1844c6f6a6",56,"average",8,8,18,5.47722557505166,10,26,0,0
"661415341b1fdb1844c6f6a6",57,"average",8,8,36,5.47722557505166,28,44,0,0
"661415341b1fdb1844c6f6a6",58,"average",8,8,29,5.47722557505166,21,37,0,0
"661415341b1fdb1844c6f6a6",59,"average",6,6,32,4.32049379893857,26,38,0,0
"661415341b1fdb1844c6f6a6",60,"average",2,2,36,4,32,40,0,0
"661415341b1fdb1844c6f6a6",61,"average",12,12,28.3333333333333,5.45180907793204,19,37,-0.206282093856245,0
"661415341b1fdb1844c6f6a6",62,"average",2,2,16,4,12,20,0,0
"661415341b1fdb1844c6f6a6",63,"average",6,6,36,4.32049379893857,30,42,0,0
"661415341b1fdb1844c6f6a6",64,"average",8,8,22,5.47722557505166,14,30,0,0
"661415341b1fdb1844c6f6a6",65,"average",12,12,35.3333333333333,5.45180907793204,26,44,-0.206282093856247,0
"661415341b1fdb1844c6f6a6",66,"average",8,8,34,5.47722557505166,26,42,0,0
"661415341b1fdb1844c6f6a6",67,"average",12,12,32.3333333333333,5.45180907793204,23,41,-0.206282093856247,0
"661415341b1fdb1844c6f6a6",68,"average",12,12,20.3333333333333,5.45180907793204,11,29,-0.206282093856245,0
"661415341b1fdb1844c6f6a6",69,"average",2,2,27,4,23,31,0,0
"661415341b1fdb1844c6f6a6",70,"average",2,2,34,4,30,38,0,0
"661415341b1fdb1844c6f6a6",71,"average",12,12,21.3333333333333,5.45180907793204,12,30,-0.206282093856245,0
"661415341b1fdb1844c6f6a6",72,"average",8,8,35,5.47722557505166,27,43,0,0
"661415341b1fdb1844c6f6a6",73,"average",12,12,22.3333333333333,5.45180907793204,13,31,-0.206282093856245,0
"661415341b1fdb1844c6f6a6",74,"average",8,8,27,5.47722557505166,19,35,0,0
"661415341b1fdb1844c6f6a6",75,"average",8,8,20,5.47722557505166,12,28,0,0
"661415341b1fdb1844c6f6a6",76,"average",6,6,25,4.32049379893857,19,31,0,0
"661415341b1fdb1844c6f6a6",77,"average",8,8,15,5.47722557505166,7,23,0,0
"661415341b1fdb1844c6f6a6",78,"average",12,12,17.3333333333333,5.45180907793204,8,26,-0.206282093856245,0
"661415341b1fdb1844c6f6a6",79,"average",12,12,30.3333333333333,5.45180907793204,21,39,-0.206282093856245,0
"661415341b1fdb1844c6f6a6",80,"average",12,12,35.3333333333333,5.45180907793204,26,44,-0.206282093856247,0
"661415341b1fdb1844c6f6a6",81,"average",2,2,30,4,26,34,0,0
"661415341b1fdb1844c6f6a6",82,"average",8,8,28,5.47722557505166,20,36,0,0
"661415341b1fdb1844c6f6a6",83,"average",6,6,23,4.32049379893857,17,29,0,0
"661415341b1fdb1844c6f6a6",84,"average",8,8,21,5.47722557505166,13,29,0,0
"661415341b1fdb1844c6f6a6",85,"average",6,6,35,4.32049379893857,29,41,0,0
"661415341b1fdb1844c6f6a6",86,"average",6,6,36,4.32049379893857,30,42,0,0
"661415341b1fdb1844c6f6a6",87,"average",12,12,29.3333333333333,5.45180907793204,20,38,-0.206282093856245,0
"661415341b1fdb1844c6f6a6",88,"average",6,6,15,4.32049379893857,9,21,0,0
"661415341b1fdb1844c6f6a6",89,"average",2,2,25,4,21,29,0,0
"661415341b1fdb1844c6f6a6",90,"average",8,8,27,5.47722557505166,19,35,0,0
"661415341b1fdb1844c6f6a6",91,"average",2,2,33,4,29,37,0,0
"661415341b1fdb1844c6f6a6",92,"average",6,6,28,4.32049379893857,22,34,0,0
"661415341b1fdb1844c6f6a6",93,"average",2,2,24,4,20,28,0,0
"661415341b1fdb1844c6f6a6",94,"average",6,6,14,4.32049379893857,8,20,0,0
"661415341b1fdb1844c6f6a6",95,"average",8,8,17,5.47722557505166,9,25,0,0
"661415341b1fdb1844c6f6a6",96,"average",6,6,25,4.32049379893857,19,31,0,0
"661415341b1fdb1844c6f6a6",97,"average",2,2,14,4,10,18,0,0
"661415341b1fdb1844c6f6a6",98,"average",12,12,31.3333333333333,5.45180907793204,22,40,-0.206282093856245,0
"661415341b1fdb1844c6f6a6",99,"average",8,8,23,5.47722557505166,15,31,0,0
"661415341b1fdb1844c6f6a6",100,"average",8,8,19,5.47722557505166,11,27,0,0
"661415341b1fdb1844c6f6a6",101,"average",2,2,29,4,25,33,0,0
"661415341b1fdb1844c6f6a6",102,"average",6,6,28,4.32049379893857,22,34,0,0
"661415341b1fdb1844c6f6a6",103,"average",2,2,26,4,22,30,0,0
"661415341b1fdb1844c6f6a6",104,"average",2,2,22,4,18,26,0,0
"661415341b1fdb1844c6f6a6",105,"average",6,6,14,4.32049379893857,8,20,0,0
"661415341b1fdb1844c6f6a6",106,"average",12,12,23.3333333333333,5.45180907793204,14,32,-0.206282093856245,0
"661415341b1fdb1844c6f6a6",107,"average",6,6,28,4.32049379893857,22,34,0,0
"661415341b1fdb1844c6f6a6",108,"average",8,8,29,5.47722557505166,21,37,0,0
"661415341b1fdb1844c6f6a6",109,"average",12,12,27.3333333333333,5.45180907793204,18,36,-0.206282093856245,0
"661415341b1fdb1844c6f6a6",110,"average",2,2,21,4,17,25,0,0
"661415341b1fdb1844c6f6a6",111,"average",6,6,35,4.32049379893857,29,41,0,0
"661415341b1fdb1844c6f6a6",112,"average",12,12,17.3333333333333,5.45180907793204,8,26,-0.206282093856245,0
"661415341b1fdb1844c6f6a6",113,"average",12,12,21.3333333333333,5.45180907793204,12,30,-0.206282093856245,0
"661415341b1fdb1844c6f6a6",114,"average",8,8,32,5.47722557505166,24,40,0,0
"661415341b1fdb1844c6f6a6",115,"average",2,2,35,4,31,39,0,0
"661415341b1fdb1844c6f6a6",116,"average",12,12,32.3333333333333,5.45180907793204,23,41,-0.206282093856247,0
"67eaf9e474539bd9571a69c8",1,"average",12,12,40.0833333333333,5.31441958783417,29,47,-0.596140726793564,0
"67eaf9e474539bd9571a69c8",2,"average",6,6,11.8333333333333,5.39804491356722,3,19,-0.29621523795493,0
"67eaf9e474539bd9571a69c8",3,"average",5,5,41.2,5.34415568635495,32,47,-0.622057055034374,0
"67eaf9e474539bd9571a69c8",4,"average",2,2,32,3,29,35,0,0
"67eaf9e474539bd9571a69c8",5,"average",6,6,13.5,3.685557397916,8,20,0.319602704083648,0
"67eaf9e474539bd9571a69c8",6,"average",5,5,11.4,3.72021504754765,7,17,0.266626391693331,0
"67eaf9e474539bd9571a69c8",7,"average",6,6,37.5,5.31507290636732,31,46,0.332998537480919,0
"67eaf9e474539bd9571a69c8",8,"average",12,12,10.9166666666667,4.71625439894367,4,20,0.304831437484309,0
"67eaf9e474539bd9571a69c8",9,"average",8,8,37.25,5.60691537300145,31,48,0.675997085234265,0
"67eaf9e474539bd9571a69c8",10,"average",4,4,12.5,7.0178344238091,5,20,0,0
"67eaf9e474539bd9571a69c8",11,"average",11,11,39.5454545454545,5.69471264122394,29,48,-0.27641245804904,0
"67eaf9e474539bd9571a69c8",12,"average",9,9,8.22222222222222,5.26577582714346,1,19,0.646471751889887,1
"67eaf9e474539bd9571a69c8",13,"average",3,3,16.3333333333333,1.6996731711976,14,18,-0.528004979218186,0
"67eaf9e474539bd9571a69c8",14,"average",9,9,36.8888888888889,5.95248677154617,29,46,0.355766033050321,0
"67eaf9e474539bd9571a69c8",15,"average",7,7,37.7142857142857,4.80221037542046,31,46,0.36187507772238,0
"67eaf9e474539bd9571a69c8",16,"average",10,10,39.7,5.60446250768082,31,48,0.00565792822521234,0
"67eaf9e474539bd9571a69c8",17,"average",3,3,39,6.97614984548545,31,48,0.212072860755985,0
"67eaf9e474539bd9571a69c8",18,"average",6,6,39.5,5.67890834580027,29,46,-0.698900564401115,0
"67eaf9e474539bd9571a69c8",19,"average",11,11,39,6.10513941468393,30,47,-0.165394437206845,0
"67eaf9e474539bd9571a69c8",20,"average",7,7,36.7142857142857,3.91751691451488,30,43,-0.0992153499350712,0
"67eaf9e474539bd9571a69c8",21,"average",2,2,21,4,17,25,0,0
"67eaf9e474539bd9571a69c8",22,"average",2,2,14,4,10,18,0,0
"67eaf9e474539bd9571a69c8",23,"average",8,8,27,5.47722557505166,19,35,0,0
"67eaf9e474539bd9571a69c8",24,"average",12,12,31.3333333333333,5.45180907793204,22,40,-0.206282093856245,0
"67eaf9e474539bd9571a69c8",25,"average",2,2,19,4,15,23,0,0
"67eaf9e474539bd9571a69c8",26,"average",6,6,26,4.32049379893857,20,32,0,0
"67eaf9e474539bd9571a69c8",27,"average",8,8,26,5.47722557505166,18,34,0,0
"67eaf9e474539bd9571a69c8",28,"average",6,6,22,4.32049379893857,16,28,0,0
"67eaf9e474539bd9571a69c8",29,"average",8,8,21,5.47722557505166,13,29,0,0
"67eaf9e474539bd9571a69c8",30,"average",8,8,33,5.47722557505166,25,41,0,0
"67eaf9e474539bd9571a69c8",31,"average",8,8,29,5.47722557505166,21,37,0,0
"67eaf9e474539bd9571a69c8",32,"average",12,12,33.3333333333333,5.45180907793204,24,42,-0.206282093856247,0
"67eaf9e474539bd9571a69c8",33,"average",2,2,18,4,14,22,0,0
"67eaf9e474539bd9571a69c8",34,"average",12,12,31.3333333333333,5.45180907793204,22,40,-0.206282093856245,0
"67eaf9e474539bd9571a69c8",35,"average",2,2,35,4,31,39,0,0
"67eaf9e474539bd9571a69c8",36,"average",6,6,33,4.32049379893857,27,39,0,0
"67eaf9e474539bd9571a69c8",37,"average",8,8,36,5.47722557505166,28,44,0,0
"67eaf9e474539bd9571a69c8",38,"average",6,6,18,4.32049379893857,12,24,0,0
"67eaf9e474539bd9571a69c8",39,"average",6,6,32,4.32049379893857,26,38,0,0
"67eaf9e474539bd9571a69c8",40,"average",8,8,23,5.47722557505166,15,31,0,0
"67eaf9e474539bd9571a69c8",41,"average",12,12,26.3333333333333,5.45180907793204,17,35,-0.206282093856245,0
"67eaf9e474539bd9571a69c8",42,"average",12,12,21.3333333333333,5.45180907793204,12,30,-0.206282093856245,0
"67eaf9e474539bd9571a69c8",43,"average",12,12,18.3333333333333,5.45180907793204,9,27,-0.206282093856245,0
"67eaf9e474539bd9571a69c8",44,"average",6,6,34,4.32049379893857,28,40,0,0
"67eaf9e474539bd9571a69c8",45,"average",8,8,26,5.47722557505166,18,34,0,0
"67eaf9e474539bd9571a69c8",46,"average",2,2,15,4,11,19,0,0
"67eaf9e474539bd9571a69c8",47,"average",12,12,16.3333333333333,5.45180907793204,7,25,-0.206282093856245,0
"67eaf9e474539bd9571a69c8",48,"average",8,8,21,5.47722557505166,13,29,0,0
"67eaf9e474539bd9571a69c8",49,"average",6,6,18,4.32049379893857,12,24,0,0
"67eaf9e474539bd9571a69c8",50,"average",8,8,34,5.47722557505166,26,42,0,0
"67eaf9e474539bd9571a69c8",51,"average",2,2,22,4,18,26,0,0
"67eaf9e474539bd9571a69c8",52,"average",12,12,14.3333333333333,5.45180907793204,5,23,-0.206282093856245,0
"67eaf9e474539bd9571a69c8",53,"average",6,6,18,4.32049379893857,12,24,0,0
"67eaf9e474539bd9571a69c8",54,"average",12,12,18.3333333333333,5.45180907793204,9,27,-0.206282093856245,0
"67eaf9e474539bd9571a69c8",55,"average",12,12,22.3333333333333,5.45180907793204,13,31,-0.206282093856245,0
"67eaf9e474539bd9571a69c8",56,"average",2,2,17,4,13,21,0,0
"67eaf9e474539bd9571a69c8",57,"average",6,6,33,4.32049379893857,27,39,0,0
"67eaf9e474539bd9571a69c8",58,"average",8,8,23,5.47722557505166,15,31,0,0
"67eaf9e474539bd9571a69c8",59,"average",2,2,15,4,11,19,0,0
"67eaf9e474539bd9571a69c8",60,"average",2,2,19,4,15,23,0,0
"67eaf9e474539bd9571a69c8",61,"average",2,2,34,4,30,38,0,0
"67eaf9e474539bd9571a69c8",62,"average",2,2,30,4,26,34,0,0
"67eaf9e474539bd9571a69c8",63,"average",6,6,18,4.32049379893857,12,24,0,0
"67eaf9e474539bd9571a69c8",64,"average",6,6,25,4.32049379893857,19,31,0,0
"67eaf9e474539bd9571a69c8",65,"average",6,6,34,4.32049379893857,28,40,0,0
"67eaf9e474539bd9571a69c8",66,"average",12,12,23.3333333333333,5.45180907793204,14,32,-0.206282093856245,0
"67eaf9e474539bd9571a69c8",67,"average",8,8,35,5.47722557505166,27,43,0,0
"67eaf9e474539bd9571a69c8",68,"average",12,12,14.3333333333333,5.45180907793204,5,23,-0.206282093856245,0
"67eaf9e474539bd9571a69c8",69,"average",2,2,16,4,12,20,0,0
"67eaf9e474539bd9571a69c8",70,"average",8,8,32,5.47722557505166,24,40,0,0
"67eaf9e474539bd9571a69c8",71,"average",12,12,24.3333333333333,5.45180907793204,15,33,-0.206282093856245,0
"67eaf9e474539bd9571a69c8",72,"average",8,8,15,5.47722557505166,7,23,0,0
"67eaf9e474539bd9571a69c8",73,"average",6,6,34,4.32049379893857,28,40,0,0
"67eaf9e474539bd9571a69c8",74,"average",6,6,14,4.32049379893857,8,20,0,0
"67eaf9e474539bd9571a69c8",75,"average",12,12,15.3333333333333,5.45180907793204,6,24,-0.206282093856245,0
"67eaf9e474539bd9571a69c8",76,"average",8,8,34,5.47722557505166,26,42,0,0
"67eaf9e474539bd9571a69c8",77,"average",2,2,36,4,32,40,0,0
"67eaf9e474539bd9571a69c8",78,"average",6,6,27,4.32049379893857,21,33,0,0
"67eaf9e474539bd9571a69c8",79,"average",8,8,33,5.47722557505166,25,41,0,0
"67eaf9e474539bd9571a69c8",80,"average",12,12,15.3333333333333,5.45180907793204,6,24,-0.206282093856245,0
"67eaf9e474539bd9571a69c8",81,"average",2,2,33,4,29,37,0,0
"67eaf9e474539bd9571a69c8",82,"average",12,12,21.3333333333333,5.45180907793204,12,30,-0.206282093856245,0
"67eaf9e474539bd9571a69c8",83,"average",2,2,35,4,31,39,0,0
"67eaf9e474539bd9571a69c8",84,"average",2,2,26,4,22,30,0,0
"67eaf9e474539bd9571a69c8",85,"average",6,6,31,4.32049379893857,25,37,0,0
"67eaf9e474539bd9571a69c8",86,"average",12,12,34.3333333333333,5.45180907793204,25,43,-0.206282093856247,0
"67eaf9e474539bd9571a69c8",87,"average",6,6,34,4.32049379893857,28,40,0,0
"67eaf9e474539bd9571a69c8",88,"average",8,8,32,5.47722557505166,24,40,0,0
"67eaf9e474539bd9571a69c8",89,"average",6,6,15,4.32049379893857,9,21,0,0
"67eaf9e474539bd9571a69c8",90,"average",6,6,15,4.32049379893857,9,21,0,0
"67eaf9e474539bd9571a69c8",91,"average",6,6,30,4.32049379893857,24,36,0,0
"67eaf9e474539bd9571a69c8",92,"average",6,6,31,4.32049379893857,25,37,0,0
"67eaf9e474539bd9571a69c8",93,"average",2,2,19,4,15,23,0,0
"67eaf9e474539bd9571a69c8",94,"average",12,12,26.3333333333333,5.45180907793204,17,35,-0.206282093856245,0
"67eaf9e474539bd9571a69c8",95,"average",8,8,33,5.47722557505166,25,41,0,0
"67eaf9e474539bd9571a69c8",96,"average",8,8,30,5.47722557505166,22,38,0,0
"67eaf9e474539bd9571a69c8",97,"average",2,2,16,4,12,20,0,0
"67eaf9e474539bd9571a69c8",98,"average",8,8,23,5.47722557505166,15,31,0,0
"67eaf9e474539bd9571a69c8",99,"average",2,2,24,4,20,28,0,0
"67eaf9e474539bd9571a69c8",100,"average",12,12,22.3333333333333,5.45180907793204,13,31,-0.206282093856245,0
"67eaf9e474539bd9571a69c8",101,"average",2,2,22,4,18,26,0,0
"67eaf9e474539bd9571a69c8",102,"average",6,6,14,4.32049379893857,8,20,0,0
"67eaf9e474539bd9571a69c8",103,"average",12,12,20.3333333333333,5.45180907793204,11,29,-0.206282093856245,0
"67eaf9e474539bd9571a69c8",104,"average",12,12,36.3333333333333,5.45180907793204,27,45,-0.206282093856247,0
"67eaf9e474539bd9571a69c8",105,"average",2,2,32,4,28,36,0,0
"67eaf9e474539bd9571a69c8",106,"average",2,2,17,4,13,21,0,0
"67eaf9e474539bd9571a69c8",107,"average",6,6,31,4.32049379893857,25,37,0,0
"67eaf9e474539bd9571a69c8",108,"average",8,8,32,5.47722557505166,24,40,0,0
"67eaf9e474539bd9571a69c8",109,"average",12,12,24.3333333333333,5.45180907793204,15,33,-0.206282093856245,0
"67eaf9e474539bd9571a69c8",110,"average",2,2,30,4,26,34,0,0
"67eaf9e474539bd9571a69c8",111,"average",8,8,29,5.47722557505166,21,37,0,0
"67eaf9e474539bd9571a69c8",112,"average",8,8,29,5.47722557505166,21,37,0,0
"67eaf9e474539bd9571a69c8",113,"average",12,12,17.3333333333333,5.45180907793204,8,26,-0.206282093856245,0
"67eaf9e474539bd9571a69c8",114,"average",12,12,27.3333333333333,5.45180907793204,18,36,-0.206282093856245,0
"67eaf9e474539bd9571a69c8",115,"average",8,8,31,5.47722557505166,23,39,0,0
"67eaf9e474539bd9571a69c8",116,"average",6,6,33,4.32049379893857,27,39,0,0
"67d0aced826014f4736f06a0",1,"average",10,10,39.3,6.13269924258479,29,47,-0.486345553520672,0
"67d0aced826014f4736f06a0",2,"average",10,10,37.6,7.13021738799035,29,48,0.243508796232996,0
"67d0aced826014f4736f06a0",3,"average",11,11,38.9090909090909,5.6641543612528,29,47,-0.291527639789505,0
"67d0aced826014f4736f06a0",4,"average",5,5,40.2,5.41848687365763,31,47,-0.516850003410201,0
"67d0aced826014f4736f06a0",5,"average",6,6,11.3333333333333,5.46707315561891,3,20,0.137128256622328,0
"67d0aced826014f4736f06a0",6,"average",12,12,37.9166666666667,6.65154535093579,29,48,0.157935532363559,0
"67d0aced826014f4736f06a0",7,"average",3,3,9.33333333333333,6.12825877028341,2,17,0.0814283184525243,0
"67d0aced826014f4736f06a0",8,"average",11,11,37.2727272727273,5.70631084599099,29,48,0.398121378086204,0
"67d0aced826014f4736f06a0",9,"average",10,10,12.2,6.55438784326958,1,20,-0.517031780339685,1
"67d0aced826014f4736f06a0",10,"average",7,7,10.7142857142857,7.38172039015075,1,20,-0.00600155022251833,1
"67d0aced826014f4736f06a0",11,"average",7,7,9.85714285714286,5.79232426648951,1,17,-0.261933785560391,1
"67d0aced826014f4736f06a0",12,"average",2,2,36.5,3.5,33,40,0,0
"67d0aced826014f4736f06a0",13,"average",11,11,9.09090909090909,5.55066818999045,1,19,0.190605644027233,1
"67d0aced826014f4736f06a0",14,"average",11,11,8.72727272727273,5.32730375417586,1,18,0.263753207130367,1
"67d0aced826014f4736f06a0",15,"average",5,5,39.8,5.03587132480567,33,48,0.352549580252645,0
"67d0aced826014f4736f06a0",16,"average",10,10,38.3,5.69297813099611,29,47,-0.0330389633196381,0
"67d0aced826014f4736f06a0",17,"average",12,12,9.5,6.07590871118606,1,18,-0.0133748073275909,1
"67d0aced826014f4736f06a0",18,"average",5,5,39.8,5.77581163127746,29,45,-1.07418955860068,0
"67d0aced826014f4736f06a0",19,"average",5,5,35,6.22896460095897,29,44,0.446864821516347,0
"67d0aced826014f4736f06a0",20,"average",3,3,13.3333333333333,6.0184900284226,5,19,-0.577633692366202,0
"67d0aced826014f4736f06a0",21,"average",8,8,33,5.47722557505166,25,41,0,0
"67d0aced826014f4736f06a0",22,"average",8,8,32,5.47722557505166,24,40,0,0
"67d0aced826014f4736f06a0",23,"average",6,6,29,4.32049379893857,23,35,0,0
"67d0aced826014f4736f06a0",24,"average",8,8,27,5.47722557505166,19,35,0,0
"67d0aced826014f4736f06a0",25,"average",8,8,25,5.47722557505166,17,33,0,0
"67d0aced826014f4736f06a0",26,"average",2,2,20,4,16,24,0,0
"67d0aced826014f4736f06a0",27,"average",12,12,30.3333333333333,5.45180907793204,21,39,-0.206282093856245,0
"67d0aced826014f4736f06a0",28,"average",2,2,36,4,32,40,0,0
"67d0aced826014f4736f06a0",29,"average",6,6,23,4.32049379893857,17,29,0,0
"67d0aced826014f4736f06a0",30,"average",12,12,26.3333333333333,5.45180907793204,17,35,-0.206282093856245,0
"67d0aced826014f4736f06a0",31,"average",8,8,17,5.47722557505166,9,25,0,0
"67d0aced826014f4736f06a0",32,"average",6,6,23,4.32049379893857,17,29,0,0
"67d0aced826014f4736f06a0",33,"average",8,8,33,5.47722557505166,25,41,0,0
"67d0aced826014f4736f06a0",34,"average",6,6,24,4.32049379893857,18,30,0,0
"67d0aced826014f4736f06a0",35,"average",2,2,17,4,13,21,0,0
"67d0aced826014f4736f06a0",36,"average",6,6,14,4.32049379893857,8,20,0,0
"67d0aced826014f4736f06a0",37,"average",2,2,26,4,22,30,0,0
"67d0aced826014f4736f06a0",38,"average",12,12,29.3333333333333,5.45180907793204,20,38,-0.206282093856245,0
"67d0aced826014f4736f06a0",39,"average",6,6,21,4.32049379893857,15,27,0,0
"67d0aced826014f4736f06a0",40,"average",8,8,16,5.47722557505166,8,24,0,0
"67d0aced826014f4736f06a0",41,"average",2,2,21,4,17,25,0,0
"67d0aced826014f4736f06a0",42,"average",2,2,34,4,30,38,0,0
"67d0aced826014f4736f06a0",43,"average",8,8,20,5.47722557505166,12,28,0,0
"67d0aced826014f4736f06a0",44,"average",2,2,25,4,21,29,0,0
"67d0aced826014f4736f06a0",45,"average",8,8,33,5.47722557505166,25,41,0,0
"67d0aced826014f4736f06a0",46,"average",6,6,33,4.32049379893857,27,39,0,0
"67d0aced826014f4736f06a0",47,"average",12,12,34.3333333333333,5.45180907793204,25,43,-0.206282093856247,0
"67d0aced826014f4736f06a0",48,"average",6,6,22,4.32049379893857,16,28,0,0
"67d0aced826014f4736f06a0",49,"average",12,12,18.3333333333333,5.45180907793204,9,27,-0.206282093856245,0
"67d0aced826014f4736f06a0",50,"average",12,12,19.3333333333333,5.45180907793204,10,28,-0.206282093856245,0
"67d0aced826014f4736f06a0",51,"average",2,2,35,4,31,39,0,0
"67d0aced826014f4736f06a0",52,"average",12,12,33.3333333333333,5.45180907793204,24,42,-0.206282093856247,0
"67d0aced826014f4736f06a0",53,"average",2,2,20,4,16,24,0,0
"67d0aced826014f4736f06a0",54,"average",8,8,31,5.47722557505166,23,39,0,0
"67d0aced826014f4736f06a0",55,"average",8,8,35,5.47722557505166,27,43,0,0
"67d0aced826014f4736f06a0",56,"average",6,6,31,4.32049379893857,25,37,0,0
"67d0aced826014f4736f06a0",57,"average",2,2,34,4,30,38,0,0
"67d0aced826014f4736f06a0",58,"average",2,2,35,4,31,39,0,0
"67d0aced826014f4736f06a0",59,"average",12,12,21.3333333333333,5.45180907793204,12,30,-0.206282093856245,0
"67d0aced826014f4736f06a0",60,"average",12,12,21.3333333333333,5.45180907793204,12,30,-0.206282093856245,0
"67d0aced826014f4736f06a0",61,"average",12,12,25.3333333333333,5.45180907793204,16,34,-0.206282093856245,0
"67d0aced826014f4736f06a0",62,"average",8,8,20,5.47722557505166,12,28,0,0
"67d0aced826014f4736f06a0",63,"average",6,6,34,4.32049379893857,28,40,0,0
"67d0aced826014f4736f06a0",64,"average",6,6,14,4.32049379893857,8,20,0,0
"67d0aced826014f4736f06a0",65,"average",2,2,21,4,17,25,0,0
"67d0aced826014f4736f06a0",66,"average",6,6,19,4.32049379893857,13,25,0,0
"67d0aced826014f4736f06a0",67,"average",12,12,18.3333333333333,5.45180907793204,9,27,-0.206282093856245,0
"67d0aced826014f4736f06a0",68,"average",12,12,27.3333333333333,5.45180907793204,18,36,-0.206282093856245,0
"67d0aced826014f4736f06a0",69,"average",8,8,17,5.47722557505166,9,25,0,0
"67d0aced826014f4736f06a0",70,"average",2,2,33,4,29,37,0,0
"67d0aced826014f4736f06a0",71,"average",6,6,26,4.32049379893857,20,32,0,0
"67d0aced826014f4736f06a0",72,"average",2,2,33,4,29,37,0,0
"67d0aced826014f4736f06a0",73,"average",6,6,22,4.32049379893857,16,28,0,0
"67d0aced826014f4736f06a0",74,"average",2,2,18,4,14,22,0,0
"67d0aced826014f4736f06a0",75,"average",6,6,24,4.32049379893857,18,30,0,0
"67d0aced826014f4736f06a0",76,"average",8,8,20,5.47722557505166,12,28,0,0
"67d0aced826014f4736f06a0",77,"average",12,12,22.3333333333333,5.45180907793204,13,31,-0.206282093856245,0
"67d0aced826014f4736f06a0",78,"average",6,6,34,4.32049379893857,28,40,0,0
"67d0aced826014f4736f06a0",79,"average",12,12,24.3333333333333,5.45180907793204,15,33,-0.206282093856245,0
"67d0aced826014f4736f06a0",80,"average",2,2,31,4,27,35,0,0
"67d0aced826014f4736f06a0",81,"average",2,2,29,4,25,33,0,0
"67d0aced826014f4736f06a0",82,"average",12,12,26.3333333333333,5.45180907793204,17,35,-0.206282093856245,0
"67d0aced826014f4736f06a0",83,"average",12,12,22.3333333333333,5.45180907793204,13,31,-0.206282093856245,0
"67d0aced826014f4736f06a0",84,"average",2,2,21,4,17,25,0,0
"67d0aced826014f4736f06a0",85,"average",12,12,26.3333333333333,5.45180907793204,17,35,-0.206282093856245,0
"67d0aced826014f4736f06a0",86,"average",2,2,32,4,28,36,0,0
"67d0aced826014f4736f06a0",87,"average",6,6,20,4.32049379893857,14,26,0,0
"67d0aced826014f4736f06a0",88,"average",8,8,14,5.47722557505166,6,22,0,0
"67d0aced826014f4736f06a0",89,"average",8,8,20,5.47722557505166,12,28,0,0
"67d0aced826014f4736f06a0",90,"average",6,6,20,4.32049379893857,14,26,0,0
"67d0aced826014f4736f06a0",91,"average",12,12,19.3333333333333,5.45180907793204,10,28,-0.206282093856245,0
"67d0aced826014f4736f06a0",92,"average",12,12,31.3333333333333,5.45180907793204,22,40,-0.206282093856245,0
"67d0aced826014f4736f06a0",93,"average",12,12,21.3333333333333,5.45180907793204,12,30,-0.206282093856245,0
"67d0aced826014f4736f06a0",94,"average",2,2,27,4,23,31,0,0
"67d0aced826014f4736f06a0",95,"average",8,8,33,5.47722557505166,25,41,0,0
"67d0aced826014f4736f06a0",96,"average",2,2,14,4,10,18,0,0
"67d0aced826014f4736f06a0",97,"average",6,6,17,4.32049379893857,11,23,0,0
"67d0aced826014f4736f06a0",98,"average",6,6,29,4.32049379893857,23,35,0,0
"67d0aced826014f4736f06a0",99,"average",12,12,17.3333333333333,5.45180907793204,8,26,-0.206282093856245,0
"67d0aced826014f4736f06a0",100,"average",8,8,29,5.47722557505166,21,37,0,0
"67d0aced826014f4736f06a0",101,"average",2,2,34,4,30,38,0,0
"67d0aced826014f4736f06a0",102,"average",12,12,32.3333333333333,5.45180907793204,23,41,-0.206282093856247,0
"67d0aced826014f4736f06a0",103,"average",2,2,32,4,28,36,0,0
"67d0aced826014f4736f06a0",104,"average",6,6,29,4.32049379893857,23,35,0,0
"67d0aced826014f4736f06a0",105,"average",12,12,19.3333333333333,5.45180907793204,10,28,-0.206282093856245,0
"67d0aced826014f4736f06a0",106,"average",6,6,28,4.32049379893857,22,34,0,0
"67d0aced826014f4736f06a0",107,"average",8,8,29,5.47722557505166,21,37,0,0
"67d0aced826014f4736f06a0",108,"average",6,6,15,4.32049379893857,9,21,0,0
"67d0aced826014f4736f06a0",109,"average",12,12,16.3333333333333,5.45180907793204,7,25,-0.206282093856245,0
"67d0aced826014f4736f06a0",110,"average",6,6,24,4.32049379893857,18,30,0,0
"67d0aced826014f4736f06a0",111,"average",8,8,27,5.47722557505166,19,35,0,0
"67d0aced826014f4736f06a0",112,"average",8,8,22,5.47722557505166,14,30,0,0
"67d0aced826014f4736f06a0",113,"average",8,8,18,5.47722557505166,10,26,0,0
"67d0aced826014f4736f06a0",114,"average",2,2,26,4,22,30,0,0
"67d0aced826014f4736f06a0",115,"average",8,8,33,5.47722557505166,25,41,0,0
"67d0aced826014f4736f06a0",116,"average",8,8,24,5.47722557505166,16,32,0,0
"6422f34be2b8257efb345837",1,"average",8,8,11.75,3.89711431702997,6,17,-0.128300059819917,0
"6422f34be2b8257efb345837",2,"average",11,11,38.2727272727273,5.89438730088994,30,48,0.104798573422068,0
"6422f34be2b8257efb345837",3,"average",7,7,39.2857142857143,6.01698276818648,29,48,-0.13731467000198,0
"6422f34be2b8257efb345837",4,"average",4,4,6.75,5.62916512459885,1,16,0.813073160160538,1
"6422f34be2b8257efb345837",5,"average",6,6,38.8333333333333,4.21966296705739,34,47,0.835057437986594,0
"6422f34be2b8257efb345837",6,"average",9,9,36.8888888888889,5.95248677154617,29,46,0.197720062243689,0
"6422f34be2b8257efb345837",7,"average",12,12,10.0833333333333,6.58860548388065,1,20,0.233315033828287,1
"6422f34be2b8257efb345837",8,"average",3,3,14.6666666666667,3.85861230093008,11,20,0.56731657799373,0
"6422f34be2b8257efb345837",9,"average",9,9,41,6.16441400296898,30,48,-0.768417257987823,0
"6422f34be2b8257efb345837",10,"average",4,4,11.25,4.02336923485777,7,17,0.323879993861629,0
"6422f34be2b8257efb345837",11,"average",11,11,40.7272727272727,5.56108081533714,31,48,-0.418889550917502,0
"6422f34be2b8257efb345837",12,"average",4,4,7.75,6.05702071979286,1,17,0.48727719078808,1
"6422f34be2b8257efb345837",13,"average",6,6,6.5,4.7169905660283,1,15,0.686021099869285,1
"6422f34be2b8257efb345837",14,"average",7,7,38.8571428571429,6.70668262531743,29,48,0.0293416398400477,0
"6422f34be2b8257efb345837",15,"average",12,12,37.9166666666667,6.52505853528448,29,48,0.0920090242514918,0
"6422f34be2b8257efb345837",16,"average",6,6,38.5,5.85234995535981,29,45,-0.449005484347495,0
"6422f34be2b8257efb345837",17,"average",9,9,37.4444444444444,7.19739321808962,29,48,0.387884788691281,0
"6422f34be2b8257efb345837",18,"average",8,8,9.125,6.15299723711948,1,19,0.110220786767032,1
"6422f34be2b8257efb345837",19,"average",2,2,41,7,34,48,0,0
"6422f34be2b8257efb345837",20,"average",2,2,8,3,5,11,0,0
"6422f34be2b8257efb345837",21,"average",6,6,19,4.32049379893857,13,25,0,0
"6422f34be2b8257efb345837",22,"average",6,6,19,4.32049379893857,13,25,0,0
"6422f34be2b8257efb345837",23,"average",8,8,26,5.47722557505166,18,34,0,0
"6422f34be2b8257efb345837",24,"average",8,8,35,5.47722557505166,27,43,0,0
"6422f34be2b8257efb345837",25,"average",6,6,24,4.32049379893857,18,30,0,0
"6422f34be2b8257efb345837",26,"average",6,6,21,4.32049379893857,15,27,0,0
"6422f34be2b8257efb345837",27,"average",2,2,17,4,13,21,0,0
"6422f34be2b8257efb345837",28,"average",12,12,18.3333333333333,5.45180907793204,9,27,-0.206282093856245,0
"6422f34be2b8257efb345837",29,"average",12,12,18.3333333333333,5.45180907793204,9,27,-0.206282093856245,0
"6422f34be2b8257efb345837",30,"average",6,6,16,4.32049379893857,10,22,0,0
"6422f34be2b8257efb345837",31,"average",12,12,16.3333333333333,5.45180907793204,7,25,-0.206282093856245,0
"6422f34be2b8257efb345837",32,"average",12,12,30.3333333333333,5.45180907793204,21,39,-0.206282093856245,0
"6422f34be2b8257efb345837",33,"average",2,2,33,4,29,37,0,0
"6422f34be2b8257efb345837",34,"average",2,2,24,4,20,28,0,0
"6422f34be2b8257efb345837",35,"average",8,8,36,5.47722557505166,28,44,0,0
"6422f34be2b8257efb345837",36,"average",2,2,32,4,28,36,0,0
"6422f34be2b8257efb345837",37,"average",12,12,31.3333333333333,5.45180907793204,22,40,-0.206282093856245,0
"6422f34be2b8257efb345837",38,"average",2,2,30,4,26,34,0,0
"6422f34be2b8257efb345837",39,"average",2,2,23,4,19,27,0,0
"6422f34be2b8257efb345837",40,"average",12,12,26.3333333333333,5.45180907793204,17,35,-0.206282093856245,0
"6422f34be2b8257efb345837",41,"average",6,6,32,4.32049379893857,26,38,0,0
"6422f34be2b8257efb345837",42,"average",8,8,19,5.47722557505166,11,27,0,0
"6422f34be2b8257efb345837",43,"average",8,8,31,5.47722557505166,23,39,0,0
"6422f34be2b8257efb345837",44,"average",12,12,34.3333333333333,5.45180907793204,25,43,-0.206282093856247,0
"6422f34be2b8257efb345837",45,"average",12,12,32.3333333333333,5.45180907793204,23,41,-0.206282093856247,0
"6422f34be2b8257efb345837",46,"average",12,12,17.3333333333333,5.45180907793204,8,26,-0.206282093856245,0
"6422f34be2b8257efb345837",47,"average",2,2,21,4,17,25,0,0
"6422f34be2b8257efb345837",48,"average",12,12,32.3333333333333,5.45180907793204,23,41,-0.206282093856247,0
"6422f34be2b8257efb345837",49,"average",12,12,36.3333333333333,5.45180907793204,27,45,-0.206282093856247,0
"6422f34be2b8257efb345837",50,"average",2,2,29,4,25,33,0,0
"6422f34be2b8257efb345837",51,"average",8,8,22,5.47722557505166,14,30,0,0
"6422f34be2b8257efb345837",52,"average",6,6,22,4.32049379893857,16,28,0,0
"6422f34be2b8257efb345837",53,"average",2,2,34,4,30,38,0,0
"6422f34be2b8257efb345837",54,"average",8,8,29,5.47722557505166,21,37,0,0
"6422f34be2b8257efb345837",55,"average",6,6,18,4.32049379893857,12,24,0,0
"6422f34be2b8257efb345837",56,"average",6,6,36,4.32049379893857,30,42,0,0
"6422f34be2b8257efb345837",57,"average",2,2,26,4,22,30,0,0
"6422f34be2b8257efb345837",58,"average",8,8,23,5.47722557505166,15,31,0,0
"6422f34be2b8257efb345837",59,"average",6,6,31,4.32049379893857,25,37,0,0
"6422f34be2b8257efb345837",60,"average",2,2,24,4,20,28,0,0
"6422f34be2b8257efb345837",61,"average",8,8,31,5.47722557505166,23,39,0,0
"6422f34be2b8257efb345837",62,"average",8,8,31,5.47722557505166,23,39,0,0
"6422f34be2b8257efb345837",63,"average",2,2,19,4,15,23,0,0
"6422f34be2b8257efb345837",64,"average",6,6,23,4.32049379893857,17,29,0,0
"6422f34be2b8257efb345837",65,"average",6,6,29,4.32049379893857,23,35,0,0
"6422f34be2b8257efb345837",66,"average",12,12,23.3333333333333,5.45180907793204,14,32,-0.206282093856245,0
"6422f34be2b8257efb345837",67,"average",8,8,32,5.47722557505166,24,40,0,0
"6422f34be2b8257efb345837",68,"average",8,8,34,5.47722557505166,26,42,0,0
"6422f34be2b8257efb345837",69,"average",2,2,23,4,19,27,0,0
"6422f34be2b8257efb345837",70,"average",8,8,34,5.47722557505166,26,42,0,0
"6422f34be2b8257efb345837",71,"average",8,8,20,5.47722557505166,12,28,0,0
"6422f34be2b8257efb345837",72,"average",12,12,26.3333333333333,5.45180907793204,17,35,-0.206282093856245,0
"6422f34be2b8257efb345837",73,"average",6,6,19,4.32049379893857,13,25,0,0
"6422f34be2b8257efb345837",74,"average",2,2,35,4,31,39,0,0
"6422f34be2b8257efb345837",75,"average",2,2,26,4,22,30,0,0
"6422f34be2b8257efb345837",76,"average",2,2,32,4,28,36,0,0
"6422f34be2b8257efb345837",77,"average",12,12,14.3333333333333,5.45180907793204,5,23,-0.206282093856245,0
"6422f34be2b8257efb345837",78,"average",12,12,30.3333333333333,5.45180907793204,21,39,-0.206282093856245,0
"6422f34be2b8257efb345837",79,"average",8,8,16,5.47722557505166,8,24,0,0
"6422f34be2b8257efb345837",80,"average",8,8,21,5.47722557505166,13,29,0,0
"6422f34be2b8257efb345837",81,"average",6,6,28,4.32049379893857,22,34,0,0
"6422f34be2b8257efb345837",82,"average",6,6,30,4.32049379893857,24,36,0,0
"6422f34be2b8257efb345837",83,"average",8,8,32,5.47722557505166,24,40,0,0
"6422f34be2b8257efb345837",84,"average",8,8,14,5.47722557505166,6,22,0,0
"6422f34be2b8257efb345837",85,"average",12,12,27.3333333333333,5.45180907793204,18,36,-0.206282093856245,0
"6422f34be2b8257efb345837",86,"average",2,2,20,4,16,24,0,0
"6422f34be2b8257efb345837",87,"average",8,8,16,5.47722557505166,8,24,0,0
"6422f34be2b8257efb345837",88,"average",2,2,30,4,26,34,0,0
"6422f34be2b8257efb345837",89,"average",12,12,35.3333333333333,5.45180907793204,26,44,-0.206282093856247,0
"6422f34be2b8257efb345837",90,"average",6,6,15,4.32049379893857,9,21,0,0
"6422f34be2b8257efb345837",91,"average",12,12,20.3333333333333,5.45180907793204,11,29,-0.206282093856245,0
"6422f34be2b8257efb345837",92,"average",2,2,27,4,23,31,0,0
"6422f34be2b8257efb345837",93,"average",6,6,31,4.32049379893857,25,37,0,0
"6422f34be2b8257efb345837",94,"average",8,8,34,5.47722557505166,26,42,0,0
"6422f34be2b8257efb345837",95,"average",6,6,20,4.32049379893857,14,26,0,0
"6422f34be2b8257efb345837",96,"average",6,6,25,4.32049379893857,19,31,0,0
"6422f34be2b8257efb345837",97,"average",12,12,24.3333333333333,5.45180907793204,15,33,-0.206282093856245,0
"6422f34be2b8257efb345837",98,"average",2,2,33,4,29,37,0,0
"6422f34be2b8257efb345837",99,"average",2,2,23,4,19,27,0,0
"6422f34be2b8257efb345837",100,"average",6,6,22,4.32049379893857,16,28,0,0
"6422f34be2b8257efb345837",101,"average",2,2,16,4,12,20,0,0
"6422f34be2b8257efb345837",102,"average",6,6,27,4.32049379893857,21,33,0,0
"6422f34be2b8257efb345837",103,"average",6,6,23,4.32049379893857,17,29,0,0
"6422f34be2b8257efb345837",104,"average",6,6,19,4.32049379893857,13,25,0,0
"6422f34be2b8257efb345837",105,"average",8,8,34,5.47722557505166,26,42,0,0
"6422f34be2b8257efb345837",106,"average",12,12,28.3333333333333,5.45180907793204,19,37,-0.206282093856245,0
"6422f34be2b8257efb345837",107,"average",12,12,15.3333333333333,5.45180907793204,6,24,-0.206282093856245,0
"6422f34be2b8257efb345837",108,"average",12,12,24.3333333333333,5.45180907793204,15,33,-0.206282093856245,0
"6422f34be2b8257efb345837",109,"average",8,8,35,5.47722557505166,27,43,0,0
"6422f34be2b8257efb345837",110,"average",12,12,23.3333333333333,5.45180907793204,14,32,-0.206282093856245,0
"6422f34be2b8257efb345837",111,"average",8,8,27,5.47722557505166,19,35,0,0
"6422f34be2b8257efb345837",112,"average",2,2,14,4,10,18,0,0
"6422f34be2b8257efb345837",113,"average",6,6,33,4.32049379893857,27,39,0,0
"6422f34be2b8257efb345837",114,"average",2,2,15,4,11,19,0,0
"6422f34be2b8257efb345837",115,"average",12,12,35.3333333333333,5.45180907793204,26,44,-0.206282093856247,0
"6422f34be2b8257efb345837",116,"average",8,8,31,5.47722557505166,23,39,0,0
"62cd43d66c2dd7ae9ab53ae7",1,"average",7,7,11.2857142857143,4.71212071499161,5,20,0.639832608235785,0
"62cd43d66c2dd7ae9ab53ae7",2,"average",10,10,10.1,6.13921819126833,1,20,0.39497442475161,1
"62cd43d66c2dd7ae9ab53ae7",3,"average",10,10,39.1,5.37494186015067,30,47,-0.18268689963968,0
"62cd43d66c2dd7ae9ab53ae7",4,"average",9,9,11,6.03692342542494,2,20,0.0818136001103284,0
"62cd43d66c2dd7ae9ab53ae7",5,"average",9,9,8.88888888888889,6.08174763706845,1,20,0.362538184498662,1
"62cd43d66c2dd7ae9ab53ae7",6,"average",8,8,39.875,4.04467242184086,34,45,-0.249186967705469,0
"62cd43d66c2dd7ae9ab53ae7",7,"average",12,12,37.6666666666667,5.12076383191241,30,47,0.133498798548134,0
"62cd43d66c2dd7ae9ab53ae7",8,"average",7,7,38.8571428571429,5.79232426648951,30,46,-0.420714265879471,0
"62cd43d66c2dd7ae9ab53ae7",9,"average",11,11,9,5.73664456883036,1,18,0.164687104086718,1
"62cd43d66c2dd7ae9ab53ae7",10,"average",6,6,38.8333333333333,6.20259802197613,31,47,-0.00807083875085275,0
"62cd43d66c2dd7ae9ab53ae7",11,"average",11,11,12.2727272727273,5.15383192111213,4,20,-0.0453436401507363,0
"62cd43d66c2dd7ae9ab53ae7",12,"average",6,6,38,3.55902608401044,32,43,-0.266187546449534,0
"62cd43d66c2dd7ae9ab53ae7",13,"average",4,4,37.25,4.65698400254929,32,44,0.331379206984879,0
"62cd43d66c2dd7ae9ab53ae7",14,"average",2,2,9,7,2,16,0,0
"62cd43d66c2dd7ae9ab53ae7",15,"average",9,9,35.8888888888889,6.53952843091652,29,47,0.715659311777271,0
"62cd43d66c2dd7ae9ab53ae7",16,"average",9,9,40.1111111111111,6.53952843091652,29,48,-0.329484041844246,0
"62cd43d66c2dd7ae9ab53ae7",17,"average",12,12,9.83333333333333,5.92780641459291,1,19,-0.00284494700833187,1
"62cd43d66c2dd7ae9ab53ae7",18,"average",11,11,11.0909090909091,5.72799418255395,1,19,-0.317052540713403,1
"62cd43d66c2dd7ae9ab53ae7",19,"average",10,10,36.9,5.52177507691141,29,47,0.221241616045604,0
"62cd43d66c2dd7ae9ab53ae7",20,"average",8,8,40,5.61248608016091,32,48,-0.0254534516107071,0
"62cd43d66c2dd7ae9ab53ae7",21,"average",8,8,20,5.47722557505166,12,28,0,0
"62cd43d66c2dd7ae9ab53ae7",22,"average",2,2,28,4,24,32,0,0
"62cd43d66c2dd7ae9ab53ae7",23,"average",2,2,19,4,15,23,0,0
"62cd43d66c2dd7ae9ab53ae7",24,"average",2,2,30,4,26,34,0,0
"62cd43d66c2dd7ae9ab53ae7",25,"average",6,6,18,4.32049379893857,12,24,0,0
"62cd43d66c2dd7ae9ab53ae7",26,"average",6,6,23,4.32049379893857,17,29,0,0
"62cd43d66c2dd7ae9ab53ae7",27,"average",12,12,34.3333333333333,5.45180907793204,25,43,-0.206282093856247,0
"62cd43d66c2dd7ae9ab53ae7",28,"average",8,8,33,5.47722557505166,25,41,0,0
"62cd43d66c2dd7ae9ab53ae7",29,"average",2,2,36,4,32,40,0,0
"62cd43d66c2dd7ae9ab53ae7",30,"average",6,6,23,4.32049379893857,17,29,0,0
"62cd43d66c2dd7ae9ab53ae7",31,"average",6,6,31,4.32049379893857,25,37,0,0
"62cd43d66c2dd7ae9ab53ae7",32,"average",12,12,31.3333333333333,5.45180907793204,22,40,-0.206282093856245,0
"62cd43d66c2dd7ae9ab53ae7",33,"average",2,2,14,4,10,18,0,0
"62cd43d66c2dd7ae9ab53ae7",34,"average",12,12,21.3333333333333,5.45180907793204,12,30,-0.206282093856245,0
"62cd43d66c2dd7ae9ab53ae7",35,"average",12,12,18.3333333333333,5.45180907793204,9,27,-0.206282093856245,0
"62cd43d66c2dd7ae9ab53ae7",36,"average",2,2,18,4,14,22,0,0
"62cd43d66c2dd7ae9ab53ae7",37,"average",12,12,17.3333333333333,5.45180907793204,8,26,-0.206282093856245,0
"62cd43d66c2dd7ae9ab53ae7",38,"average",6,6,20,4.32049379893857,14,26,0,0
"62cd43d66c2dd7ae9ab53ae7",39,"average",2,2,20,4,16,24,0,0
"62cd43d66c2dd7ae9ab53ae7",40,"average",2,2,32,4,28,36,0,0
"62cd43d66c2dd7ae9ab53ae7",41,"average",8,8,33,5.47722557505166,25,41,0,0
"62cd43d66c2dd7ae9ab53ae7",42,"average",6,6,22,4.32049379893857,16,28,0,0
"62cd43d66c2dd7ae9ab53ae7",43,"average",2,2,24,4,20,28,0,0
"62cd43d66c2dd7ae9ab53ae7",44,"average",8,8,32,5.47722557505166,24,40,0,0
"62cd43d66c2dd7ae9ab53ae7",45,"average",12,12,15.3333333333333,5.45180907793204,6,24,-0.206282093856245,0
"62cd43d66c2dd7ae9ab53ae7",46,"average",8,8,29,5.47722557505166,21,37,0,0
"62cd43d66c2dd7ae9ab53ae7",47,"average",6,6,31,4.32049379893857,25,37,0,0
"62cd43d66c2dd7ae9ab53ae7",48,"average",8,8,15,5.47722557505166,7,23,0,0
"62cd43d66c2dd7ae9ab53ae7",49,"average",12,12,18.3333333333333,5.45180907793204,9,27,-0.206282093856245,0
"62cd43d66c2dd7ae9ab53ae7",50,"average",12,12,17.3333333333333,5.45180907793204,8,26,-0.206282093856245,0
"62cd43d66c2dd7ae9ab53ae7",51,"average",8,8,35,5.47722557505166,27,43,0,0
"62cd43d66c2dd7ae9ab53ae7",52,"average",8,8,24,5.47722557505166,16,32,0,0
"62cd43d66c2dd7ae9ab53ae7",53,"average",2,2,21,4,17,25,0,0
"62cd43d66c2dd7ae9ab53ae7",54,"average",2,2,15,4,11,19,0,0
"62cd43d66c2dd7ae9ab53ae7",55,"average",12,12,30.3333333333333,5.45180907793204,21,39,-0.206282093856245,0
"62cd43d66c2dd7ae9ab53ae7",56,"average",2,2,34,4,30,38,0,0
"62cd43d66c2dd7ae9ab53ae7",57,"average",12,12,34.3333333333333,5.45180907793204,25,43,-0.206282093856247,0
"62cd43d66c2dd7ae9ab53ae7",58,"average",8,8,25,5.47722557505166,17,33,0,0
"62cd43d66c2dd7ae9ab53ae7",59,"average",6,6,26,4.32049379893857,20,32,0,0
"62cd43d66c2dd7ae9ab53ae7",60,"average",6,6,15,4.32049379893857,9,21,0,0
"62cd43d66c2dd7ae9ab53ae7",61,"average",8,8,33,5.47722557505166,25,41,0,0
"62cd43d66c2dd7ae9ab53ae7",62,"average",6,6,18,4.32049379893857,12,24,0,0
"62cd43d66c2dd7ae9ab53ae7",63,"average",12,12,23.3333333333333,5.45180907793204,14,32,-0.206282093856245,0
"62cd43d66c2dd7ae9ab53ae7",64,"average",6,6,27,4.32049379893857,21,33,0,0
"62cd43d66c2dd7ae9ab53ae7",65,"average",6,6,23,4.32049379893857,17,29,0,0
"62cd43d66c2dd7ae9ab53ae7",66,"average",12,12,18.3333333333333,5.45180907793204,9,27,-0.206282093856245,0
"62cd43d66c2dd7ae9ab53ae7",67,"average",8,8,16,5.47722557505166,8,24,0,0
"62cd43d66c2dd7ae9ab53ae7",68,"average",8,8,34,5.47722557505166,26,42,0,0
"62cd43d66c2dd7ae9ab53ae7",69,"average",8,8,18,5.47722557505166,10,26,0,0
"62cd43d66c2dd7ae9ab53ae7",70,"average",2,2,18,4,14,22,0,0
"62cd43d66c2dd7ae9ab53ae7",71,"average",2,2,28,4,24,32,0,0
"62cd43d66c2dd7ae9ab53ae7",72,"average",12,12,25.3333333333333,5.45180907793204,16,34,-0.206282093856245,0
"62cd43d66c2dd7ae9ab53ae7",73,"average",6,6,14,4.32049379893857,8,20,0,0
"62cd43d66c2dd7ae9ab53ae7",74,"average",12,12,34.3333333333333,5.45180907793204,25,43,-0.206282093856247,0
"62cd43d66c2dd7ae9ab53ae7",75,"average",6,6,27,4.32049379893857,21,33,0,0
"62cd43d66c2dd7ae9ab53ae7",76,"average",12,12,26.3333333333333,5.45180907793204,17,35,-0.206282093856245,0
"62cd43d66c2dd7ae9ab53ae7",77,"average",6,6,19,4.32049379893857,13,25,0,0
"62cd43d66c2dd7ae9ab53ae7",78,"average",8,8,25,5.47722557505166,17,33,0,0
"62cd43d66c2dd7ae9ab53ae7",79,"average",12,12,26.3333333333333,5.45180907793204,17,35,-0.206282093856245,0
"62cd43d66c2dd7ae9ab53ae7",80,"average",2,2,27,4,23,31,0,0
"62cd43d66c2dd7ae9ab53ae7",81,"average",6,6,24,4.32049379893857,18,30,0,0
"62cd43d66c2dd7ae9ab53ae7",82,"average",6,6,25,4.32049379893857,19,31,0,0
"62cd43d66c2dd7ae9ab53ae7",83,"average",2,2,32,4,28,36,0,0
"62cd43d66c2dd7ae9ab53ae7",84,"average",8,8,17,5.47722557505166,9,25,0,0
"62cd43d66c2dd7ae9ab53ae7",85,"average",12,12,16.3333333333333,5.45180907793204,7,25,-0.206282093856245,0
"62cd43d66c2dd7ae9ab53ae7",86,"average",12,12,28.3333333333333,5.45180907793204,19,37,-0.206282093856245,0
"62cd43d66c2dd7ae9ab53ae7",87,"average",6,6,28,4.32049379893857,22,34,0,0
"62cd43d66c2dd7ae9ab53ae7",88,"average",6,6,31,4.32049379893857,25,37,0,0
"62cd43d66c2dd7ae9ab53ae7",89,"average",12,12,16.3333333333333,5.45180907793204,7,25,-0.206282093856245,0
"62cd43d66c2dd7ae9ab53ae7",90,"average",8,8,25,5.47722557505166,17,33,0,0
"62cd43d66c2dd7ae9ab53ae7",91,"average",6,6,35,4.32049379893857,29,41,0,0
"62cd43d66c2dd7ae9ab53ae7",92,"average",6,6,20,4.32049379893857,14,26,0,0
"62cd43d66c2dd7ae9ab53ae7",93,"average",2,2,34,4,30,38,0,0
"62cd43d66c2dd7ae9ab53ae7",94,"average",8,8,30,5.47722557505166,22,38,0,0
"62cd43d66c2dd7ae9ab53ae7",95,"average",2,2,26,4,22,30,0,0
"62cd43d66c2dd7ae9ab53ae7",96,"average",2,2,20,4,16,24,0,0
"62cd43d66c2dd7ae9ab53ae7",97,"average",2,2,24,4,20,28,0,0
"62cd43d66c2dd7ae9ab53ae7",98,"average",8,8,32,5.47722557505166,24,40,0,0
"62cd43d66c2dd7ae9ab53ae7",99,"average",8,8,22,5.47722557505166,14,30,0,0
"62cd43d66c2dd7ae9ab53ae7",100,"average",2,2,32,4,28,36,0,0
"62cd43d66c2dd7ae9ab53ae7",101,"average",12,12,18.3333333333333,5.45180907793204,9,27,-0.206282093856245,0
"62cd43d66c2dd7ae9ab53ae7",102,"average",6,6,35,4.32049379893857,29,41,0,0
"62cd43d66c2dd7ae9ab53ae7",103,"average",6,6,35,4.32049379893857,29,41,0,0
"62cd43d66c2dd7ae9ab53ae7",104,"average",12,12,35.3333333333333,5.45180907793204,26,44,-0.206282093856247,0
"62cd43d66c2dd7ae9ab53ae7",105,"average",12,12,24.3333333333333,5.45180907793204,15,33,-0.206282093856245,0
"62cd43d66c2dd7ae9ab53ae7",106,"average",2,2,31,4,27,35,0,0
"62cd43d66c2dd7ae9ab53ae7",107,"average",2,2,19,4,15,23,0,0
"62cd43d66c2dd7ae9ab53ae7",108,"average",12,12,25.3333333333333,5.45180907793204,16,34,-0.206282093856245,0
"62cd43d66c2dd7ae9ab53ae7",109,"average",8,8,20,5.47722557505166,12,28,0,0
"62cd43d66c2dd7ae9ab53ae7",110,"average",2,2,19,4,15,23,0,0
"62cd43d66c2dd7ae9ab53ae7",111,"average",6,6,26,4.32049379893857,20,32,0,0
"62cd43d66c2dd7ae9ab53ae7",112,"average",8,8,36,5.47722557505166,28,44,0,0
"62cd43d66c2dd7ae9ab53ae7",113,"average",8,8,20,5.47722557505166,12,28,0,0
"62cd43d66c2dd7ae9ab53ae7",114,"average",12,12,31.3333333333333,5.45180907793204,22,40,-0.206282093856245,0
"62cd43d66c2dd7ae9ab53ae7",115,"average",8,8,18,5.47722557505166,10,26,0,0
"62cd43d66c2dd7ae9ab53ae7",116,"average",8,8,24,5.47722557505166,16,32,0,0
"615921b85071b9caef6148d8",1,"average",6,6,37.6666666666667,6.0184900284226,30,47,0.118924583722454,0
"615921b85071b9caef6148d8",2,"average",7,7,37.7142857142857,3.10365156891435,33,42,-0.191331292406411,0
"615921b85071b9caef6148d8",3,"average",9,9,37.4444444444444,5.18783001330167,30,45,-0.00616985422842699,0
"615921b85071b9caef6148d8",4,"average",3,3,34.6666666666667,4.49691252107735,31,41,0.680971899701849,0
"615921b85071b9caef6148d8",5,"average",8,8,13.375,6.42139976952066,1,20,-0.893437028975409,1
"615921b85071b9caef6148d8",6,"average",5,5,39.8,6.7349832961931,29,48,-0.406469625412957,0
"615921b85071b9caef6148d8",7,"average",3,3,37.6666666666667,6.59966329107444,29,45,-0.294799620144828,0
"615921b85071b9caef6148d8",8,"average",7,7,37.4285714285714,6.0676458804558,29,45,-0.194982573272154,0
"615921b85071b9caef6148d8",9,"average",2,2,36,1,35,37,0,0
"615921b85071b9caef6148d8",10,"average",6,6,13.3333333333333,5.31245915016974,3,20,-0.83990147144478,0
"615921b85071b9caef6148d8",11,"average",3,3,10,6.97614984548545,1,18,-0.212072860755985,1
"615921b85071b9caef6148d8",12,"average",3,3,37.3333333333333,5.73488351136175,30,44,-0.172800544078652,0
"615921b85071b9caef6148d8",13,"average",2,2,32.5,2.5,30,35,0,0
"615921b85071b9caef6148d8",14,"average",11,11,13,6.10513941468393,1,20,-0.826972186034225,1
"615921b85071b9caef6148d8",15,"average",5,5,34.8,5.84465567848098,29,46,1.18357090363417,0
"615921b85071b9caef6148d8",16,"average",7,7,10.2857142857143,7.47785847331566,1,20,-0.0873485903185962,1
"615921b85071b9caef6148d8",17,"average",3,3,9,4.89897948556636,3,15,0,0
"615921b85071b9caef6148d8",18,"average",8,8,11.5,6.26498204307083,1,20,-0.427001899969938,1
"615921b85071b9caef6148d8",19,"average",11,11,38.4545454545455,6.02062570538125,30,48,0.212551260163106,0
"615921b85071b9caef6148d8",20,"average",5,5,34.6,4.36348484585429,29,42,0.516509531308752,0
"615921b85071b9caef6148d8",21,"average",2,2,26,4,22,30,0,0
"615921b85071b9caef6148d8",22,"average",12,12,14.3333333333333,5.45180907793204,5,23,-0.206282093856245,0
"615921b85071b9caef6148d8",23,"average",6,6,32,4.32049379893857,26,38,0,0
"615921b85071b9caef6148d8",24,"average",8,8,30,5.47722557505166,22,38,0,0
"615921b85071b9caef6148d8",25,"average",2,2,30,4,26,34,0,0
"615921b85071b9caef6148d8",26,"average",12,12,15.3333333333333,5.45180907793204,6,24,-0.206282093856245,0
"615921b85071b9caef6148d8",27,"average",6,6,35,4.32049379893857,29,41,0,0
"615921b85071b9caef6148d8",28,"average",12,12,20.3333333333333,5.45180907793204,11,29,-0.206282093856245,0
"615921b85071b9caef6148d8",29,"average",12,12,17.3333333333333,5.45180907793204,8,26,-0.206282093856245,0
"615921b85071b9caef6148d8",30,"average",8,8,36,5.47722557505166,28,44,0,0
"615921b85071b9caef6148d8",31,"average",8,8,30,5.47722557505166,22,38,0,0
"615921b85071b9caef6148d8",32,"average",12,12,34.3333333333333,5.45180907793204,25,43,-0.206282093856247,0
"615921b85071b9caef6148d8",33,"average",2,2,35,4,31,39,0,0
"615921b85071b9caef6148d8",34,"average",6,6,34,4.32049379893857,28,40,0,0
"615921b85071b9caef6148d8",35,"average",12,12,34.3333333333333,5.45180907793204,25,43,-0.206282093856247,0
"615921b85071b9caef6148d8",36,"average",12,12,14.3333333333333,5.45180907793204,5,23,-0.206282093856245,0
"615921b85071b9caef6148d8",37,"average",6,6,14,4.32049379893857,8,20,0,0
"615921b85071b9caef6148d8",38,"average",8,8,22,5.47722557505166,14,30,0,0
"615921b85071b9caef6148d8",39,"average",2,2,29,4,25,33,0,0
"615921b85071b9caef6148d8",40,"average",6,6,35,4.32049379893857,29,41,0,0
"615921b85071b9caef6148d8",41,"average",8,8,14,5.47722557505166,6,22,0,0
"615921b85071b9caef6148d8",42,"average",8,8,31,5.47722557505166,23,39,0,0
"615921b85071b9caef6148d8",43,"average",2,2,21,4,17,25,0,0
"615921b85071b9caef6148d8",44,"average",8,8,27,5.47722557505166,19,35,0,0
"615921b85071b9caef6148d8",45,"average",6,6,28,4.32049379893857,22,34,0,0
"615921b85071b9caef6148d8",46,"average",8,8,22,5.47722557505166,14,30,0,0
"615921b85071b9caef6148d8",47,"average",6,6,30,4.32049379893857,24,36,0,0
"615921b85071b9caef6148d8",48,"average",8,8,21,5.47722557505166,13,29,0,0
"615921b85071b9caef6148d8",49,"average",12,12,14.3333333333333,5.45180907793204,5,23,-0.206282093856245,0
"615921b85071b9caef6148d8",50,"average",2,2,25,4,21,29,0,0
"615921b85071b9caef6148d8",51,"average",2,2,27,4,23,31,0,0
"615921b85071b9caef6148d8",52,"average",6,6,35,4.32049379893857,29,41,0,0
"615921b85071b9caef6148d8",53,"average",12,12,14.3333333333333,5.45180907793204,5,23,-0.206282093856245,0
"615921b85071b9caef6148d8",54,"average",12,12,21.3333333333333,5.45180907793204,12,30,-0.206282093856245,0
"615921b85071b9caef6148d8",55,"average",2,2,27,4,23,31,0,0
"615921b85071b9caef6148d8",56,"average",2,2,36,4,32,40,0,0
"615921b85071b9caef6148d8",57,"average",12,12,16.3333333333333,5.45180907793204,7,25,-0.206282093856245,0
"615921b85071b9caef6148d8",58,"average",8,8,16,5.47722557505166,8,24,0,0
"615921b85071b9caef6148d8",59,"average",2,2,27,4,23,31,0,0
"615921b85071b9caef6148d8",60,"average",8,8,30,5.47722557505166,22,38,0,0
"615921b85071b9caef6148d8",61,"average",8,8,16,5.47722557505166,8,24,0,0
"615921b85071b9caef6148d8",62,"average",6,6,33,4.32049379893857,27,39,0,0
"615921b85071b9caef6148d8",63,"average",2,2,32,4,28,36,0,0
"615921b85071b9caef6148d8",64,"average",6,6,20,4.32049379893857,14,26,0,0
"615921b85071b9caef6148d8",65,"average",6,6,34,4.32049379893857,28,40,0,0
"615921b85071b9caef6148d8",66,"average",12,12,16.3333333333333,5.45180907793204,7,25,-0.206282093856245,0
"615921b85071b9caef6148d8",67,"average",6,6,29,4.32049379893857,23,35,0,0
"615921b85071b9caef6148d8",68,"average",2,2,35,4,31,39,0,0
"615921b85071b9caef6148d8",69,"average",2,2,24,4,20,28,0,0
"615921b85071b9caef6148d8",70,"average",2,2,33,4,29,37,0,0
"615921b85071b9caef6148d8",71,"average",8,8,15,5.47722557505166,7,23,0,0
"615921b85071b9caef6148d8",72,"average",2,2,32,4,28,36,0,0
"615921b85071b9caef6148d8",73,"average",8,8,23,5.47722557505166,15,31,0,0
"615921b85071b9caef6148d8",74,"average",12,12,20.3333333333333,5.45180907793204,11,29,-0.206282093856245,0
"615921b85071b9caef6148d8",75,"average",12,12,34.3333333333333,5.45180907793204,25,43,-0.206282093856247,0
"615921b85071b9caef6148d8",76,"average",2,2,27,4,23,31,0,0
"615921b85071b9caef6148d8",77,"average",6,6,14,4.32049379893857,8,20,0,0
"615921b85071b9caef6148d8",78,"average",8,8,36,5.47722557505166,28,44,0,0
"615921b85071b9caef6148d8",79,"average",2,2,35,4,31,39,0,0
"615921b85071b9caef6148d8",80,"average",12,12,32.3333333333333,5.45180907793204,23,41,-0.206282093856247,0
"615921b85071b9caef6148d8",81,"average",12,12,32.3333333333333,5.45180907793204,23,41,-0.206282093856247,0
"615921b85071b9caef6148d8",82,"average",6,6,24,4.32049379893857,18,30,0,0
"615921b85071b9caef6148d8",83,"average",6,6,32,4.32049379893857,26,38,0,0
"615921b85071b9caef6148d8",84,"average",12,12,33.3333333333333,5.45180907793204,24,42,-0.206282093856247,0
"615921b85071b9caef6148d8",85,"average",6,6,21,4.32049379893857,15,27,0,0
"615921b85071b9caef6148d8",86,"average",12,12,34.3333333333333,5.45180907793204,25,43,-0.206282093856247,0
"615921b85071b9caef6148d8",87,"average",2,2,17,4,13,21,0,0
"615921b85071b9caef6148d8",88,"average",6,6,27,4.32049379893857,21,33,0,0
"615921b85071b9caef6148d8",89,"average",6,6,23,4.32049379893857,17,29,0,0
"615921b85071b9caef6148d8",90,"average",8,8,34,5.47722557505166,26,42,0,0
"615921b85071b9caef6148d8",91,"average",8,8,15,5.47722557505166,7,23,0,0
"615921b85071b9caef6148d8",92,"average",6,6,23,4.32049379893857,17,29,0,0
"615921b85071b9caef6148d8",93,"average",12,12,21.3333333333333,5.45180907793204,12,30,-0.206282093856245,0
"615921b85071b9caef6148d8",94,"average",8,8,19,5.47722557505166,11,27,0,0
"615921b85071b9caef6148d8",95,"average",6,6,28,4.32049379893857,22,34,0,0
"615921b85071b9caef6148d8",96,"average",6,6,31,4.32049379893857,25,37,0,0
"615921b85071b9caef6148d8",97,"average",12,12,33.3333333333333,5.45180907793204,24,42,-0.206282093856247,0
"615921b85071b9caef6148d8",98,"average",8,8,34,5.47722557505166,26,42,0,0
"615921b85071b9caef6148d8",99,"average",2,2,29,4,25,33,0,0
"615921b85071b9caef6148d8",100,"average",8,8,32,5.47722557505166,24,40,0,0
"615921b85071b9caef6148d8",101,"average",8,8,14,5.47722557505166,6,22,0,0
"615921b85071b9caef6148d8",102,"average",2,2,20,4,16,24,0,0
"615921b85071b9caef6148d8",103,"average",8,8,28,5.47722557505166,20,36,0,0
"615921b85071b9caef6148d8",104,"average",6,6,14,4.32049379893857,8,20,0,0
"615921b85071b9caef6148d8",105,"average",2,2,34,4,30,38,0,0
"615921b85071b9caef6148d8",106,"average",2,2,32,4,28,36,0,0
"615921b85071b9caef6148d8",107,"average",2,2,32,4,28,36,0,0
"615921b85071b9caef6148d8",108,"average",8,8,30,5.47722557505166,22,38,0,0
"615921b85071b9caef6148d8",109,"average",12,12,33.3333333333333,5.45180907793204,24,42,-0.206282093856247,0
"615921b85071b9caef6148d8",110,"average",12,12,30.3333333333333,5.45180907793204,21,39,-0.206282093856245,0
"615921b85071b9caef6148d8",111,"average",12,12,17.3333333333333,5.45180907793204,8,26,-0.206282093856245,0
"615921b85071b9caef6148d8",112,"average",6,6,14,4.32049379893857,8,20,0,0
"615921b85071b9caef6148d8",113,"average",12,12,17.3333333333333,5.45180907793204,8,26,-0.206282093856245,0
"615921b85071b9caef6148d8",114,"average",6,6,29,4.32049379893857,23,35,0,0
"615921b85071b9caef6148d8",115,"average",2,2,31,4,27,35,0,0
"615921b85071b9caef6148d8",116,"average",8,8,29,5.47722557505166,21,37,0,0
"67db3c988acf7102a0ce9138",1,"average",6,6,10,4.54606056566195,3,17,-0.0638624533157506,0
"67db3c988acf7102a0ce9138",2,"average",9,9,37.3333333333333,6.37704215656966,29,47,0.268495011519101,0
"67db3c988acf7102a0ce9138",3,"average",7,7,36.8571428571429,5.93845991166472,29,47,0.214752248565761,0
"67db3c988acf7102a0ce9138",4,"average",4,4,41.25,5.40254569624358,33,47,-0.508325672945074,0
"67db3c988acf7102a0ce9138",5,"average",9,9,38.3333333333333,5.84997625826141,30,47,0.00370001871622079,0
"67db3c988acf7102a0ce9138",6,"average",8,8,39.25,6.8145065852195,29,48,-0.0476973120960063,0
"67db3c988acf7102a0ce9138",7,"average",11,11,10.2727272727273,6.12136213437543,1,19,-0.061219112274395,1
"67db3c988acf7102a0ce9138",8,"average",11,11,11.3636363636364,6.34282310636815,1,20,-0.333206248178403,1
"67db3c988acf7102a0ce9138",9,"average",5,5,9.6,3.72021504754765,3,14,-0.732756447101254,0
"67db3c988acf7102a0ce9138",10,"average",12,12,40.0833333333333,5.6636021125154,30,48,-0.349188498574564,0
"67db3c988acf7102a0ce9138",11,"average",9,9,8.66666666666667,5.81186525805423,1,20,0.527127927988775,1
"67db3c988acf7102a0ce9138",12,"average",10,10,38.7,5.1,31,48,0.156319967433338,0
"67db3c988acf7102a0ce9138",13,"average",4,4,36.75,6.17960354715414,29,45,0.0822355839137412,0
"67db3c988acf7102a0ce9138",14,"average",7,7,35.1428571428571,6.17433793856409,29,47,0.84884442052319,0
"67db3c988acf7102a0ce9138",15,"average",7,7,12.4285714285714,5.57692037026947,2,19,-0.712804348893949,0
"67db3c988acf7102a0ce9138",16,"average",7,7,37.8571428571429,5.48839220351387,29,46,0.00465558639776494,0
"67db3c988acf7102a0ce9138",17,"average",8,8,38.125,5.90418283930977,29,47,-0.051984356519431,0
"67db3c988acf7102a0ce9138",18,"average",6,6,9.83333333333333,6.69369520934107,3,20,0.564296189414215,0
"67db3c988acf7102a0ce9138",19,"average",7,7,38,6.92820323027551,29,47,0.126295371385231,0
"67db3c988acf7102a0ce9138",20,"average",12,12,38.1666666666667,5.75663867972351,29,48,-0.0545551358280309,0
"67db3c988acf7102a0ce9138",21,"average",8,8,32,5.47722557505166,24,40,0,0
"67db3c988acf7102a0ce9138",22,"average",2,2,16,4,12,20,0,0
"67db3c988acf7102a0ce9138",23,"average",8,8,28,5.47722557505166,20,36,0,0
"67db3c988acf7102a0ce9138",24,"average",12,12,29.3333333333333,5.45180907793204,20,38,-0.206282093856245,0
"67db3c988acf7102a0ce9138",25,"average",6,6,23,4.32049379893857,17,29,0,0
"67db3c988acf7102a0ce9138",26,"average",6,6,30,4.32049379893857,24,36,0,0
"67db3c988acf7102a0ce9138",27,"average",12,12,27.3333333333333,5.45180907793204,18,36,-0.206282093856245,0
"67db3c988acf7102a0ce9138",28,"average",8,8,24,5.47722557505166,16,32,0,0
"67db3c988acf7102a0ce9138",29,"average",6,6,17,4.32049379893857,11,23,0,0
"67db3c988acf7102a0ce9138",30,"average",12,12,36.3333333333333,5.45180907793204,27,45,-0.206282093856247,0
"67db3c988acf7102a0ce9138",31,"average",2,2,31,4,27,35,0,0
"67db3c988acf7102a0ce9138",32,"average",6,6,31,4.32049379893857,25,37,0,0
"67db3c988acf7102a0ce9138",33,"average",8,8,17,5.47722557505166,9,25,0,0
"67db3c988acf7102a0ce9138",34,"average",8,8,30,5.47722557505166,22,38,0,0
"67db3c988acf7102a0ce9138",35,"average",2,2,36,4,32,40,0,0
"67db3c988acf7102a0ce9138",36,"average",2,2,25,4,21,29,0,0
"67db3c988acf7102a0ce9138",37,"average",6,6,36,4.32049379893857,30,42,0,0
"67db3c988acf7102a0ce9138",38,"average",12,12,14.3333333333333,5.45180907793204,5,23,-0.206282093856245,0
"67db3c988acf7102a0ce9138",39,"average",2,2,30,4,26,34,0,0
"67db3c988acf7102a0ce9138",40,"average",6,6,17,4.32049379893857,11,23,0,0
"67db3c988acf7102a0ce9138",41,"average",2,2,21,4,17,25,0,0
"67db3c988acf7102a0ce9138",42,"average",2,2,34,4,30,38,0,0
"67db3c988acf7102a0ce9138",43,"average",6,6,17,4.32049379893857,11,23,0,0
"67db3c988acf7102a0ce9138",44,"average",2,2,36,4,32,40,0,0
"67db3c988acf7102a0ce9138",45,"average",12,12,36.3333333333333,5.45180907793204,27,45,-0.206282093856247,0
"67db3c988acf7102a0ce9138",46,"average",6,6,26,4.32049379893857,20,32,0,0
"67db3c988acf7102a0ce9138",47,"average",8,8,22,5.47722557505166,14,30,0,0
"67db3c988acf7102a0ce9138",48,"average",6,6,26,4.32049379893857,20,32,0,0
"67db3c988acf7102a0ce9138",49,"average",8,8,27,5.47722557505166,19,35,0,0
"67db3c988acf7102a0ce9138",50,"average",6,6,33,4.32049379893857,27,39,0,0
"67db3c988acf7102a0ce9138",51,"average",8,8,23,5.47722557505166,15,31,0,0
"67db3c988acf7102a0ce9138",52,"average",2,2,19,4,15,23,0,0
"67db3c988acf7102a0ce9138",53,"average",12,12,31.3333333333333,5.45180907793204,22,40,-0.206282093856245,0
"67db3c988acf7102a0ce9138",54,"average",2,2,29,4,25,33,0,0
"67db3c988acf7102a0ce9138",55,"average",2,2,29,4,25,33,0,0
"67db3c988acf7102a0ce9138",56,"average",6,6,18,4.32049379893857,12,24,0,0
"67db3c988acf7102a0ce9138",57,"average",6,6,36,4.32049379893857,30,42,0,0
"67db3c988acf7102a0ce9138",58,"average",12,12,26.3333333333333,5.45180907793204,17,35,-0.206282093856245,0
"67db3c988acf7102a0ce9138",59,"average",12,12,27.3333333333333,5.45180907793204,18,36,-0.206282093856245,0
"67db3c988acf7102a0ce9138",60,"average",12,12,36.3333333333333,5.45180907793204,27,45,-0.206282093856247,0
"67db3c988acf7102a0ce9138",61,"average",8,8,28,5.47722557505166,20,36,0,0
"67db3c988acf7102a0ce9138",62,"average",8,8,28,5.47722557505166,20,36,0,0
"67db3c988acf7102a0ce9138",63,"average",12,12,18.3333333333333,5.45180907793204,9,27,-0.206282093856245,0
"67db3c988acf7102a0ce9138",64,"average",8,8,26,5.47722557505166,18,34,0,0
"67db3c988acf7102a0ce9138",65,"average",2,2,35,4,31,39,0,0
"67db3c988acf7102a0ce9138",66,"average",12,12,19.3333333333333,5.45180907793204,10,28,-0.206282093856245,0
"67db3c988acf7102a0ce9138",67,"average",8,8,36,5.47722557505166,28,44,0,0
"67db3c988acf7102a0ce9138",68,"average",12,12,34.3333333333333,5.45180907793204,25,43,-0.206282093856247,0
"67db3c988acf7102a0ce9138",69,"average",6,6,31,4.32049379893857,25,37,0,0
"67db3c988acf7102a0ce9138",70,"average",12,12,33.3333333333333,5.45180907793204,24,42,-0.206282093856247,0
"67db3c988acf7102a0ce9138",71,"average",2,2,16,4,12,20,0,0
"67db3c988acf7102a0ce9138",72,"average",8,8,27,5.47722557505166,19,35,0,0
"67db3c988acf7102a0ce9138",73,"average",12,12,31.3333333333333,5.45180907793204,22,40,-0.206282093856245,0
"67db3c988acf7102a0ce9138",74,"average",12,12,17.3333333333333,5.45180907793204,8,26,-0.206282093856245,0
"67db3c988acf7102a0ce9138",75,"average",8,8,20,5.47722557505166,12,28,0,0
"67db3c988acf7102a0ce9138",76,"average",6,6,31,4.32049379893857,25,37,0,0
"67db3c988acf7102a0ce9138",77,"average",8,8,18,5.47722557505166,10,26,0,0
"67db3c988acf7102a0ce9138",78,"average",8,8,36,5.47722557505166,28,44,0,0
"67db3c988acf7102a0ce9138",79,"average",2,2,17,4,13,21,0,0
"67db3c988acf7102a0ce9138",80,"average",12,12,33.3333333333333,5.45180907793204,24,42,-0.206282093856247,0
"67db3c988acf7102a0ce9138",81,"average",12,12,14.3333333333333,5.45180907793204,5,23,-0.206282093856245,0
"67db3c988acf7102a0ce9138",82,"average",6,6,29,4.32049379893857,23,35,0,0
"67db3c988acf7102a0ce9138",83,"average",6,6,23,4.32049379893857,17,29,0,0
"67db3c988acf7102a0ce9138",84,"average",6,6,18,4.32049379893857,12,24,0,0
"67db3c988acf7102a0ce9138",85,"average",12,12,14.3333333333333,5.45180907793204,5,23,-0.206282093856245,0
"67db3c988acf7102a0ce9138",86,"average",6,6,29,4.32049379893857,23,35,0,0
"67db3c988acf7102a0ce9138",87,"average",2,2,25,4,21,29,0,0
"67db3c988acf7102a0ce9138",88,"average",8,8,18,5.47722557505166,10,26,0,0
"67db3c988acf7102a0ce9138",89,"average",8,8,26,5.47722557505166,18,34,0,0
"67db3c988acf7102a0ce9138",90,"average",8,8,14,5.47722557505166,6,22,0,0
"67db3c988acf7102a0ce9138",91,"average",12,12,22.3333333333333,5.45180907793204,13,31,-0.206282093856245,0
"67db3c988acf7102a0ce9138",92,"average",8,8,25,5.47722557505166,17,33,0,0
"67db3c988acf7102a0ce9138",93,"average",6,6,24,4.32049379893857,18,30,0,0
"67db3c988acf7102a0ce9138",94,"average",8,8,28,5.47722557505166,20,36,0,0
"67db3c988acf7102a0ce9138",95,"average",2,2,30,4,26,34,0,0
"67db3c988acf7102a0ce9138",96,"average",2,2,29,4,25,33,0,0
"67db3c988acf7102a0ce9138",97,"average",6,6,25,4.32049379893857,19,31,0,0
"67db3c988acf7102a0ce9138",98,"average",6,6,36,4.32049379893857,30,42,0,0
"67db3c988acf7102a0ce9138",99,"average",8,8,24,5.47722557505166,16,32,0,0
"67db3c988acf7102a0ce9138",100,"average",2,2,31,4,27,35,0,0
"67db3c988acf7102a0ce9138",101,"average",6,6,26,4.32049379893857,20,32,0,0
"67db3c988acf7102a0ce9138",102,"average",6,6,34,4.32049379893857,28,40,0,0
"67db3c988acf7102a0ce9138",103,"average",12,12,20.3333333333333,5.45180907793204,11,29,-0.206282093856245,0
"67db3c988acf7102a0ce9138",104,"average",6,6,24,4.32049379893857,18,30,0,0
"67db3c988acf7102a0ce9138",105,"average",2,2,23,4,19,27,0,0
"67db3c988acf7102a0ce9138",106,"average",2,2,25,4,21,29,0,0
"67db3c988acf7102a0ce9138",107,"average",12,12,32.3333333333333,5.45180907793204,23,41,-0.206282093856247,0
"67db3c988acf7102a0ce9138",108,"average",12,12,31.3333333333333,5.45180907793204,22,40,-0.206282093856245,0
"67db3c988acf7102a0ce9138",109,"average",8,8,26,5.47722557505166,18,34,0,0
"67db3c988acf7102a0ce9138",110,"average",12,12,22.3333333333333,5.45180907793204,13,31,-0.206282093856245,0
"67db3c988acf7102a0ce9138",111,"average",2,2,21,4,17,25,0,0
"67db3c988acf7102a0ce9138",112,"average",2,2,32,4,28,36,0,0
"67db3c988acf7102a0ce9138",113,"average",2,2,19,4,15,23,0,0
"67db3c988acf7102a0ce9138",114,"average",2,2,28,4,24,32,0,0
"67db3c988acf7102a0ce9138",115,"average",12,12,33.3333333333333,5.45180907793204,24,42,-0.206282093856247,0
"67db3c988acf7102a0ce9138",116,"average",8,8,30,5.47722557505166,22,38,0,0
"5e2f4ab6fb987e078bf5f68e",1,"average",7,7,38.8571428571429,5.81693516328638,31,48,0.190545739261633,0
"5e2f4ab6fb987e078bf5f68e",2,"average",4,4,10,5.3851648071345,5,19,0.922073403361913,0
"5e2f4ab6fb987e078bf5f68e",3,"average",8,8,12.25,6.62853679178143,2,20,-0.233376041668599,0
"5e2f4ab6fb987e078bf5f68e",4,"average",2,2,40.5,5.5,35,46,0,0
"5e2f4ab6fb987e078bf5f68e",5,"average",5,5,9,5.29150262212918,2,18,0.485954322440435,0
"5e2f4ab6fb987e078bf5f68e",6,"average",3,3,38,3.74165738677394,33,42,-0.381801774160606,0
"5e2f4ab6fb987e078bf5f68e",7,"average",4,4,38.25,5.2618912949623,33,47,0.878371654494876,0
"5e2f4ab6fb987e078bf5f68e",8,"average",10,10,9.7,6.29364759102383,2,20,0.397029370093054,0
"5e2f4ab6fb987e078bf5f68e",9,"average",2,2,36,7,29,43,0,0
"5e2f4ab6fb987e078bf5f68e",10,"average",8,8,38.375,6.01949956391725,30,48,0.130934971076027,0
"5e2f4ab6fb987e078bf5f68e",11,"average",3,3,36.6666666666667,4.49691252107735,33,43,0.680971899701849,0
"5e2f4ab6fb987e078bf5f68e",12,"average",10,10,39.4,5.9194594347795,31,48,0.0447791721644872,0
"5e2f4ab6fb987e078bf5f68e",13,"average",9,9,8.88888888888889,4.53246178986025,3,18,0.652315972930327,0
"5e2f4ab6fb987e078bf5f68e",14,"average",8,8,14,4.66368952654441,6,20,-0.243998025169981,0
"5e2f4ab6fb987e078bf5f68e",15,"average",6,6,37.5,5.7373048260195,29,46,0.0635415012937779,0
"5e2f4ab6fb987e078bf5f68e",16,"average",7,7,10.4285714285714,6.36636570147348,3,20,0.320930237668861,0
"5e2f4ab6fb987e078bf5f68e",17,"average",5,5,38.8,4.70744091837593,32,46,0.0911070099152652,0
"5e2f4ab6fb987e078bf5f68e",18,"average",3,3,39,6.97614984548545,31,48,0.212072860755985,0
"5e2f4ab6fb987e078bf5f68e",19,"average",12,12,11.25,5.40254569624358,3,20,0.122671965517739,0
"5e2f4ab6fb987e078bf5f68e",20,"average",10,10,11.9,5.10783711564885,3,20,-0.167127570233315,0
"5e2f4ab6fb987e078bf5f68e",21,"average",2,2,27,4,23,31,0,0
"5e2f4ab6fb987e078bf5f68e",22,"average",8,8,26,5.47722557505166,18,34,0,0
"5e2f4ab6fb987e078bf5f68e",23,"average",6,6,18,4.32049379893857,12,24,0,0
"5e2f4ab6fb987e078bf5f68e",24,"average",6,6,31,4.32049379893857,25,37,0,0
"5e2f4ab6fb987e078bf5f68e",25,"average",12,12,31.3333333333333,5.45180907793204,22,40,-0.206282093856245,0
"5e2f4ab6fb987e078bf5f68e",26,"average",6,6,33,4.32049379893857,27,39,0,0
"5e2f4ab6fb987e078bf5f68e",27,"average",2,2,36,4,32,40,0,0
"5e2f4ab6fb987e078bf5f68e",28,"average",8,8,22,5.47722557505166,14,30,0,0
"5e2f4ab6fb987e078bf5f68e",29,"average",2,2,17,4,13,21,0,0
"5e2f4ab6fb987e078bf5f68e",30,"average",6,6,17,4.32049379893857,11,23,0,0
"5e2f4ab6fb987e078bf5f68e",31,"average",12,12,19.3333333333333,5.45180907793204,10,28,-0.206282093856245,0
"5e2f4ab6fb987e078bf5f68e",32,"average",6,6,27,4.32049379893857,21,33,0,0
"5e2f4ab6fb987e078bf5f68e",33,"average",8,8,35,5.47722557505166,27,43,0,0
"5e2f4ab6fb987e078bf5f68e",34,"average",8,8,18,5.47722557505166,10,26,0,0
"5e2f4ab6fb987e078bf5f68e",35,"average",8,8,30,5.47722557505166,22,38,0,0
"5e2f4ab6fb987e078bf5f68e",36,"average",2,2,29,4,25,33,0,0
"5e2f4ab6fb987e078bf5f68e",37,"average",12,12,23.3333333333333,5.45180907793204,14,32,-0.206282093856245,0
"5e2f4ab6fb987e078bf5f68e",38,"average",8,8,18,5.47722557505166,10,26,0,0
"5e2f4ab6fb987e078bf5f68e",39,"average",6,6,29,4.32049379893857,23,35,0,0
"5e2f4ab6fb987e078bf5f68e",40,"average",12,12,32.3333333333333,5.45180907793204,23,41,-0.206282093856247,0
"5e2f4ab6fb987e078bf5f68e",41,"average",6,6,15,4.32049379893857,9,21,0,0
"5e2f4ab6fb987e078bf5f68e",42,"average",12,12,23.3333333333333,5.45180907793204,14,32,-0.206282093856245,0
"5e2f4ab6fb987e078bf5f68e",43,"average",6,6,19,4.32049379893857,13,25,0,0
"5e2f4ab6fb987e078bf5f68e",44,"average",8,8,24,5.47722557505166,16,32,0,0
"5e2f4ab6fb987e078bf5f68e",45,"average",6,6,36,4.32049379893857,30,42,0,0
"5e2f4ab6fb987e078bf5f68e",46,"average",6,6,20,4.32049379893857,14,26,0,0
"5e2f4ab6fb987e078bf5f68e",47,"average",2,2,30,4,26,34,0,0
"5e2f4ab6fb987e078bf5f68e",48,"average",2,2,28,4,24,32,0,0
"5e2f4ab6fb987e078bf5f68e",49,"average",12,12,33.3333333333333,5.45180907793204,24,42,-0.206282093856247,0
"5e2f4ab6fb987e078bf5f68e",50,"average",8,8,21,5.47722557505166,13,29,0,0
"5e2f4ab6fb987e078bf5f68e",51,"average",8,8,27,5.47722557505166,19,35,0,0
"5e2f4ab6fb987e078bf5f68e",52,"average",6,6,30,4.32049379893857,24,36,0,0
"5e2f4ab6fb987e078bf5f68e",53,"average",12,12,15.3333333333333,5.45180907793204,6,24,-0.206282093856245,0
"5e2f4ab6fb987e078bf5f68e",54,"average",2,2,15,4,11,19,0,0
"5e2f4ab6fb987e078bf5f68e",55,"average",2,2,14,4,10,18,0,0
"5e2f4ab6fb987e078bf5f68e",56,"average",2,2,19,4,15,23,0,0
"5e2f4ab6fb987e078bf5f68e",57,"average",2,2,23,4,19,27,0,0
"5e2f4ab6fb987e078bf5f68e",58,"average",2,2,29,4,25,33,0,0
"5e2f4ab6fb987e078bf5f68e",59,"average",12,12,22.3333333333333,5.45180907793204,13,31,-0.206282093856245,0
"5e2f4ab6fb987e078bf5f68e",60,"average",12,12,19.3333333333333,5.45180907793204,10,28,-0.206282093856245,0
"5e2f4ab6fb987e078bf5f68e",61,"average",12,12,34.3333333333333,5.45180907793204,25,43,-0.206282093856247,0
"5e2f4ab6fb987e078bf5f68e",62,"average",12,12,23.3333333333333,5.45180907793204,14,32,-0.206282093856245,0
"5e2f4ab6fb987e078bf5f68e",63,"average",8,8,26,5.47722557505166,18,34,0,0
"5e2f4ab6fb987e078bf5f68e",64,"average",8,8,16,5.47722557505166,8,24,0,0
"5e2f4ab6fb987e078bf5f68e",65,"average",2,2,31,4,27,35,0,0
"5e2f4ab6fb987e078bf5f68e",66,"average",6,6,32,4.32049379893857,26,38,0,0
"5e2f4ab6fb987e078bf5f68e",67,"average",8,8,17,5.47722557505166,9,25,0,0
"5e2f4ab6fb987e078bf5f68e",68,"average",12,12,18.3333333333333,5.45180907793204,9,27,-0.206282093856245,0
"5e2f4ab6fb987e078bf5f68e",69,"average",2,2,34,4,30,38,0,0
"5e2f4ab6fb987e078bf5f68e",70,"average",12,12,26.3333333333333,5.45180907793204,17,35,-0.206282093856245,0
"5e2f4ab6fb987e078bf5f68e",71,"average",2,2,19,4,15,23,0,0
"5e2f4ab6fb987e078bf5f68e",72,"average",12,12,26.3333333333333,5.45180907793204,17,35,-0.206282093856245,0
"5e2f4ab6fb987e078bf5f68e",73,"average",8,8,17,5.47722557505166,9,25,0,0
"5e2f4ab6fb987e078bf5f68e",74,"average",2,2,19,4,15,23,0,0
"5e2f4ab6fb987e078bf5f68e",75,"average",12,12,33.3333333333333,5.45180907793204,24,42,-0.206282093856247,0
"5e2f4ab6fb987e078bf5f68e",76,"average",2,2,25,4,21,29,0,0
"5e2f4ab6fb987e078bf5f68e",77,"average",2,2,14,4,10,18,0,0
"5e2f4ab6fb987e078bf5f68e",78,"average",2,2,32,4,28,36,0,0
"5e2f4ab6fb987e078bf5f68e",79,"average",8,8,19,5.47722557505166,11,27,0,0
"5e2f4ab6fb987e078bf5f68e",80,"average",6,6,23,4.32049379893857,17,29,0,0
"5e2f4ab6fb987e078bf5f68e",81,"average",12,12,23.3333333333333,5.45180907793204,14,32,-0.206282093856245,0
"5e2f4ab6fb987e078bf5f68e",82,"average",6,6,25,4.32049379893857,19,31,0,0
"5e2f4ab6fb987e078bf5f68e",83,"average",6,6,20,4.32049379893857,14,26,0,0
"5e2f4ab6fb987e078bf5f68e",84,"average",8,8,19,5.47722557505166,11,27,0,0
"5e2f4ab6fb987e078bf5f68e",85,"average",8,8,20,5.47722557505166,12,28,0,0
"5e2f4ab6fb987e078bf5f68e",86,"average",8,8,28,5.47722557505166,20,36,0,0
"5e2f4ab6fb987e078bf5f68e",87,"average",6,6,22,4.32049379893857,16,28,0,0
"5e2f4ab6fb987e078bf5f68e",88,"average",12,12,35.3333333333333,5.45180907793204,26,44,-0.206282093856247,0
"5e2f4ab6fb987e078bf5f68e",89,"average",2,2,25,4,21,29,0,0
"5e2f4ab6fb987e078bf5f68e",90,"average",12,12,25.3333333333333,5.45180907793204,16,34,-0.206282093856245,0
"5e2f4ab6fb987e078bf5f68e",91,"average",12,12,34.3333333333333,5.45180907793204,25,43,-0.206282093856247,0
"5e2f4ab6fb987e078bf5f68e",92,"average",8,8,29,5.47722557505166,21,37,0,0
"5e2f4ab6fb987e078bf5f68e",93,"average",8,8,35,5.47722557505166,27,43,0,0
"5e2f4ab6fb987e078bf5f68e",94,"average",2,2,35,4,31,39,0,0
"5e2f4ab6fb987e078bf5f68e",95,"average",6,6,18,4.32049379893857,12,24,0,0
"5e2f4ab6fb987e078bf5f68e",96,"average",6,6,35,4.32049379893857,29,41,0,0
"5e2f4ab6fb987e078bf5f68e",97,"average",8,8,23,5.47722557505166,15,31,0,0
"5e2f4ab6fb987e078bf5f68e",98,"average",8,8,34,5.47722557505166,26,42,0,0
"5e2f4ab6fb987e078bf5f68e",99,"average",12,12,33.3333333333333,5.45180907793204,24,42,-0.206282093856247,0
"5e2f4ab6fb987e078bf5f68e",100,"average",6,6,24,4.32049379893857,18,30,0,0
"5e2f4ab6fb987e078bf5f68e",101,"average",8,8,31,5.47722557505166,23,39,0,0
"5e2f4ab6fb987e078bf5f68e",102,"average",2,2,24,4,20,28,0,0
"5e2f4ab6fb987e078bf5f68e",103,"average",6,6,17,4.32049379893857,11,23,0,0
"5e2f4ab6fb987e078bf5f68e",104,"average",2,2,29,4,25,33,0,0
"5e2f4ab6fb987e078bf5f68e",105,"average",2,2,19,4,15,23,0,0
"5e2f4ab6fb987e078bf5f68e",106,"average",6,6,19,4.32049379893857,13,25,0,0
"5e2f4ab6fb987e078bf5f68e",107,"average",8,8,33,5.47722557505166,25,41,0,0
"5e2f4ab6fb987e078bf5f68e",108,"average",12,12,16.3333333333333,5.45180907793204,7,25,-0.206282093856245,0
"5e2f4ab6fb987e078bf5f68e",109,"average",2,2,22,4,18,26,0,0
"5e2f4ab6fb987e078bf5f68e",110,"average",6,6,32,4.32049379893857,26,38,0,0
"5e2f4ab6fb987e078bf5f68e",111,"average",6,6,31,4.32049379893857,25,37,0,0
"5e2f4ab6fb987e078bf5f68e",112,"average",12,12,22.3333333333333,5.45180907793204,13,31,-0.206282093856245,0
"5e2f4ab6fb987e078bf5f68e",113,"average",6,6,22,4.32049379893857,16,28,0,0
"5e2f4ab6fb987e078bf5f68e",114,"average",8,8,18,5.47722557505166,10,26,0,0
"5e2f4ab6fb987e078bf5f68e",115,"average",12,12,35.3333333333333,5.45180907793204,26,44,-0.206282093856247,0
"5e2f4ab6fb987e078bf5f68e",116,"average",12,12,31.3333333333333,5.45180907793204,22,40,-0.206282093856245,0
"581e0aee4182b600017307ea",1,"average",8,8,11.625,3.9350190596743,6,17,-0.0394270814191447,0
"581e0aee4182b600017307ea",2,"average",11,11,39,6.61953033214456,29,48,-0.163604893025146,0
"581e0aee4182b600017307ea",3,"average",2,2,42.5,5.5,37,48,0,0
"581e0aee4182b600017307ea",4,"average",8,8,12.625,5.91475908216049,2,20,-0.56887919502731,0
"581e0aee4182b600017307ea",5,"average",10,10,7.2,5.21152568831815,1,19,0.907809995269034,1
"581e0aee4182b600017307ea",6,"average",12,12,9.83333333333333,5.82856948334857,1,20,0.297077092930979,1
"581e0aee4182b600017307ea",7,"average",3,3,8.33333333333333,2.62466929133727,6,12,0.630903856710623,0
"581e0aee4182b600017307ea",8,"average",2,2,10.5,8.5,2,19,0,0
"581e0aee4182b600017307ea",9,"average",3,3,17,3.55902608401044,12,20,-0.665468866123835,0
"581e0aee4182b600017307ea",10,"average",2,2,41.5,4.5,37,46,0,0
"581e0aee4182b600017307ea",11,"average",10,10,37.3,6.22976725086901,29,46,0.0899340135209667,0
"581e0aee4182b600017307ea",12,"average",10,10,39.4,5.33291665038935,30,47,-0.388954438885536,0
"581e0aee4182b600017307ea",13,"average",11,11,10.2727272727273,5.17144096484651,2,18,-0.140610781412577,0
"581e0aee4182b600017307ea",14,"average",4,4,10,6.04152298679729,2,19,0.244880646490564,0
"581e0aee4182b600017307ea",15,"average",11,11,11.3636363636364,6.06439275642106,1,20,-0.00727635257631925,1
"581e0aee4182b600017307ea",16,"average",12,12,38.1666666666667,4.21966296705739,32,45,0.189785781360592,0
"581e0aee4182b600017307ea",17,"average",8,8,13.75,4.23526858652435,6,19,-0.44795566203062,0
"581e0aee4182b600017307ea",18,"average",10,10,9.5,5.85234995535981,1,17,-0.149668494782498,1
"581e0aee4182b600017307ea",19,"average",9,9,35.5555555555556,4.54877544232416,30,44,0.558488813912526,0
"581e0aee4182b600017307ea",20,"average",11,11,11.9090909090909,5.93072961101821,2,20,-0.268219648085787,0
"581e0aee4182b600017307ea",21,"average",8,8,36,5.47722557505166,28,44,0,0
"581e0aee4182b600017307ea",22,"average",12,12,20.3333333333333,5.45180907793204,11,29,-0.206282093856245,0
"581e0aee4182b600017307ea",23,"average",8,8,20,5.47722557505166,12,28,0,0
"581e0aee4182b600017307ea",24,"average",2,2,35,4,31,39,0,0
"581e0aee4182b600017307ea",25,"average",2,2,16,4,12,20,0,0
"581e0aee4182b600017307ea",26,"average",12,12,23.3333333333333,5.45180907793204,14,32,-0.206282093856245,0
"581e0aee4182b600017307ea",27,"average",6,6,21,4.32049379893857,15,27,0,0
"581e0aee4182b600017307ea",28,"average",12,12,29.3333333333333,5.45180907793204,20,38,-0.206282093856245,0
"581e0aee4182b600017307ea",29,"average",12,12,18.3333333333333,5.45180907793204,9,27,-0.206282093856245,0
"581e0aee4182b600017307ea",30,"average",8,8,23,5.47722557505166,15,31,0,0
"581e0aee4182b600017307ea",31,"average",8,8,18,5.47722557505166,10,26,0,0
"581e0aee4182b600017307ea",32,"average",8,8,34,5.47722557505166,26,42,0,0
"581e0aee4182b600017307ea",33,"average",6,6,21,4.32049379893857,15,27,0,0
"581e0aee4182b600017307ea",34,"average",8,8,14,5.47722557505166,6,22,0,0
"581e0aee4182b600017307ea",35,"average",2,2,33,4,29,37,0,0
"581e0aee4182b600017307ea",36,"average",2,2,20,4,16,24,0,0
"581e0aee4182b600017307ea",37,"average",6,6,34,4.32049379893857,28,40,0,0
"581e0aee4182b600017307ea",38,"average",2,2,21,4,17,25,0,0
"581e0aee4182b600017307ea",39,"average",12,12,16.3333333333333,5.45180907793204,7,25,-0.206282093856245,0
"581e0aee4182b600017307ea",40,"average",6,6,18,4.32049379893857,12,24,0,0
"581e0aee4182b600017307ea",41,"average",2,2,16,4,12,20,0,0
"581e0aee4182b600017307ea",42,"average",12,12,26.3333333333333,5.45180907793204,17,35,-0.206282093856245,0
"581e0aee4182b600017307ea",43,"average",12,12,27.3333333333333,5.45180907793204,18,36,-0.206282093856245,0
"581e0aee4182b600017307ea",44,"average",6,6,25,4.32049379893857,19,31,0,0
"581e0aee4182b600017307ea",45,"average",12,12,33.3333333333333,5.45180907793204,24,42,-0.206282093856247,0
"581e0aee4182b600017307ea",46,"average",12,12,35.3333333333333,5.45180907793204,26,44,-0.206282093856247,0
"581e0aee4182b600017307ea",47,"average",12,12,27.3333333333333,5.45180907793204,18,36,-0.206282093856245,0
"581e0aee4182b600017307ea",48,"average",8,8,26,5.47722557505166,18,34,0,0
"581e0aee4182b600017307ea",49,"average",2,2,21,4,17,25,0,0
"581e0aee4182b600017307ea",50,"average",12,12,20.3333333333333,5.45180907793204,11,29,-0.206282093856245,0
"581e0aee4182b600017307ea",51,"average",6,6,33,4.32049379893857,27,39,0,0
"581e0aee4182b600017307ea",52,"average",12,12,14.3333333333333,5.45180907793204,5,23,-0.206282093856245,0
"581e0aee4182b600017307ea",53,"average",2,2,17,4,13,21,0,0
"581e0aee4182b600017307ea",54,"average",6,6,25,4.32049379893857,19,31,0,0
"581e0aee4182b600017307ea",55,"average",2,2,30,4,26,34,0,0
"581e0aee4182b600017307ea",56,"average",6,6,21,4.32049379893857,15,27,0,0
"581e0aee4182b600017307ea",57,"average",2,2,35,4,31,39,0,0
"581e0aee4182b600017307ea",58,"average",2,2,17,4,13,21,0,0
"581e0aee4182b600017307ea",59,"average",8,8,22,5.47722557505166,14,30,0,0
"581e0aee4182b600017307ea",60,"average",8,8,26,5.47722557505166,18,34,0,0
"581e0aee4182b600017307ea",61,"average",8,8,29,5.47722557505166,21,37,0,0
"581e0aee4182b600017307ea",62,"average",2,2,30,4,26,34,0,0
"581e0aee4182b600017307ea",63,"average",8,8,20,5.47722557505166,12,28,0,0
"581e0aee4182b600017307ea",64,"average",8,8,25,5.47722557505166,17,33,0,0
"581e0aee4182b600017307ea",65,"average",6,6,24,4.32049379893857,18,30,0,0
"581e0aee4182b600017307ea",66,"average",6,6,25,4.32049379893857,19,31,0,0
"581e0aee4182b600017307ea",67,"average",6,6,22,4.32049379893857,16,28,0,0
"581e0aee4182b600017307ea",68,"average",6,6,27,4.32049379893857,21,33,0,0
"581e0aee4182b600017307ea",69,"average",2,2,35,4,31,39,0,0
"581e0aee4182b600017307ea",70,"average",8,8,22,5.47722557505166,14,30,0,0
"581e0aee4182b600017307ea",71,"average",8,8,22,5.47722557505166,14,30,0,0
"581e0aee4182b600017307ea",72,"average",2,2,33,4,29,37,0,0
"581e0aee4182b600017307ea",73,"average",8,8,30,5.47722557505166,22,38,0,0
"581e0aee4182b600017307ea",74,"average",8,8,16,5.47722557505166,8,24,0,0
"581e0aee4182b600017307ea",75,"average",6,6,26,4.32049379893857,20,32,0,0
"581e0aee4182b600017307ea",76,"average",12,12,24.3333333333333,5.45180907793204,15,33,-0.206282093856245,0
"581e0aee4182b600017307ea",77,"average",12,12,25.3333333333333,5.45180907793204,16,34,-0.206282093856245,0
"581e0aee4182b600017307ea",78,"average",12,12,27.3333333333333,5.45180907793204,18,36,-0.206282093856245,0
"581e0aee4182b600017307ea",79,"average",12,12,20.3333333333333,5.45180907793204,11,29,-0.206282093856245,0
"581e0aee4182b600017307ea",80,"average",12,12,35.3333333333333,5.45180907793204,26,44,-0.206282093856247,0
"581e0aee4182b600017307ea",81,"average",6,6,35,4.32049379893857,29,41,0,0
"581e0aee4182b600017307ea",82,"average",12,12,30.3333333333333,5.45180907793204,21,39,-0.206282093856245,0
"581e0aee4182b600017307ea",83,"average",12,12,30.3333333333333,5.45180907793204,21,39,-0.206282093856245,0
"581e0aee4182b600017307ea",84,"average",6,6,31,4.32049379893857,25,37,0,0
"581e0aee4182b600017307ea",85,"average",6,6,19,4.32049379893857,13,25,0,0
"581e0aee4182b600017307ea",86,"average",2,2,15,4,11,19,0,0
"581e0aee4182b600017307ea",87,"average",12,12,24.3333333333333,5.45180907793204,15,33,-0.206282093856245,0
"581e0aee4182b600017307ea",88,"average",12,12,24.3333333333333,5.45180907793204,15,33,-0.206282093856245,0
"581e0aee4182b600017307ea",89,"average",12,12,16.3333333333333,5.45180907793204,7,25,-0.206282093856245,0
"581e0aee4182b600017307ea",90,"average",2,2,22,4,18,26,0,0
"581e0aee4182b600017307ea",91,"average",6,6,14,4.32049379893857,8,20,0,0
"581e0aee4182b600017307ea",92,"average",12,12,31.3333333333333,5.45180907793204,22,40,-0.206282093856245,0
"581e0aee4182b600017307ea",93,"average",6,6,29,4.32049379893857,23,35,0,0
"581e0aee4182b600017307ea",94,"average",12,12,34.3333333333333,5.45180907793204,25,43,-0.206282093856247,0
"581e0aee4182b600017307ea",95,"average",6,6,30,4.32049379893857,24,36,0,0
"581e0aee4182b600017307ea",96,"average",2,2,27,4,23,31,0,0
"581e0aee4182b600017307ea",97,"average",6,6,27,4.32049379893857,21,33,0,0
"581e0aee4182b600017307ea",98,"average",2,2,16,4,12,20,0,0
"581e0aee4182b600017307ea",99,"average",6,6,19,4.32049379893857,13,25,0,0
"581e0aee4182b600017307ea",100,"average",6,6,34,4.32049379893857,28,40,0,0
"581e0aee4182b600017307ea",101,"average",8,8,27,5.47722557505166,19,35,0,0
"581e0aee4182b600017307ea",102,"average",8,8,16,5.47722557505166,8,24,0,0
"581e0aee4182b600017307ea",103,"average",8,8,34,5.47722557505166,26,42,0,0
"581e0aee4182b600017307ea",104,"average",8,8,36,5.47722557505166,28,44,0,0
"581e0aee4182b600017307ea",105,"average",8,8,21,5.47722557505166,13,29,0,0
"581e0aee4182b600017307ea",106,"average",2,2,15,4,11,19,0,0
"581e0aee4182b600017307ea",107,"average",2,2,33,4,29,37,0,0
"581e0aee4182b600017307ea",108,"average",6,6,30,4.32049379893857,24,36,0,0
"581e0aee4182b600017307ea",109,"average",8,8,17,5.47722557505166,9,25,0,0
"581e0aee4182b600017307ea",110,"average",2,2,21,4,17,25,0,0
"581e0aee4182b600017307ea",111,"average",8,8,21,5.47722557505166,13,29,0,0
"581e0aee4182b600017307ea",112,"average",8,8,36,5.47722557505166,28,44,0,0
"581e0aee4182b600017307ea",113,"average",6,6,35,4.32049379893857,29,41,0,0
"581e0aee4182b600017307ea",114,"average",2,2,16,4,12,20,0,0
"581e0aee4182b600017307ea",115,"average",2,2,21,4,17,25,0,0
"581e0aee4182b600017307ea",116,"average",2,2,21,4,17,25,0,0
"5a8b61fcf1408d000176b02f",1,"average",5,5,12.4,5.53534100123922,4,19,-0.384616182229961,0
"5a8b61fcf1408d000176b02f",2,"average",9,9,39.3333333333333,6.9602043392737,29,48,-0.194201476177867,0
"5a8b61fcf1408d000176b02f",3,"average",12,12,9.66666666666667,5.99073358520381,2,20,0.386475787127398,0
"5a8b61fcf1408d000176b02f",4,"average",5,5,41,4.77493455452533,35,47,-0.110224712708341,0
"5a8b61fcf1408d000176b02f",5,"average",5,5,11.8,5.63560112144215,6,20,0.407091719176055,0
"5a8b61fcf1408d000176b02f",6,"average",7,7,9.14285714285714,6.10453160549186,2,20,0.420233099901912,0
"5a8b61fcf1408d000176b02f",7,"average",11,11,10.5454545454545,5.63049547898255,1,19,-0.141802247162069,1
"5a8b61fcf1408d000176b02f",8,"average",7,7,11.4285714285714,5.70356136505061,1,20,-0.343649967717554,1
"5a8b61fcf1408d000176b02f",9,"average",8,8,41.375,5.40688218847054,29,47,-1.26887100261704,0
"5a8b61fcf1408d000176b02f",10,"average",4,4,37,5.87367006223537,29,44,-0.1628490754495,0
"5a8b61fcf1408d000176b02f",11,"average",9,9,38.6666666666667,4.71404520791032,31,46,0.0247487373415307,0
"5a8b61fcf1408d000176b02f",12,"average",9,9,39.4444444444444,5.3356476460191,30,46,-0.515261377514184,0
"5a8b61fcf1408d000176b02f",13,"average",3,3,43.3333333333333,2.49443825784929,40,46,-0.381801774160609,0
"5a8b61fcf1408d000176b02f",14,"average",7,7,13.5714285714286,4.03049599419025,7,19,-0.157628107143813,0
"5a8b61fcf1408d000176b02f",15,"average",9,9,41.3333333333333,3.80058475033046,35,47,-0.330583407277267,0
"5a8b61fcf1408d000176b02f",16,"average",2,2,39.5,4.5,35,44,0,0
"5a8b61fcf1408d000176b02f",17,"average",2,2,35.5,2.5,33,38,0,0
"5a8b61fcf1408d000176b02f",18,"average",8,8,8.625,4.97336656601944,3,19,0.839373162591587,0
"5a8b61fcf1408d000176b02f",19,"average",9,9,9.11111111111111,5.89622184952071,1,18,-0.00721389447476065,1
"5a8b61fcf1408d000176b02f",20,"average",9,9,37.8888888888889,5.8584117006507,29,48,0.222135107494267,0
"5a8b61fcf1408d000176b02f",21,"average",2,2,30,4,26,34,0,0
"5a8b61fcf1408d000176b02f",22,"average",2,2,26,4,22,30,0,0
"5a8b61fcf1408d000176b02f",23,"average",6,6,17,4.32049379893857,11,23,0,0
"5a8b61fcf1408d000176b02f",24,"average",12,12,20.3333333333333,5.45180907793204,11,29,-0.206282093856245,0
"5a8b61fcf1408d000176b02f",25,"average",2,2,33,4,29,37,0,0
"5a8b61fcf1408d000176b02f",26,"average",2,2,22,4,18,26,0,0
"5a8b61fcf1408d000176b02f",27,"average",8,8,35,5.47722557505166,27,43,0,0
"5a8b61fcf1408d000176b02f",28,"average",2,2,20,4,16,24,0,0
"5a8b61fcf1408d000176b02f",29,"average",2,2,35,4,31,39,0,0
"5a8b61fcf1408d000176b02f",30,"average",8,8,18,5.47722557505166,10,26,0,0
"5a8b61fcf1408d000176b02f",31,"average",12,12,32.3333333333333,5.45180907793204,23,41,-0.206282093856247,0
"5a8b61fcf1408d000176b02f",32,"average",8,8,20,5.47722557505166,12,28,0,0
"5a8b61fcf1408d000176b02f",33,"average",8,8,14,5.47722557505166,6,22,0,0
"5a8b61fcf1408d000176b02f",34,"average",8,8,24,5.47722557505166,16,32,0,0
"5a8b61fcf1408d000176b02f",35,"average",6,6,33,4.32049379893857,27,39,0,0
"5a8b61fcf1408d000176b02f",36,"average",12,12,34.3333333333333,5.45180907793204,25,43,-0.206282093856247,0
"5a8b61fcf1408d000176b02f",37,"average",8,8,27,5.47722557505166,19,35,0,0
"5a8b61fcf1408d000176b02f",38,"average",6,6,25,4.32049379893857,19,31,0,0
"5a8b61fcf1408d000176b02f",39,"average",6,6,28,4.32049379893857,22,34,0,0
"5a8b61fcf1408d000176b02f",40,"average",8,8,23,5.47722557505166,15,31,0,0
"5a8b61fcf1408d000176b02f",41,"average",2,2,19,4,15,23,0,0
"5a8b61fcf1408d000176b02f",42,"average",12,12,26.3333333333333,5.45180907793204,17,35,-0.206282093856245,0
"5a8b61fcf1408d000176b02f",43,"average",12,12,31.3333333333333,5.45180907793204,22,40,-0.206282093856245,0
"5a8b61fcf1408d000176b02f",44,"average",8,8,36,5.47722557505166,28,44,0,0
"5a8b61fcf1408d000176b02f",45,"average",12,12,21.3333333333333,5.45180907793204,12,30,-0.206282093856245,0
"5a8b61fcf1408d000176b02f",46,"average",12,12,32.3333333333333,5.45180907793204,23,41,-0.206282093856247,0
"5a8b61fcf1408d000176b02f",47,"average",8,8,31,5.47722557505166,23,39,0,0
"5a8b61fcf1408d000176b02f",48,"average",12,12,31.3333333333333,5.45180907793204,22,40,-0.206282093856245,0
"5a8b61fcf1408d000176b02f",49,"average",12,12,33.3333333333333,5.45180907793204,24,42,-0.206282093856247,0
"5a8b61fcf1408d000176b02f",50,"average",2,2,34,4,30,38,0,0
"5a8b61fcf1408d000176b02f",51,"average",12,12,17.3333333333333,5.45180907793204,8,26,-0.206282093856245,0
"5a8b61fcf1408d000176b02f",52,"average",6,6,28,4.32049379893857,22,34,0,0
"5a8b61fcf1408d000176b02f",53,"average",6,6,16,4.32049379893857,10,22,0,0
"5a8b61fcf1408d000176b02f",54,"average",2,2,34,4,30,38,0,0
"5a8b61fcf1408d000176b02f",55,"average",6,6,23,4.32049379893857,17,29,0,0
"5a8b61fcf1408d000176b02f",56,"average",2,2,24,4,20,28,0,0
"5a8b61fcf1408d000176b02f",57,"average",8,8,20,5.47722557505166,12,28,0,0
"5a8b61fcf1408d000176b02f",58,"average",8,8,22,5.47722557505166,14,30,0,0
"5a8b61fcf1408d000176b02f",59,"average",6,6,30,4.32049379893857,24,36,0,0
"5a8b61fcf1408d000176b02f",60,"average",6,6,33,4.32049379893857,27,39,0,0
"5a8b61fcf1408d000176b02f",61,"average",2,2,30,4,26,34,0,0
"5a8b61fcf1408d000176b02f",62,"average",2,2,24,4,20,28,0,0
"5a8b61fcf1408d000176b02f",63,"average",12,12,32.3333333333333,5.45180907793204,23,41,-0.206282093856247,0
"5a8b61fcf1408d000176b02f",64,"average",8,8,29,5.47722557505166,21,37,0,0
"5a8b61fcf1408d000176b02f",65,"average",6,6,35,4.32049379893857,29,41,0,0
"5a8b61fcf1408d000176b02f",66,"average",6,6,14,4.32049379893857,8,20,0,0
"5a8b61fcf1408d000176b02f",67,"average",12,12,34.3333333333333,5.45180907793204,25,43,-0.206282093856247,0
"5a8b61fcf1408d000176b02f",68,"average",6,6,34,4.32049379893857,28,40,0,0
"5a8b61fcf1408d000176b02f",69,"average",2,2,31,4,27,35,0,0
"5a8b61fcf1408d000176b02f",70,"average",12,12,23.3333333333333,5.45180907793204,14,32,-0.206282093856245,0
"5a8b61fcf1408d000176b02f",71,"average",12,12,31.3333333333333,5.45180907793204,22,40,-0.206282093856245,0
"5a8b61fcf1408d000176b02f",72,"average",2,2,27,4,23,31,0,0
"5a8b61fcf1408d000176b02f",73,"average",8,8,18,5.47722557505166,10,26,0,0
"5a8b61fcf1408d000176b02f",74,"average",2,2,14,4,10,18,0,0
"5a8b61fcf1408d000176b02f",75,"average",8,8,35,5.47722557505166,27,43,0,0
"5a8b61fcf1408d000176b02f",76,"average",2,2,30,4,26,34,0,0
"5a8b61fcf1408d000176b02f",77,"average",2,2,27,4,23,31,0,0
"5a8b61fcf1408d000176b02f",78,"average",6,6,26,4.32049379893857,20,32,0,0
"5a8b61fcf1408d000176b02f",79,"average",12,12,32.3333333333333,5.45180907793204,23,41,-0.206282093856247,0
"5a8b61fcf1408d000176b02f",80,"average",12,12,19.3333333333333,5.45180907793204,10,28,-0.206282093856245,0
"5a8b61fcf1408d000176b02f",81,"average",8,8,21,5.47722557505166,13,29,0,0
"5a8b61fcf1408d000176b02f",82,"average",12,12,31.3333333333333,5.45180907793204,22,40,-0.206282093856245,0
"5a8b61fcf1408d000176b02f",83,"average",6,6,35,4.32049379893857,29,41,0,0
"5a8b61fcf1408d000176b02f",84,"average",8,8,28,5.47722557505166,20,36,0,0
"5a8b61fcf1408d000176b02f",85,"average",2,2,18,4,14,22,0,0
"5a8b61fcf1408d000176b02f",86,"average",8,8,33,5.47722557505166,25,41,0,0
"5a8b61fcf1408d000176b02f",87,"average",12,12,20.3333333333333,5.45180907793204,11,29,-0.206282093856245,0
"5a8b61fcf1408d000176b02f",88,"average",8,8,36,5.47722557505166,28,44,0,0
"5a8b61fcf1408d000176b02f",89,"average",2,2,33,4,29,37,0,0
"5a8b61fcf1408d000176b02f",90,"average",6,6,32,4.32049379893857,26,38,0,0
"5a8b61fcf1408d000176b02f",91,"average",6,6,35,4.32049379893857,29,41,0,0
"5a8b61fcf1408d000176b02f",92,"average",12,12,19.3333333333333,5.45180907793204,10,28,-0.206282093856245,0
"5a8b61fcf1408d000176b02f",93,"average",2,2,32,4,28,36,0,0
"5a8b61fcf1408d000176b02f",94,"average",6,6,23,4.32049379893857,17,29,0,0
"5a8b61fcf1408d000176b02f",95,"average",6,6,22,4.32049379893857,16,28,0,0
"5a8b61fcf1408d000176b02f",96,"average",6,6,21,4.32049379893857,15,27,0,0
"5a8b61fcf1408d000176b02f",97,"average",12,12,21.3333333333333,5.45180907793204,12,30,-0.206282093856245,0
"5a8b61fcf1408d000176b02f",98,"average",2,2,24,4,20,28,0,0
"5a8b61fcf1408d000176b02f",99,"average",6,6,16,4.32049379893857,10,22,0,0
"5a8b61fcf1408d000176b02f",100,"average",6,6,22,4.32049379893857,16,28,0,0
"5a8b61fcf1408d000176b02f",101,"average",8,8,33,5.47722557505166,25,41,0,0
"5a8b61fcf1408d000176b02f",102,"average",6,6,29,4.32049379893857,23,35,0,0
"5a8b61fcf1408d000176b02f",103,"average",8,8,18,5.47722557505166,10,26,0,0
"5a8b61fcf1408d000176b02f",104,"average",2,2,17,4,13,21,0,0
"5a8b61fcf1408d000176b02f",105,"average",12,12,20.3333333333333,5.45180907793204,11,29,-0.206282093856245,0
"5a8b61fcf1408d000176b02f",106,"average",2,2,28,4,24,32,0,0
"5a8b61fcf1408d000176b02f",107,"average",8,8,31,5.47722557505166,23,39,0,0
"5a8b61fcf1408d000176b02f",108,"average",12,12,16.3333333333333,5.45180907793204,7,25,-0.206282093856245,0
"5a8b61fcf1408d000176b02f",109,"average",6,6,36,4.32049379893857,30,42,0,0
"5a8b61fcf1408d000176b02f",110,"average",8,8,34,5.47722557505166,26,42,0,0
"5a8b61fcf1408d000176b02f",111,"average",12,12,20.3333333333333,5.45180907793204,11,29,-0.206282093856245,0
"5a8b61fcf1408d000176b02f",112,"average",6,6,18,4.32049379893857,12,24,0,0
"5a8b61fcf1408d000176b02f",113,"average",2,2,25,4,21,29,0,0
"5a8b61fcf1408d000176b02f",114,"average",12,12,36.3333333333333,5.45180907793204,27,45,-0.206282093856247,0
"5a8b61fcf1408d000176b02f",115,"average",8,8,34,5.47722557505166,26,42,0,0
"5a8b61fcf1408d000176b02f",116,"average",8,8,22,5.47722557505166,14,30,0,0
"67ddc16bf07d3aedfbdf9f3b",1,"average",10,10,11.3,5.38609320379809,2,19,-0.0693501497437456,0
"67ddc16bf07d3aedfbdf9f3b",2,"average",6,6,15.3333333333333,3.90156663690654,8,20,-0.689098694727753,0
"67ddc16bf07d3aedfbdf9f3b",3,"average",10,10,9.7,5.67538544946509,2,20,0.399969004366515,0
"67ddc16bf07d3aedfbdf9f3b",4,"average",4,4,11.25,6.97764286847643,3,20,0.0521563112106945,0
"67ddc16bf07d3aedfbdf9f3b",5,"average",4,4,12,6.44204936336256,2,19,-0.555461942493448,0
"67ddc16bf07d3aedfbdf9f3b",6,"average",4,4,13,4.06201920231798,8,19,0.31332379522012,0
"67ddc16bf07d3aedfbdf9f3b",7,"average",2,2,4,1,3,5,0,0
"67ddc16bf07d3aedfbdf9f3b",8,"average",4,4,9.75,7.62807315119618,1,20,0.165382095707212,1
"67ddc16bf07d3aedfbdf9f3b",9,"average",10,10,37.5,6.77126280689208,29,48,0.286024974640894,0
"67ddc16bf07d3aedfbdf9f3b",10,"average",9,9,38.5555555555556,5.57994645755099,32,48,0.470969545043466,0
"67ddc16bf07d3aedfbdf9f3b",11,"average",7,7,35.5714285714286,4.65547735337152,29,44,0.366149452542611,0
"67ddc16bf07d3aedfbdf9f3b",12,"average",11,11,10,5.16984262113197,3,19,0.402649133757468,0
"67ddc16bf07d3aedfbdf9f3b",13,"average",3,3,35.6666666666667,2.86744175568088,32,39,-0.172800544078648,0
"67ddc16bf07d3aedfbdf9f3b",14,"average",2,2,39,3,36,42,0,0
"67ddc16bf07d3aedfbdf9f3b",15,"average",8,8,38.625,6.59426834455499,29,48,0.080550467469342,0
"67ddc16bf07d3aedfbdf9f3b",16,"average",3,3,8.66666666666667,4.64279609239471,4,15,0.492208428330718,0
"67ddc16bf07d3aedfbdf9f3b",17,"average",12,12,9.91666666666667,6.30420935213573,1,20,0.103185630216271,1
"67ddc16bf07d3aedfbdf9f3b",18,"average",9,9,38.5555555555556,5.1448164012401,30,47,-0.0225032889779482,0
"67ddc16bf07d3aedfbdf9f3b",19,"average",6,6,37.1666666666667,6.61857655055493,29,48,0.535505235250569,0
"67ddc16bf07d3aedfbdf9f3b",20,"average",3,3,36,7.87400787401181,29,47,0.630903856710624,0
"67ddc16bf07d3aedfbdf9f3b",21,"average",2,2,18,4,14,22,0,0
"67ddc16bf07d3aedfbdf9f3b",22,"average",8,8,17,5.47722557505166,9,25,0,0
"67ddc16bf07d3aedfbdf9f3b",23,"average",2,2,31,4,27,35,0,0
"67ddc16bf07d3aedfbdf9f3b",24,"average",8,8,16,5.47722557505166,8,24,0,0
"67ddc16bf07d3aedfbdf9f3b",25,"average",2,2,30,4,26,34,0,0
"67ddc16bf07d3aedfbdf9f3b",26,"average",2,2,28,4,24,32,0,0
"67ddc16bf07d3aedfbdf9f3b",27,"average",12,12,32.3333333333333,5.45180907793204,23,41,-0.206282093856247,0
"67ddc16bf07d3aedfbdf9f3b",28,"average",6,6,22,4.32049379893857,16,28,0,0
"67ddc16bf07d3aedfbdf9f3b",29,"average",8,8,17,5.47722557505166,9,25,0,0
"67ddc16bf07d3aedfbdf9f3b",30,"average",6,6,15,4.32049379893857,9,21,0,0
"67ddc16bf07d3aedfbdf9f3b",31,"average",2,2,14,4,10,18,0,0
"67ddc16bf07d3aedfbdf9f3b",32,"average",8,8,31,5.47722557505166,23,39,0,0
"67ddc16bf07d3aedfbdf9f3b",33,"average",12,12,23.3333333333333,5.45180907793204,14,32,-0.206282093856245,0
"67ddc16bf07d3aedfbdf9f3b",34,"average",6,6,16,4.32049379893857,10,22,0,0
"67ddc16bf07d3aedfbdf9f3b",35,"average",6,6,32,4.32049379893857,26,38,0,0
"67ddc16bf07d3aedfbdf9f3b",36,"average",12,12,34.3333333333333,5.45180907793204,25,43,-0.206282093856247,0
"67ddc16bf07d3aedfbdf9f3b",37,"average",8,8,16,5.47722557505166,8,24,0,0
"67ddc16bf07d3aedfbdf9f3b",38,"average",2,2,28,4,24,32,0,0
"67ddc16bf07d3aedfbdf9f3b",39,"average",2,2,26,4,22,30,0,0
"67ddc16bf07d3aedfbdf9f3b",40,"average",6,6,27,4.32049379893857,21,33,0,0
"67ddc16bf07d3aedfbdf9f3b",41,"average",12,12,22.3333333333333,5.45180907793204,13,31,-0.206282093856245,0
"67ddc16bf07d3aedfbdf9f3b",42,"average",2,2,15,4,11,19,0,0
"67ddc16bf07d3aedfbdf9f3b",43,"average",8,8,20,5.47722557505166,12,28,0,0
"67ddc16bf07d3aedfbdf9f3b",44,"average",6,6,29,4.32049379893857,23,35,0,0
"67ddc16bf07d3aedfbdf9f3b",45,"average",8,8,21,5.47722557505166,13,29,0,0
"67ddc16bf07d3aedfbdf9f3b",46,"average",6,6,35,4.32049379893857,29,41,0,0
"67ddc16bf07d3aedfbdf9f3b",47,"average",2,2,23,4,19,27,0,0
"67ddc16bf07d3aedfbdf9f3b",48,"average",8,8,21,5.47722557505166,13,29,0,0
"67ddc16bf07d3aedfbdf9f3b",49,"average",12,12,33.3333333333333,5.45180907793204,24,42,-0.206282093856247,0
"67ddc16bf07d3aedfbdf9f3b",50,"average",2,2,19,4,15,23,0,0
"67ddc16bf07d3aedfbdf9f3b",51,"average",12,12,31.3333333333333,5.45180907793204,22,40,-0.206282093856245,0
"67ddc16bf07d3aedfbdf9f3b",52,"average",6,6,19,4.32049379893857,13,25,0,0
"67ddc16bf07d3aedfbdf9f3b",53,"average",12,12,24.3333333333333,5.45180907793204,15,33,-0.206282093856245,0
"67ddc16bf07d3aedfbdf9f3b",54,"average",12,12,28.3333333333333,5.45180907793204,19,37,-0.206282093856245,0
"67ddc16bf07d3aedfbdf9f3b",55,"average",8,8,15,5.47722557505166,7,23,0,0
"67ddc16bf07d3aedfbdf9f3b",56,"average",12,12,16.3333333333333,5.45180907793204,7,25,-0.206282093856245,0
"67ddc16bf07d3aedfbdf9f3b",57,"average",12,12,18.3333333333333,5.45180907793204,9,27,-0.206282093856245,0
"67ddc16bf07d3aedfbdf9f3b",58,"average",6,6,15,4.32049379893857,9,21,0,0
"67ddc16bf07d3aedfbdf9f3b",59,"average",8,8,32,5.47722557505166,24,40,0,0
"67ddc16bf07d3aedfbdf9f3b",60,"average",8,8,27,5.47722557505166,19,35,0,0
"67ddc16bf07d3aedfbdf9f3b",61,"average",6,6,31,4.32049379893857,25,37,0,0
"67ddc16bf07d3aedfbdf9f3b",62,"average",2,2,31,4,27,35,0,0
"67ddc16bf07d3aedfbdf9f3b",63,"average",6,6,32,4.32049379893857,26,38,0,0
"67ddc16bf07d3aedfbdf9f3b",64,"average",12,12,35.3333333333333,5.45180907793204,26,44,-0.206282093856247,0
"67ddc16bf07d3aedfbdf9f3b",65,"average",2,2,14,4,10,18,0,0
"67ddc16bf07d3aedfbdf9f3b",66,"average",8,8,28,5.47722557505166,20,36,0,0
"67ddc16bf07d3aedfbdf9f3b",67,"average",12,12,14.3333333333333,5.45180907793204,5,23,-0.206282093856245,0
"67ddc16bf07d3aedfbdf9f3b",68,"average",6,6,25,4.32049379893857,19,31,0,0
"67ddc16bf07d3aedfbdf9f3b",69,"average",8,8,22,5.47722557505166,14,30,0,0
"67ddc16bf07d3aedfbdf9f3b",70,"average",8,8,22,5.47722557505166,14,30,0,0
"67ddc16bf07d3aedfbdf9f3b",71,"average",12,12,35.3333333333333,5.45180907793204,26,44,-0.206282093856247,0
"67ddc16bf07d3aedfbdf9f3b",72,"average",8,8,16,5.47722557505166,8,24,0,0
"67ddc16bf07d3aedfbdf9f3b",73,"average",8,8,23,5.47722557505166,15,31,0,0
"67ddc16bf07d3aedfbdf9f3b",74,"average",8,8,21,5.47722557505166,13,29,0,0
"67ddc16bf07d3aedfbdf9f3b",75,"average",6,6,25,4.32049379893857,19,31,0,0
"67ddc16bf07d3aedfbdf9f3b",76,"average",2,2,21,4,17,25,0,0
"67ddc16bf07d3aedfbdf9f3b",77,"average",2,2,34,4,30,38,0,0
"67ddc16bf07d3aedfbdf9f3b",78,"average",6,6,18,4.32049379893857,12,24,0,0
"67ddc16bf07d3aedfbdf9f3b",79,"average",6,6,33,4.32049379893857,27,39,0,0
"67ddc16bf07d3aedfbdf9f3b",80,"average",12,12,31.3333333333333,5.45180907793204,22,40,-0.206282093856245,0
"67ddc16bf07d3aedfbdf9f3b",81,"average",8,8,35,5.47722557505166,27,43,0,0
"67ddc16bf07d3aedfbdf9f3b",82,"average",12,12,26.3333333333333,5.45180907793204,17,35,-0.206282093856245,0
"67ddc16bf07d3aedfbdf9f3b",83,"average",6,6,15,4.32049379893857,9,21,0,0
"67ddc16bf07d3aedfbdf9f3b",84,"average",12,12,31.3333333333333,5.45180907793204,22,40,-0.206282093856245,0
"67ddc16bf07d3aedfbdf9f3b",85,"average",6,6,29,4.32049379893857,23,35,0,0
"67ddc16bf07d3aedfbdf9f3b",86,"average",2,2,32,4,28,36,0,0
"67ddc16bf07d3aedfbdf9f3b",87,"average",2,2,35,4,31,39,0,0
"67ddc16bf07d3aedfbdf9f3b",88,"average",12,12,27.3333333333333,5.45180907793204,18,36,-0.206282093856245,0
"67ddc16bf07d3aedfbdf9f3b",89,"average",8,8,30,5.47722557505166,22,38,0,0
"67ddc16bf07d3aedfbdf9f3b",90,"average",6,6,25,4.32049379893857,19,31,0,0
"67ddc16bf07d3aedfbdf9f3b",91,"average",12,12,34.3333333333333,5.45180907793204,25,43,-0.206282093856247,0
"67ddc16bf07d3aedfbdf9f3b",92,"average",12,12,27.3333333333333,5.45180907793204,18,36,-0.206282093856245,0
"67ddc16bf07d3aedfbdf9f3b",93,"average",6,6,32,4.32049379893857,26,38,0,0
"67ddc16bf07d3aedfbdf9f3b",94,"average",12,12,26.3333333333333,5.45180907793204,17,35,-0.206282093856245,0
"67ddc16bf07d3aedfbdf9f3b",95,"average",12,12,23.3333333333333,5.45180907793204,14,32,-0.206282093856245,0
"67ddc16bf07d3aedfbdf9f3b",96,"average",8,8,30,5.47722557505166,22,38,0,0
"67ddc16bf07d3aedfbdf9f3b",97,"average",8,8,21,5.47722557505166,13,29,0,0
"67ddc16bf07d3aedfbdf9f3b",98,"average",2,2,30,4,26,34,0,0
"67ddc16bf07d3aedfbdf9f3b",99,"average",2,2,15,4,11,19,0,0
"67ddc16bf07d3aedfbdf9f3b",100,"average",6,6,24,4.32049379893857,18,30,0,0
"67ddc16bf07d3aedfbdf9f3b",101,"average",6,6,18,4.32049379893857,12,24,0,0
"67ddc16bf07d3aedfbdf9f3b",102,"average",6,6,19,4.32049379893857,13,25,0,0
"67ddc16bf07d3aedfbdf9f3b",103,"average",2,2,17,4,13,21,0,0
"67ddc16bf07d3aedfbdf9f3b",104,"average",6,6,31,4.32049379893857,25,37,0,0
"67ddc16bf07d3aedfbdf9f3b",105,"average",12,12,36.3333333333333,5.45180907793204,27,45,-0.206282093856247,0
"67ddc16bf07d3aedfbdf9f3b",106,"average",2,2,33,4,29,37,0,0
"67ddc16bf07d3aedfbdf9f3b",107,"average",2,2,29,4,25,33,0,0
"67ddc16bf07d3aedfbdf9f3b",108,"average",2,2,32,4,28,36,0,0
"67ddc16bf07d3aedfbdf9f3b",109,"average",8,8,32,5.47722557505166,24,40,0,0
"67ddc16bf07d3aedfbdf9f3b",110,"average",2,2,25,4,21,29,0,0
"67ddc16bf07d3aedfbdf9f3b",111,"average",8,8,35,5.47722557505166,27,43,0,0
"67ddc16bf07d3aedfbdf9f3b",112,"average",6,6,22,4.32049379893857,16,28,0,0
"67ddc16bf07d3aedfbdf9f3b",113,"average",8,8,15,5.47722557505166,7,23,0,0
"67ddc16bf07d3aedfbdf9f3b",114,"average",12,12,29.3333333333333,5.45180907793204,20,38,-0.206282093856245,0
"67ddc16bf07d3aedfbdf9f3b",115,"average",2,2,14,4,10,18,0,0
"67ddc16bf07d3aedfbdf9f3b",116,"average",12,12,36.3333333333333,5.45180907793204,27,45,-0.206282093856247,0
"67e0706e6c8edde0a06d4069",1,"average",6,6,13,4.61880215351701,6,19,-0.111636087206588,0
"67e0706e6c8edde0a06d4069",2,"average",7,7,11.5714285714286,5.90053612230382,4,20,0.170299238421158,0
"67e0706e6c8edde0a06d4069",3,"average",12,12,10.1666666666667,6.09416843292741,1,20,0.117494441262078,1
"67e0706e6c8edde0a06d4069",4,"average",10,10,39.2,5.4,31,48,0.202560585276633,0
"67e0706e6c8edde0a06d4069",5,"average",10,10,39.3,4.64865571966778,31,46,-0.387985161482969,0
"67e0706e6c8edde0a06d4069",6,"average",6,6,40,5.09901951359278,33,47,0,0
"67e0706e6c8edde0a06d4069",7,"average",9,9,10.3333333333333,5.86893895388634,2,19,0.117989490727454,0
"67e0706e6c8edde0a06d4069",8,"average",9,9,40.8888888888889,5.70466562355264,29,48,-0.782458741840761,0
"67e0706e6c8edde0a06d4069",9,"average",9,9,11,5.59761854124889,2,18,-0.376299843085314,0
"67e0706e6c8edde0a06d4069",10,"average",6,6,36.8333333333333,6.51707159867238,29,47,0.462704526199187,0
"67e0706e6c8edde0a06d4069",11,"average",2,2,8,5,3,13,0,0
"67e0706e6c8edde0a06d4069",12,"average",12,12,9.58333333333333,6.14353770685552,1,19,0.128665776277839,1
"67e0706e6c8edde0a06d4069",13,"average",5,5,9.4,5.8172158288996,3,19,0.490351802890409,0
"67e0706e6c8edde0a06d4069",14,"average",6,6,36.8333333333333,3.71558280160133,32,42,0.0144406053606823,0
"67e0706e6c8edde0a06d4069",15,"average",4,4,35.75,6.17960354715414,30,46,0.883138662030177,0
"67e0706e6c8edde0a06d4069",16,"average",4,4,36.75,4.65698400254929,30,43,-0.153158457009818,0
"67e0706e6c8edde0a06d4069",17,"average",5,5,8.6,4.17612260356422,4,16,0.793501959224495,0
"67e0706e6c8edde0a06d4069",18,"average",4,4,38.5,4.27200187265877,33,44,0,0
"67e0706e6c8edde0a06d4069",19,"average",11,11,37.3636363636364,5.61285419652114,29,47,0.189923272646317,0
"67e0706e6c8edde0a06d4069",20,"average",7,7,13,5.8554004376912,2,20,-0.627625734415025,0
"67e0706e6c8edde0a06d4069",21,"average",2,2,32,4,28,36,0,0
"67e0706e6c8edde0a06d4069",22,"average",8,8,14,5.47722557505166,6,22,0,0
"67e0706e6c8edde0a06d4069",23,"average",12,12,35.3333333333333,5.45180907793204,26,44,-0.206282093856247,0
"67e0706e6c8edde0a06d4069",24,"average",6,6,27,4.32049379893857,21,33,0,0
"67e0706e6c8edde0a06d4069",25,"average",6,6,19,4.32049379893857,13,25,0,0
"67e0706e6c8edde0a06d4069",26,"average",8,8,14,5.47722557505166,6,22,0,0
"67e0706e6c8edde0a06d4069",27,"average",8,8,36,5.47722557505166,28,44,0,0
"67e0706e6c8edde0a06d4069",28,"average",6,6,34,4.32049379893857,28,40,0,0
"67e0706e6c8edde0a06d4069",29,"average",8,8,18,5.47722557505166,10,26,0,0
"67e0706e6c8edde0a06d4069",30,"average",12,12,20.3333333333333,5.45180907793204,11,29,-0.206282093856245,0
"67e0706e6c8edde0a06d4069",31,"average",2,2,21,4,17,25,0,0
"67e0706e6c8edde0a06d4069",32,"average",12,12,32.3333333333333,5.45180907793204,23,41,-0.206282093856247,0
"67e0706e6c8edde0a06d4069",33,"average",8,8,31,5.47722557505166,23,39,0,0
"67e0706e6c8edde0a06d4069",34,"average",2,2,28,4,24,32,0,0
"67e0706e6c8edde0a06d4069",35,"average",8,8,15,5.47722557505166,7,23,0,0
"67e0706e6c8edde0a06d4069",36,"average",2,2,21,4,17,25,0,0
"67e0706e6c8edde0a06d4069",37,"average",12,12,30.3333333333333,5.45180907793204,21,39,-0.206282093856245,0
"67e0706e6c8edde0a06d4069",38,"average",6,6,23,4.32049379893857,17,29,0,0
"67e0706e6c8edde0a06d4069",39,"average",2,2,30,4,26,34,0,0
"67e0706e6c8edde0a06d4069",40,"average",8,8,24,5.47722557505166,16,32,0,0
"67e0706e6c8edde0a06d4069",41,"average",6,6,26,4.32049379893857,20,32,0,0
"67e0706e6c8edde0a06d4069",42,"average",12,12,33.3333333333333,5.45180907793204,24,42,-0.206282093856247,0
"67e0706e6c8edde0a06d4069",43,"average",12,12,26.3333333333333,5.45180907793204,17,35,-0.206282093856245,0
"67e0706e6c8edde0a06d4069",44,"average",6,6,15,4.32049379893857,9,21,0,0
"67e0706e6c8edde0a06d4069",45,"average",6,6,23,4.32049379893857,17,29,0,0
"67e0706e6c8edde0a06d4069",46,"average",12,12,14.3333333333333,5.45180907793204,5,23,-0.206282093856245,0
"67e0706e6c8edde0a06d4069",47,"average",2,2,18,4,14,22,0,0
"67e0706e6c8edde0a06d4069",48,"average",6,6,34,4.32049379893857,28,40,0,0
"67e0706e6c8edde0a06d4069",49,"average",12,12,17.3333333333333,5.45180907793204,8,26,-0.206282093856245,0
"67e0706e6c8edde0a06d4069",50,"average",2,2,24,4,20,28,0,0
"67e0706e6c8edde0a06d4069",51,"average",12,12,23.3333333333333,5.45180907793204,14,32,-0.206282093856245,0
"67e0706e6c8edde0a06d4069",52,"average",2,2,31,4,27,35,0,0
"67e0706e6c8edde0a06d4069",53,"average",12,12,21.3333333333333,5.45180907793204,12,30,-0.206282093856245,0
"67e0706e6c8edde0a06d4069",54,"average",12,12,15.3333333333333,5.45180907793204,6,24,-0.206282093856245,0
"67e0706e6c8edde0a06d4069",55,"average",12,12,19.3333333333333,5.45180907793204,10,28,-0.206282093856245,0
"67e0706e6c8edde0a06d4069",56,"average",8,8,35,5.47722557505166,27,43,0,0
"67e0706e6c8edde0a06d4069",57,"average",8,8,25,5.47722557505166,17,33,0,0
"67e0706e6c8edde0a06d4069",58,"average",6,6,25,4.32049379893857,19,31,0,0
"67e0706e6c8edde0a06d4069",59,"average",2,2,15,4,11,19,0,0
"67e0706e6c8edde0a06d4069",60,"average",2,2,15,4,11,19,0,0
"67e0706e6c8edde0a06d4069",61,"average",8,8,29,5.47722557505166,21,37,0,0
"67e0706e6c8edde0a06d4069",62,"average",2,2,17,4,13,21,0,0
"67e0706e6c8edde0a06d4069",63,"average",2,2,28,4,24,32,0,0
"67e0706e6c8edde0a06d4069",64,"average",6,6,27,4.32049379893857,21,33,0,0
"67e0706e6c8edde0a06d4069",65,"average",6,6,27,4.32049379893857,21,33,0,0
"67e0706e6c8edde0a06d4069",66,"average",8,8,18,5.47722557505166,10,26,0,0
"67e0706e6c8edde0a06d4069",67,"average",6,6,16,4.32049379893857,10,22,0,0
"67e0706e6c8edde0a06d4069",68,"average",8,8,29,5.47722557505166,21,37,0,0
"67e0706e6c8edde0a06d4069",69,"average",8,8,35,5.47722557505166,27,43,0,0
"67e0706e6c8edde0a06d4069",70,"average",6,6,31,4.32049379893857,25,37,0,0
"67e0706e6c8edde0a06d4069",71,"average",8,8,31,5.47722557505166,23,39,0,0
"67e0706e6c8edde0a06d4069",72,"average",12,12,36.3333333333333,5.45180907793204,27,45,-0.206282093856247,0
"67e0706e6c8edde0a06d4069",73,"average",2,2,22,4,18,26,0,0
"67e0706e6c8edde0a06d4069",74,"average",2,2,31,4,27,35,0,0
"67e0706e6c8edde0a06d4069",75,"average",2,2,17,4,13,21,0,0
"67e0706e6c8edde0a06d4069",76,"average",2,2,17,4,13,21,0,0
"67e0706e6c8edde0a06d4069",77,"average",2,2,36,4,32,40,0,0
"67e0706e6c8edde0a06d4069",78,"average",12,12,26.3333333333333,5.45180907793204,17,35,-0.206282093856245,0
"67e0706e6c8edde0a06d4069",79,"average",2,2,28,4,24,32,0,0
"67e0706e6c8edde0a06d4069",80,"average",12,12,14.3333333333333,5.45180907793204,5,23,-0.206282093856245,0
"67e0706e6c8edde0a06d4069",81,"average",8,8,27,5.47722557505166,19,35,0,0
"67e0706e6c8edde0a06d4069",82,"average",2,2,22,4,18,26,0,0
"67e0706e6c8edde0a06d4069",83,"average",12,12,16.3333333333333,5.45180907793204,7,25,-0.206282093856245,0
"67e0706e6c8edde0a06d4069",84,"average",6,6,19,4.32049379893857,13,25,0,0
"67e0706e6c8edde0a06d4069",85,"average",12,12,33.3333333333333,5.45180907793204,24,42,-0.206282093856247,0
"67e0706e6c8edde0a06d4069",86,"average",12,12,18.3333333333333,5.45180907793204,9,27,-0.206282093856245,0
"67e0706e6c8edde0a06d4069",87,"average",12,12,22.3333333333333,5.45180907793204,13,31,-0.206282093856245,0
"67e0706e6c8edde0a06d4069",88,"average",6,6,14,4.32049379893857,8,20,0,0
"67e0706e6c8edde0a06d4069",89,"average",6,6,30,4.32049379893857,24,36,0,0
"67e0706e6c8edde0a06d4069",90,"average",6,6,36,4.32049379893857,30,42,0,0
"67e0706e6c8edde0a06d4069",91,"average",2,2,33,4,29,37,0,0
"67e0706e6c8edde0a06d4069",92,"average",6,6,32,4.32049379893857,26,38,0,0
"67e0706e6c8edde0a06d4069",93,"average",8,8,29,5.47722557505166,21,37,0,0
"67e0706e6c8edde0a06d4069",94,"average",12,12,21.3333333333333,5.45180907793204,12,30,-0.206282093856245,0
"67e0706e6c8edde0a06d4069",95,"average",6,6,18,4.32049379893857,12,24,0,0
"67e0706e6c8edde0a06d4069",96,"average",8,8,24,5.47722557505166,16,32,0,0
"67e0706e6c8edde0a06d4069",97,"average",8,8,16,5.47722557505166,8,24,0,0
"67e0706e6c8edde0a06d4069",98,"average",12,12,35.3333333333333,5.45180907793204,26,44,-0.206282093856247,0
"67e0706e6c8edde0a06d4069",99,"average",8,8,27,5.47722557505166,19,35,0,0
"67e0706e6c8edde0a06d4069",100,"average",6,6,23,4.32049379893857,17,29,0,0
"67e0706e6c8edde0a06d4069",101,"average",6,6,31,4.32049379893857,25,37,0,0
"67e0706e6c8edde0a06d4069",102,"average",12,12,14.3333333333333,5.45180907793204,5,23,-0.206282093856245,0
"67e0706e6c8edde0a06d4069",103,"average",2,2,24,4,20,28,0,0
"67e0706e6c8edde0a06d4069",104,"average",8,8,27,5.47722557505166,19,35,0,0
"67e0706e6c8edde0a06d4069",105,"average",6,6,23,4.32049379893857,17,29,0,0
"67e0706e6c8edde0a06d4069",106,"average",8,8,25,5.47722557505166,17,33,0,0
"67e0706e6c8edde0a06d4069",107,"average",2,2,19,4,15,23,0,0
"67e0706e6c8edde0a06d4069",108,"average",12,12,33.3333333333333,5.45180907793204,24,42,-0.206282093856247,0
"67e0706e6c8edde0a06d4069",109,"average",8,8,17,5.47722557505166,9,25,0,0
"67e0706e6c8edde0a06d4069",110,"average",2,2,19,4,15,23,0,0
"67e0706e6c8edde0a06d4069",111,"average",12,12,19.3333333333333,5.45180907793204,10,28,-0.206282093856245,0
"67e0706e6c8edde0a06d4069",112,"average",2,2,21,4,17,25,0,0
"67e0706e6c8edde0a06d4069",113,"average",6,6,16,4.32049379893857,10,22,0,0
"67e0706e6c8edde0a06d4069",114,"average",8,8,31,5.47722557505166,23,39,0,0
"67e0706e6c8edde0a06d4069",115,"average",6,6,19,4.32049379893857,13,25,0,0
"67e0706e6c8edde0a06d4069",116,"average",8,8,30,5.47722557505166,22,38,0,0
"67ef42807f408cca62ea4bb0",1,"average",11,11,12.2727272727273,5.94047609189256,1,20,-0.453960685969445,1
"67ef42807f408cca62ea4bb0",2,"average",9,9,36.4444444444444,4.85594964075826,29,45,0.194312526673582,0
"67ef42807f408cca62ea4bb0",3,"average",3,3,41.3333333333333,6.23609564462324,33,48,-0.381801774160607,0
"67ef42807f408cca62ea4bb0",4,"average",6,6,9,5.3851648071345,1,18,0.262534788457211,1
"67ef42807f408cca62ea4bb0",5,"average",11,11,38.6363636363636,6.48456527277346,29,48,-0.0929770812091276,0
"67ef42807f408cca62ea4bb0",6,"average",12,12,38.25,5.83273806486571,30,48,0.424415630809045,0
"67ef42807f408cca62ea4bb0",7,"average",9,9,11.1111111111111,6.60714166547489,1,20,-0.13096764282431,1
"67ef42807f408cca62ea4bb0",8,"average",2,2,37.5,2.5,35,40,0,0
"67ef42807f408cca62ea4bb0",9,"average",8,8,9.25,4.71036092035419,2,16,-0.0493368491558622,0
"67ef42807f408cca62ea4bb0",10,"average",11,11,36.2727272727273,5.97100431769928,29,48,0.681508157794356,0
"67ef42807f408cca62ea4bb0",11,"average",12,12,11.25,6.31301565550622,1,20,-0.31262423229442,1
"67ef42807f408cca62ea4bb0",12,"average",12,12,10.8333333333333,6.93821943216622,1,20,-0.103571202632473,1
"67ef42807f408cca62ea4bb0",13,"average",10,10,41.6,4.40908153700972,34,48,-0.221764503461852,0
"67ef42807f408cca62ea4bb0",14,"average",8,8,8.875,6.95409052285056,1,20,0.397007185980635,1
"67ef42807f408cca62ea4bb0",15,"average",4,4,9.75,7.39509972887452,2,19,0.100838976221322,0
"67ef42807f408cca62ea4bb0",16,"average",6,6,38.6666666666667,5.49747416749021,30,47,-0.0425774856451638,0
"67ef42807f408cca62ea4bb0",17,"average",7,7,13,3.85449644663773,6,18,-0.43405849408328,0
"67ef42807f408cca62ea4bb0",18,"average",6,6,10.3333333333333,6.82316316348624,2,19,0.0338124751638062,0
"67ef42807f408cca62ea4bb0",19,"average",10,10,38.3,5.11957029446808,30,45,-0.303434232021093,0
"67ef42807f408cca62ea4bb0",20,"average",12,12,12.1666666666667,4.70519807116437,5,20,0.178486848773832,0
"67ef42807f408cca62ea4bb0",21,"average",2,2,34,4,30,38,0,0
"67ef42807f408cca62ea4bb0",22,"average",8,8,31,5.47722557505166,23,39,0,0
"67ef42807f408cca62ea4bb0",23,"average",12,12,14.3333333333333,5.45180907793204,5,23,-0.206282093856245,0
"67ef42807f408cca62ea4bb0",24,"average",2,2,35,4,31,39,0,0
"67ef42807f408cca62ea4bb0",25,"average",6,6,23,4.32049379893857,17,29,0,0
"67ef42807f408cca62ea4bb0",26,"average",8,8,29,5.47722557505166,21,37,0,0
"67ef42807f408cca62ea4bb0",27,"average",2,2,28,4,24,32,0,0
"67ef42807f408cca62ea4bb0",28,"average",12,12,23.3333333333333,5.45180907793204,14,32,-0.206282093856245,0
"67ef42807f408cca62ea4bb0",29,"average",6,6,34,4.32049379893857,28,40,0,0
"67ef42807f408cca62ea4bb0",30,"average",6,6,30,4.32049379893857,24,36,0,0
"67ef42807f408cca62ea4bb0",31,"average",8,8,36,5.47722557505166,28,44,0,0
"67ef42807f408cca62ea4bb0",32,"average",12,12,30.3333333333333,5.45180907793204,21,39,-0.206282093856245,0
"67ef42807f408cca62ea4bb0",33,"average",12,12,15.3333333333333,5.45180907793204,6,24,-0.206282093856245,0
"67ef42807f408cca62ea4bb0",34,"average",2,2,19,4,15,23,0,0
"67ef42807f408cca62ea4bb0",35,"average",12,12,33.3333333333333,5.45180907793204,24,42,-0.206282093856247,0
"67ef42807f408cca62ea4bb0",36,"average",6,6,33,4.32049379893857,27,39,0,0
"67ef42807f408cca62ea4bb0",37,"average",12,12,32.3333333333333,5.45180907793204,23,41,-0.206282093856247,0
"67ef42807f408cca62ea4bb0",38,"average",8,8,26,5.47722557505166,18,34,0,0
"67ef42807f408cca62ea4bb0",39,"average",2,2,32,4,28,36,0,0
"67ef42807f408cca62ea4bb0",40,"average",12,12,25.3333333333333,5.45180907793204,16,34,-0.206282093856245,0
"67ef42807f408cca62ea4bb0",41,"average",6,6,22,4.32049379893857,16,28,0,0
"67ef42807f408cca62ea4bb0",42,"average",2,2,31,4,27,35,0,0
"67ef42807f408cca62ea4bb0",43,"average",12,12,36.3333333333333,5.45180907793204,27,45,-0.206282093856247,0
"67ef42807f408cca62ea4bb0",44,"average",6,6,22,4.32049379893857,16,28,0,0
"67ef42807f408cca62ea4bb0",45,"average",12,12,26.3333333333333,5.45180907793204,17,35,-0.206282093856245,0
"67ef42807f408cca62ea4bb0",46,"average",6,6,19,4.32049379893857,13,25,0,0
"67ef42807f408cca62ea4bb0",47,"average",8,8,25,5.47722557505166,17,33,0,0
"67ef42807f408cca62ea4bb0",48,"average",6,6,20,4.32049379893857,14,26,0,0
"67ef42807f408cca62ea4bb0",49,"average",6,6,34,4.32049379893857,28,40,0,0
"67ef42807f408cca62ea4bb0",50,"average",6,6,17,4.32049379893857,11,23,0,0
"67ef42807f408cca62ea4bb0",51,"average",8,8,17,5.47722557505166,9,25,0,0
"67ef42807f408cca62ea4bb0",52,"average",2,2,28,4,24,32,0,0
"67ef42807f408cca62ea4bb0",53,"average",2,2,36,4,32,40,0,0
"67ef42807f408cca62ea4bb0",54,"average",8,8,19,5.47722557505166,11,27,0,0
"67ef42807f408cca62ea4bb0",55,"average",8,8,24,5.47722557505166,16,32,0,0
"67ef42807f408cca62ea4bb0",56,"average",6,6,28,4.32049379893857,22,34,0,0
"67ef42807f408cca62ea4bb0",57,"average",8,8,18,5.47722557505166,10,26,0,0
"67ef42807f408cca62ea4bb0",58,"average",2,2,24,4,20,28,0,0
"67ef42807f408cca62ea4bb0",59,"average",8,8,24,5.47722557505166,16,32,0,0
"67ef42807f408cca62ea4bb0",60,"average",12,12,17.3333333333333,5.45180907793204,8,26,-0.206282093856245,0
"67ef42807f408cca62ea4bb0",61,"average",2,2,28,4,24,32,0,0
"67ef42807f408cca62ea4bb0",62,"average",2,2,34,4,30,38,0,0
"67ef42807f408cca62ea4bb0",63,"average",2,2,27,4,23,31,0,0
"67ef42807f408cca62ea4bb0",64,"average",12,12,24.3333333333333,5.45180907793204,15,33,-0.206282093856245,0
"67ef42807f408cca62ea4bb0",65,"average",6,6,33,4.32049379893857,27,39,0,0
"67ef42807f408cca62ea4bb0",66,"average",8,8,33,5.47722557505166,25,41,0,0
"67ef42807f408cca62ea4bb0",67,"average",8,8,36,5.47722557505166,28,44,0,0
"67ef42807f408cca62ea4bb0",68,"average",12,12,22.3333333333333,5.45180907793204,13,31,-0.206282093856245,0
"67ef42807f408cca62ea4bb0",69,"average",12,12,14.3333333333333,5.45180907793204,5,23,-0.206282093856245,0
"67ef42807f408cca62ea4bb0",70,"average",6,6,25,4.32049379893857,19,31,0,0
"67ef42807f408cca62ea4bb0",71,"average",2,2,31,4,27,35,0,0
"67ef42807f408cca62ea4bb0",72,"average",6,6,35,4.32049379893857,29,41,0,0
"67ef42807f408cca62ea4bb0",73,"average",6,6,34,4.32049379893857,28,40,0,0
"67ef42807f408cca62ea4bb0",74,"average",6,6,34,4.32049379893857,28,40,0,0
"67ef42807f408cca62ea4bb0",75,"average",12,12,27.3333333333333,5.45180907793204,18,36,-0.206282093856245,0
"67ef42807f408cca62ea4bb0",76,"average",2,2,24,4,20,28,0,0
"67ef42807f408cca62ea4bb0",77,"average",8,8,22,5.47722557505166,14,30,0,0
"67ef42807f408cca62ea4bb0",78,"average",2,2,34,4,30,38,0,0
"67ef42807f408cca62ea4bb0",79,"average",12,12,30.3333333333333,5.45180907793204,21,39,-0.206282093856245,0
"67ef42807f408cca62ea4bb0",80,"average",8,8,28,5.47722557505166,20,36,0,0
"67ef42807f408cca62ea4bb0",81,"average",8,8,33,5.47722557505166,25,41,0,0
"67ef42807f408cca62ea4bb0",82,"average",6,6,17,4.32049379893857,11,23,0,0
"67ef42807f408cca62ea4bb0",83,"average",8,8,21,5.47722557505166,13,29,0,0
"67ef42807f408cca62ea4bb0",84,"average",6,6,26,4.32049379893857,20,32,0,0
"67ef42807f408cca62ea4bb0",85,"average",8,8,21,5.47722557505166,13,29,0,0
"67ef42807f408cca62ea4bb0",86,"average",12,12,16.3333333333333,5.45180907793204,7,25,-0.206282093856245,0
"67ef42807f408cca62ea4bb0",87,"average",2,2,15,4,11,19,0,0
"67ef42807f408cca62ea4bb0",88,"average",12,12,25.3333333333333,5.45180907793204,16,34,-0.206282093856245,0
"67ef42807f408cca62ea4bb0",89,"average",8,8,32,5.47722557505166,24,40,0,0
"67ef42807f408cca62ea4bb0",90,"average",6,6,36,4.32049379893857,30,42,0,0
"67ef42807f408cca62ea4bb0",91,"average",8,8,14,5.47722557505166,6,22,0,0
"67ef42807f408cca62ea4bb0",92,"average",2,2,35,4,31,39,0,0
"67ef42807f408cca62ea4bb0",93,"average",2,2,21,4,17,25,0,0
"67ef42807f408cca62ea4bb0",94,"average",2,2,32,4,28,36,0,0
"67ef42807f408cca62ea4bb0",95,"average",12,12,36.3333333333333,5.45180907793204,27,45,-0.206282093856247,0
"67ef42807f408cca62ea4bb0",96,"average",8,8,36,5.47722557505166,28,44,0,0
"67ef42807f408cca62ea4bb0",97,"average",2,2,22,4,18,26,0,0
"67ef42807f408cca62ea4bb0",98,"average",12,12,24.3333333333333,5.45180907793204,15,33,-0.206282093856245,0
"67ef42807f408cca62ea4bb0",99,"average",12,12,23.3333333333333,5.45180907793204,14,32,-0.206282093856245,0
"67ef42807f408cca62ea4bb0",100,"average",6,6,15,4.32049379893857,9,21,0,0
"67ef42807f408cca62ea4bb0",101,"average",6,6,21,4.32049379893857,15,27,0,0
"67ef42807f408cca62ea4bb0",102,"average",6,6,20,4.32049379893857,14,26,0,0
"67ef42807f408cca62ea4bb0",103,"average",2,2,26,4,22,30,0,0
"67ef42807f408cca62ea4bb0",104,"average",8,8,23,5.47722557505166,15,31,0,0
"67ef42807f408cca62ea4bb0",105,"average",12,12,25.3333333333333,5.45180907793204,16,34,-0.206282093856245,0
"67ef42807f408cca62ea4bb0",106,"average",2,2,29,4,25,33,0,0
"67ef42807f408cca62ea4bb0",107,"average",12,12,32.3333333333333,5.45180907793204,23,41,-0.206282093856247,0
"67ef42807f408cca62ea4bb0",108,"average",8,8,21,5.47722557505166,13,29,0,0
"67ef42807f408cca62ea4bb0",109,"average",12,12,26.3333333333333,5.45180907793204,17,35,-0.206282093856245,0
"67ef42807f408cca62ea4bb0",110,"average",6,6,33,4.32049379893857,27,39,0,0
"67ef42807f408cca62ea4bb0",111,"average",2,2,14,4,10,18,0,0
"67ef42807f408cca62ea4bb0",112,"average",12,12,30.3333333333333,5.45180907793204,21,39,-0.206282093856245,0
"67ef42807f408cca62ea4bb0",113,"average",8,8,18,5.47722557505166,10,26,0,0
"67ef42807f408cca62ea4bb0",114,"average",8,8,34,5.47722557505166,26,42,0,0
"67ef42807f408cca62ea4bb0",115,"average",6,6,21,4.32049379893857,15,27,0,0
"67ef42807f408cca62ea4bb0",116,"average",2,2,17,4,13,21,0,0
"678d702b1b04e7a307fdfde5",1,"average",7,7,11.5714285714286,6.9868681489357,3,20,-0.0306184934953212,0
"678d702b1b04e7a307fdfde5",2,"average",7,7,12.7142857142857,6.08779307218929,1,20,-0.673359988714633,1
"678d702b1b04e7a307fdfde5",3,"average",11,11,37.4545454545455,5.94464826337157,30,48,0.509719745641066,0
"678d702b1b04e7a307fdfde5",4,"average",4,4,6.75,4.38035386698381,1,13,0.150583523740597,1
"678d702b1b04e7a307fdfde5",5,"average",2,2,6,2,4,8,0,0
"678d702b1b04e7a307fdfde5",6,"average",4,4,34.25,4.65698400254929,29,41,0.331379206984879,0
"678d702b1b04e7a307fdfde5",7,"average",10,10,9.9,5.52177507691141,2,18,0.0715613990044411,0
"678d702b1b04e7a307fdfde5",8,"average",10,10,38.1,5.18555686498567,30,47,-0.00550776011453015,0
"678d702b1b04e7a307fdfde5",9,"average",9,9,40.2222222222222,5.15919411833062,30,46,-0.860741768472592,0
"678d702b1b04e7a307fdfde5",10,"average",12,12,36.25,5.05181485540923,29,45,0.183001519726811,0
"678d702b1b04e7a307fdfde5",11,"average",4,4,10,6.48074069840786,2,20,0.440866714177405,0
"678d702b1b04e7a307fdfde5",12,"average",5,5,11.4,5.57135531087365,4,20,0.272287482063402,0
"678d702b1b04e7a307fdfde5",13,"average",6,6,10.3333333333333,5.99073358520381,1,19,-0.0492676956177564,1
"678d702b1b04e7a307fdfde5",14,"average",12,12,39.4166666666667,5.21948805492987,31,47,-0.149157988094561,0
"678d702b1b04e7a307fdfde5",15,"average",2,2,10,1,9,11,0,0
"678d702b1b04e7a307fdfde5",16,"average",10,10,37.1,6.20403094769844,29,47,0.185733970096743,0
"678d702b1b04e7a307fdfde5",17,"average",7,7,38.5714285714286,5.03862631101383,31,48,0.359646988706298,0
"678d702b1b04e7a307fdfde5",18,"average",11,11,37.8181818181818,6.87311206234029,29,48,0.198096143507925,0
"678d702b1b04e7a307fdfde5",19,"average",8,8,41.25,3.89711431702997,35,47,-0.0617741028762563,0
"678d702b1b04e7a307fdfde5",20,"average",5,5,10.2,5.56417109729742,3,20,0.645603450936349,0
"678d702b1b04e7a307fdfde5",21,"average",2,2,30,4,26,34,0,0
"678d702b1b04e7a307fdfde5",22,"average",8,8,27,5.47722557505166,19,35,0,0
"678d702b1b04e7a307fdfde5",23,"average",2,2,33,4,29,37,0,0
"678d702b1b04e7a307fdfde5",24,"average",2,2,36,4,32,40,0,0
"678d702b1b04e7a307fdfde5",25,"average",8,8,23,5.47722557505166,15,31,0,0
"678d702b1b04e7a307fdfde5",26,"average",6,6,16,4.32049379893857,10,22,0,0
"678d702b1b04e7a307fdfde5",27,"average",6,6,27,4.32049379893857,21,33,0,0
"678d702b1b04e7a307fdfde5",28,"average",6,6,34,4.32049379893857,28,40,0,0
"678d702b1b04e7a307fdfde5",29,"average",12,12,33.3333333333333,5.45180907793204,24,42,-0.206282093856247,0
"678d702b1b04e7a307fdfde5",30,"average",2,2,25,4,21,29,0,0
"678d702b1b04e7a307fdfde5",31,"average",6,6,26,4.32049379893857,20,32,0,0
"678d702b1b04e7a307fdfde5",32,"average",12,12,36.3333333333333,5.45180907793204,27,45,-0.206282093856247,0
"678d702b1b04e7a307fdfde5",33,"average",6,6,30,4.32049379893857,24,36,0,0
"678d702b1b04e7a307fdfde5",34,"average",12,12,31.3333333333333,5.45180907793204,22,40,-0.206282093856245,0
"678d702b1b04e7a307fdfde5",35,"average",2,2,21,4,17,25,0,0
"678d702b1b04e7a307fdfde5",36,"average",12,12,21.3333333333333,5.45180907793204,12,30,-0.206282093856245,0
"678d702b1b04e7a307fdfde5",37,"average",2,2,15,4,11,19,0,0
"678d702b1b04e7a307fdfde5",38,"average",8,8,25,5.47722557505166,17,33,0,0
"678d702b1b04e7a307fdfde5",39,"average",6,6,15,4.32049379893857,9,21,0,0
"678d702b1b04e7a307fdfde5",40,"average",8,8,20,5.47722557505166,12,28,0,0
"678d702b1b04e7a307fdfde5",41,"average",2,2,20,4,16,24,0,0
"678d702b1b04e7a307fdfde5",42,"average",12,12,25.3333333333333,5.45180907793204,16,34,-0.206282093856245,0
"678d702b1b04e7a307fdfde5",43,"average",12,12,15.3333333333333,5.45180907793204,6,24,-0.206282093856245,0
"678d702b1b04e7a307fdfde5",44,"average",2,2,14,4,10,18,0,0
"678d702b1b04e7a307fdfde5",45,"average",8,8,30,5.47722557505166,22,38,0,0
"678d702b1b04e7a307fdfde5",46,"average",12,12,14.3333333333333,5.45180907793204,5,23,-0.206282093856245,0
"678d702b1b04e7a307fdfde5",47,"average",6,6,34,4.32049379893857,28,40,0,0
"678d702b1b04e7a307fdfde5",48,"average",8,8,29,5.47722557505166,21,37,0,0
"678d702b1b04e7a307fdfde5",49,"average",12,12,32.3333333333333,5.45180907793204,23,41,-0.206282093856247,0
"678d702b1b04e7a307fdfde5",50,"average",6,6,35,4.32049379893857,29,41,0,0
"678d702b1b04e7a307fdfde5",51,"average",12,12,24.3333333333333,5.45180907793204,15,33,-0.206282093856245,0
"678d702b1b04e7a307fdfde5",52,"average",12,12,18.3333333333333,5.45180907793204,9,27,-0.206282093856245,0
"678d702b1b04e7a307fdfde5",53,"average",8,8,17,5.47722557505166,9,25,0,0
"678d702b1b04e7a307fdfde5",54,"average",2,2,24,4,20,28,0,0
"678d702b1b04e7a307fdfde5",55,"average",8,8,26,5.47722557505166,18,34,0,0
"678d702b1b04e7a307fdfde5",56,"average",8,8,32,5.47722557505166,24,40,0,0
"678d702b1b04e7a307fdfde5",57,"average",8,8,24,5.47722557505166,16,32,0,0
"678d702b1b04e7a307fdfde5",58,"average",12,12,21.3333333333333,5.45180907793204,12,30,-0.206282093856245,0
"678d702b1b04e7a307fdfde5",59,"average",6,6,15,4.32049379893857,9,21,0,0
"678d702b1b04e7a307fdfde5",60,"average",2,2,22,4,18,26,0,0
"678d702b1b04e7a307fdfde5",61,"average",2,2,32,4,28,36,0,0
"678d702b1b04e7a307fdfde5",62,"average",6,6,25,4.32049379893857,19,31,0,0
"678d702b1b04e7a307fdfde5",63,"average",8,8,34,5.47722557505166,26,42,0,0
"678d702b1b04e7a307fdfde5",64,"average",6,6,20,4.32049379893857,14,26,0,0
"678d702b1b04e7a307fdfde5",65,"average",8,8,31,5.47722557505166,23,39,0,0
"678d702b1b04e7a307fdfde5",66,"average",2,2,34,4,30,38,0,0
"678d702b1b04e7a307fdfde5",67,"average",12,12,18.3333333333333,5.45180907793204,9,27,-0.206282093856245,0
"678d702b1b04e7a307fdfde5",68,"average",6,6,20,4.32049379893857,14,26,0,0
"678d702b1b04e7a307fdfde5",69,"average",2,2,17,4,13,21,0,0
"678d702b1b04e7a307fdfde5",70,"average",2,2,22,4,18,26,0,0
"678d702b1b04e7a307fdfde5",71,"average",12,12,30.3333333333333,5.45180907793204,21,39,-0.206282093856245,0
"678d702b1b04e7a307fdfde5",72,"average",6,6,28,4.32049379893857,22,34,0,0
"678d702b1b04e7a307fdfde5",73,"average",6,6,32,4.32049379893857,26,38,0,0
"678d702b1b04e7a307fdfde5",74,"average",12,12,20.3333333333333,5.45180907793204,11,29,-0.206282093856245,0
"678d702b1b04e7a307fdfde5",75,"average",8,8,20,5.47722557505166,12,28,0,0
"678d702b1b04e7a307fdfde5",76,"average",8,8,22,5.47722557505166,14,30,0,0
"678d702b1b04e7a307fdfde5",77,"average",12,12,34.3333333333333,5.45180907793204,25,43,-0.206282093856247,0
"678d702b1b04e7a307fdfde5",78,"average",6,6,35,4.32049379893857,29,41,0,0
"678d702b1b04e7a307fdfde5",79,"average",8,8,34,5.47722557505166,26,42,0,0
"678d702b1b04e7a307fdfde5",80,"average",8,8,28,5.47722557505166,20,36,0,0
"678d702b1b04e7a307fdfde5",81,"average",2,2,28,4,24,32,0,0
"678d702b1b04e7a307fdfde5",82,"average",2,2,14,4,10,18,0,0
"678d702b1b04e7a307fdfde5",83,"average",12,12,20.3333333333333,5.45180907793204,11,29,-0.206282093856245,0
"678d702b1b04e7a307fdfde5",84,"average",2,2,30,4,26,34,0,0
"678d702b1b04e7a307fdfde5",85,"average",8,8,16,5.47722557505166,8,24,0,0
"678d702b1b04e7a307fdfde5",86,"average",6,6,22,4.32049379893857,16,28,0,0
"678d702b1b04e7a307fdfde5",87,"average",6,6,24,4.32049379893857,18,30,0,0
"678d702b1b04e7a307fdfde5",88,"average",12,12,14.3333333333333,5.45180907793204,5,23,-0.206282093856245,0
"678d702b1b04e7a307fdfde5",89,"average",2,2,17,4,13,21,0,0
"678d702b1b04e7a307fdfde5",90,"average",6,6,22,4.32049379893857,16,28,0,0
"678d702b1b04e7a307fdfde5",91,"average",2,2,22,4,18,26,0,0
"678d702b1b04e7a307fdfde5",92,"average",2,2,28,4,24,32,0,0
"678d702b1b04e7a307fdfde5",93,"average",6,6,24,4.32049379893857,18,30,0,0
"678d702b1b04e7a307fdfde5",94,"average",6,6,32,4.32049379893857,26,38,0,0
"678d702b1b04e7a307fdfde5",95,"average",12,12,18.3333333333333,5.45180907793204,9,27,-0.206282093856245,0
"678d702b1b04e7a307fdfde5",96,"average",12,12,28.3333333333333,5.45180907793204,19,37,-0.206282093856245,0
"678d702b1b04e7a307fdfde5",97,"average",2,2,36,4,32,40,0,0
"678d702b1b04e7a307fdfde5",98,"average",8,8,19,5.47722557505166,11,27,0,0
"678d702b1b04e7a307fdfde5",99,"average",12,12,26.3333333333333,5.45180907793204,17,35,-0.206282093856245,0
"678d702b1b04e7a307fdfde5",100,"average",6,6,20,4.32049379893857,14,26,0,0
"678d702b1b04e7a307fdfde5",101,"average",8,8,28,5.47722557505166,20,36,0,0
"678d702b1b04e7a307fdfde5",102,"average",12,12,15.3333333333333,5.45180907793204,6,24,-0.206282093856245,0
"678d702b1b04e7a307fdfde5",103,"average",2,2,31,4,27,35,0,0
"678d702b1b04e7a307fdfde5",104,"average",2,2,31,4,27,35,0,0
"678d702b1b04e7a307fdfde5",105,"average",12,12,25.3333333333333,5.45180907793204,16,34,-0.206282093856245,0
"678d702b1b04e7a307fdfde5",106,"average",12,12,30.3333333333333,5.45180907793204,21,39,-0.206282093856245,0
"678d702b1b04e7a307fdfde5",107,"average",8,8,15,5.47722557505166,7,23,0,0
"678d702b1b04e7a307fdfde5",108,"average",6,6,30,4.32049379893857,24,36,0,0
"678d702b1b04e7a307fdfde5",109,"average",8,8,24,5.47722557505166,16,32,0,0
"678d702b1b04e7a307fdfde5",110,"average",8,8,23,5.47722557505166,15,31,0,0
"678d702b1b04e7a307fdfde5",111,"average",12,12,25.3333333333333,5.45180907793204,16,34,-0.206282093856245,0
"678d702b1b04e7a307fdfde5",112,"average",8,8,29,5.47722557505166,21,37,0,0
"678d702b1b04e7a307fdfde5",113,"average",8,8,28,5.47722557505166,20,36,0,0
"678d702b1b04e7a307fdfde5",114,"average",6,6,29,4.32049379893857,23,35,0,0
"678d702b1b04e7a307fdfde5",115,"average",2,2,34,4,30,38,0,0
"678d702b1b04e7a307fdfde5",116,"average",6,6,33,4.32049379893857,27,39,0,0
"66df49caa6df07d77078a5fd",1,"average",8,8,9.5,5.85234995535981,2,20,0.538806581216994,0
"66df49caa6df07d77078a5fd",2,"average",6,6,37.5,6.5,29,46,0,0
"66df49caa6df07d77078a5fd",3,"average",9,9,9.88888888888889,6.8059523693838,1,20,0.0845779848050292,1
"66df49caa6df07d77078a5fd",4,"average",10,10,40.1,5.3,31,48,-0.358201737004374,0
"66df49caa6df07d77078a5fd",5,"average",3,3,13,3.74165738677394,8,17,-0.381801774160606,0
"66df49caa6df07d77078a5fd",6,"average",10,10,36.1,5.3,29,45,0.222143111427554,0
"66df49caa6df07d77078a5fd",7,"average",6,6,36.6666666666667,4.71404520791032,32,45,0.772514158446305,0
"66df49caa6df07d77078a5fd",8,"average",7,7,35.2857142857143,4.86134272204959,29,44,0.385524615451005,0
"66df49caa6df07d77078a5fd",9,"average",7,7,11.2857142857143,6.06428150765461,1,19,-0.278528565687473,1
"66df49caa6df07d77078a5fd",10,"average",12,12,37,5.8878405775519,29,48,0.411539152794863,0
"66df49caa6df07d77078a5fd",11,"average",6,6,12.3333333333333,6.15539510420646,3,19,-0.349850846171778,0
"66df49caa6df07d77078a5fd",12,"average",12,12,38,5.52268050859363,29,47,0.0831147832521481,0
"66df49caa6df07d77078a5fd",13,"average",8,8,36.875,5.23061898822692,29,45,-0.0339836582719576,0
"66df49caa6df07d77078a5fd",14,"average",2,2,14,2,12,16,0,0
"66df49caa6df07d77078a5fd",15,"average",7,7,9.14285714285714,5.69281681290608,1,19,0.287857315194278,1
"66df49caa6df07d77078a5fd",16,"average",8,8,36.875,5.34877322383367,30,45,0.363374921279689,0
"66df49caa6df07d77078a5fd",17,"average",12,12,12.4166666666667,6.04784167194288,1,20,-0.519312361699138,1
"66df49caa6df07d77078a5fd",18,"average",9,9,11.5555555555556,4.96903994999953,5,20,0.357793237079741,0
"66df49caa6df07d77078a5fd",19,"average",6,6,12.3333333333333,5.87839736284947,3,19,-0.50833754347942,0
"66df49caa6df07d77078a5fd",20,"average",8,8,13.125,4.22603537609424,5,19,-0.415031312278088,0
"66df49caa6df07d77078a5fd",21,"average",6,6,23,4.32049379893857,17,29,0,0
"66df49caa6df07d77078a5fd",22,"average",2,2,29,4,25,33,0,0
"66df49caa6df07d77078a5fd",23,"average",12,12,21.3333333333333,5.45180907793204,12,30,-0.206282093856245,0
"66df49caa6df07d77078a5fd",24,"average",2,2,31,4,27,35,0,0
"66df49caa6df07d77078a5fd",25,"average",12,12,25.3333333333333,5.45180907793204,16,34,-0.206282093856245,0
"66df49caa6df07d77078a5fd",26,"average",2,2,20,4,16,24,0,0
"66df49caa6df07d77078a5fd",27,"average",2,2,33,4,29,37,0,0
"66df49caa6df07d77078a5fd",28,"average",2,2,33,4,29,37,0,0
"66df49caa6df07d77078a5fd",29,"average",12,12,16.3333333333333,5.45180907793204,7,25,-0.206282093856245,0
"66df49caa6df07d77078a5fd",30,"average",6,6,17,4.32049379893857,11,23,0,0
"66df49caa6df07d77078a5fd",31,"average",8,8,28,5.47722557505166,20,36,0,0
"66df49caa6df07d77078a5fd",32,"average",2,2,19,4,15,23,0,0
"66df49caa6df07d77078a5fd",33,"average",8,8,32,5.47722557505166,24,40,0,0
"66df49caa6df07d77078a5fd",34,"average",2,2,35,4,31,39,0,0
"66df49caa6df07d77078a5fd",35,"average",8,8,22,5.47722557505166,14,30,0,0
"66df49caa6df07d77078a5fd",36,"average",8,8,17,5.47722557505166,9,25,0,0
"66df49caa6df07d77078a5fd",37,"average",8,8,26,5.47722557505166,18,34,0,0
"66df49caa6df07d77078a5fd",38,"average",12,12,28.3333333333333,5.45180907793204,19,37,-0.206282093856245,0
"66df49caa6df07d77078a5fd",39,"average",6,6,22,4.32049379893857,16,28,0,0
"66df49caa6df07d77078a5fd",40,"average",12,12,30.3333333333333,5.45180907793204,21,39,-0.206282093856245,0
"66df49caa6df07d77078a5fd",41,"average",12,12,15.3333333333333,5.45180907793204,6,24,-0.206282093856245,0
"66df49caa6df07d77078a5fd",42,"average",2,2,16,4,12,20,0,0
"66df49caa6df07d77078a5fd",43,"average",8,8,27,5.47722557505166,19,35,0,0
"66df49caa6df07d77078a5fd",44,"average",8,8,31,5.47722557505166,23,39,0,0
"66df49caa6df07d77078a5fd",45,"average",12,12,26.3333333333333,5.45180907793204,17,35,-0.206282093856245,0
"66df49caa6df07d77078a5fd",46,"average",8,8,14,5.47722557505166,6,22,0,0
"66df49caa6df07d77078a5fd",47,"average",6,6,17,4.32049379893857,11,23,0,0
"66df49caa6df07d77078a5fd",48,"average",2,2,25,4,21,29,0,0
"66df49caa6df07d77078a5fd",49,"average",6,6,24,4.32049379893857,18,30,0,0
"66df49caa6df07d77078a5fd",50,"average",8,8,18,5.47722557505166,10,26,0,0
"66df49caa6df07d77078a5fd",51,"average",8,8,18,5.47722557505166,10,26,0,0
"66df49caa6df07d77078a5fd",52,"average",2,2,25,4,21,29,0,0
"66df49caa6df07d77078a5fd",53,"average",6,6,19,4.32049379893857,13,25,0,0
"66df49caa6df07d77078a5fd",54,"average",6,6,18,4.32049379893857,12,24,0,0
"66df49caa6df07d77078a5fd",55,"average",2,2,18,4,14,22,0,0
"66df49caa6df07d77078a5fd",56,"average",12,12,15.3333333333333,5.45180907793204,6,24,-0.206282093856245,0
"66df49caa6df07d77078a5fd",57,"average",6,6,25,4.32049379893857,19,31,0,0
"66df49caa6df07d77078a5fd",58,"average",8,8,15,5.47722557505166,7,23,0,0
"66df49caa6df07d77078a5fd",59,"average",6,6,35,4.32049379893857,29,41,0,0
"66df49caa6df07d77078a5fd",60,"average",6,6,26,4.32049379893857,20,32,0,0
"66df49caa6df07d77078a5fd",61,"average",6,6,26,4.32049379893857,20,32,0,0
"66df49caa6df07d77078a5fd",62,"average",8,8,33,5.47722557505166,25,41,0,0
"66df49caa6df07d77078a5fd",63,"average",12,12,31.3333333333333,5.45180907793204,22,40,-0.206282093856245,0
"66df49caa6df07d77078a5fd",64,"average",12,12,30.3333333333333,5.45180907793204,21,39,-0.206282093856245,0
"66df49caa6df07d77078a5fd",65,"average",2,2,27,4,23,31,0,0
"66df49caa6df07d77078a5fd",66,"average",6,6,16,4.32049379893857,10,22,0,0
"66df49caa6df07d77078a5fd",67,"average",12,12,34.3333333333333,5.45180907793204,25,43,-0.206282093856247,0
"66df49caa6df07d77078a5fd",68,"average",12,12,30.3333333333333,5.45180907793204,21,39,-0.206282093856245,0
"66df49caa6df07d77078a5fd",69,"average",12,12,27.3333333333333,5.45180907793204,18,36,-0.206282093856245,0
"66df49caa6df07d77078a5fd",70,"average",8,8,33,5.47722557505166,25,41,0,0
"66df49caa6df07d77078a5fd",71,"average",12,12,22.3333333333333,5.45180907793204,13,31,-0.206282093856245,0
"66df49caa6df07d77078a5fd",72,"average",2,2,28,4,24,32,0,0
"66df49caa6df07d77078a5fd",73,"average",12,12,29.3333333333333,5.45180907793204,20,38,-0.206282093856245,0
"66df49caa6df07d77078a5fd",74,"average",6,6,15,4.32049379893857,9,21,0,0
"66df49caa6df07d77078a5fd",75,"average",12,12,36.3333333333333,5.45180907793204,27,45,-0.206282093856247,0
"66df49caa6df07d77078a5fd",76,"average",2,2,18,4,14,22,0,0
"66df49caa6df07d77078a5fd",77,"average",6,6,24,4.32049379893857,18,30,0,0
"66df49caa6df07d77078a5fd",78,"average",12,12,35.3333333333333,5.45180907793204,26,44,-0.206282093856247,0
"66df49caa6df07d77078a5fd",79,"average",6,6,22,4.32049379893857,16,28,0,0
"66df49caa6df07d77078a5fd",80,"average",12,12,23.3333333333333,5.45180907793204,14,32,-0.206282093856245,0
"66df49caa6df07d77078a5fd",81,"average",2,2,29,4,25,33,0,0
"66df49caa6df07d77078a5fd",82,"average",6,6,26,4.32049379893857,20,32,0,0
"66df49caa6df07d77078a5fd",83,"average",2,2,36,4,32,40,0,0
"66df49caa6df07d77078a5fd",84,"average",12,12,16.3333333333333,5.45180907793204,7,25,-0.206282093856245,0
"66df49caa6df07d77078a5fd",85,"average",8,8,25,5.47722557505166,17,33,0,0
"66df49caa6df07d77078a5fd",86,"average",8,8,20,5.47722557505166,12,28,0,0
"66df49caa6df07d77078a5fd",87,"average",12,12,18.3333333333333,5.45180907793204,9,27,-0.206282093856245,0
"66df49caa6df07d77078a5fd",88,"average",2,2,33,4,29,37,0,0
"66df49caa6df07d77078a5fd",89,"average",8,8,23,5.47722557505166,15,31,0,0
"66df49caa6df07d77078a5fd",90,"average",6,6,19,4.32049379893857,13,25,0,0
"66df49caa6df07d77078a5fd",91,"average",2,2,31,4,27,35,0,0
"66df49caa6df07d77078a5fd",92,"average",8,8,17,5.47722557505166,9,25,0,0
"66df49caa6df07d77078a5fd",93,"average",12,12,25.3333333333333,5.45180907793204,16,34,-0.206282093856245,0
"66df49caa6df07d77078a5fd",94,"average",2,2,15,4,11,19,0,0
"66df49caa6df07d77078a5fd",95,"average",2,2,19,4,15,23,0,0
"66df49caa6df07d77078a5fd",96,"average",6,6,29,4.32049379893857,23,35,0,0
"66df49caa6df07d77078a5fd",97,"average",2,2,24,4,20,28,0,0
"66df49caa6df07d77078a5fd",98,"average",6,6,14,4.32049379893857,8,20,0,0
"66df49caa6df07d77078a5fd",99,"average",8,8,14,5.47722557505166,6,22,0,0
"66df49caa6df07d77078a5fd",100,"average",8,8,25,5.47722557505166,17,33,0,0
"66df49caa6df07d77078a5fd",101,"average",2,2,35,4,31,39,0,0
"66df49caa6df07d77078a5fd",102,"average",2,2,18,4,14,22,0,0
"66df49caa6df07d77078a5fd",103,"average",6,6,21,4.32049379893857,15,27,0,0
"66df49caa6df07d77078a5fd",104,"average",12,12,17.3333333333333,5.45180907793204,8,26,-0.206282093856245,0
"66df49caa6df07d77078a5fd",105,"average",2,2,23,4,19,27,0,0
"66df49caa6df07d77078a5fd",106,"average",6,6,20,4.32049379893857,14,26,0,0
"66df49caa6df07d77078a5fd",107,"average",6,6,21,4.32049379893857,15,27,0,0
"66df49caa6df07d77078a5fd",108,"average",12,12,20.3333333333333,5.45180907793204,11,29,-0.206282093856245,0
"66df49caa6df07d77078a5fd",109,"average",8,8,34,5.47722557505166,26,42,0,0
"66df49caa6df07d77078a5fd",110,"average",8,8,33,5.47722557505166,25,41,0,0
"66df49caa6df07d77078a5fd",111,"average",6,6,19,4.32049379893857,13,25,0,0
"66df49caa6df07d77078a5fd",112,"average",12,12,35.3333333333333,5.45180907793204,26,44,-0.206282093856247,0
"66df49caa6df07d77078a5fd",113,"average",8,8,20,5.47722557505166,12,28,0,0
"66df49caa6df07d77078a5fd",114,"average",8,8,20,5.47722557505166,12,28,0,0
"66df49caa6df07d77078a5fd",115,"average",6,6,17,4.32049379893857,11,23,0,0
"66df49caa6df07d77078a5fd",116,"average",8,8,20,5.47722557505166,12,28,0,0
"67e413ce38b79c273d9563dd",1,"average",5,5,37.8,6.24179461373089,30,47,0.30259027769806,0
"67e413ce38b79c273d9563dd",2,"average",7,7,7.57142857142857,6.86309265683675,1,20,0.859739290797839,1
"67e413ce38b79c273d9563dd",3,"average",9,9,39.6666666666667,5.41602560309064,30,47,-0.182305958230753,0
"67e413ce38b79c273d9563dd",4,"average",6,6,8.83333333333333,4.6696419087073,2,16,0.0465581238786116,0
"67e413ce38b79c273d9563dd",5,"average",9,9,40.1111111111111,5.21630870858022,29,46,-0.936767610808961,0
"67e413ce38b79c273d9563dd",6,"average",5,5,40.8,6.70522184569608,31,48,-0.341052509945122,0
"67e413ce38b79c273d9563dd",7,"average",5,5,8.2,5.11468474101777,2,17,0.619550861861915,0
"67e413ce38b79c273d9563dd",8,"average",3,3,39,7.48331477354788,29,47,-0.381801774160606,0
"67e413ce38b79c273d9563dd",9,"average",9,9,36.6666666666667,6.74948557710553,29,48,0.49627389490199,0
"67e413ce38b79c273d9563dd",10,"average",10,10,7.3,5.49636243346452,1,19,0.925555716872065,1
"67e413ce38b79c273d9563dd",11,"average",3,3,8.66666666666667,5.43650214343336,3,16,0.431041565728153,0
"67e413ce38b79c273d9563dd",12,"average",5,5,38.4,6.15142259969188,30,48,0.193014703725655,0
"67e413ce38b79c273d9563dd",13,"average",3,3,38.6666666666667,5.79271573232759,31,45,-0.333066546426974,0
"67e413ce38b79c273d9563dd",14,"average",2,2,39,6,33,45,0,0
"67e413ce38b79c273d9563dd",15,"average",12,12,9.66666666666667,5.52770798392567,1,18,-0.00438561955749445,1
"67e413ce38b79c273d9563dd",16,"average",3,3,10.6666666666667,2.86744175568088,7,14,-0.17280054407865,0
"67e413ce38b79c273d9563dd",17,"average",7,7,10.4285714285714,5.473498303048,2,20,0.14358438981093,0
"67e413ce38b79c273d9563dd",18,"average",7,7,10.4285714285714,4.86553896169326,2,17,-0.283536245646712,0
"67e413ce38b79c273d9563dd",19,"average",12,12,9.5,6.18465843842649,1,20,0.278995228799965,1
"67e413ce38b79c273d9563dd",20,"average",5,5,12.6,2.41660919471891,10,17,0.897895703798734,0
"67e413ce38b79c273d9563dd",21,"average",6,6,21,4.32049379893857,15,27,0,0
"67e413ce38b79c273d9563dd",22,"average",2,2,17,4,13,21,0,0
"67e413ce38b79c273d9563dd",23,"average",12,12,23.3333333333333,5.45180907793204,14,32,-0.206282093856245,0
"67e413ce38b79c273d9563dd",24,"average",6,6,28,4.32049379893857,22,34,0,0
"67e413ce38b79c273d9563dd",25,"average",6,6,21,4.32049379893857,15,27,0,0
"67e413ce38b79c273d9563dd",26,"average",6,6,19,4.32049379893857,13,25,0,0
"67e413ce38b79c273d9563dd",27,"average",2,2,14,4,10,18,0,0
"67e413ce38b79c273d9563dd",28,"average",2,2,17,4,13,21,0,0
"67e413ce38b79c273d9563dd",29,"average",12,12,26.3333333333333,5.45180907793204,17,35,-0.206282093856245,0
"67e413ce38b79c273d9563dd",30,"average",12,12,14.3333333333333,5.45180907793204,5,23,-0.206282093856245,0
"67e413ce38b79c273d9563dd",31,"average",8,8,32,5.47722557505166,24,40,0,0
"67e413ce38b79c273d9563dd",32,"average",6,6,34,4.32049379893857,28,40,0,0
"67e413ce38b79c273d9563dd",33,"average",12,12,25.3333333333333,5.45180907793204,16,34,-0.206282093856245,0
"67e413ce38b79c273d9563dd",34,"average",2,2,23,4,19,27,0,0
"67e413ce38b79c273d9563dd",35,"average",8,8,23,5.47722557505166,15,31,0,0
"67e413ce38b79c273d9563dd",36,"average",8,8,18,5.47722557505166,10,26,0,0
"67e413ce38b79c273d9563dd",37,"average",8,8,25,5.47722557505166,17,33,0,0
"67e413ce38b79c273d9563dd",38,"average",12,12,27.3333333333333,5.45180907793204,18,36,-0.206282093856245,0
"67e413ce38b79c273d9563dd",39,"average",2,2,28,4,24,32,0,0
"67e413ce38b79c273d9563dd",40,"average",8,8,21,5.47722557505166,13,29,0,0
"67e413ce38b79c273d9563dd",41,"average",6,6,25,4.32049379893857,19,31,0,0
"67e413ce38b79c273d9563dd",42,"average",6,6,16,4.32049379893857,10,22,0,0
"67e413ce38b79c273d9563dd",43,"average",8,8,31,5.47722557505166,23,39,0,0
"67e413ce38b79c273d9563dd",44,"average",2,2,33,4,29,37,0,0
"67e413ce38b79c273d9563dd",45,"average",6,6,21,4.32049379893857,15,27,0,0
"67e413ce38b79c273d9563dd",46,"average",8,8,15,5.47722557505166,7,23,0,0
"67e413ce38b79c273d9563dd",47,"average",12,12,14.3333333333333,5.45180907793204,5,23,-0.206282093856245,0
"67e413ce38b79c273d9563dd",48,"average",2,2,33,4,29,37,0,0
"67e413ce38b79c273d9563dd",49,"average",8,8,21,5.47722557505166,13,29,0,0
"67e413ce38b79c273d9563dd",50,"average",2,2,28,4,24,32,0,0
"67e413ce38b79c273d9563dd",51,"average",8,8,35,5.47722557505166,27,43,0,0
"67e413ce38b79c273d9563dd",52,"average",12,12,24.3333333333333,5.45180907793204,15,33,-0.206282093856245,0
"67e413ce38b79c273d9563dd",53,"average",2,2,23,4,19,27,0,0
"67e413ce38b79c273d9563dd",54,"average",12,12,19.3333333333333,5.45180907793204,10,28,-0.206282093856245,0
"67e413ce38b79c273d9563dd",55,"average",12,12,30.3333333333333,5.45180907793204,21,39,-0.206282093856245,0
"67e413ce38b79c273d9563dd",56,"average",12,12,26.3333333333333,5.45180907793204,17,35,-0.206282093856245,0
"67e413ce38b79c273d9563dd",57,"average",2,2,28,4,24,32,0,0
"67e413ce38b79c273d9563dd",58,"average",2,2,15,4,11,19,0,0
"67e413ce38b79c273d9563dd",59,"average",8,8,28,5.47722557505166,20,36,0,0
"67e413ce38b79c273d9563dd",60,"average",8,8,29,5.47722557505166,21,37,0,0
"67e413ce38b79c273d9563dd",61,"average",6,6,25,4.32049379893857,19,31,0,0
"67e413ce38b79c273d9563dd",62,"average",12,12,26.3333333333333,5.45180907793204,17,35,-0.206282093856245,0
"67e413ce38b79c273d9563dd",63,"average",2,2,27,4,23,31,0,0
"67e413ce38b79c273d9563dd",64,"average",8,8,23,5.47722557505166,15,31,0,0
"67e413ce38b79c273d9563dd",65,"average",6,6,36,4.32049379893857,30,42,0,0
"67e413ce38b79c273d9563dd",66,"average",12,12,15.3333333333333,5.45180907793204,6,24,-0.206282093856245,0
"67e413ce38b79c273d9563dd",67,"average",6,6,35,4.32049379893857,29,41,0,0
"67e413ce38b79c273d9563dd",68,"average",6,6,35,4.32049379893857,29,41,0,0
"67e413ce38b79c273d9563dd",69,"average",8,8,19,5.47722557505166,11,27,0,0
"67e413ce38b79c273d9563dd",70,"average",2,2,25,4,21,29,0,0
"67e413ce38b79c273d9563dd",71,"average",2,2,34,4,30,38,0,0
"67e413ce38b79c273d9563dd",72,"average",6,6,30,4.32049379893857,24,36,0,0
"67e413ce38b79c273d9563dd",73,"average",8,8,33,5.47722557505166,25,41,0,0
"67e413ce38b79c273d9563dd",74,"average",6,6,23,4.32049379893857,17,29,0,0
"67e413ce38b79c273d9563dd",75,"average",8,8,26,5.47722557505166,18,34,0,0
"67e413ce38b79c273d9563dd",76,"average",6,6,34,4.32049379893857,28,40,0,0
"67e413ce38b79c273d9563dd",77,"average",12,12,23.3333333333333,5.45180907793204,14,32,-0.206282093856245,0
"67e413ce38b79c273d9563dd",78,"average",2,2,31,4,27,35,0,0
"67e413ce38b79c273d9563dd",79,"average",2,2,14,4,10,18,0,0
"67e413ce38b79c273d9563dd",80,"average",12,12,21.3333333333333,5.45180907793204,12,30,-0.206282093856245,0
"67e413ce38b79c273d9563dd",81,"average",2,2,29,4,25,33,0,0
"67e413ce38b79c273d9563dd",82,"average",8,8,35,5.47722557505166,27,43,0,0
"67e413ce38b79c273d9563dd",83,"average",12,12,20.3333333333333,5.45180907793204,11,29,-0.206282093856245,0
"67e413ce38b79c273d9563dd",84,"average",12,12,26.3333333333333,5.45180907793204,17,35,-0.206282093856245,0
"67e413ce38b79c273d9563dd",85,"average",8,8,23,5.47722557505166,15,31,0,0
"67e413ce38b79c273d9563dd",86,"average",8,8,31,5.47722557505166,23,39,0,0
"67e413ce38b79c273d9563dd",87,"average",8,8,27,5.47722557505166,19,35,0,0
"67e413ce38b79c273d9563dd",88,"average",12,12,18.3333333333333,5.45180907793204,9,27,-0.206282093856245,0
"67e413ce38b79c273d9563dd",89,"average",8,8,19,5.47722557505166,11,27,0,0
"67e413ce38b79c273d9563dd",90,"average",12,12,23.3333333333333,5.45180907793204,14,32,-0.206282093856245,0
"67e413ce38b79c273d9563dd",91,"average",12,12,20.3333333333333,5.45180907793204,11,29,-0.206282093856245,0
"67e413ce38b79c273d9563dd",92,"average",12,12,32.3333333333333,5.45180907793204,23,41,-0.206282093856247,0
"67e413ce38b79c273d9563dd",93,"average",6,6,31,4.32049379893857,25,37,0,0
"67e413ce38b79c273d9563dd",94,"average",2,2,26,4,22,30,0,0
"67e413ce38b79c273d9563dd",95,"average",6,6,29,4.32049379893857,23,35,0,0
"67e413ce38b79c273d9563dd",96,"average",2,2,32,4,28,36,0,0
"67e413ce38b79c273d9563dd",97,"average",2,2,17,4,13,21,0,0
"67e413ce38b79c273d9563dd",98,"average",6,6,34,4.32049379893857,28,40,0,0
"67e413ce38b79c273d9563dd",99,"average",2,2,30,4,26,34,0,0
"67e413ce38b79c273d9563dd",100,"average",12,12,24.3333333333333,5.45180907793204,15,33,-0.206282093856245,0
"67e413ce38b79c273d9563dd",101,"average",12,12,18.3333333333333,5.45180907793204,9,27,-0.206282093856245,0
"67e413ce38b79c273d9563dd",102,"average",6,6,35,4.32049379893857,29,41,0,0
"67e413ce38b79c273d9563dd",103,"average",12,12,21.3333333333333,5.45180907793204,12,30,-0.206282093856245,0
"67e413ce38b79c273d9563dd",104,"average",12,12,20.3333333333333,5.45180907793204,11,29,-0.206282093856245,0
"67e413ce38b79c273d9563dd",105,"average",8,8,32,5.47722557505166,24,40,0,0
"67e413ce38b79c273d9563dd",106,"average",6,6,17,4.32049379893857,11,23,0,0
"67e413ce38b79c273d9563dd",107,"average",6,6,26,4.32049379893857,20,32,0,0
"67e413ce38b79c273d9563dd",108,"average",6,6,28,4.32049379893857,22,34,0,0
"67e413ce38b79c273d9563dd",109,"average",6,6,16,4.32049379893857,10,22,0,0
"67e413ce38b79c273d9563dd",110,"average",2,2,21,4,17,25,0,0
"67e413ce38b79c273d9563dd",111,"average",8,8,30,5.47722557505166,22,38,0,0
"67e413ce38b79c273d9563dd",112,"average",8,8,34,5.47722557505166,26,42,0,0
"67e413ce38b79c273d9563dd",113,"average",8,8,33,5.47722557505166,25,41,0,0
"67e413ce38b79c273d9563dd",114,"average",2,2,17,4,13,21,0,0
"67e413ce38b79c273d9563dd",115,"average",6,6,17,4.32049379893857,11,23,0,0
"67e413ce38b79c273d9563dd",116,"average",2,2,17,4,13,21,0,0
"675c611268e0e1825a5fe25d",1,"average",4,4,42,6.96419413859206,30,47,-1.11912653178353,0
"675c611268e0e1825a5fe25d",2,"average",4,4,38.75,5.62916512459885,33,48,0.813073160160538,0
"675c611268e0e1825a5fe25d",3,"average",5,5,35.2,6.43117407632541,29,46,0.678874089706352,0
"675c611268e0e1825a5fe25d",4,"average",7,7,38.1428571428571,4.88228785446716,30,46,-0.19705600681609,0
"675c611268e0e1825a5fe25d",5,"average",7,7,11.5714285714286,6.1145527311522,2,19,-0.23743504582535,0
"675c611268e0e1825a5fe25d",6,"average",3,3,40,7.11805216802087,30,46,-0.665468866123835,0
"675c611268e0e1825a5fe25d",7,"average",9,9,39.2222222222222,5.11593974809837,30,47,-0.317931796743139,0
"675c611268e0e1825a5fe25d",8,"average",3,3,11,7.11805216802087,1,17,-0.665468866123835,1
"675c611268e0e1825a5fe25d",9,"average",2,2,17,3,14,20,0,0
"675c611268e0e1825a5fe25d",10,"average",10,10,13,5.62138772902208,1,20,-0.945755025712735,1
"675c611268e0e1825a5fe25d",11,"average",6,6,40,5.8022983951764,33,47,0,0
"675c611268e0e1825a5fe25d",12,"average",2,2,4.5,3.5,1,8,0,1
"675c611268e0e1825a5fe25d",13,"average",11,11,40.4545454545455,5.959921237485,29,48,-0.523399751610376,0
"675c611268e0e1825a5fe25d",14,"average",12,12,39.4166666666667,5.36125503548894,31,48,0.0448770980410172,0
"675c611268e0e1825a5fe25d",15,"average",12,12,38.6666666666667,5.86420402858639,30,47,-0.0640046905805858,0
"675c611268e0e1825a5fe25d",16,"average",5,5,9,5.8309518948453,1,19,0.484231299225907,1
"675c611268e0e1825a5fe25d",17,"average",3,3,15.3333333333333,5.90668171555645,7,20,-0.691936526985649,0
"675c611268e0e1825a5fe25d",18,"average",9,9,38.7777777777778,6.44252845081077,29,47,-0.154100257590893,0
"675c611268e0e1825a5fe25d",19,"average",10,10,10.1,6.42572953056694,1,20,0.157214894828866,1
"675c611268e0e1825a5fe25d",20,"average",5,5,11.2,6.96850055607374,3,20,0.0421288563373883,0
"675c611268e0e1825a5fe25d",21,"average",8,8,36,5.47722557505166,28,44,0,0
"675c611268e0e1825a5fe25d",22,"average",6,6,22,4.32049379893857,16,28,0,0
"675c611268e0e1825a5fe25d",23,"average",2,2,25,4,21,29,0,0
"675c611268e0e1825a5fe25d",24,"average",2,2,18,4,14,22,0,0
"675c611268e0e1825a5fe25d",25,"average",8,8,34,5.47722557505166,26,42,0,0
"675c611268e0e1825a5fe25d",26,"average",6,6,35,4.32049379893857,29,41,0,0
"675c611268e0e1825a5fe25d",27,"average",8,8,22,5.47722557505166,14,30,0,0
"675c611268e0e1825a5fe25d",28,"average",2,2,15,4,11,19,0,0
"675c611268e0e1825a5fe25d",29,"average",2,2,30,4,26,34,0,0
"675c611268e0e1825a5fe25d",30,"average",2,2,22,4,18,26,0,0
"675c611268e0e1825a5fe25d",31,"average",12,12,20.3333333333333,5.45180907793204,11,29,-0.206282093856245,0
"675c611268e0e1825a5fe25d",32,"average",6,6,19,4.32049379893857,13,25,0,0
"675c611268e0e1825a5fe25d",33,"average",8,8,21,5.47722557505166,13,29,0,0
"675c611268e0e1825a5fe25d",34,"average",6,6,16,4.32049379893857,10,22,0,0
"675c611268e0e1825a5fe25d",35,"average",12,12,21.3333333333333,5.45180907793204,12,30,-0.206282093856245,0
"675c611268e0e1825a5fe25d",36,"average",8,8,29,5.47722557505166,21,37,0,0
"675c611268e0e1825a5fe25d",37,"average",12,12,24.3333333333333,5.45180907793204,15,33,-0.206282093856245,0
"675c611268e0e1825a5fe25d",38,"average",6,6,15,4.32049379893857,9,21,0,0
"675c611268e0e1825a5fe25d",39,"average",2,2,31,4,27,35,0,0
"675c611268e0e1825a5fe25d",40,"average",8,8,23,5.47722557505166,15,31,0,0
"675c611268e0e1825a5fe25d",41,"average",8,8,25,5.47722557505166,17,33,0,0
"675c611268e0e1825a5fe25d",42,"average",2,2,17,4,13,21,0,0
"675c611268e0e1825a5fe25d",43,"average",6,6,22,4.32049379893857,16,28,0,0
"675c611268e0e1825a5fe25d",44,"average",12,12,32.3333333333333,5.45180907793204,23,41,-0.206282093856247,0
"675c611268e0e1825a5fe25d",45,"average",8,8,29,5.47722557505166,21,37,0,0
"675c611268e0e1825a5fe25d",46,"average",2,2,23,4,19,27,0,0
"675c611268e0e1825a5fe25d",47,"average",2,2,36,4,32,40,0,0
"675c611268e0e1825a5fe25d",48,"average",6,6,26,4.32049379893857,20,32,0,0
"675c611268e0e1825a5fe25d",49,"average",12,12,14.3333333333333,5.45180907793204,5,23,-0.206282093856245,0
"675c611268e0e1825a5fe25d",50,"average",6,6,16,4.32049379893857,10,22,0,0
"675c611268e0e1825a5fe25d",51,"average",12,12,16.3333333333333,5.45180907793204,7,25,-0.206282093856245,0
"675c611268e0e1825a5fe25d",52,"average",12,12,34.3333333333333,5.45180907793204,25,43,-0.206282093856247,0
"675c611268e0e1825a5fe25d",53,"average",12,12,28.3333333333333,5.45180907793204,19,37,-0.206282093856245,0
"675c611268e0e1825a5fe25d",54,"average",2,2,22,4,18,26,0,0
"675c611268e0e1825a5fe25d",55,"average",8,8,22,5.47722557505166,14,30,0,0
"675c611268e0e1825a5fe25d",56,"average",12,12,17.3333333333333,5.45180907793204,8,26,-0.206282093856245,0
"675c611268e0e1825a5fe25d",57,"average",8,8,20,5.47722557505166,12,28,0,0
"675c611268e0e1825a5fe25d",58,"average",12,12,30.3333333333333,5.45180907793204,21,39,-0.206282093856245,0
"675c611268e0e1825a5fe25d",59,"average",12,12,29.3333333333333,5.45180907793204,20,38,-0.206282093856245,0
"675c611268e0e1825a5fe25d",60,"average",8,8,22,5.47722557505166,14,30,0,0
"675c611268e0e1825a5fe25d",61,"average",6,6,20,4.32049379893857,14,26,0,0
"675c611268e0e1825a5fe25d",62,"average",8,8,27,5.47722557505166,19,35,0,0
"675c611268e0e1825a5fe25d",63,"average",2,2,24,4,20,28,0,0
"675c611268e0e1825a5fe25d",64,"average",6,6,23,4.32049379893857,17,29,0,0
"675c611268e0e1825a5fe25d",65,"average",6,6,18,4.32049379893857,12,24,0,0
"675c611268e0e1825a5fe25d",66,"average",12,12,26.3333333333333,5.45180907793204,17,35,-0.206282093856245,0
"675c611268e0e1825a5fe25d",67,"average",6,6,33,4.32049379893857,27,39,0,0
"675c611268e0e1825a5fe25d",68,"average",2,2,25,4,21,29,0,0
"675c611268e0e1825a5fe25d",69,"average",2,2,31,4,27,35,0,0
"675c611268e0e1825a5fe25d",70,"average",6,6,24,4.32049379893857,18,30,0,0
"675c611268e0e1825a5fe25d",71,"average",6,6,30,4.32049379893857,24,36,0,0
"675c611268e0e1825a5fe25d",72,"average",12,12,31.3333333333333,5.45180907793204,22,40,-0.206282093856245,0
"675c611268e0e1825a5fe25d",73,"average",6,6,22,4.32049379893857,16,28,0,0
"675c611268e0e1825a5fe25d",74,"average",8,8,36,5.47722557505166,28,44,0,0
"675c611268e0e1825a5fe25d",75,"average",6,6,36,4.32049379893857,30,42,0,0
"675c611268e0e1825a5fe25d",76,"average",8,8,35,5.47722557505166,27,43,0,0
"675c611268e0e1825a5fe25d",77,"average",12,12,15.3333333333333,5.45180907793204,6,24,-0.206282093856245,0
"675c611268e0e1825a5fe25d",78,"average",6,6,21,4.32049379893857,15,27,0,0
"675c611268e0e1825a5fe25d",79,"average",8,8,34,5.47722557505166,26,42,0,0
"675c611268e0e1825a5fe25d",80,"average",2,2,26,4,22,30,0,0
"675c611268e0e1825a5fe25d",81,"average",6,6,22,4.32049379893857,16,28,0,0
"675c611268e0e1825a5fe25d",82,"average",2,2,25,4,21,29,0,0
"675c611268e0e1825a5fe25d",83,"average",2,2,26,4,22,30,0,0
"675c611268e0e1825a5fe25d",84,"average",12,12,17.3333333333333,5.45180907793204,8,26,-0.206282093856245,0
"675c611268e0e1825a5fe25d",85,"average",2,2,15,4,11,19,0,0
"675c611268e0e1825a5fe25d",86,"average",2,2,22,4,18,26,0,0
"675c611268e0e1825a5fe25d",87,"average",12,12,27.3333333333333,5.45180907793204,18,36,-0.206282093856245,0
"675c611268e0e1825a5fe25d",88,"average",8,8,20,5.47722557505166,12,28,0,0
"675c611268e0e1825a5fe25d",89,"average",6,6,16,4.32049379893857,10,22,0,0
"675c611268e0e1825a5fe25d",90,"average",2,2,25,4,21,29,0,0
"675c611268e0e1825a5fe25d",91,"average",2,2,19,4,15,23,0,0
"675c611268e0e1825a5fe25d",92,"average",8,8,25,5.47722557505166,17,33,0,0
"675c611268e0e1825a5fe25d",93,"average",8,8,34,5.47722557505166,26,42,0,0
"675c611268e0e1825a5fe25d",94,"average",8,8,33,5.47722557505166,25,41,0,0
"675c611268e0e1825a5fe25d",95,"average",6,6,31,4.32049379893857,25,37,0,0
"675c611268e0e1825a5fe25d",96,"average",12,12,35.3333333333333,5.45180907793204,26,44,-0.206282093856247,0
"675c611268e0e1825a5fe25d",97,"average",2,2,18,4,14,22,0,0
"675c611268e0e1825a5fe25d",98,"average",12,12,24.3333333333333,5.45180907793204,15,33,-0.206282093856245,0
"675c611268e0e1825a5fe25d",99,"average",8,8,33,5.47722557505166,25,41,0,0
"675c611268e0e1825a5fe25d",100,"average",12,12,36.3333333333333,5.45180907793204,27,45,-0.206282093856247,0
"675c611268e0e1825a5fe25d",101,"average",6,6,21,4.32049379893857,15,27,0,0
"675c611268e0e1825a5fe25d",102,"average",12,12,14.3333333333333,5.45180907793204,5,23,-0.206282093856245,0
"675c611268e0e1825a5fe25d",103,"average",8,8,26,5.47722557505166,18,34,0,0
"675c611268e0e1825a5fe25d",104,"average",12,12,29.3333333333333,5.45180907793204,20,38,-0.206282093856245,0
"675c611268e0e1825a5fe25d",105,"average",2,2,17,4,13,21,0,0
"675c611268e0e1825a5fe25d",106,"average",12,12,27.3333333333333,5.45180907793204,18,36,-0.206282093856245,0
"675c611268e0e1825a5fe25d",107,"average",8,8,23,5.47722557505166,15,31,0,0
"675c611268e0e1825a5fe25d",108,"average",2,2,28,4,24,32,0,0
"675c611268e0e1825a5fe25d",109,"average",12,12,34.3333333333333,5.45180907793204,25,43,-0.206282093856247,0
"675c611268e0e1825a5fe25d",110,"average",8,8,27,5.47722557505166,19,35,0,0
"675c611268e0e1825a5fe25d",111,"average",12,12,18.3333333333333,5.45180907793204,9,27,-0.206282093856245,0
"675c611268e0e1825a5fe25d",112,"average",8,8,15,5.47722557505166,7,23,0,0
"675c611268e0e1825a5fe25d",113,"average",6,6,24,4.32049379893857,18,30,0,0
"675c611268e0e1825a5fe25d",114,"average",2,2,34,4,30,38,0,0
"675c611268e0e1825a5fe25d",115,"average",6,6,18,4.32049379893857,12,24,0,0
"675c611268e0e1825a5fe25d",116,"average",6,6,19,4.32049379893857,13,25,0,0
"5dd42e7f35cf744223c60d1b",1,"average",10,10,9.2,6.02992537267253,1,20,0.191454350459546,1
"5dd42e7f35cf744223c60d1b",2,"average",9,9,37.7777777777778,5.74993290352694,29,47,0.251600313722913,0
"5dd42e7f35cf744223c60d1b",3,"average",11,11,37.6363636363636,5.88175495258975,29,47,0.135671178160905,0
"5dd42e7f35cf744223c60d1b",4,"average",12,12,11.4166666666667,5.49936865063214,1,20,-0.0448508500268123,1
"5dd42e7f35cf744223c60d1b",5,"average",5,5,40.2,4.3081318457076,34,46,-0.00180092461594322,0
"5dd42e7f35cf744223c60d1b",6,"average",11,11,9.45454545454546,6.14023446937028,1,19,0.257774946696918,1
"5dd42e7f35cf744223c60d1b",7,"average",11,11,11.6363636363636,5.72510781593956,1,20,-0.314000977630436,1
"5dd42e7f35cf744223c60d1b",8,"average",6,6,12,6.50640709864771,3,20,-0.294077176199032,0
"5dd42e7f35cf744223c60d1b",9,"average",7,7,34.4285714285714,4.10077145554495,29,42,0.424888761749438,0
"5dd42e7f35cf744223c60d1b",10,"average",11,11,10.6363636363636,4.9040378033677,2,18,-0.0345907792769517,0
"5dd42e7f35cf744223c60d1b",11,"average",10,10,39.2,5.28772162656091,31,48,0.28148456410619,0
"5dd42e7f35cf744223c60d1b",12,"average",9,9,39.3333333333333,6.12825877028341,29,48,-0.376243890399216,0
"5dd42e7f35cf744223c60d1b",13,"average",8,8,10.25,5.21416340365355,2,18,-0.18451070498541,0
"5dd42e7f35cf744223c60d1b",14,"average",2,2,39,6,33,45,0,0
"5dd42e7f35cf744223c60d1b",15,"average",4,4,45.25,2.38484800354236,42,48,-0.186617740163682,0
"5dd42e7f35cf744223c60d1b",16,"average",7,7,37.7142857142857,5.09100848034442,30,47,0.393733274126208,0
"5dd42e7f35cf744223c60d1b",17,"average",7,7,34.7142857142857,4.74234076362795,29,41,0.170245723771598,0
"5dd42e7f35cf744223c60d1b",18,"average",7,7,38,3.74165738677394,32,44,0,0
"5dd42e7f35cf744223c60d1b",19,"average",12,12,39.4166666666667,5.89432401175534,29,47,-0.456984915940063,0
"5dd42e7f35cf744223c60d1b",20,"average",11,11,9.36363636363636,5.4983092818318,1,20,0.348217603589363,1
"5dd42e7f35cf744223c60d1b",21,"average",8,8,19,5.47722557505166,11,27,0,0
"5dd42e7f35cf744223c60d1b",22,"average",8,8,19,5.47722557505166,11,27,0,0
"5dd42e7f35cf744223c60d1b",23,"average",6,6,17,4.32049379893857,11,23,0,0
"5dd42e7f35cf744223c60d1b",24,"average",12,12,15.3333333333333,5.45180907793204,6,24,-0.206282093856245,0
"5dd42e7f35cf744223c60d1b",25,"average",2,2,16,4,12,20,0,0
"5dd42e7f35cf744223c60d1b",26,"average",12,12,25.3333333333333,5.45180907793204,16,34,-0.206282093856245,0
"5dd42e7f35cf744223c60d1b",27,"average",2,2,20,4,16,24,0,0
"5dd42e7f35cf744223c60d1b",28,"average",6,6,14,4.32049379893857,8,20,0,0
"5dd42e7f35cf744223c60d1b",29,"average",6,6,36,4.32049379893857,30,42,0,0
"5dd42e7f35cf744223c60d1b",30,"average",6,6,19,4.32049379893857,13,25,0,0
"5dd42e7f35cf744223c60d1b",31,"average",12,12,20.3333333333333,5.45180907793204,11,29,-0.206282093856245,0
"5dd42e7f35cf744223c60d1b",32,"average",6,6,28,4.32049379893857,22,34,0,0
"5dd42e7f35cf744223c60d1b",33,"average",2,2,27,4,23,31,0,0
"5dd42e7f35cf744223c60d1b",34,"average",2,2,31,4,27,35,0,0
"5dd42e7f35cf744223c60d1b",35,"average",6,6,35,4.32049379893857,29,41,0,0
"5dd42e7f35cf744223c60d1b",36,"average",12,12,21.3333333333333,5.45180907793204,12,30,-0.206282093856245,0
"5dd42e7f35cf744223c60d1b",37,"average",2,2,17,4,13,21,0,0
"5dd42e7f35cf744223c60d1b",38,"average",12,12,29.3333333333333,5.45180907793204,20,38,-0.206282093856245,0
"5dd42e7f35cf744223c60d1b",39,"average",12,12,21.3333333333333,5.45180907793204,12,30,-0.206282093856245,0
"5dd42e7f35cf744223c60d1b",40,"average",6,6,18,4.32049379893857,12,24,0,0
"5dd42e7f35cf744223c60d1b",41,"average",8,8,31,5.47722557505166,23,39,0,0
"5dd42e7f35cf744223c60d1b",42,"average",2,2,29,4,25,33,0,0
"5dd42e7f35cf744223c60d1b",43,"average",12,12,34.3333333333333,5.45180907793204,25,43,-0.206282093856247,0
"5dd42e7f35cf744223c60d1b",44,"average",12,12,24.3333333333333,5.45180907793204,15,33,-0.206282093856245,0
"5dd42e7f35cf744223c60d1b",45,"average",6,6,18,4.32049379893857,12,24,0,0
"5dd42e7f35cf744223c60d1b",46,"average",12,12,32.3333333333333,5.45180907793204,23,41,-0.206282093856247,0
"5dd42e7f35cf744223c60d1b",47,"average",6,6,14,4.32049379893857,8,20,0,0
"5dd42e7f35cf744223c60d1b",48,"average",2,2,35,4,31,39,0,0
"5dd42e7f35cf744223c60d1b",49,"average",6,6,28,4.32049379893857,22,34,0,0
"5dd42e7f35cf744223c60d1b",50,"average",2,2,19,4,15,23,0,0
"5dd42e7f35cf744223c60d1b",51,"average",2,2,24,4,20,28,0,0
"5dd42e7f35cf744223c60d1b",52,"average",2,2,36,4,32,40,0,0
"5dd42e7f35cf744223c60d1b",53,"average",8,8,26,5.47722557505166,18,34,0,0
"5dd42e7f35cf744223c60d1b",54,"average",12,12,18.3333333333333,5.45180907793204,9,27,-0.206282093856245,0
"5dd42e7f35cf744223c60d1b",55,"average",8,8,25,5.47722557505166,17,33,0,0
"5dd42e7f35cf744223c60d1b",56,"average",2,2,20,4,16,24,0,0
"5dd42e7f35cf744223c60d1b",57,"average",8,8,17,5.47722557505166,9,25,0,0
"5dd42e7f35cf744223c60d1b",58,"average",8,8,25,5.47722557505166,17,33,0,0
"5dd42e7f35cf744223c60d1b",59,"average",8,8,15,5.47722557505166,7,23,0,0
"5dd42e7f35cf744223c60d1b",60,"average",8,8,30,5.47722557505166,22,38,0,0
"5dd42e7f35cf744223c60d1b",61,"average",12,12,36.3333333333333,5.45180907793204,27,45,-0.206282093856247,0
"5dd42e7f35cf744223c60d1b",62,"average",6,6,27,4.32049379893857,21,33,0,0
"5dd42e7f35cf744223c60d1b",63,"average",8,8,27,5.47722557505166,19,35,0,0
"5dd42e7f35cf744223c60d1b",64,"average",8,8,26,5.47722557505166,18,34,0,0
"5dd42e7f35cf744223c60d1b",65,"average",12,12,33.3333333333333,5.45180907793204,24,42,-0.206282093856247,0
"5dd42e7f35cf744223c60d1b",66,"average",2,2,26,4,22,30,0,0
"5dd42e7f35cf744223c60d1b",67,"average",8,8,19,5.47722557505166,11,27,0,0
"5dd42e7f35cf744223c60d1b",68,"average",6,6,18,4.32049379893857,12,24,0,0
"5dd42e7f35cf744223c60d1b",69,"average",12,12,23.3333333333333,5.45180907793204,14,32,-0.206282093856245,0
"5dd42e7f35cf744223c60d1b",70,"average",2,2,36,4,32,40,0,0
"5dd42e7f35cf744223c60d1b",71,"average",8,8,30,5.47722557505166,22,38,0,0
"5dd42e7f35cf744223c60d1b",72,"average",8,8,35,5.47722557505166,27,43,0,0
"5dd42e7f35cf744223c60d1b",73,"average",6,6,29,4.32049379893857,23,35,0,0
"5dd42e7f35cf744223c60d1b",74,"average",8,8,29,5.47722557505166,21,37,0,0
"5dd42e7f35cf744223c60d1b",75,"average",6,6,27,4.32049379893857,21,33,0,0
"5dd42e7f35cf744223c60d1b",76,"average",6,6,17,4.32049379893857,11,23,0,0
"5dd42e7f35cf744223c60d1b",77,"average",12,12,21.3333333333333,5.45180907793204,12,30,-0.206282093856245,0
"5dd42e7f35cf744223c60d1b",78,"average",8,8,20,5.47722557505166,12,28,0,0
"5dd42e7f35cf744223c60d1b",79,"average",6,6,34,4.32049379893857,28,40,0,0
"5dd42e7f35cf744223c60d1b",80,"average",8,8,17,5.47722557505166,9,25,0,0
"5dd42e7f35cf744223c60d1b",81,"average",6,6,34,4.32049379893857,28,40,0,0
"5dd42e7f35cf744223c60d1b",82,"average",2,2,20,4,16,24,0,0
"5dd42e7f35cf744223c60d1b",83,"average",8,8,23,5.47722557505166,15,31,0,0
"5dd42e7f35cf744223c60d1b",84,"average",2,2,20,4,16,24,0,0
"5dd42e7f35cf744223c60d1b",85,"average",2,2,34,4,30,38,0,0
"5dd42e7f35cf744223c60d1b",86,"average",12,12,21.3333333333333,5.45180907793204,12,30,-0.206282093856245,0
"5dd42e7f35cf744223c60d1b",87,"average",12,12,22.3333333333333,5.45180907793204,13,31,-0.206282093856245,0
"5dd42e7f35cf744223c60d1b",88,"average",12,12,33.3333333333333,5.45180907793204,24,42,-0.206282093856247,0
"5dd42e7f35cf744223c60d1b",89,"average",2,2,15,4,11,19,0,0
"5dd42e7f35cf744223c60d1b",90,"average",12,12,15.3333333333333,5.45180907793204,6,24,-0.206282093856245,0
"5dd42e7f35cf744223c60d1b",91,"average",8,8,18,5.47722557505166,10,26,0,0
"5dd42e7f35cf744223c60d1b",92,"average",2,2,20,4,16,24,0,0
"5dd42e7f35cf744223c60d1b",93,"average",2,2,21,4,17,25,0,0
"5dd42e7f35cf744223c60d1b",94,"average",6,6,32,4.32049379893857,26,38,0,0
"5dd42e7f35cf744223c60d1b",95,"average",12,12,24.3333333333333,5.45180907793204,15,33,-0.206282093856245,0
"5dd42e7f35cf744223c60d1b",96,"average",12,12,27.3333333333333,5.45180907793204,18,36,-0.206282093856245,0
"5dd42e7f35cf744223c60d1b",97,"average",2,2,22,4,18,26,0,0
"5dd42e7f35cf744223c60d1b",98,"average",6,6,18,4.32049379893857,12,24,0,0
"5dd42e7f35cf744223c60d1b",99,"average",6,6,29,4.32049379893857,23,35,0,0
"5dd42e7f35cf744223c60d1b",100,"average",2,2,30,4,26,34,0,0
"5dd42e7f35cf744223c60d1b",101,"average",2,2,30,4,26,34,0,0
"5dd42e7f35cf744223c60d1b",102,"average",8,8,36,5.47722557505166,28,44,0,0
"5dd42e7f35cf744223c60d1b",103,"average",8,8,20,5.47722557505166,12,28,0,0
"5dd42e7f35cf744223c60d1b",104,"average",6,6,31,4.32049379893857,25,37,0,0
"5dd42e7f35cf744223c60d1b",105,"average",8,8,36,5.47722557505166,28,44,0,0
"5dd42e7f35cf744223c60d1b",106,"average",12,12,18.3333333333333,5.45180907793204,9,27,-0.206282093856245,0
"5dd42e7f35cf744223c60d1b",107,"average",12,12,28.3333333333333,5.45180907793204,19,37,-0.206282093856245,0
"5dd42e7f35cf744223c60d1b",108,"average",6,6,23,4.32049379893857,17,29,0,0
"5dd42e7f35cf744223c60d1b",109,"average",12,12,15.3333333333333,5.45180907793204,6,24,-0.206282093856245,0
"5dd42e7f35cf744223c60d1b",110,"average",2,2,20,4,16,24,0,0
"5dd42e7f35cf744223c60d1b",111,"average",2,2,23,4,19,27,0,0
"5dd42e7f35cf744223c60d1b",112,"average",6,6,19,4.32049379893857,13,25,0,0
"5dd42e7f35cf744223c60d1b",113,"average",8,8,20,5.47722557505166,12,28,0,0
"5dd42e7f35cf744223c60d1b",114,"average",6,6,18,4.32049379893857,12,24,0,0
"5dd42e7f35cf744223c60d1b",115,"average",8,8,24,5.47722557505166,16,32,0,0
"5dd42e7f35cf744223c60d1b",116,"average",12,12,17.3333333333333,5.45180907793204,8,26,-0.206282093856245,0
"67d4a65b95f05bc507735cb8",1,"average",11,11,38.2727272727273,5.62609034427847,30,48,0.0213899514278783,0
"67d4a65b95f05bc507735cb8",2,"average",10,10,39.7,5.65773806392625,30,48,-0.110787052463219,0
"67d4a65b95f05bc507735cb8",3,"average",4,4,9.75,6.79613860953409,2,17,-0.0241918795595377,0
"67d4a65b95f05bc507735cb8",4,"average",9,9,10.6666666666667,4.94413232473044,2,20,0.232905407032757,0
"67d4a65b95f05bc507735cb8",5,"average",3,3,8.66666666666667,2.49443825784929,6,12,0.381801774160607,0
"67d4a65b95f05bc507735cb8",6,"average",3,3,14,4.32049379893857,8,18,-0.595170064139497,0
"67d4a65b95f05bc507735cb8",7,"average",5,5,11,5.09901951359278,3,17,-0.27154541788364,0
"67d4a65b95f05bc507735cb8",8,"average",4,4,8.25,5.93190525885234,2,18,0.801727680906442,0
"67d4a65b95f05bc507735cb8",9,"average",10,10,12,5.60357029044876,1,20,-0.337591865037787,1
"67d4a65b95f05bc507735cb8",10,"average",7,7,11.4285714285714,4.53107186490106,4,18,-0.104927295299595,0
"67d4a65b95f05bc507735cb8",11,"average",6,6,8.33333333333333,5.90668171555645,1,18,0.462968439874034,1
"67d4a65b95f05bc507735cb8",12,"average",2,2,33,2,31,35,0,0
"67d4a65b95f05bc507735cb8",13,"average",11,11,39.8181818181818,5.93630098811437,30,48,-0.169697724490194,0
"67d4a65b95f05bc507735cb8",14,"average",9,9,38.6666666666667,6.79869268479038,29,47,-0.161465808376989,0
"67d4a65b95f05bc507735cb8",15,"average",10,10,36.7,4.60543157586778,30,44,0.16805689707057,0
"67d4a65b95f05bc507735cb8",16,"average",7,7,9.28571428571429,4.26662414944802,3,16,0.144590246090958,0
"67d4a65b95f05bc507735cb8",17,"average",11,11,40.6363636363636,5.9737718748897,30,48,-0.481556821818559,0
"67d4a65b95f05bc507735cb8",18,"average",5,5,11.2,5.74108003776293,1,17,-0.845465219648287,1
"67d4a65b95f05bc507735cb8",19,"average",6,6,44,2.16024689946929,41,47,0,0
"67d4a65b95f05bc507735cb8",20,"average",9,9,40.5555555555556,4.96903994999953,31,47,-0.685466638502561,0
"67d4a65b95f05bc507735cb8",21,"average",12,12,33.3333333333333,5.45180907793204,24,42,-0.206282093856247,0
"67d4a65b95f05bc507735cb8",22,"average",2,2,34,4,30,38,0,0
"67d4a65b95f05bc507735cb8",23,"average",2,2,35,4,31,39,0,0
"67d4a65b95f05bc507735cb8",24,"average",8,8,28,5.47722557505166,20,36,0,0
"67d4a65b95f05bc507735cb8",25,"average",8,8,28,5.47722557505166,20,36,0,0
"67d4a65b95f05bc507735cb8",26,"average",6,6,20,4.32049379893857,14,26,0,0
"67d4a65b95f05bc507735cb8",27,"average",2,2,21,4,17,25,0,0
"67d4a65b95f05bc507735cb8",28,"average",2,2,27,4,23,31,0,0
"67d4a65b95f05bc507735cb8",29,"average",8,8,28,5.47722557505166,20,36,0,0
"67d4a65b95f05bc507735cb8",30,"average",6,6,23,4.32049379893857,17,29,0,0
"67d4a65b95f05bc507735cb8",31,"average",12,12,31.3333333333333,5.45180907793204,22,40,-0.206282093856245,0
"67d4a65b95f05bc507735cb8",32,"average",8,8,27,5.47722557505166,19,35,0,0
"67d4a65b95f05bc507735cb8",33,"average",2,2,31,4,27,35,0,0
"67d4a65b95f05bc507735cb8",34,"average",8,8,15,5.47722557505166,7,23,0,0
"67d4a65b95f05bc507735cb8",35,"average",6,6,36,4.32049379893857,30,42,0,0
"67d4a65b95f05bc507735cb8",36,"average",2,2,15,4,11,19,0,0
"67d4a65b95f05bc507735cb8",37,"average",6,6,34,4.32049379893857,28,40,0,0
"67d4a65b95f05bc507735cb8",38,"average",2,2,23,4,19,27,0,0
"67d4a65b95f05bc507735cb8",39,"average",2,2,27,4,23,31,0,0
"67d4a65b95f05bc507735cb8",40,"average",12,12,21.3333333333333,5.45180907793204,12,30,-0.206282093856245,0
"67d4a65b95f05bc507735cb8",41,"average",8,8,16,5.47722557505166,8,24,0,0
"67d4a65b95f05bc507735cb8",42,"average",6,6,28,4.32049379893857,22,34,0,0
"67d4a65b95f05bc507735cb8",43,"average",6,6,36,4.32049379893857,30,42,0,0
"67d4a65b95f05bc507735cb8",44,"average",8,8,24,5.47722557505166,16,32,0,0
"67d4a65b95f05bc507735cb8",45,"average",12,12,34.3333333333333,5.45180907793204,25,43,-0.206282093856247,0
"67d4a65b95f05bc507735cb8",46,"average",6,6,36,4.32049379893857,30,42,0,0
"67d4a65b95f05bc507735cb8",47,"average",12,12,33.3333333333333,5.45180907793204,24,42,-0.206282093856247,0
"67d4a65b95f05bc507735cb8",48,"average",8,8,26,5.47722557505166,18,34,0,0
"67d4a65b95f05bc507735cb8",49,"average",8,8,33,5.47722557505166,25,41,0,0
"67d4a65b95f05bc507735cb8",50,"average",6,6,33,4.32049379893857,27,39,0,0
"67d4a65b95f05bc507735cb8",51,"average",12,12,14.3333333333333,5.45180907793204,5,23,-0.206282093856245,0
"67d4a65b95f05bc507735cb8",52,"average",12,12,36.3333333333333,5.45180907793204,27,45,-0.206282093856247,0
"67d4a65b95f05bc507735cb8",53,"average",6,6,22,4.32049379893857,16,28,0,0
"67d4a65b95f05bc507735cb8",54,"average",8,8,21,5.47722557505166,13,29,0,0
"67d4a65b95f05bc507735cb8",55,"average",2,2,33,4,29,37,0,0
"67d4a65b95f05bc507735cb8",56,"average",8,8,24,5.47722557505166,16,32,0,0
"67d4a65b95f05bc507735cb8",57,"average",12,12,22.3333333333333,5.45180907793204,13,31,-0.206282093856245,0
"67d4a65b95f05bc507735cb8",58,"average",6,6,28,4.32049379893857,22,34,0,0
"67d4a65b95f05bc507735cb8",59,"average",8,8,23,5.47722557505166,15,31,0,0
"67d4a65b95f05bc507735cb8",60,"average",12,12,26.3333333333333,5.45180907793204,17,35,-0.206282093856245,0
"67d4a65b95f05bc507735cb8",61,"average",12,12,26.3333333333333,5.45180907793204,17,35,-0.206282093856245,0
"67d4a65b95f05bc507735cb8",62,"average",2,2,20,4,16,24,0,0
"67d4a65b95f05bc507735cb8",63,"average",6,6,24,4.32049379893857,18,30,0,0
"67d4a65b95f05bc507735cb8",64,"average",2,2,28,4,24,32,0,0
"67d4a65b95f05bc507735cb8",65,"average",6,6,23,4.32049379893857,17,29,0,0
"67d4a65b95f05bc507735cb8",66,"average",12,12,15.3333333333333,5.45180907793204,6,24,-0.206282093856245,0
"67d4a65b95f05bc507735cb8",67,"average",12,12,28.3333333333333,5.45180907793204,19,37,-0.206282093856245,0
"67d4a65b95f05bc507735cb8",68,"average",2,2,25,4,21,29,0,0
"67d4a65b95f05bc507735cb8",69,"average",2,2,14,4,10,18,0,0
"67d4a65b95f05bc507735cb8",70,"average",2,2,35,4,31,39,0,0
"67d4a65b95f05bc507735cb8",71,"average",8,8,29,5.47722557505166,21,37,0,0
"67d4a65b95f05bc507735cb8",72,"average",6,6,30,4.32049379893857,24,36,0,0
"67d4a65b95f05bc507735cb8",73,"average",2,2,20,4,16,24,0,0
"67d4a65b95f05bc507735cb8",74,"average",12,12,23.3333333333333,5.45180907793204,14,32,-0.206282093856245,0
"67d4a65b95f05bc507735cb8",75,"average",2,2,29,4,25,33,0,0
"67d4a65b95f05bc507735cb8",76,"average",2,2,35,4,31,39,0,0
"67d4a65b95f05bc507735cb8",77,"average",2,2,27,4,23,31,0,0
"67d4a65b95f05bc507735cb8",78,"average",12,12,34.3333333333333,5.45180907793204,25,43,-0.206282093856247,0
"67d4a65b95f05bc507735cb8",79,"average",12,12,35.3333333333333,5.45180907793204,26,44,-0.206282093856247,0
"67d4a65b95f05bc507735cb8",80,"average",6,6,14,4.32049379893857,8,20,0,0
"67d4a65b95f05bc507735cb8",81,"average",6,6,28,4.32049379893857,22,34,0,0
"67d4a65b95f05bc507735cb8",82,"average",12,12,25.3333333333333,5.45180907793204,16,34,-0.206282093856245,0
"67d4a65b95f05bc507735cb8",83,"average",6,6,33,4.32049379893857,27,39,0,0
"67d4a65b95f05bc507735cb8",84,"average",6,6,36,4.32049379893857,30,42,0,0
"67d4a65b95f05bc507735cb8",85,"average",6,6,32,4.32049379893857,26,38,0,0
"67d4a65b95f05bc507735cb8",86,"average",6,6,30,4.32049379893857,24,36,0,0
"67d4a65b95f05bc507735cb8",87,"average",12,12,31.3333333333333,5.45180907793204,22,40,-0.206282093856245,0
"67d4a65b95f05bc507735cb8",88,"average",6,6,35,4.32049379893857,29,41,0,0
"67d4a65b95f05bc507735cb8",89,"average",8,8,25,5.47722557505166,17,33,0,0
"67d4a65b95f05bc507735cb8",90,"average",12,12,26.3333333333333,5.45180907793204,17,35,-0.206282093856245,0
"67d4a65b95f05bc507735cb8",91,"average",8,8,20,5.47722557505166,12,28,0,0
"67d4a65b95f05bc507735cb8",92,"average",2,2,29,4,25,33,0,0
"67d4a65b95f05bc507735cb8",93,"average",2,2,26,4,22,30,0,0
"67d4a65b95f05bc507735cb8",94,"average",2,2,26,4,22,30,0,0
"67d4a65b95f05bc507735cb8",95,"average",6,6,16,4.32049379893857,10,22,0,0
"67d4a65b95f05bc507735cb8",96,"average",8,8,26,5.47722557505166,18,34,0,0
"67d4a65b95f05bc507735cb8",97,"average",2,2,28,4,24,32,0,0
"67d4a65b95f05bc507735cb8",98,"average",2,2,23,4,19,27,0,0
"67d4a65b95f05bc507735cb8",99,"average",6,6,19,4.32049379893857,13,25,0,0
"67d4a65b95f05bc507735cb8",100,"average",8,8,25,5.47722557505166,17,33,0,0
"67d4a65b95f05bc507735cb8",101,"average",12,12,26.3333333333333,5.45180907793204,17,35,-0.206282093856245,0
"67d4a65b95f05bc507735cb8",102,"average",8,8,22,5.47722557505166,14,30,0,0
"67d4a65b95f05bc507735cb8",103,"average",12,12,21.3333333333333,5.45180907793204,12,30,-0.206282093856245,0
"67d4a65b95f05bc507735cb8",104,"average",8,8,17,5.47722557505166,9,25,0,0
"67d4a65b95f05bc507735cb8",105,"average",8,8,14,5.47722557505166,6,22,0,0
"67d4a65b95f05bc507735cb8",106,"average",2,2,27,4,23,31,0,0
"67d4a65b95f05bc507735cb8",107,"average",6,6,28,4.32049379893857,22,34,0,0
"67d4a65b95f05bc507735cb8",108,"average",8,8,25,5.47722557505166,17,33,0,0
"67d4a65b95f05bc507735cb8",109,"average",12,12,26.3333333333333,5.45180907793204,17,35,-0.206282093856245,0
"67d4a65b95f05bc507735cb8",110,"average",8,8,25,5.47722557505166,17,33,0,0
"67d4a65b95f05bc507735cb8",111,"average",6,6,27,4.32049379893857,21,33,0,0
"67d4a65b95f05bc507735cb8",112,"average",8,8,15,5.47722557505166,7,23,0,0
"67d4a65b95f05bc507735cb8",113,"average",8,8,21,5.47722557505166,13,29,0,0
"67d4a65b95f05bc507735cb8",114,"average",12,12,14.3333333333333,5.45180907793204,5,23,-0.206282093856245,0
"67d4a65b95f05bc507735cb8",115,"average",12,12,23.3333333333333,5.45180907793204,14,32,-0.206282093856245,0
"67d4a65b95f05bc507735cb8",116,"average",12,12,16.3333333333333,5.45180907793204,7,25,-0.206282093856245,0
"67eade9122bddfb4cd165d09",1,"average",7,7,11.2857142857143,6.18094504365255,3,20,-0.006889305321708,0
"67eade9122bddfb4cd165d09",2,"average",6,6,40.5,5.56027577253743,30,47,-0.698059192751046,0
"67eade9122bddfb4cd165d09",3,"average",10,10,37.7,6.49692234831231,29,47,0.0959614605743996,0
"67eade9122bddfb4cd165d09",4,"average",2,2,39.5,8.5,31,48,0,0
"67eade9122bddfb4cd165d09",5,"average",2,2,36.5,3.5,33,40,0,0
"67eade9122bddfb4cd165d09",6,"average",7,7,42.7142857142857,4.52656557650139,34,48,-0.728388282299916,0
"67eade9122bddfb4cd165d09",7,"average",8,8,40.5,5.1720402163943,33,48,0.0325257136501345,0
"67eade9122bddfb4cd165d09",8,"average",4,4,36.25,6.79613860953409,29,44,0.0241918795595377,0
"67eade9122bddfb4cd165d09",9,"average",8,8,10.125,3.85478598627732,4,16,-0.212976264027025,0
"67eade9122bddfb4cd165d09",10,"average",2,2,13,7,6,20,0,0
"67eade9122bddfb4cd165d09",11,"average",11,11,36.3636363636364,5.39819375974674,29,45,0.302701845134345,0
"67eade9122bddfb4cd165d09",12,"average",11,11,39.1818181818182,5.45757491629223,29,48,-0.0351081368544832,0
"67eade9122bddfb4cd165d09",13,"average",8,8,11.125,4.01364858950058,4,16,-0.497514337922649,0
"67eade9122bddfb4cd165d09",14,"average",10,10,37.2,5.19230199429887,29,47,0.207280148338475,0
"67eade9122bddfb4cd165d09",15,"average",11,11,8.63636363636364,5.20965410250706,2,19,0.546649993281628,0
"67eade9122bddfb4cd165d09",16,"average",11,11,11.8181818181818,5.90559337051335,2,20,-0.228936088546282,0
"67eade9122bddfb4cd165d09",17,"average",3,3,9.33333333333333,5.73488351136175,2,16,-0.17280054407865,0
"67eade9122bddfb4cd165d09",18,"average",4,4,14.25,3.11247489949718,9,17,-0.979409375242402,0
"67eade9122bddfb4cd165d09",19,"average",10,10,10.6,5.42586398650021,1,19,-0.0476281590704166,1
"67eade9122bddfb4cd165d09",20,"average",2,2,37,7,30,44,0,0
"67eade9122bddfb4cd165d09",21,"average",2,2,32,4,28,36,0,0
"67eade9122bddfb4cd165d09",22,"average",8,8,18,5.47722557505166,10,26,0,0
"67eade9122bddfb4cd165d09",23,"average",2,2,15,4,11,19,0,0
"67eade9122bddfb4cd165d09",24,"average",2,2,21,4,17,25,0,0
"67eade9122bddfb4cd165d09",25,"average",2,2,24,4,20,28,0,0
"67eade9122bddfb4cd165d09",26,"average",12,12,14.3333333333333,5.45180907793204,5,23,-0.206282093856245,0
"67eade9122bddfb4cd165d09",27,"average",2,2,31,4,27,35,0,0
"67eade9122bddfb4cd165d09",28,"average",8,8,33,5.47722557505166,25,41,0,0
"67eade9122bddfb4cd165d09",29,"average",6,6,25,4.32049379893857,19,31,0,0
"67eade9122bddfb4cd165d09",30,"average",6,6,17,4.32049379893857,11,23,0,0
"67eade9122bddfb4cd165d09",31,"average",8,8,16,5.47722557505166,8,24,0,0
"67eade9122bddfb4cd165d09",32,"average",6,6,14,4.32049379893857,8,20,0,0
"67eade9122bddfb4cd165d09",33,"average",2,2,25,4,21,29,0,0
"67eade9122bddfb4cd165d09",34,"average",6,6,17,4.32049379893857,11,23,0,0
"67eade9122bddfb4cd165d09",35,"average",2,2,15,4,11,19,0,0
"67eade9122bddfb4cd165d09",36,"average",12,12,15.3333333333333,5.45180907793204,6,24,-0.206282093856245,0
"67eade9122bddfb4cd165d09",37,"average",6,6,28,4.32049379893857,22,34,0,0
"67eade9122bddfb4cd165d09",38,"average",12,12,19.3333333333333,5.45180907793204,10,28,-0.206282093856245,0
"67eade9122bddfb4cd165d09",39,"average",8,8,28,5.47722557505166,20,36,0,0
"67eade9122bddfb4cd165d09",40,"average",12,12,21.3333333333333,5.45180907793204,12,30,-0.206282093856245,0
"67eade9122bddfb4cd165d09",41,"average",8,8,35,5.47722557505166,27,43,0,0
"67eade9122bddfb4cd165d09",42,"average",12,12,18.3333333333333,5.45180907793204,9,27,-0.206282093856245,0
"67eade9122bddfb4cd165d09",43,"average",12,12,33.3333333333333,5.45180907793204,24,42,-0.206282093856247,0
"67eade9122bddfb4cd165d09",44,"average",8,8,34,5.47722557505166,26,42,0,0
"67eade9122bddfb4cd165d09",45,"average",8,8,25,5.47722557505166,17,33,0,0
"67eade9122bddfb4cd165d09",46,"average",6,6,35,4.32049379893857,29,41,0,0
"67eade9122bddfb4cd165d09",47,"average",8,8,26,5.47722557505166,18,34,0,0
"67eade9122bddfb4cd165d09",48,"average",12,12,18.3333333333333,5.45180907793204,9,27,-0.206282093856245,0
"67eade9122bddfb4cd165d09",49,"average",6,6,30,4.32049379893857,24,36,0,0
"67eade9122bddfb4cd165d09",50,"average",2,2,29,4,25,33,0,0
"67eade9122bddfb4cd165d09",51,"average",12,12,24.3333333333333,5.45180907793204,15,33,-0.206282093856245,0
"67eade9122bddfb4cd165d09",52,"average",2,2,22,4,18,26,0,0
"67eade9122bddfb4cd165d09",53,"average",12,12,18.3333333333333,5.45180907793204,9,27,-0.206282093856245,0
"67eade9122bddfb4cd165d09",54,"average",2,2,21,4,17,25,0,0
"67eade9122bddfb4cd165d09",55,"average",12,12,28.3333333333333,5.45180907793204,19,37,-0.206282093856245,0
"67eade9122bddfb4cd165d09",56,"average",8,8,15,5.47722557505166,7,23,0,0
"67eade9122bddfb4cd165d09",57,"average",12,12,29.3333333333333,5.45180907793204,20,38,-0.206282093856245,0
"67eade9122bddfb4cd165d09",58,"average",2,2,33,4,29,37,0,0
"67eade9122bddfb4cd165d09",59,"average",2,2,18,4,14,22,0,0
"67eade9122bddfb4cd165d09",60,"average",6,6,23,4.32049379893857,17,29,0,0
"67eade9122bddfb4cd165d09",61,"average",8,8,33,5.47722557505166,25,41,0,0
"67eade9122bddfb4cd165d09",62,"average",12,12,25.3333333333333,5.45180907793204,16,34,-0.206282093856245,0
"67eade9122bddfb4cd165d09",63,"average",6,6,26,4.32049379893857,20,32,0,0
"67eade9122bddfb4cd165d09",64,"average",8,8,21,5.47722557505166,13,29,0,0
"67eade9122bddfb4cd165d09",65,"average",8,8,15,5.47722557505166,7,23,0,0
"67eade9122bddfb4cd165d09",66,"average",6,6,29,4.32049379893857,23,35,0,0
"67eade9122bddfb4cd165d09",67,"average",6,6,26,4.32049379893857,20,32,0,0
"67eade9122bddfb4cd165d09",68,"average",6,6,27,4.32049379893857,21,33,0,0
"67eade9122bddfb4cd165d09",69,"average",6,6,16,4.32049379893857,10,22,0,0
"67eade9122bddfb4cd165d09",70,"average",2,2,16,4,12,20,0,0
"67eade9122bddfb4cd165d09",71,"average",12,12,31.3333333333333,5.45180907793204,22,40,-0.206282093856245,0
"67eade9122bddfb4cd165d09",72,"average",2,2,30,4,26,34,0,0
"67eade9122bddfb4cd165d09",73,"average",2,2,32,4,28,36,0,0
"67eade9122bddfb4cd165d09",74,"average",6,6,35,4.32049379893857,29,41,0,0
"67eade9122bddfb4cd165d09",75,"average",12,12,31.3333333333333,5.45180907793204,22,40,-0.206282093856245,0
"67eade9122bddfb4cd165d09",76,"average",8,8,31,5.47722557505166,23,39,0,0
"67eade9122bddfb4cd165d09",77,"average",6,6,29,4.32049379893857,23,35,0,0
"67eade9122bddfb4cd165d09",78,"average",2,2,35,4,31,39,0,0
"67eade9122bddfb4cd165d09",79,"average",8,8,23,5.47722557505166,15,31,0,0
"67eade9122bddfb4cd165d09",80,"average",2,2,22,4,18,26,0,0
"67eade9122bddfb4cd165d09",81,"average",6,6,25,4.32049379893857,19,31,0,0
"67eade9122bddfb4cd165d09",82,"average",6,6,32,4.32049379893857,26,38,0,0
"67eade9122bddfb4cd165d09",83,"average",8,8,36,5.47722557505166,28,44,0,0
"67eade9122bddfb4cd165d09",84,"average",8,8,20,5.47722557505166,12,28,0,0
"67eade9122bddfb4cd165d09",85,"average",8,8,28,5.47722557505166,20,36,0,0
"67eade9122bddfb4cd165d09",86,"average",8,8,23,5.47722557505166,15,31,0,0
"67eade9122bddfb4cd165d09",87,"average",2,2,31,4,27,35,0,0
"67eade9122bddfb4cd165d09",88,"average",12,12,33.3333333333333,5.45180907793204,24,42,-0.206282093856247,0
"67eade9122bddfb4cd165d09",89,"average",2,2,18,4,14,22,0,0
"67eade9122bddfb4cd165d09",90,"average",8,8,22,5.47722557505166,14,30,0,0
"67eade9122bddfb4cd165d09",91,"average",2,2,22,4,18,26,0,0
"67eade9122bddfb4cd165d09",92,"average",6,6,31,4.32049379893857,25,37,0,0
"67eade9122bddfb4cd165d09",93,"average",2,2,15,4,11,19,0,0
"67eade9122bddfb4cd165d09",94,"average",12,12,28.3333333333333,5.45180907793204,19,37,-0.206282093856245,0
"67eade9122bddfb4cd165d09",95,"average",12,12,36.3333333333333,5.45180907793204,27,45,-0.206282093856247,0
"67eade9122bddfb4cd165d09",96,"average",8,8,22,5.47722557505166,14,30,0,0
"67eade9122bddfb4cd165d09",97,"average",2,2,20,4,16,24,0,0
"67eade9122bddfb4cd165d09",98,"average",8,8,17,5.47722557505166,9,25,0,0
"67eade9122bddfb4cd165d09",99,"average",8,8,35,5.47722557505166,27,43,0,0
"67eade9122bddfb4cd165d09",100,"average",6,6,20,4.32049379893857,14,26,0,0
"67eade9122bddfb4cd165d09",101,"average",12,12,25.3333333333333,5.45180907793204,16,34,-0.206282093856245,0
"67eade9122bddfb4cd165d09",102,"average",6,6,32,4.32049379893857,26,38,0,0
"67eade9122bddfb4cd165d09",103,"average",6,6,21,4.32049379893857,15,27,0,0
"67eade9122bddfb4cd165d09",104,"average",8,8,27,5.47722557505166,19,35,0,0
"67eade9122bddfb4cd165d09",105,"average",12,12,22.3333333333333,5.45180907793204,13,31,-0.206282093856245,0
"67eade9122bddfb4cd165d09",106,"average",12,12,17.3333333333333,5.45180907793204,8,26,-0.206282093856245,0
"67eade9122bddfb4cd165d09",107,"average",6,6,36,4.32049379893857,30,42,0,0
"67eade9122bddfb4cd165d09",108,"average",12,12,29.3333333333333,5.45180907793204,20,38,-0.206282093856245,0
"67eade9122bddfb4cd165d09",109,"average",6,6,14,4.32049379893857,8,20,0,0
"67eade9122bddfb4cd165d09",110,"average",2,2,35,4,31,39,0,0
"67eade9122bddfb4cd165d09",111,"average",2,2,22,4,18,26,0,0
"67eade9122bddfb4cd165d09",112,"average",12,12,35.3333333333333,5.45180907793204,26,44,-0.206282093856247,0
"67eade9122bddfb4cd165d09",113,"average",8,8,23,5.47722557505166,15,31,0,0
"67eade9122bddfb4cd165d09",114,"average",12,12,29.3333333333333,5.45180907793204,20,38,-0.206282093856245,0
"67eade9122bddfb4cd165d09",115,"average",12,12,27.3333333333333,5.45180907793204,18,36,-0.206282093856245,0
"67eade9122bddfb4cd165d09",116,"average",6,6,20,4.32049379893857,14,26,0,0
"67eb1f71eefa16dadba33cf4",1,"average",12,12,9.83333333333333,5.68379763499331,2,20,0.386621397954503,0
"67eb1f71eefa16dadba33cf4",2,"average",3,3,14.3333333333333,4.02768199119819,11,20,0.674555484545765,0
"67eb1f71eefa16dadba33cf4",3,"average",5,5,12.8,4.44522215417857,7,18,-0.277056782462654,0
"67eb1f71eefa16dadba33cf4",4,"average",9,9,10.6666666666667,4.52155332208351,3,18,-0.0488802137252644,0
"67eb1f71eefa16dadba33cf4",5,"average",12,12,10.25,4.9180788932265,2,18,-0.104292734577165,0
"67eb1f71eefa16dadba33cf4",6,"average",9,9,7.55555555555556,5.67863659519139,1,18,0.589632194842034,1
"67eb1f71eefa16dadba33cf4",7,"average",11,11,40.2727272727273,6.12136213437543,30,48,-0.308532534059622,0
"67eb1f71eefa16dadba33cf4",8,"average",10,10,10.7,5.5145262715849,3,20,0.329738065914642,0
"67eb1f71eefa16dadba33cf4",9,"average",6,6,36.5,4.78713553878169,32,46,1.0938406890598,0
"67eb1f71eefa16dadba33cf4",10,"average",11,11,11.4545454545455,5.41653422173317,3,20,0.066292963414288,0
"67eb1f71eefa16dadba33cf4",11,"average",10,10,9.6,5.48087584241789,1,17,-0.0964982280442935,1
"67eb1f71eefa16dadba33cf4",12,"average",11,11,9.54545454545454,5.77397982116379,1,20,0.254130736242668,1
"67eb1f71eefa16dadba33cf4",13,"average",12,12,10.4166666666667,5.45371942398539,1,20,0.266108345964787,1
"67eb1f71eefa16dadba33cf4",14,"average",11,11,10.3636363636364,5.53127845279137,1,19,0.00125197162692447,1
"67eb1f71eefa16dadba33cf4",15,"average",8,8,37.75,5.60691537300145,29,46,-0.148389604075814,0
"67eb1f71eefa16dadba33cf4",16,"average",4,4,8.25,6.75925291729789,2,19,0.691254888407827,0
"67eb1f71eefa16dadba33cf4",17,"average",7,7,10.4285714285714,5.90053612230382,3,20,0.384620829974185,0
"67eb1f71eefa16dadba33cf4",18,"average",8,8,37.625,5.26634360823522,29,44,-0.286672959868843,0
"67eb1f71eefa16dadba33cf4",19,"average",12,12,9.75,6.29980158417708,1,20,0.282098623358922,1
"67eb1f71eefa16dadba33cf4",20,"average",4,4,38.5,4.82182538049648,31,44,-0.535200874699574,0
"67eb1f71eefa16dadba33cf4",21,"average",12,12,29.3333333333333,5.45180907793204,20,38,-0.206282093856245,0
"67eb1f71eefa16dadba33cf4",22,"average",2,2,30,4,26,34,0,0
"67eb1f71eefa16dadba33cf4",23,"average",12,12,29.3333333333333,5.45180907793204,20,38,-0.206282093856245,0
"67eb1f71eefa16dadba33cf4",24,"average",2,2,33,4,29,37,0,0
"67eb1f71eefa16dadba33cf4",25,"average",6,6,28,4.32049379893857,22,34,0,0
"67eb1f71eefa16dadba33cf4",26,"average",8,8,34,5.47722557505166,26,42,0,0
"67eb1f71eefa16dadba33cf4",27,"average",6,6,16,4.32049379893857,10,22,0,0
"67eb1f71eefa16dadba33cf4",28,"average",8,8,34,5.47722557505166,26,42,0,0
"67eb1f71eefa16dadba33cf4",29,"average",2,2,34,4,30,38,0,0
"67eb1f71eefa16dadba33cf4",30,"average",8,8,32,5.47722557505166,24,40,0,0
"67eb1f71eefa16dadba33cf4",31,"average",2,2,19,4,15,23,0,0
"67eb1f71eefa16dadba33cf4",32,"average",8,8,26,5.47722557505166,18,34,0,0
"67eb1f71eefa16dadba33cf4",33,"average",8,8,36,5.47722557505166,28,44,0,0
"67eb1f71eefa16dadba33cf4",34,"average",2,2,30,4,26,34,0,0
"67eb1f71eefa16dadba33cf4",35,"average",12,12,21.3333333333333,5.45180907793204,12,30,-0.206282093856245,0
"67eb1f71eefa16dadba33cf4",36,"average",6,6,14,4.32049379893857,8,20,0,0
"67eb1f71eefa16dadba33cf4",37,"average",12,12,26.3333333333333,5.45180907793204,17,35,-0.206282093856245,0
"67eb1f71eefa16dadba33cf4",38,"average",12,12,22.3333333333333,5.45180907793204,13,31,-0.206282093856245,0
"67eb1f71eefa16dadba33cf4",39,"average",6,6,34,4.32049379893857,28,40,0,0
"67eb1f71eefa16dadba33cf4",40,"average",2,2,22,4,18,26,0,0
"67eb1f71eefa16dadba33cf4",41,"average",12,12,18.3333333333333,5.45180907793204,9,27,-0.206282093856245,0
"67eb1f71eefa16dadba33cf4",42,"average",12,12,36.3333333333333,5.45180907793204,27,45,-0.206282093856247,0
"67eb1f71eefa16dadba33cf4",43,"average",6,6,18,4.32049379893857,12,24,0,0
"67eb1f71eefa16dadba33cf4",44,"average",12,12,15.3333333333333,5.45180907793204,6,24,-0.206282093856245,0
"67eb1f71eefa16dadba33cf4",45,"average",8,8,21,5.47722557505166,13,29,0,0
"67eb1f71eefa16dadba33cf4",46,"average",6,6,16,4.32049379893857,10,22,0,0
"67eb1f71eefa16dadba33cf4",47,"average",6,6,34,4.32049379893857,28,40,0,0
"67eb1f71eefa16dadba33cf4",48,"average",8,8,23,5.47722557505166,15,31,0,0
"67eb1f71eefa16dadba33cf4",49,"average",8,8,26,5.47722557505166,18,34,0,0
"67eb1f71eefa16dadba33cf4",50,"average",8,8,26,5.47722557505166,18,34,0,0
"67eb1f71eefa16dadba33cf4",51,"average",6,6,33,4.32049379893857,27,39,0,0
"67eb1f71eefa16dadba33cf4",52,"average",6,6,32,4.32049379893857,26,38,0,0
"67eb1f71eefa16dadba33cf4",53,"average",2,2,27,4,23,31,0,0
"67eb1f71eefa16dadba33cf4",54,"average",12,12,16.3333333333333,5.45180907793204,7,25,-0.206282093856245,0
"67eb1f71eefa16dadba33cf4",55,"average",2,2,14,4,10,18,0,0
"67eb1f71eefa16dadba33cf4",56,"average",12,12,29.3333333333333,5.45180907793204,20,38,-0.206282093856245,0
"67eb1f71eefa16dadba33cf4",57,"average",2,2,36,4,32,40,0,0
"67eb1f71eefa16dadba33cf4",58,"average",8,8,25,5.47722557505166,17,33,0,0
"67eb1f71eefa16dadba33cf4",59,"average",12,12,28.3333333333333,5.45180907793204,19,37,-0.206282093856245,0
"67eb1f71eefa16dadba33cf4",60,"average",6,6,16,4.32049379893857,10,22,0,0
"67eb1f71eefa16dadba33cf4",61,"average",6,6,34,4.32049379893857,28,40,0,0
"67eb1f71eefa16dadba33cf4",62,"average",6,6,18,4.32049379893857,12,24,0,0
"67eb1f71eefa16dadba33cf4",63,"average",12,12,18.3333333333333,5.45180907793204,9,27,-0.206282093856245,0
"67eb1f71eefa16dadba33cf4",64,"average",8,8,32,5.47722557505166,24,40,0,0
"67eb1f71eefa16dadba33cf4",65,"average",8,8,25,5.47722557505166,17,33,0,0
"67eb1f71eefa16dadba33cf4",66,"average",2,2,28,4,24,32,0,0
"67eb1f71eefa16dadba33cf4",67,"average",2,2,16,4,12,20,0,0
"67eb1f71eefa16dadba33cf4",68,"average",2,2,32,4,28,36,0,0
"67eb1f71eefa16dadba33cf4",69,"average",2,2,30,4,26,34,0,0
"67eb1f71eefa16dadba33cf4",70,"average",2,2,27,4,23,31,0,0
"67eb1f71eefa16dadba33cf4",71,"average",8,8,22,5.47722557505166,14,30,0,0
"67eb1f71eefa16dadba33cf4",72,"average",6,6,25,4.32049379893857,19,31,0,0
"67eb1f71eefa16dadba33cf4",73,"average",2,2,31,4,27,35,0,0
"67eb1f71eefa16dadba33cf4",74,"average",12,12,19.3333333333333,5.45180907793204,10,28,-0.206282093856245,0
"67eb1f71eefa16dadba33cf4",75,"average",6,6,19,4.32049379893857,13,25,0,0
"67eb1f71eefa16dadba33cf4",76,"average",12,12,22.3333333333333,5.45180907793204,13,31,-0.206282093856245,0
"67eb1f71eefa16dadba33cf4",77,"average",12,12,16.3333333333333,5.45180907793204,7,25,-0.206282093856245,0
"67eb1f71eefa16dadba33cf4",78,"average",2,2,34,4,30,38,0,0
"67eb1f71eefa16dadba33cf4",79,"average",6,6,28,4.32049379893857,22,34,0,0
"67eb1f71eefa16dadba33cf4",80,"average",8,8,15,5.47722557505166,7,23,0,0
"67eb1f71eefa16dadba33cf4",81,"average",6,6,32,4.32049379893857,26,38,0,0
"67eb1f71eefa16dadba33cf4",82,"average",6,6,22,4.32049379893857,16,28,0,0
"67eb1f71eefa16dadba33cf4",83,"average",6,6,29,4.32049379893857,23,35,0,0
"67eb1f71eefa16dadba33cf4",84,"average",12,12,23.3333333333333,5.45180907793204,14,32,-0.206282093856245,0
"67eb1f71eefa16dadba33cf4",85,"average",12,12,36.3333333333333,5.45180907793204,27,45,-0.206282093856247,0
"67eb1f71eefa16dadba33cf4",86,"average",8,8,22,5.47722557505166,14,30,0,0
"67eb1f71eefa16dadba33cf4",87,"average",8,8,15,5.47722557505166,7,23,0,0
"67eb1f71eefa16dadba33cf4",88,"average",8,8,21,5.47722557505166,13,29,0,0
"67eb1f71eefa16dadba33cf4",89,"average",2,2,24,4,20,28,0,0
"67eb1f71eefa16dadba33cf4",90,"average",12,12,20.3333333333333,5.45180907793204,11,29,-0.206282093856245,0
"67eb1f71eefa16dadba33cf4",91,"average",12,12,28.3333333333333,5.45180907793204,19,37,-0.206282093856245,0
"67eb1f71eefa16dadba33cf4",92,"average",8,8,35,5.47722557505166,27,43,0,0
"67eb1f71eefa16dadba33cf4",93,"average",2,2,26,4,22,30,0,0
"67eb1f71eefa16dadba33cf4",94,"average",8,8,29,5.47722557505166,21,37,0,0
"67eb1f71eefa16dadba33cf4",95,"average",6,6,36,4.32049379893857,30,42,0,0
"67eb1f71eefa16dadba33cf4",96,"average",2,2,18,4,14,22,0,0
"67eb1f71eefa16dadba33cf4",97,"average",2,2,16,4,12,20,0,0
"67eb1f71eefa16dadba33cf4",98,"average",12,12,18.3333333333333,5.45180907793204,9,27,-0.206282093856245,0
"67eb1f71eefa16dadba33cf4",99,"average",2,2,32,4,28,36,0,0
"67eb1f71eefa16dadba33cf4",100,"average",6,6,36,4.32049379893857,30,42,0,0
"67eb1f71eefa16dadba33cf4",101,"average",12,12,36.3333333333333,5.45180907793204,27,45,-0.206282093856247,0
"67eb1f71eefa16dadba33cf4",102,"average",2,2,14,4,10,18,0,0
"67eb1f71eefa16dadba33cf4",103,"average",8,8,16,5.47722557505166,8,24,0,0
"67eb1f71eefa16dadba33cf4",104,"average",12,12,23.3333333333333,5.45180907793204,14,32,-0.206282093856245,0
"67eb1f71eefa16dadba33cf4",105,"average",6,6,26,4.32049379893857,20,32,0,0
"67eb1f71eefa16dadba33cf4",106,"average",6,6,34,4.32049379893857,28,40,0,0
"67eb1f71eefa16dadba33cf4",107,"average",8,8,29,5.47722557505166,21,37,0,0
"67eb1f71eefa16dadba33cf4",108,"average",12,12,30.3333333333333,5.45180907793204,21,39,-0.206282093856245,0
"67eb1f71eefa16dadba33cf4",109,"average",2,2,32,4,28,36,0,0
"67eb1f71eefa16dadba33cf4",110,"average",2,2,33,4,29,37,0,0
"67eb1f71eefa16dadba33cf4",111,"average",8,8,36,5.47722557505166,28,44,0,0
"67eb1f71eefa16dadba33cf4",112,"average",8,8,24,5.47722557505166,16,32,0,0
"67eb1f71eefa16dadba33cf4",113,"average",12,12,33.3333333333333,5.45180907793204,24,42,-0.206282093856247,0
"67eb1f71eefa16dadba33cf4",114,"average",8,8,33,5.47722557505166,25,41,0,0
"67eb1f71eefa16dadba33cf4",115,"average",6,6,16,4.32049379893857,10,22,0,0
"67eb1f71eefa16dadba33cf4",116,"average",6,6,15,4.32049379893857,9,21,0,0
"62b473736986d2b27c1427d2",1,"average",4,4,10.75,4.71036092035419,5,18,0.44403164240276,0
"62b473736986d2b27c1427d2",2,"average",10,10,36.7,5.7974132162543,29,46,0.273932307545782,0
"62b473736986d2b27c1427d2",3,"average",10,10,35,4.69041575982343,29,43,0.407019549406165,0
"62b473736986d2b27c1427d2",4,"average",6,6,38.5,6.77618378341871,30,48,0.188018393192115,0
"62b473736986d2b27c1427d2",5,"average",10,10,39.1,4.45982062419555,30,46,-0.471987004173582,0
"62b473736986d2b27c1427d2",6,"average",8,8,39.125,4.72857007984443,30,46,-0.503762328034796,0
"62b473736986d2b27c1427d2",7,"average",6,6,40.3333333333333,6.74948557710553,30,47,-0.615524175473099,0
"62b473736986d2b27c1427d2",8,"average",8,8,39.875,6.21364426081828,29,48,-0.346572845487505,0
"62b473736986d2b27c1427d2",9,"average",10,10,9.5,4.63141447076376,2,17,-0.181188888288474,0
"62b473736986d2b27c1427d2",10,"average",10,10,9.1,6.15548535860496,1,19,0.244958503183201,1
"62b473736986d2b27c1427d2",11,"average",8,8,8.875,4.96078370824611,2,19,0.627493018428271,0
"62b473736986d2b27c1427d2",12,"average",8,8,39,6.44204936336256,29,48,-0.28053633459265,0
"62b473736986d2b27c1427d2",13,"average",10,10,11.6,5.58927544499285,1,19,-0.464168606953744,1
"62b473736986d2b27c1427d2",14,"average",7,7,36.5714285714286,3.95897327444315,31,43,0.084290884027198,0
"62b473736986d2b27c1427d2",15,"average",4,4,11.5,6.57647321898295,2,19,-0.316419574170051,0
"62b473736986d2b27c1427d2",16,"average",2,2,36.5,3.5,33,40,0,0
"62b473736986d2b27c1427d2",17,"average",11,11,8.72727272727273,4.3919535742477,3,18,0.737023103783737,0
"62b473736986d2b27c1427d2",18,"average",10,10,10,4.53872228716409,3,19,0.308029036361405,0
"62b473736986d2b27c1427d2",19,"average",6,6,38.5,6.65206734782504,30,48,0.0543563229290181,0
"62b473736986d2b27c1427d2",20,"average",12,12,8.16666666666667,4.6696419087073,2,19,0.827497904873768,0
"62b473736986d2b27c1427d2",21,"average",2,2,26,4,22,30,0,0
"62b473736986d2b27c1427d2",22,"average",6,6,36,4.32049379893857,30,42,0,0
"62b473736986d2b27c1427d2",23,"average",6,6,35,4.32049379893857,29,41,0,0
"62b473736986d2b27c1427d2",24,"average",8,8,33,5.47722557505166,25,41,0,0
"62b473736986d2b27c1427d2",25,"average",8,8,28,5.47722557505166,20,36,0,0
"62b473736986d2b27c1427d2",26,"average",12,12,27.3333333333333,5.45180907793204,18,36,-0.206282093856245,0
"62b473736986d2b27c1427d2",27,"average",2,2,19,4,15,23,0,0
"62b473736986d2b27c1427d2",28,"average",6,6,26,4.32049379893857,20,32,0,0
"62b473736986d2b27c1427d2",29,"average",12,12,22.3333333333333,5.45180907793204,13,31,-0.206282093856245,0
"62b473736986d2b27c1427d2",30,"average",2,2,29,4,25,33,0,0
"62b473736986d2b27c1427d2",31,"average",6,6,23,4.32049379893857,17,29,0,0
"62b473736986d2b27c1427d2",32,"average",8,8,29,5.47722557505166,21,37,0,0
"62b473736986d2b27c1427d2",33,"average",6,6,35,4.32049379893857,29,41,0,0
"62b473736986d2b27c1427d2",34,"average",8,8,16,5.47722557505166,8,24,0,0
"62b473736986d2b27c1427d2",35,"average",2,2,28,4,24,32,0,0
"62b473736986d2b27c1427d2",36,"average",6,6,17,4.32049379893857,11,23,0,0
"62b473736986d2b27c1427d2",37,"average",8,8,15,5.47722557505166,7,23,0,0
"62b473736986d2b27c1427d2",38,"average",12,12,17.3333333333333,5.45180907793204,8,26,-0.206282093856245,0
"62b473736986d2b27c1427d2",39,"average",12,12,14.3333333333333,5.45180907793204,5,23,-0.206282093856245,0
"62b473736986d2b27c1427d2",40,"average",2,2,26,4,22,30,0,0
"62b473736986d2b27c1427d2",41,"average",6,6,22,4.32049379893857,16,28,0,0
"62b473736986d2b27c1427d2",42,"average",8,8,35,5.47722557505166,27,43,0,0
"62b473736986d2b27c1427d2",43,"average",2,2,22,4,18,26,0,0
"62b473736986d2b27c1427d2",44,"average",12,12,23.3333333333333,5.45180907793204,14,32,-0.206282093856245,0
"62b473736986d2b27c1427d2",45,"average",6,6,23,4.32049379893857,17,29,0,0
"62b473736986d2b27c1427d2",46,"average",2,2,24,4,20,28,0,0
"62b473736986d2b27c1427d2",47,"average",2,2,24,4,20,28,0,0
"62b473736986d2b27c1427d2",48,"average",2,2,36,4,32,40,0,0
"62b473736986d2b27c1427d2",49,"average",2,2,25,4,21,29,0,0
"62b473736986d2b27c1427d2",50,"average",12,12,23.3333333333333,5.45180907793204,14,32,-0.206282093856245,0
"62b473736986d2b27c1427d2",51,"average",8,8,27,5.47722557505166,19,35,0,0
"62b473736986d2b27c1427d2",52,"average",8,8,14,5.47722557505166,6,22,0,0
"62b473736986d2b27c1427d2",53,"average",12,12,15.3333333333333,5.45180907793204,6,24,-0.206282093856245,0
"62b473736986d2b27c1427d2",54,"average",6,6,29,4.32049379893857,23,35,0,0
"62b473736986d2b27c1427d2",55,"average",12,12,30.3333333333333,5.45180907793204,21,39,-0.206282093856245,0
"62b473736986d2b27c1427d2",56,"average",12,12,19.3333333333333,5.45180907793204,10,28,-0.206282093856245,0
"62b473736986d2b27c1427d2",57,"average",6,6,35,4.32049379893857,29,41,0,0
"62b473736986d2b27c1427d2",58,"average",2,2,24,4,20,28,0,0
"62b473736986d2b27c1427d2",59,"average",8,8,21,5.47722557505166,13,29,0,0
"62b473736986d2b27c1427d2",60,"average",6,6,17,4.32049379893857,11,23,0,0
"62b473736986d2b27c1427d2",61,"average",6,6,26,4.32049379893857,20,32,0,0
"62b473736986d2b27c1427d2",62,"average",12,12,25.3333333333333,5.45180907793204,16,34,-0.206282093856245,0
"62b473736986d2b27c1427d2",63,"average",12,12,31.3333333333333,5.45180907793204,22,40,-0.206282093856245,0
"62b473736986d2b27c1427d2",64,"average",8,8,16,5.47722557505166,8,24,0,0
"62b473736986d2b27c1427d2",65,"average",8,8,27,5.47722557505166,19,35,0,0
"62b473736986d2b27c1427d2",66,"average",2,2,16,4,12,20,0,0
"62b473736986d2b27c1427d2",67,"average",8,8,15,5.47722557505166,7,23,0,0
"62b473736986d2b27c1427d2",68,"average",12,12,28.3333333333333,5.45180907793204,19,37,-0.206282093856245,0
"62b473736986d2b27c1427d2",69,"average",6,6,31,4.32049379893857,25,37,0,0
"62b473736986d2b27c1427d2",70,"average",8,8,22,5.47722557505166,14,30,0,0
"62b473736986d2b27c1427d2",71,"average",2,2,29,4,25,33,0,0
"62b473736986d2b27c1427d2",72,"average",12,12,19.3333333333333,5.45180907793204,10,28,-0.206282093856245,0
"62b473736986d2b27c1427d2",73,"average",6,6,16,4.32049379893857,10,22,0,0
"62b473736986d2b27c1427d2",74,"average",12,12,32.3333333333333,5.45180907793204,23,41,-0.206282093856247,0
"62b473736986d2b27c1427d2",75,"average",12,12,36.3333333333333,5.45180907793204,27,45,-0.206282093856247,0
"62b473736986d2b27c1427d2",76,"average",12,12,22.3333333333333,5.45180907793204,13,31,-0.206282093856245,0
"62b473736986d2b27c1427d2",77,"average",6,6,27,4.32049379893857,21,33,0,0
"62b473736986d2b27c1427d2",78,"average",12,12,24.3333333333333,5.45180907793204,15,33,-0.206282093856245,0
"62b473736986d2b27c1427d2",79,"average",8,8,32,5.47722557505166,24,40,0,0
"62b473736986d2b27c1427d2",80,"average",8,8,24,5.47722557505166,16,32,0,0
"62b473736986d2b27c1427d2",81,"average",8,8,36,5.47722557505166,28,44,0,0
"62b473736986d2b27c1427d2",82,"average",2,2,25,4,21,29,0,0
"62b473736986d2b27c1427d2",83,"average",2,2,25,4,21,29,0,0
"62b473736986d2b27c1427d2",84,"average",6,6,15,4.32049379893857,9,21,0,0
"62b473736986d2b27c1427d2",85,"average",8,8,19,5.47722557505166,11,27,0,0
"62b473736986d2b27c1427d2",86,"average",6,6,17,4.32049379893857,11,23,0,0
"62b473736986d2b27c1427d2",87,"average",6,6,26,4.32049379893857,20,32,0,0
"62b473736986d2b27c1427d2",88,"average",8,8,21,5.47722557505166,13,29,0,0
"62b473736986d2b27c1427d2",89,"average",6,6,25,4.32049379893857,19,31,0,0
"62b473736986d2b27c1427d2",90,"average",2,2,32,4,28,36,0,0
"62b473736986d2b27c1427d2",91,"average",2,2,18,4,14,22,0,0
"62b473736986d2b27c1427d2",92,"average",6,6,24,4.32049379893857,18,30,0,0
"62b473736986d2b27c1427d2",93,"average",12,12,26.3333333333333,5.45180907793204,17,35,-0.206282093856245,0
"62b473736986d2b27c1427d2",94,"average",12,12,36.3333333333333,5.45180907793204,27,45,-0.206282093856247,0
"62b473736986d2b27c1427d2",95,"average",12,12,16.3333333333333,5.45180907793204,7,25,-0.206282093856245,0
"62b473736986d2b27c1427d2",96,"average",2,2,22,4,18,26,0,0
"62b473736986d2b27c1427d2",97,"average",2,2,29,4,25,33,0,0
"62b473736986d2b27c1427d2",98,"average",8,8,20,5.47722557505166,12,28,0,0
"62b473736986d2b27c1427d2",99,"average",8,8,26,5.47722557505166,18,34,0,0
"62b473736986d2b27c1427d2",100,"average",8,8,25,5.47722557505166,17,33,0,0
"62b473736986d2b27c1427d2",101,"average",2,2,19,4,15,23,0,0
"62b473736986d2b27c1427d2",102,"average",6,6,30,4.32049379893857,24,36,0,0
"62b473736986d2b27c1427d2",103,"average",2,2,31,4,27,35,0,0
"62b473736986d2b27c1427d2",104,"average",8,8,21,5.47722557505166,13,29,0,0
"62b473736986d2b27c1427d2",105,"average",12,12,33.3333333333333,5.45180907793204,24,42,-0.206282093856247,0
"62b473736986d2b27c1427d2",106,"average",2,2,33,4,29,37,0,0
"62b473736986d2b27c1427d2",107,"average",6,6,20,4.32049379893857,14,26,0,0
"62b473736986d2b27c1427d2",108,"average",6,6,17,4.32049379893857,11,23,0,0
"62b473736986d2b27c1427d2",109,"average",6,6,29,4.32049379893857,23,35,0,0
"62b473736986d2b27c1427d2",110,"average",12,12,23.3333333333333,5.45180907793204,14,32,-0.206282093856245,0
"62b473736986d2b27c1427d2",111,"average",2,2,36,4,32,40,0,0
"62b473736986d2b27c1427d2",112,"average",12,12,15.3333333333333,5.45180907793204,6,24,-0.206282093856245,0
"62b473736986d2b27c1427d2",113,"average",8,8,35,5.47722557505166,27,43,0,0
"62b473736986d2b27c1427d2",114,"average",12,12,16.3333333333333,5.45180907793204,7,25,-0.206282093856245,0
"62b473736986d2b27c1427d2",115,"average",2,2,36,4,32,40,0,0
"62b473736986d2b27c1427d2",116,"average",8,8,15,5.47722557505166,7,23,0,0
"67c758c1c0984b56a597d24d",1,"average",8,8,9.5,4.89897948556636,1,17,-0.124388151000708,1
"67c758c1c0984b56a597d24d",2,"average",8,8,12.125,4.53975494933372,5,19,-0.0011272664107956,0
"67c758c1c0984b56a597d24d",3,"average",9,9,37.4444444444444,4.8099690715363,30,46,0.223235916920103,0
"67c758c1c0984b56a597d24d",4,"average",8,8,9.375,5.54385921538417,1,19,0.313968076535582,1
"67c758c1c0984b56a597d24d",5,"average",4,4,33.5,5.02493781056044,29,42,0.993066819536306,0
"67c758c1c0984b56a597d24d",6,"average",2,2,41,5,36,46,0,0
"67c758c1c0984b56a597d24d",7,"average",6,6,40.3333333333333,6.0736223860962,31,48,-0.346319464877111,0
"67c758c1c0984b56a597d24d",8,"average",3,3,44.3333333333333,2.86744175568088,41,48,0.172800544078648,0
"67c758c1c0984b56a597d24d",9,"average",10,10,39.8,4.46766158073774,33,48,0.111960226118786,0
"67c758c1c0984b56a597d24d",10,"average",10,10,11.6,5.86856030044848,1,20,-0.601682571565606,1
"67c758c1c0984b56a597d24d",11,"average",10,10,10.3,4.98096376216491,4,20,0.554663130422133,0
"67c758c1c0984b56a597d24d",12,"average",8,8,37.5,6.61437827766148,29,47,0.150321870408241,0
"67c758c1c0984b56a597d24d",13,"average",8,8,40.375,4.94816885322237,31,47,-0.373269525141463,0
"67c758c1c0984b56a597d24d",14,"average",8,8,10.375,6.04022971417478,1,19,-0.00781696662614204,1
"67c758c1c0984b56a597d24d",15,"average",9,9,9.88888888888889,5.8584117006507,1,20,0.102771598872654,1
"67c758c1c0984b56a597d24d",16,"average",9,9,10.3333333333333,5.39547135207955,3,18,0.11790115710214,0
"67c758c1c0984b56a597d24d",17,"average",4,4,7.75,6.83282518435822,1,19,0.833150407150662,1
"67c758c1c0984b56a597d24d",18,"average",5,5,7,4.89897948556636,2,16,0.969589689851675,0
"67c758c1c0984b56a597d24d",19,"average",6,6,9.83333333333333,4.81028989655394,2,17,-0.149073517429295,0
"67c758c1c0984b56a597d24d",20,"average",6,6,7.66666666666667,4.78423336480244,1,16,0.370689021195929,1
"67c758c1c0984b56a597d24d",21,"average",12,12,34.3333333333333,5.45180907793204,25,43,-0.206282093856247,0
"67c758c1c0984b56a597d24d",22,"average",2,2,31,4,27,35,0,0
"67c758c1c0984b56a597d24d",23,"average",6,6,30,4.32049379893857,24,36,0,0
"67c758c1c0984b56a597d24d",24,"average",12,12,34.3333333333333,5.45180907793204,25,43,-0.206282093856247,0
"67c758c1c0984b56a597d24d",25,"average",8,8,23,5.47722557505166,15,31,0,0
"67c758c1c0984b56a597d24d",26,"average",8,8,21,5.47722557505166,13,29,0,0
"67c758c1c0984b56a597d24d",27,"average",6,6,33,4.32049379893857,27,39,0,0
"67c758c1c0984b56a597d24d",28,"average",8,8,30,5.47722557505166,22,38,0,0
"67c758c1c0984b56a597d24d",29,"average",6,6,33,4.32049379893857,27,39,0,0
"67c758c1c0984b56a597d24d",30,"average",6,6,18,4.32049379893857,12,24,0,0
"67c758c1c0984b56a597d24d",31,"average",2,2,36,4,32,40,0,0
"67c758c1c0984b56a597d24d",32,"average",8,8,23,5.47722557505166,15,31,0,0
"67c758c1c0984b56a597d24d",33,"average",2,2,26,4,22,30,0,0
"67c758c1c0984b56a597d24d",34,"average",12,12,20.3333333333333,5.45180907793204,11,29,-0.206282093856245,0
"67c758c1c0984b56a597d24d",35,"average",12,12,28.3333333333333,5.45180907793204,19,37,-0.206282093856245,0
"67c758c1c0984b56a597d24d",36,"average",6,6,33,4.32049379893857,27,39,0,0
"67c758c1c0984b56a597d24d",37,"average",2,2,23,4,19,27,0,0
"67c758c1c0984b56a597d24d",38,"average",8,8,32,5.47722557505166,24,40,0,0
"67c758c1c0984b56a597d24d",39,"average",12,12,22.3333333333333,5.45180907793204,13,31,-0.206282093856245,0
"67c758c1c0984b56a597d24d",40,"average",8,8,19,5.47722557505166,11,27,0,0
"67c758c1c0984b56a597d24d",41,"average",2,2,20,4,16,24,0,0
"67c758c1c0984b56a597d24d",42,"average",6,6,32,4.32049379893857,26,38,0,0
"67c758c1c0984b56a597d24d",43,"average",12,12,27.3333333333333,5.45180907793204,18,36,-0.206282093856245,0
"67c758c1c0984b56a597d24d",44,"average",2,2,31,4,27,35,0,0
"67c758c1c0984b56a597d24d",45,"average",6,6,32,4.32049379893857,26,38,0,0
"67c758c1c0984b56a597d24d",46,"average",6,6,34,4.32049379893857,28,40,0,0
"67c758c1c0984b56a597d24d",47,"average",6,6,25,4.32049379893857,19,31,0,0
"67c758c1c0984b56a597d24d",48,"average",12,12,36.3333333333333,5.45180907793204,27,45,-0.206282093856247,0
"67c758c1c0984b56a597d24d",49,"average",8,8,29,5.47722557505166,21,37,0,0
"67c758c1c0984b56a597d24d",50,"average",2,2,15,4,11,19,0,0
"67c758c1c0984b56a597d24d",51,"average",12,12,26.3333333333333,5.45180907793204,17,35,-0.206282093856245,0
"67c758c1c0984b56a597d24d",52,"average",8,8,26,5.47722557505166,18,34,0,0
"67c758c1c0984b56a597d24d",53,"average",2,2,27,4,23,31,0,0
"67c758c1c0984b56a597d24d",54,"average",8,8,27,5.47722557505166,19,35,0,0
"67c758c1c0984b56a597d24d",55,"average",12,12,14.3333333333333,5.45180907793204,5,23,-0.206282093856245,0
"67c758c1c0984b56a597d24d",56,"average",2,2,23,4,19,27,0,0
"67c758c1c0984b56a597d24d",57,"average",2,2,15,4,11,19,0,0
"67c758c1c0984b56a597d24d",58,"average",8,8,17,5.47722557505166,9,25,0,0
"67c758c1c0984b56a597d24d",59,"average",2,2,22,4,18,26,0,0
"67c758c1c0984b56a597d24d",60,"average",12,12,32.3333333333333,5.45180907793204,23,41,-0.206282093856247,0
"67c758c1c0984b56a597d24d",61,"average",12,12,35.3333333333333,5.45180907793204,26,44,-0.206282093856247,0
"67c758c1c0984b56a597d24d",62,"average",12,12,36.3333333333333,5.45180907793204,27,45,-0.206282093856247,0
"67c758c1c0984b56a597d24d",63,"average",6,6,15,4.32049379893857,9,21,0,0
"67c758c1c0984b56a597d24d",64,"average",2,2,23,4,19,27,0,0
"67c758c1c0984b56a597d24d",65,"average",6,6,36,4.32049379893857,30,42,0,0
"67c758c1c0984b56a597d24d",66,"average",8,8,22,5.47722557505166,14,30,0,0
"67c758c1c0984b56a597d24d",67,"average",8,8,16,5.47722557505166,8,24,0,0
"67c758c1c0984b56a597d24d",68,"average",6,6,14,4.32049379893857,8,20,0,0
"67c758c1c0984b56a597d24d",69,"average",12,12,18.3333333333333,5.45180907793204,9,27,-0.206282093856245,0
"67c758c1c0984b56a597d24d",70,"average",12,12,32.3333333333333,5.45180907793204,23,41,-0.206282093856247,0
"67c758c1c0984b56a597d24d",71,"average",6,6,16,4.32049379893857,10,22,0,0
"67c758c1c0984b56a597d24d",72,"average",8,8,15,5.47722557505166,7,23,0,0
"67c758c1c0984b56a597d24d",73,"average",2,2,23,4,19,27,0,0
"67c758c1c0984b56a597d24d",74,"average",6,6,21,4.32049379893857,15,27,0,0
"67c758c1c0984b56a597d24d",75,"average",12,12,36.3333333333333,5.45180907793204,27,45,-0.206282093856247,0
"67c758c1c0984b56a597d24d",76,"average",2,2,24,4,20,28,0,0
"67c758c1c0984b56a597d24d",77,"average",12,12,30.3333333333333,5.45180907793204,21,39,-0.206282093856245,0
"67c758c1c0984b56a597d24d",78,"average",2,2,20,4,16,24,0,0
"67c758c1c0984b56a597d24d",79,"average",12,12,31.3333333333333,5.45180907793204,22,40,-0.206282093856245,0
"67c758c1c0984b56a597d24d",80,"average",2,2,27,4,23,31,0,0
"67c758c1c0984b56a597d24d",81,"average",8,8,31,5.47722557505166,23,39,0,0
"67c758c1c0984b56a597d24d",82,"average",8,8,27,5.47722557505166,19,35,0,0
"67c758c1c0984b56a597d24d",83,"average",2,2,24,4,20,28,0,0
"67c758c1c0984b56a597d24d",84,"average",8,8,23,5.47722557505166,15,31,0,0
"67c758c1c0984b56a597d24d",85,"average",2,2,21,4,17,25,0,0
"67c758c1c0984b56a597d24d",86,"average",12,12,35.3333333333333,5.45180907793204,26,44,-0.206282093856247,0
"67c758c1c0984b56a597d24d",87,"average",6,6,15,4.32049379893857,9,21,0,0
"67c758c1c0984b56a597d24d",88,"average",6,6,18,4.32049379893857,12,24,0,0
"67c758c1c0984b56a597d24d",89,"average",6,6,22,4.32049379893857,16,28,0,0
"67c758c1c0984b56a597d24d",90,"average",12,12,32.3333333333333,5.45180907793204,23,41,-0.206282093856247,0
"67c758c1c0984b56a597d24d",91,"average",2,2,30,4,26,34,0,0
"67c758c1c0984b56a597d24d",92,"average",12,12,30.3333333333333,5.45180907793204,21,39,-0.206282093856245,0
"67c758c1c0984b56a597d24d",93,"average",2,2,16,4,12,20,0,0
"67c758c1c0984b56a597d24d",94,"average",6,6,23,4.32049379893857,17,29,0,0
"67c758c1c0984b56a597d24d",95,"average",6,6,24,4.32049379893857,18,30,0,0
"67c758c1c0984b56a597d24d",96,"average",12,12,26.3333333333333,5.45180907793204,17,35,-0.206282093856245,0
"67c758c1c0984b56a597d24d",97,"average",8,8,36,5.47722557505166,28,44,0,0
"67c758c1c0984b56a597d24d",98,"average",2,2,33,4,29,37,0,0
"67c758c1c0984b56a597d24d",99,"average",2,2,17,4,13,21,0,0
"67c758c1c0984b56a597d24d",100,"average",12,12,24.3333333333333,5.45180907793204,15,33,-0.206282093856245,0
"67c758c1c0984b56a597d24d",101,"average",6,6,20,4.32049379893857,14,26,0,0
"67c758c1c0984b56a597d24d",102,"average",8,8,30,5.47722557505166,22,38,0,0
"67c758c1c0984b56a597d24d",103,"average",6,6,21,4.32049379893857,15,27,0,0
"67c758c1c0984b56a597d24d",104,"average",8,8,16,5.47722557505166,8,24,0,0
"67c758c1c0984b56a597d24d",105,"average",8,8,21,5.47722557505166,13,29,0,0
"67c758c1c0984b56a597d24d",106,"average",6,6,16,4.32049379893857,10,22,0,0
"67c758c1c0984b56a597d24d",107,"average",8,8,21,5.47722557505166,13,29,0,0
"67c758c1c0984b56a597d24d",108,"average",8,8,30,5.47722557505166,22,38,0,0
"67c758c1c0984b56a597d24d",109,"average",12,12,27.3333333333333,5.45180907793204,18,36,-0.206282093856245,0
"67c758c1c0984b56a597d24d",110,"average",2,2,20,4,16,24,0,0
"67c758c1c0984b56a597d24d",111,"average",6,6,35,4.32049379893857,29,41,0,0
"67c758c1c0984b56a597d24d",112,"average",8,8,33,5.47722557505166,25,41,0,0
"67c758c1c0984b56a597d24d",113,"average",6,6,32,4.32049379893857,26,38,0,0
"67c758c1c0984b56a597d24d",114,"average",2,2,18,4,14,22,0,0
"67c758c1c0984b56a597d24d",115,"average",12,12,14.3333333333333,5.45180907793204,5,23,-0.206282093856245,0
"67c758c1c0984b56a597d24d",116,"average",8,8,21,5.47722557505166,13,29,0,0
"6705565ffd67124adcd513ec",1,"average",6,6,37.6666666666667,4.60675832036175,31,43,-0.225785583640985,0
"6705565ffd67124adcd513ec",2,"average",10,10,40.4,5.29528091794949,29,48,-0.592081029620889,0
"6705565ffd67124adcd513ec",3,"average",3,3,39.6666666666667,5.55777733351102,32,45,-0.555748967876573,0
"6705565ffd67124adcd513ec",4,"average",6,6,37.8333333333333,4.6696419087073,31,46,0.341183751547952,0
"6705565ffd67124adcd513ec",5,"average",9,9,39,5.96284793999944,29,48,-0.0345891765269498,0
"6705565ffd67124adcd513ec",6,"average",3,3,39.6666666666667,4.02768199119819,34,43,-0.674555484545764,0
"6705565ffd67124adcd513ec",7,"average",2,2,32.5,2.5,30,35,0,0
"6705565ffd67124adcd513ec",8,"average",8,8,9.625,5.24255424387769,2,17,-0.0166727159889339,0
"6705565ffd67124adcd513ec",9,"average",2,2,15,5,10,20,0,0
"6705565ffd67124adcd513ec",10,"average",2,2,14.5,5.5,9,20,0,0
"6705565ffd67124adcd513ec",11,"average",2,2,13.5,2.5,11,16,0,0
"6705565ffd67124adcd513ec",12,"average",2,2,34,2,32,36,0,0
"6705565ffd67124adcd513ec",13,"average",9,9,11.2222222222222,6.19637488604386,2,20,-0.103899678355123,0
"6705565ffd67124adcd513ec",14,"average",3,3,12.6666666666667,3.85861230093008,9,18,0.56731657799373,0
"6705565ffd67124adcd513ec",15,"average",2,2,40,2,38,42,0,0
"6705565ffd67124adcd513ec",16,"average",10,10,40.4,5.27636238330917,31,48,-0.123027548882524,0
"6705565ffd67124adcd513ec",17,"average",7,7,10.7142857142857,5.77468083754507,2,20,0.196030935487977,0
"6705565ffd67124adcd513ec",18,"average",4,4,11.5,6.10327780786685,3,20,0,0
"6705565ffd67124adcd513ec",19,"average",4,4,35.75,3.89711431702997,32,42,0.720697866889656,0
"6705565ffd67124adcd513ec",20,"average",3,3,38.3333333333333,4.02768199119819,35,44,0.674555484545764,0
"6705565ffd67124adcd513ec",21,"average",2,2,14,4,10,18,0,0
"6705565ffd67124adcd513ec",22,"average",2,2,24,4,20,28,0,0
"6705565ffd67124adcd513ec",23,"average",12,12,31.3333333333333,5.45180907793204,22,40,-0.206282093856245,0
"6705565ffd67124adcd513ec",24,"average",12,12,27.3333333333333,5.45180907793204,18,36,-0.206282093856245,0
"6705565ffd67124adcd513ec",25,"average",2,2,27,4,23,31,0,0
"6705565ffd67124adcd513ec",26,"average",6,6,25,4.32049379893857,19,31,0,0
"6705565ffd67124adcd513ec",27,"average",6,6,30,4.32049379893857,24,36,0,0
"6705565ffd67124adcd513ec",28,"average",12,12,19.3333333333333,5.45180907793204,10,28,-0.206282093856245,0
"6705565ffd67124adcd513ec",29,"average",12,12,31.3333333333333,5.45180907793204,22,40,-0.206282093856245,0
"6705565ffd67124adcd513ec",30,"average",12,12,36.3333333333333,5.45180907793204,27,45,-0.206282093856247,0
"6705565ffd67124adcd513ec",31,"average",2,2,28,4,24,32,0,0
"6705565ffd67124adcd513ec",32,"average",2,2,36,4,32,40,0,0
"6705565ffd67124adcd513ec",33,"average",2,2,16,4,12,20,0,0
"6705565ffd67124adcd513ec",34,"average",12,12,15.3333333333333,5.45180907793204,6,24,-0.206282093856245,0
"6705565ffd67124adcd513ec",35,"average",2,2,27,4,23,31,0,0
"6705565ffd67124adcd513ec",36,"average",12,12,19.3333333333333,5.45180907793204,10,28,-0.206282093856245,0
"6705565ffd67124adcd513ec",37,"average",8,8,29,5.47722557505166,21,37,0,0
"6705565ffd67124adcd513ec",38,"average",12,12,36.3333333333333,5.45180907793204,27,45,-0.206282093856247,0
"6705565ffd67124adcd513ec",39,"average",12,12,35.3333333333333,5.45180907793204,26,44,-0.206282093856247,0
"6705565ffd67124adcd513ec",40,"average",2,2,30,4,26,34,0,0
"6705565ffd67124adcd513ec",41,"average",8,8,34,5.47722557505166,26,42,0,0
"6705565ffd67124adcd513ec",42,"average",6,6,26,4.32049379893857,20,32,0,0
"6705565ffd67124adcd513ec",43,"average",2,2,22,4,18,26,0,0
"6705565ffd67124adcd513ec",44,"average",6,6,23,4.32049379893857,17,29,0,0
"6705565ffd67124adcd513ec",45,"average",2,2,26,4,22,30,0,0
"6705565ffd67124adcd513ec",46,"average",6,6,16,4.32049379893857,10,22,0,0
"6705565ffd67124adcd513ec",47,"average",8,8,22,5.47722557505166,14,30,0,0
"6705565ffd67124adcd513ec",48,"average",12,12,26.3333333333333,5.45180907793204,17,35,-0.206282093856245,0
"6705565ffd67124adcd513ec",49,"average",6,6,30,4.32049379893857,24,36,0,0
"6705565ffd67124adcd513ec",50,"average",6,6,21,4.32049379893857,15,27,0,0
"6705565ffd67124adcd513ec",51,"average",6,6,20,4.32049379893857,14,26,0,0
"6705565ffd67124adcd513ec",52,"average",8,8,15,5.47722557505166,7,23,0,0
"6705565ffd67124adcd513ec",53,"average",8,8,33,5.47722557505166,25,41,0,0
"6705565ffd67124adcd513ec",54,"average",2,2,18,4,14,22,0,0
"6705565ffd67124adcd513ec",55,"average",12,12,21.3333333333333,5.45180907793204,12,30,-0.206282093856245,0
"6705565ffd67124adcd513ec",56,"average",8,8,17,5.47722557505166,9,25,0,0
"6705565ffd67124adcd513ec",57,"average",12,12,15.3333333333333,5.45180907793204,6,24,-0.206282093856245,0
"6705565ffd67124adcd513ec",58,"average",2,2,34,4,30,38,0,0
"6705565ffd67124adcd513ec",59,"average",8,8,21,5.47722557505166,13,29,0,0
"6705565ffd67124adcd513ec",60,"average",8,8,19,5.47722557505166,11,27,0,0
"6705565ffd67124adcd513ec",61,"average",8,8,27,5.47722557505166,19,35,0,0
"6705565ffd67124adcd513ec",62,"average",6,6,18,4.32049379893857,12,24,0,0
"6705565ffd67124adcd513ec",63,"average",8,8,29,5.47722557505166,21,37,0,0
"6705565ffd67124adcd513ec",64,"average",6,6,31,4.32049379893857,25,37,0,0
"6705565ffd67124adcd513ec",65,"average",6,6,26,4.32049379893857,20,32,0,0
"6705565ffd67124adcd513ec",66,"average",8,8,28,5.47722557505166,20,36,0,0
"6705565ffd67124adcd513ec",67,"average",8,8,17,5.47722557505166,9,25,0,0
"6705565ffd67124adcd513ec",68,"average",6,6,30,4.32049379893857,24,36,0,0
"6705565ffd67124adcd513ec",69,"average",8,8,21,5.47722557505166,13,29,0,0
"6705565ffd67124adcd513ec",70,"average",6,6,18,4.32049379893857,12,24,0,0
"6705565ffd67124adcd513ec",71,"average",2,2,24,4,20,28,0,0
"6705565ffd67124adcd513ec",72,"average",6,6,19,4.32049379893857,13,25,0,0
"6705565ffd67124adcd513ec",73,"average",2,2,16,4,12,20,0,0
"6705565ffd67124adcd513ec",74,"average",2,2,30,4,26,34,0,0
"6705565ffd67124adcd513ec",75,"average",8,8,24,5.47722557505166,16,32,0,0
"6705565ffd67124adcd513ec",76,"average",12,12,16.3333333333333,5.45180907793204,7,25,-0.206282093856245,0
"6705565ffd67124adcd513ec",77,"average",2,2,35,4,31,39,0,0
"6705565ffd67124adcd513ec",78,"average",2,2,27,4,23,31,0,0
"6705565ffd67124adcd513ec",79,"average",2,2,26,4,22,30,0,0
"6705565ffd67124adcd513ec",80,"average",6,6,14,4.32049379893857,8,20,0,0
"6705565ffd67124adcd513ec",81,"average",8,8,14,5.47722557505166,6,22,0,0
"6705565ffd67124adcd513ec",82,"average",8,8,15,5.47722557505166,7,23,0,0
"6705565ffd67124adcd513ec",83,"average",12,12,26.3333333333333,5.45180907793204,17,35,-0.206282093856245,0
"6705565ffd67124adcd513ec",84,"average",12,12,25.3333333333333,5.45180907793204,16,34,-0.206282093856245,0
"6705565ffd67124adcd513ec",85,"average",12,12,14.3333333333333,5.45180907793204,5,23,-0.206282093856245,0
"6705565ffd67124adcd513ec",86,"average",12,12,20.3333333333333,5.45180907793204,11,29,-0.206282093856245,0
"6705565ffd67124adcd513ec",87,"average",8,8,29,5.47722557505166,21,37,0,0
"6705565ffd67124adcd513ec",88,"average",6,6,16,4.32049379893857,10,22,0,0
"6705565ffd67124adcd513ec",89,"average",6,6,23,4.32049379893857,17,29,0,0
"6705565ffd67124adcd513ec",90,"average",12,12,29.3333333333333,5.45180907793204,20,38,-0.206282093856245,0
"6705565ffd67124adcd513ec",91,"average",12,12,20.3333333333333,5.45180907793204,11,29,-0.206282093856245,0
"6705565ffd67124adcd513ec",92,"average",8,8,31,5.47722557505166,23,39,0,0
"6705565ffd67124adcd513ec",93,"average",12,12,29.3333333333333,5.45180907793204,20,38,-0.206282093856245,0
"6705565ffd67124adcd513ec",94,"average",8,8,27,5.47722557505166,19,35,0,0
"6705565ffd67124adcd513ec",95,"average",2,2,26,4,22,30,0,0
"6705565ffd67124adcd513ec",96,"average",8,8,22,5.47722557505166,14,30,0,0
"6705565ffd67124adcd513ec",97,"average",2,2,36,4,32,40,0,0
"6705565ffd67124adcd513ec",98,"average",12,12,16.3333333333333,5.45180907793204,7,25,-0.206282093856245,0
"6705565ffd67124adcd513ec",99,"average",8,8,28,5.47722557505166,20,36,0,0
"6705565ffd67124adcd513ec",100,"average",2,2,22,4,18,26,0,0
"6705565ffd67124adcd513ec",101,"average",8,8,17,5.47722557505166,9,25,0,0
"6705565ffd67124adcd513ec",102,"average",2,2,20,4,16,24,0,0
"6705565ffd67124adcd513ec",103,"average",6,6,24,4.32049379893857,18,30,0,0
"6705565ffd67124adcd513ec",104,"average",6,6,15,4.32049379893857,9,21,0,0
"6705565ffd67124adcd513ec",105,"average",8,8,30,5.47722557505166,22,38,0,0
"6705565ffd67124adcd513ec",106,"average",6,6,25,4.32049379893857,19,31,0,0
"6705565ffd67124adcd513ec",107,"average",2,2,31,4,27,35,0,0
"6705565ffd67124adcd513ec",108,"average",12,12,26.3333333333333,5.45180907793204,17,35,-0.206282093856245,0
"6705565ffd67124adcd513ec",109,"average",12,12,26.3333333333333,5.45180907793204,17,35,-0.206282093856245,0
"6705565ffd67124adcd513ec",110,"average",8,8,35,5.47722557505166,27,43,0,0
"6705565ffd67124adcd513ec",111,"average",6,6,31,4.32049379893857,25,37,0,0
"6705565ffd67124adcd513ec",112,"average",6,6,27,4.32049379893857,21,33,0,0
"6705565ffd67124adcd513ec",113,"average",2,2,17,4,13,21,0,0
"6705565ffd67124adcd513ec",114,"average",6,6,36,4.32049379893857,30,42,0,0
"6705565ffd67124adcd513ec",115,"average",12,12,16.3333333333333,5.45180907793204,7,25,-0.206282093856245,0
"6705565ffd67124adcd513ec",116,"average",6,6,25,4.32049379893857,19,31,0,0
"60e37439f7c69f9e2d4466eb",1,"average",6,6,9.16666666666667,6.20259802197613,1,17,0.00807083875085193,1
"60e37439f7c69f9e2d4466eb",2,"average",7,7,11.1428571428571,5.76760835376753,2,20,0.0381106297785928,0
"60e37439f7c69f9e2d4466eb",3,"average",10,10,37.9,5.37494186015067,30,47,0.460890300106196,0
"60e37439f7c69f9e2d4466eb",4,"average",8,8,13.125,5.01092556320686,6,20,0.0751624572707461,0
"60e37439f7c69f9e2d4466eb",5,"average",12,12,38.75,5.30919014539883,29,46,-0.358120603118332,0
"60e37439f7c69f9e2d4466eb",6,"average",10,10,37.5,5.69649014745045,29,47,0.131457152839662,0
"60e37439f7c69f9e2d4466eb",7,"average",6,6,40.8333333333333,5.69844033242625,32,47,-0.399511014414356,0
"60e37439f7c69f9e2d4466eb",8,"average",4,4,40.25,6.05702071979286,31,47,-0.48727719078808,0
"60e37439f7c69f9e2d4466eb",9,"average",5,5,41.2,5.2687759489278,33,48,-0.29306469547911,0
"60e37439f7c69f9e2d4466eb",10,"average",11,11,39.2727272727273,5.92515299520012,29,48,-0.165716433688053,0
"60e37439f7c69f9e2d4466eb",11,"average",6,6,41.8333333333333,6.36177822799744,29,48,-1.11049845757599,0
"60e37439f7c69f9e2d4466eb",12,"average",2,2,5,1,4,6,0,0
"60e37439f7c69f9e2d4466eb",13,"average",9,9,39.6666666666667,5.16397779494322,29,47,-0.529845638335319,0
"60e37439f7c69f9e2d4466eb",14,"average",7,7,37.8571428571429,6.64247310717867,29,46,-0.123130868830253,0
"60e37439f7c69f9e2d4466eb",15,"average",3,3,7.66666666666667,7.31816613336672,2,18,0.697217201821331,0
"60e37439f7c69f9e2d4466eb",16,"average",12,12,10.3333333333333,5.39032054293208,1,18,-0.330479311169825,1
"60e37439f7c69f9e2d4466eb",17,"average",8,8,11.125,4.8331537322953,2,17,-0.528228600796518,0
"60e37439f7c69f9e2d4466eb",18,"average",10,10,37.8,5.49181208709839,30,47,0.158808882620539,0
"60e37439f7c69f9e2d4466eb",19,"average",10,10,38.7,5.71051661410769,30,48,0.181913917304035,0
"60e37439f7c69f9e2d4466eb",20,"average",5,5,11.2,4.16653333119993,7,18,0.605217523952676,0
"60e37439f7c69f9e2d4466eb",21,"average",8,8,28,5.47722557505166,20,36,0,0
"60e37439f7c69f9e2d4466eb",22,"average",12,12,24.3333333333333,5.45180907793204,15,33,-0.206282093856245,0
"60e37439f7c69f9e2d4466eb",23,"average",2,2,16,4,12,20,0,0
"60e37439f7c69f9e2d4466eb",24,"average",6,6,16,4.32049379893857,10,22,0,0
"60e37439f7c69f9e2d4466eb",25,"average",12,12,30.3333333333333,5.45180907793204,21,39,-0.206282093856245,0
"60e37439f7c69f9e2d4466eb",26,"average",12,12,27.3333333333333,5.45180907793204,18,36,-0.206282093856245,0
"60e37439f7c69f9e2d4466eb",27,"average",6,6,14,4.32049379893857,8,20,0,0
"60e37439f7c69f9e2d4466eb",28,"average",6,6,31,4.32049379893857,25,37,0,0
"60e37439f7c69f9e2d4466eb",29,"average",12,12,21.3333333333333,5.45180907793204,12,30,-0.206282093856245,0
"60e37439f7c69f9e2d4466eb",30,"average",8,8,14,5.47722557505166,6,22,0,0
"60e37439f7c69f9e2d4466eb",31,"average",2,2,33,4,29,37,0,0
"60e37439f7c69f9e2d4466eb",32,"average",12,12,31.3333333333333,5.45180907793204,22,40,-0.206282093856245,0
"60e37439f7c69f9e2d4466eb",33,"average",6,6,15,4.32049379893857,9,21,0,0
"60e37439f7c69f9e2d4466eb",34,"average",2,2,34,4,30,38,0,0
"60e37439f7c69f9e2d4466eb",35,"average",2,2,25,4,21,29,0,0
"60e37439f7c69f9e2d4466eb",36,"average",2,2,33,4,29,37,0,0
"60e37439f7c69f9e2d4466eb",37,"average",8,8,25,5.47722557505166,17,33,0,0
"60e37439f7c69f9e2d4466eb",38,"average",6,6,14,4.32049379893857,8,20,0,0
"60e37439f7c69f9e2d4466eb",39,"average",6,6,31,4.32049379893857,25,37,0,0
"60e37439f7c69f9e2d4466eb",40,"average",2,2,19,4,15,23,0,0
"60e37439f7c69f9e2d4466eb",41,"average",2,2,32,4,28,36,0,0
"60e37439f7c69f9e2d4466eb",42,"average",8,8,33,5.47722557505166,25,41,0,0
"60e37439f7c69f9e2d4466eb",43,"average",2,2,19,4,15,23,0,0
"60e37439f7c69f9e2d4466eb",44,"average",2,2,16,4,12,20,0,0
"60e37439f7c69f9e2d4466eb",45,"average",6,6,32,4.32049379893857,26,38,0,0
"60e37439f7c69f9e2d4466eb",46,"average",12,12,35.3333333333333,5.45180907793204,26,44,-0.206282093856247,0
"60e37439f7c69f9e2d4466eb",47,"average",8,8,17,5.47722557505166,9,25,0,0
"60e37439f7c69f9e2d4466eb",48,"average",8,8,36,5.47722557505166,28,44,0,0
"60e37439f7c69f9e2d4466eb",49,"average",8,8,23,5.47722557505166,15,31,0,0
"60e37439f7c69f9e2d4466eb",50,"average",12,12,34.3333333333333,5.45180907793204,25,43,-0.206282093856247,0
"60e37439f7c69f9e2d4466eb",51,"average",6,6,26,4.32049379893857,20,32,0,0
"60e37439f7c69f9e2d4466eb",52,"average",6,6,30,4.32049379893857,24,36,0,0
"60e37439f7c69f9e2d4466eb",53,"average",12,12,36.3333333333333,5.45180907793204,27,45,-0.206282093856247,0
"60e37439f7c69f9e2d4466eb",54,"average",6,6,22,4.32049379893857,16,28,0,0
"60e37439f7c69f9e2d4466eb",55,"average",12,12,26.3333333333333,5.45180907793204,17,35,-0.206282093856245,0
"60e37439f7c69f9e2d4466eb",56,"average",2,2,21,4,17,25,0,0
"60e37439f7c69f9e2d4466eb",57,"average",12,12,36.3333333333333,5.45180907793204,27,45,-0.206282093856247,0
"60e37439f7c69f9e2d4466eb",58,"average",2,2,23,4,19,27,0,0
"60e37439f7c69f9e2d4466eb",59,"average",12,12,28.3333333333333,5.45180907793204,19,37,-0.206282093856245,0
"60e37439f7c69f9e2d4466eb",60,"average",6,6,17,4.32049379893857,11,23,0,0
"60e37439f7c69f9e2d4466eb",61,"average",8,8,34,5.47722557505166,26,42,0,0
"60e37439f7c69f9e2d4466eb",62,"average",8,8,18,5.47722557505166,10,26,0,0
"60e37439f7c69f9e2d4466eb",63,"average",12,12,32.3333333333333,5.45180907793204,23,41,-0.206282093856247,0
"60e37439f7c69f9e2d4466eb",64,"average",2,2,16,4,12,20,0,0
"60e37439f7c69f9e2d4466eb",65,"average",6,6,15,4.32049379893857,9,21,0,0
"60e37439f7c69f9e2d4466eb",66,"average",8,8,20,5.47722557505166,12,28,0,0
"60e37439f7c69f9e2d4466eb",67,"average",8,8,16,5.47722557505166,8,24,0,0
"60e37439f7c69f9e2d4466eb",68,"average",8,8,19,5.47722557505166,11,27,0,0
"60e37439f7c69f9e2d4466eb",69,"average",2,2,29,4,25,33,0,0
"60e37439f7c69f9e2d4466eb",70,"average",12,12,17.3333333333333,5.45180907793204,8,26,-0.206282093856245,0
"60e37439f7c69f9e2d4466eb",71,"average",8,8,16,5.47722557505166,8,24,0,0
"60e37439f7c69f9e2d4466eb",72,"average",2,2,18,4,14,22,0,0
"60e37439f7c69f9e2d4466eb",73,"average",12,12,28.3333333333333,5.45180907793204,19,37,-0.206282093856245,0
"60e37439f7c69f9e2d4466eb",74,"average",12,12,32.3333333333333,5.45180907793204,23,41,-0.206282093856247,0
"60e37439f7c69f9e2d4466eb",75,"average",2,2,26,4,22,30,0,0
"60e37439f7c69f9e2d4466eb",76,"average",2,2,29,4,25,33,0,0
"60e37439f7c69f9e2d4466eb",77,"average",8,8,29,5.47722557505166,21,37,0,0
"60e37439f7c69f9e2d4466eb",78,"average",2,2,24,4,20,28,0,0
"60e37439f7c69f9e2d4466eb",79,"average",8,8,24,5.47722557505166,16,32,0,0
"60e37439f7c69f9e2d4466eb",80,"average",6,6,27,4.32049379893857,21,33,0,0
"60e37439f7c69f9e2d4466eb",81,"average",6,6,23,4.32049379893857,17,29,0,0
"60e37439f7c69f9e2d4466eb",82,"average",2,2,32,4,28,36,0,0
"60e37439f7c69f9e2d4466eb",83,"average",12,12,22.3333333333333,5.45180907793204,13,31,-0.206282093856245,0
"60e37439f7c69f9e2d4466eb",84,"average",12,12,23.3333333333333,5.45180907793204,14,32,-0.206282093856245,0
"60e37439f7c69f9e2d4466eb",85,"average",2,2,24,4,20,28,0,0
"60e37439f7c69f9e2d4466eb",86,"average",12,12,35.3333333333333,5.45180907793204,26,44,-0.206282093856247,0
"60e37439f7c69f9e2d4466eb",87,"average",12,12,14.3333333333333,5.45180907793204,5,23,-0.206282093856245,0
"60e37439f7c69f9e2d4466eb",88,"average",2,2,17,4,13,21,0,0
"60e37439f7c69f9e2d4466eb",89,"average",6,6,33,4.32049379893857,27,39,0,0
"60e37439f7c69f9e2d4466eb",90,"average",8,8,22,5.47722557505166,14,30,0,0
"60e37439f7c69f9e2d4466eb",91,"average",12,12,28.3333333333333,5.45180907793204,19,37,-0.206282093856245,0
"60e37439f7c69f9e2d4466eb",92,"average",2,2,23,4,19,27,0,0
"60e37439f7c69f9e2d4466eb",93,"average",8,8,16,5.47722557505166,8,24,0,0
"60e37439f7c69f9e2d4466eb",94,"average",2,2,23,4,19,27,0,0
"60e37439f7c69f9e2d4466eb",95,"average",12,12,19.3333333333333,5.45180907793204,10,28,-0.206282093856245,0
"60e37439f7c69f9e2d4466eb",96,"average",8,8,28,5.47722557505166,20,36,0,0
"60e37439f7c69f9e2d4466eb",97,"average",12,12,20.3333333333333,5.45180907793204,11,29,-0.206282093856245,0
"60e37439f7c69f9e2d4466eb",98,"average",12,12,16.3333333333333,5.45180907793204,7,25,-0.206282093856245,0
"60e37439f7c69f9e2d4466eb",99,"average",2,2,33,4,29,37,0,0
"60e37439f7c69f9e2d4466eb",100,"average",8,8,33,5.47722557505166,25,41,0,0
"60e37439f7c69f9e2d4466eb",101,"average",8,8,23,5.47722557505166,15,31,0,0
"60e37439f7c69f9e2d4466eb",102,"average",6,6,32,4.32049379893857,26,38,0,0
"60e37439f7c69f9e2d4466eb",103,"average",6,6,20,4.32049379893857,14,26,0,0
"60e37439f7c69f9e2d4466eb",104,"average",8,8,23,5.47722557505166,15,31,0,0
"60e37439f7c69f9e2d4466eb",105,"average",6,6,21,4.32049379893857,15,27,0,0
"60e37439f7c69f9e2d4466eb",106,"average",2,2,14,4,10,18,0,0
"60e37439f7c69f9e2d4466eb",107,"average",12,12,15.3333333333333,5.45180907793204,6,24,-0.206282093856245,0
"60e37439f7c69f9e2d4466eb",108,"average",6,6,19,4.32049379893857,13,25,0,0
"60e37439f7c69f9e2d4466eb",109,"average",6,6,34,4.32049379893857,28,40,0,0
"60e37439f7c69f9e2d4466eb",110,"average",8,8,15,5.47722557505166,7,23,0,0
"60e37439f7c69f9e2d4466eb",111,"average",8,8,24,5.47722557505166,16,32,0,0
"60e37439f7c69f9e2d4466eb",112,"average",6,6,26,4.32049379893857,20,32,0,0
"60e37439f7c69f9e2d4466eb",113,"average",6,6,18,4.32049379893857,12,24,0,0
"60e37439f7c69f9e2d4466eb",114,"average",6,6,35,4.32049379893857,29,41,0,0
"60e37439f7c69f9e2d4466eb",115,"average",8,8,14,5.47722557505166,6,22,0,0
"60e37439f7c69f9e2d4466eb",116,"average",6,6,26,4.32049379893857,20,32,0,0
"67eaa46b7bb6cbefdcbde74c",1,"average",10,10,8.5,4.86312656631513,1,17,0.247798197176014,1
"67eaa46b7bb6cbefdcbde74c",2,"average",7,7,38.5714285714286,5.55124549363584,31,47,0.179458052425727,0
"67eaa46b7bb6cbefdcbde74c",3,"average",3,3,34.3333333333333,4.49691252107735,29,40,0.110780117654844,0
"67eaa46b7bb6cbefdcbde74c",4,"average",8,8,38.75,6.51440711039769,30,48,0.146836655940042,0
"67eaa46b7bb6cbefdcbde74c",5,"average",8,8,11.5,5.78791845139511,1,19,-0.493178616096821,1
"67eaa46b7bb6cbefdcbde74c",6,"average",12,12,37.5,5.96517672272443,29,48,0.348627608100475,0
"67eaa46b7bb6cbefdcbde74c",7,"average",2,2,38.5,7.5,31,46,0,0
"67eaa46b7bb6cbefdcbde74c",8,"average",7,7,8.14285714285714,4.91146098219174,1,17,0.311830757301669,1
"67eaa46b7bb6cbefdcbde74c",9,"average",2,2,31,2,29,33,0,0
"67eaa46b7bb6cbefdcbde74c",10,"average",4,4,9,6.51920240520265,3,20,0.974496691711953,0
"67eaa46b7bb6cbefdcbde74c",11,"average",10,10,12.8,4.51220566907139,3,19,-0.652846135012375,0
"67eaa46b7bb6cbefdcbde74c",12,"average",3,3,12.6666666666667,4.10960933531265,8,18,0.239063146929545,0
"67eaa46b7bb6cbefdcbde74c",13,"average",3,3,6.66666666666667,4.02768199119819,1,10,-0.674555484545766,1
"67eaa46b7bb6cbefdcbde74c",14,"average",10,10,40,5.56776436283002,29,47,-0.451910114777047,0
"67eaa46b7bb6cbefdcbde74c",15,"average",7,7,39.2857142857143,3.8438925848782,34,44,-0.203276575907373,0
"67eaa46b7bb6cbefdcbde74c",16,"average",7,7,37.5714285714286,5.948760803902,29,47,0.047530637521949,0
"67eaa46b7bb6cbefdcbde74c",17,"average",8,8,9.125,6.56577299333445,1,20,0.359329926052966,1
"67eaa46b7bb6cbefdcbde74c",18,"average",3,3,12,7.78888096369861,1,18,-0.698375089427149,1
"67eaa46b7bb6cbefdcbde74c",19,"average",11,11,9.72727272727273,5.24128556559984,1,19,0.13919677907051,1
"67eaa46b7bb6cbefdcbde74c",20,"average",4,4,8.75,5.35607132140714,1,16,-0.134841785869364,1
"67eaa46b7bb6cbefdcbde74c",21,"average",6,6,36,4.32049379893857,30,42,0,0
"67eaa46b7bb6cbefdcbde74c",22,"average",2,2,32,4,28,36,0,0
"67eaa46b7bb6cbefdcbde74c",23,"average",12,12,29.3333333333333,5.45180907793204,20,38,-0.206282093856245,0
"67eaa46b7bb6cbefdcbde74c",24,"average",2,2,27,4,23,31,0,0
"67eaa46b7bb6cbefdcbde74c",25,"average",8,8,16,5.47722557505166,8,24,0,0
"67eaa46b7bb6cbefdcbde74c",26,"average",8,8,21,5.47722557505166,13,29,0,0
"67eaa46b7bb6cbefdcbde74c",27,"average",2,2,18,4,14,22,0,0
"67eaa46b7bb6cbefdcbde74c",28,"average",2,2,26,4,22,30,0,0
"67eaa46b7bb6cbefdcbde74c",29,"average",2,2,36,4,32,40,0,0
"67eaa46b7bb6cbefdcbde74c",30,"average",12,12,20.3333333333333,5.45180907793204,11,29,-0.206282093856245,0
"67eaa46b7bb6cbefdcbde74c",31,"average",2,2,31,4,27,35,0,0
"67eaa46b7bb6cbefdcbde74c",32,"average",12,12,35.3333333333333,5.45180907793204,26,44,-0.206282093856247,0
"67eaa46b7bb6cbefdcbde74c",33,"average",12,12,23.3333333333333,5.45180907793204,14,32,-0.206282093856245,0
"67eaa46b7bb6cbefdcbde74c",34,"average",8,8,25,5.47722557505166,17,33,0,0
"67eaa46b7bb6cbefdcbde74c",35,"average",6,6,16,4.32049379893857,10,22,0,0
"67eaa46b7bb6cbefdcbde74c",36,"average",6,6,17,4.32049379893857,11,23,0,0
"67eaa46b7bb6cbefdcbde74c",37,"average",2,2,26,4,22,30,0,0
"67eaa46b7bb6cbefdcbde74c",38,"average",8,8,30,5.47722557505166,22,38,0,0
"67eaa46b7bb6cbefdcbde74c",39,"average",12,12,19.3333333333333,5.45180907793204,10,28,-0.206282093856245,0
"67eaa46b7bb6cbefdcbde74c",40,"average",6,6,28,4.32049379893857,22,34,0,0
"67eaa46b7bb6cbefdcbde74c",41,"average",8,8,14,5.47722557505166,6,22,0,0
"67eaa46b7bb6cbefdcbde74c",42,"average",6,6,18,4.32049379893857,12,24,0,0
"67eaa46b7bb6cbefdcbde74c",43,"average",8,8,19,5.47722557505166,11,27,0,0
"67eaa46b7bb6cbefdcbde74c",44,"average",8,8,28,5.47722557505166,20,36,0,0
"67eaa46b7bb6cbefdcbde74c",45,"average",6,6,21,4.32049379893857,15,27,0,0
"67eaa46b7bb6cbefdcbde74c",46,"average",8,8,31,5.47722557505166,23,39,0,0
"67eaa46b7bb6cbefdcbde74c",47,"average",12,12,14.3333333333333,5.45180907793204,5,23,-0.206282093856245,0
"67eaa46b7bb6cbefdcbde74c",48,"average",12,12,20.3333333333333,5.45180907793204,11,29,-0.206282093856245,0
"67eaa46b7bb6cbefdcbde74c",49,"average",6,6,34,4.32049379893857,28,40,0,0
"67eaa46b7bb6cbefdcbde74c",50,"average",12,12,18.3333333333333,5.45180907793204,9,27,-0.206282093856245,0
"67eaa46b7bb6cbefdcbde74c",51,"average",6,6,28,4.32049379893857,22,34,0,0
"67eaa46b7bb6cbefdcbde74c",52,"average",6,6,27,4.32049379893857,21,33,0,0
"67eaa46b7bb6cbefdcbde74c",53,"average",8,8,19,5.47722557505166,11,27,0,0
"67eaa46b7bb6cbefdcbde74c",54,"average",2,2,21,4,17,25,0,0
"67eaa46b7bb6cbefdcbde74c",55,"average",12,12,24.3333333333333,5.45180907793204,15,33,-0.206282093856245,0
"67eaa46b7bb6cbefdcbde74c",56,"average",12,12,34.3333333333333,5.45180907793204,25,43,-0.206282093856247,0
"67eaa46b7bb6cbefdcbde74c",57,"average",2,2,22,4,18,26,0,0
"67eaa46b7bb6cbefdcbde74c",58,"average",2,2,26,4,22,30,0,0
"67eaa46b7bb6cbefdcbde74c",59,"average",12,12,25.3333333333333,5.45180907793204,16,34,-0.206282093856245,0
"67eaa46b7bb6cbefdcbde74c",60,"average",6,6,18,4.32049379893857,12,24,0,0
"67eaa46b7bb6cbefdcbde74c",61,"average",6,6,22,4.32049379893857,16,28,0,0
"67eaa46b7bb6cbefdcbde74c",62,"average",2,2,25,4,21,29,0,0
"67eaa46b7bb6cbefdcbde74c",63,"average",8,8,19,5.47722557505166,11,27,0,0
"67eaa46b7bb6cbefdcbde74c",64,"average",6,6,36,4.32049379893857,30,42,0,0
"67eaa46b7bb6cbefdcbde74c",65,"average",8,8,25,5.47722557505166,17,33,0,0
"67eaa46b7bb6cbefdcbde74c",66,"average",2,2,29,4,25,33,0,0
"67eaa46b7bb6cbefdcbde74c",67,"average",12,12,20.3333333333333,5.45180907793204,11,29,-0.206282093856245,0
"67eaa46b7bb6cbefdcbde74c",68,"average",8,8,15,5.47722557505166,7,23,0,0
"67eaa46b7bb6cbefdcbde74c",69,"average",12,12,24.3333333333333,5.45180907793204,15,33,-0.206282093856245,0
"67eaa46b7bb6cbefdcbde74c",70,"average",6,6,20,4.32049379893857,14,26,0,0
"67eaa46b7bb6cbefdcbde74c",71,"average",8,8,32,5.47722557505166,24,40,0,0
"67eaa46b7bb6cbefdcbde74c",72,"average",12,12,15.3333333333333,5.45180907793204,6,24,-0.206282093856245,0
"67eaa46b7bb6cbefdcbde74c",73,"average",2,2,25,4,21,29,0,0
"67eaa46b7bb6cbefdcbde74c",74,"average",2,2,21,4,17,25,0,0
"67eaa46b7bb6cbefdcbde74c",75,"average",2,2,31,4,27,35,0,0
"67eaa46b7bb6cbefdcbde74c",76,"average",2,2,19,4,15,23,0,0
"67eaa46b7bb6cbefdcbde74c",77,"average",8,8,16,5.47722557505166,8,24,0,0
"67eaa46b7bb6cbefdcbde74c",78,"average",12,12,16.3333333333333,5.45180907793204,7,25,-0.206282093856245,0
"67eaa46b7bb6cbefdcbde74c",79,"average",12,12,27.3333333333333,5.45180907793204,18,36,-0.206282093856245,0
"67eaa46b7bb6cbefdcbde74c",80,"average",6,6,36,4.32049379893857,30,42,0,0
"67eaa46b7bb6cbefdcbde74c",81,"average",8,8,22,5.47722557505166,14,30,0,0
"67eaa46b7bb6cbefdcbde74c",82,"average",6,6,15,4.32049379893857,9,21,0,0
"67eaa46b7bb6cbefdcbde74c",83,"average",6,6,23,4.32049379893857,17,29,0,0
"67eaa46b7bb6cbefdcbde74c",84,"average",6,6,22,4.32049379893857,16,28,0,0
"67eaa46b7bb6cbefdcbde74c",85,"average",2,2,33,4,29,37,0,0
"67eaa46b7bb6cbefdcbde74c",86,"average",12,12,31.3333333333333,5.45180907793204,22,40,-0.206282093856245,0
"67eaa46b7bb6cbefdcbde74c",87,"average",8,8,17,5.47722557505166,9,25,0,0
"67eaa46b7bb6cbefdcbde74c",88,"average",2,2,34,4,30,38,0,0
"67eaa46b7bb6cbefdcbde74c",89,"average",8,8,19,5.47722557505166,11,27,0,0
"67eaa46b7bb6cbefdcbde74c",90,"average",8,8,32,5.47722557505166,24,40,0,0
"67eaa46b7bb6cbefdcbde74c",91,"average",8,8,14,5.47722557505166,6,22,0,0
"67eaa46b7bb6cbefdcbde74c",92,"average",6,6,19,4.32049379893857,13,25,0,0
"67eaa46b7bb6cbefdcbde74c",93,"average",6,6,17,4.32049379893857,11,23,0,0
"67eaa46b7bb6cbefdcbde74c",94,"average",12,12,21.3333333333333,5.45180907793204,12,30,-0.206282093856245,0
"67eaa46b7bb6cbefdcbde74c",95,"average",12,12,27.3333333333333,5.45180907793204,18,36,-0.206282093856245,0
"67eaa46b7bb6cbefdcbde74c",96,"average",12,12,14.3333333333333,5.45180907793204,5,23,-0.206282093856245,0
"67eaa46b7bb6cbefdcbde74c",97,"average",6,6,16,4.32049379893857,10,22,0,0
"67eaa46b7bb6cbefdcbde74c",98,"average",6,6,25,4.32049379893857,19,31,0,0
"67eaa46b7bb6cbefdcbde74c",99,"average",2,2,21,4,17,25,0,0
"67eaa46b7bb6cbefdcbde74c",100,"average",8,8,24,5.47722557505166,16,32,0,0
"67eaa46b7bb6cbefdcbde74c",101,"average",2,2,18,4,14,22,0,0
"67eaa46b7bb6cbefdcbde74c",102,"average",6,6,33,4.32049379893857,27,39,0,0
"67eaa46b7bb6cbefdcbde74c",103,"average",8,8,32,5.47722557505166,24,40,0,0
"67eaa46b7bb6cbefdcbde74c",104,"average",2,2,15,4,11,19,0,0
"67eaa46b7bb6cbefdcbde74c",105,"average",12,12,32.3333333333333,5.45180907793204,23,41,-0.206282093856247,0
"67eaa46b7bb6cbefdcbde74c",106,"average",2,2,33,4,29,37,0,0
"67eaa46b7bb6cbefdcbde74c",107,"average",2,2,27,4,23,31,0,0
"67eaa46b7bb6cbefdcbde74c",108,"average",12,12,30.3333333333333,5.45180907793204,21,39,-0.206282093856245,0
"67eaa46b7bb6cbefdcbde74c",109,"average",8,8,36,5.47722557505166,28,44,0,0
"67eaa46b7bb6cbefdcbde74c",110,"average",2,2,34,4,30,38,0,0
"67eaa46b7bb6cbefdcbde74c",111,"average",6,6,27,4.32049379893857,21,33,0,0
"67eaa46b7bb6cbefdcbde74c",112,"average",6,6,24,4.32049379893857,18,30,0,0
"67eaa46b7bb6cbefdcbde74c",113,"average",8,8,27,5.47722557505166,19,35,0,0
"67eaa46b7bb6cbefdcbde74c",114,"average",12,12,36.3333333333333,5.45180907793204,27,45,-0.206282093856247,0
"67eaa46b7bb6cbefdcbde74c",115,"average",8,8,17,5.47722557505166,9,25,0,0
"67eaa46b7bb6cbefdcbde74c",116,"average",12,12,16.3333333333333,5.45180907793204,7,25,-0.206282093856245,0
"55ec49b67480920010aaa4e8",1,"average",5,5,42,6.92820323027551,29,48,-1.10057395064272,0
"55ec49b67480920010aaa4e8",2,"average",10,10,38.9,4.74236228055175,32,48,0.191719661409167,0
"55ec49b67480920010aaa4e8",3,"average",5,5,41,4.93963561409139,33,47,-0.477900785023622,0
"55ec49b67480920010aaa4e8",4,"average",10,10,38.2,4.09389789809174,32,46,0.197278303369517,0
"55ec49b67480920010aaa4e8",5,"average",8,8,11.625,5.95687627872193,3,20,-0.0610397671205345,0
"55ec49b67480920010aaa4e8",6,"average",4,4,11.25,5.76085931090146,3,18,-0.278030555653963,0
"55ec49b67480920010aaa4e8",7,"average",6,6,41.1666666666667,6.03922364399781,33,48,-0.136536550685341,0
"55ec49b67480920010aaa4e8",8,"average",9,9,38.6666666666667,5.84997625826141,30,48,0.036260183418977,0
"55ec49b67480920010aaa4e8",9,"average",11,11,39.5454545454545,5.03377025451168,30,47,-0.172399031047285,0
"55ec49b67480920010aaa4e8",10,"average",5,5,33.8,3.31058907144937,29,38,-0.253995858217648,0
"55ec49b67480920010aaa4e8",11,"average",12,12,37.5,6.13052471924984,29,47,0.0911436362211175,0
"55ec49b67480920010aaa4e8",12,"average",9,9,11.2222222222222,5.11593974809837,1,20,-0.347805133061467,1
"55ec49b67480920010aaa4e8",13,"average",10,10,11.5,6.1196405123177,1,19,-0.481716298231107,1
"55ec49b67480920010aaa4e8",14,"average",4,4,40,6.04152298679729,32,48,0,0
"55ec49b67480920010aaa4e8",15,"average",8,8,37.75,5.60691537300145,30,47,0.192002319252219,0
"55ec49b67480920010aaa4e8",16,"average",7,7,36,5.95219047314276,29,48,0.955191856951077,0
"55ec49b67480920010aaa4e8",17,"average",10,10,10.4,5.78273291792038,2,19,-0.190262848045459,0
"55ec49b67480920010aaa4e8",18,"average",11,11,39.1818181818182,5.99724454635296,30,48,0.0438871334366076,0
"55ec49b67480920010aaa4e8",19,"average",9,9,38.6666666666667,6.14636297152859,30,48,0.0350916917059603,0
"55ec49b67480920010aaa4e8",20,"average",2,2,40,5,35,45,0,0
"55ec49b67480920010aaa4e8",21,"average",8,8,29,5.47722557505166,21,37,0,0
"55ec49b67480920010aaa4e8",22,"average",6,6,19,4.32049379893857,13,25,0,0
"55ec49b67480920010aaa4e8",23,"average",2,2,16,4,12,20,0,0
"55ec49b67480920010aaa4e8",24,"average",6,6,22,4.32049379893857,16,28,0,0
"55ec49b67480920010aaa4e8",25,"average",8,8,33,5.47722557505166,25,41,0,0
"55ec49b67480920010aaa4e8",26,"average",12,12,19.3333333333333,5.45180907793204,10,28,-0.206282093856245,0
"55ec49b67480920010aaa4e8",27,"average",8,8,35,5.47722557505166,27,43,0,0
"55ec49b67480920010aaa4e8",28,"average",2,2,36,4,32,40,0,0
"55ec49b67480920010aaa4e8",29,"average",12,12,26.3333333333333,5.45180907793204,17,35,-0.206282093856245,0
"55ec49b67480920010aaa4e8",30,"average",8,8,19,5.47722557505166,11,27,0,0
"55ec49b67480920010aaa4e8",31,"average",6,6,19,4.32049379893857,13,25,0,0
"55ec49b67480920010aaa4e8",32,"average",2,2,36,4,32,40,0,0
"55ec49b67480920010aaa4e8",33,"average",2,2,20,4,16,24,0,0
"55ec49b67480920010aaa4e8",34,"average",8,8,25,5.47722557505166,17,33,0,0
"55ec49b67480920010aaa4e8",35,"average",2,2,24,4,20,28,0,0
"55ec49b67480920010aaa4e8",36,"average",6,6,16,4.32049379893857,10,22,0,0
"55ec49b67480920010aaa4e8",37,"average",2,2,31,4,27,35,0,0
"55ec49b67480920010aaa4e8",38,"average",12,12,19.3333333333333,5.45180907793204,10,28,-0.206282093856245,0
"55ec49b67480920010aaa4e8",39,"average",8,8,14,5.47722557505166,6,22,0,0
"55ec49b67480920010aaa4e8",40,"average",12,12,15.3333333333333,5.45180907793204,6,24,-0.206282093856245,0
"55ec49b67480920010aaa4e8",41,"average",12,12,17.3333333333333,5.45180907793204,8,26,-0.206282093856245,0
"55ec49b67480920010aaa4e8",42,"average",8,8,20,5.47722557505166,12,28,0,0
"55ec49b67480920010aaa4e8",43,"average",6,6,22,4.32049379893857,16,28,0,0
"55ec49b67480920010aaa4e8",44,"average",6,6,28,4.32049379893857,22,34,0,0
"55ec49b67480920010aaa4e8",45,"average",6,6,33,4.32049379893857,27,39,0,0
"55ec49b67480920010aaa4e8",46,"average",12,12,22.3333333333333,5.45180907793204,13,31,-0.206282093856245,0
"55ec49b67480920010aaa4e8",47,"average",12,12,16.3333333333333,5.45180907793204,7,25,-0.206282093856245,0
"55ec49b67480920010aaa4e8",48,"average",12,12,16.3333333333333,5.45180907793204,7,25,-0.206282093856245,0
"55ec49b67480920010aaa4e8",49,"average",8,8,15,5.47722557505166,7,23,0,0
"55ec49b67480920010aaa4e8",50,"average",12,12,35.3333333333333,5.45180907793204,26,44,-0.206282093856247,0
"55ec49b67480920010aaa4e8",51,"average",6,6,23,4.32049379893857,17,29,0,0
"55ec49b67480920010aaa4e8",52,"average",12,12,33.3333333333333,5.45180907793204,24,42,-0.206282093856247,0
"55ec49b67480920010aaa4e8",53,"average",6,6,18,4.32049379893857,12,24,0,0
"55ec49b67480920010aaa4e8",54,"average",6,6,31,4.32049379893857,25,37,0,0
"55ec49b67480920010aaa4e8",55,"average",2,2,36,4,32,40,0,0
"55ec49b67480920010aaa4e8",56,"average",2,2,18,4,14,22,0,0
"55ec49b67480920010aaa4e8",57,"average",2,2,33,4,29,37,0,0
"55ec49b67480920010aaa4e8",58,"average",6,6,33,4.32049379893857,27,39,0,0
"55ec49b67480920010aaa4e8",59,"average",12,12,15.3333333333333,5.45180907793204,6,24,-0.206282093856245,0
"55ec49b67480920010aaa4e8",60,"average",2,2,25,4,21,29,0,0
"55ec49b67480920010aaa4e8",61,"average",8,8,23,5.47722557505166,15,31,0,0
"55ec49b67480920010aaa4e8",62,"average",8,8,29,5.47722557505166,21,37,0,0
"55ec49b67480920010aaa4e8",63,"average",6,6,18,4.32049379893857,12,24,0,0
"55ec49b67480920010aaa4e8",64,"average",2,2,32,4,28,36,0,0
"55ec49b67480920010aaa4e8",65,"average",12,12,20.3333333333333,5.45180907793204,11,29,-0.206282093856245,0
"55ec49b67480920010aaa4e8",66,"average",8,8,20,5.47722557505166,12,28,0,0
"55ec49b67480920010aaa4e8",67,"average",2,2,20,4,16,24,0,0
"55ec49b67480920010aaa4e8",68,"average",8,8,25,5.47722557505166,17,33,0,0
"55ec49b67480920010aaa4e8",69,"average",2,2,34,4,30,38,0,0
"55ec49b67480920010aaa4e8",70,"average",2,2,28,4,24,32,0,0
"55ec49b67480920010aaa4e8",71,"average",12,12,23.3333333333333,5.45180907793204,14,32,-0.206282093856245,0
"55ec49b67480920010aaa4e8",72,"average",2,2,22,4,18,26,0,0
"55ec49b67480920010aaa4e8",73,"average",12,12,25.3333333333333,5.45180907793204,16,34,-0.206282093856245,0
"55ec49b67480920010aaa4e8",74,"average",6,6,35,4.32049379893857,29,41,0,0
"55ec49b67480920010aaa4e8",75,"average",2,2,20,4,16,24,0,0
"55ec49b67480920010aaa4e8",76,"average",8,8,33,5.47722557505166,25,41,0,0
"55ec49b67480920010aaa4e8",77,"average",12,12,17.3333333333333,5.45180907793204,8,26,-0.206282093856245,0
"55ec49b67480920010aaa4e8",78,"average",12,12,28.3333333333333,5.45180907793204,19,37,-0.206282093856245,0
"55ec49b67480920010aaa4e8",79,"average",12,12,26.3333333333333,5.45180907793204,17,35,-0.206282093856245,0
"55ec49b67480920010aaa4e8",80,"average",8,8,30,5.47722557505166,22,38,0,0
"55ec49b67480920010aaa4e8",81,"average",8,8,34,5.47722557505166,26,42,0,0
"55ec49b67480920010aaa4e8",82,"average",12,12,19.3333333333333,5.45180907793204,10,28,-0.206282093856245,0
"55ec49b67480920010aaa4e8",83,"average",12,12,22.3333333333333,5.45180907793204,13,31,-0.206282093856245,0
"55ec49b67480920010aaa4e8",84,"average",8,8,21,5.47722557505166,13,29,0,0
"55ec49b67480920010aaa4e8",85,"average",6,6,16,4.32049379893857,10,22,0,0
"55ec49b67480920010aaa4e8",86,"average",12,12,31.3333333333333,5.45180907793204,22,40,-0.206282093856245,0
"55ec49b67480920010aaa4e8",87,"average",2,2,30,4,26,34,0,0
"55ec49b67480920010aaa4e8",88,"average",8,8,33,5.47722557505166,25,41,0,0
"55ec49b67480920010aaa4e8",89,"average",8,8,15,5.47722557505166,7,23,0,0
"55ec49b67480920010aaa4e8",90,"average",6,6,36,4.32049379893857,30,42,0,0
"55ec49b67480920010aaa4e8",91,"average",2,2,21,4,17,25,0,0
"55ec49b67480920010aaa4e8",92,"average",8,8,30,5.47722557505166,22,38,0,0
"55ec49b67480920010aaa4e8",93,"average",8,8,25,5.47722557505166,17,33,0,0
"55ec49b67480920010aaa4e8",94,"average",6,6,23,4.32049379893857,17,29,0,0
"55ec49b67480920010aaa4e8",95,"average",6,6,25,4.32049379893857,19,31,0,0
"55ec49b67480920010aaa4e8",96,"average",6,6,32,4.32049379893857,26,38,0,0
"55ec49b67480920010aaa4e8",97,"average",2,2,16,4,12,20,0,0
"55ec49b67480920010aaa4e8",98,"average",6,6,29,4.32049379893857,23,35,0,0
"55ec49b67480920010aaa4e8",99,"average",6,6,26,4.32049379893857,20,32,0,0
"55ec49b67480920010aaa4e8",100,"average",6,6,28,4.32049379893857,22,34,0,0
"55ec49b67480920010aaa4e8",101,"average",6,6,26,4.32049379893857,20,32,0,0
"55ec49b67480920010aaa4e8",102,"average",2,2,23,4,19,27,0,0
"55ec49b67480920010aaa4e8",103,"average",2,2,36,4,32,40,0,0
"55ec49b67480920010aaa4e8",104,"average",12,12,35.3333333333333,5.45180907793204,26,44,-0.206282093856247,0
"55ec49b67480920010aaa4e8",105,"average",2,2,18,4,14,22,0,0
"55ec49b67480920010aaa4e8",106,"average",2,2,28,4,24,32,0,0
"55ec49b67480920010aaa4e8",107,"average",2,2,18,4,14,22,0,0
"55ec49b67480920010aaa4e8",108,"average",12,12,21.3333333333333,5.45180907793204,12,30,-0.206282093856245,0
"55ec49b67480920010aaa4e8",109,"average",6,6,36,4.32049379893857,30,42,0,0
"55ec49b67480920010aaa4e8",110,"average",8,8,21,5.47722557505166,13,29,0,0
"55ec49b67480920010aaa4e8",111,"average",12,12,35.3333333333333,5.45180907793204,26,44,-0.206282093856247,0
"55ec49b67480920010aaa4e8",112,"average",8,8,14,5.47722557505166,6,22,0,0
"55ec49b67480920010aaa4e8",113,"average",8,8,29,5.47722557505166,21,37,0,0
"55ec49b67480920010aaa4e8",114,"average",6,6,23,4.32049379893857,17,29,0,0
"55ec49b67480920010aaa4e8",115,"average",8,8,20,5.47722557505166,12,28,0,0
"55ec49b67480920010aaa4e8",116,"average",12,12,34.3333333333333,5.45180907793204,25,43,-0.206282093856247,0
"67ec1478d81b19d683842861",1,"average",6,6,36.6666666666667,4.64279609239471,31,44,0.312348807151224,0
"67ec1478d81b19d683842861",2,"average",7,7,10.2857142857143,6.83926240204904,1,18,-0.245076225297514,1
"67ec1478d81b19d683842861",3,"average",2,2,39.5,0.5,39,40,0,0
"67ec1478d81b19d683842861",4,"average",9,9,8,4.54606056566195,2,18,0.894074346420509,0
"67ec1478d81b19d683842861",5,"average",11,11,37.9090909090909,5.6641543612528,30,46,0.00863271091276073,0
"67ec1478d81b19d683842861",6,"average",9,9,8.88888888888889,4.65342035363821,1,15,-0.233790615872124,1
"67ec1478d81b19d683842861",7,"average",8,8,37.375,4.99843725578305,30,46,0.432123802759106,0
"67ec1478d81b19d683842861",8,"average",2,2,11.5,3.5,8,15,0,0
"67ec1478d81b19d683842861",9,"average",7,7,14,4.40778532015472,6,20,-0.330297926780625,0
"67ec1478d81b19d683842861",10,"average",4,4,42.25,3.69966214673719,37,47,-0.16847151077905,0
"67ec1478d81b19d683842861",11,"average",11,11,8.90909090909091,5.10711705643205,2,17,0.216515999579276,0
"67ec1478d81b19d683842861",12,"average",9,9,36.3333333333333,4.52155332208351,30,45,0.467166632816873,0
"67ec1478d81b19d683842861",13,"average",8,8,41.375,5.63332716962187,31,47,-0.948866114722849,0
"67ec1478d81b19d683842861",14,"average",12,12,11.9166666666667,5.69295373441786,2,20,-0.173328467504554,0
"67ec1478d81b19d683842861",15,"average",12,12,10,6.53197264742181,1,20,0.242198082477341,1
"67ec1478d81b19d683842861",16,"average",12,12,10,6.31136540958716,1,20,0.0994420417819794,1
"67ec1478d81b19d683842861",17,"average",11,11,37.3636363636364,5.70920671567548,29,46,0.0421739872201298,0
"67ec1478d81b19d683842861",18,"average",11,11,10.1818181818182,5.5073204475858,1,19,-0.00655780392893111,1
"67ec1478d81b19d683842861",19,"average",11,11,38,6.7689128978132,29,48,0.0791433268239213,0
"67ec1478d81b19d683842861",20,"average",12,12,9.41666666666667,5.28296528686515,1,19,0.115005935418895,1
"67ec1478d81b19d683842861",21,"average",12,12,27.3333333333333,5.45180907793204,18,36,-0.206282093856245,0
"67ec1478d81b19d683842861",22,"average",8,8,33,5.47722557505166,25,41,0,0
"67ec1478d81b19d683842861",23,"average",8,8,19,5.47722557505166,11,27,0,0
"67ec1478d81b19d683842861",24,"average",2,2,32,4,28,36,0,0
"67ec1478d81b19d683842861",25,"average",2,2,23,4,19,27,0,0
"67ec1478d81b19d683842861",26,"average",12,12,17.3333333333333,5.45180907793204,8,26,-0.206282093856245,0
"67ec1478d81b19d683842861",27,"average",6,6,26,4.32049379893857,20,32,0,0
"67ec1478d81b19d683842861",28,"average",6,6,19,4.32049379893857,13,25,0,0
"67ec1478d81b19d683842861",29,"average",8,8,19,5.47722557505166,11,27,0,0
"67ec1478d81b19d683842861",30,"average",2,2,19,4,15,23,0,0
"67ec1478d81b19d683842861",31,"average",6,6,18,4.32049379893857,12,24,0,0
"67ec1478d81b19d683842861",32,"average",12,12,14.3333333333333,5.45180907793204,5,23,-0.206282093856245,0
"67ec1478d81b19d683842861",33,"average",12,12,23.3333333333333,5.45180907793204,14,32,-0.206282093856245,0
"67ec1478d81b19d683842861",34,"average",8,8,23,5.47722557505166,15,31,0,0
"67ec1478d81b19d683842861",35,"average",2,2,14,4,10,18,0,0
"67ec1478d81b19d683842861",36,"average",8,8,16,5.47722557505166,8,24,0,0
"67ec1478d81b19d683842861",37,"average",2,2,17,4,13,21,0,0
"67ec1478d81b19d683842861",38,"average",2,2,30,4,26,34,0,0
"67ec1478d81b19d683842861",39,"average",6,6,33,4.32049379893857,27,39,0,0
"67ec1478d81b19d683842861",40,"average",8,8,34,5.47722557505166,26,42,0,0
"67ec1478d81b19d683842861",41,"average",12,12,35.3333333333333,5.45180907793204,26,44,-0.206282093856247,0
"67ec1478d81b19d683842861",42,"average",6,6,21,4.32049379893857,15,27,0,0
"67ec1478d81b19d683842861",43,"average",2,2,24,4,20,28,0,0
"67ec1478d81b19d683842861",44,"average",6,6,31,4.32049379893857,25,37,0,0
"67ec1478d81b19d683842861",45,"average",2,2,31,4,27,35,0,0
"67ec1478d81b19d683842861",46,"average",8,8,33,5.47722557505166,25,41,0,0
"67ec1478d81b19d683842861",47,"average",6,6,24,4.32049379893857,18,30,0,0
"67ec1478d81b19d683842861",48,"average",8,8,35,5.47722557505166,27,43,0,0
"67ec1478d81b19d683842861",49,"average",12,12,25.3333333333333,5.45180907793204,16,34,-0.206282093856245,0
"67ec1478d81b19d683842861",50,"average",12,12,15.3333333333333,5.45180907793204,6,24,-0.206282093856245,0
"67ec1478d81b19d683842861",51,"average",6,6,14,4.32049379893857,8,20,0,0
"67ec1478d81b19d683842861",52,"average",6,6,33,4.32049379893857,27,39,0,0
"67ec1478d81b19d683842861",53,"average",12,12,21.3333333333333,5.45180907793204,12,30,-0.206282093856245,0
"67ec1478d81b19d683842861",54,"average",2,2,22,4,18,26,0,0
"67ec1478d81b19d683842861",55,"average",2,2,27,4,23,31,0,0
"67ec1478d81b19d683842861",56,"average",6,6,26,4.32049379893857,20,32,0,0
"67ec1478d81b19d683842861",57,"average",2,2,24,4,20,28,0,0
"67ec1478d81b19d683842861",58,"average",6,6,26,4.32049379893857,20,32,0,0
"67ec1478d81b19d683842861",59,"average",2,2,24,4,20,28,0,0
"67ec1478d81b19d683842861",60,"average",6,6,20,4.32049379893857,14,26,0,0
"67ec1478d81b19d683842861",61,"average",8,8,33,5.47722557505166,25,41,0,0
"67ec1478d81b19d683842861",62,"average",12,12,23.3333333333333,5.45180907793204,14,32,-0.206282093856245,0
"67ec1478d81b19d683842861",63,"average",12,12,18.3333333333333,5.45180907793204,9,27,-0.206282093856245,0
"67ec1478d81b19d683842861",64,"average",12,12,23.3333333333333,5.45180907793204,14,32,-0.206282093856245,0
"67ec1478d81b19d683842861",65,"average",8,8,20,5.47722557505166,12,28,0,0
"67ec1478d81b19d683842861",66,"average",12,12,33.3333333333333,5.45180907793204,24,42,-0.206282093856247,0
"67ec1478d81b19d683842861",67,"average",8,8,15,5.47722557505166,7,23,0,0
"67ec1478d81b19d683842861",68,"average",8,8,33,5.47722557505166,25,41,0,0
"67ec1478d81b19d683842861",69,"average",12,12,14.3333333333333,5.45180907793204,5,23,-0.206282093856245,0
"67ec1478d81b19d683842861",70,"average",8,8,19,5.47722557505166,11,27,0,0
"67ec1478d81b19d683842861",71,"average",2,2,16,4,12,20,0,0
"67ec1478d81b19d683842861",72,"average",6,6,14,4.32049379893857,8,20,0,0
"67ec1478d81b19d683842861",73,"average",6,6,31,4.32049379893857,25,37,0,0
"67ec1478d81b19d683842861",74,"average",8,8,32,5.47722557505166,24,40,0,0
"67ec1478d81b19d683842861",75,"average",12,12,15.3333333333333,5.45180907793204,6,24,-0.206282093856245,0
"67ec1478d81b19d683842861",76,"average",6,6,36,4.32049379893857,30,42,0,0
"67ec1478d81b19d683842861",77,"average",6,6,26,4.32049379893857,20,32,0,0
"67ec1478d81b19d683842861",78,"average",12,12,29.3333333333333,5.45180907793204,20,38,-0.206282093856245,0
"67ec1478d81b19d683842861",79,"average",2,2,14,4,10,18,0,0
"67ec1478d81b19d683842861",80,"average",12,12,35.3333333333333,5.45180907793204,26,44,-0.206282093856247,0
"67ec1478d81b19d683842861",81,"average",2,2,25,4,21,29,0,0
"67ec1478d81b19d683842861",82,"average",2,2,35,4,31,39,0,0
"67ec1478d81b19d683842861",83,"average",6,6,16,4.32049379893857,10,22,0,0
"67ec1478d81b19d683842861",84,"average",12,12,26.3333333333333,5.45180907793204,17,35,-0.206282093856245,0
"67ec1478d81b19d683842861",85,"average",8,8,27,5.47722557505166,19,35,0,0
"67ec1478d81b19d683842861",86,"average",6,6,22,4.32049379893857,16,28,0,0
"67ec1478d81b19d683842861",87,"average",2,2,18,4,14,22,0,0
"67ec1478d81b19d683842861",88,"average",2,2,25,4,21,29,0,0
"67ec1478d81b19d683842861",89,"average",6,6,28,4.32049379893857,22,34,0,0
"67ec1478d81b19d683842861",90,"average",12,12,23.3333333333333,5.45180907793204,14,32,-0.206282093856245,0
"67ec1478d81b19d683842861",91,"average",8,8,28,5.47722557505166,20,36,0,0
"67ec1478d81b19d683842861",92,"average",6,6,17,4.32049379893857,11,23,0,0
"67ec1478d81b19d683842861",93,"average",8,8,35,5.47722557505166,27,43,0,0
"67ec1478d81b19d683842861",94,"average",8,8,25,5.47722557505166,17,33,0,0
"67ec1478d81b19d683842861",95,"average",2,2,23,4,19,27,0,0
"67ec1478d81b19d683842861",96,"average",8,8,31,5.47722557505166,23,39,0,0
"67ec1478d81b19d683842861",97,"average",8,8,32,5.47722557505166,24,40,0,0
"67ec1478d81b19d683842861",98,"average",6,6,35,4.32049379893857,29,41,0,0
"67ec1478d81b19d683842861",99,"average",6,6,36,4.32049379893857,30,42,0,0
"67ec1478d81b19d683842861",100,"average",12,12,23.3333333333333,5.45180907793204,14,32,-0.206282093856245,0
"67ec1478d81b19d683842861",101,"average",8,8,23,5.47722557505166,15,31,0,0
"67ec1478d81b19d683842861",102,"average",8,8,28,5.47722557505166,20,36,0,0
"67ec1478d81b19d683842861",103,"average",2,2,26,4,22,30,0,0
"67ec1478d81b19d683842861",104,"average",2,2,28,4,24,32,0,0
"67ec1478d81b19d683842861",105,"average",8,8,31,5.47722557505166,23,39,0,0
"67ec1478d81b19d683842861",106,"average",6,6,35,4.32049379893857,29,41,0,0
"67ec1478d81b19d683842861",107,"average",2,2,34,4,30,38,0,0
"67ec1478d81b19d683842861",108,"average",2,2,17,4,13,21,0,0
"67ec1478d81b19d683842861",109,"average",8,8,15,5.47722557505166,7,23,0,0
"67ec1478d81b19d683842861",110,"average",12,12,29.3333333333333,5.45180907793204,20,38,-0.206282093856245,0
"67ec1478d81b19d683842861",111,"average",12,12,33.3333333333333,5.45180907793204,24,42,-0.206282093856247,0
"67ec1478d81b19d683842861",112,"average",6,6,28,4.32049379893857,22,34,0,0
"67ec1478d81b19d683842861",113,"average",12,12,33.3333333333333,5.45180907793204,24,42,-0.206282093856247,0
"67ec1478d81b19d683842861",114,"average",12,12,18.3333333333333,5.45180907793204,9,27,-0.206282093856245,0
"67ec1478d81b19d683842861",115,"average",12,12,26.3333333333333,5.45180907793204,17,35,-0.206282093856245,0
"67ec1478d81b19d683842861",116,"average",2,2,21,4,17,25,0,0
"66b93ba9ccbb002158c59355",1,"average",6,6,8,4.28174419288838,3,15,0.44586757711069,0
"66b93ba9ccbb002158c59355",2,"average",4,4,11,5.24404424085076,4,17,-0.156021150967461,0
"66b93ba9ccbb002158c59355",3,"average",9,9,38.2222222222222,6.03283198244366,29,48,0.11210578956972,0
"66b93ba9ccbb002158c59355",4,"average",6,6,36,5.8022983951764,29,44,0.245720312392531,0
"66b93ba9ccbb002158c59355",5,"average",2,2,10.5,5.5,5,16,0,0
"66b93ba9ccbb002158c59355",6,"average",8,8,9.75,5.65132727772866,1,20,0.243608671221824,1
"66b93ba9ccbb002158c59355",7,"average",11,11,37.9090909090909,5.8999929962138,29,47,-0.0816949244361456,0
"66b93ba9ccbb002158c59355",8,"average",11,11,11.1818181818182,5.60548727617018,1,20,-0.241860468669092,1
"66b93ba9ccbb002158c59355",9,"average",3,3,43.6666666666667,2.86744175568088,40,47,-0.172800544078648,0
"66b93ba9ccbb002158c59355",10,"average",10,10,11.2,5.17300686255103,3,19,0.0327675433188601,0
"66b93ba9ccbb002158c59355",11,"average",4,4,37,6.20483682299543,30,45,0.113024519629534,0
"66b93ba9ccbb002158c59355",12,"average",3,3,41.6666666666667,5.79271573232759,34,48,-0.333066546426974,0
"66b93ba9ccbb002158c59355",13,"average",10,10,39.8,5.89576118919347,30,47,-0.437871879368657,0
"66b93ba9ccbb002158c59355",14,"average",11,11,37.9090909090909,6.37401750653022,29,48,0.103521695789018,0
"66b93ba9ccbb002158c59355",15,"average",2,2,13,3,10,16,0,0
"66b93ba9ccbb002158c59355",16,"average",11,11,10.9090909090909,5.63196309153947,2,20,0.0662404238252414,0
"66b93ba9ccbb002158c59355",17,"average",3,3,34.3333333333333,4.10960933531265,29,39,-0.239063146929546,0
"66b93ba9ccbb002158c59355",18,"average",12,12,37,6.17791766428355,29,47,0.286271046017601,0
"66b93ba9ccbb002158c59355",19,"average",11,11,10.7272727272727,5.60990858928782,1,19,-0.127461908664879,1
"66b93ba9ccbb002158c59355",20,"average",10,10,37.5,5.7662812973354,29,46,-0.0391177429860505,0
"66b93ba9ccbb002158c59355",21,"average",2,2,25,4,21,29,0,0
"66b93ba9ccbb002158c59355",22,"average",2,2,21,4,17,25,0,0
"66b93ba9ccbb002158c59355",23,"average",2,2,23,4,19,27,0,0
"66b93ba9ccbb002158c59355",24,"average",6,6,22,4.32049379893857,16,28,0,0
"66b93ba9ccbb002158c59355",25,"average",8,8,20,5.47722557505166,12,28,0,0
"66b93ba9ccbb002158c59355",26,"average",2,2,22,4,18,26,0,0
"66b93ba9ccbb002158c59355",27,"average",6,6,34,4.32049379893857,28,40,0,0
"66b93ba9ccbb002158c59355",28,"average",6,6,24,4.32049379893857,18,30,0,0
"66b93ba9ccbb002158c59355",29,"average",8,8,33,5.47722557505166,25,41,0,0
"66b93ba9ccbb002158c59355",30,"average",8,8,22,5.47722557505166,14,30,0,0
"66b93ba9ccbb002158c59355",31,"average",6,6,24,4.32049379893857,18,30,0,0
"66b93ba9ccbb002158c59355",32,"average",2,2,27,4,23,31,0,0
"66b93ba9ccbb002158c59355",33,"average",2,2,24,4,20,28,0,0
"66b93ba9ccbb002158c59355",34,"average",6,6,35,4.32049379893857,29,41,0,0
"66b93ba9ccbb002158c59355",35,"average",2,2,35,4,31,39,0,0
"66b93ba9ccbb002158c59355",36,"average",8,8,16,5.47722557505166,8,24,0,0
"66b93ba9ccbb002158c59355",37,"average",6,6,24,4.32049379893857,18,30,0,0
"66b93ba9ccbb002158c59355",38,"average",12,12,23.3333333333333,5.45180907793204,14,32,-0.206282093856245,0
"66b93ba9ccbb002158c59355",39,"average",8,8,15,5.47722557505166,7,23,0,0
"66b93ba9ccbb002158c59355",40,"average",6,6,32,4.32049379893857,26,38,0,0
"66b93ba9ccbb002158c59355",41,"average",8,8,19,5.47722557505166,11,27,0,0
"66b93ba9ccbb002158c59355",42,"average",2,2,18,4,14,22,0,0
"66b93ba9ccbb002158c59355",43,"average",12,12,27.3333333333333,5.45180907793204,18,36,-0.206282093856245,0
"66b93ba9ccbb002158c59355",44,"average",8,8,15,5.47722557505166,7,23,0,0
"66b93ba9ccbb002158c59355",45,"average",2,2,20,4,16,24,0,0
"66b93ba9ccbb002158c59355",46,"average",2,2,24,4,20,28,0,0
"66b93ba9ccbb002158c59355",47,"average",6,6,27,4.32049379893857,21,33,0,0
"66b93ba9ccbb002158c59355",48,"average",12,12,23.3333333333333,5.45180907793204,14,32,-0.206282093856245,0
"66b93ba9ccbb002158c59355",49,"average",2,2,25,4,21,29,0,0
"66b93ba9ccbb002158c59355",50,"average",8,8,36,5.47722557505166,28,44,0,0
"66b93ba9ccbb002158c59355",51,"average",6,6,35,4.32049379893857,29,41,0,0
"66b93ba9ccbb002158c59355",52,"average",12,12,32.3333333333333,5.45180907793204,23,41,-0.206282093856247,0
"66b93ba9ccbb002158c59355",53,"average",12,12,35.3333333333333,5.45180907793204,26,44,-0.206282093856247,0
"66b93ba9ccbb002158c59355",54,"average",6,6,23,4.32049379893857,17,29,0,0
"66b93ba9ccbb002158c59355",55,"average",8,8,33,5.47722557505166,25,41,0,0
"66b93ba9ccbb002158c59355",56,"average",8,8,33,5.47722557505166,25,41,0,0
"66b93ba9ccbb002158c59355",57,"average",12,12,14.3333333333333,5.45180907793204,5,23,-0.206282093856245,0
"66b93ba9ccbb002158c59355",58,"average",12,12,15.3333333333333,5.45180907793204,6,24,-0.206282093856245,0
"66b93ba9ccbb002158c59355",59,"average",12,12,14.3333333333333,5.45180907793204,5,23,-0.206282093856245,0
"66b93ba9ccbb002158c59355",60,"average",8,8,19,5.47722557505166,11,27,0,0
"66b93ba9ccbb002158c59355",61,"average",2,2,17,4,13,21,0,0
"66b93ba9ccbb002158c59355",62,"average",12,12,34.3333333333333,5.45180907793204,25,43,-0.206282093856247,0
"66b93ba9ccbb002158c59355",63,"average",8,8,25,5.47722557505166,17,33,0,0
"66b93ba9ccbb002158c59355",64,"average",12,12,23.3333333333333,5.45180907793204,14,32,-0.206282093856245,0
"66b93ba9ccbb002158c59355",65,"average",12,12,18.3333333333333,5.45180907793204,9,27,-0.206282093856245,0
"66b93ba9ccbb002158c59355",66,"average",6,6,32,4.32049379893857,26,38,0,0
"66b93ba9ccbb002158c59355",67,"average",6,6,20,4.32049379893857,14,26,0,0
"66b93ba9ccbb002158c59355",68,"average",12,12,19.3333333333333,5.45180907793204,10,28,-0.206282093856245,0
"66b93ba9ccbb002158c59355",69,"average",6,6,31,4.32049379893857,25,37,0,0
"66b93ba9ccbb002158c59355",70,"average",6,6,23,4.32049379893857,17,29,0,0
"66b93ba9ccbb002158c59355",71,"average",8,8,14,5.47722557505166,6,22,0,0
"66b93ba9ccbb002158c59355",72,"average",12,12,27.3333333333333,5.45180907793204,18,36,-0.206282093856245,0
"66b93ba9ccbb002158c59355",73,"average",2,2,16,4,12,20,0,0
"66b93ba9ccbb002158c59355",74,"average",8,8,19,5.47722557505166,11,27,0,0
"66b93ba9ccbb002158c59355",75,"average",2,2,29,4,25,33,0,0
"66b93ba9ccbb002158c59355",76,"average",8,8,35,5.47722557505166,27,43,0,0
"66b93ba9ccbb002158c59355",77,"average",12,12,35.3333333333333,5.45180907793204,26,44,-0.206282093856247,0
"66b93ba9ccbb002158c59355",78,"average",12,12,27.3333333333333,5.45180907793204,18,36,-0.206282093856245,0
"66b93ba9ccbb002158c59355",79,"average",6,6,30,4.32049379893857,24,36,0,0
"66b93ba9ccbb002158c59355",80,"average",8,8,24,5.47722557505166,16,32,0,0
"66b93ba9ccbb002158c59355",81,"average",6,6,21,4.32049379893857,15,27,0,0
"66b93ba9ccbb002158c59355",82,"average",2,2,16,4,12,20,0,0
"66b93ba9ccbb002158c59355",83,"average",8,8,14,5.47722557505166,6,22,0,0
"66b93ba9ccbb002158c59355",84,"average",12,12,33.3333333333333,5.45180907793204,24,42,-0.206282093856247,0
"66b93ba9ccbb002158c59355",85,"average",8,8,14,5.47722557505166,6,22,0,0
"66b93ba9ccbb002158c59355",86,"average",2,2,32,4,28,36,0,0
"66b93ba9ccbb002158c59355",87,"average",2,2,33,4,29,37,0,0
"66b93ba9ccbb002158c59355",88,"average",8,8,17,5.47722557505166,9,25,0,0
"66b93ba9ccbb002158c59355",89,"average",6,6,15,4.32049379893857,9,21,0,0
"66b93ba9ccbb002158c59355",90,"average",6,6,31,4.32049379893857,25,37,0,0
"66b93ba9ccbb002158c59355",91,"average",6,6,14,4.32049379893857,8,20,0,0
"66b93ba9ccbb002158c59355",92,"average",8,8,14,5.47722557505166,6,22,0,0
"66b93ba9ccbb002158c59355",93,"average",2,2,21,4,17,25,0,0
"66b93ba9ccbb002158c59355",94,"average",8,8,36,5.47722557505166,28,44,0,0
"66b93ba9ccbb002158c59355",95,"average",12,12,14.3333333333333,5.45180907793204,5,23,-0.206282093856245,0
"66b93ba9ccbb002158c59355",96,"average",12,12,30.3333333333333,5.45180907793204,21,39,-0.206282093856245,0
"66b93ba9ccbb002158c59355",97,"average",6,6,17,4.32049379893857,11,23,0,0
"66b93ba9ccbb002158c59355",98,"average",6,6,26,4.32049379893857,20,32,0,0
"66b93ba9ccbb002158c59355",99,"average",6,6,35,4.32049379893857,29,41,0,0
"66b93ba9ccbb002158c59355",100,"average",12,12,33.3333333333333,5.45180907793204,24,42,-0.206282093856247,0
"66b93ba9ccbb002158c59355",101,"average",6,6,14,4.32049379893857,8,20,0,0
"66b93ba9ccbb002158c59355",102,"average",8,8,19,5.47722557505166,11,27,0,0
"66b93ba9ccbb002158c59355",103,"average",12,12,20.3333333333333,5.45180907793204,11,29,-0.206282093856245,0
"66b93ba9ccbb002158c59355",104,"average",2,2,25,4,21,29,0,0
"66b93ba9ccbb002158c59355",105,"average",12,12,32.3333333333333,5.45180907793204,23,41,-0.206282093856247,0
"66b93ba9ccbb002158c59355",106,"average",2,2,35,4,31,39,0,0
"66b93ba9ccbb002158c59355",107,"average",12,12,20.3333333333333,5.45180907793204,11,29,-0.206282093856245,0
"66b93ba9ccbb002158c59355",108,"average",2,2,36,4,32,40,0,0
"66b93ba9ccbb002158c59355",109,"average",12,12,31.3333333333333,5.45180907793204,22,40,-0.206282093856245,0
"66b93ba9ccbb002158c59355",110,"average",6,6,17,4.32049379893857,11,23,0,0
"66b93ba9ccbb002158c59355",111,"average",2,2,21,4,17,25,0,0
"66b93ba9ccbb002158c59355",112,"average",8,8,32,5.47722557505166,24,40,0,0
"66b93ba9ccbb002158c59355",113,"average",2,2,26,4,22,30,0,0
"66b93ba9ccbb002158c59355",114,"average",2,2,15,4,11,19,0,0
"66b93ba9ccbb002158c59355",115,"average",12,12,19.3333333333333,5.45180907793204,10,28,-0.206282093856245,0
"66b93ba9ccbb002158c59355",116,"average",8,8,15,5.47722557505166,7,23,0,0
"653703627539f3a8b2ed4af3",1,"experience",7,7,7.85714285714286,5.84144237150311,2,19,0.885411101085134,0
"653703627539f3a8b2ed4af3",2,"experience",11,11,11.9090909090909,5.33350550686277,3,20,-0.0681003846116436,0
"653703627539f3a8b2ed4af3",3,"experience",11,11,37.7272727272727,5.81676119019869,30,47,0.183720665212316,0
"653703627539f3a8b2ed4af3",4,"experience",8,8,10.5,6.53834841531101,2,19,0,0
"653703627539f3a8b2ed4af3",5,"experience",7,7,6.85714285714286,5.16661180572146,1,17,0.802866513451162,1
"653703627539f3a8b2ed4af3",6,"experience",7,7,14.5714285714286,3.73619909446343,9,20,-0.0570185303479464,0
"653703627539f3a8b2ed4af3",7,"experience",6,6,8,6.70820393249937,1,20,0.679102126499936,1
"653703627539f3a8b2ed4af3",8,"experience",7,7,13.4285714285714,4.03049599419025,7,20,-0.104194850484894,0
"653703627539f3a8b2ed4af3",9,"experience",5,5,38.4,5.81721582889959,30,46,-0.143618703084262,0
"653703627539f3a8b2ed4af3",10,"experience",12,12,36.5,5.61990510002912,29,46,0.343671002002602,0
"653703627539f3a8b2ed4af3",11,"experience",5,5,8.6,6.43739077577243,2,20,0.765436385492984,0
"653703627539f3a8b2ed4af3",12,"experience",11,11,11.0909090909091,5.79113029404836,1,19,-0.35836903920063,1
"653703627539f3a8b2ed4af3",13,"experience",8,8,40.5,4.7169905660283,33,47,-0.142921062472768,0
"653703627539f3a8b2ed4af3",14,"experience",6,6,39.1666666666667,3.62476052848859,33,44,-0.365507366155939,0
"653703627539f3a8b2ed4af3",15,"experience",11,11,9.72727272727273,5.87894407789991,1,20,0.159405014864148,1
"653703627539f3a8b2ed4af3",16,"experience",11,11,7.18181818181818,4.4069816885603,1,15,0.362621376025113,1
"653703627539f3a8b2ed4af3",17,"experience",10,10,12.7,4.47325384926901,5,19,-0.371624073126066,0
"653703627539f3a8b2ed4af3",18,"experience",8,8,41.875,4.56720647661128,34,48,-0.226209625666474,0
"653703627539f3a8b2ed4af3",19,"experience",3,3,7.33333333333333,3.29983164553722,3,11,-0.294799620144829,0
"653703627539f3a8b2ed4af3",20,"experience",8,8,39,6.48074069840786,30,47,-0.305851282960575,0
"653703627539f3a8b2ed4af3",21,"experience",6,6,20,4.32049379893857,14,26,0,0
"653703627539f3a8b2ed4af3",22,"experience",6,6,31,4.32049379893857,25,37,0,0
"653703627539f3a8b2ed4af3",23,"experience",8,8,24,5.47722557505166,16,32,0,0
"653703627539f3a8b2ed4af3",24,"experience",8,8,14,5.47722557505166,6,22,0,0
"653703627539f3a8b2ed4af3",25,"experience",2,2,36,4,32,40,0,0
"653703627539f3a8b2ed4af3",26,"experience",2,2,20,4,16,24,0,0
"653703627539f3a8b2ed4af3",27,"experience",2,2,23,4,19,27,0,0
"653703627539f3a8b2ed4af3",28,"experience",6,6,16,4.32049379893857,10,22,0,0
"653703627539f3a8b2ed4af3",29,"experience",12,12,32.3333333333333,5.45180907793204,23,41,-0.206282093856247,0
"653703627539f3a8b2ed4af3",30,"experience",6,6,23,4.32049379893857,17,29,0,0
"653703627539f3a8b2ed4af3",31,"experience",12,12,27.3333333333333,5.45180907793204,18,36,-0.206282093856245,0
"653703627539f3a8b2ed4af3",32,"experience",6,6,30,4.32049379893857,24,36,0,0
"653703627539f3a8b2ed4af3",33,"experience",2,2,27,4,23,31,0,0
"653703627539f3a8b2ed4af3",34,"experience",2,2,33,4,29,37,0,0
"653703627539f3a8b2ed4af3",35,"experience",2,2,21,4,17,25,0,0
"653703627539f3a8b2ed4af3",36,"experience",8,8,15,5.47722557505166,7,23,0,0
"653703627539f3a8b2ed4af3",37,"experience",2,2,23,4,19,27,0,0
"653703627539f3a8b2ed4af3",38,"experience",6,6,25,4.32049379893857,19,31,0,0
"653703627539f3a8b2ed4af3",39,"experience",8,8,25,5.47722557505166,17,33,0,0
"653703627539f3a8b2ed4af3",40,"experience",2,2,28,4,24,32,0,0
"653703627539f3a8b2ed4af3",41,"experience",12,12,18.3333333333333,5.45180907793204,9,27,-0.206282093856245,0
"653703627539f3a8b2ed4af3",42,"experience",2,2,34,4,30,38,0,0
"653703627539f3a8b2ed4af3",43,"experience",6,6,15,4.32049379893857,9,21,0,0
"653703627539f3a8b2ed4af3",44,"experience",12,12,17.3333333333333,5.45180907793204,8,26,-0.206282093856245,0
"653703627539f3a8b2ed4af3",45,"experience",6,6,21,4.32049379893857,15,27,0,0
"653703627539f3a8b2ed4af3",46,"experience",8,8,19,5.47722557505166,11,27,0,0
"653703627539f3a8b2ed4af3",47,"experience",12,12,29.3333333333333,5.45180907793204,20,38,-0.206282093856245,0
"653703627539f3a8b2ed4af3",48,"experience",8,8,18,5.47722557505166,10,26,0,0
"653703627539f3a8b2ed4af3",49,"experience",8,8,24,5.47722557505166,16,32,0,0
"653703627539f3a8b2ed4af3",50,"experience",2,2,21,4,17,25,0,0
"653703627539f3a8b2ed4af3",51,"experience",12,12,29.3333333333333,5.45180907793204,20,38,-0.206282093856245,0
"653703627539f3a8b2ed4af3",52,"experience",2,2,32,4,28,36,0,0
"653703627539f3a8b2ed4af3",53,"experience",12,12,33.3333333333333,5.45180907793204,24,42,-0.206282093856247,0
"653703627539f3a8b2ed4af3",54,"experience",12,12,22.3333333333333,5.45180907793204,13,31,-0.206282093856245,0
"653703627539f3a8b2ed4af3",55,"experience",8,8,15,5.47722557505166,7,23,0,0
"653703627539f3a8b2ed4af3",56,"experience",2,2,21,4,17,25,0,0
"653703627539f3a8b2ed4af3",57,"experience",8,8,32,5.47722557505166,24,40,0,0
"653703627539f3a8b2ed4af3",58,"experience",6,6,24,4.32049379893857,18,30,0,0
"653703627539f3a8b2ed4af3",59,"experience",12,12,28.3333333333333,5.45180907793204,19,37,-0.206282093856245,0
"653703627539f3a8b2ed4af3",60,"experience",8,8,27,5.47722557505166,19,35,0,0
"653703627539f3a8b2ed4af3",61,"experience",12,12,32.3333333333333,5.45180907793204,23,41,-0.206282093856247,0
"653703627539f3a8b2ed4af3",62,"experience",6,6,34,4.32049379893857,28,40,0,0
"653703627539f3a8b2ed4af3",63,"experience",8,8,27,5.47722557505166,19,35,0,0
"653703627539f3a8b2ed4af3",64,"experience",6,6,22,4.32049379893857,16,28,0,0
"653703627539f3a8b2ed4af3",65,"experience",12,12,17.3333333333333,5.45180907793204,8,26,-0.206282093856245,0
"653703627539f3a8b2ed4af3",66,"experience",6,6,25,4.32049379893857,19,31,0,0
"653703627539f3a8b2ed4af3",67,"experience",8,8,21,5.47722557505166,13,29,0,0
"653703627539f3a8b2ed4af3",68,"experience",12,12,23.3333333333333,5.45180907793204,14,32,-0.206282093856245,0
"653703627539f3a8b2ed4af3",69,"experience",8,8,21,5.47722557505166,13,29,0,0
"653703627539f3a8b2ed4af3",70,"experience",2,2,18,4,14,22,0,0
"653703627539f3a8b2ed4af3",71,"experience",2,2,22,4,18,26,0,0
"653703627539f3a8b2ed4af3",72,"experience",8,8,16,5.47722557505166,8,24,0,0
"653703627539f3a8b2ed4af3",73,"experience",8,8,26,5.47722557505166,18,34,0,0
"653703627539f3a8b2ed4af3",74,"experience",6,6,34,4.32049379893857,28,40,0,0
"653703627539f3a8b2ed4af3",75,"experience",2,2,15,4,11,19,0,0
"653703627539f3a8b2ed4af3",76,"experience",8,8,23,5.47722557505166,15,31,0,0
"653703627539f3a8b2ed4af3",77,"experience",6,6,23,4.32049379893857,17,29,0,0
"653703627539f3a8b2ed4af3",78,"experience",12,12,33.3333333333333,5.45180907793204,24,42,-0.206282093856247,0
"653703627539f3a8b2ed4af3",79,"experience",2,2,22,4,18,26,0,0
"653703627539f3a8b2ed4af3",80,"experience",8,8,14,5.47722557505166,6,22,0,0
"653703627539f3a8b2ed4af3",81,"experience",12,12,14.3333333333333,5.45180907793204,5,23,-0.206282093856245,0
"653703627539f3a8b2ed4af3",82,"experience",2,2,14,4,10,18,0,0
"653703627539f3a8b2ed4af3",83,"experience",12,12,24.3333333333333,5.45180907793204,15,33,-0.206282093856245,0
"653703627539f3a8b2ed4af3",84,"experience",12,12,26.3333333333333,5.45180907793204,17,35,-0.206282093856245,0
"653703627539f3a8b2ed4af3",85,"experience",2,2,21,4,17,25,0,0
"653703627539f3a8b2ed4af3",86,"experience",12,12,27.3333333333333,5.45180907793204,18,36,-0.206282093856245,0
"653703627539f3a8b2ed4af3",87,"experience",8,8,20,5.47722557505166,12,28,0,0
"653703627539f3a8b2ed4af3",88,"experience",12,12,15.3333333333333,5.45180907793204,6,24,-0.206282093856245,0
"653703627539f3a8b2ed4af3",89,"experience",6,6,18,4.32049379893857,12,24,0,0
"653703627539f3a8b2ed4af3",90,"experience",6,6,24,4.32049379893857,18,30,0,0
"653703627539f3a8b2ed4af3",91,"experience",6,6,16,4.32049379893857,10,22,0,0
"653703627539f3a8b2ed4af3",92,"experience",6,6,14,4.32049379893857,8,20,0,0
"653703627539f3a8b2ed4af3",93,"experience",8,8,16,5.47722557505166,8,24,0,0
"653703627539f3a8b2ed4af3",94,"experience",8,8,14,5.47722557505166,6,22,0,0
"653703627539f3a8b2ed4af3",95,"experience",6,6,35,4.32049379893857,29,41,0,0
"653703627539f3a8b2ed4af3",96,"experience",8,8,16,5.47722557505166,8,24,0,0
"653703627539f3a8b2ed4af3",97,"experience",2,2,14,4,10,18,0,0
"653703627539f3a8b2ed4af3",98,"experience",6,6,28,4.32049379893857,22,34,0,0
"653703627539f3a8b2ed4af3",99,"experience",12,12,20.3333333333333,5.45180907793204,11,29,-0.206282093856245,0
"653703627539f3a8b2ed4af3",100,"experience",6,6,28,4.32049379893857,22,34,0,0
"653703627539f3a8b2ed4af3",101,"experience",2,2,23,4,19,27,0,0
"653703627539f3a8b2ed4af3",102,"experience",12,12,21.3333333333333,5.45180907793204,12,30,-0.206282093856245,0
"653703627539f3a8b2ed4af3",103,"experience",2,2,35,4,31,39,0,0
"653703627539f3a8b2ed4af3",104,"experience",12,12,28.3333333333333,5.45180907793204,19,37,-0.206282093856245,0
"653703627539f3a8b2ed4af3",105,"experience",2,2,19,4,15,23,0,0
"653703627539f3a8b2ed4af3",106,"experience",6,6,15,4.32049379893857,9,21,0,0
"653703627539f3a8b2ed4af3",107,"experience",2,2,15,4,11,19,0,0
"653703627539f3a8b2ed4af3",108,"experience",12,12,31.3333333333333,5.45180907793204,22,40,-0.206282093856245,0
"653703627539f3a8b2ed4af3",109,"experience",6,6,29,4.32049379893857,23,35,0,0
"653703627539f3a8b2ed4af3",110,"experience",12,12,28.3333333333333,5.45180907793204,19,37,-0.206282093856245,0
"653703627539f3a8b2ed4af3",111,"experience",8,8,34,5.47722557505166,26,42,0,0
"653703627539f3a8b2ed4af3",112,"experience",8,8,36,5.47722557505166,28,44,0,0
"653703627539f3a8b2ed4af3",113,"experience",12,12,15.3333333333333,5.45180907793204,6,24,-0.206282093856245,0
"653703627539f3a8b2ed4af3",114,"experience",6,6,26,4.32049379893857,20,32,0,0
"653703627539f3a8b2ed4af3",115,"experience",2,2,36,4,32,40,0,0
"653703627539f3a8b2ed4af3",116,"experience",8,8,23,5.47722557505166,15,31,0,0
"67de239c06b421f44e118eaf",1,"experience",12,12,10.4166666666667,6.12995831053433,2,20,0.231715938567783,0
"67de239c06b421f44e118eaf",2,"experience",10,10,7.8,5.24976189936267,1,20,0.90918492031341,1
"67de239c06b421f44e118eaf",3,"experience",8,8,11.125,6.37254854826544,2,20,-0.156907993965701,0
"67de239c06b421f44e118eaf",4,"experience",7,7,9.42857142857143,5.28764443523478,2,17,0.188252424983355,0
"67de239c06b421f44e118eaf",5,"experience",12,12,8.66666666666667,5.73488351136175,1,18,0.28944091133174,1
"67de239c06b421f44e118eaf",6,"experience",4,4,9.25,4.02336923485777,5,15,0.323879993861629,0
"67de239c06b421f44e118eaf",7,"experience",7,7,36.4285714285714,4.43547848464572,31,44,0.637474503720323,0
"67de239c06b421f44e118eaf",8,"experience",6,6,39.8333333333333,5.07991688470939,32,48,0.0514206786291963,0
"67de239c06b421f44e118eaf",9,"experience",11,11,40.7272727272727,5.15383192111213,33,48,-0.0502830345026677,0
"67de239c06b421f44e118eaf",10,"experience",2,2,11,6,5,17,0,0
"67de239c06b421f44e118eaf",11,"experience",4,4,11.25,5.71729831301464,4,19,0.0948113916543927,0
"67de239c06b421f44e118eaf",12,"experience",4,4,10,5.1478150704935,2,15,-0.593767206422177,0
"67de239c06b421f44e118eaf",13,"experience",2,2,41.5,3.5,38,45,0,0
"67de239c06b421f44e118eaf",14,"experience",5,5,40.4,3.13687742827162,37,46,0.794638293598454,0
"67de239c06b421f44e118eaf",15,"experience",7,7,37.5714285714286,5.67845911838623,30,46,0.112158893690671,0
"67de239c06b421f44e118eaf",16,"experience",3,3,4.33333333333333,1.24721912892465,3,6,0.381801774160607,0
"67de239c06b421f44e118eaf",17,"experience",12,12,8.08333333333333,5.70757294205592,1,19,0.709606604859578,1
"67de239c06b421f44e118eaf",18,"experience",2,2,37.5,7.5,30,45,0,0
"67de239c06b421f44e118eaf",19,"experience",12,12,37,5.77350269189626,29,48,0.280592230826158,0
"67de239c06b421f44e118eaf",20,"experience",5,5,42,5.86515131944607,31,47,-1.10625825995501,0
"67de239c06b421f44e118eaf",21,"experience",2,2,32,4,28,36,0,0
"67de239c06b421f44e118eaf",22,"experience",2,2,27,4,23,31,0,0
"67de239c06b421f44e118eaf",23,"experience",12,12,26.3333333333333,5.45180907793204,17,35,-0.206282093856245,0
"67de239c06b421f44e118eaf",24,"experience",6,6,36,4.32049379893857,30,42,0,0
"67de239c06b421f44e118eaf",25,"experience",2,2,15,4,11,19,0,0
"67de239c06b421f44e118eaf",26,"experience",12,12,25.3333333333333,5.45180907793204,16,34,-0.206282093856245,0
"67de239c06b421f44e118eaf",27,"experience",2,2,36,4,32,40,0,0
"67de239c06b421f44e118eaf",28,"experience",8,8,34,5.47722557505166,26,42,0,0
"67de239c06b421f44e118eaf",29,"experience",8,8,18,5.47722557505166,10,26,0,0
"67de239c06b421f44e118eaf",30,"experience",6,6,23,4.32049379893857,17,29,0,0
"67de239c06b421f44e118eaf",31,"experience",8,8,17,5.47722557505166,9,25,0,0
"67de239c06b421f44e118eaf",32,"experience",12,12,19.3333333333333,5.45180907793204,10,28,-0.206282093856245,0
"67de239c06b421f44e118eaf",33,"experience",2,2,29,4,25,33,0,0
"67de239c06b421f44e118eaf",34,"experience",6,6,18,4.32049379893857,12,24,0,0
"67de239c06b421f44e118eaf",35,"experience",12,12,19.3333333333333,5.45180907793204,10,28,-0.206282093856245,0
"67de239c06b421f44e118eaf",36,"experience",6,6,18,4.32049379893857,12,24,0,0
"67de239c06b421f44e118eaf",37,"experience",2,2,18,4,14,22,0,0
"67de239c06b421f44e118eaf",38,"experience",12,12,22.3333333333333,5.45180907793204,13,31,-0.206282093856245,0
"67de239c06b421f44e118eaf",39,"experience",6,6,31,4.32049379893857,25,37,0,0
"67de239c06b421f44e118eaf",40,"experience",6,6,26,4.32049379893857,20,32,0,0
"67de239c06b421f44e118eaf",41,"experience",8,8,33,5.47722557505166,25,41,0,0
"67de239c06b421f44e118eaf",42,"experience",8,8,31,5.47722557505166,23,39,0,0
"67de239c06b421f44e118eaf",43,"experience",12,12,29.3333333333333,5.45180907793204,20,38,-0.206282093856245,0
"67de239c06b421f44e118eaf",44,"experience",12,12,32.3333333333333,5.45180907793204,23,41,-0.206282093856247,0
"67de239c06b421f44e118eaf",45,"experience",12,12,16.3333333333333,5.45180907793204,7,25,-0.206282093856245,0
"67de239c06b421f44e118eaf",46,"experience",2,2,20,4,16,24,0,0
"67de239c06b421f44e118eaf",47,"experience",2,2,28,4,24,32,0,0
"67de239c06b421f44e118eaf",48,"experience",12,12,19.3333333333333,5.45180907793204,10,28,-0.206282093856245,0
"67de239c06b421f44e118eaf",49,"experience",12,12,32.3333333333333,5.45180907793204,23,41,-0.206282093856247,0
"67de239c06b421f44e118eaf",50,"experience",8,8,20,5.47722557505166,12,28,0,0
"67de239c06b421f44e118eaf",51,"experience",8,8,28,5.47722557505166,20,36,0,0
"67de239c06b421f44e118eaf",52,"experience",6,6,34,4.32049379893857,28,40,0,0
"67de239c06b421f44e118eaf",53,"experience",8,8,33,5.47722557505166,25,41,0,0
"67de239c06b421f44e118eaf",54,"experience",8,8,22,5.47722557505166,14,30,0,0
"67de239c06b421f44e118eaf",55,"experience",6,6,25,4.32049379893857,19,31,0,0
"67de239c06b421f44e118eaf",56,"experience",8,8,34,5.47722557505166,26,42,0,0
"67de239c06b421f44e118eaf",57,"experience",2,2,26,4,22,30,0,0
"67de239c06b421f44e118eaf",58,"experience",8,8,14,5.47722557505166,6,22,0,0
"67de239c06b421f44e118eaf",59,"experience",6,6,24,4.32049379893857,18,30,0,0
"67de239c06b421f44e118eaf",60,"experience",8,8,26,5.47722557505166,18,34,0,0
"67de239c06b421f44e118eaf",61,"experience",2,2,14,4,10,18,0,0
"67de239c06b421f44e118eaf",62,"experience",12,12,36.3333333333333,5.45180907793204,27,45,-0.206282093856247,0
"67de239c06b421f44e118eaf",63,"experience",6,6,31,4.32049379893857,25,37,0,0
"67de239c06b421f44e118eaf",64,"experience",6,6,31,4.32049379893857,25,37,0,0
"67de239c06b421f44e118eaf",65,"experience",12,12,28.3333333333333,5.45180907793204,19,37,-0.206282093856245,0
"67de239c06b421f44e118eaf",66,"experience",2,2,18,4,14,22,0,0
"67de239c06b421f44e118eaf",67,"experience",6,6,35,4.32049379893857,29,41,0,0
"67de239c06b421f44e118eaf",68,"experience",2,2,31,4,27,35,0,0
"67de239c06b421f44e118eaf",69,"experience",6,6,32,4.32049379893857,26,38,0,0
"67de239c06b421f44e118eaf",70,"experience",6,6,22,4.32049379893857,16,28,0,0
"67de239c06b421f44e118eaf",71,"experience",8,8,36,5.47722557505166,28,44,0,0
"67de239c06b421f44e118eaf",72,"experience",6,6,32,4.32049379893857,26,38,0,0
"67de239c06b421f44e118eaf",73,"experience",8,8,24,5.47722557505166,16,32,0,0
"67de239c06b421f44e118eaf",74,"experience",8,8,22,5.47722557505166,14,30,0,0
"67de239c06b421f44e118eaf",75,"experience",6,6,22,4.32049379893857,16,28,0,0
"67de239c06b421f44e118eaf",76,"experience",6,6,35,4.32049379893857,29,41,0,0
"67de239c06b421f44e118eaf",77,"experience",8,8,20,5.47722557505166,12,28,0,0
"67de239c06b421f44e118eaf",78,"experience",12,12,15.3333333333333,5.45180907793204,6,24,-0.206282093856245,0
"67de239c06b421f44e118eaf",79,"experience",2,2,14,4,10,18,0,0
"67de239c06b421f44e118eaf",80,"experience",12,12,28.3333333333333,5.45180907793204,19,37,-0.206282093856245,0
"67de239c06b421f44e118eaf",81,"experience",8,8,35,5.47722557505166,27,43,0,0
"67de239c06b421f44e118eaf",82,"experience",2,2,28,4,24,32,0,0
"67de239c06b421f44e118eaf",83,"experience",2,2,29,4,25,33,0,0
"67de239c06b421f44e118eaf",84,"experience",2,2,15,4,11,19,0,0
"67de239c06b421f44e118eaf",85,"experience",2,2,33,4,29,37,0,0
"67de239c06b421f44e118eaf",86,"experience",2,2,36,4,32,40,0,0
"67de239c06b421f44e118eaf",87,"experience",8,8,35,5.47722557505166,27,43,0,0
"67de239c06b421f44e118eaf",88,"experience",6,6,29,4.32049379893857,23,35,0,0
"67de239c06b421f44e118eaf",89,"experience",6,6,15,4.32049379893857,9,21,0,0
"67de239c06b421f44e118eaf",90,"experience",12,12,34.3333333333333,5.45180907793204,25,43,-0.206282093856247,0
"67de239c06b421f44e118eaf",91,"experience",2,2,22,4,18,26,0,0
"67de239c06b421f44e118eaf",92,"experience",2,2,17,4,13,21,0,0
"67de239c06b421f44e118eaf",93,"experience",12,12,28.3333333333333,5.45180907793204,19,37,-0.206282093856245,0
"67de239c06b421f44e118eaf",94,"experience",12,12,35.3333333333333,5.45180907793204,26,44,-0.206282093856247,0
"67de239c06b421f44e118eaf",95,"experience",8,8,30,5.47722557505166,22,38,0,0
"67de239c06b421f44e118eaf",96,"experience",12,12,17.3333333333333,5.45180907793204,8,26,-0.206282093856245,0
"67de239c06b421f44e118eaf",97,"experience",2,2,14,4,10,18,0,0
"67de239c06b421f44e118eaf",98,"experience",2,2,14,4,10,18,0,0
"67de239c06b421f44e118eaf",99,"experience",12,12,15.3333333333333,5.45180907793204,6,24,-0.206282093856245,0
"67de239c06b421f44e118eaf",100,"experience",8,8,31,5.47722557505166,23,39,0,0
"67de239c06b421f44e118eaf",101,"experience",6,6,15,4.32049379893857,9,21,0,0
"67de239c06b421f44e118eaf",102,"experience",12,12,26.3333333333333,5.45180907793204,17,35,-0.206282093856245,0
"67de239c06b421f44e118eaf",103,"experience",8,8,27,5.47722557505166,19,35,0,0
"67de239c06b421f44e118eaf",104,"experience",2,2,19,4,15,23,0,0
"67de239c06b421f44e118eaf",105,"experience",6,6,30,4.32049379893857,24,36,0,0
"67de239c06b421f44e118eaf",106,"experience",6,6,35,4.32049379893857,29,41,0,0
"67de239c06b421f44e118eaf",107,"experience",8,8,18,5.47722557505166,10,26,0,0
"67de239c06b421f44e118eaf",108,"experience",12,12,27.3333333333333,5.45180907793204,18,36,-0.206282093856245,0
"67de239c06b421f44e118eaf",109,"experience",12,12,16.3333333333333,5.45180907793204,7,25,-0.206282093856245,0
"67de239c06b421f44e118eaf",110,"experience",8,8,15,5.47722557505166,7,23,0,0
"67de239c06b421f44e118eaf",111,"experience",6,6,34,4.32049379893857,28,40,0,0
"67de239c06b421f44e118eaf",112,"experience",8,8,27,5.47722557505166,19,35,0,0
"67de239c06b421f44e118eaf",113,"experience",12,12,34.3333333333333,5.45180907793204,25,43,-0.206282093856247,0
"67de239c06b421f44e118eaf",114,"experience",12,12,26.3333333333333,5.45180907793204,17,35,-0.206282093856245,0
"67de239c06b421f44e118eaf",115,"experience",6,6,26,4.32049379893857,20,32,0,0
"67de239c06b421f44e118eaf",116,"experience",2,2,26,4,22,30,0,0
"66a337531d9c242e4a71267a",1,"experience",9,9,37.1111111111111,5.72410972106278,29,48,0.464871060223999,0
"66a337531d9c242e4a71267a",2,"experience",12,12,38.1666666666667,5.85709446360186,29,47,-0.171654754231672,0
"66a337531d9c242e4a71267a",3,"experience",12,12,39.9166666666667,5.67829688864148,29,47,-0.647358194882023,0
"66a337531d9c242e4a71267a",4,"experience",7,7,9.57142857142857,5.34140545595426,2,18,0.0471772166761236,0
"66a337531d9c242e4a71267a",5,"experience",11,11,38,6.09023062707063,29,47,0.0217320080767011,0
"66a337531d9c242e4a71267a",6,"experience",9,9,41.4444444444444,4.44999653211129,35,48,0.0221668224838236,0
"66a337531d9c242e4a71267a",7,"experience",4,4,15.25,5.11737237261468,7,20,-0.749237811733174,0
"66a337531d9c242e4a71267a",8,"experience",7,7,37.4285714285714,6.34388666033558,29,47,0.221717206144524,0
"66a337531d9c242e4a71267a",9,"experience",3,3,32,0.816496580927726,31,33,0,0
"66a337531d9c242e4a71267a",10,"experience",5,5,43.6,4.4988887516808,35,48,-1.17341229685374,0
"66a337531d9c242e4a71267a",11,"experience",3,3,8.33333333333333,6.12825877028341,1,16,0.0814283184525243,1
"66a337531d9c242e4a71267a",12,"experience",4,4,16,3.53553390593274,10,19,-1.01823376490863,0
"66a337531d9c242e4a71267a",13,"experience",12,12,38.9166666666667,5.36125503548894,31,48,0.114231930394279,0
"66a337531d9c242e4a71267a",14,"experience",7,7,37.5714285714286,6.1145527311522,31,48,0.617422940626735,0
"66a337531d9c242e4a71267a",15,"experience",11,11,35.7272727272727,4.55453638177285,29,43,0.211609076730327,0
"66a337531d9c242e4a71267a",16,"experience",9,9,39.4444444444444,6.58468106223514,29,48,-0.320330796995149,0
"66a337531d9c242e4a71267a",17,"experience",8,8,37.5,5.59016994374947,31,47,0.42932505167996,0
"66a337531d9c242e4a71267a",18,"experience",9,9,38.5555555555556,5.98351645237167,30,48,0.121585623493305,0
"66a337531d9c242e4a71267a",19,"experience",9,9,39.4444444444444,5.75637059866161,29,48,-0.201796625444206,0
"66a337531d9c242e4a71267a",20,"experience",7,7,39.8571428571429,6.91641053537726,29,48,-0.459181795760135,0
"66a337531d9c242e4a71267a",21,"experience",2,2,25,4,21,29,0,0
"66a337531d9c242e4a71267a",22,"experience",2,2,36,4,32,40,0,0
"66a337531d9c242e4a71267a",23,"experience",12,12,26.3333333333333,5.45180907793204,17,35,-0.206282093856245,0
"66a337531d9c242e4a71267a",24,"experience",8,8,36,5.47722557505166,28,44,0,0
"66a337531d9c242e4a71267a",25,"experience",12,12,26.3333333333333,5.45180907793204,17,35,-0.206282093856245,0
"66a337531d9c242e4a71267a",26,"experience",6,6,21,4.32049379893857,15,27,0,0
"66a337531d9c242e4a71267a",27,"experience",2,2,17,4,13,21,0,0
"66a337531d9c242e4a71267a",28,"experience",12,12,22.3333333333333,5.45180907793204,13,31,-0.206282093856245,0
"66a337531d9c242e4a71267a",29,"experience",8,8,25,5.47722557505166,17,33,0,0
"66a337531d9c242e4a71267a",30,"experience",6,6,23,4.32049379893857,17,29,0,0
"66a337531d9c242e4a71267a",31,"experience",6,6,30,4.32049379893857,24,36,0,0
"66a337531d9c242e4a71267a",32,"experience",2,2,25,4,21,29,0,0
"66a337531d9c242e4a71267a",33,"experience",8,8,16,5.47722557505166,8,24,0,0
"66a337531d9c242e4a71267a",34,"experience",12,12,20.3333333333333,5.45180907793204,11,29,-0.206282093856245,0
"66a337531d9c242e4a71267a",35,"experience",6,6,23,4.32049379893857,17,29,0,0
"66a337531d9c242e4a71267a",36,"experience",2,2,36,4,32,40,0,0
"66a337531d9c242e4a71267a",37,"experience",12,12,35.3333333333333,5.45180907793204,26,44,-0.206282093856247,0
"66a337531d9c242e4a71267a",38,"experience",12,12,19.3333333333333,5.45180907793204,10,28,-0.206282093856245,0
"66a337531d9c242e4a71267a",39,"experience",6,6,36,4.32049379893857,30,42,0,0
"66a337531d9c242e4a71267a",40,"experience",2,2,18,4,14,22,0,0
"66a337531d9c242e4a71267a",41,"experience",6,6,36,4.32049379893857,30,42,0,0
"66a337531d9c242e4a71267a",42,"experience",8,8,15,5.47722557505166,7,23,0,0
"66a337531d9c242e4a71267a",43,"experience",2,2,35,4,31,39,0,0
"66a337531d9c242e4a71267a",44,"experience",6,6,21,4.32049379893857,15,27,0,0
"66a337531d9c242e4a71267a",45,"experience",2,2,34,4,30,38,0,0
"66a337531d9c242e4a71267a",46,"experience",8,8,31,5.47722557505166,23,39,0,0
"66a337531d9c242e4a71267a",47,"experience",2,2,16,4,12,20,0,0
"66a337531d9c242e4a71267a",48,"experience",8,8,20,5.47722557505166,12,28,0,0
"66a337531d9c242e4a71267a",49,"experience",8,8,19,5.47722557505166,11,27,0,0
"66a337531d9c242e4a71267a",50,"experience",12,12,31.3333333333333,5.45180907793204,22,40,-0.206282093856245,0
"66a337531d9c242e4a71267a",51,"experience",6,6,31,4.32049379893857,25,37,0,0
"66a337531d9c242e4a71267a",52,"experience",6,6,32,4.32049379893857,26,38,0,0
"66a337531d9c242e4a71267a",53,"experience",6,6,28,4.32049379893857,22,34,0,0
"66a337531d9c242e4a71267a",54,"experience",2,2,23,4,19,27,0,0
"66a337531d9c242e4a71267a",55,"experience",2,2,30,4,26,34,0,0
"66a337531d9c242e4a71267a",56,"experience",8,8,35,5.47722557505166,27,43,0,0
"66a337531d9c242e4a71267a",57,"experience",12,12,20.3333333333333,5.45180907793204,11,29,-0.206282093856245,0
"66a337531d9c242e4a71267a",58,"experience",8,8,25,5.47722557505166,17,33,0,0
"66a337531d9c242e4a71267a",59,"experience",6,6,33,4.32049379893857,27,39,0,0
"66a337531d9c242e4a71267a",60,"experience",12,12,36.3333333333333,5.45180907793204,27,45,-0.206282093856247,0
"66a337531d9c242e4a71267a",61,"experience",12,12,22.3333333333333,5.45180907793204,13,31,-0.206282093856245,0
"66a337531d9c242e4a71267a",62,"experience",8,8,19,5.47722557505166,11,27,0,0
"66a337531d9c242e4a71267a",63,"experience",8,8,32,5.47722557505166,24,40,0,0
"66a337531d9c242e4a71267a",64,"experience",12,12,17.3333333333333,5.45180907793204,8,26,-0.206282093856245,0
"66a337531d9c242e4a71267a",65,"experience",12,12,22.3333333333333,5.45180907793204,13,31,-0.206282093856245,0
"66a337531d9c242e4a71267a",66,"experience",2,2,17,4,13,21,0,0
"66a337531d9c242e4a71267a",67,"experience",8,8,23,5.47722557505166,15,31,0,0
"66a337531d9c242e4a71267a",68,"experience",6,6,30,4.32049379893857,24,36,0,0
"66a337531d9c242e4a71267a",69,"experience",2,2,14,4,10,18,0,0
"66a337531d9c242e4a71267a",70,"experience",6,6,36,4.32049379893857,30,42,0,0
"66a337531d9c242e4a71267a",71,"experience",12,12,30.3333333333333,5.45180907793204,21,39,-0.206282093856245,0
"66a337531d9c242e4a71267a",72,"experience",2,2,15,4,11,19,0,0
"66a337531d9c242e4a71267a",73,"experience",6,6,34,4.32049379893857,28,40,0,0
"66a337531d9c242e4a71267a",74,"experience",8,8,35,5.47722557505166,27,43,0,0
"66a337531d9c242e4a71267a",75,"experience",6,6,33,4.32049379893857,27,39,0,0
"66a337531d9c242e4a71267a",76,"experience",8,8,26,5.47722557505166,18,34,0,0
"66a337531d9c242e4a71267a",77,"experience",12,12,17.3333333333333,5.45180907793204,8,26,-0.206282093856245,0
"66a337531d9c242e4a71267a",78,"experience",2,2,30,4,26,34,0,0
"66a337531d9c242e4a71267a",79,"experience",6,6,14,4.32049379893857,8,20,0,0
"66a337531d9c242e4a71267a",80,"experience",2,2,21,4,17,25,0,0
"66a337531d9c242e4a71267a",81,"experience",6,6,16,4.32049379893857,10,22,0,0
"66a337531d9c242e4a71267a",82,"experience",2,2,29,4,25,33,0,0
"66a337531d9c242e4a71267a",83,"experience",12,12,27.3333333333333,5.45180907793204,18,36,-0.206282093856245,0
"66a337531d9c242e4a71267a",84,"experience",12,12,27.3333333333333,5.45180907793204,18,36,-0.206282093856245,0
"66a337531d9c242e4a71267a",85,"experience",2,2,15,4,11,19,0,0
"66a337531d9c242e4a71267a",86,"experience",6,6,15,4.32049379893857,9,21,0,0
"66a337531d9c242e4a71267a",87,"experience",2,2,21,4,17,25,0,0
"66a337531d9c242e4a71267a",88,"experience",6,6,36,4.32049379893857,30,42,0,0
"66a337531d9c242e4a71267a",89,"experience",8,8,18,5.47722557505166,10,26,0,0
"66a337531d9c242e4a71267a",90,"experience",12,12,24.3333333333333,5.45180907793204,15,33,-0.206282093856245,0
"66a337531d9c242e4a71267a",91,"experience",2,2,35,4,31,39,0,0
"66a337531d9c242e4a71267a",92,"experience",6,6,18,4.32049379893857,12,24,0,0
"66a337531d9c242e4a71267a",93,"experience",2,2,35,4,31,39,0,0
"66a337531d9c242e4a71267a",94,"experience",8,8,30,5.47722557505166,22,38,0,0
"66a337531d9c242e4a71267a",95,"experience",8,8,24,5.47722557505166,16,32,0,0
"66a337531d9c242e4a71267a",96,"experience",8,8,20,5.47722557505166,12,28,0,0
"66a337531d9c242e4a71267a",97,"experience",8,8,17,5.47722557505166,9,25,0,0
"66a337531d9c242e4a71267a",98,"experience",8,8,16,5.47722557505166,8,24,0,0
"66a337531d9c242e4a71267a",99,"experience",2,2,31,4,27,35,0,0
"66a337531d9c242e4a71267a",100,"experience",12,12,21.3333333333333,5.45180907793204,12,30,-0.206282093856245,0
"66a337531d9c242e4a71267a",101,"experience",12,12,31.3333333333333,5.45180907793204,22,40,-0.206282093856245,0
"66a337531d9c242e4a71267a",102,"experience",12,12,24.3333333333333,5.45180907793204,15,33,-0.206282093856245,0
"66a337531d9c242e4a71267a",103,"experience",6,6,16,4.32049379893857,10,22,0,0
"66a337531d9c242e4a71267a",104,"experience",12,12,14.3333333333333,5.45180907793204,5,23,-0.206282093856245,0
"66a337531d9c242e4a71267a",105,"experience",2,2,31,4,27,35,0,0
"66a337531d9c242e4a71267a",106,"experience",6,6,19,4.32049379893857,13,25,0,0
"66a337531d9c242e4a71267a",107,"experience",8,8,32,5.47722557505166,24,40,0,0
"66a337531d9c242e4a71267a",108,"experience",2,2,35,4,31,39,0,0
"66a337531d9c242e4a71267a",109,"experience",12,12,27.3333333333333,5.45180907793204,18,36,-0.206282093856245,0
"66a337531d9c242e4a71267a",110,"experience",8,8,18,5.47722557505166,10,26,0,0
"66a337531d9c242e4a71267a",111,"experience",6,6,18,4.32049379893857,12,24,0,0
"66a337531d9c242e4a71267a",112,"experience",12,12,14.3333333333333,5.45180907793204,5,23,-0.206282093856245,0
"66a337531d9c242e4a71267a",113,"experience",8,8,24,5.47722557505166,16,32,0,0
"66a337531d9c242e4a71267a",114,"experience",6,6,34,4.32049379893857,28,40,0,0
"66a337531d9c242e4a71267a",115,"experience",12,12,36.3333333333333,5.45180907793204,27,45,-0.206282093856247,0
"66a337531d9c242e4a71267a",116,"experience",8,8,16,5.47722557505166,8,24,0,0
"67c44dd612fd47cf995211d8",1,"experience",2,2,37.5,5.5,32,43,0,0
"67c44dd612fd47cf995211d8",2,"experience",10,10,39.6,5.8172158288996,29,47,-0.50863941363968,0
"67c44dd612fd47cf995211d8",3,"experience",3,3,6,4.96655480858378,2,13,0.685667537488922,0
"67c44dd612fd47cf995211d8",4,"experience",4,4,11,4.58257569495584,6,18,0.49878374911084,0
"67c44dd612fd47cf995211d8",5,"experience",5,5,38.4,7.52595508889071,29,47,-0.226222765452657,0
"67c44dd612fd47cf995211d8",6,"experience",4,4,36.75,4.81534007106456,31,42,-0.0478591787128567,0
"67c44dd612fd47cf995211d8",7,"experience",3,3,8,5.71547606649408,3,16,0.642723256123866,0
"67c44dd612fd47cf995211d8",8,"experience",3,3,38,6.16441400296898,30,45,-0.239063146929545,0
"67c44dd612fd47cf995211d8",9,"experience",11,11,9.90909090909091,5.26488444929828,2,19,0.204424726698059,0
"67c44dd612fd47cf995211d8",10,"experience",8,8,38,4.79583152331272,29,44,-0.550750028433361,0
"67c44dd612fd47cf995211d8",11,"experience",8,8,36.125,5.77575752607396,29,46,0.395033190842668,0
"67c44dd612fd47cf995211d8",12,"experience",3,3,43,4.08248290463863,38,48,0,0
"67c44dd612fd47cf995211d8",13,"experience",10,10,40.6,6.26418390534633,29,48,-0.676336664396221,0
"67c44dd612fd47cf995211d8",14,"experience",9,9,13.4444444444444,5.7176357023416,1,20,-0.869717135853619,1
"67c44dd612fd47cf995211d8",15,"experience",12,12,9.33333333333333,5.69112369298796,1,18,-0.049328017086586,1
"67c44dd612fd47cf995211d8",16,"experience",6,6,39.3333333333333,6.04611904907235,32,48,0.442227293830486,0
"67c44dd612fd47cf995211d8",17,"experience",9,9,12.4444444444444,5.51988548816632,2,20,-0.255285768372683,0
"67c44dd612fd47cf995211d8",18,"experience",10,10,12.2,5.7930993431841,4,20,-0.0748084984388065,0
"67c44dd612fd47cf995211d8",19,"experience",10,10,10.1,6.42572953056694,1,20,0.184352103372398,1
"67c44dd612fd47cf995211d8",20,"experience",3,3,34.6666666666667,2.05480466765633,32,37,-0.239063146929541,0
"67c44dd612fd47cf995211d8",21,"experience",2,2,19,4,15,23,0,0
"67c44dd612fd47cf995211d8",22,"experience",2,2,36,4,32,40,0,0
"67c44dd612fd47cf995211d8",23,"experience",2,2,22,4,18,26,0,0
"67c44dd612fd47cf995211d8",24,"experience",12,12,16.3333333333333,5.45180907793204,7,25,-0.206282093856245,0
"67c44dd612fd47cf995211d8",25,"experience",6,6,20,4.32049379893857,14,26,0,0
"67c44dd612fd47cf995211d8",26,"experience",12,12,29.3333333333333,5.45180907793204,20,38,-0.206282093856245,0
"67c44dd612fd47cf995211d8",27,"experience",12,12,29.3333333333333,5.45180907793204,20,38,-0.206282093856245,0
"67c44dd612fd47cf995211d8",28,"experience",8,8,34,5.47722557505166,26,42,0,0
"67c44dd612fd47cf995211d8",29,"experience",8,8,31,5.47722557505166,23,39,0,0
"67c44dd612fd47cf995211d8",30,"experience",8,8,14,5.47722557505166,6,22,0,0
"67c44dd612fd47cf995211d8",31,"experience",8,8,19,5.47722557505166,11,27,0,0
"67c44dd612fd47cf995211d8",32,"experience",2,2,17,4,13,21,0,0
"67c44dd612fd47cf995211d8",33,"experience",6,6,34,4.32049379893857,28,40,0,0
"67c44dd612fd47cf995211d8",34,"experience",8,8,14,5.47722557505166,6,22,0,0
"67c44dd612fd47cf995211d8",35,"experience",12,12,29.3333333333333,5.45180907793204,20,38,-0.206282093856245,0
"67c44dd612fd47cf995211d8",36,"experience",2,2,34,4,30,38,0,0
"67c44dd612fd47cf995211d8",37,"experience",2,2,34,4,30,38,0,0
"67c44dd612fd47cf995211d8",38,"experience",12,12,28.3333333333333,5.45180907793204,19,37,-0.206282093856245,0
"67c44dd612fd47cf995211d8",39,"experience",6,6,25,4.32049379893857,19,31,0,0
"67c44dd612fd47cf995211d8",40,"experience",8,8,22,5.47722557505166,14,30,0,0
"67c44dd612fd47cf995211d8",41,"experience",6,6,16,4.32049379893857,10,22,0,0
"67c44dd612fd47cf995211d8",42,"experience",12,12,25.3333333333333,5.45180907793204,16,34,-0.206282093856245,0
"67c44dd612fd47cf995211d8",43,"experience",8,8,19,5.47722557505166,11,27,0,0
"67c44dd612fd47cf995211d8",44,"experience",6,6,20,4.32049379893857,14,26,0,0
"67c44dd612fd47cf995211d8",45,"experience",6,6,25,4.32049379893857,19,31,0,0
"67c44dd612fd47cf995211d8",46,"experience",6,6,19,4.32049379893857,13,25,0,0
"67c44dd612fd47cf995211d8",47,"experience",2,2,31,4,27,35,0,0
"67c44dd612fd47cf995211d8",48,"experience",12,12,32.3333333333333,5.45180907793204,23,41,-0.206282093856247,0
"67c44dd612fd47cf995211d8",49,"experience",12,12,19.3333333333333,5.45180907793204,10,28,-0.206282093856245,0
"67c44dd612fd47cf995211d8",50,"experience",6,6,25,4.32049379893857,19,31,0,0
"67c44dd612fd47cf995211d8",51,"experience",12,12,32.3333333333333,5.45180907793204,23,41,-0.206282093856247,0
"67c44dd612fd47cf995211d8",52,"experience",8,8,17,5.47722557505166,9,25,0,0
"67c44dd612fd47cf995211d8",53,"experience",8,8,16,5.47722557505166,8,24,0,0
"67c44dd612fd47cf995211d8",54,"experience",2,2,21,4,17,25,0,0
"67c44dd612fd47cf995211d8",55,"experience",2,2,17,4,13,21,0,0
"67c44dd612fd47cf995211d8",56,"experience",2,2,17,4,13,21,0,0
"67c44dd612fd47cf995211d8",57,"experience",2,2,34,4,30,38,0,0
"67c44dd612fd47cf995211d8",58,"experience",6,6,20,4.32049379893857,14,26,0,0
"67c44dd612fd47cf995211d8",59,"experience",12,12,22.3333333333333,5.45180907793204,13,31,-0.206282093856245,0
"67c44dd612fd47cf995211d8",60,"experience",2,2,15,4,11,19,0,0
"67c44dd612fd47cf995211d8",61,"experience",6,6,35,4.32049379893857,29,41,0,0
"67c44dd612fd47cf995211d8",62,"experience",12,12,30.3333333333333,5.45180907793204,21,39,-0.206282093856245,0
"67c44dd612fd47cf995211d8",63,"experience",12,12,23.3333333333333,5.45180907793204,14,32,-0.206282093856245,0
"67c44dd612fd47cf995211d8",64,"experience",6,6,15,4.32049379893857,9,21,0,0
"67c44dd612fd47cf995211d8",65,"experience",8,8,30,5.47722557505166,22,38,0,0
"67c44dd612fd47cf995211d8",66,"experience",8,8,29,5.47722557505166,21,37,0,0
"67c44dd612fd47cf995211d8",67,"experience",6,6,33,4.32049379893857,27,39,0,0
"67c44dd612fd47cf995211d8",68,"experience",8,8,34,5.47722557505166,26,42,0,0
"67c44dd612fd47cf995211d8",69,"experience",12,12,32.3333333333333,5.45180907793204,23,41,-0.206282093856247,0
"67c44dd612fd47cf995211d8",70,"experience",6,6,33,4.32049379893857,27,39,0,0
"67c44dd612fd47cf995211d8",71,"experience",2,2,25,4,21,29,0,0
"67c44dd612fd47cf995211d8",72,"experience",12,12,21.3333333333333,5.45180907793204,12,30,-0.206282093856245,0
"67c44dd612fd47cf995211d8",73,"experience",2,2,29,4,25,33,0,0
"67c44dd612fd47cf995211d8",74,"experience",6,6,17,4.32049379893857,11,23,0,0
"67c44dd612fd47cf995211d8",75,"experience",12,12,15.3333333333333,5.45180907793204,6,24,-0.206282093856245,0
"67c44dd612fd47cf995211d8",76,"experience",6,6,31,4.32049379893857,25,37,0,0
"67c44dd612fd47cf995211d8",77,"experience",8,8,31,5.47722557505166,23,39,0,0
"67c44dd612fd47cf995211d8",78,"experience",8,8,21,5.47722557505166,13,29,0,0
"67c44dd612fd47cf995211d8",79,"experience",8,8,25,5.47722557505166,17,33,0,0
"67c44dd612fd47cf995211d8",80,"experience",8,8,36,5.47722557505166,28,44,0,0
"67c44dd612fd47cf995211d8",81,"experience",6,6,21,4.32049379893857,15,27,0,0
"67c44dd612fd47cf995211d8",82,"experience",6,6,30,4.32049379893857,24,36,0,0
"67c44dd612fd47cf995211d8",83,"experience",12,12,19.3333333333333,5.45180907793204,10,28,-0.206282093856245,0
"67c44dd612fd47cf995211d8",84,"experience",8,8,26,5.47722557505166,18,34,0,0
"67c44dd612fd47cf995211d8",85,"experience",8,8,18,5.47722557505166,10,26,0,0
"67c44dd612fd47cf995211d8",86,"experience",2,2,16,4,12,20,0,0
"67c44dd612fd47cf995211d8",87,"experience",8,8,17,5.47722557505166,9,25,0,0
"67c44dd612fd47cf995211d8",88,"experience",8,8,35,5.47722557505166,27,43,0,0
"67c44dd612fd47cf995211d8",89,"experience",2,2,23,4,19,27,0,0
"67c44dd612fd47cf995211d8",90,"experience",8,8,14,5.47722557505166,6,22,0,0
"67c44dd612fd47cf995211d8",91,"experience",2,2,18,4,14,22,0,0
"67c44dd612fd47cf995211d8",92,"experience",12,12,31.3333333333333,5.45180907793204,22,40,-0.206282093856245,0
"67c44dd612fd47cf995211d8",93,"experience",2,2,16,4,12,20,0,0
"67c44dd612fd47cf995211d8",94,"experience",6,6,28,4.32049379893857,22,34,0,0
"67c44dd612fd47cf995211d8",95,"experience",2,2,20,4,16,24,0,0
"67c44dd612fd47cf995211d8",96,"experience",12,12,32.3333333333333,5.45180907793204,23,41,-0.206282093856247,0
"67c44dd612fd47cf995211d8",97,"experience",2,2,36,4,32,40,0,0
"67c44dd612fd47cf995211d8",98,"experience",8,8,16,5.47722557505166,8,24,0,0
"67c44dd612fd47cf995211d8",99,"experience",6,6,36,4.32049379893857,30,42,0,0
"67c44dd612fd47cf995211d8",100,"experience",2,2,20,4,16,24,0,0
"67c44dd612fd47cf995211d8",101,"experience",12,12,18.3333333333333,5.45180907793204,9,27,-0.206282093856245,0
"67c44dd612fd47cf995211d8",102,"experience",8,8,16,5.47722557505166,8,24,0,0
"67c44dd612fd47cf995211d8",103,"experience",12,12,15.3333333333333,5.45180907793204,6,24,-0.206282093856245,0
"67c44dd612fd47cf995211d8",104,"experience",6,6,24,4.32049379893857,18,30,0,0
"67c44dd612fd47cf995211d8",105,"experience",2,2,26,4,22,30,0,0
"67c44dd612fd47cf995211d8",106,"experience",6,6,14,4.32049379893857,8,20,0,0
"67c44dd612fd47cf995211d8",107,"experience",2,2,28,4,24,32,0,0
"67c44dd612fd47cf995211d8",108,"experience",6,6,32,4.32049379893857,26,38,0,0
"67c44dd612fd47cf995211d8",109,"experience",12,12,25.3333333333333,5.45180907793204,16,34,-0.206282093856245,0
"67c44dd612fd47cf995211d8",110,"experience",2,2,25,4,21,29,0,0
"67c44dd612fd47cf995211d8",111,"experience",8,8,20,5.47722557505166,12,28,0,0
"67c44dd612fd47cf995211d8",112,"experience",6,6,34,4.32049379893857,28,40,0,0
"67c44dd612fd47cf995211d8",113,"experience",6,6,32,4.32049379893857,26,38,0,0
"67c44dd612fd47cf995211d8",114,"experience",12,12,23.3333333333333,5.45180907793204,14,32,-0.206282093856245,0
"67c44dd612fd47cf995211d8",115,"experience",12,12,20.3333333333333,5.45180907793204,11,29,-0.206282093856245,0
"67c44dd612fd47cf995211d8",116,"experience",12,12,22.3333333333333,5.45180907793204,13,31,-0.206282093856245,0
"67d086393f43728f3325b593",1,"experience",12,12,9.91666666666667,6.49946579001348,1,20,0.0654799913269127,1
"67d086393f43728f3325b593",2,"experience",11,11,12.0909090909091,5.72799418255395,1,20,-0.282224254352694,1
"67d086393f43728f3325b593",3,"experience",9,9,40.7777777777778,5.65248770754529,33,48,-0.137933398308625,0
"67d086393f43728f3325b593",4,"experience",9,9,11.7777777777778,6.47692961857319,1,20,-0.263432293506649,1
"67d086393f43728f3325b593",5,"experience",10,10,36.6,5.44426303552648,29,46,0.236924361312638,0
"67d086393f43728f3325b593",6,"experience",9,9,10.6666666666667,7.33333333333333,1,20,-0.0266716754320057,1
"67d086393f43728f3325b593",7,"experience",4,4,40.25,6.57171971404746,30,48,-0.520253172777543,0
"67d086393f43728f3325b593",8,"experience",10,10,11.2,5.7930993431841,2,19,-0.309356595854208,0
"67d086393f43728f3325b593",9,"experience",3,3,9.66666666666667,6.94422221866655,1,18,-0.0718917014929162,1
"67d086393f43728f3325b593",10,"experience",7,7,12.5714285714286,4.06578556307363,6,20,0.260009496502734,0
"67d086393f43728f3325b593",11,"experience",2,2,8,3,5,11,0,0
"67d086393f43728f3325b593",12,"experience",7,7,41.1428571428571,5.16661180572146,32,48,-0.318102561727571,0
"67d086393f43728f3325b593",13,"experience",12,12,10.9166666666667,5.96459461228413,1,20,-0.0645086656463993,1
"67d086393f43728f3325b593",14,"experience",3,3,11,4.96655480858378,4,15,-0.685667537488922,0
"67d086393f43728f3325b593",15,"experience",10,10,10.4,6.15142259969188,1,20,0.156927552922247,1
"67d086393f43728f3325b593",16,"experience",6,6,38.1666666666667,5.8142545141708,30,46,0.0979845186033419,0
"67d086393f43728f3325b593",17,"experience",5,5,11.8,3.18747549010185,6,15,-0.929326275169195,0
"67d086393f43728f3325b593",18,"experience",10,10,38.3,4.73392015141785,29,44,-0.792706746573053,0
"67d086393f43728f3325b593",19,"experience",3,3,5.66666666666667,3.09120616516523,3,10,0.652012117044046,0
"67d086393f43728f3325b593",20,"experience",9,9,10.8888888888889,6.08174763706845,2,20,-0.0997876413095626,0
"67d086393f43728f3325b593",21,"experience",2,2,24,4,20,28,0,0
"67d086393f43728f3325b593",22,"experience",8,8,30,5.47722557505166,22,38,0,0
"67d086393f43728f3325b593",23,"experience",8,8,28,5.47722557505166,20,36,0,0
"67d086393f43728f3325b593",24,"experience",12,12,18.3333333333333,5.45180907793204,9,27,-0.206282093856245,0
"67d086393f43728f3325b593",25,"experience",8,8,33,5.47722557505166,25,41,0,0
"67d086393f43728f3325b593",26,"experience",12,12,34.3333333333333,5.45180907793204,25,43,-0.206282093856247,0
"67d086393f43728f3325b593",27,"experience",8,8,14,5.47722557505166,6,22,0,0
"67d086393f43728f3325b593",28,"experience",2,2,23,4,19,27,0,0
"67d086393f43728f3325b593",29,"experience",8,8,31,5.47722557505166,23,39,0,0
"67d086393f43728f3325b593",30,"experience",2,2,28,4,24,32,0,0
"67d086393f43728f3325b593",31,"experience",6,6,16,4.32049379893857,10,22,0,0
"67d086393f43728f3325b593",32,"experience",2,2,15,4,11,19,0,0
"67d086393f43728f3325b593",33,"experience",2,2,18,4,14,22,0,0
"67d086393f43728f3325b593",34,"experience",8,8,34,5.47722557505166,26,42,0,0
"67d086393f43728f3325b593",35,"experience",8,8,22,5.47722557505166,14,30,0,0
"67d086393f43728f3325b593",36,"experience",12,12,15.3333333333333,5.45180907793204,6,24,-0.206282093856245,0
"67d086393f43728f3325b593",37,"experience",12,12,17.3333333333333,5.45180907793204,8,26,-0.206282093856245,0
"67d086393f43728f3325b593",38,"experience",2,2,21,4,17,25,0,0
"67d086393f43728f3325b593",39,"experience",12,12,24.3333333333333,5.45180907793204,15,33,-0.206282093856245,0
"67d086393f43728f3325b593",40,"experience",2,2,28,4,24,32,0,0
"67d086393f43728f3325b593",41,"experience",6,6,33,4.32049379893857,27,39,0,0
"67d086393f43728f3325b593",42,"experience",2,2,33,4,29,37,0,0
"67d086393f43728f3325b593",43,"experience",8,8,22,5.47722557505166,14,30,0,0
"67d086393f43728f3325b593",44,"experience",6,6,25,4.32049379893857,19,31,0,0
"67d086393f43728f3325b593",45,"experience",8,8,23,5.47722557505166,15,31,0,0
"67d086393f43728f3325b593",46,"experience",6,6,24,4.32049379893857,18,30,0,0
"67d086393f43728f3325b593",47,"experience",6,6,20,4.32049379893857,14,26,0,0
"67d086393f43728f3325b593",48,"experience",6,6,31,4.32049379893857,25,37,0,0
"67d086393f43728f3325b593",49,"experience",12,12,31.3333333333333,5.45180907793204,22,40,-0.206282093856245,0
"67d086393f43728f3325b593",50,"experience",2,2,17,4,13,21,0,0
"67d086393f43728f3325b593",51,"experience",12,12,27.3333333333333,5.45180907793204,18,36,-0.206282093856245,0
"67d086393f43728f3325b593",52,"experience",6,6,22,4.32049379893857,16,28,0,0
"67d086393f43728f3325b593",53,"experience",6,6,28,4.32049379893857,22,34,0,0
"67d086393f43728f3325b593",54,"experience",12,12,28.3333333333333,5.45180907793204,19,37,-0.206282093856245,0
"67d086393f43728f3325b593",55,"experience",8,8,20,5.47722557505166,12,28,0,0
"67d086393f43728f3325b593",56,"experience",6,6,31,4.32049379893857,25,37,0,0
"67d086393f43728f3325b593",57,"experience",8,8,30,5.47722557505166,22,38,0,0
"67d086393f43728f3325b593",58,"experience",12,12,32.3333333333333,5.45180907793204,23,41,-0.206282093856247,0
"67d086393f43728f3325b593",59,"experience",6,6,22,4.32049379893857,16,28,0,0
"67d086393f43728f3325b593",60,"experience",12,12,23.3333333333333,5.45180907793204,14,32,-0.206282093856245,0
"67d086393f43728f3325b593",61,"experience",12,12,24.3333333333333,5.45180907793204,15,33,-0.206282093856245,0
"67d086393f43728f3325b593",62,"experience",2,2,27,4,23,31,0,0
"67d086393f43728f3325b593",63,"experience",2,2,31,4,27,35,0,0
"67d086393f43728f3325b593",64,"experience",6,6,16,4.32049379893857,10,22,0,0
"67d086393f43728f3325b593",65,"experience",2,2,24,4,20,28,0,0
"67d086393f43728f3325b593",66,"experience",8,8,29,5.47722557505166,21,37,0,0
"67d086393f43728f3325b593",67,"experience",12,12,28.3333333333333,5.45180907793204,19,37,-0.206282093856245,0
"67d086393f43728f3325b593",68,"experience",6,6,25,4.32049379893857,19,31,0,0
"67d086393f43728f3325b593",69,"experience",12,12,24.3333333333333,5.45180907793204,15,33,-0.206282093856245,0
"67d086393f43728f3325b593",70,"experience",8,8,23,5.47722557505166,15,31,0,0
"67d086393f43728f3325b593",71,"experience",2,2,19,4,15,23,0,0
"67d086393f43728f3325b593",72,"experience",8,8,18,5.47722557505166,10,26,0,0
"67d086393f43728f3325b593",73,"experience",8,8,34,5.47722557505166,26,42,0,0
"67d086393f43728f3325b593",74,"experience",8,8,34,5.47722557505166,26,42,0,0
"67d086393f43728f3325b593",75,"experience",6,6,15,4.32049379893857,9,21,0,0
"67d086393f43728f3325b593",76,"experience",2,2,24,4,20,28,0,0
"67d086393f43728f3325b593",77,"experience",8,8,15,5.47722557505166,7,23,0,0
"67d086393f43728f3325b593",78,"experience",6,6,28,4.32049379893857,22,34,0,0
"67d086393f43728f3325b593",79,"experience",12,12,15.3333333333333,5.45180907793204,6,24,-0.206282093856245,0
"67d086393f43728f3325b593",80,"experience",2,2,35,4,31,39,0,0
"67d086393f43728f3325b593",81,"experience",2,2,35,4,31,39,0,0
"67d086393f43728f3325b593",82,"experience",2,2,36,4,32,40,0,0
"67d086393f43728f3325b593",83,"experience",6,6,24,4.32049379893857,18,30,0,0
"67d086393f43728f3325b593",84,"experience",12,12,31.3333333333333,5.45180907793204,22,40,-0.206282093856245,0
"67d086393f43728f3325b593",85,"experience",2,2,18,4,14,22,0,0
"67d086393f43728f3325b593",86,"experience",6,6,17,4.32049379893857,11,23,0,0
"67d086393f43728f3325b593",87,"experience",2,2,36,4,32,40,0,0
"67d086393f43728f3325b593",88,"experience",2,2,20,4,16,24,0,0
"67d086393f43728f3325b593",89,"experience",6,6,32,4.32049379893857,26,38,0,0
"67d086393f43728f3325b593",90,"experience",2,2,23,4,19,27,0,0
"67d086393f43728f3325b593",91,"experience",12,12,16.3333333333333,5.45180907793204,7,25,-0.206282093856245,0
"67d086393f43728f3325b593",92,"experience",2,2,26,4,22,30,0,0
"67d086393f43728f3325b593",93,"experience",12,12,26.3333333333333,5.45180907793204,17,35,-0.206282093856245,0
"67d086393f43728f3325b593",94,"experience",12,12,17.3333333333333,5.45180907793204,8,26,-0.206282093856245,0
"67d086393f43728f3325b593",95,"experience",6,6,31,4.32049379893857,25,37,0,0
"67d086393f43728f3325b593",96,"experience",6,6,32,4.32049379893857,26,38,0,0
"67d086393f43728f3325b593",97,"experience",8,8,27,5.47722557505166,19,35,0,0
"67d086393f43728f3325b593",98,"experience",6,6,26,4.32049379893857,20,32,0,0
"67d086393f43728f3325b593",99,"experience",12,12,31.3333333333333,5.45180907793204,22,40,-0.206282093856245,0
"67d086393f43728f3325b593",100,"experience",12,12,17.3333333333333,5.45180907793204,8,26,-0.206282093856245,0
"67d086393f43728f3325b593",101,"experience",6,6,25,4.32049379893857,19,31,0,0
"67d086393f43728f3325b593",102,"experience",12,12,35.3333333333333,5.45180907793204,26,44,-0.206282093856247,0
"67d086393f43728f3325b593",103,"experience",12,12,30.3333333333333,5.45180907793204,21,39,-0.206282093856245,0
"67d086393f43728f3325b593",104,"experience",8,8,23,5.47722557505166,15,31,0,0
"67d086393f43728f3325b593",105,"experience",8,8,30,5.47722557505166,22,38,0,0
"67d086393f43728f3325b593",106,"experience",8,8,26,5.47722557505166,18,34,0,0
"67d086393f43728f3325b593",107,"experience",2,2,36,4,32,40,0,0
"67d086393f43728f3325b593",108,"experience",12,12,36.3333333333333,5.45180907793204,27,45,-0.206282093856247,0
"67d086393f43728f3325b593",109,"experience",8,8,17,5.47722557505166,9,25,0,0
"67d086393f43728f3325b593",110,"experience",8,8,36,5.47722557505166,28,44,0,0
"67d086393f43728f3325b593",111,"experience",8,8,27,5.47722557505166,19,35,0,0
"67d086393f43728f3325b593",112,"experience",6,6,27,4.32049379893857,21,33,0,0
"67d086393f43728f3325b593",113,"experience",6,6,24,4.32049379893857,18,30,0,0
"67d086393f43728f3325b593",114,"experience",12,12,36.3333333333333,5.45180907793204,27,45,-0.206282093856247,0
"67d086393f43728f3325b593",115,"experience",6,6,16,4.32049379893857,10,22,0,0
"67d086393f43728f3325b593",116,"experience",2,2,15,4,11,19,0,0
"66ea6bd034571ff4a00f2171",1,"experience",3,3,44,1.63299316185545,42,46,0,0
"66ea6bd034571ff4a00f2171",2,"experience",8,8,39.25,6.07762289057161,30,48,0.0814337886340085,0
"66ea6bd034571ff4a00f2171",3,"experience",12,12,9.58333333333333,4.88975686739353,2,19,0.256967949312218,0
"66ea6bd034571ff4a00f2171",4,"experience",9,9,38.7777777777778,5.73057642587895,30,48,-0.100881988751128,0
"66ea6bd034571ff4a00f2171",5,"experience",8,8,10.125,5.4643732485986,2,18,0.0562369788873663,0
"66ea6bd034571ff4a00f2171",6,"experience",5,5,40.8,6.11228271597445,33,48,-0.270526293925613,0
"66ea6bd034571ff4a00f2171",7,"experience",7,7,6.14285714285714,4.3892261416392,1,14,0.643979999814573,1
"66ea6bd034571ff4a00f2171",8,"experience",8,8,11.375,6.24374687187109,2,20,-0.0648504540540314,0
"66ea6bd034571ff4a00f2171",9,"experience",8,8,8.375,6.9810010027216,1,20,0.543027924679648,1
"66ea6bd034571ff4a00f2171",10,"experience",2,2,43,4,39,47,0,0
"66ea6bd034571ff4a00f2171",11,"experience",4,4,9.75,5.76085931090146,4,19,0.717387483107139,0
"66ea6bd034571ff4a00f2171",12,"experience",6,6,10.6666666666667,3.19722101554181,5,15,-0.461224818050159,0
"66ea6bd034571ff4a00f2171",13,"experience",2,2,44,1,43,45,0,0
"66ea6bd034571ff4a00f2171",14,"experience",2,2,3,2,1,5,0,1
"66ea6bd034571ff4a00f2171",15,"experience",9,9,37.7777777777778,6.35571095381115,29,48,0.12484306714084,0
"66ea6bd034571ff4a00f2171",16,"experience",5,5,9.6,5.88557558782486,2,16,-0.333378559503224,0
"66ea6bd034571ff4a00f2171",17,"experience",7,7,7.57142857142857,5.473498303048,1,18,0.650930123793682,1
"66ea6bd034571ff4a00f2171",18,"experience",4,4,39.75,2.6809513236909,37,44,0.656807734499699,0
"66ea6bd034571ff4a00f2171",19,"experience",7,7,12.8571428571429,5.84144237150311,1,20,-0.894889186020925,1
"66ea6bd034571ff4a00f2171",20,"experience",11,11,8.90909090909091,5.36748706150019,2,19,0.522889576325177,0
"66ea6bd034571ff4a00f2171",21,"experience",8,8,21,5.47722557505166,13,29,0,0
"66ea6bd034571ff4a00f2171",22,"experience",8,8,18,5.47722557505166,10,26,0,0
"66ea6bd034571ff4a00f2171",23,"experience",8,8,31,5.47722557505166,23,39,0,0
"66ea6bd034571ff4a00f2171",24,"experience",2,2,22,4,18,26,0,0
"66ea6bd034571ff4a00f2171",25,"experience",12,12,20.3333333333333,5.45180907793204,11,29,-0.206282093856245,0
"66ea6bd034571ff4a00f2171",26,"experience",8,8,25,5.47722557505166,17,33,0,0
"66ea6bd034571ff4a00f2171",27,"experience",2,2,24,4,20,28,0,0
"66ea6bd034571ff4a00f2171",28,"experience",8,8,26,5.47722557505166,18,34,0,0
"66ea6bd034571ff4a00f2171",29,"experience",12,12,33.3333333333333,5.45180907793204,24,42,-0.206282093856247,0
"66ea6bd034571ff4a00f2171",30,"experience",6,6,23,4.32049379893857,17,29,0,0
"66ea6bd034571ff4a00f2171",31,"experience",6,6,15,4.32049379893857,9,21,0,0
"66ea6bd034571ff4a00f2171",32,"experience",8,8,31,5.47722557505166,23,39,0,0
"66ea6bd034571ff4a00f2171",33,"experience",2,2,24,4,20,28,0,0
"66ea6bd034571ff4a00f2171",34,"experience",6,6,22,4.32049379893857,16,28,0,0
"66ea6bd034571ff4a00f2171",35,"experience",2,2,31,4,27,35,0,0
"66ea6bd034571ff4a00f2171",36,"experience",6,6,26,4.32049379893857,20,32,0,0
"66ea6bd034571ff4a00f2171",37,"experience",2,2,22,4,18,26,0,0
"66ea6bd034571ff4a00f2171",38,"experience",8,8,26,5.47722557505166,18,34,0,0
"66ea6bd034571ff4a00f2171",39,"experience",2,2,18,4,14,22,0,0
"66ea6bd034571ff4a00f2171",40,"experience",6,6,21,4.32049379893857,15,27,0,0
"66ea6bd034571ff4a00f2171",41,"experience",2,2,30,4,26,34,0,0
"66ea6bd034571ff4a00f2171",42,"experience",12,12,24.3333333333333,5.45180907793204,15,33,-0.206282093856245,0
"66ea6bd034571ff4a00f2171",43,"experience",6,6,21,4.32049379893857,15,27,0,0
"66ea6bd034571ff4a00f2171",44,"experience",12,12,30.3333333333333,5.45180907793204,21,39,-0.206282093856245,0
"66ea6bd034571ff4a00f2171",45,"experience",12,12,28.3333333333333,5.45180907793204,19,37,-0.206282093856245,0
"66ea6bd034571ff4a00f2171",46,"experience",2,2,22,4,18,26,0,0
"66ea6bd034571ff4a00f2171",47,"experience",6,6,19,4.32049379893857,13,25,0,0
"66ea6bd034571ff4a00f2171",48,"experience",6,6,27,4.32049379893857,21,33,0,0
"66ea6bd034571ff4a00f2171",49,"experience",8,8,32,5.47722557505166,24,40,0,0
"66ea6bd034571ff4a00f2171",50,"experience",2,2,16,4,12,20,0,0
"66ea6bd034571ff4a00f2171",51,"experience",8,8,17,5.47722557505166,9,25,0,0
"66ea6bd034571ff4a00f2171",52,"experience",6,6,19,4.32049379893857,13,25,0,0
"66ea6bd034571ff4a00f2171",53,"experience",8,8,29,5.47722557505166,21,37,0,0
"66ea6bd034571ff4a00f2171",54,"experience",8,8,34,5.47722557505166,26,42,0,0
"66ea6bd034571ff4a00f2171",55,"experience",12,12,15.3333333333333,5.45180907793204,6,24,-0.206282093856245,0
"66ea6bd034571ff4a00f2171",56,"experience",8,8,18,5.47722557505166,10,26,0,0
"66ea6bd034571ff4a00f2171",57,"experience",12,12,22.3333333333333,5.45180907793204,13,31,-0.206282093856245,0
"66ea6bd034571ff4a00f2171",58,"experience",12,12,26.3333333333333,5.45180907793204,17,35,-0.206282093856245,0
"66ea6bd034571ff4a00f2171",59,"experience",6,6,14,4.32049379893857,8,20,0,0
"66ea6bd034571ff4a00f2171",60,"experience",2,2,30,4,26,34,0,0
"66ea6bd034571ff4a00f2171",61,"experience",2,2,35,4,31,39,0,0
"66ea6bd034571ff4a00f2171",62,"experience",12,12,18.3333333333333,5.45180907793204,9,27,-0.206282093856245,0
"66ea6bd034571ff4a00f2171",63,"experience",12,12,18.3333333333333,5.45180907793204,9,27,-0.206282093856245,0
"66ea6bd034571ff4a00f2171",64,"experience",12,12,14.3333333333333,5.45180907793204,5,23,-0.206282093856245,0
"66ea6bd034571ff4a00f2171",65,"experience",6,6,33,4.32049379893857,27,39,0,0
"66ea6bd034571ff4a00f2171",66,"experience",2,2,16,4,12,20,0,0
"66ea6bd034571ff4a00f2171",67,"experience",12,12,34.3333333333333,5.45180907793204,25,43,-0.206282093856247,0
"66ea6bd034571ff4a00f2171",68,"experience",6,6,23,4.32049379893857,17,29,0,0
"66ea6bd034571ff4a00f2171",69,"experience",2,2,28,4,24,32,0,0
"66ea6bd034571ff4a00f2171",70,"experience",2,2,34,4,30,38,0,0
"66ea6bd034571ff4a00f2171",71,"experience",8,8,35,5.47722557505166,27,43,0,0
"66ea6bd034571ff4a00f2171",72,"experience",2,2,23,4,19,27,0,0
"66ea6bd034571ff4a00f2171",73,"experience",6,6,33,4.32049379893857,27,39,0,0
"66ea6bd034571ff4a00f2171",74,"experience",12,12,33.3333333333333,5.45180907793204,24,42,-0.206282093856247,0
"66ea6bd034571ff4a00f2171",75,"experience",8,8,24,5.47722557505166,16,32,0,0
"66ea6bd034571ff4a00f2171",76,"experience",12,12,29.3333333333333,5.45180907793204,20,38,-0.206282093856245,0
"66ea6bd034571ff4a00f2171",77,"experience",6,6,34,4.32049379893857,28,40,0,0
"66ea6bd034571ff4a00f2171",78,"experience",8,8,18,5.47722557505166,10,26,0,0
"66ea6bd034571ff4a00f2171",79,"experience",12,12,22.3333333333333,5.45180907793204,13,31,-0.206282093856245,0
"66ea6bd034571ff4a00f2171",80,"experience",6,6,32,4.32049379893857,26,38,0,0
"66ea6bd034571ff4a00f2171",81,"experience",8,8,21,5.47722557505166,13,29,0,0
"66ea6bd034571ff4a00f2171",82,"experience",2,2,20,4,16,24,0,0
"66ea6bd034571ff4a00f2171",83,"experience",6,6,18,4.32049379893857,12,24,0,0
"66ea6bd034571ff4a00f2171",84,"experience",12,12,31.3333333333333,5.45180907793204,22,40,-0.206282093856245,0
"66ea6bd034571ff4a00f2171",85,"experience",6,6,35,4.32049379893857,29,41,0,0
"66ea6bd034571ff4a00f2171",86,"experience",8,8,35,5.47722557505166,27,43,0,0
"66ea6bd034571ff4a00f2171",87,"experience",12,12,17.3333333333333,5.45180907793204,8,26,-0.206282093856245,0
"66ea6bd034571ff4a00f2171",88,"experience",8,8,33,5.47722557505166,25,41,0,0
"66ea6bd034571ff4a00f2171",89,"experience",8,8,29,5.47722557505166,21,37,0,0
"66ea6bd034571ff4a00f2171",90,"experience",2,2,23,4,19,27,0,0
"66ea6bd034571ff4a00f2171",91,"experience",2,2,25,4,21,29,0,0
"66ea6bd034571ff4a00f2171",92,"experience",8,8,29,5.47722557505166,21,37,0,0
"66ea6bd034571ff4a00f2171",93,"experience",8,8,20,5.47722557505166,12,28,0,0
"66ea6bd034571ff4a00f2171",94,"experience",2,2,24,4,20,28,0,0
"66ea6bd034571ff4a00f2171",95,"experience",8,8,15,5.47722557505166,7,23,0,0
"66ea6bd034571ff4a00f2171",96,"experience",2,2,23,4,19,27,0,0
"66ea6bd034571ff4a00f2171",97,"experience",2,2,36,4,32,40,0,0
"66ea6bd034571ff4a00f2171",98,"experience",6,6,28,4.32049379893857,22,34,0,0
"66ea6bd034571ff4a00f2171",99,"experience",12,12,19.3333333333333,5.45180907793204,10,28,-0.206282093856245,0
"66ea6bd034571ff4a00f2171",100,"experience",8,8,28,5.47722557505166,20,36,0,0
"66ea6bd034571ff4a00f2171",101,"experience",12,12,16.3333333333333,5.45180907793204,7,25,-0.206282093856245,0
"66ea6bd034571ff4a00f2171",102,"experience",12,12,19.3333333333333,5.45180907793204,10,28,-0.206282093856245,0
"66ea6bd034571ff4a00f2171",103,"experience",12,12,27.3333333333333,5.45180907793204,18,36,-0.206282093856245,0
"66ea6bd034571ff4a00f2171",104,"experience",6,6,21,4.32049379893857,15,27,0,0
"66ea6bd034571ff4a00f2171",105,"experience",6,6,33,4.32049379893857,27,39,0,0
"66ea6bd034571ff4a00f2171",106,"experience",6,6,34,4.32049379893857,28,40,0,0
"66ea6bd034571ff4a00f2171",107,"experience",2,2,34,4,30,38,0,0
"66ea6bd034571ff4a00f2171",108,"experience",8,8,24,5.47722557505166,16,32,0,0
"66ea6bd034571ff4a00f2171",109,"experience",6,6,30,4.32049379893857,24,36,0,0
"66ea6bd034571ff4a00f2171",110,"experience",2,2,30,4,26,34,0,0
"66ea6bd034571ff4a00f2171",111,"experience",6,6,29,4.32049379893857,23,35,0,0
"66ea6bd034571ff4a00f2171",112,"experience",12,12,17.3333333333333,5.45180907793204,8,26,-0.206282093856245,0
"66ea6bd034571ff4a00f2171",113,"experience",2,2,33,4,29,37,0,0
"66ea6bd034571ff4a00f2171",114,"experience",12,12,31.3333333333333,5.45180907793204,22,40,-0.206282093856245,0
"66ea6bd034571ff4a00f2171",115,"experience",12,12,24.3333333333333,5.45180907793204,15,33,-0.206282093856245,0
"66ea6bd034571ff4a00f2171",116,"experience",6,6,35,4.32049379893857,29,41,0,0
"67ad12becac3e4abb99c57b0",1,"experience",12,12,9.66666666666667,5.72033410057684,2,19,0.250696728261392,0
"67ad12becac3e4abb99c57b0",2,"experience",4,4,40,4.74341649025257,34,46,0,0
"67ad12becac3e4abb99c57b0",3,"experience",12,12,10.1666666666667,5.20949986936259,1,17,-0.4767816468515,1
"67ad12becac3e4abb99c57b0",4,"experience",2,2,11,5,6,16,0,0
"67ad12becac3e4abb99c57b0",5,"experience",12,12,38.0833333333333,6.06160503130611,30,47,0.181378627239375,0
"67ad12becac3e4abb99c57b0",6,"experience",10,10,37.9,6.00749531835024,29,48,0.245965940369806,0
"67ad12becac3e4abb99c57b0",7,"experience",2,2,7,4,3,11,0,0
"67ad12becac3e4abb99c57b0",8,"experience",12,12,10.0833333333333,5.95060687848073,1,20,0.11736700646824,1
"67ad12becac3e4abb99c57b0",9,"experience",6,6,42.6666666666667,4.18993502999218,37,48,-0.0100703453693113,0
"67ad12becac3e4abb99c57b0",10,"experience",4,4,8,5.78791845139511,2,16,0.255292460097178,0
"67ad12becac3e4abb99c57b0",11,"experience",4,4,9.25,4.14578098794425,4,15,0.138147016061084,0
"67ad12becac3e4abb99c57b0",12,"experience",9,9,10.8888888888889,7.03079645313617,2,20,0.108477292404271,0
"67ad12becac3e4abb99c57b0",13,"experience",5,5,40.4,5.49909083394701,33,47,-0.208981154141346,0
"67ad12becac3e4abb99c57b0",14,"experience",11,11,38.9090909090909,6.05211526439754,30,48,0.214436251519287,0
"67ad12becac3e4abb99c57b0",15,"experience",3,3,8,6.48074069840786,2,17,0.595170064139497,0
"67ad12becac3e4abb99c57b0",16,"experience",4,4,14,7.17635004720366,2,20,-0.937545590105031,0
"67ad12becac3e4abb99c57b0",17,"experience",9,9,10.8888888888889,5.0868991743376,2,17,-0.467094027047484,0
"67ad12becac3e4abb99c57b0",18,"experience",10,10,9.8,5.65331761004103,2,18,0.0353331797162966,0
"67ad12becac3e4abb99c57b0",19,"experience",12,12,37.1666666666667,5.5502752684489,30,46,0.405073912106924,0
"67ad12becac3e4abb99c57b0",20,"experience",3,3,12,2.94392028877595,8,15,-0.470330460336986,0
"67ad12becac3e4abb99c57b0",21,"experience",2,2,21,4,17,25,0,0
"67ad12becac3e4abb99c57b0",22,"experience",8,8,28,5.47722557505166,20,36,0,0
"67ad12becac3e4abb99c57b0",23,"experience",2,2,34,4,30,38,0,0
"67ad12becac3e4abb99c57b0",24,"experience",6,6,20,4.32049379893857,14,26,0,0
"67ad12becac3e4abb99c57b0",25,"experience",6,6,19,4.32049379893857,13,25,0,0
"67ad12becac3e4abb99c57b0",26,"experience",8,8,36,5.47722557505166,28,44,0,0
"67ad12becac3e4abb99c57b0",27,"experience",8,8,31,5.47722557505166,23,39,0,0
"67ad12becac3e4abb99c57b0",28,"experience",6,6,29,4.32049379893857,23,35,0,0
"67ad12becac3e4abb99c57b0",29,"experience",6,6,16,4.32049379893857,10,22,0,0
"67ad12becac3e4abb99c57b0",30,"experience",2,2,27,4,23,31,0,0
"67ad12becac3e4abb99c57b0",31,"experience",8,8,34,5.47722557505166,26,42,0,0
"67ad12becac3e4abb99c57b0",32,"experience",6,6,14,4.32049379893857,8,20,0,0
"67ad12becac3e4abb99c57b0",33,"experience",8,8,23,5.47722557505166,15,31,0,0
"67ad12becac3e4abb99c57b0",34,"experience",8,8,15,5.47722557505166,7,23,0,0
"67ad12becac3e4abb99c57b0",35,"experience",2,2,26,4,22,30,0,0
"67ad12becac3e4abb99c57b0",36,"experience",12,12,35.3333333333333,5.45180907793204,26,44,-0.206282093856247,0
"67ad12becac3e4abb99c57b0",37,"experience",6,6,35,4.32049379893857,29,41,0,0
"67ad12becac3e4abb99c57b0",38,"experience",2,2,35,4,31,39,0,0
"67ad12becac3e4abb99c57b0",39,"experience",8,8,17,5.47722557505166,9,25,0,0
"67ad12becac3e4abb99c57b0",40,"experience",6,6,30,4.32049379893857,24,36,0,0
"67ad12becac3e4abb99c57b0",41,"experience",12,12,26.3333333333333,5.45180907793204,17,35,-0.206282093856245,0
"67ad12becac3e4abb99c57b0",42,"experience",2,2,23,4,19,27,0,0
"67ad12becac3e4abb99c57b0",43,"experience",12,12,21.3333333333333,5.45180907793204,12,30,-0.206282093856245,0
"67ad12becac3e4abb99c57b0",44,"experience",12,12,25.3333333333333,5.45180907793204,16,34,-0.206282093856245,0
"67ad12becac3e4abb99c57b0",45,"experience",6,6,34,4.32049379893857,28,40,0,0
"67ad12becac3e4abb99c57b0",46,"experience",2,2,33,4,29,37,0,0
"67ad12becac3e4abb99c57b0",47,"experience",6,6,32,4.32049379893857,26,38,0,0
"67ad12becac3e4abb99c57b0",48,"experience",12,12,14.3333333333333,5.45180907793204,5,23,-0.206282093856245,0
"67ad12becac3e4abb99c57b0",49,"experience",2,2,28,4,24,32,0,0
"67ad12becac3e4abb99c57b0",50,"experience",12,12,32.3333333333333,5.45180907793204,23,41,-0.206282093856247,0
"67ad12becac3e4abb99c57b0",51,"experience",2,2,27,4,23,31,0,0
"67ad12becac3e4abb99c57b0",52,"experience",2,2,36,4,32,40,0,0
"67ad12becac3e4abb99c57b0",53,"experience",12,12,33.3333333333333,5.45180907793204,24,42,-0.206282093856247,0
"67ad12becac3e4abb99c57b0",54,"experience",8,8,26,5.47722557505166,18,34,0,0
"67ad12becac3e4abb99c57b0",55,"experience",2,2,21,4,17,25,0,0
"67ad12becac3e4abb99c57b0",56,"experience",12,12,22.3333333333333,5.45180907793204,13,31,-0.206282093856245,0
"67ad12becac3e4abb99c57b0",57,"experience",8,8,30,5.47722557505166,22,38,0,0
"67ad12becac3e4abb99c57b0",58,"experience",12,12,26.3333333333333,5.45180907793204,17,35,-0.206282093856245,0
"67ad12becac3e4abb99c57b0",59,"experience",6,6,32,4.32049379893857,26,38,0,0
"67ad12becac3e4abb99c57b0",60,"experience",8,8,26,5.47722557505166,18,34,0,0
"67ad12becac3e4abb99c57b0",61,"experience",2,2,20,4,16,24,0,0
"67ad12becac3e4abb99c57b0",62,"experience",6,6,20,4.32049379893857,14,26,0,0
"67ad12becac3e4abb99c57b0",63,"experience",12,12,15.3333333333333,5.45180907793204,6,24,-0.206282093856245,0
"67ad12becac3e4abb99c57b0",64,"experience",6,6,21,4.32049379893857,15,27,0,0
"67ad12becac3e4abb99c57b0",65,"experience",8,8,31,5.47722557505166,23,39,0,0
"67ad12becac3e4abb99c57b0",66,"experience",12,12,32.3333333333333,5.45180907793204,23,41,-0.206282093856247,0
"67ad12becac3e4abb99c57b0",67,"experience",12,12,19.3333333333333,5.45180907793204,10,28,-0.206282093856245,0
"67ad12becac3e4abb99c57b0",68,"experience",8,8,22,5.47722557505166,14,30,0,0
"67ad12becac3e4abb99c57b0",69,"experience",8,8,20,5.47722557505166,12,28,0,0
"67ad12becac3e4abb99c57b0",70,"experience",8,8,19,5.47722557505166,11,27,0,0
"67ad12becac3e4abb99c57b0",71,"experience",6,6,23,4.32049379893857,17,29,0,0
"67ad12becac3e4abb99c57b0",72,"experience",6,6,36,4.32049379893857,30,42,0,0
"67ad12becac3e4abb99c57b0",73,"experience",2,2,21,4,17,25,0,0
"67ad12becac3e4abb99c57b0",74,"experience",2,2,19,4,15,23,0,0
"67ad12becac3e4abb99c57b0",75,"experience",6,6,29,4.32049379893857,23,35,0,0
"67ad12becac3e4abb99c57b0",76,"experience",8,8,19,5.47722557505166,11,27,0,0
"67ad12becac3e4abb99c57b0",77,"experience",12,12,14.3333333333333,5.45180907793204,5,23,-0.206282093856245,0
"67ad12becac3e4abb99c57b0",78,"experience",8,8,24,5.47722557505166,16,32,0,0
"67ad12becac3e4abb99c57b0",79,"experience",12,12,28.3333333333333,5.45180907793204,19,37,-0.206282093856245,0
"67ad12becac3e4abb99c57b0",80,"experience",2,2,25,4,21,29,0,0
"67ad12becac3e4abb99c57b0",81,"experience",12,12,32.3333333333333,5.45180907793204,23,41,-0.206282093856247,0
"67ad12becac3e4abb99c57b0",82,"experience",2,2,21,4,17,25,0,0
"67ad12becac3e4abb99c57b0",83,"experience",12,12,23.3333333333333,5.45180907793204,14,32,-0.206282093856245,0
"67ad12becac3e4abb99c57b0",84,"experience",6,6,34,4.32049379893857,28,40,0,0
"67ad12becac3e4abb99c57b0",85,"experience",8,8,28,5.47722557505166,20,36,0,0
"67ad12becac3e4abb99c57b0",86,"experience",6,6,14,4.32049379893857,8,20,0,0
"67ad12becac3e4abb99c57b0",87,"experience",8,8,32,5.47722557505166,24,40,0,0
"67ad12becac3e4abb99c57b0",88,"experience",2,2,15,4,11,19,0,0
"67ad12becac3e4abb99c57b0",89,"experience",8,8,17,5.47722557505166,9,25,0,0
"67ad12becac3e4abb99c57b0",90,"experience",12,12,30.3333333333333,5.45180907793204,21,39,-0.206282093856245,0
"67ad12becac3e4abb99c57b0",91,"experience",2,2,22,4,18,26,0,0
"67ad12becac3e4abb99c57b0",92,"experience",12,12,27.3333333333333,5.45180907793204,18,36,-0.206282093856245,0
"67ad12becac3e4abb99c57b0",93,"experience",8,8,27,5.47722557505166,19,35,0,0
"67ad12becac3e4abb99c57b0",94,"experience",6,6,15,4.32049379893857,9,21,0,0
"67ad12becac3e4abb99c57b0",95,"experience",8,8,21,5.47722557505166,13,29,0,0
"67ad12becac3e4abb99c57b0",96,"experience",12,12,20.3333333333333,5.45180907793204,11,29,-0.206282093856245,0
"67ad12becac3e4abb99c57b0",97,"experience",2,2,18,4,14,22,0,0
"67ad12becac3e4abb99c57b0",98,"experience",2,2,30,4,26,34,0,0
"67ad12becac3e4abb99c57b0",99,"experience",8,8,28,5.47722557505166,20,36,0,0
"67ad12becac3e4abb99c57b0",100,"experience",6,6,27,4.32049379893857,21,33,0,0
"67ad12becac3e4abb99c57b0",101,"experience",2,2,29,4,25,33,0,0
"67ad12becac3e4abb99c57b0",102,"experience",2,2,16,4,12,20,0,0
"67ad12becac3e4abb99c57b0",103,"experience",6,6,31,4.32049379893857,25,37,0,0
"67ad12becac3e4abb99c57b0",104,"experience",2,2,19,4,15,23,0,0
"67ad12becac3e4abb99c57b0",105,"experience",12,12,28.3333333333333,5.45180907793204,19,37,-0.206282093856245,0
"67ad12becac3e4abb99c57b0",106,"experience",6,6,19,4.32049379893857,13,25,0,0
"67ad12becac3e4abb99c57b0",107,"experience",2,2,30,4,26,34,0,0
"67ad12becac3e4abb99c57b0",108,"experience",12,12,20.3333333333333,5.45180907793204,11,29,-0.206282093856245,0
"67ad12becac3e4abb99c57b0",109,"experience",8,8,24,5.47722557505166,16,32,0,0
"67ad12becac3e4abb99c57b0",110,"experience",8,8,32,5.47722557505166,24,40,0,0
"67ad12becac3e4abb99c57b0",111,"experience",6,6,25,4.32049379893857,19,31,0,0
"67ad12becac3e4abb99c57b0",112,"experience",12,12,34.3333333333333,5.45180907793204,25,43,-0.206282093856247,0
"67ad12becac3e4abb99c57b0",113,"experience",12,12,19.3333333333333,5.45180907793204,10,28,-0.206282093856245,0
"67ad12becac3e4abb99c57b0",114,"experience",12,12,36.3333333333333,5.45180907793204,27,45,-0.206282093856247,0
"67ad12becac3e4abb99c57b0",115,"experience",6,6,19,4.32049379893857,13,25,0,0
"67ad12becac3e4abb99c57b0",116,"experience",6,6,30,4.32049379893857,24,36,0,0
"678c25598730346bf11e22ce",1,"experience",8,8,34.875,5.15842757049084,29,46,1.00067706105964,0
"678c25598730346bf11e22ce",2,"experience",3,3,8,6.37704215656966,3,17,0.694088168075978,0
"678c25598730346bf11e22ce",3,"experience",3,3,37,7.87400787401181,30,48,0.630903856710624,0
"678c25598730346bf11e22ce",4,"experience",6,6,5.66666666666667,4.02768199119819,1,12,0.458017505473091,1
"678c25598730346bf11e22ce",5,"experience",8,8,10.875,7.253232038202,1,20,-0.141237488202876,1
"678c25598730346bf11e22ce",6,"experience",6,6,37,4.76095228569523,30,42,-0.528193884637036,0
"678c25598730346bf11e22ce",7,"experience",4,4,39.75,3.96074487943871,33,43,-1.04562005102815,0
"678c25598730346bf11e22ce",8,"experience",11,11,37.5454545454545,6.28654604349835,29,48,0.285716104467625,0
"678c25598730346bf11e22ce",9,"experience",7,7,37.7142857142857,5.49582401762038,30,45,-0.114126666940048,0
"678c25598730346bf11e22ce",10,"experience",6,6,40.6666666666667,5.08811250749125,33,47,-0.359895227924005,0
"678c25598730346bf11e22ce",11,"experience",10,10,9.5,6.02079728939615,2,20,0.329891009625891,0
"678c25598730346bf11e22ce",12,"experience",5,5,9.2,3.31058907144937,5,14,0.0555615939851119,0
"678c25598730346bf11e22ce",13,"experience",3,3,7,5.35412613473634,1,14,0.273642466053317,1
"678c25598730346bf11e22ce",14,"experience",8,8,39,5.09901951359278,32,46,-0.0848579430886373,0
"678c25598730346bf11e22ce",15,"experience",9,9,38.7777777777778,5.88364546438832,29,47,-0.0546606792747654,0
"678c25598730346bf11e22ce",16,"experience",2,2,13.5,3.5,10,17,0,0
"678c25598730346bf11e22ce",17,"experience",3,3,12.3333333333333,2.49443825784929,9,15,-0.381801774160607,0
"678c25598730346bf11e22ce",18,"experience",8,8,38,4.63680924774785,32,47,0.631950205750383,0
"678c25598730346bf11e22ce",19,"experience",8,8,7,4.47213595499958,1,16,0.679205648165561,1
"678c25598730346bf11e22ce",20,"experience",2,2,43.5,4.5,39,48,0,0
"678c25598730346bf11e22ce",21,"experience",2,2,15,4,11,19,0,0
"678c25598730346bf11e22ce",22,"experience",8,8,21,5.47722557505166,13,29,0,0
"678c25598730346bf11e22ce",23,"experience",2,2,21,4,17,25,0,0
"678c25598730346bf11e22ce",24,"experience",12,12,29.3333333333333,5.45180907793204,20,38,-0.206282093856245,0
"678c25598730346bf11e22ce",25,"experience",6,6,34,4.32049379893857,28,40,0,0
"678c25598730346bf11e22ce",26,"experience",8,8,16,5.47722557505166,8,24,0,0
"678c25598730346bf11e22ce",27,"experience",8,8,16,5.47722557505166,8,24,0,0
"678c25598730346bf11e22ce",28,"experience",2,2,26,4,22,30,0,0
"678c25598730346bf11e22ce",29,"experience",2,2,16,4,12,20,0,0
"678c25598730346bf11e22ce",30,"experience",6,6,15,4.32049379893857,9,21,0,0
"678c25598730346bf11e22ce",31,"experience",6,6,16,4.32049379893857,10,22,0,0
"678c25598730346bf11e22ce",32,"experience",2,2,27,4,23,31,0,0
"678c25598730346bf11e22ce",33,"experience",6,6,28,4.32049379893857,22,34,0,0
"678c25598730346bf11e22ce",34,"experience",12,12,14.3333333333333,5.45180907793204,5,23,-0.206282093856245,0
"678c25598730346bf11e22ce",35,"experience",12,12,23.3333333333333,5.45180907793204,14,32,-0.206282093856245,0
"678c25598730346bf11e22ce",36,"experience",2,2,28,4,24,32,0,0
"678c25598730346bf11e22ce",37,"experience",8,8,29,5.47722557505166,21,37,0,0
"678c25598730346bf11e22ce",38,"experience",8,8,34,5.47722557505166,26,42,0,0
"678c25598730346bf11e22ce",39,"experience",8,8,14,5.47722557505166,6,22,0,0
"678c25598730346bf11e22ce",40,"experience",12,12,22.3333333333333,5.45180907793204,13,31,-0.206282093856245,0
"678c25598730346bf11e22ce",41,"experience",12,12,17.3333333333333,5.45180907793204,8,26,-0.206282093856245,0
"678c25598730346bf11e22ce",42,"experience",2,2,21,4,17,25,0,0
"678c25598730346bf11e22ce",43,"experience",8,8,34,5.47722557505166,26,42,0,0
"678c25598730346bf11e22ce",44,"experience",8,8,35,5.47722557505166,27,43,0,0
"678c25598730346bf11e22ce",45,"experience",6,6,16,4.32049379893857,10,22,0,0
"678c25598730346bf11e22ce",46,"experience",6,6,20,4.32049379893857,14,26,0,0
"678c25598730346bf11e22ce",47,"experience",12,12,35.3333333333333,5.45180907793204,26,44,-0.206282093856247,0
"678c25598730346bf11e22ce",48,"experience",6,6,31,4.32049379893857,25,37,0,0
"678c25598730346bf11e22ce",49,"experience",2,2,15,4,11,19,0,0
"678c25598730346bf11e22ce",50,"experience",6,6,23,4.32049379893857,17,29,0,0
"678c25598730346bf11e22ce",51,"experience",6,6,22,4.32049379893857,16,28,0,0
"678c25598730346bf11e22ce",52,"experience",8,8,17,5.47722557505166,9,25,0,0
"678c25598730346bf11e22ce",53,"experience",12,12,33.3333333333333,5.45180907793204,24,42,-0.206282093856247,0
"678c25598730346bf11e22ce",54,"experience",8,8,22,5.47722557505166,14,30,0,0
"678c25598730346bf11e22ce",55,"experience",12,12,25.3333333333333,5.45180907793204,16,34,-0.206282093856245,0
"678c25598730346bf11e22ce",56,"experience",6,6,17,4.32049379893857,11,23,0,0
"678c25598730346bf11e22ce",57,"experience",6,6,35,4.32049379893857,29,41,0,0
"678c25598730346bf11e22ce",58,"experience",6,6,26,4.32049379893857,20,32,0,0
"678c25598730346bf11e22ce",59,"experience",2,2,23,4,19,27,0,0
"678c25598730346bf11e22ce",60,"experience",2,2,19,4,15,23,0,0
"678c25598730346bf11e22ce",61,"experience",2,2,22,4,18,26,0,0
"678c25598730346bf11e22ce",62,"experience",12,12,16.3333333333333,5.45180907793204,7,25,-0.206282093856245,0
"678c25598730346bf11e22ce",63,"experience",12,12,16.3333333333333,5.45180907793204,7,25,-0.206282093856245,0
"678c25598730346bf11e22ce",64,"experience",2,2,25,4,21,29,0,0
"678c25598730346bf11e22ce",65,"experience",12,12,17.3333333333333,5.45180907793204,8,26,-0.206282093856245,0
"678c25598730346bf11e22ce",66,"experience",12,12,19.3333333333333,5.45180907793204,10,28,-0.206282093856245,0
"678c25598730346bf11e22ce",67,"experience",8,8,23,5.47722557505166,15,31,0,0
"678c25598730346bf11e22ce",68,"experience",8,8,34,5.47722557505166,26,42,0,0
"678c25598730346bf11e22ce",69,"experience",8,8,31,5.47722557505166,23,39,0,0
"678c25598730346bf11e22ce",70,"experience",6,6,30,4.32049379893857,24,36,0,0
"678c25598730346bf11e22ce",71,"experience",12,12,15.3333333333333,5.45180907793204,6,24,-0.206282093856245,0
"678c25598730346bf11e22ce",72,"experience",12,12,29.3333333333333,5.45180907793204,20,38,-0.206282093856245,0
"678c25598730346bf11e22ce",73,"experience",6,6,33,4.32049379893857,27,39,0,0
"678c25598730346bf11e22ce",74,"experience",2,2,19,4,15,23,0,0
"678c25598730346bf11e22ce",75,"experience",6,6,32,4.32049379893857,26,38,0,0
"678c25598730346bf11e22ce",76,"experience",6,6,15,4.32049379893857,9,21,0,0
"678c25598730346bf11e22ce",77,"experience",12,12,29.3333333333333,5.45180907793204,20,38,-0.206282093856245,0
"678c25598730346bf11e22ce",78,"experience",6,6,14,4.32049379893857,8,20,0,0
"678c25598730346bf11e22ce",79,"experience",8,8,32,5.47722557505166,24,40,0,0
"678c25598730346bf11e22ce",80,"experience",2,2,22,4,18,26,0,0
"678c25598730346bf11e22ce",81,"experience",2,2,23,4,19,27,0,0
"678c25598730346bf11e22ce",82,"experience",2,2,26,4,22,30,0,0
"678c25598730346bf11e22ce",83,"experience",12,12,27.3333333333333,5.45180907793204,18,36,-0.206282093856245,0
"678c25598730346bf11e22ce",84,"experience",8,8,30,5.47722557505166,22,38,0,0
"678c25598730346bf11e22ce",85,"experience",2,2,27,4,23,31,0,0
"678c25598730346bf11e22ce",86,"experience",8,8,16,5.47722557505166,8,24,0,0
"678c25598730346bf11e22ce",87,"experience",2,2,33,4,29,37,0,0
"678c25598730346bf11e22ce",88,"experience",12,12,33.3333333333333,5.45180907793204,24,42,-0.206282093856247,0
"678c25598730346bf11e22ce",89,"experience",2,2,27,4,23,31,0,0
"678c25598730346bf11e22ce",90,"experience",12,12,33.3333333333333,5.45180907793204,24,42,-0.206282093856247,0
"678c25598730346bf11e22ce",91,"experience",12,12,22.3333333333333,5.45180907793204,13,31,-0.206282093856245,0
"678c25598730346bf11e22ce",92,"experience",6,6,14,4.32049379893857,8,20,0,0
"678c25598730346bf11e22ce",93,"experience",12,12,18.3333333333333,5.45180907793204,9,27,-0.206282093856245,0
"678c25598730346bf11e22ce",94,"experience",2,2,34,4,30,38,0,0
"678c25598730346bf11e22ce",95,"experience",2,2,22,4,18,26,0,0
"678c25598730346bf11e22ce",96,"experience",8,8,15,5.47722557505166,7,23,0,0
"678c25598730346bf11e22ce",97,"experience",8,8,27,5.47722557505166,19,35,0,0
"678c25598730346bf11e22ce",98,"experience",6,6,28,4.32049379893857,22,34,0,0
"678c25598730346bf11e22ce",99,"experience",12,12,16.3333333333333,5.45180907793204,7,25,-0.206282093856245,0
"678c25598730346bf11e22ce",100,"experience",2,2,24,4,20,28,0,0
"678c25598730346bf11e22ce",101,"experience",8,8,28,5.47722557505166,20,36,0,0
"678c25598730346bf11e22ce",102,"experience",8,8,24,5.47722557505166,16,32,0,0
"678c25598730346bf11e22ce",103,"experience",6,6,32,4.32049379893857,26,38,0,0
"678c25598730346bf11e22ce",104,"experience",6,6,32,4.32049379893857,26,38,0,0
"678c25598730346bf11e22ce",105,"experience",12,12,31.3333333333333,5.45180907793204,22,40,-0.206282093856245,0
"678c25598730346bf11e22ce",106,"experience",2,2,16,4,12,20,0,0
"678c25598730346bf11e22ce",107,"experience",6,6,28,4.32049379893857,22,34,0,0
"678c25598730346bf11e22ce",108,"experience",8,8,22,5.47722557505166,14,30,0,0
"678c25598730346bf11e22ce",109,"experience",8,8,17,5.47722557505166,9,25,0,0
"678c25598730346bf11e22ce",110,"experience",6,6,22,4.32049379893857,16,28,0,0
"678c25598730346bf11e22ce",111,"experience",6,6,33,4.32049379893857,27,39,0,0
"678c25598730346bf11e22ce",112,"experience",8,8,31,5.47722557505166,23,39,0,0
"678c25598730346bf11e22ce",113,"experience",8,8,25,5.47722557505166,17,33,0,0
"678c25598730346bf11e22ce",114,"experience",12,12,28.3333333333333,5.45180907793204,19,37,-0.206282093856245,0
"678c25598730346bf11e22ce",115,"experience",12,12,28.3333333333333,5.45180907793204,19,37,-0.206282093856245,0
"678c25598730346bf11e22ce",116,"experience",2,2,35,4,31,39,0,0
"67b6e6cd3ff52d5036ecc0f9",1,"experience",5,5,7.2,2.56124969497314,4,11,0.205692271755725,0
"67b6e6cd3ff52d5036ecc0f9",2,"experience",11,11,38.7272727272727,5.81676119019869,29,48,-0.132230320442675,0
"67b6e6cd3ff52d5036ecc0f9",3,"experience",7,7,13.7142857142857,4.58925097263115,7,20,-0.13519240882396,0
"67b6e6cd3ff52d5036ecc0f9",4,"experience",9,9,37.4444444444444,6.03896810742275,30,48,0.395323618434949,0
"67b6e6cd3ff52d5036ecc0f9",5,"experience",5,5,36.8,5.56417109729742,30,45,0.232105168161408,0
"67b6e6cd3ff52d5036ecc0f9",6,"experience",12,12,38,5.8878405775519,30,47,0.205769576397431,0
"67b6e6cd3ff52d5036ecc0f9",7,"experience",10,10,10.2,5.0950956811428,1,20,0.201226769774551,1
"67b6e6cd3ff52d5036ecc0f9",8,"experience",8,8,9.75,5.9947894041409,1,19,0.120539463013168,1
"67b6e6cd3ff52d5036ecc0f9",9,"experience",4,4,9,4.41588043316392,2,14,-0.609687633770167,0
"67b6e6cd3ff52d5036ecc0f9",10,"experience",6,6,11,5.44671154612273,3,19,0.185659906255919,0
"67b6e6cd3ff52d5036ecc0f9",11,"experience",2,2,10.5,7.5,3,18,0,0
"67b6e6cd3ff52d5036ecc0f9",12,"experience",9,9,38.7777777777778,4.8022628411054,31,47,0.383721475337192,0
"67b6e6cd3ff52d5036ecc0f9",13,"experience",10,10,8.4,5.02394267483219,1,16,0.000378536019964097,1
"67b6e6cd3ff52d5036ecc0f9",14,"experience",7,7,11.1428571428571,6.3342283649701,1,20,-0.11769881504709,1
"67b6e6cd3ff52d5036ecc0f9",15,"experience",7,7,39.2857142857143,5.3375833406484,30,48,-0.153224194797884,0
"67b6e6cd3ff52d5036ecc0f9",16,"experience",10,10,10.2,5.56417109729742,1,19,-0.0718885154689585,1
"67b6e6cd3ff52d5036ecc0f9",17,"experience",11,11,9.72727272727273,5.94047609189256,1,20,0.126118110142144,1
"67b6e6cd3ff52d5036ecc0f9",18,"experience",4,4,42.5,3.90512483795333,37,48,0,0
"67b6e6cd3ff52d5036ecc0f9",19,"experience",8,8,8.375,4.87179381747627,2,18,0.569676329930877,0
"67b6e6cd3ff52d5036ecc0f9",20,"experience",9,9,11.3333333333333,5.69600249687835,1,20,-0.274966530741595,1
"67b6e6cd3ff52d5036ecc0f9",21,"experience",6,6,35,4.32049379893857,29,41,0,0
"67b6e6cd3ff52d5036ecc0f9",22,"experience",6,6,30,4.32049379893857,24,36,0,0
"67b6e6cd3ff52d5036ecc0f9",23,"experience",8,8,14,5.47722557505166,6,22,0,0
"67b6e6cd3ff52d5036ecc0f9",24,"experience",8,8,21,5.47722557505166,13,29,0,0
"67b6e6cd3ff52d5036ecc0f9",25,"experience",6,6,16,4.32049379893857,10,22,0,0
"67b6e6cd3ff52d5036ecc0f9",26,"experience",12,12,21.3333333333333,5.45180907793204,12,30,-0.206282093856245,0
"67b6e6cd3ff52d5036ecc0f9",27,"experience",2,2,27,4,23,31,0,0
"67b6e6cd3ff52d5036ecc0f9",28,"experience",6,6,16,4.32049379893857,10,22,0,0
"67b6e6cd3ff52d5036ecc0f9",29,"experience",6,6,19,4.32049379893857,13,25,0,0
"67b6e6cd3ff52d5036ecc0f9",30,"experience",12,12,33.3333333333333,5.45180907793204,24,42,-0.206282093856247,0
"67b6e6cd3ff52d5036ecc0f9",31,"experience",12,12,18.3333333333333,5.45180907793204,9,27,-0.206282093856245,0
"67b6e6cd3ff52d5036ecc0f9",32,"experience",2,2,24,4,20,28,0,0
"67b6e6cd3ff52d5036ecc0f9",33,"experience",2,2,20,4,16,24,0,0
"67b6e6cd3ff52d5036ecc0f9",34,"experience",12,12,35.3333333333333,5.45180907793204,26,44,-0.206282093856247,0
"67b6e6cd3ff52d5036ecc0f9",35,"experience",12,12,31.3333333333333,5.45180907793204,22,40,-0.206282093856245,0
"67b6e6cd3ff52d5036ecc0f9",36,"experience",8,8,34,5.47722557505166,26,42,0,0
"67b6e6cd3ff52d5036ecc0f9",37,"experience",8,8,22,5.47722557505166,14,30,0,0
"67b6e6cd3ff52d5036ecc0f9",38,"experience",2,2,32,4,28,36,0,0
"67b6e6cd3ff52d5036ecc0f9",39,"experience",8,8,36,5.47722557505166,28,44,0,0
"67b6e6cd3ff52d5036ecc0f9",40,"experience",2,2,17,4,13,21,0,0
"67b6e6cd3ff52d5036ecc0f9",41,"experience",12,12,30.3333333333333,5.45180907793204,21,39,-0.206282093856245,0
"67b6e6cd3ff52d5036ecc0f9",42,"experience",8,8,35,5.47722557505166,27,43,0,0
"67b6e6cd3ff52d5036ecc0f9",43,"experience",8,8,15,5.47722557505166,7,23,0,0
"67b6e6cd3ff52d5036ecc0f9",44,"experience",2,2,29,4,25,33,0,0
"67b6e6cd3ff52d5036ecc0f9",45,"experience",8,8,30,5.47722557505166,22,38,0,0
"67b6e6cd3ff52d5036ecc0f9",46,"experience",6,6,21,4.32049379893857,15,27,0,0
"67b6e6cd3ff52d5036ecc0f9",47,"experience",12,12,32.3333333333333,5.45180907793204,23,41,-0.206282093856247,0
"67b6e6cd3ff52d5036ecc0f9",48,"experience",8,8,22,5.47722557505166,14,30,0,0
"67b6e6cd3ff52d5036ecc0f9",49,"experience",6,6,30,4.32049379893857,24,36,0,0
"67b6e6cd3ff52d5036ecc0f9",50,"experience",6,6,17,4.32049379893857,11,23,0,0
"67b6e6cd3ff52d5036ecc0f9",51,"experience",12,12,15.3333333333333,5.45180907793204,6,24,-0.206282093856245,0
"67b6e6cd3ff52d5036ecc0f9",52,"experience",2,2,22,4,18,26,0,0
"67b6e6cd3ff52d5036ecc0f9",53,"experience",8,8,29,5.47722557505166,21,37,0,0
"67b6e6cd3ff52d5036ecc0f9",54,"experience",2,2,23,4,19,27,0,0
"67b6e6cd3ff52d5036ecc0f9",55,"experience",2,2,29,4,25,33,0,0
"67b6e6cd3ff52d5036ecc0f9",56,"experience",12,12,24.3333333333333,5.45180907793204,15,33,-0.206282093856245,0
"67b6e6cd3ff52d5036ecc0f9",57,"experience",6,6,16,4.32049379893857,10,22,0,0
"67b6e6cd3ff52d5036ecc0f9",58,"experience",6,6,29,4.32049379893857,23,35,0,0
"67b6e6cd3ff52d5036ecc0f9",59,"experience",12,12,29.3333333333333,5.45180907793204,20,38,-0.206282093856245,0
"67b6e6cd3ff52d5036ecc0f9",60,"experience",2,2,32,4,28,36,0,0
"67b6e6cd3ff52d5036ecc0f9",61,"experience",12,12,23.3333333333333,5.45180907793204,14,32,-0.206282093856245,0
"67b6e6cd3ff52d5036ecc0f9",62,"experience",8,8,24,5.47722557505166,16,32,0,0
"67b6e6cd3ff52d5036ecc0f9",63,"experience",6,6,32,4.32049379893857,26,38,0,0
"67b6e6cd3ff52d5036ecc0f9",64,"experience",6,6,24,4.32049379893857,18,30,0,0
"67b6e6cd3ff52d5036ecc0f9",65,"experience",8,8,19,5.47722557505166,11,27,0,0
"67b6e6cd3ff52d5036ecc0f9",66,"experience",12,12,26.3333333333333,5.45180907793204,17,35,-0.206282093856245,0
"67b6e6cd3ff52d5036ecc0f9",67,"experience",2,2,22,4,18,26,0,0
"67b6e6cd3ff52d5036ecc0f9",68,"experience",2,2,36,4,32,40,0,0
"67b6e6cd3ff52d5036ecc0f9",69,"experience",12,12,29.3333333333333,5.45180907793204,20,38,-0.206282093856245,0
"67b6e6cd3ff52d5036ecc0f9",70,"experience",2,2,34,4,30,38,0,0
"67b6e6cd3ff52d5036ecc0f9",71,"experience",12,12,19.3333333333333,5.45180907793204,10,28,-0.206282093856245,0
"67b6e6cd3ff52d5036ecc0f9",72,"experience",8,8,26,5.47722557505166,18,34,0,0
"67b6e6cd3ff52d5036ecc0f9",73,"experience",6,6,34,4.32049379893857,28,40,0,0
"67b6e6cd3ff52d5036ecc0f9",74,"experience",6,6,35,4.32049379893857,29,41,0,0
"67b6e6cd3ff52d5036ecc0f9",75,"experience",12,12,24.3333333333333,5.45180907793204,15,33,-0.206282093856245,0
"67b6e6cd3ff52d5036ecc0f9",76,"experience",2,2,23,4,19,27,0,0
"67b6e6cd3ff52d5036ecc0f9",77,"experience",12,12,17.3333333333333,5.45180907793204,8,26,-0.206282093856245,0
"67b6e6cd3ff52d5036ecc0f9",78,"experience",2,2,23,4,19,27,0,0
"67b6e6cd3ff52d5036ecc0f9",79,"experience",2,2,29,4,25,33,0,0
"67b6e6cd3ff52d5036ecc0f9",80,"experience",8,8,17,5.47722557505166,9,25,0,0
"67b6e6cd3ff52d5036ecc0f9",81,"experience",6,6,26,4.32049379893857,20,32,0,0
"67b6e6cd3ff52d5036ecc0f9",82,"experience",12,12,34.3333333333333,5.45180907793204,25,43,-0.206282093856247,0
"67b6e6cd3ff52d5036ecc0f9",83,"experience",2,2,20,4,16,24,0,0
"67b6e6cd3ff52d5036ecc0f9",84,"experience",8,8,22,5.47722557505166,14,30,0,0
"67b6e6cd3ff52d5036ecc0f9",85,"experience",8,8,26,5.47722557505166,18,34,0,0
"67b6e6cd3ff52d5036ecc0f9",86,"experience",6,6,25,4.32049379893857,19,31,0,0
"67b6e6cd3ff52d5036ecc0f9",87,"experience",6,6,34,4.32049379893857,28,40,0,0
"67b6e6cd3ff52d5036ecc0f9",88,"experience",8,8,15,5.47722557505166,7,23,0,0
"67b6e6cd3ff52d5036ecc0f9",89,"experience",6,6,18,4.32049379893857,12,24,0,0
"67b6e6cd3ff52d5036ecc0f9",90,"experience",2,2,24,4,20,28,0,0
"67b6e6cd3ff52d5036ecc0f9",91,"experience",12,12,18.3333333333333,5.45180907793204,9,27,-0.206282093856245,0
"67b6e6cd3ff52d5036ecc0f9",92,"experience",8,8,17,5.47722557505166,9,25,0,0
"67b6e6cd3ff52d5036ecc0f9",93,"experience",8,8,20,5.47722557505166,12,28,0,0
"67b6e6cd3ff52d5036ecc0f9",94,"experience",6,6,35,4.32049379893857,29,41,0,0
"67b6e6cd3ff52d5036ecc0f9",95,"experience",12,12,23.3333333333333,5.45180907793204,14,32,-0.206282093856245,0
"67b6e6cd3ff52d5036ecc0f9",96,"experience",2,2,21,4,17,25,0,0
"67b6e6cd3ff52d5036ecc0f9",97,"experience",2,2,35,4,31,39,0,0
"67b6e6cd3ff52d5036ecc0f9",98,"experience",6,6,35,4.32049379893857,29,41,0,0
"67b6e6cd3ff52d5036ecc0f9",99,"experience",12,12,31.3333333333333,5.45180907793204,22,40,-0.206282093856245,0
"67b6e6cd3ff52d5036ecc0f9",100,"experience",2,2,35,4,31,39,0,0
"67b6e6cd3ff52d5036ecc0f9",101,"experience",12,12,29.3333333333333,5.45180907793204,20,38,-0.206282093856245,0
"67b6e6cd3ff52d5036ecc0f9",102,"experience",8,8,33,5.47722557505166,25,41,0,0
"67b6e6cd3ff52d5036ecc0f9",103,"experience",8,8,36,5.47722557505166,28,44,0,0
"67b6e6cd3ff52d5036ecc0f9",104,"experience",8,8,35,5.47722557505166,27,43,0,0
"67b6e6cd3ff52d5036ecc0f9",105,"experience",2,2,14,4,10,18,0,0
"67b6e6cd3ff52d5036ecc0f9",106,"experience",12,12,18.3333333333333,5.45180907793204,9,27,-0.206282093856245,0
"67b6e6cd3ff52d5036ecc0f9",107,"experience",6,6,22,4.32049379893857,16,28,0,0
"67b6e6cd3ff52d5036ecc0f9",108,"experience",8,8,28,5.47722557505166,20,36,0,0
"67b6e6cd3ff52d5036ecc0f9",109,"experience",12,12,14.3333333333333,5.45180907793204,5,23,-0.206282093856245,0
"67b6e6cd3ff52d5036ecc0f9",110,"experience",8,8,31,5.47722557505166,23,39,0,0
"67b6e6cd3ff52d5036ecc0f9",111,"experience",6,6,36,4.32049379893857,30,42,0,0
"67b6e6cd3ff52d5036ecc0f9",112,"experience",6,6,30,4.32049379893857,24,36,0,0
"67b6e6cd3ff52d5036ecc0f9",113,"experience",2,2,17,4,13,21,0,0
"67b6e6cd3ff52d5036ecc0f9",114,"experience",2,2,31,4,27,35,0,0
"67b6e6cd3ff52d5036ecc0f9",115,"experience",6,6,33,4.32049379893857,27,39,0,0
"67b6e6cd3ff52d5036ecc0f9",116,"experience",12,12,27.3333333333333,5.45180907793204,18,36,-0.206282093856245,0
"653feb348f4df4e625de5909",1,"experience",9,9,35.5555555555556,5.94626140455984,29,48,0.847193145895939,0
"653feb348f4df4e625de5909",2,"experience",12,12,11.1666666666667,5.78551831923659,2,19,-0.175953230128605,0
"653feb348f4df4e625de5909",3,"experience",11,11,37.3636363636364,4.65681762722389,29,44,-0.193327523648883,0
"653feb348f4df4e625de5909",4,"experience",5,5,8,6.13188388670236,1,19,0.801530770613538,1
"653feb348f4df4e625de5909",5,"experience",3,3,36.6666666666667,3.39934634239519,32,40,-0.528004979218186,0
"653feb348f4df4e625de5909",6,"experience",10,10,35.9,5.73498038357587,29,45,0.423955646874913,0
"653feb348f4df4e625de5909",7,"experience",7,7,37.5714285714286,5.01019369050005,31,45,0.287914759370795,0
"653feb348f4df4e625de5909",8,"experience",11,11,39.2727272727273,6.03159724196304,29,48,-0.161842347627922,0
"653feb348f4df4e625de5909",9,"experience",11,11,38.4545454545455,5.89859207182121,31,48,0.421724988767376,0
"653feb348f4df4e625de5909",10,"experience",5,5,10.6,5.38887743412299,2,17,-0.469592887077516,0
"653feb348f4df4e625de5909",11,"experience",5,5,10.4,5.9194594347795,1,17,-0.392020246235866,1
"653feb348f4df4e625de5909",12,"experience",10,10,39.2,5.13419906119737,31,48,0.00425602700102077,0
"653feb348f4df4e625de5909",13,"experience",9,9,10.3333333333333,6.18241233033047,3,19,0.248579619623042,0
"653feb348f4df4e625de5909",14,"experience",8,8,38.125,6.52758569457345,30,48,0.250397087885598,0
"653feb348f4df4e625de5909",15,"experience",4,4,9,5.78791845139511,3,17,0.255292460097178,0
"653feb348f4df4e625de5909",16,"experience",6,6,42,2.76887462097269,38,46,-0.141322523187642,0
"653feb348f4df4e625de5909",17,"experience",3,3,15,3.55902608401044,10,18,-0.665468866123835,0
"653feb348f4df4e625de5909",18,"experience",11,11,38.3636363636364,5.24443821885671,31,48,0.365178323668031,0
"653feb348f4df4e625de5909",19,"experience",7,7,9.14285714285714,4.88228785446716,1,15,-0.37382020514997,1
"653feb348f4df4e625de5909",20,"experience",12,12,38.5,6.23832242407097,29,48,0.0617856766549129,0
"653feb348f4df4e625de5909",21,"experience",8,8,32,5.47722557505166,24,40,0,0
"653feb348f4df4e625de5909",22,"experience",2,2,25,4,21,29,0,0
"653feb348f4df4e625de5909",23,"experience",2,2,21,4,17,25,0,0
"653feb348f4df4e625de5909",24,"experience",2,2,28,4,24,32,0,0
"653feb348f4df4e625de5909",25,"experience",2,2,27,4,23,31,0,0
"653feb348f4df4e625de5909",26,"experience",8,8,24,5.47722557505166,16,32,0,0
"653feb348f4df4e625de5909",27,"experience",2,2,27,4,23,31,0,0
"653feb348f4df4e625de5909",28,"experience",2,2,34,4,30,38,0,0
"653feb348f4df4e625de5909",29,"experience",12,12,27.3333333333333,5.45180907793204,18,36,-0.206282093856245,0
"653feb348f4df4e625de5909",30,"experience",8,8,20,5.47722557505166,12,28,0,0
"653feb348f4df4e625de5909",31,"experience",8,8,22,5.47722557505166,14,30,0,0
"653feb348f4df4e625de5909",32,"experience",12,12,30.3333333333333,5.45180907793204,21,39,-0.206282093856245,0
"653feb348f4df4e625de5909",33,"experience",6,6,27,4.32049379893857,21,33,0,0
"653feb348f4df4e625de5909",34,"experience",2,2,21,4,17,25,0,0
"653feb348f4df4e625de5909",35,"experience",8,8,25,5.47722557505166,17,33,0,0
"653feb348f4df4e625de5909",36,"experience",6,6,22,4.32049379893857,16,28,0,0
"653feb348f4df4e625de5909",37,"experience",12,12,32.3333333333333,5.45180907793204,23,41,-0.206282093856247,0
"653feb348f4df4e625de5909",38,"experience",12,12,17.3333333333333,5.45180907793204,8,26,-0.206282093856245,0
"653feb348f4df4e625de5909",39,"experience",12,12,28.3333333333333,5.45180907793204,19,37,-0.206282093856245,0
"653feb348f4df4e625de5909",40,"experience",2,2,22,4,18,26,0,0
"653feb348f4df4e625de5909",41,"experience",6,6,32,4.32049379893857,26,38,0,0
"653feb348f4df4e625de5909",42,"experience",8,8,15,5.47722557505166,7,23,0,0
"653feb348f4df4e625de5909",43,"experience",2,2,27,4,23,31,0,0
"653feb348f4df4e625de5909",44,"experience",12,12,22.3333333333333,5.45180907793204,13,31,-0.206282093856245,0
"653feb348f4df4e625de5909",45,"experience",6,6,20,4.32049379893857,14,26,0,0
"653feb348f4df4e625de5909",46,"experience",12,12,18.3333333333333,5.45180907793204,9,27,-0.206282093856245,0
"653feb348f4df4e625de5909",47,"experience",2,2,19,4,15,23,0,0
"653feb348f4df4e625de5909",48,"experience",6,6,26,4.32049379893857,20,32,0,0
"653feb348f4df4e625de5909",49,"experience",8,8,21,5.47722557505166,13,29,0,0
"653feb348f4df4e625de5909",50,"experience",6,6,22,4.32049379893857,16,28,0,0
"653feb348f4df4e625de5909",51,"experience",8,8,35,5.47722557505166,27,43,0,0
"653feb348f4df4e625de5909",52,"experience",12,12,19.3333333333333,5.45180907793204,10,28,-0.206282093856245,0
"653feb348f4df4e625de5909",53,"experience",6,6,22,4.32049379893857,16,28,0,0
"653feb348f4df4e625de5909",54,"experience",6,6,19,4.32049379893857,13,25,0,0
"653feb348f4df4e625de5909",55,"experience",12,12,26.3333333333333,5.45180907793204,17,35,-0.206282093856245,0
"653feb348f4df4e625de5909",56,"experience",8,8,23,5.47722557505166,15,31,0,0
"653feb348f4df4e625de5909",57,"experience",6,6,20,4.32049379893857,14,26,0,0
"653feb348f4df4e625de5909",58,"experience",8,8,32,5.47722557505166,24,40,0,0
"653feb348f4df4e625de5909",59,"experience",12,12,17.3333333333333,5.45180907793204,8,26,-0.206282093856245,0
"653feb348f4df4e625de5909",60,"experience",8,8,15,5.47722557505166,7,23,0,0
"653feb348f4df4e625de5909",61,"experience",6,6,19,4.32049379893857,13,25,0,0
"653feb348f4df4e625de5909",62,"experience",12,12,28.3333333333333,5.45180907793204,19,37,-0.206282093856245,0
"653feb348f4df4e625de5909",63,"experience",6,6,15,4.32049379893857,9,21,0,0
"653feb348f4df4e625de5909",64,"experience",2,2,20,4,16,24,0,0
"653feb348f4df4e625de5909",65,"experience",6,6,36,4.32049379893857,30,42,0,0
"653feb348f4df4e625de5909",66,"experience",8,8,24,5.47722557505166,16,32,0,0
"653feb348f4df4e625de5909",67,"experience",2,2,17,4,13,21,0,0
"653feb348f4df4e625de5909",68,"experience",12,12,24.3333333333333,5.45180907793204,15,33,-0.206282093856245,0
"653feb348f4df4e625de5909",69,"experience",2,2,22,4,18,26,0,0
"653feb348f4df4e625de5909",70,"experience",6,6,15,4.32049379893857,9,21,0,0
"653feb348f4df4e625de5909",71,"experience",8,8,14,5.47722557505166,6,22,0,0
"653feb348f4df4e625de5909",72,"experience",2,2,29,4,25,33,0,0
"653feb348f4df4e625de5909",73,"experience",2,2,17,4,13,21,0,0
"653feb348f4df4e625de5909",74,"experience",6,6,20,4.32049379893857,14,26,0,0
"653feb348f4df4e625de5909",75,"experience",12,12,15.3333333333333,5.45180907793204,6,24,-0.206282093856245,0
"653feb348f4df4e625de5909",76,"experience",2,2,34,4,30,38,0,0
"653feb348f4df4e625de5909",77,"experience",12,12,15.3333333333333,5.45180907793204,6,24,-0.206282093856245,0
"653feb348f4df4e625de5909",78,"experience",8,8,27,5.47722557505166,19,35,0,0
"653feb348f4df4e625de5909",79,"experience",8,8,19,5.47722557505166,11,27,0,0
"653feb348f4df4e625de5909",80,"experience",2,2,29,4,25,33,0,0
"653feb348f4df4e625de5909",81,"experience",8,8,30,5.47722557505166,22,38,0,0
"653feb348f4df4e625de5909",82,"experience",8,8,32,5.47722557505166,24,40,0,0
"653feb348f4df4e625de5909",83,"experience",12,12,24.3333333333333,5.45180907793204,15,33,-0.206282093856245,0
"653feb348f4df4e625de5909",84,"experience",2,2,34,4,30,38,0,0
"653feb348f4df4e625de5909",85,"experience",6,6,30,4.32049379893857,24,36,0,0
"653feb348f4df4e625de5909",86,"experience",8,8,21,5.47722557505166,13,29,0,0
"653feb348f4df4e625de5909",87,"experience",6,6,17,4.32049379893857,11,23,0,0
"653feb348f4df4e625de5909",88,"experience",2,2,21,4,17,25,0,0
"653feb348f4df4e625de5909",89,"experience",2,2,31,4,27,35,0,0
"653feb348f4df4e625de5909",90,"experience",6,6,20,4.32049379893857,14,26,0,0
"653feb348f4df4e625de5909",91,"experience",2,2,31,4,27,35,0,0
"653feb348f4df4e625de5909",92,"experience",12,12,18.3333333333333,5.45180907793204,9,27,-0.206282093856245,0
"653feb348f4df4e625de5909",93,"experience",6,6,17,4.32049379893857,11,23,0,0
"653feb348f4df4e625de5909",94,"experience",12,12,28.3333333333333,5.45180907793204,19,37,-0.206282093856245,0
"653feb348f4df4e625de5909",95,"experience",12,12,23.3333333333333,5.45180907793204,14,32,-0.206282093856245,0
"653feb348f4df4e625de5909",96,"experience",8,8,22,5.47722557505166,14,30,0,0
"653feb348f4df4e625de5909",97,"experience",2,2,31,4,27,35,0,0
"653feb348f4df4e625de5909",98,"experience",12,12,14.3333333333333,5.45180907793204,5,23,-0.206282093856245,0
"653feb348f4df4e625de5909",99,"experience",2,2,29,4,25,33,0,0
"653feb348f4df4e625de5909",100,"experience",12,12,16.3333333333333,5.45180907793204,7,25,-0.206282093856245,0
"653feb348f4df4e625de5909",101,"experience",8,8,34,5.47722557505166,26,42,0,0
"653feb348f4df4e625de5909",102,"experience",8,8,27,5.47722557505166,19,35,0,0
"653feb348f4df4e625de5909",103,"experience",8,8,34,5.47722557505166,26,42,0,0
"653feb348f4df4e625de5909",104,"experience",12,12,21.3333333333333,5.45180907793204,12,30,-0.206282093856245,0
"653feb348f4df4e625de5909",105,"experience",8,8,21,5.47722557505166,13,29,0,0
"653feb348f4df4e625de5909",106,"experience",6,6,14,4.32049379893857,8,20,0,0
"653feb348f4df4e625de5909",107,"experience",12,12,26.3333333333333,5.45180907793204,17,35,-0.206282093856245,0
"653feb348f4df4e625de5909",108,"experience",12,12,26.3333333333333,5.45180907793204,17,35,-0.206282093856245,0
"653feb348f4df4e625de5909",109,"experience",12,12,34.3333333333333,5.45180907793204,25,43,-0.206282093856247,0
"653feb348f4df4e625de5909",110,"experience",6,6,33,4.32049379893857,27,39,0,0
"653feb348f4df4e625de5909",111,"experience",6,6,30,4.32049379893857,24,36,0,0
"653feb348f4df4e625de5909",112,"experience",6,6,20,4.32049379893857,14,26,0,0
"653feb348f4df4e625de5909",113,"experience",6,6,19,4.32049379893857,13,25,0,0
"653feb348f4df4e625de5909",114,"experience",8,8,25,5.47722557505166,17,33,0,0
"653feb348f4df4e625de5909",115,"experience",6,6,23,4.32049379893857,17,29,0,0
"653feb348f4df4e625de5909",116,"experience",2,2,36,4,32,40,0,0
"67f0130f2e5e1c69ddbcfcdd",1,"experience",10,10,8.5,4.27200187265877,2,16,0.153917125079843,0
"67f0130f2e5e1c69ddbcfcdd",2,"experience",12,12,10.75,5.84700778176325,1,19,-0.315635123579304,1
"67f0130f2e5e1c69ddbcfcdd",3,"experience",8,8,36.25,5.7391201416245,29,48,0.74739223229218,0
"67f0130f2e5e1c69ddbcfcdd",4,"experience",11,11,38.2727272727273,5.08278572672522,30,48,0.314492775267202,0
"67f0130f2e5e1c69ddbcfcdd",5,"experience",3,3,11,5.71547606649408,3,16,-0.642723256123866,0
"67f0130f2e5e1c69ddbcfcdd",6,"experience",5,5,37,5.21536192416212,30,43,-0.177642626093325,0
"67f0130f2e5e1c69ddbcfcdd",7,"experience",3,3,16,0.816496580927726,15,17,0,0
"67f0130f2e5e1c69ddbcfcdd",8,"experience",4,4,41,6.28490254498827,31,48,-0.634431758266721,0
"67f0130f2e5e1c69ddbcfcdd",9,"experience",12,12,9.25,5.78971789756058,1,20,0.291605869910096,1
"67f0130f2e5e1c69ddbcfcdd",10,"experience",12,12,37.6666666666667,5.84997625826141,29,48,0.346784254177909,0
"67f0130f2e5e1c69ddbcfcdd",11,"experience",12,12,9.5,6.10327780786685,1,20,0.219928032354105,1
"67f0130f2e5e1c69ddbcfcdd",12,"experience",3,3,9.33333333333333,5.43650214343336,5,17,0.689205498142875,0
"67f0130f2e5e1c69ddbcfcdd",13,"experience",6,6,11.1666666666667,7.15114598430831,1,20,-0.435894678307943,1
"67f0130f2e5e1c69ddbcfcdd",14,"experience",4,4,39,5.78791845139511,32,48,0.487376514730976,0
"67f0130f2e5e1c69ddbcfcdd",15,"experience",5,5,37,7.21110255092798,29,48,0.320019343976094,0
"67f0130f2e5e1c69ddbcfcdd",16,"experience",7,7,11.1428571428571,7.11996331107264,2,20,-0.0930518671194349,0
"67f0130f2e5e1c69ddbcfcdd",17,"experience",4,4,40,7.51664818918645,32,48,0,0
"67f0130f2e5e1c69ddbcfcdd",18,"experience",2,2,31,2,29,33,0,0
"67f0130f2e5e1c69ddbcfcdd",19,"experience",12,12,11.5,6.38357266740185,1,20,-0.233536551346103,1
"67f0130f2e5e1c69ddbcfcdd",20,"experience",10,10,12.6,4.71593044902064,3,20,-0.463834251923012,0
"67f0130f2e5e1c69ddbcfcdd",21,"experience",6,6,33,4.32049379893857,27,39,0,0
"67f0130f2e5e1c69ddbcfcdd",22,"experience",2,2,24,4,20,28,0,0
"67f0130f2e5e1c69ddbcfcdd",23,"experience",2,2,35,4,31,39,0,0
"67f0130f2e5e1c69ddbcfcdd",24,"experience",2,2,25,4,21,29,0,0
"67f0130f2e5e1c69ddbcfcdd",25,"experience",12,12,19.3333333333333,5.45180907793204,10,28,-0.206282093856245,0
"67f0130f2e5e1c69ddbcfcdd",26,"experience",2,2,30,4,26,34,0,0
"67f0130f2e5e1c69ddbcfcdd",27,"experience",8,8,36,5.47722557505166,28,44,0,0
"67f0130f2e5e1c69ddbcfcdd",28,"experience",2,2,35,4,31,39,0,0
"67f0130f2e5e1c69ddbcfcdd",29,"experience",8,8,17,5.47722557505166,9,25,0,0
"67f0130f2e5e1c69ddbcfcdd",30,"experience",8,8,28,5.47722557505166,20,36,0,0
"67f0130f2e5e1c69ddbcfcdd",31,"experience",6,6,26,4.32049379893857,20,32,0,0
"67f0130f2e5e1c69ddbcfcdd",32,"experience",8,8,18,5.47722557505166,10,26,0,0
"67f0130f2e5e1c69ddbcfcdd",33,"experience",6,6,16,4.32049379893857,10,22,0,0
"67f0130f2e5e1c69ddbcfcdd",34,"experience",2,2,31,4,27,35,0,0
"67f0130f2e5e1c69ddbcfcdd",35,"experience",12,12,20.3333333333333,5.45180907793204,11,29,-0.206282093856245,0
"67f0130f2e5e1c69ddbcfcdd",36,"experience",12,12,34.3333333333333,5.45180907793204,25,43,-0.206282093856247,0
"67f0130f2e5e1c69ddbcfcdd",37,"experience",2,2,22,4,18,26,0,0
"67f0130f2e5e1c69ddbcfcdd",38,"experience",8,8,33,5.47722557505166,25,41,0,0
"67f0130f2e5e1c69ddbcfcdd",39,"experience",2,2,22,4,18,26,0,0
"67f0130f2e5e1c69ddbcfcdd",40,"experience",8,8,19,5.47722557505166,11,27,0,0
"67f0130f2e5e1c69ddbcfcdd",41,"experience",12,12,22.3333333333333,5.45180907793204,13,31,-0.206282093856245,0
"67f0130f2e5e1c69ddbcfcdd",42,"experience",2,2,28,4,24,32,0,0
"67f0130f2e5e1c69ddbcfcdd",43,"experience",12,12,31.3333333333333,5.45180907793204,22,40,-0.206282093856245,0
"67f0130f2e5e1c69ddbcfcdd",44,"experience",12,12,27.3333333333333,5.45180907793204,18,36,-0.206282093856245,0
"67f0130f2e5e1c69ddbcfcdd",45,"experience",8,8,18,5.47722557505166,10,26,0,0
"67f0130f2e5e1c69ddbcfcdd",46,"experience",12,12,36.3333333333333,5.45180907793204,27,45,-0.206282093856247,0
"67f0130f2e5e1c69ddbcfcdd",47,"experience",12,12,18.3333333333333,5.45180907793204,9,27,-0.206282093856245,0
"67f0130f2e5e1c69ddbcfcdd",48,"experience",6,6,17,4.32049379893857,11,23,0,0
"67f0130f2e5e1c69ddbcfcdd",49,"experience",6,6,31,4.32049379893857,25,37,0,0
"67f0130f2e5e1c69ddbcfcdd",50,"experience",6,6,19,4.32049379893857,13,25,0,0
"67f0130f2e5e1c69ddbcfcdd",51,"experience",6,6,16,4.32049379893857,10,22,0,0
"67f0130f2e5e1c69ddbcfcdd",52,"experience",6,6,17,4.32049379893857,11,23,0,0
"67f0130f2e5e1c69ddbcfcdd",53,"experience",2,2,14,4,10,18,0,0
"67f0130f2e5e1c69ddbcfcdd",54,"experience",8,8,24,5.47722557505166,16,32,0,0
"67f0130f2e5e1c69ddbcfcdd",55,"experience",8,8,23,5.47722557505166,15,31,0,0
"67f0130f2e5e1c69ddbcfcdd",56,"experience",6,6,18,4.32049379893857,12,24,0,0
"67f0130f2e5e1c69ddbcfcdd",57,"experience",2,2,19,4,15,23,0,0
"67f0130f2e5e1c69ddbcfcdd",58,"experience",12,12,24.3333333333333,5.45180907793204,15,33,-0.206282093856245,0
"67f0130f2e5e1c69ddbcfcdd",59,"experience",6,6,33,4.32049379893857,27,39,0,0
"67f0130f2e5e1c69ddbcfcdd",60,"experience",12,12,35.3333333333333,5.45180907793204,26,44,-0.206282093856247,0
"67f0130f2e5e1c69ddbcfcdd",61,"experience",12,12,18.3333333333333,5.45180907793204,9,27,-0.206282093856245,0
"67f0130f2e5e1c69ddbcfcdd",62,"experience",8,8,31,5.47722557505166,23,39,0,0
"67f0130f2e5e1c69ddbcfcdd",63,"experience",6,6,35,4.32049379893857,29,41,0,0
"67f0130f2e5e1c69ddbcfcdd",64,"experience",12,12,25.3333333333333,5.45180907793204,16,34,-0.206282093856245,0
"67f0130f2e5e1c69ddbcfcdd",65,"experience",2,2,33,4,29,37,0,0
"67f0130f2e5e1c69ddbcfcdd",66,"experience",8,8,35,5.47722557505166,27,43,0,0
"67f0130f2e5e1c69ddbcfcdd",67,"experience",6,6,34,4.32049379893857,28,40,0,0
"67f0130f2e5e1c69ddbcfcdd",68,"experience",8,8,32,5.47722557505166,24,40,0,0
"67f0130f2e5e1c69ddbcfcdd",69,"experience",8,8,20,5.47722557505166,12,28,0,0
"67f0130f2e5e1c69ddbcfcdd",70,"experience",12,12,25.3333333333333,5.45180907793204,16,34,-0.206282093856245,0
"67f0130f2e5e1c69ddbcfcdd",71,"experience",6,6,25,4.32049379893857,19,31,0,0
"67f0130f2e5e1c69ddbcfcdd",72,"experience",2,2,33,4,29,37,0,0
"67f0130f2e5e1c69ddbcfcdd",73,"experience",6,6,18,4.32049379893857,12,24,0,0
"67f0130f2e5e1c69ddbcfcdd",74,"experience",6,6,26,4.32049379893857,20,32,0,0
"67f0130f2e5e1c69ddbcfcdd",75,"experience",2,2,15,4,11,19,0,0
"67f0130f2e5e1c69ddbcfcdd",76,"experience",12,12,25.3333333333333,5.45180907793204,16,34,-0.206282093856245,0
"67f0130f2e5e1c69ddbcfcdd",77,"experience",2,2,31,4,27,35,0,0
"67f0130f2e5e1c69ddbcfcdd",78,"experience",8,8,23,5.47722557505166,15,31,0,0
"67f0130f2e5e1c69ddbcfcdd",79,"experience",8,8,27,5.47722557505166,19,35,0,0
"67f0130f2e5e1c69ddbcfcdd",80,"experience",2,2,21,4,17,25,0,0
"67f0130f2e5e1c69ddbcfcdd",81,"experience",8,8,35,5.47722557505166,27,43,0,0
"67f0130f2e5e1c69ddbcfcdd",82,"experience",6,6,26,4.32049379893857,20,32,0,0
"67f0130f2e5e1c69ddbcfcdd",83,"experience",2,2,18,4,14,22,0,0
"67f0130f2e5e1c69ddbcfcdd",84,"experience",8,8,34,5.47722557505166,26,42,0,0
"67f0130f2e5e1c69ddbcfcdd",85,"experience",2,2,16,4,12,20,0,0
"67f0130f2e5e1c69ddbcfcdd",86,"experience",2,2,34,4,30,38,0,0
"67f0130f2e5e1c69ddbcfcdd",87,"experience",2,2,17,4,13,21,0,0
"67f0130f2e5e1c69ddbcfcdd",88,"experience",8,8,14,5.47722557505166,6,22,0,0
"67f0130f2e5e1c69ddbcfcdd",89,"experience",8,8,23,5.47722557505166,15,31,0,0
"67f0130f2e5e1c69ddbcfcdd",90,"experience",12,12,16.3333333333333,5.45180907793204,7,25,-0.206282093856245,0
"67f0130f2e5e1c69ddbcfcdd",91,"experience",8,8,32,5.47722557505166,24,40,0,0
"67f0130f2e5e1c69ddbcfcdd",92,"experience",6,6,33,4.32049379893857,27,39,0,0
"67f0130f2e5e1c69ddbcfcdd",93,"experience",12,12,25.3333333333333,5.45180907793204,16,34,-0.206282093856245,0
"67f0130f2e5e1c69ddbcfcdd",94,"experience",12,12,33.3333333333333,5.45180907793204,24,42,-0.206282093856247,0
"67f0130f2e5e1c69ddbcfcdd",95,"experience",6,6,16,4.32049379893857,10,22,0,0
"67f0130f2e5e1c69ddbcfcdd",96,"experience",12,12,24.3333333333333,5.45180907793204,15,33,-0.206282093856245,0
"67f0130f2e5e1c69ddbcfcdd",97,"experience",12,12,15.3333333333333,5.45180907793204,6,24,-0.206282093856245,0
"67f0130f2e5e1c69ddbcfcdd",98,"experience",6,6,31,4.32049379893857,25,37,0,0
"67f0130f2e5e1c69ddbcfcdd",99,"experience",6,6,27,4.32049379893857,21,33,0,0
"67f0130f2e5e1c69ddbcfcdd",100,"experience",2,2,34,4,30,38,0,0
"67f0130f2e5e1c69ddbcfcdd",101,"experience",12,12,35.3333333333333,5.45180907793204,26,44,-0.206282093856247,0
"67f0130f2e5e1c69ddbcfcdd",102,"experience",8,8,24,5.47722557505166,16,32,0,0
"67f0130f2e5e1c69ddbcfcdd",103,"experience",2,2,32,4,28,36,0,0
"67f0130f2e5e1c69ddbcfcdd",104,"experience",12,12,29.3333333333333,5.45180907793204,20,38,-0.206282093856245,0
"67f0130f2e5e1c69ddbcfcdd",105,"experience",12,12,24.3333333333333,5.45180907793204,15,33,-0.206282093856245,0
"67f0130f2e5e1c69ddbcfcdd",106,"experience",6,6,18,4.32049379893857,12,24,0,0
"67f0130f2e5e1c69ddbcfcdd",107,"experience",2,2,14,4,10,18,0,0
"67f0130f2e5e1c69ddbcfcdd",108,"experience",12,12,17.3333333333333,5.45180907793204,8,26,-0.206282093856245,0
"67f0130f2e5e1c69ddbcfcdd",109,"experience",8,8,31,5.47722557505166,23,39,0,0
"67f0130f2e5e1c69ddbcfcdd",110,"experience",6,6,19,4.32049379893857,13,25,0,0
"67f0130f2e5e1c69ddbcfcdd",111,"experience",8,8,36,5.47722557505166,28,44,0,0
"67f0130f2e5e1c69ddbcfcdd",112,"experience",2,2,23,4,19,27,0,0
"67f0130f2e5e1c69ddbcfcdd",113,"experience",6,6,35,4.32049379893857,29,41,0,0
"67f0130f2e5e1c69ddbcfcdd",114,"experience",6,6,16,4.32049379893857,10,22,0,0
"67f0130f2e5e1c69ddbcfcdd",115,"experience",12,12,36.3333333333333,5.45180907793204,27,45,-0.206282093856247,0
"67f0130f2e5e1c69ddbcfcdd",116,"experience",8,8,29,5.47722557505166,21,37,0,0
"62b628e4351d179f1ff6cc59",1,"experience",3,3,9.66666666666667,2.05480466765633,7,12,-0.239063146929544,0
"62b628e4351d179f1ff6cc59",2,"experience",11,11,37.4545454545455,5.22865594347215,30,48,0.527782111467044,0
"62b628e4351d179f1ff6cc59",3,"experience",12,12,39,6.23163969861331,29,48,-0.295460232905941,0
"62b628e4351d179f1ff6cc59",4,"experience",5,5,8.4,4.88262224629348,1,14,-0.294428653314058,1
"62b628e4351d179f1ff6cc59",5,"experience",12,12,10.6666666666667,5.39032054293208,1,20,0.0431574055731617,1
"62b628e4351d179f1ff6cc59",6,"experience",4,4,8,7.24568837309472,1,19,0.512620129797178,1
"62b628e4351d179f1ff6cc59",7,"experience",3,3,10.3333333333333,4.98887651569859,5,17,0.381801774160606,0
"62b628e4351d179f1ff6cc59",8,"experience",7,7,40.8571428571429,4.45384493374854,32,47,-0.642688262616433,0
"62b628e4351d179f1ff6cc59",9,"experience",3,3,34,4.96655480858378,30,41,0.685667537488922,0
"62b628e4351d179f1ff6cc59",10,"experience",5,5,34.8,4.57820925690384,29,41,0.129054759514438,0
"62b628e4351d179f1ff6cc59",11,"experience",8,8,38.75,4.17582327212252,33,47,0.505984829365753,0
"62b628e4351d179f1ff6cc59",12,"experience",4,4,6.75,4.43705983732471,1,12,-0.091222998923078,1
"62b628e4351d179f1ff6cc59",13,"experience",2,2,39,2,37,41,0,0
"62b628e4351d179f1ff6cc59",14,"experience",9,9,39,4.89897948556636,32,46,-0.0170103454359943,0
"62b628e4351d179f1ff6cc59",15,"experience",12,12,11.1666666666667,5.59513677719817,2,20,-0.0256381013608011,0
"62b628e4351d179f1ff6cc59",16,"experience",7,7,37.5714285714286,5.90053612230382,31,47,0.483224089020037,0
"62b628e4351d179f1ff6cc59",17,"experience",9,9,37.3333333333333,6.92820323027551,29,48,0.379777086793329,0
"62b628e4351d179f1ff6cc59",18,"experience",7,7,39.7142857142857,4.68170560233541,31,46,-0.521123030827042,0
"62b628e4351d179f1ff6cc59",19,"experience",5,5,10.6,6.37495098020369,2,18,-0.304031981170783,0
"62b628e4351d179f1ff6cc59",20,"experience",10,10,38.3,5.25452186216786,30,48,0.0539298524181927,0
"62b628e4351d179f1ff6cc59",21,"experience",12,12,35.3333333333333,5.45180907793204,26,44,-0.206282093856247,0
"62b628e4351d179f1ff6cc59",22,"experience",2,2,29,4,25,33,0,0
"62b628e4351d179f1ff6cc59",23,"experience",12,12,36.3333333333333,5.45180907793204,27,45,-0.206282093856247,0
"62b628e4351d179f1ff6cc59",24,"experience",12,12,24.3333333333333,5.45180907793204,15,33,-0.206282093856245,0
"62b628e4351d179f1ff6cc59",25,"experience",8,8,28,5.47722557505166,20,36,0,0
"62b628e4351d179f1ff6cc59",26,"experience",6,6,15,4.32049379893857,9,21,0,0
"62b628e4351d179f1ff6cc59",27,"experience",12,12,20.3333333333333,5.45180907793204,11,29,-0.206282093856245,0
"62b628e4351d179f1ff6cc59",28,"experience",8,8,36,5.47722557505166,28,44,0,0
"62b628e4351d179f1ff6cc59",29,"experience",8,8,28,5.47722557505166,20,36,0,0
"62b628e4351d179f1ff6cc59",30,"experience",8,8,34,5.47722557505166,26,42,0,0
"62b628e4351d179f1ff6cc59",31,"experience",12,12,35.3333333333333,5.45180907793204,26,44,-0.206282093856247,0
"62b628e4351d179f1ff6cc59",32,"experience",8,8,34,5.47722557505166,26,42,0,0
"62b628e4351d179f1ff6cc59",33,"experience",6,6,20,4.32049379893857,14,26,0,0
"62b628e4351d179f1ff6cc59",34,"experience",2,2,32,4,28,36,0,0
"62b628e4351d179f1ff6cc59",35,"experience",2,2,15,4,11,19,0,0
"62b628e4351d179f1ff6cc59",36,"experience",6,6,25,4.32049379893857,19,31,0,0
"62b628e4351d179f1ff6cc59",37,"experience",6,6,16,4.32049379893857,10,22,0,0
"62b628e4351d179f1ff6cc59",38,"experience",8,8,31,5.47722557505166,23,39,0,0
"62b628e4351d179f1ff6cc59",39,"experience",2,2,28,4,24,32,0,0
"62b628e4351d179f1ff6cc59",40,"experience",2,2,34,4,30,38,0,0
"62b628e4351d179f1ff6cc59",41,"experience",6,6,36,4.32049379893857,30,42,0,0
"62b628e4351d179f1ff6cc59",42,"experience",12,12,27.3333333333333,5.45180907793204,18,36,-0.206282093856245,0
"62b628e4351d179f1ff6cc59",43,"experience",2,2,14,4,10,18,0,0
"62b628e4351d179f1ff6cc59",44,"experience",2,2,28,4,24,32,0,0
"62b628e4351d179f1ff6cc59",45,"experience",12,12,27.3333333333333,5.45180907793204,18,36,-0.206282093856245,0
"62b628e4351d179f1ff6cc59",46,"experience",8,8,23,5.47722557505166,15,31,0,0
"62b628e4351d179f1ff6cc59",47,"experience",6,6,20,4.32049379893857,14,26,0,0
"62b628e4351d179f1ff6cc59",48,"experience",2,2,28,4,24,32,0,0
"62b628e4351d179f1ff6cc59",49,"experience",6,6,34,4.32049379893857,28,40,0,0
"62b628e4351d179f1ff6cc59",50,"experience",12,12,31.3333333333333,5.45180907793204,22,40,-0.206282093856245,0
"62b628e4351d179f1ff6cc59",51,"experience",2,2,25,4,21,29,0,0
"62b628e4351d179f1ff6cc59",52,"experience",8,8,23,5.47722557505166,15,31,0,0
"62b628e4351d179f1ff6cc59",53,"experience",8,8,24,5.47722557505166,16,32,0,0
"62b628e4351d179f1ff6cc59",54,"experience",8,8,24,5.47722557505166,16,32,0,0
"62b628e4351d179f1ff6cc59",55,"experience",8,8,25,5.47722557505166,17,33,0,0
"62b628e4351d179f1ff6cc59",56,"experience",12,12,14.3333333333333,5.45180907793204,5,23,-0.206282093856245,0
"62b628e4351d179f1ff6cc59",57,"experience",6,6,16,4.32049379893857,10,22,0,0
"62b628e4351d179f1ff6cc59",58,"experience",6,6,21,4.32049379893857,15,27,0,0
"62b628e4351d179f1ff6cc59",59,"experience",8,8,17,5.47722557505166,9,25,0,0
"62b628e4351d179f1ff6cc59",60,"experience",12,12,35.3333333333333,5.45180907793204,26,44,-0.206282093856247,0
"62b628e4351d179f1ff6cc59",61,"experience",12,12,33.3333333333333,5.45180907793204,24,42,-0.206282093856247,0
"62b628e4351d179f1ff6cc59",62,"experience",6,6,16,4.32049379893857,10,22,0,0
"62b628e4351d179f1ff6cc59",63,"experience",6,6,25,4.32049379893857,19,31,0,0
"62b628e4351d179f1ff6cc59",64,"experience",2,2,33,4,29,37,0,0
"62b628e4351d179f1ff6cc59",65,"experience",12,12,25.3333333333333,5.45180907793204,16,34,-0.206282093856245,0
"62b628e4351d179f1ff6cc59",66,"experience",2,2,27,4,23,31,0,0
"62b628e4351d179f1ff6cc59",67,"experience",6,6,22,4.32049379893857,16,28,0,0
"62b628e4351d179f1ff6cc59",68,"experience",2,2,24,4,20,28,0,0
"62b628e4351d179f1ff6cc59",69,"experience",8,8,18,5.47722557505166,10,26,0,0
"62b628e4351d179f1ff6cc59",70,"experience",6,6,34,4.32049379893857,28,40,0,0
"62b628e4351d179f1ff6cc59",71,"experience",2,2,17,4,13,21,0,0
"62b628e4351d179f1ff6cc59",72,"experience",2,2,32,4,28,36,0,0
"62b628e4351d179f1ff6cc59",73,"experience",2,2,36,4,32,40,0,0
"62b628e4351d179f1ff6cc59",74,"experience",12,12,19.3333333333333,5.45180907793204,10,28,-0.206282093856245,0
"62b628e4351d179f1ff6cc59",75,"experience",6,6,29,4.32049379893857,23,35,0,0
"62b628e4351d179f1ff6cc59",76,"experience",8,8,30,5.47722557505166,22,38,0,0
"62b628e4351d179f1ff6cc59",77,"experience",8,8,21,5.47722557505166,13,29,0,0
"62b628e4351d179f1ff6cc59",78,"experience",8,8,35,5.47722557505166,27,43,0,0
"62b628e4351d179f1ff6cc59",79,"experience",8,8,25,5.47722557505166,17,33,0,0
"62b628e4351d179f1ff6cc59",80,"experience",12,12,32.3333333333333,5.45180907793204,23,41,-0.206282093856247,0
"62b628e4351d179f1ff6cc59",81,"experience",6,6,32,4.32049379893857,26,38,0,0
"62b628e4351d179f1ff6cc59",82,"experience",8,8,32,5.47722557505166,24,40,0,0
"62b628e4351d179f1ff6cc59",83,"experience",12,12,28.3333333333333,5.45180907793204,19,37,-0.206282093856245,0
"62b628e4351d179f1ff6cc59",84,"experience",6,6,19,4.32049379893857,13,25,0,0
"62b628e4351d179f1ff6cc59",85,"experience",8,8,28,5.47722557505166,20,36,0,0
"62b628e4351d179f1ff6cc59",86,"experience",6,6,29,4.32049379893857,23,35,0,0
"62b628e4351d179f1ff6cc59",87,"experience",2,2,18,4,14,22,0,0
"62b628e4351d179f1ff6cc59",88,"experience",8,8,24,5.47722557505166,16,32,0,0
"62b628e4351d179f1ff6cc59",89,"experience",12,12,24.3333333333333,5.45180907793204,15,33,-0.206282093856245,0
"62b628e4351d179f1ff6cc59",90,"experience",6,6,33,4.32049379893857,27,39,0,0
"62b628e4351d179f1ff6cc59",91,"experience",2,2,21,4,17,25,0,0
"62b628e4351d179f1ff6cc59",92,"experience",12,12,31.3333333333333,5.45180907793204,22,40,-0.206282093856245,0
"62b628e4351d179f1ff6cc59",93,"experience",6,6,28,4.32049379893857,22,34,0,0
"62b628e4351d179f1ff6cc59",94,"experience",8,8,26,5.47722557505166,18,34,0,0
"62b628e4351d179f1ff6cc59",95,"experience",2,2,31,4,27,35,0,0
"62b628e4351d179f1ff6cc59",96,"experience",6,6,19,4.32049379893857,13,25,0,0
"62b628e4351d179f1ff6cc59",97,"experience",12,12,31.3333333333333,5.45180907793204,22,40,-0.206282093856245,0
"62b628e4351d179f1ff6cc59",98,"experience",2,2,27,4,23,31,0,0
"62b628e4351d179f1ff6cc59",99,"experience",12,12,21.3333333333333,5.45180907793204,12,30,-0.206282093856245,0
"62b628e4351d179f1ff6cc59",100,"experience",8,8,14,5.47722557505166,6,22,0,0
"62b628e4351d179f1ff6cc59",101,"experience",2,2,29,4,25,33,0,0
"62b628e4351d179f1ff6cc59",102,"experience",6,6,21,4.32049379893857,15,27,0,0
"62b628e4351d179f1ff6cc59",103,"experience",8,8,27,5.47722557505166,19,35,0,0
"62b628e4351d179f1ff6cc59",104,"experience",12,12,15.3333333333333,5.45180907793204,6,24,-0.206282093856245,0
"62b628e4351d179f1ff6cc59",105,"experience",12,12,28.3333333333333,5.45180907793204,19,37,-0.206282093856245,0
"62b628e4351d179f1ff6cc59",106,"experience",2,2,31,4,27,35,0,0
"62b628e4351d179f1ff6cc59",107,"experience",2,2,29,4,25,33,0,0
"62b628e4351d179f1ff6cc59",108,"experience",12,12,22.3333333333333,5.45180907793204,13,31,-0.206282093856245,0
"62b628e4351d179f1ff6cc59",109,"experience",8,8,22,5.47722557505166,14,30,0,0
"62b628e4351d179f1ff6cc59",110,"experience",2,2,25,4,21,29,0,0
"62b628e4351d179f1ff6cc59",111,"experience",2,2,25,4,21,29,0,0
"62b628e4351d179f1ff6cc59",112,"experience",6,6,34,4.32049379893857,28,40,0,0
"62b628e4351d179f1ff6cc59",113,"experience",12,12,29.3333333333333,5.45180907793204,20,38,-0.206282093856245,0
"62b628e4351d179f1ff6cc59",114,"experience",6,6,18,4.32049379893857,12,24,0,0
"62b628e4351d179f1ff6cc59",115,"experience",6,6,16,4.32049379893857,10,22,0,0
"62b628e4351d179f1ff6cc59",116,"experience",12,12,36.3333333333333,5.45180907793204,27,45,-0.206282093856247,0
"636da58a0d76bbb9167dbf3e",1,"experience",3,3,37.6666666666667,7.36357401145817,29,47,0.135061522784742,0
"636da58a0d76bbb9167dbf3e",2,"experience",6,6,34.1666666666667,5.52016505389306,29,46,1.46200253278544,0
"636da58a0d76bbb9167dbf3e",3,"experience",9,9,38,3.590109871423,32,43,-0.201703556985418,0
"636da58a0d76bbb9167dbf3e",4,"experience",9,9,40.4444444444444,5.01356185452377,33,47,-0.157311797105488,0
"636da58a0d76bbb9167dbf3e",5,"experience",8,8,13.25,4.23526858652435,8,20,0.388721855481117,0
"636da58a0d76bbb9167dbf3e",6,"experience",4,4,6.5,4.7169905660283,1,14,0.600268462385624,1
"636da58a0d76bbb9167dbf3e",7,"experience",7,7,39.4285714285714,5.473498303048,31,48,0.0390430064419011,0
"636da58a0d76bbb9167dbf3e",8,"experience",10,10,37.4,5.51724568965349,29,45,-0.190490981270963,0
"636da58a0d76bbb9167dbf3e",9,"experience",3,3,37.3333333333333,1.6996731711976,35,39,-0.528004979218192,0
"636da58a0d76bbb9167dbf3e",10,"experience",9,9,36.3333333333333,6.46357314322177,29,47,0.545062238381973,0
"636da58a0d76bbb9167dbf3e",11,"experience",3,3,38.3333333333333,5.31245915016974,32,45,0.0938713409261798,0
"636da58a0d76bbb9167dbf3e",12,"experience",8,8,39.625,5.56636101955308,32,47,-0.0128418911146626,0
"636da58a0d76bbb9167dbf3e",13,"experience",4,4,34,4.30116263352131,30,41,0.791740674687634,0
"636da58a0d76bbb9167dbf3e",14,"experience",2,2,6,3,3,9,0,0
"636da58a0d76bbb9167dbf3e",15,"experience",6,6,12.3333333333333,5.55777733351102,3,19,-0.399552441190767,0
"636da58a0d76bbb9167dbf3e",16,"experience",9,9,9.55555555555556,5.98351645237167,1,18,-0.0277902678513242,1
"636da58a0d76bbb9167dbf3e",17,"experience",5,5,12.4,3.07245829914744,9,17,0.407116170779017,0
"636da58a0d76bbb9167dbf3e",18,"experience",5,5,11,5.21536192416212,3,19,0,0
"636da58a0d76bbb9167dbf3e",19,"experience",5,5,7.8,4.79165942028438,2,15,0.145287297431804,0
"636da58a0d76bbb9167dbf3e",20,"experience",10,10,36,5.42217668469038,29,46,0.519408845263968,0
"636da58a0d76bbb9167dbf3e",21,"experience",2,2,21,4,17,25,0,0
"636da58a0d76bbb9167dbf3e",22,"experience",12,12,19.3333333333333,5.45180907793204,10,28,-0.206282093856245,0
"636da58a0d76bbb9167dbf3e",23,"experience",12,12,23.3333333333333,5.45180907793204,14,32,-0.206282093856245,0
"636da58a0d76bbb9167dbf3e",24,"experience",2,2,20,4,16,24,0,0
"636da58a0d76bbb9167dbf3e",25,"experience",2,2,31,4,27,35,0,0
"636da58a0d76bbb9167dbf3e",26,"experience",2,2,34,4,30,38,0,0
"636da58a0d76bbb9167dbf3e",27,"experience",6,6,31,4.32049379893857,25,37,0,0
"636da58a0d76bbb9167dbf3e",28,"experience",2,2,27,4,23,31,0,0
"636da58a0d76bbb9167dbf3e",29,"experience",6,6,14,4.32049379893857,8,20,0,0
"636da58a0d76bbb9167dbf3e",30,"experience",6,6,25,4.32049379893857,19,31,0,0
"636da58a0d76bbb9167dbf3e",31,"experience",12,12,27.3333333333333,5.45180907793204,18,36,-0.206282093856245,0
"636da58a0d76bbb9167dbf3e",32,"experience",12,12,20.3333333333333,5.45180907793204,11,29,-0.206282093856245,0
"636da58a0d76bbb9167dbf3e",33,"experience",8,8,36,5.47722557505166,28,44,0,0
"636da58a0d76bbb9167dbf3e",34,"experience",12,12,22.3333333333333,5.45180907793204,13,31,-0.206282093856245,0
"636da58a0d76bbb9167dbf3e",35,"experience",8,8,24,5.47722557505166,16,32,0,0
"636da58a0d76bbb9167dbf3e",36,"experience",8,8,27,5.47722557505166,19,35,0,0
"636da58a0d76bbb9167dbf3e",37,"experience",8,8,17,5.47722557505166,9,25,0,0
"636da58a0d76bbb9167dbf3e",38,"experience",12,12,21.3333333333333,5.45180907793204,12,30,-0.206282093856245,0
"636da58a0d76bbb9167dbf3e",39,"experience",8,8,35,5.47722557505166,27,43,0,0
"636da58a0d76bbb9167dbf3e",40,"experience",2,2,29,4,25,33,0,0
"636da58a0d76bbb9167dbf3e",41,"experience",2,2,17,4,13,21,0,0
"636da58a0d76bbb9167dbf3e",42,"experience",2,2,14,4,10,18,0,0
"636da58a0d76bbb9167dbf3e",43,"experience",6,6,22,4.32049379893857,16,28,0,0
"636da58a0d76bbb9167dbf3e",44,"experience",6,6,21,4.32049379893857,15,27,0,0
"636da58a0d76bbb9167dbf3e",45,"experience",12,12,19.3333333333333,5.45180907793204,10,28,-0.206282093856245,0
"636da58a0d76bbb9167dbf3e",46,"experience",6,6,26,4.32049379893857,20,32,0,0
"636da58a0d76bbb9167dbf3e",47,"experience",12,12,20.3333333333333,5.45180907793204,11,29,-0.206282093856245,0
"636da58a0d76bbb9167dbf3e",48,"experience",6,6,21,4.32049379893857,15,27,0,0
"636da58a0d76bbb9167dbf3e",49,"experience",2,2,33,4,29,37,0,0
"636da58a0d76bbb9167dbf3e",50,"experience",6,6,29,4.32049379893857,23,35,0,0
"636da58a0d76bbb9167dbf3e",51,"experience",12,12,14.3333333333333,5.45180907793204,5,23,-0.206282093856245,0
"636da58a0d76bbb9167dbf3e",52,"experience",8,8,24,5.47722557505166,16,32,0,0
"636da58a0d76bbb9167dbf3e",53,"experience",12,12,34.3333333333333,5.45180907793204,25,43,-0.206282093856247,0
"636da58a0d76bbb9167dbf3e",54,"experience",8,8,27,5.47722557505166,19,35,0,0
"636da58a0d76bbb9167dbf3e",55,"experience",12,12,28.3333333333333,5.45180907793204,19,37,-0.206282093856245,0
"636da58a0d76bbb9167dbf3e",56,"experience",2,2,34,4,30,38,0,0
"636da58a0d76bbb9167dbf3e",57,"experience",8,8,18,5.47722557505166,10,26,0,0
"636da58a0d76bbb9167dbf3e",58,"experience",12,12,19.3333333333333,5.45180907793204,10,28,-0.206282093856245,0
"636da58a0d76bbb9167dbf3e",59,"experience",6,6,26,4.32049379893857,20,32,0,0
"636da58a0d76bbb9167dbf3e",60,"experience",6,6,29,4.32049379893857,23,35,0,0
"636da58a0d76bbb9167dbf3e",61,"experience",8,8,33,5.47722557505166,25,41,0,0
"636da58a0d76bbb9167dbf3e",62,"experience",2,2,16,4,12,20,0,0
"636da58a0d76bbb9167dbf3e",63,"experience",2,2,36,4,32,40,0,0
"636da58a0d76bbb9167dbf3e",64,"experience",8,8,15,5.47722557505166,7,23,0,0
"636da58a0d76bbb9167dbf3e",65,"experience",8,8,33,5.47722557505166,25,41,0,0
"636da58a0d76bbb9167dbf3e",66,"experience",8,8,14,5.47722557505166,6,22,0,0
"636da58a0d76bbb9167dbf3e",67,"experience",6,6,19,4.32049379893857,13,25,0,0
"636da58a0d76bbb9167dbf3e",68,"experience",6,6,34,4.32049379893857,28,40,0,0
"636da58a0d76bbb9167dbf3e",69,"experience",2,2,17,4,13,21,0,0
"636da58a0d76bbb9167dbf3e",70,"experience",2,2,36,4,32,40,0,0
"636da58a0d76bbb9167dbf3e",71,"experience",12,12,35.3333333333333,5.45180907793204,26,44,-0.206282093856247,0
"636da58a0d76bbb9167dbf3e",72,"experience",2,2,22,4,18,26,0,0
"636da58a0d76bbb9167dbf3e",73,"experience",8,8,24,5.47722557505166,16,32,0,0
"636da58a0d76bbb9167dbf3e",74,"experience",6,6,30,4.32049379893857,24,36,0,0
"636da58a0d76bbb9167dbf3e",75,"experience",12,12,19.3333333333333,5.45180907793204,10,28,-0.206282093856245,0
"636da58a0d76bbb9167dbf3e",76,"experience",2,2,22,4,18,26,0,0
"636da58a0d76bbb9167dbf3e",77,"experience",8,8,15,5.47722557505166,7,23,0,0
"636da58a0d76bbb9167dbf3e",78,"experience",12,12,14.3333333333333,5.45180907793204,5,23,-0.206282093856245,0
"636da58a0d76bbb9167dbf3e",79,"experience",8,8,28,5.47722557505166,20,36,0,0
"636da58a0d76bbb9167dbf3e",80,"experience",8,8,18,5.47722557505166,10,26,0,0
"636da58a0d76bbb9167dbf3e",81,"experience",2,2,26,4,22,30,0,0
"636da58a0d76bbb9167dbf3e",82,"experience",8,8,24,5.47722557505166,16,32,0,0
"636da58a0d76bbb9167dbf3e",83,"experience",12,12,21.3333333333333,5.45180907793204,12,30,-0.206282093856245,0
"636da58a0d76bbb9167dbf3e",84,"experience",12,12,22.3333333333333,5.45180907793204,13,31,-0.206282093856245,0
"636da58a0d76bbb9167dbf3e",85,"experience",2,2,16,4,12,20,0,0
"636da58a0d76bbb9167dbf3e",86,"experience",6,6,23,4.32049379893857,17,29,0,0
"636da58a0d76bbb9167dbf3e",87,"experience",6,6,21,4.32049379893857,15,27,0,0
"636da58a0d76bbb9167dbf3e",88,"experience",12,12,34.3333333333333,5.45180907793204,25,43,-0.206282093856247,0
"636da58a0d76bbb9167dbf3e",89,"experience",6,6,21,4.32049379893857,15,27,0,0
"636da58a0d76bbb9167dbf3e",90,"experience",2,2,20,4,16,24,0,0
"636da58a0d76bbb9167dbf3e",91,"experience",12,12,34.3333333333333,5.45180907793204,25,43,-0.206282093856247,0
"636da58a0d76bbb9167dbf3e",92,"experience",6,6,35,4.32049379893857,29,41,0,0
"636da58a0d76bbb9167dbf3e",93,"experience",2,2,35,4,31,39,0,0
"636da58a0d76bbb9167dbf3e",94,"experience",6,6,24,4.32049379893857,18,30,0,0
"636da58a0d76bbb9167dbf3e",95,"experience",12,12,23.3333333333333,5.45180907793204,14,32,-0.206282093856245,0
"636da58a0d76bbb9167dbf3e",96,"experience",6,6,23,4.32049379893857,17,29,0,0
"636da58a0d76bbb9167dbf3e",97,"experience",2,2,26,4,22,30,0,0
"636da58a0d76bbb9167dbf3e",98,"experience",12,12,33.3333333333333,5.45180907793204,24,42,-0.206282093856247,0
"636da58a0d76bbb9167dbf3e",99,"experience",2,2,21,4,17,25,0,0
"636da58a0d76bbb9167dbf3e",100,"experience",6,6,34,4.32049379893857,28,40,0,0
"636da58a0d76bbb9167dbf3e",101,"experience",6,6,25,4.32049379893857,19,31,0,0
"636da58a0d76bbb9167dbf3e",102,"experience",2,2,28,4,24,32,0,0
"636da58a0d76bbb9167dbf3e",103,"experience",8,8,25,5.47722557505166,17,33,0,0
"636da58a0d76bbb9167dbf3e",104,"experience",8,8,24,5.47722557505166,16,32,0,0
"636da58a0d76bbb9167dbf3e",105,"experience",8,8,17,5.47722557505166,9,25,0,0
"636da58a0d76bbb9167dbf3e",106,"experience",6,6,27,4.32049379893857,21,33,0,0
"636da58a0d76bbb9167dbf3e",107,"experience",8,8,21,5.47722557505166,13,29,0,0
"636da58a0d76bbb9167dbf3e",108,"experience",6,6,32,4.32049379893857,26,38,0,0
"636da58a0d76bbb9167dbf3e",109,"experience",8,8,32,5.47722557505166,24,40,0,0
"636da58a0d76bbb9167dbf3e",110,"experience",8,8,34,5.47722557505166,26,42,0,0
"636da58a0d76bbb9167dbf3e",111,"experience",8,8,27,5.47722557505166,19,35,0,0
"636da58a0d76bbb9167dbf3e",112,"experience",2,2,15,4,11,19,0,0
"636da58a0d76bbb9167dbf3e",113,"experience",6,6,30,4.32049379893857,24,36,0,0
"636da58a0d76bbb9167dbf3e",114,"experience",12,12,25.3333333333333,5.45180907793204,16,34,-0.206282093856245,0
"636da58a0d76bbb9167dbf3e",115,"experience",12,12,36.3333333333333,5.45180907793204,27,45,-0.206282093856247,0
"636da58a0d76bbb9167dbf3e",116,"experience",12,12,32.3333333333333,5.45180907793204,23,41,-0.206282093856247,0
"677ad429ed36352f4c58ea48",1,"experience",2,2,12.5,0.5,12,13,0,0
"677ad429ed36352f4c58ea48",2,"experience",10,10,10.5,6.34428877022476,1,20,-0.0704893779493357,1
"677ad429ed36352f4c58ea48",3,"experience",4,4,7.25,4.20565096031518,1,12,-0.396992361747341,1
"677ad429ed36352f4c58ea48",4,"experience",10,10,9.3,6.03406993661824,1,19,0.20711833982358,1
"677ad429ed36352f4c58ea48",5,"experience",4,4,33.5,3.8405728739343,29,39,0.278030555653963,0
"677ad429ed36352f4c58ea48",6,"experience",4,4,16.75,2.58602010819715,13,20,-0.243942852376008,0
"677ad429ed36352f4c58ea48",7,"experience",6,6,11.1666666666667,4.45034330760623,5,19,0.445411635034798,0
"677ad429ed36352f4c58ea48",8,"experience",7,7,13.4285714285714,4.68606270481621,6,19,-0.304288734736324,0
"677ad429ed36352f4c58ea48",9,"experience",8,8,38.625,5.3370755100523,30,45,-0.31427653687468,0
"677ad429ed36352f4c58ea48",10,"experience",6,6,38.6666666666667,4.64279609239471,31,45,-0.327152068153648,0
"677ad429ed36352f4c58ea48",11,"experience",4,4,37.25,5.35607132140714,32,46,0.798678270149309,0
"677ad429ed36352f4c58ea48",12,"experience",4,4,14.75,3.96074487943871,8,18,-1.04562005102815,0
"677ad429ed36352f4c58ea48",13,"experience",5,5,38.6,7.55248303539968,29,47,-0.318221973838416,0
"677ad429ed36352f4c58ea48",14,"experience",3,3,30.6666666666667,1.24721912892465,29,32,-0.381801774160609,0
"677ad429ed36352f4c58ea48",15,"experience",4,4,39,4.84767985741633,32,44,-0.355511152965797,0
"677ad429ed36352f4c58ea48",16,"experience",4,4,10.75,6.05702071979286,2,19,-0.12023722889576,0
"677ad429ed36352f4c58ea48",17,"experience",3,3,18.6666666666667,1.24721912892465,17,20,-0.381801774160609,0
"677ad429ed36352f4c58ea48",18,"experience",12,12,9.33333333333333,6.53622385037586,1,20,0.333309715101155,1
"677ad429ed36352f4c58ea48",19,"experience",4,4,8.5,4.33012701892219,3,15,0.32331615074619,0
"677ad429ed36352f4c58ea48",20,"experience",11,11,10.0909090909091,5.36748706150019,1,20,0.076755770444566,1
"677ad429ed36352f4c58ea48",21,"experience",8,8,27,5.47722557505166,19,35,0,0
"677ad429ed36352f4c58ea48",22,"experience",2,2,26,4,22,30,0,0
"677ad429ed36352f4c58ea48",23,"experience",8,8,24,5.47722557505166,16,32,0,0
"677ad429ed36352f4c58ea48",24,"experience",6,6,16,4.32049379893857,10,22,0,0
"677ad429ed36352f4c58ea48",25,"experience",2,2,22,4,18,26,0,0
"677ad429ed36352f4c58ea48",26,"experience",6,6,17,4.32049379893857,11,23,0,0
"677ad429ed36352f4c58ea48",27,"experience",6,6,21,4.32049379893857,15,27,0,0
"677ad429ed36352f4c58ea48",28,"experience",8,8,20,5.47722557505166,12,28,0,0
"677ad429ed36352f4c58ea48",29,"experience",6,6,18,4.32049379893857,12,24,0,0
"677ad429ed36352f4c58ea48",30,"experience",12,12,34.3333333333333,5.45180907793204,25,43,-0.206282093856247,0
"677ad429ed36352f4c58ea48",31,"experience",2,2,30,4,26,34,0,0
"677ad429ed36352f4c58ea48",32,"experience",2,2,35,4,31,39,0,0
"677ad429ed36352f4c58ea48",33,"experience",2,2,33,4,29,37,0,0
"677ad429ed36352f4c58ea48",34,"experience",8,8,29,5.47722557505166,21,37,0,0
"677ad429ed36352f4c58ea48",35,"experience",6,6,21,4.32049379893857,15,27,0,0
"677ad429ed36352f4c58ea48",36,"experience",2,2,18,4,14,22,0,0
"677ad429ed36352f4c58ea48",37,"experience",12,12,27.3333333333333,5.45180907793204,18,36,-0.206282093856245,0
"677ad429ed36352f4c58ea48",38,"experience",12,12,30.3333333333333,5.45180907793204,21,39,-0.206282093856245,0
"677ad429ed36352f4c58ea48",39,"experience",6,6,24,4.32049379893857,18,30,0,0
"677ad429ed36352f4c58ea48",40,"experience",12,12,19.3333333333333,5.45180907793204,10,28,-0.206282093856245,0
"677ad429ed36352f4c58ea48",41,"experience",8,8,20,5.47722557505166,12,28,0,0
"677ad429ed36352f4c58ea48",42,"experience",12,12,17.3333333333333,5.45180907793204,8,26,-0.206282093856245,0
"677ad429ed36352f4c58ea48",43,"experience",8,8,24,5.47722557505166,16,32,0,0
"677ad429ed36352f4c58ea48",44,"experience",12,12,16.3333333333333,5.45180907793204,7,25,-0.206282093856245,0
"677ad429ed36352f4c58ea48",45,"experience",2,2,23,4,19,27,0,0
"677ad429ed36352f4c58ea48",46,"experience",8,8,17,5.47722557505166,9,25,0,0
"677ad429ed36352f4c58ea48",47,"experience",12,12,36.3333333333333,5.45180907793204,27,45,-0.206282093856247,0
"677ad429ed36352f4c58ea48",48,"experience",12,12,32.3333333333333,5.45180907793204,23,41,-0.206282093856247,0
"677ad429ed36352f4c58ea48",49,"experience",12,12,27.3333333333333,5.45180907793204,18,36,-0.206282093856245,0
"677ad429ed36352f4c58ea48",50,"experience",2,2,34,4,30,38,0,0
"677ad429ed36352f4c58ea48",51,"experience",12,12,32.3333333333333,5.45180907793204,23,41,-0.206282093856247,0
"677ad429ed36352f4c58ea48",52,"experience",8,8,28,5.47722557505166,20,36,0,0
"677ad429ed36352f4c58ea48",53,"experience",2,2,17,4,13,21,0,0
"677ad429ed36352f4c58ea48",54,"experience",6,6,34,4.32049379893857,28,40,0,0
"677ad429ed36352f4c58ea48",55,"experience",6,6,25,4.32049379893857,19,31,0,0
"677ad429ed36352f4c58ea48",56,"experience",6,6,32,4.32049379893857,26,38,0,0
"677ad429ed36352f4c58ea48",57,"experience",8,8,30,5.47722557505166,22,38,0,0
"677ad429ed36352f4c58ea48",58,"experience",2,2,26,4,22,30,0,0
"677ad429ed36352f4c58ea48",59,"experience",2,2,24,4,20,28,0,0
"677ad429ed36352f4c58ea48",60,"experience",8,8,24,5.47722557505166,16,32,0,0
"677ad429ed36352f4c58ea48",61,"experience",8,8,33,5.47722557505166,25,41,0,0
"677ad429ed36352f4c58ea48",62,"experience",8,8,31,5.47722557505166,23,39,0,0
"677ad429ed36352f4c58ea48",63,"experience",2,2,18,4,14,22,0,0
"677ad429ed36352f4c58ea48",64,"experience",12,12,34.3333333333333,5.45180907793204,25,43,-0.206282093856247,0
"677ad429ed36352f4c58ea48",65,"experience",6,6,18,4.32049379893857,12,24,0,0
"677ad429ed36352f4c58ea48",66,"experience",6,6,23,4.32049379893857,17,29,0,0
"677ad429ed36352f4c58ea48",67,"experience",6,6,28,4.32049379893857,22,34,0,0
"677ad429ed36352f4c58ea48",68,"experience",12,12,19.3333333333333,5.45180907793204,10,28,-0.206282093856245,0
"677ad429ed36352f4c58ea48",69,"experience",8,8,17,5.47722557505166,9,25,0,0
"677ad429ed36352f4c58ea48",70,"experience",6,6,29,4.32049379893857,23,35,0,0
"677ad429ed36352f4c58ea48",71,"experience",2,2,35,4,31,39,0,0
"677ad429ed36352f4c58ea48",72,"experience",2,2,25,4,21,29,0,0
"677ad429ed36352f4c58ea48",73,"experience",2,2,21,4,17,25,0,0
"677ad429ed36352f4c58ea48",74,"experience",12,12,24.3333333333333,5.45180907793204,15,33,-0.206282093856245,0
"677ad429ed36352f4c58ea48",75,"experience",2,2,26,4,22,30,0,0
"677ad429ed36352f4c58ea48",76,"experience",6,6,26,4.32049379893857,20,32,0,0
"677ad429ed36352f4c58ea48",77,"experience",12,12,23.3333333333333,5.45180907793204,14,32,-0.206282093856245,0
"677ad429ed36352f4c58ea48",78,"experience",2,2,29,4,25,33,0,0
"677ad429ed36352f4c58ea48",79,"experience",8,8,36,5.47722557505166,28,44,0,0
"677ad429ed36352f4c58ea48",80,"experience",2,2,15,4,11,19,0,0
"677ad429ed36352f4c58ea48",81,"experience",8,8,18,5.47722557505166,10,26,0,0
"677ad429ed36352f4c58ea48",82,"experience",12,12,26.3333333333333,5.45180907793204,17,35,-0.206282093856245,0
"677ad429ed36352f4c58ea48",83,"experience",6,6,16,4.32049379893857,10,22,0,0
"677ad429ed36352f4c58ea48",84,"experience",6,6,32,4.32049379893857,26,38,0,0
"677ad429ed36352f4c58ea48",85,"experience",12,12,34.3333333333333,5.45180907793204,25,43,-0.206282093856247,0
"677ad429ed36352f4c58ea48",86,"experience",12,12,36.3333333333333,5.45180907793204,27,45,-0.206282093856247,0
"677ad429ed36352f4c58ea48",87,"experience",2,2,28,4,24,32,0,0
"677ad429ed36352f4c58ea48",88,"experience",8,8,21,5.47722557505166,13,29,0,0
"677ad429ed36352f4c58ea48",89,"experience",2,2,35,4,31,39,0,0
"677ad429ed36352f4c58ea48",90,"experience",6,6,31,4.32049379893857,25,37,0,0
"677ad429ed36352f4c58ea48",91,"experience",8,8,26,5.47722557505166,18,34,0,0
"677ad429ed36352f4c58ea48",92,"experience",6,6,16,4.32049379893857,10,22,0,0
"677ad429ed36352f4c58ea48",93,"experience",6,6,17,4.32049379893857,11,23,0,0
"677ad429ed36352f4c58ea48",94,"experience",6,6,21,4.32049379893857,15,27,0,0
"677ad429ed36352f4c58ea48",95,"experience",12,12,27.3333333333333,5.45180907793204,18,36,-0.206282093856245,0
"677ad429ed36352f4c58ea48",96,"experience",6,6,28,4.32049379893857,22,34,0,0
"677ad429ed36352f4c58ea48",97,"experience",12,12,34.3333333333333,5.45180907793204,25,43,-0.206282093856247,0
"677ad429ed36352f4c58ea48",98,"experience",2,2,36,4,32,40,0,0
"677ad429ed36352f4c58ea48",99,"experience",12,12,33.3333333333333,5.45180907793204,24,42,-0.206282093856247,0
"677ad429ed36352f4c58ea48",100,"experience",8,8,27,5.47722557505166,19,35,0,0
"677ad429ed36352f4c58ea48",101,"experience",6,6,28,4.32049379893857,22,34,0,0
"677ad429ed36352f4c58ea48",102,"experience",12,12,20.3333333333333,5.45180907793204,11,29,-0.206282093856245,0
"677ad429ed36352f4c58ea48",103,"experience",8,8,29,5.47722557505166,21,37,0,0
"677ad429ed36352f4c58ea48",104,"experience",8,8,31,5.47722557505166,23,39,0,0
"677ad429ed36352f4c58ea48",105,"experience",8,8,29,5.47722557505166,21,37,0,0
"677ad429ed36352f4c58ea48",106,"experience",2,2,17,4,13,21,0,0
"677ad429ed36352f4c58ea48",107,"experience",6,6,22,4.32049379893857,16,28,0,0
"677ad429ed36352f4c58ea48",108,"experience",12,12,29.3333333333333,5.45180907793204,20,38,-0.206282093856245,0
"677ad429ed36352f4c58ea48",109,"experience",6,6,28,4.32049379893857,22,34,0,0
"677ad429ed36352f4c58ea48",110,"experience",8,8,35,5.47722557505166,27,43,0,0
"677ad429ed36352f4c58ea48",111,"experience",2,2,31,4,27,35,0,0
"677ad429ed36352f4c58ea48",112,"experience",8,8,36,5.47722557505166,28,44,0,0
"677ad429ed36352f4c58ea48",113,"experience",2,2,33,4,29,37,0,0
"677ad429ed36352f4c58ea48",114,"experience",12,12,23.3333333333333,5.45180907793204,14,32,-0.206282093856245,0
"677ad429ed36352f4c58ea48",115,"experience",8,8,15,5.47722557505166,7,23,0,0
"677ad429ed36352f4c58ea48",116,"experience",12,12,33.3333333333333,5.45180907793204,24,42,-0.206282093856247,0
"67899bebbf12a390ddcc0848",1,"experience",10,10,37.1,5.71751694356912,29,46,0.108568158813748,0
"67899bebbf12a390ddcc0848",2,"experience",9,9,9.22222222222222,5.07231653800592,3,19,0.51896031481746,0
"67899bebbf12a390ddcc0848",3,"experience",10,10,40.2,5.92958683214944,30,48,-0.442738431362951,0
"67899bebbf12a390ddcc0848",4,"experience",9,9,38.5555555555556,4.19288050313627,32,47,0.521178030678688,0
"67899bebbf12a390ddcc0848",5,"experience",6,6,34.8333333333333,6.3355259362494,29,48,1.27764909962088,0
"67899bebbf12a390ddcc0848",6,"experience",11,11,10.1818181818182,5.70196428384244,1,19,0.111247642242543,1
"67899bebbf12a390ddcc0848",7,"experience",2,2,11,2,9,13,0,0
"67899bebbf12a390ddcc0848",8,"experience",2,2,12.5,0.5,12,13,0,0
"67899bebbf12a390ddcc0848",9,"experience",9,9,8.77777777777778,5.78845167894716,1,19,0.454378536543848,1
"67899bebbf12a390ddcc0848",10,"experience",7,7,39,5.0709255283711,31,46,-0.276083723211315,0
"67899bebbf12a390ddcc0848",11,"experience",3,3,39,2.44948974278318,36,42,0,0
"67899bebbf12a390ddcc0848",12,"experience",8,8,33.875,5.03580926962092,29,46,1.55347681378543,0
"67899bebbf12a390ddcc0848",13,"experience",11,11,39.1818181818182,5.89017952833639,30,48,0.0150222405120332,0
"67899bebbf12a390ddcc0848",14,"experience",10,10,9,5.72712842531054,1,20,0.380090877423383,1
"67899bebbf12a390ddcc0848",15,"experience",8,8,9.375,6.20357759683878,1,18,0.266093361501456,1
"67899bebbf12a390ddcc0848",16,"experience",9,9,8.88888888888889,4.38290731629245,3,16,0.233111952791421,0
"67899bebbf12a390ddcc0848",17,"experience",7,7,14.1428571428571,5.66766697853639,1,19,-1.62379374063165,1
"67899bebbf12a390ddcc0848",18,"experience",3,3,38.3333333333333,7.40870359029762,30,48,0.264123822860517,0
"67899bebbf12a390ddcc0848",19,"experience",3,3,9.66666666666667,5.43650214343336,2,14,-0.689205498142875,0
"67899bebbf12a390ddcc0848",20,"experience",10,10,38.8,5.30659966456864,31,47,0.0595848946227025,0
"67899bebbf12a390ddcc0848",21,"experience",6,6,35,4.32049379893857,29,41,0,0
"67899bebbf12a390ddcc0848",22,"experience",12,12,22.3333333333333,5.45180907793204,13,31,-0.206282093856245,0
"67899bebbf12a390ddcc0848",23,"experience",2,2,32,4,28,36,0,0
"67899bebbf12a390ddcc0848",24,"experience",6,6,22,4.32049379893857,16,28,0,0
"67899bebbf12a390ddcc0848",25,"experience",6,6,24,4.32049379893857,18,30,0,0
"67899bebbf12a390ddcc0848",26,"experience",6,6,28,4.32049379893857,22,34,0,0
"67899bebbf12a390ddcc0848",27,"experience",8,8,28,5.47722557505166,20,36,0,0
"67899bebbf12a390ddcc0848",28,"experience",2,2,29,4,25,33,0,0
"67899bebbf12a390ddcc0848",29,"experience",12,12,16.3333333333333,5.45180907793204,7,25,-0.206282093856245,0
"67899bebbf12a390ddcc0848",30,"experience",8,8,34,5.47722557505166,26,42,0,0
"67899bebbf12a390ddcc0848",31,"experience",2,2,32,4,28,36,0,0
"67899bebbf12a390ddcc0848",32,"experience",6,6,32,4.32049379893857,26,38,0,0
"67899bebbf12a390ddcc0848",33,"experience",12,12,20.3333333333333,5.45180907793204,11,29,-0.206282093856245,0
"67899bebbf12a390ddcc0848",34,"experience",8,8,30,5.47722557505166,22,38,0,0
"67899bebbf12a390ddcc0848",35,"experience",2,2,15,4,11,19,0,0
"67899bebbf12a390ddcc0848",36,"experience",12,12,15.3333333333333,5.45180907793204,6,24,-0.206282093856245,0
"67899bebbf12a390ddcc0848",37,"experience",12,12,19.3333333333333,5.45180907793204,10,28,-0.206282093856245,0
"67899bebbf12a390ddcc0848",38,"experience",12,12,35.3333333333333,5.45180907793204,26,44,-0.206282093856247,0
"67899bebbf12a390ddcc0848",39,"experience",12,12,22.3333333333333,5.45180907793204,13,31,-0.206282093856245,0
"67899bebbf12a390ddcc0848",40,"experience",8,8,16,5.47722557505166,8,24,0,0
"67899bebbf12a390ddcc0848",41,"experience",12,12,32.3333333333333,5.45180907793204,23,41,-0.206282093856247,0
"67899bebbf12a390ddcc0848",42,"experience",8,8,31,5.47722557505166,23,39,0,0
"67899bebbf12a390ddcc0848",43,"experience",8,8,24,5.47722557505166,16,32,0,0
"67899bebbf12a390ddcc0848",44,"experience",2,2,18,4,14,22,0,0
"67899bebbf12a390ddcc0848",45,"experience",2,2,23,4,19,27,0,0
"67899bebbf12a390ddcc0848",46,"experience",8,8,25,5.47722557505166,17,33,0,0
"67899bebbf12a390ddcc0848",47,"experience",8,8,32,5.47722557505166,24,40,0,0
"67899bebbf12a390ddcc0848",48,"experience",12,12,16.3333333333333,5.45180907793204,7,25,-0.206282093856245,0
"67899bebbf12a390ddcc0848",49,"experience",6,6,24,4.32049379893857,18,30,0,0
"67899bebbf12a390ddcc0848",50,"experience",6,6,25,4.32049379893857,19,31,0,0
"67899bebbf12a390ddcc0848",51,"experience",6,6,35,4.32049379893857,29,41,0,0
"67899bebbf12a390ddcc0848",52,"experience",8,8,36,5.47722557505166,28,44,0,0
"67899bebbf12a390ddcc0848",53,"experience",2,2,36,4,32,40,0,0
"67899bebbf12a390ddcc0848",54,"experience",8,8,19,5.47722557505166,11,27,0,0
"67899bebbf12a390ddcc0848",55,"experience",2,2,35,4,31,39,0,0
"67899bebbf12a390ddcc0848",56,"experience",2,2,33,4,29,37,0,0
"67899bebbf12a390ddcc0848",57,"experience",2,2,33,4,29,37,0,0
"67899bebbf12a390ddcc0848",58,"experience",6,6,15,4.32049379893857,9,21,0,0
"67899bebbf12a390ddcc0848",59,"experience",6,6,27,4.32049379893857,21,33,0,0
"67899bebbf12a390ddcc0848",60,"experience",8,8,23,5.47722557505166,15,31,0,0
"67899bebbf12a390ddcc0848",61,"experience",2,2,19,4,15,23,0,0
"67899bebbf12a390ddcc0848",62,"experience",6,6,15,4.32049379893857,9,21,0,0
"67899bebbf12a390ddcc0848",63,"experience",12,12,24.3333333333333,5.45180907793204,15,33,-0.206282093856245,0
"67899bebbf12a390ddcc0848",64,"experience",12,12,18.3333333333333,5.45180907793204,9,27,-0.206282093856245,0
"67899bebbf12a390ddcc0848",65,"experience",6,6,31,4.32049379893857,25,37,0,0
"67899bebbf12a390ddcc0848",66,"experience",12,12,26.3333333333333,5.45180907793204,17,35,-0.206282093856245,0
"67899bebbf12a390ddcc0848",67,"experience",2,2,16,4,12,20,0,0
"67899bebbf12a390ddcc0848",68,"experience",8,8,28,5.47722557505166,20,36,0,0
"67899bebbf12a390ddcc0848",69,"experience",6,6,30,4.32049379893857,24,36,0,0
"67899bebbf12a390ddcc0848",70,"experience",2,2,17,4,13,21,0,0
"67899bebbf12a390ddcc0848",71,"experience",6,6,22,4.32049379893857,16,28,0,0
"67899bebbf12a390ddcc0848",72,"experience",6,6,29,4.32049379893857,23,35,0,0
"67899bebbf12a390ddcc0848",73,"experience",8,8,30,5.47722557505166,22,38,0,0
"67899bebbf12a390ddcc0848",74,"experience",6,6,36,4.32049379893857,30,42,0,0
"67899bebbf12a390ddcc0848",75,"experience",2,2,33,4,29,37,0,0
"67899bebbf12a390ddcc0848",76,"experience",6,6,31,4.32049379893857,25,37,0,0
"67899bebbf12a390ddcc0848",77,"experience",12,12,30.3333333333333,5.45180907793204,21,39,-0.206282093856245,0
"67899bebbf12a390ddcc0848",78,"experience",2,2,18,4,14,22,0,0
"67899bebbf12a390ddcc0848",79,"experience",12,12,29.3333333333333,5.45180907793204,20,38,-0.206282093856245,0
"67899bebbf12a390ddcc0848",80,"experience",2,2,30,4,26,34,0,0
"67899bebbf12a390ddcc0848",81,"experience",2,2,30,4,26,34,0,0
"67899bebbf12a390ddcc0848",82,"experience",6,6,35,4.32049379893857,29,41,0,0
"67899bebbf12a390ddcc0848",83,"experience",12,12,35.3333333333333,5.45180907793204,26,44,-0.206282093856247,0
"67899bebbf12a390ddcc0848",84,"experience",12,12,33.3333333333333,5.45180907793204,24,42,-0.206282093856247,0
"67899bebbf12a390ddcc0848",85,"experience",6,6,23,4.32049379893857,17,29,0,0
"67899bebbf12a390ddcc0848",86,"experience",6,6,26,4.32049379893857,20,32,0,0
"67899bebbf12a390ddcc0848",87,"experience",8,8,24,5.47722557505166,16,32,0,0
"67899bebbf12a390ddcc0848",88,"experience",8,8,24,5.47722557505166,16,32,0,0
"67899bebbf12a390ddcc0848",89,"experience",2,2,23,4,19,27,0,0
"67899bebbf12a390ddcc0848",90,"experience",2,2,17,4,13,21,0,0
"67899bebbf12a390ddcc0848",91,"experience",8,8,35,5.47722557505166,27,43,0,0
"67899bebbf12a390ddcc0848",92,"experience",8,8,22,5.47722557505166,14,30,0,0
"67899bebbf12a390ddcc0848",93,"experience",2,2,14,4,10,18,0,0
"67899bebbf12a390ddcc0848",94,"experience",12,12,14.3333333333333,5.45180907793204,5,23,-0.206282093856245,0
"67899bebbf12a390ddcc0848",95,"experience",2,2,18,4,14,22,0,0
"67899bebbf12a390ddcc0848",96,"experience",8,8,17,5.47722557505166,9,25,0,0
"67899bebbf12a390ddcc0848",97,"experience",8,8,21,5.47722557505166,13,29,0,0
"67899bebbf12a390ddcc0848",98,"experience",12,12,22.3333333333333,5.45180907793204,13,31,-0.206282093856245,0
"67899bebbf12a390ddcc0848",99,"experience",6,6,21,4.32049379893857,15,27,0,0
"67899bebbf12a390ddcc0848",100,"experience",2,2,21,4,17,25,0,0
"67899bebbf12a390ddcc0848",101,"experience",8,8,36,5.47722557505166,28,44,0,0
"67899bebbf12a390ddcc0848",102,"experience",12,12,35.3333333333333,5.45180907793204,26,44,-0.206282093856247,0
"67899bebbf12a390ddcc0848",103,"experience",6,6,29,4.32049379893857,23,35,0,0
"67899bebbf12a390ddcc0848",104,"experience",8,8,30,5.47722557505166,22,38,0,0
"67899bebbf12a390ddcc0848",105,"experience",8,8,29,5.47722557505166,21,37,0,0
"67899bebbf12a390ddcc0848",106,"experience",6,6,19,4.32049379893857,13,25,0,0
"67899bebbf12a390ddcc0848",107,"experience",8,8,18,5.47722557505166,10,26,0,0
"67899bebbf12a390ddcc0848",108,"experience",6,6,14,4.32049379893857,8,20,0,0
"67899bebbf12a390ddcc0848",109,"experience",12,12,34.3333333333333,5.45180907793204,25,43,-0.206282093856247,0
"67899bebbf12a390ddcc0848",110,"experience",12,12,33.3333333333333,5.45180907793204,24,42,-0.206282093856247,0
"67899bebbf12a390ddcc0848",111,"experience",2,2,23,4,19,27,0,0
"67899bebbf12a390ddcc0848",112,"experience",12,12,20.3333333333333,5.45180907793204,11,29,-0.206282093856245,0
"67899bebbf12a390ddcc0848",113,"experience",12,12,25.3333333333333,5.45180907793204,16,34,-0.206282093856245,0
"67899bebbf12a390ddcc0848",114,"experience",2,2,26,4,22,30,0,0
"67899bebbf12a390ddcc0848",115,"experience",8,8,29,5.47722557505166,21,37,0,0
"67899bebbf12a390ddcc0848",116,"experience",12,12,24.3333333333333,5.45180907793204,15,33,-0.206282093856245,0
"5b523bdc608e18000184d8a6",1,"experience",4,4,40.5,4.15331193145904,36,46,0.167493360814983,0
"5b523bdc608e18000184d8a6",2,"experience",4,4,38,4.06201920231798,32,43,-0.31332379522012,0
"5b523bdc608e18000184d8a6",3,"experience",11,11,39.0909090909091,5.61579825872018,30,48,0.0350996646800476,0
"5b523bdc608e18000184d8a6",4,"experience",7,7,37.8571428571429,4.96929346597888,31,45,-0.0406273087820262,0
"5b523bdc608e18000184d8a6",5,"experience",4,4,39.75,6.29980158417708,30,47,-0.511827143400437,0
"5b523bdc608e18000184d8a6",6,"experience",2,2,39,5,34,44,0,0
"5b523bdc608e18000184d8a6",7,"experience",10,10,37.8,5.50999092558236,30,45,-0.154085890371547,0
"5b523bdc608e18000184d8a6",8,"experience",11,11,38.4545454545455,6.02062570538125,29,48,-0.102371627343863,0
"5b523bdc608e18000184d8a6",9,"experience",7,7,37.1428571428571,6.49018096662888,29,47,0.439265659296903,0
"5b523bdc608e18000184d8a6",10,"experience",6,6,37,4.93288286231625,29,43,-0.316578333441951,0
"5b523bdc608e18000184d8a6",11,"experience",6,6,40.1666666666667,5.63964143856288,29,46,-1.00763113637724,0
"5b523bdc608e18000184d8a6",12,"experience",3,3,12.6666666666667,6.34209919681348,4,19,-0.502067527454466,0
"5b523bdc608e18000184d8a6",13,"experience",4,4,37.5,5.22015325445528,32,46,0.759231110487225,0
"5b523bdc608e18000184d8a6",14,"experience",3,3,40.6666666666667,6.59966329107444,32,48,-0.294799620144828,0
"5b523bdc608e18000184d8a6",15,"experience",9,9,11.1111111111111,6.31478766150348,3,20,0.130325683187252,0
"5b523bdc608e18000184d8a6",16,"experience",3,3,42.6666666666667,4.18993502999218,37,47,-0.445109265323634,0
"5b523bdc608e18000184d8a6",17,"experience",4,4,14,7.64852927038918,1,20,-1.03254307047112,1
"5b523bdc608e18000184d8a6",18,"experience",11,11,37.6363636363636,6.664324657495,29,48,0.227127528481658,0
"5b523bdc608e18000184d8a6",19,"experience",5,5,40.4,7.1442284397967,29,47,-0.591572949271694,0
"5b523bdc608e18000184d8a6",20,"experience",5,5,11.8,5.34415568635495,5,19,0.181774002937243,0
"5b523bdc608e18000184d8a6",21,"experience",2,2,19,4,15,23,0,0
"5b523bdc608e18000184d8a6",22,"experience",12,12,31.3333333333333,5.45180907793204,22,40,-0.206282093856245,0
"5b523bdc608e18000184d8a6",23,"experience",8,8,16,5.47722557505166,8,24,0,0
"5b523bdc608e18000184d8a6",24,"experience",12,12,32.3333333333333,5.45180907793204,23,41,-0.206282093856247,0
"5b523bdc608e18000184d8a6",25,"experience",2,2,22,4,18,26,0,0
"5b523bdc608e18000184d8a6",26,"experience",2,2,23,4,19,27,0,0
"5b523bdc608e18000184d8a6",27,"experience",12,12,17.3333333333333,5.45180907793204,8,26,-0.206282093856245,0
"5b523bdc608e18000184d8a6",28,"experience",12,12,30.3333333333333,5.45180907793204,21,39,-0.206282093856245,0
"5b523bdc608e18000184d8a6",29,"experience",2,2,20,4,16,24,0,0
"5b523bdc608e18000184d8a6",30,"experience",8,8,31,5.47722557505166,23,39,0,0
"5b523bdc608e18000184d8a6",31,"experience",2,2,25,4,21,29,0,0
"5b523bdc608e18000184d8a6",32,"experience",12,12,29.3333333333333,5.45180907793204,20,38,-0.206282093856245,0
"5b523bdc608e18000184d8a6",33,"experience",6,6,21,4.32049379893857,15,27,0,0
"5b523bdc608e18000184d8a6",34,"experience",2,2,29,4,25,33,0,0
"5b523bdc608e18000184d8a6",35,"experience",6,6,28,4.32049379893857,22,34,0,0
"5b523bdc608e18000184d8a6",36,"experience",2,2,33,4,29,37,0,0
"5b523bdc608e18000184d8a6",37,"experience",12,12,28.3333333333333,5.45180907793204,19,37,-0.206282093856245,0
"5b523bdc608e18000184d8a6",38,"experience",8,8,17,5.47722557505166,9,25,0,0
"5b523bdc608e18000184d8a6",39,"experience",2,2,28,4,24,32,0,0
"5b523bdc608e18000184d8a6",40,"experience",6,6,26,4.32049379893857,20,32,0,0
"5b523bdc608e18000184d8a6",41,"experience",6,6,28,4.32049379893857,22,34,0,0
"5b523bdc608e18000184d8a6",42,"experience",12,12,30.3333333333333,5.45180907793204,21,39,-0.206282093856245,0
"5b523bdc608e18000184d8a6",43,"experience",8,8,36,5.47722557505166,28,44,0,0
"5b523bdc608e18000184d8a6",44,"experience",8,8,27,5.47722557505166,19,35,0,0
"5b523bdc608e18000184d8a6",45,"experience",8,8,35,5.47722557505166,27,43,0,0
"5b523bdc608e18000184d8a6",46,"experience",8,8,26,5.47722557505166,18,34,0,0
"5b523bdc608e18000184d8a6",47,"experience",8,8,24,5.47722557505166,16,32,0,0
"5b523bdc608e18000184d8a6",48,"experience",12,12,32.3333333333333,5.45180907793204,23,41,-0.206282093856247,0
"5b523bdc608e18000184d8a6",49,"experience",12,12,35.3333333333333,5.45180907793204,26,44,-0.206282093856247,0
"5b523bdc608e18000184d8a6",50,"experience",8,8,24,5.47722557505166,16,32,0,0
"5b523bdc608e18000184d8a6",51,"experience",6,6,28,4.32049379893857,22,34,0,0
"5b523bdc608e18000184d8a6",52,"experience",8,8,24,5.47722557505166,16,32,0,0
"5b523bdc608e18000184d8a6",53,"experience",2,2,18,4,14,22,0,0
"5b523bdc608e18000184d8a6",54,"experience",6,6,19,4.32049379893857,13,25,0,0
"5b523bdc608e18000184d8a6",55,"experience",8,8,17,5.47722557505166,9,25,0,0
"5b523bdc608e18000184d8a6",56,"experience",6,6,29,4.32049379893857,23,35,0,0
"5b523bdc608e18000184d8a6",57,"experience",12,12,19.3333333333333,5.45180907793204,10,28,-0.206282093856245,0
"5b523bdc608e18000184d8a6",58,"experience",8,8,30,5.47722557505166,22,38,0,0
"5b523bdc608e18000184d8a6",59,"experience",6,6,30,4.32049379893857,24,36,0,0
"5b523bdc608e18000184d8a6",60,"experience",6,6,33,4.32049379893857,27,39,0,0
"5b523bdc608e18000184d8a6",61,"experience",2,2,17,4,13,21,0,0
"5b523bdc608e18000184d8a6",62,"experience",6,6,35,4.32049379893857,29,41,0,0
"5b523bdc608e18000184d8a6",63,"experience",12,12,32.3333333333333,5.45180907793204,23,41,-0.206282093856247,0
"5b523bdc608e18000184d8a6",64,"experience",2,2,16,4,12,20,0,0
"5b523bdc608e18000184d8a6",65,"experience",6,6,34,4.32049379893857,28,40,0,0
"5b523bdc608e18000184d8a6",66,"experience",12,12,33.3333333333333,5.45180907793204,24,42,-0.206282093856247,0
"5b523bdc608e18000184d8a6",67,"experience",2,2,31,4,27,35,0,0
"5b523bdc608e18000184d8a6",68,"experience",6,6,30,4.32049379893857,24,36,0,0
"5b523bdc608e18000184d8a6",69,"experience",6,6,27,4.32049379893857,21,33,0,0
"5b523bdc608e18000184d8a6",70,"experience",12,12,16.3333333333333,5.45180907793204,7,25,-0.206282093856245,0
"5b523bdc608e18000184d8a6",71,"experience",8,8,15,5.47722557505166,7,23,0,0
"5b523bdc608e18000184d8a6",72,"experience",6,6,32,4.32049379893857,26,38,0,0
"5b523bdc608e18000184d8a6",73,"experience",12,12,32.3333333333333,5.45180907793204,23,41,-0.206282093856247,0
"5b523bdc608e18000184d8a6",74,"experience",8,8,18,5.47722557505166,10,26,0,0
"5b523bdc608e18000184d8a6",75,"experience",6,6,30,4.32049379893857,24,36,0,0
"5b523bdc608e18000184d8a6",76,"experience",2,2,14,4,10,18,0,0
"5b523bdc608e18000184d8a6",77,"experience",12,12,15.3333333333333,5.45180907793204,6,24,-0.206282093856245,0
"5b523bdc608e18000184d8a6",78,"experience",8,8,16,5.47722557505166,8,24,0,0
"5b523bdc608e18000184d8a6",79,"experience",6,6,15,4.32049379893857,9,21,0,0
"5b523bdc608e18000184d8a6",80,"experience",12,12,25.3333333333333,5.45180907793204,16,34,-0.206282093856245,0
"5b523bdc608e18000184d8a6",81,"experience",8,8,20,5.47722557505166,12,28,0,0
"5b523bdc608e18000184d8a6",82,"experience",6,6,36,4.32049379893857,30,42,0,0
"5b523bdc608e18000184d8a6",83,"experience",2,2,27,4,23,31,0,0
"5b523bdc608e18000184d8a6",84,"experience",8,8,21,5.47722557505166,13,29,0,0
"5b523bdc608e18000184d8a6",85,"experience",8,8,17,5.47722557505166,9,25,0,0
"5b523bdc608e18000184d8a6",86,"experience",2,2,33,4,29,37,0,0
"5b523bdc608e18000184d8a6",87,"experience",2,2,32,4,28,36,0,0
"5b523bdc608e18000184d8a6",88,"experience",12,12,28.3333333333333,5.45180907793204,19,37,-0.206282093856245,0
"5b523bdc608e18000184d8a6",89,"experience",6,6,19,4.32049379893857,13,25,0,0
"5b523bdc608e18000184d8a6",90,"experience",6,6,20,4.32049379893857,14,26,0,0
"5b523bdc608e18000184d8a6",91,"experience",12,12,15.3333333333333,5.45180907793204,6,24,-0.206282093856245,0
"5b523bdc608e18000184d8a6",92,"experience",6,6,14,4.32049379893857,8,20,0,0
"5b523bdc608e18000184d8a6",93,"experience",6,6,27,4.32049379893857,21,33,0,0
"5b523bdc608e18000184d8a6",94,"experience",8,8,27,5.47722557505166,19,35,0,0
"5b523bdc608e18000184d8a6",95,"experience",2,2,24,4,20,28,0,0
"5b523bdc608e18000184d8a6",96,"experience",12,12,17.3333333333333,5.45180907793204,8,26,-0.206282093856245,0
"5b523bdc608e18000184d8a6",97,"experience",2,2,27,4,23,31,0,0
"5b523bdc608e18000184d8a6",98,"experience",6,6,21,4.32049379893857,15,27,0,0
"5b523bdc608e18000184d8a6",99,"experience",8,8,16,5.47722557505166,8,24,0,0
"5b523bdc608e18000184d8a6",100,"experience",2,2,36,4,32,40,0,0
"5b523bdc608e18000184d8a6",101,"experience",12,12,29.3333333333333,5.45180907793204,20,38,-0.206282093856245,0
"5b523bdc608e18000184d8a6",102,"experience",12,12,22.3333333333333,5.45180907793204,13,31,-0.206282093856245,0
"5b523bdc608e18000184d8a6",103,"experience",6,6,32,4.32049379893857,26,38,0,0
"5b523bdc608e18000184d8a6",104,"experience",8,8,24,5.47722557505166,16,32,0,0
"5b523bdc608e18000184d8a6",105,"experience",8,8,24,5.47722557505166,16,32,0,0
"5b523bdc608e18000184d8a6",106,"experience",2,2,31,4,27,35,0,0
"5b523bdc608e18000184d8a6",107,"experience",8,8,18,5.47722557505166,10,26,0,0
"5b523bdc608e18000184d8a6",108,"experience",12,12,14.3333333333333,5.45180907793204,5,23,-0.206282093856245,0
"5b523bdc608e18000184d8a6",109,"experience",12,12,21.3333333333333,5.45180907793204,12,30,-0.206282093856245,0
"5b523bdc608e18000184d8a6",110,"experience",8,8,33,5.47722557505166,25,41,0,0
"5b523bdc608e18000184d8a6",111,"experience",2,2,35,4,31,39,0,0
"5b523bdc608e18000184d8a6",112,"experience",2,2,18,4,14,22,0,0
"5b523bdc608e18000184d8a6",113,"experience",2,2,35,4,31,39,0,0
"5b523bdc608e18000184d8a6",114,"experience",2,2,17,4,13,21,0,0
"5b523bdc608e18000184d8a6",115,"experience",6,6,35,4.32049379893857,29,41,0,0
"5b523bdc608e18000184d8a6",116,"experience",12,12,14.3333333333333,5.45180907793204,5,23,-0.206282093856245,0
"67d84f3ae6e2db3ba2b69b5e",1,"experience",12,12,7.91666666666667,5.02424676499429,1,19,0.569498730617789,1
"67d84f3ae6e2db3ba2b69b5e",2,"experience",12,12,36.9166666666667,6.02022055705234,29,48,0.611747937292718,0
"67d84f3ae6e2db3ba2b69b5e",3,"experience",12,12,37.75,5.56963493716898,29,47,-0.0808495029445152,0
"67d84f3ae6e2db3ba2b69b5e",4,"experience",8,8,40,4.82182538049648,33,47,0.0602100984037021,0
"67d84f3ae6e2db3ba2b69b5e",5,"experience",3,3,36.3333333333333,6.34209919681348,30,45,0.502067527454465,0
"67d84f3ae6e2db3ba2b69b5e",6,"experience",8,8,39.375,5.74320250383007,30,48,-0.0714497781493611,0
"67d84f3ae6e2db3ba2b69b5e",7,"experience",9,9,11.3333333333333,6.2893207547044,1,20,-0.35611164732798,1
"67d84f3ae6e2db3ba2b69b5e",8,"experience",11,11,9.63636363636364,5.83520237668408,1,19,0.108496317543478,1
"67d84f3ae6e2db3ba2b69b5e",9,"experience",9,9,9.44444444444444,5.01356185452377,2,17,-0.0303477228293736,0
"67d84f3ae6e2db3ba2b69b5e",10,"experience",9,9,12.2222222222222,5.92129448643299,3,20,-0.233593657937433,0
"67d84f3ae6e2db3ba2b69b5e",11,"experience",7,7,7.42857142857143,4.43547848464572,2,16,0.637474503720324,0
"67d84f3ae6e2db3ba2b69b5e",12,"experience",3,3,43,1.63299316185545,41,45,0,0
"67d84f3ae6e2db3ba2b69b5e",13,"experience",11,11,39,5.44392906239268,32,48,0.365127840309525,0
"67d84f3ae6e2db3ba2b69b5e",14,"experience",2,2,41,2,39,43,0,0
"67d84f3ae6e2db3ba2b69b5e",15,"experience",7,7,10,6.71884343788848,1,20,0.220426725509961,1
"67d84f3ae6e2db3ba2b69b5e",16,"experience",11,11,37.2727272727273,6.48201580726396,29,48,0.295282553343981,0
"67d84f3ae6e2db3ba2b69b5e",17,"experience",8,8,9.875,6.41165930161608,1,18,-0.0700245838260878,1
"67d84f3ae6e2db3ba2b69b5e",18,"experience",7,7,9.42857142857143,5.87627537177232,1,17,-0.174831089100313,1
"67d84f3ae6e2db3ba2b69b5e",19,"experience",6,6,38.6666666666667,5.93483127158829,30,48,0.195782281297607,0
"67d84f3ae6e2db3ba2b69b5e",20,"experience",6,6,38.1666666666667,6.64371047599825,30,47,0.184461485808619,0
"67d84f3ae6e2db3ba2b69b5e",21,"experience",12,12,30.3333333333333,5.45180907793204,21,39,-0.206282093856245,0
"67d84f3ae6e2db3ba2b69b5e",22,"experience",6,6,32,4.32049379893857,26,38,0,0
"67d84f3ae6e2db3ba2b69b5e",23,"experience",2,2,29,4,25,33,0,0
"67d84f3ae6e2db3ba2b69b5e",24,"experience",6,6,15,4.32049379893857,9,21,0,0
"67d84f3ae6e2db3ba2b69b5e",25,"experience",8,8,36,5.47722557505166,28,44,0,0
"67d84f3ae6e2db3ba2b69b5e",26,"experience",8,8,22,5.47722557505166,14,30,0,0
"67d84f3ae6e2db3ba2b69b5e",27,"experience",6,6,16,4.32049379893857,10,22,0,0
"67d84f3ae6e2db3ba2b69b5e",28,"experience",6,6,24,4.32049379893857,18,30,0,0
"67d84f3ae6e2db3ba2b69b5e",29,"experience",8,8,36,5.47722557505166,28,44,0,0
"67d84f3ae6e2db3ba2b69b5e",30,"experience",12,12,28.3333333333333,5.45180907793204,19,37,-0.206282093856245,0
"67d84f3ae6e2db3ba2b69b5e",31,"experience",12,12,19.3333333333333,5.45180907793204,10,28,-0.206282093856245,0
"67d84f3ae6e2db3ba2b69b5e",32,"experience",12,12,29.3333333333333,5.45180907793204,20,38,-0.206282093856245,0
"67d84f3ae6e2db3ba2b69b5e",33,"experience",6,6,23,4.32049379893857,17,29,0,0
"67d84f3ae6e2db3ba2b69b5e",34,"experience",2,2,35,4,31,39,0,0
"67d84f3ae6e2db3ba2b69b5e",35,"experience",12,12,25.3333333333333,5.45180907793204,16,34,-0.206282093856245,0
"67d84f3ae6e2db3ba2b69b5e",36,"experience",6,6,34,4.32049379893857,28,40,0,0
"67d84f3ae6e2db3ba2b69b5e",37,"experience",6,6,14,4.32049379893857,8,20,0,0
"67d84f3ae6e2db3ba2b69b5e",38,"experience",12,12,22.3333333333333,5.45180907793204,13,31,-0.206282093856245,0
"67d84f3ae6e2db3ba2b69b5e",39,"experience",12,12,25.3333333333333,5.45180907793204,16,34,-0.206282093856245,0
"67d84f3ae6e2db3ba2b69b5e",40,"experience",2,2,28,4,24,32,0,0
"67d84f3ae6e2db3ba2b69b5e",41,"experience",6,6,36,4.32049379893857,30,42,0,0
"67d84f3ae6e2db3ba2b69b5e",42,"experience",12,12,17.3333333333333,5.45180907793204,8,26,-0.206282093856245,0
"67d84f3ae6e2db3ba2b69b5e",43,"experience",2,2,19,4,15,23,0,0
"67d84f3ae6e2db3ba2b69b5e",44,"experience",8,8,36,5.47722557505166,28,44,0,0
"67d84f3ae6e2db3ba2b69b5e",45,"experience",2,2,19,4,15,23,0,0
"67d84f3ae6e2db3ba2b69b5e",46,"experience",2,2,35,4,31,39,0,0
"67d84f3ae6e2db3ba2b69b5e",47,"experience",2,2,24,4,20,28,0,0
"67d84f3ae6e2db3ba2b69b5e",48,"experience",8,8,19,5.47722557505166,11,27,0,0
"67d84f3ae6e2db3ba2b69b5e",49,"experience",8,8,22,5.47722557505166,14,30,0,0
"67d84f3ae6e2db3ba2b69b5e",50,"experience",12,12,32.3333333333333,5.45180907793204,23,41,-0.206282093856247,0
"67d84f3ae6e2db3ba2b69b5e",51,"experience",2,2,32,4,28,36,0,0
"67d84f3ae6e2db3ba2b69b5e",52,"experience",6,6,35,4.32049379893857,29,41,0,0
"67d84f3ae6e2db3ba2b69b5e",53,"experience",12,12,33.3333333333333,5.45180907793204,24,42,-0.206282093856247,0
"67d84f3ae6e2db3ba2b69b5e",54,"experience",8,8,33,5.47722557505166,25,41,0,0
"67d84f3ae6e2db3ba2b69b5e",55,"experience",2,2,19,4,15,23,0,0
"67d84f3ae6e2db3ba2b69b5e",56,"experience",8,8,18,5.47722557505166,10,26,0,0
"67d84f3ae6e2db3ba2b69b5e",57,"experience",8,8,21,5.47722557505166,13,29,0,0
"67d84f3ae6e2db3ba2b69b5e",58,"experience",2,2,22,4,18,26,0,0
"67d84f3ae6e2db3ba2b69b5e",59,"experience",8,8,20,5.47722557505166,12,28,0,0
"67d84f3ae6e2db3ba2b69b5e",60,"experience",12,12,21.3333333333333,5.45180907793204,12,30,-0.206282093856245,0
"67d84f3ae6e2db3ba2b69b5e",61,"experience",8,8,35,5.47722557505166,27,43,0,0
"67d84f3ae6e2db3ba2b69b5e",62,"experience",6,6,30,4.32049379893857,24,36,0,0
"67d84f3ae6e2db3ba2b69b5e",63,"experience",6,6,35,4.32049379893857,29,41,0,0
"67d84f3ae6e2db3ba2b69b5e",64,"experience",8,8,20,5.47722557505166,12,28,0,0
"67d84f3ae6e2db3ba2b69b5e",65,"experience",6,6,31,4.32049379893857,25,37,0,0
"67d84f3ae6e2db3ba2b69b5e",66,"experience",2,2,19,4,15,23,0,0
"67d84f3ae6e2db3ba2b69b5e",67,"experience",12,12,17.3333333333333,5.45180907793204,8,26,-0.206282093856245,0
"67d84f3ae6e2db3ba2b69b5e",68,"experience",2,2,24,4,20,28,0,0
"67d84f3ae6e2db3ba2b69b5e",69,"experience",2,2,28,4,24,32,0,0
"67d84f3ae6e2db3ba2b69b5e",70,"experience",6,6,18,4.32049379893857,12,24,0,0
"67d84f3ae6e2db3ba2b69b5e",71,"experience",2,2,23,4,19,27,0,0
"67d84f3ae6e2db3ba2b69b5e",72,"experience",8,8,29,5.47722557505166,21,37,0,0
"67d84f3ae6e2db3ba2b69b5e",73,"experience",8,8,18,5.47722557505166,10,26,0,0
"67d84f3ae6e2db3ba2b69b5e",74,"experience",6,6,35,4.32049379893857,29,41,0,0
"67d84f3ae6e2db3ba2b69b5e",75,"experience",12,12,17.3333333333333,5.45180907793204,8,26,-0.206282093856245,0
"67d84f3ae6e2db3ba2b69b5e",76,"experience",6,6,25,4.32049379893857,19,31,0,0
"67d84f3ae6e2db3ba2b69b5e",77,"experience",2,2,19,4,15,23,0,0
"67d84f3ae6e2db3ba2b69b5e",78,"experience",6,6,19,4.32049379893857,13,25,0,0
"67d84f3ae6e2db3ba2b69b5e",79,"experience",12,12,22.3333333333333,5.45180907793204,13,31,-0.206282093856245,0
"67d84f3ae6e2db3ba2b69b5e",80,"experience",8,8,35,5.47722557505166,27,43,0,0
"67d84f3ae6e2db3ba2b69b5e",81,"experience",12,12,33.3333333333333,5.45180907793204,24,42,-0.206282093856247,0
"67d84f3ae6e2db3ba2b69b5e",82,"experience",6,6,23,4.32049379893857,17,29,0,0
"67d84f3ae6e2db3ba2b69b5e",83,"experience",12,12,22.3333333333333,5.45180907793204,13,31,-0.206282093856245,0
"67d84f3ae6e2db3ba2b69b5e",84,"experience",2,2,35,4,31,39,0,0
"67d84f3ae6e2db3ba2b69b5e",85,"experience",2,2,23,4,19,27,0,0
"67d84f3ae6e2db3ba2b69b5e",86,"experience",2,2,21,4,17,25,0,0
"67d84f3ae6e2db3ba2b69b5e",87,"experience",6,6,34,4.32049379893857,28,40,0,0
"67d84f3ae6e2db3ba2b69b5e",88,"experience",8,8,28,5.47722557505166,20,36,0,0
"67d84f3ae6e2db3ba2b69b5e",89,"experience",2,2,14,4,10,18,0,0
"67d84f3ae6e2db3ba2b69b5e",90,"experience",6,6,30,4.32049379893857,24,36,0,0
"67d84f3ae6e2db3ba2b69b5e",91,"experience",6,6,20,4.32049379893857,14,26,0,0
"67d84f3ae6e2db3ba2b69b5e",92,"experience",6,6,14,4.32049379893857,8,20,0,0
"67d84f3ae6e2db3ba2b69b5e",93,"experience",8,8,20,5.47722557505166,12,28,0,0
"67d84f3ae6e2db3ba2b69b5e",94,"experience",8,8,25,5.47722557505166,17,33,0,0
"67d84f3ae6e2db3ba2b69b5e",95,"experience",6,6,19,4.32049379893857,13,25,0,0
"67d84f3ae6e2db3ba2b69b5e",96,"experience",2,2,14,4,10,18,0,0
"67d84f3ae6e2db3ba2b69b5e",97,"experience",8,8,19,5.47722557505166,11,27,0,0
"67d84f3ae6e2db3ba2b69b5e",98,"experience",8,8,33,5.47722557505166,25,41,0,0
"67d84f3ae6e2db3ba2b69b5e",99,"experience",12,12,18.3333333333333,5.45180907793204,9,27,-0.206282093856245,0
"67d84f3ae6e2db3ba2b69b5e",100,"experience",2,2,27,4,23,31,0,0
"67d84f3ae6e2db3ba2b69b5e",101,"experience",12,12,36.3333333333333,5.45180907793204,27,45,-0.206282093856247,0
"67d84f3ae6e2db3ba2b69b5e",102,"experience",12,12,19.3333333333333,5.45180907793204,10,28,-0.206282093856245,0
"67d84f3ae6e2db3ba2b69b5e",103,"experience",12,12,24.3333333333333,5.45180907793204,15,33,-0.206282093856245,0
"67d84f3ae6e2db3ba2b69b5e",104,"experience",12,12,29.3333333333333,5.45180907793204,20,38,-0.206282093856245,0
"67d84f3ae6e2db3ba2b69b5e",105,"experience",2,2,28,4,24,32,0,0
"67d84f3ae6e2db3ba2b69b5e",106,"experience",12,12,19.3333333333333,5.45180907793204,10,28,-0.206282093856245,0
"67d84f3ae6e2db3ba2b69b5e",107,"experience",12,12,24.3333333333333,5.45180907793204,15,33,-0.206282093856245,0
"67d84f3ae6e2db3ba2b69b5e",108,"experience",2,2,16,4,12,20,0,0
"67d84f3ae6e2db3ba2b69b5e",109,"experience",8,8,20,5.47722557505166,12,28,0,0
"67d84f3ae6e2db3ba2b69b5e",110,"experience",6,6,36,4.32049379893857,30,42,0,0
"67d84f3ae6e2db3ba2b69b5e",111,"experience",8,8,19,5.47722557505166,11,27,0,0
"67d84f3ae6e2db3ba2b69b5e",112,"experience",8,8,32,5.47722557505166,24,40,0,0
"67d84f3ae6e2db3ba2b69b5e",113,"experience",6,6,30,4.32049379893857,24,36,0,0
"67d84f3ae6e2db3ba2b69b5e",114,"experience",8,8,22,5.47722557505166,14,30,0,0
"67d84f3ae6e2db3ba2b69b5e",115,"experience",2,2,21,4,17,25,0,0
"67d84f3ae6e2db3ba2b69b5e",116,"experience",12,12,17.3333333333333,5.45180907793204,8,26,-0.206282093856245,0
"58ee956a575c01000180b080",1,"experience",8,8,10.625,5.74320250383007,1,20,0.0714497781493611,1
"58ee956a575c01000180b080",2,"experience",7,7,12.1428571428571,5.51435973303394,2,19,-0.608504541938224,0
"58ee956a575c01000180b080",3,"experience",8,8,7.875,4.93552175559991,2,18,0.72373326666442,0
"58ee956a575c01000180b080",4,"experience",10,10,38.4,6.40624695121879,30,48,0.165408722279341,0
"58ee956a575c01000180b080",5,"experience",4,4,11.75,2.58602010819715,8,15,-0.243942852376008,0
"58ee956a575c01000180b080",6,"experience",6,6,36,5.41602560309064,31,47,1.17706238248987,0
"58ee956a575c01000180b080",7,"experience",4,4,41.5,7.36545993132812,29,48,-1.01357387829443,0
"58ee956a575c01000180b080",8,"experience",3,3,8.66666666666667,4.18993502999218,3,13,-0.445109265323636,0
"58ee956a575c01000180b080",9,"experience",4,4,10,6.36396103067893,4,20,0.640178978852018,0
"58ee956a575c01000180b080",10,"experience",12,12,36.6666666666667,5.23343948936919,29,46,0.401795444011823,0
"58ee956a575c01000180b080",11,"experience",6,6,38.5,6.21154838452807,31,48,0.348406988769671,0
"58ee956a575c01000180b080",12,"experience",8,8,13.75,5.3793586978375,3,20,-0.80160020452454,0
"58ee956a575c01000180b080",13,"experience",3,3,39.6666666666667,3.68178700572909,35,44,-0.135061522784739,0
"58ee956a575c01000180b080",14,"experience",2,2,18,1,17,19,0,0
"58ee956a575c01000180b080",15,"experience",10,10,10.7,6.60378679243962,2,20,0.0603351890555594,0
"58ee956a575c01000180b080",16,"experience",5,5,40.6,6.82934843158555,29,48,-0.676778385140091,0
"58ee956a575c01000180b080",17,"experience",11,11,37,4.97265248406449,29,45,-0.0665404135924504,0
"58ee956a575c01000180b080",18,"experience",2,2,32.5,1.5,31,34,0,0
"58ee956a575c01000180b080",19,"experience",10,10,39.6,6.15142259969188,29,48,-0.43015883757662,0
"58ee956a575c01000180b080",20,"experience",6,6,11.6666666666667,6.12825877028341,2,19,-0.307367763328699,0
"58ee956a575c01000180b080",21,"experience",8,8,26,5.47722557505166,18,34,0,0
"58ee956a575c01000180b080",22,"experience",12,12,36.3333333333333,5.45180907793204,27,45,-0.206282093856247,0
"58ee956a575c01000180b080",23,"experience",2,2,36,4,32,40,0,0
"58ee956a575c01000180b080",24,"experience",12,12,25.3333333333333,5.45180907793204,16,34,-0.206282093856245,0
"58ee956a575c01000180b080",25,"experience",6,6,33,4.32049379893857,27,39,0,0
"58ee956a575c01000180b080",26,"experience",2,2,21,4,17,25,0,0
"58ee956a575c01000180b080",27,"experience",8,8,35,5.47722557505166,27,43,0,0
"58ee956a575c01000180b080",28,"experience",8,8,32,5.47722557505166,24,40,0,0
"58ee956a575c01000180b080",29,"experience",8,8,19,5.47722557505166,11,27,0,0
"58ee956a575c01000180b080",30,"experience",12,12,14.3333333333333,5.45180907793204,5,23,-0.206282093856245,0
"58ee956a575c01000180b080",31,"experience",12,12,21.3333333333333,5.45180907793204,12,30,-0.206282093856245,0
"58ee956a575c01000180b080",32,"experience",8,8,20,5.47722557505166,12,28,0,0
"58ee956a575c01000180b080",33,"experience",6,6,17,4.32049379893857,11,23,0,0
"58ee956a575c01000180b080",34,"experience",6,6,35,4.32049379893857,29,41,0,0
"58ee956a575c01000180b080",35,"experience",6,6,30,4.32049379893857,24,36,0,0
"58ee956a575c01000180b080",36,"experience",12,12,26.3333333333333,5.45180907793204,17,35,-0.206282093856245,0
"58ee956a575c01000180b080",37,"experience",8,8,27,5.47722557505166,19,35,0,0
"58ee956a575c01000180b080",38,"experience",12,12,17.3333333333333,5.45180907793204,8,26,-0.206282093856245,0
"58ee956a575c01000180b080",39,"experience",12,12,28.3333333333333,5.45180907793204,19,37,-0.206282093856245,0
"58ee956a575c01000180b080",40,"experience",6,6,26,4.32049379893857,20,32,0,0
"58ee956a575c01000180b080",41,"experience",6,6,23,4.32049379893857,17,29,0,0
"58ee956a575c01000180b080",42,"experience",2,2,20,4,16,24,0,0
"58ee956a575c01000180b080",43,"experience",2,2,18,4,14,22,0,0
"58ee956a575c01000180b080",44,"experience",6,6,16,4.32049379893857,10,22,0,0
"58ee956a575c01000180b080",45,"experience",8,8,14,5.47722557505166,6,22,0,0
"58ee956a575c01000180b080",46,"experience",2,2,16,4,12,20,0,0
"58ee956a575c01000180b080",47,"experience",8,8,26,5.47722557505166,18,34,0,0
"58ee956a575c01000180b080",48,"experience",8,8,29,5.47722557505166,21,37,0,0
"58ee956a575c01000180b080",49,"experience",12,12,29.3333333333333,5.45180907793204,20,38,-0.206282093856245,0
"58ee956a575c01000180b080",50,"experience",8,8,24,5.47722557505166,16,32,0,0
"58ee956a575c01000180b080",51,"experience",6,6,26,4.32049379893857,20,32,0,0
"58ee956a575c01000180b080",52,"experience",6,6,25,4.32049379893857,19,31,0,0
"58ee956a575c01000180b080",53,"experience",2,2,33,4,29,37,0,0
"58ee956a575c01000180b080",54,"experience",6,6,22,4.32049379893857,16,28,0,0
"58ee956a575c01000180b080",55,"experience",2,2,14,4,10,18,0,0
"58ee956a575c01000180b080",56,"experience",8,8,36,5.47722557505166,28,44,0,0
"58ee956a575c01000180b080",57,"experience",2,2,17,4,13,21,0,0
"58ee956a575c01000180b080",58,"experience",2,2,24,4,20,28,0,0
"58ee956a575c01000180b080",59,"experience",12,12,32.3333333333333,5.45180907793204,23,41,-0.206282093856247,0
"58ee956a575c01000180b080",60,"experience",2,2,22,4,18,26,0,0
"58ee956a575c01000180b080",61,"experience",2,2,22,4,18,26,0,0
"58ee956a575c01000180b080",62,"experience",8,8,32,5.47722557505166,24,40,0,0
"58ee956a575c01000180b080",63,"experience",12,12,18.3333333333333,5.45180907793204,9,27,-0.206282093856245,0
"58ee956a575c01000180b080",64,"experience",6,6,36,4.32049379893857,30,42,0,0
"58ee956a575c01000180b080",65,"experience",12,12,29.3333333333333,5.45180907793204,20,38,-0.206282093856245,0
"58ee956a575c01000180b080",66,"experience",12,12,24.3333333333333,5.45180907793204,15,33,-0.206282093856245,0
"58ee956a575c01000180b080",67,"experience",6,6,36,4.32049379893857,30,42,0,0
"58ee956a575c01000180b080",68,"experience",2,2,23,4,19,27,0,0
"58ee956a575c01000180b080",69,"experience",6,6,16,4.32049379893857,10,22,0,0
"58ee956a575c01000180b080",70,"experience",2,2,28,4,24,32,0,0
"58ee956a575c01000180b080",71,"experience",2,2,25,4,21,29,0,0
"58ee956a575c01000180b080",72,"experience",2,2,20,4,16,24,0,0
"58ee956a575c01000180b080",73,"experience",2,2,19,4,15,23,0,0
"58ee956a575c01000180b080",74,"experience",2,2,18,4,14,22,0,0
"58ee956a575c01000180b080",75,"experience",12,12,15.3333333333333,5.45180907793204,6,24,-0.206282093856245,0
"58ee956a575c01000180b080",76,"experience",8,8,34,5.47722557505166,26,42,0,0
"58ee956a575c01000180b080",77,"experience",8,8,35,5.47722557505166,27,43,0,0
"58ee956a575c01000180b080",78,"experience",6,6,26,4.32049379893857,20,32,0,0
"58ee956a575c01000180b080",79,"experience",6,6,19,4.32049379893857,13,25,0,0
"58ee956a575c01000180b080",80,"experience",2,2,14,4,10,18,0,0
"58ee956a575c01000180b080",81,"experience",12,12,34.3333333333333,5.45180907793204,25,43,-0.206282093856247,0
"58ee956a575c01000180b080",82,"experience",8,8,29,5.47722557505166,21,37,0,0
"58ee956a575c01000180b080",83,"experience",12,12,17.3333333333333,5.45180907793204,8,26,-0.206282093856245,0
"58ee956a575c01000180b080",84,"experience",8,8,16,5.47722557505166,8,24,0,0
"58ee956a575c01000180b080",85,"experience",6,6,14,4.32049379893857,8,20,0,0
"58ee956a575c01000180b080",86,"experience",12,12,16.3333333333333,5.45180907793204,7,25,-0.206282093856245,0
"58ee956a575c01000180b080",87,"experience",6,6,36,4.32049379893857,30,42,0,0
"58ee956a575c01000180b080",88,"experience",12,12,36.3333333333333,5.45180907793204,27,45,-0.206282093856247,0
"58ee956a575c01000180b080",89,"experience",6,6,18,4.32049379893857,12,24,0,0
"58ee956a575c01000180b080",90,"experience",2,2,31,4,27,35,0,0
"58ee956a575c01000180b080",91,"experience",12,12,24.3333333333333,5.45180907793204,15,33,-0.206282093856245,0
"58ee956a575c01000180b080",92,"experience",12,12,23.3333333333333,5.45180907793204,14,32,-0.206282093856245,0
"58ee956a575c01000180b080",93,"experience",6,6,17,4.32049379893857,11,23,0,0
"58ee956a575c01000180b080",94,"experience",8,8,17,5.47722557505166,9,25,0,0
"58ee956a575c01000180b080",95,"experience",8,8,36,5.47722557505166,28,44,0,0
"58ee956a575c01000180b080",96,"experience",8,8,34,5.47722557505166,26,42,0,0
"58ee956a575c01000180b080",97,"experience",6,6,27,4.32049379893857,21,33,0,0
"58ee956a575c01000180b080",98,"experience",6,6,18,4.32049379893857,12,24,0,0
"58ee956a575c01000180b080",99,"experience",6,6,34,4.32049379893857,28,40,0,0
"58ee956a575c01000180b080",100,"experience",12,12,33.3333333333333,5.45180907793204,24,42,-0.206282093856247,0
"58ee956a575c01000180b080",101,"experience",12,12,30.3333333333333,5.45180907793204,21,39,-0.206282093856245,0
"58ee956a575c01000180b080",102,"experience",6,6,21,4.32049379893857,15,27,0,0
"58ee956a575c01000180b080",103,"experience",8,8,33,5.47722557505166,25,41,0,0
"58ee956a575c01000180b080",104,"experience",8,8,30,5.47722557505166,22,38,0,0
"58ee956a575c01000180b080",105,"experience",2,2,29,4,25,33,0,0
"58ee956a575c01000180b080",106,"experience",2,2,15,4,11,19,0,0
"58ee956a575c01000180b080",107,"experience",12,12,22.3333333333333,5.45180907793204,13,31,-0.206282093856245,0
"58ee956a575c01000180b080",108,"experience",2,2,14,4,10,18,0,0
"58ee956a575c01000180b080",109,"experience",2,2,26,4,22,30,0,0
"58ee956a575c01000180b080",110,"experience",2,2,18,4,14,22,0,0
"58ee956a575c01000180b080",111,"experience",12,12,30.3333333333333,5.45180907793204,21,39,-0.206282093856245,0
"58ee956a575c01000180b080",112,"experience",8,8,16,5.47722557505166,8,24,0,0
"58ee956a575c01000180b080",113,"experience",8,8,34,5.47722557505166,26,42,0,0
"58ee956a575c01000180b080",114,"experience",12,12,35.3333333333333,5.45180907793204,26,44,-0.206282093856247,0
"58ee956a575c01000180b080",115,"experience",8,8,14,5.47722557505166,6,22,0,0
"58ee956a575c01000180b080",116,"experience",6,6,34,4.32049379893857,28,40,0,0
"67d885df79b2e67e70bca0a9",1,"experience",8,8,40.125,5.25446238924593,31,47,-0.194595694054357,0
"67d885df79b2e67e70bca0a9",2,"experience",10,10,38.7,5.53263047744922,30,47,0.0654015366820699,0
"67d885df79b2e67e70bca0a9",3,"experience",10,10,37.9,6.67008245826092,29,48,0.105300059678751,0
"67d885df79b2e67e70bca0a9",4,"experience",3,3,10.3333333333333,6.23609564462324,2,17,-0.381801774160606,0
"67d885df79b2e67e70bca0a9",5,"experience",10,10,38.5,5.44518135602479,30,47,-0.0464541177938068,0
"67d885df79b2e67e70bca0a9",6,"experience",5,5,33.6,3.61109401705356,29,38,-0.0825676395558759,0
"67d885df79b2e67e70bca0a9",7,"experience",10,10,36.4,5.37028863283902,29,48,0.658113225688259,0
"67d885df79b2e67e70bca0a9",8,"experience",11,11,37.8181818181818,6.37920174285412,29,48,0.36008013950258,0
"67d885df79b2e67e70bca0a9",9,"experience",11,11,10.8181818181818,5.85923019793528,1,20,0.084084189399913,1
"67d885df79b2e67e70bca0a9",10,"experience",5,5,37.2,6.30555310817378,30,45,0.140146660906581,0
"67d885df79b2e67e70bca0a9",11,"experience",11,11,10,6.36753127557726,2,20,0.25352836223618,0
"67d885df79b2e67e70bca0a9",12,"experience",4,4,10,6.74536878161602,1,20,0.219931115932415,1
"67d885df79b2e67e70bca0a9",13,"experience",7,7,37.1428571428571,6.53405521487387,29,47,0.26675109794827,0
"67d885df79b2e67e70bca0a9",14,"experience",5,5,8.8,6.14491659829489,1,17,0.205419897146119,1
"67d885df79b2e67e70bca0a9",15,"experience",3,3,11.3333333333333,7.58653778449403,1,19,-0.483821180991122,1
"67d885df79b2e67e70bca0a9",16,"experience",8,8,11,6.06217782649107,1,19,-0.393877443120619,1
"67d885df79b2e67e70bca0a9",17,"experience",7,7,38.8571428571429,7.19977323905952,29,48,-0.133768742423519,0
"67d885df79b2e67e70bca0a9",18,"experience",9,9,10.5555555555556,6.27359742821916,1,19,-0.123709697102081,1
"67d885df79b2e67e70bca0a9",19,"experience",10,10,11.2,6.27375485654325,2,20,-0.165322864164746,0
"67d885df79b2e67e70bca0a9",20,"experience",10,10,36.7,6.41950153828161,29,47,0.37504017462428,0
"67d885df79b2e67e70bca0a9",21,"experience",12,12,22.3333333333333,5.45180907793204,13,31,-0.206282093856245,0
"67d885df79b2e67e70bca0a9",22,"experience",2,2,36,4,32,40,0,0
"67d885df79b2e67e70bca0a9",23,"experience",6,6,28,4.32049379893857,22,34,0,0
"67d885df79b2e67e70bca0a9",24,"experience",6,6,35,4.32049379893857,29,41,0,0
"67d885df79b2e67e70bca0a9",25,"experience",8,8,36,5.47722557505166,28,44,0,0
"67d885df79b2e67e70bca0a9",26,"experience",8,8,33,5.47722557505166,25,41,0,0
"67d885df79b2e67e70bca0a9",27,"experience",2,2,28,4,24,32,0,0
"67d885df79b2e67e70bca0a9",28,"experience",8,8,30,5.47722557505166,22,38,0,0
"67d885df79b2e67e70bca0a9",29,"experience",6,6,35,4.32049379893857,29,41,0,0
"67d885df79b2e67e70bca0a9",30,"experience",8,8,34,5.47722557505166,26,42,0,0
"67d885df79b2e67e70bca0a9",31,"experience",6,6,29,4.32049379893857,23,35,0,0
"67d885df79b2e67e70bca0a9",32,"experience",6,6,32,4.32049379893857,26,38,0,0
"67d885df79b2e67e70bca0a9",33,"experience",6,6,17,4.32049379893857,11,23,0,0
"67d885df79b2e67e70bca0a9",34,"experience",2,2,14,4,10,18,0,0
"67d885df79b2e67e70bca0a9",35,"experience",2,2,21,4,17,25,0,0
"67d885df79b2e67e70bca0a9",36,"experience",6,6,22,4.32049379893857,16,28,0,0
"67d885df79b2e67e70bca0a9",37,"experience",6,6,17,4.32049379893857,11,23,0,0
"67d885df79b2e67e70bca0a9",38,"experience",6,6,28,4.32049379893857,22,34,0,0
"67d885df79b2e67e70bca0a9",39,"experience",8,8,14,5.47722557505166,6,22,0,0
"67d885df79b2e67e70bca0a9",40,"experience",2,2,30,4,26,34,0,0
"67d885df79b2e67e70bca0a9",41,"experience",2,2,25,4,21,29,0,0
"67d885df79b2e67e70bca0a9",42,"experience",12,12,25.3333333333333,5.45180907793204,16,34,-0.206282093856245,0
"67d885df79b2e67e70bca0a9",43,"experience",2,2,25,4,21,29,0,0
"67d885df79b2e67e70bca0a9",44,"experience",2,2,23,4,19,27,0,0
"67d885df79b2e67e70bca0a9",45,"experience",12,12,20.3333333333333,5.45180907793204,11,29,-0.206282093856245,0
"67d885df79b2e67e70bca0a9",46,"experience",8,8,15,5.47722557505166,7,23,0,0
"67d885df79b2e67e70bca0a9",47,"experience",6,6,33,4.32049379893857,27,39,0,0
"67d885df79b2e67e70bca0a9",48,"experience",6,6,34,4.32049379893857,28,40,0,0
"67d885df79b2e67e70bca0a9",49,"experience",2,2,30,4,26,34,0,0
"67d885df79b2e67e70bca0a9",50,"experience",12,12,34.3333333333333,5.45180907793204,25,43,-0.206282093856247,0
"67d885df79b2e67e70bca0a9",51,"experience",8,8,27,5.47722557505166,19,35,0,0
"67d885df79b2e67e70bca0a9",52,"experience",12,12,21.3333333333333,5.45180907793204,12,30,-0.206282093856245,0
"67d885df79b2e67e70bca0a9",53,"experience",12,12,27.3333333333333,5.45180907793204,18,36,-0.206282093856245,0
"67d885df79b2e67e70bca0a9",54,"experience",12,12,21.3333333333333,5.45180907793204,12,30,-0.206282093856245,0
"67d885df79b2e67e70bca0a9",55,"experience",8,8,36,5.47722557505166,28,44,0,0
"67d885df79b2e67e70bca0a9",56,"experience",8,8,17,5.47722557505166,9,25,0,0
"67d885df79b2e67e70bca0a9",57,"experience",2,2,14,4,10,18,0,0
"67d885df79b2e67e70bca0a9",58,"experience",2,2,35,4,31,39,0,0
"67d885df79b2e67e70bca0a9",59,"experience",6,6,15,4.32049379893857,9,21,0,0
"67d885df79b2e67e70bca0a9",60,"experience",12,12,22.3333333333333,5.45180907793204,13,31,-0.206282093856245,0
"67d885df79b2e67e70bca0a9",61,"experience",8,8,29,5.47722557505166,21,37,0,0
"67d885df79b2e67e70bca0a9",62,"experience",12,12,35.3333333333333,5.45180907793204,26,44,-0.206282093856247,0
"67d885df79b2e67e70bca0a9",63,"experience",12,12,31.3333333333333,5.45180907793204,22,40,-0.206282093856245,0
"67d885df79b2e67e70bca0a9",64,"experience",2,2,29,4,25,33,0,0
"67d885df79b2e67e70bca0a9",65,"experience",12,12,24.3333333333333,5.45180907793204,15,33,-0.206282093856245,0
"67d885df79b2e67e70bca0a9",66,"experience",8,8,25,5.47722557505166,17,33,0,0
"67d885df79b2e67e70bca0a9",67,"experience",8,8,22,5.47722557505166,14,30,0,0
"67d885df79b2e67e70bca0a9",68,"experience",12,12,18.3333333333333,5.45180907793204,9,27,-0.206282093856245,0
"67d885df79b2e67e70bca0a9",69,"experience",6,6,18,4.32049379893857,12,24,0,0
"67d885df79b2e67e70bca0a9",70,"experience",8,8,36,5.47722557505166,28,44,0,0
"67d885df79b2e67e70bca0a9",71,"experience",6,6,17,4.32049379893857,11,23,0,0
"67d885df79b2e67e70bca0a9",72,"experience",8,8,23,5.47722557505166,15,31,0,0
"67d885df79b2e67e70bca0a9",73,"experience",8,8,27,5.47722557505166,19,35,0,0
"67d885df79b2e67e70bca0a9",74,"experience",2,2,22,4,18,26,0,0
"67d885df79b2e67e70bca0a9",75,"experience",8,8,25,5.47722557505166,17,33,0,0
"67d885df79b2e67e70bca0a9",76,"experience",12,12,19.3333333333333,5.45180907793204,10,28,-0.206282093856245,0
"67d885df79b2e67e70bca0a9",77,"experience",8,8,26,5.47722557505166,18,34,0,0
"67d885df79b2e67e70bca0a9",78,"experience",2,2,15,4,11,19,0,0
"67d885df79b2e67e70bca0a9",79,"experience",12,12,26.3333333333333,5.45180907793204,17,35,-0.206282093856245,0
"67d885df79b2e67e70bca0a9",80,"experience",8,8,32,5.47722557505166,24,40,0,0
"67d885df79b2e67e70bca0a9",81,"experience",6,6,32,4.32049379893857,26,38,0,0
"67d885df79b2e67e70bca0a9",82,"experience",12,12,34.3333333333333,5.45180907793204,25,43,-0.206282093856247,0
"67d885df79b2e67e70bca0a9",83,"experience",12,12,19.3333333333333,5.45180907793204,10,28,-0.206282093856245,0
"67d885df79b2e67e70bca0a9",84,"experience",12,12,23.3333333333333,5.45180907793204,14,32,-0.206282093856245,0
"67d885df79b2e67e70bca0a9",85,"experience",6,6,32,4.32049379893857,26,38,0,0
"67d885df79b2e67e70bca0a9",86,"experience",12,12,35.3333333333333,5.45180907793204,26,44,-0.206282093856247,0
"67d885df79b2e67e70bca0a9",87,"experience",2,2,15,4,11,19,0,0
"67d885df79b2e67e70bca0a9",88,"experience",6,6,26,4.32049379893857,20,32,0,0
"67d885df79b2e67e70bca0a9",89,"experience",2,2,29,4,25,33,0,0
"67d885df79b2e67e70bca0a9",90,"experience",6,6,35,4.32049379893857,29,41,0,0
"67d885df79b2e67e70bca0a9",91,"experience",12,12,24.3333333333333,5.45180907793204,15,33,-0.206282093856245,0
"67d885df79b2e67e70bca0a9",92,"experience",6,6,16,4.32049379893857,10,22,0,0
"67d885df79b2e67e70bca0a9",93,"experience",6,6,20,4.32049379893857,14,26,0,0
"67d885df79b2e67e70bca0a9",94,"experience",2,2,18,4,14,22,0,0
"67d885df79b2e67e70bca0a9",95,"experience",8,8,34,5.47722557505166,26,42,0,0
"67d885df79b2e67e70bca0a9",96,"experience",12,12,30.3333333333333,5.45180907793204,21,39,-0.206282093856245,0
"67d885df79b2e67e70bca0a9",97,"experience",2,2,21,4,17,25,0,0
"67d885df79b2e67e70bca0a9",98,"experience",2,2,17,4,13,21,0,0
"67d885df79b2e67e70bca0a9",99,"experience",8,8,25,5.47722557505166,17,33,0,0
"67d885df79b2e67e70bca0a9",100,"experience",2,2,36,4,32,40,0,0
"67d885df79b2e67e70bca0a9",101,"experience",6,6,34,4.32049379893857,28,40,0,0
"67d885df79b2e67e70bca0a9",102,"experience",2,2,33,4,29,37,0,0
"67d885df79b2e67e70bca0a9",103,"experience",12,12,23.3333333333333,5.45180907793204,14,32,-0.206282093856245,0
"67d885df79b2e67e70bca0a9",104,"experience",2,2,22,4,18,26,0,0
"67d885df79b2e67e70bca0a9",105,"experience",6,6,22,4.32049379893857,16,28,0,0
"67d885df79b2e67e70bca0a9",106,"experience",8,8,32,5.47722557505166,24,40,0,0
"67d885df79b2e67e70bca0a9",107,"experience",6,6,21,4.32049379893857,15,27,0,0
"67d885df79b2e67e70bca0a9",108,"experience",12,12,19.3333333333333,5.45180907793204,10,28,-0.206282093856245,0
"67d885df79b2e67e70bca0a9",109,"experience",6,6,28,4.32049379893857,22,34,0,0
"67d885df79b2e67e70bca0a9",110,"experience",2,2,23,4,19,27,0,0
"67d885df79b2e67e70bca0a9",111,"experience",12,12,27.3333333333333,5.45180907793204,18,36,-0.206282093856245,0
"67d885df79b2e67e70bca0a9",112,"experience",2,2,24,4,20,28,0,0
"67d885df79b2e67e70bca0a9",113,"experience",8,8,19,5.47722557505166,11,27,0,0
"67d885df79b2e67e70bca0a9",114,"experience",8,8,28,5.47722557505166,20,36,0,0
"67d885df79b2e67e70bca0a9",115,"experience",12,12,23.3333333333333,5.45180907793204,14,32,-0.206282093856245,0
"67d885df79b2e67e70bca0a9",116,"experience",8,8,16,5.47722557505166,8,24,0,0
"659daa1ed4e13d6428103c1f",1,"experience",8,8,12.75,5.69539287494726,1,20,-0.738351577225947,1
"659daa1ed4e13d6428103c1f",2,"experience",5,5,10.4,6.59090282131363,1,17,-0.407224620559273,1
"659daa1ed4e13d6428103c1f",3,"experience",9,9,11.2222222222222,5.95870563457419,2,20,-0.0321068214915752,0
"659daa1ed4e13d6428103c1f",4,"experience",10,10,35.5,5.1234753829798,29,46,0.535350897160338,0
"659daa1ed4e13d6428103c1f",5,"experience",11,11,10.1818181818182,5.71788552491505,2,20,0.206077090662287,0
"659daa1ed4e13d6428103c1f",6,"experience",10,10,37.8,5.91269819963779,29,47,-0.0503899393090515,0
"659daa1ed4e13d6428103c1f",7,"experience",8,8,13.875,3.88707795136655,7,19,-0.327032182594287,0
"659daa1ed4e13d6428103c1f",8,"experience",4,4,11.75,5.62916512459885,3,18,-0.549231708059316,0
"659daa1ed4e13d6428103c1f",9,"experience",5,5,13,5.40370243444252,7,20,0.319415700290748,0
"659daa1ed4e13d6428103c1f",10,"experience",8,8,9.875,4.80722113075735,1,18,-0.0648745121719658,1
"659daa1ed4e13d6428103c1f",11,"experience",12,12,38.5833333333333,6.02022055705234,29,48,0.0318962960931364,0
"659daa1ed4e13d6428103c1f",12,"experience",10,10,9.5,6.1196405123177,1,20,0.1570814015971,1
"659daa1ed4e13d6428103c1f",13,"experience",9,9,9.22222222222222,5.94002951316607,1,19,0.413614974678078,1
"659daa1ed4e13d6428103c1f",14,"experience",8,8,38.875,5.18260311040697,29,45,-0.52658047191438,0
"659daa1ed4e13d6428103c1f",15,"experience",6,6,5.16666666666667,4.29793231940921,1,14,1.20825133348172,1
"659daa1ed4e13d6428103c1f",16,"experience",10,10,10.6,5.46260011349907,3,20,0.166081826794565,0
"659daa1ed4e13d6428103c1f",17,"experience",12,12,9,5.73003781255703,1,19,0.358782547463567,1
"659daa1ed4e13d6428103c1f",18,"experience",11,11,10,5.25702992538217,2,20,0.24403413240012,0
"659daa1ed4e13d6428103c1f",19,"experience",12,12,9.83333333333333,5.84284938098603,1,20,0.317881989916791,1
"659daa1ed4e13d6428103c1f",20,"experience",11,11,12.1818181818182,5.93630098811437,2,20,-0.237059640268776,0
"659daa1ed4e13d6428103c1f",21,"experience",6,6,27,4.32049379893857,21,33,0,0
"659daa1ed4e13d6428103c1f",22,"experience",2,2,33,4,29,37,0,0
"659daa1ed4e13d6428103c1f",23,"experience",2,2,35,4,31,39,0,0
"659daa1ed4e13d6428103c1f",24,"experience",6,6,33,4.32049379893857,27,39,0,0
"659daa1ed4e13d6428103c1f",25,"experience",6,6,19,4.32049379893857,13,25,0,0
"659daa1ed4e13d6428103c1f",26,"experience",6,6,16,4.32049379893857,10,22,0,0
"659daa1ed4e13d6428103c1f",27,"experience",12,12,30.3333333333333,5.45180907793204,21,39,-0.206282093856245,0
"659daa1ed4e13d6428103c1f",28,"experience",8,8,25,5.47722557505166,17,33,0,0
"659daa1ed4e13d6428103c1f",29,"experience",8,8,31,5.47722557505166,23,39,0,0
"659daa1ed4e13d6428103c1f",30,"experience",8,8,31,5.47722557505166,23,39,0,0
"659daa1ed4e13d6428103c1f",31,"experience",6,6,24,4.32049379893857,18,30,0,0
"659daa1ed4e13d6428103c1f",32,"experience",2,2,20,4,16,24,0,0
"659daa1ed4e13d6428103c1f",33,"experience",12,12,36.3333333333333,5.45180907793204,27,45,-0.206282093856247,0
"659daa1ed4e13d6428103c1f",34,"experience",8,8,16,5.47722557505166,8,24,0,0
"659daa1ed4e13d6428103c1f",35,"experience",12,12,14.3333333333333,5.45180907793204,5,23,-0.206282093856245,0
"659daa1ed4e13d6428103c1f",36,"experience",8,8,23,5.47722557505166,15,31,0,0
"659daa1ed4e13d6428103c1f",37,"experience",6,6,20,4.32049379893857,14,26,0,0
"659daa1ed4e13d6428103c1f",38,"experience",8,8,19,5.47722557505166,11,27,0,0
"659daa1ed4e13d6428103c1f",39,"experience",6,6,30,4.32049379893857,24,36,0,0
"659daa1ed4e13d6428103c1f",40,"experience",2,2,22,4,18,26,0,0
"659daa1ed4e13d6428103c1f",41,"experience",12,12,36.3333333333333,5.45180907793204,27,45,-0.206282093856247,0
"659daa1ed4e13d6428103c1f",42,"experience",8,8,34,5.47722557505166,26,42,0,0
"659daa1ed4e13d6428103c1f",43,"experience",6,6,15,4.32049379893857,9,21,0,0
"659daa1ed4e13d6428103c1f",44,"experience",2,2,19,4,15,23,0,0
"659daa1ed4e13d6428103c1f",45,"experience",2,2,35,4,31,39,0,0
"659daa1ed4e13d6428103c1f",46,"experience",8,8,29,5.47722557505166,21,37,0,0
"659daa1ed4e13d6428103c1f",47,"experience",2,2,34,4,30,38,0,0
"659daa1ed4e13d6428103c1f",48,"experience",6,6,34,4.32049379893857,28,40,0,0
"659daa1ed4e13d6428103c1f",49,"experience",6,6,20,4.32049379893857,14,26,0,0
"659daa1ed4e13d6428103c1f",50,"experience",8,8,22,5.47722557505166,14,30,0,0
"659daa1ed4e13d6428103c1f",51,"experience",8,8,23,5.47722557505166,15,31,0,0
"659daa1ed4e13d6428103c1f",52,"experience",6,6,21,4.32049379893857,15,27,0,0
"659daa1ed4e13d6428103c1f",53,"experience",2,2,26,4,22,30,0,0
"659daa1ed4e13d6428103c1f",54,"experience",12,12,28.3333333333333,5.45180907793204,19,37,-0.206282093856245,0
"659daa1ed4e13d6428103c1f",55,"experience",2,2,17,4,13,21,0,0
"659daa1ed4e13d6428103c1f",56,"experience",2,2,19,4,15,23,0,0
"659daa1ed4e13d6428103c1f",57,"experience",12,12,15.3333333333333,5.45180907793204,6,24,-0.206282093856245,0
"659daa1ed4e13d6428103c1f",58,"experience",2,2,34,4,30,38,0,0
"659daa1ed4e13d6428103c1f",59,"experience",12,12,30.3333333333333,5.45180907793204,21,39,-0.206282093856245,0
"659daa1ed4e13d6428103c1f",60,"experience",8,8,19,5.47722557505166,11,27,0,0
"659daa1ed4e13d6428103c1f",61,"experience",12,12,29.3333333333333,5.45180907793204,20,38,-0.206282093856245,0
"659daa1ed4e13d6428103c1f",62,"experience",12,12,34.3333333333333,5.45180907793204,25,43,-0.206282093856247,0
"659daa1ed4e13d6428103c1f",63,"experience",12,12,18.3333333333333,5.45180907793204,9,27,-0.206282093856245,0
"659daa1ed4e13d6428103c1f",64,"experience",8,8,36,5.47722557505166,28,44,0,0
"659daa1ed4e13d6428103c1f",65,"experience",2,2,36,4,32,40,0,0
"659daa1ed4e13d6428103c1f",66,"experience",6,6,31,4.32049379893857,25,37,0,0
"659daa1ed4e13d6428103c1f",67,"experience",12,12,30.3333333333333,5.45180907793204,21,39,-0.206282093856245,0
"659daa1ed4e13d6428103c1f",68,"experience",12,12,20.3333333333333,5.45180907793204,11,29,-0.206282093856245,0
"659daa1ed4e13d6428103c1f",69,"experience",6,6,31,4.32049379893857,25,37,0,0
"659daa1ed4e13d6428103c1f",70,"experience",2,2,33,4,29,37,0,0
"659daa1ed4e13d6428103c1f",71,"experience",2,2,32,4,28,36,0,0
"659daa1ed4e13d6428103c1f",72,"experience",8,8,31,5.47722557505166,23,39,0,0
"659daa1ed4e13d6428103c1f",73,"experience",8,8,35,5.47722557505166,27,43,0,0
"659daa1ed4e13d6428103c1f",74,"experience",12,12,25.3333333333333,5.45180907793204,16,34,-0.206282093856245,0
"659daa1ed4e13d6428103c1f",75,"experience",8,8,21,5.47722557505166,13,29,0,0
"659daa1ed4e13d6428103c1f",76,"experience",8,8,30,5.47722557505166,22,38,0,0
"659daa1ed4e13d6428103c1f",77,"experience",6,6,20,4.32049379893857,14,26,0,0
"659daa1ed4e13d6428103c1f",78,"experience",12,12,23.3333333333333,5.45180907793204,14,32,-0.206282093856245,0
"659daa1ed4e13d6428103c1f",79,"experience",6,6,32,4.32049379893857,26,38,0,0
"659daa1ed4e13d6428103c1f",80,"experience",12,12,23.3333333333333,5.45180907793204,14,32,-0.206282093856245,0
"659daa1ed4e13d6428103c1f",81,"experience",2,2,33,4,29,37,0,0
"659daa1ed4e13d6428103c1f",82,"experience",2,2,18,4,14,22,0,0
"659daa1ed4e13d6428103c1f",83,"experience",12,12,23.3333333333333,5.45180907793204,14,32,-0.206282093856245,0
"659daa1ed4e13d6428103c1f",84,"experience",8,8,20,5.47722557505166,12,28,0,0
"659daa1ed4e13d6428103c1f",85,"experience",2,2,30,4,26,34,0,0
"659daa1ed4e13d6428103c1f",86,"experience",2,2,18,4,14,22,0,0
"659daa1ed4e13d6428103c1f",87,"experience",6,6,33,4.32049379893857,27,39,0,0
"659daa1ed4e13d6428103c1f",88,"experience",6,6,35,4.32049379893857,29,41,0,0
"659daa1ed4e13d6428103c1f",89,"experience",12,12,26.3333333333333,5.45180907793204,17,35,-0.206282093856245,0
"659daa1ed4e13d6428103c1f",90,"experience",8,8,24,5.47722557505166,16,32,0,0
"659daa1ed4e13d6428103c1f",91,"experience",2,2,26,4,22,30,0,0
"659daa1ed4e13d6428103c1f",92,"experience",2,2,32,4,28,36,0,0
"659daa1ed4e13d6428103c1f",93,"experience",2,2,23,4,19,27,0,0
"659daa1ed4e13d6428103c1f",94,"experience",6,6,20,4.32049379893857,14,26,0,0
"659daa1ed4e13d6428103c1f",95,"experience",8,8,36,5.47722557505166,28,44,0,0
"659daa1ed4e13d6428103c1f",96,"experience",12,12,30.3333333333333,5.45180907793204,21,39,-0.206282093856245,0
"659daa1ed4e13d6428103c1f",97,"experience",6,6,32,4.32049379893857,26,38,0,0
"659daa1ed4e13d6428103c1f",98,"experience",8,8,29,5.47722557505166,21,37,0,0
"659daa1ed4e13d6428103c1f",99,"experience",12,12,32.3333333333333,5.45180907793204,23,41,-0.206282093856247,0
"659daa1ed4e13d6428103c1f",100,"experience",8,8,26,5.47722557505166,18,34,0,0
"659daa1ed4e13d6428103c1f",101,"experience",6,6,14,4.32049379893857,8,20,0,0
"659daa1ed4e13d6428103c1f",102,"experience",2,2,30,4,26,34,0,0
"659daa1ed4e13d6428103c1f",103,"experience",12,12,24.3333333333333,5.45180907793204,15,33,-0.206282093856245,0
"659daa1ed4e13d6428103c1f",104,"experience",8,8,16,5.47722557505166,8,24,0,0
"659daa1ed4e13d6428103c1f",105,"experience",12,12,20.3333333333333,5.45180907793204,11,29,-0.206282093856245,0
"659daa1ed4e13d6428103c1f",106,"experience",8,8,24,5.47722557505166,16,32,0,0
"659daa1ed4e13d6428103c1f",107,"experience",6,6,16,4.32049379893857,10,22,0,0
"659daa1ed4e13d6428103c1f",108,"experience",12,12,23.3333333333333,5.45180907793204,14,32,-0.206282093856245,0
"659daa1ed4e13d6428103c1f",109,"experience",6,6,34,4.32049379893857,28,40,0,0
"659daa1ed4e13d6428103c1f",110,"experience",2,2,34,4,30,38,0,0
"659daa1ed4e13d6428103c1f",111,"experience",6,6,32,4.32049379893857,26,38,0,0
"659daa1ed4e13d6428103c1f",112,"experience",12,12,29.3333333333333,5.45180907793204,20,38,-0.206282093856245,0
"659daa1ed4e13d6428103c1f",113,"experience",2,2,33,4,29,37,0,0
"659daa1ed4e13d6428103c1f",114,"experience",6,6,20,4.32049379893857,14,26,0,0
"659daa1ed4e13d6428103c1f",115,"experience",8,8,20,5.47722557505166,12,28,0,0
"659daa1ed4e13d6428103c1f",116,"experience",12,12,17.3333333333333,5.45180907793204,8,26,-0.206282093856245,0
"67ef4c37f1e3a6b457d0e046",1,"experience",8,8,11.75,4.57575130443078,5,18,-0.0499061670449835,0
"67ef4c37f1e3a6b457d0e046",2,"experience",4,4,40.75,6.94172168845741,29,47,-0.995783419747528,0
"67ef4c37f1e3a6b457d0e046",3,"experience",5,5,12.2,6.61513416341649,3,20,-0.0900378460558124,0
"67ef4c37f1e3a6b457d0e046",4,"experience",3,3,38,3.55902608401044,35,43,0.665468866123835,0
"67ef4c37f1e3a6b457d0e046",5,"experience",6,6,42.8333333333333,4.01732359773132,35,47,-0.957699688520401,0
"67ef4c37f1e3a6b457d0e046",6,"experience",9,9,8.44444444444444,5.81398908975606,1,19,0.522167080928727,1
"67ef4c37f1e3a6b457d0e046",7,"experience",2,2,40.5,3.5,37,44,0,0
"67ef4c37f1e3a6b457d0e046",8,"experience",11,11,38.2727272727273,5.97100431769928,30,47,0.0050820891707256,0
"67ef4c37f1e3a6b457d0e046",9,"experience",11,11,10.7272727272727,4.67276264578051,1,17,-0.517025691622854,1
"67ef4c37f1e3a6b457d0e046",10,"experience",11,11,38.2727272727273,6.12136213437543,30,47,0.105241844696431,0
"67ef4c37f1e3a6b457d0e046",11,"experience",3,3,5.33333333333333,3.09120616516523,1,8,-0.652012117044046,1
"67ef4c37f1e3a6b457d0e046",12,"experience",10,10,36.9,5.53985559378582,29,46,0.0853320568964913,0
"67ef4c37f1e3a6b457d0e046",13,"experience",10,10,8.3,5.65773806392625,1,18,0.501722225628877,1
"67ef4c37f1e3a6b457d0e046",14,"experience",11,11,38.0909090909091,6.06711771398676,29,47,-0.0201243142149074,0
"67ef4c37f1e3a6b457d0e046",15,"experience",9,9,36.2222222222222,5.65248770754529,29,47,0.448010108250878,0
"67ef4c37f1e3a6b457d0e046",16,"experience",5,5,38,5.89915248150105,30,48,0.450093877403469,0
"67ef4c37f1e3a6b457d0e046",17,"experience",8,8,6.125,4.39992897669951,1,14,0.655827227125728,1
"67ef4c37f1e3a6b457d0e046",18,"experience",4,4,11,5.61248608016091,3,18,-0.212112096755892,0
"67ef4c37f1e3a6b457d0e046",19,"experience",8,8,9.375,4.09076704298839,3,16,0.069330138430705,0
"67ef4c37f1e3a6b457d0e046",20,"experience",12,12,12.25,5.50946155868853,2,20,-0.266279304802858,0
"67ef4c37f1e3a6b457d0e046",21,"experience",6,6,17,4.32049379893857,11,23,0,0
"67ef4c37f1e3a6b457d0e046",22,"experience",2,2,28,4,24,32,0,0
"67ef4c37f1e3a6b457d0e046",23,"experience",6,6,32,4.32049379893857,26,38,0,0
"67ef4c37f1e3a6b457d0e046",24,"experience",2,2,32,4,28,36,0,0
"67ef4c37f1e3a6b457d0e046",25,"experience",8,8,32,5.47722557505166,24,40,0,0
"67ef4c37f1e3a6b457d0e046",26,"experience",8,8,36,5.47722557505166,28,44,0,0
"67ef4c37f1e3a6b457d0e046",27,"experience",6,6,19,4.32049379893857,13,25,0,0
"67ef4c37f1e3a6b457d0e046",28,"experience",12,12,27.3333333333333,5.45180907793204,18,36,-0.206282093856245,0
"67ef4c37f1e3a6b457d0e046",29,"experience",12,12,36.3333333333333,5.45180907793204,27,45,-0.206282093856247,0
"67ef4c37f1e3a6b457d0e046",30,"experience",12,12,34.3333333333333,5.45180907793204,25,43,-0.206282093856247,0
"67ef4c37f1e3a6b457d0e046",31,"experience",12,12,23.3333333333333,5.45180907793204,14,32,-0.206282093856245,0
"67ef4c37f1e3a6b457d0e046",32,"experience",2,2,33,4,29,37,0,0
"67ef4c37f1e3a6b457d0e046",33,"experience",2,2,15,4,11,19,0,0
"67ef4c37f1e3a6b457d0e046",34,"experience",12,12,21.3333333333333,5.45180907793204,12,30,-0.206282093856245,0
"67ef4c37f1e3a6b457d0e046",35,"experience",2,2,19,4,15,23,0,0
"67ef4c37f1e3a6b457d0e046",36,"experience",8,8,22,5.47722557505166,14,30,0,0
"67ef4c37f1e3a6b457d0e046",37,"experience",12,12,30.3333333333333,5.45180907793204,21,39,-0.206282093856245,0
"67ef4c37f1e3a6b457d0e046",38,"experience",12,12,14.3333333333333,5.45180907793204,5,23,-0.206282093856245,0
"67ef4c37f1e3a6b457d0e046",39,"experience",8,8,29,5.47722557505166,21,37,0,0
"67ef4c37f1e3a6b457d0e046",40,"experience",8,8,32,5.47722557505166,24,40,0,0
"67ef4c37f1e3a6b457d0e046",41,"experience",8,8,28,5.47722557505166,20,36,0,0
"67ef4c37f1e3a6b457d0e046",42,"experience",12,12,34.3333333333333,5.45180907793204,25,43,-0.206282093856247,0
"67ef4c37f1e3a6b457d0e046",43,"experience",2,2,17,4,13,21,0,0
"67ef4c37f1e3a6b457d0e046",44,"experience",12,12,35.3333333333333,5.45180907793204,26,44,-0.206282093856247,0
"67ef4c37f1e3a6b457d0e046",45,"experience",8,8,21,5.47722557505166,13,29,0,0
"67ef4c37f1e3a6b457d0e046",46,"experience",6,6,33,4.32049379893857,27,39,0,0
"67ef4c37f1e3a6b457d0e046",47,"experience",8,8,23,5.47722557505166,15,31,0,0
"67ef4c37f1e3a6b457d0e046",48,"experience",2,2,15,4,11,19,0,0
"67ef4c37f1e3a6b457d0e046",49,"experience",6,6,32,4.32049379893857,26,38,0,0
"67ef4c37f1e3a6b457d0e046",50,"experience",2,2,20,4,16,24,0,0
"67ef4c37f1e3a6b457d0e046",51,"experience",6,6,35,4.32049379893857,29,41,0,0
"67ef4c37f1e3a6b457d0e046",52,"experience",2,2,22,4,18,26,0,0
"67ef4c37f1e3a6b457d0e046",53,"experience",6,6,26,4.32049379893857,20,32,0,0
"67ef4c37f1e3a6b457d0e046",54,"experience",2,2,28,4,24,32,0,0
"67ef4c37f1e3a6b457d0e046",55,"experience",8,8,16,5.47722557505166,8,24,0,0
"67ef4c37f1e3a6b457d0e046",56,"experience",6,6,15,4.32049379893857,9,21,0,0
"67ef4c37f1e3a6b457d0e046",57,"experience",12,12,26.3333333333333,5.45180907793204,17,35,-0.206282093856245,0
"67ef4c37f1e3a6b457d0e046",58,"experience",8,8,19,5.47722557505166,11,27,0,0
"67ef4c37f1e3a6b457d0e046",59,"experience",8,8,24,5.47722557505166,16,32,0,0
"67ef4c37f1e3a6b457d0e046",60,"experience",2,2,24,4,20,28,0,0
"67ef4c37f1e3a6b457d0e046",61,"experience",2,2,19,4,15,23,0,0
"67ef4c37f1e3a6b457d0e046",62,"experience",6,6,20,4.32049379893857,14,26,0,0
"67ef4c37f1e3a6b457d0e046",63,"experience",6,6,28,4.32049379893857,22,34,0,0
"67ef4c37f1e3a6b457d0e046",64,"experience",6,6,36,4.32049379893857,30,42,0,0
"67ef4c37f1e3a6b457d0e046",65,"experience",6,6,23,4.32049379893857,17,29,0,0
"67ef4c37f1e3a6b457d0e046",66,"experience",12,12,22.3333333333333,5.45180907793204,13,31,-0.206282093856245,0
"67ef4c37f1e3a6b457d0e046",67,"experience",8,8,16,5.47722557505166,8,24,0,0
"67ef4c37f1e3a6b457d0e046",68,"experience",12,12,29.3333333333333,5.45180907793204,20,38,-0.206282093856245,0
"67ef4c37f1e3a6b457d0e046",69,"experience",6,6,36,4.32049379893857,30,42,0,0
"67ef4c37f1e3a6b457d0e046",70,"experience",2,2,20,4,16,24,0,0
"67ef4c37f1e3a6b457d0e046",71,"experience",8,8,24,5.47722557505166,16,32,0,0
"67ef4c37f1e3a6b457d0e046",72,"experience",2,2,29,4,25,33,0,0
"67ef4c37f1e3a6b457d0e046",73,"experience",12,12,36.3333333333333,5.45180907793204,27,45,-0.206282093856247,0
"67ef4c37f1e3a6b457d0e046",74,"experience",2,2,32,4,28,36,0,0
"67ef4c37f1e3a6b457d0e046",75,"experience",8,8,22,5.47722557505166,14,30,0,0
"67ef4c37f1e3a6b457d0e046",76,"experience",12,12,25.3333333333333,5.45180907793204,16,34,-0.206282093856245,0
"67ef4c37f1e3a6b457d0e046",77,"experience",8,8,18,5.47722557505166,10,26,0,0
"67ef4c37f1e3a6b457d0e046",78,"experience",12,12,22.3333333333333,5.45180907793204,13,31,-0.206282093856245,0
"67ef4c37f1e3a6b457d0e046",79,"experience",12,12,28.3333333333333,5.45180907793204,19,37,-0.206282093856245,0
"67ef4c37f1e3a6b457d0e046",80,"experience",12,12,33.3333333333333,5.45180907793204,24,42,-0.206282093856247,0
"67ef4c37f1e3a6b457d0e046",81,"experience",6,6,17,4.32049379893857,11,23,0,0
"67ef4c37f1e3a6b457d0e046",82,"experience",6,6,17,4.32049379893857,11,23,0,0
"67ef4c37f1e3a6b457d0e046",83,"experience",6,6,30,4.32049379893857,24,36,0,0
"67ef4c37f1e3a6b457d0e046",84,"experience",6,6,30,4.32049379893857,24,36,0,0
"67ef4c37f1e3a6b457d0e046",85,"experience",2,2,27,4,23,31,0,0
"67ef4c37f1e3a6b457d0e046",86,"experience",12,12,36.3333333333333,5.45180907793204,27,45,-0.206282093856247,0
"67ef4c37f1e3a6b457d0e046",87,"experience",12,12,32.3333333333333,5.45180907793204,23,41,-0.206282093856247,0
"67ef4c37f1e3a6b457d0e046",88,"experience",2,2,21,4,17,25,0,0
"67ef4c37f1e3a6b457d0e046",89,"experience",8,8,29,5.47722557505166,21,37,0,0
"67ef4c37f1e3a6b457d0e046",90,"experience",2,2,26,4,22,30,0,0
"67ef4c37f1e3a6b457d0e046",91,"experience",8,8,29,5.47722557505166,21,37,0,0
"67ef4c37f1e3a6b457d0e046",92,"experience",6,6,26,4.32049379893857,20,32,0,0
"67ef4c37f1e3a6b457d0e046",93,"experience",12,12,27.3333333333333,5.45180907793204,18,36,-0.206282093856245,0
"67ef4c37f1e3a6b457d0e046",94,"experience",8,8,36,5.47722557505166,28,44,0,0
"67ef4c37f1e3a6b457d0e046",95,"experience",6,6,23,4.32049379893857,17,29,0,0
"67ef4c37f1e3a6b457d0e046",96,"experience",2,2,16,4,12,20,0,0
"67ef4c37f1e3a6b457d0e046",97,"experience",8,8,36,5.47722557505166,28,44,0,0
"67ef4c37f1e3a6b457d0e046",98,"experience",12,12,35.3333333333333,5.45180907793204,26,44,-0.206282093856247,0
"67ef4c37f1e3a6b457d0e046",99,"experience",12,12,30.3333333333333,5.45180907793204,21,39,-0.206282093856245,0
"67ef4c37f1e3a6b457d0e046",100,"experience",8,8,23,5.47722557505166,15,31,0,0
"67ef4c37f1e3a6b457d0e046",101,"experience",2,2,27,4,23,31,0,0
"67ef4c37f1e3a6b457d0e046",102,"experience",6,6,35,4.32049379893857,29,41,0,0
"67ef4c37f1e3a6b457d0e046",103,"experience",2,2,25,4,21,29,0,0
"67ef4c37f1e3a6b457d0e046",104,"experience",6,6,14,4.32049379893857,8,20,0,0
"67ef4c37f1e3a6b457d0e046",105,"experience",2,2,25,4,21,29,0,0
"67ef4c37f1e3a6b457d0e046",106,"experience",8,8,22,5.47722557505166,14,30,0,0
"67ef4c37f1e3a6b457d0e046",107,"experience",6,6,18,4.32049379893857,12,24,0,0
"67ef4c37f1e3a6b457d0e046",108,"experience",8,8,15,5.47722557505166,7,23,0,0
"67ef4c37f1e3a6b457d0e046",109,"experience",12,12,23.3333333333333,5.45180907793204,14,32,-0.206282093856245,0
"67ef4c37f1e3a6b457d0e046",110,"experience",2,2,17,4,13,21,0,0
"67ef4c37f1e3a6b457d0e046",111,"experience",2,2,19,4,15,23,0,0
"67ef4c37f1e3a6b457d0e046",112,"experience",8,8,36,5.47722557505166,28,44,0,0
"67ef4c37f1e3a6b457d0e046",113,"experience",6,6,17,4.32049379893857,11,23,0,0
"67ef4c37f1e3a6b457d0e046",114,"experience",8,8,33,5.47722557505166,25,41,0,0
"67ef4c37f1e3a6b457d0e046",115,"experience",12,12,30.3333333333333,5.45180907793204,21,39,-0.206282093856245,0
"67ef4c37f1e3a6b457d0e046",116,"experience",6,6,22,4.32049379893857,16,28,0,0
"663299ea88551960f4132bb7",1,"experience",4,4,13.25,4.02336923485777,9,19,0.323879993861629,0
"663299ea88551960f4132bb7",2,"experience",5,5,35.2,6.27375485654325,29,47,1.07629946958284,0
"663299ea88551960f4132bb7",3,"experience",7,7,9.71428571428571,5.67486401886892,2,17,-0.0286194932977983,0
"663299ea88551960f4132bb7",4,"experience",12,12,10.0833333333333,5.42307313450798,1,19,0.108033155652192,1
"663299ea88551960f4132bb7",5,"experience",7,7,37,5.78174466995659,29,45,0,0
"663299ea88551960f4132bb7",6,"experience",2,2,39.5,2.5,37,42,0,0
"663299ea88551960f4132bb7",7,"experience",12,12,35.8333333333333,5.30461015427985,29,48,0.746369099549431,0
"663299ea88551960f4132bb7",8,"experience",4,4,9.5,3.64005494464026,4,14,-0.373206060539834,0
"663299ea88551960f4132bb7",9,"experience",5,5,13,5.09901951359278,3,17,-1.3577270894182,0
"663299ea88551960f4132bb7",10,"experience",5,5,12.6,5.31413210223457,4,19,-0.408126573669517,0
"663299ea88551960f4132bb7",11,"experience",10,10,9,6.27694193059009,1,20,0.373617868526968,1
"663299ea88551960f4132bb7",12,"experience",4,4,37.75,4.32290411644765,34,45,0.950448018622778,0
"663299ea88551960f4132bb7",13,"experience",6,6,42,4.43471156521669,35,48,-0.171986803017596,0
"663299ea88551960f4132bb7",14,"experience",8,8,36.125,5.4643732485986,30,46,0.635413221221622,0
"663299ea88551960f4132bb7",15,"experience",3,3,40.3333333333333,3.85861230093008,35,44,-0.567316577993731,0
"663299ea88551960f4132bb7",16,"experience",7,7,12.4285714285714,5.36808406515884,5,20,-0.026687703764302,0
"663299ea88551960f4132bb7",17,"experience",5,5,36.6,4.88262224629348,32,46,1.22225003980794,0
"663299ea88551960f4132bb7",18,"experience",10,10,10.2,5.2687759489278,1,19,-0.169997214174891,1
"663299ea88551960f4132bb7",19,"experience",5,5,12,3.40587727318528,6,16,-0.728963031121701,0
"663299ea88551960f4132bb7",20,"experience",4,4,38.5,4.27200187265877,33,44,0,0
"663299ea88551960f4132bb7",21,"experience",8,8,30,5.47722557505166,22,38,0,0
"663299ea88551960f4132bb7",22,"experience",8,8,15,5.47722557505166,7,23,0,0
"663299ea88551960f4132bb7",23,"experience",12,12,15.3333333333333,5.45180907793204,6,24,-0.206282093856245,0
"663299ea88551960f4132bb7",24,"experience",6,6,15,4.32049379893857,9,21,0,0
"663299ea88551960f4132bb7",25,"experience",8,8,28,5.47722557505166,20,36,0,0
"663299ea88551960f4132bb7",26,"experience",8,8,26,5.47722557505166,18,34,0,0
"663299ea88551960f4132bb7",27,"experience",8,8,23,5.47722557505166,15,31,0,0
"663299ea88551960f4132bb7",28,"experience",2,2,17,4,13,21,0,0
"663299ea88551960f4132bb7",29,"experience",2,2,30,4,26,34,0,0
"663299ea88551960f4132bb7",30,"experience",6,6,20,4.32049379893857,14,26,0,0
"663299ea88551960f4132bb7",31,"experience",12,12,30.3333333333333,5.45180907793204,21,39,-0.206282093856245,0
"663299ea88551960f4132bb7",32,"experience",2,2,17,4,13,21,0,0
"663299ea88551960f4132bb7",33,"experience",6,6,16,4.32049379893857,10,22,0,0
"663299ea88551960f4132bb7",34,"experience",6,6,36,4.32049379893857,30,42,0,0
"663299ea88551960f4132bb7",35,"experience",6,6,32,4.32049379893857,26,38,0,0
"663299ea88551960f4132bb7",36,"experience",6,6,30,4.32049379893857,24,36,0,0
"663299ea88551960f4132bb7",37,"experience",12,12,35.3333333333333,5.45180907793204,26,44,-0.206282093856247,0
"663299ea88551960f4132bb7",38,"experience",12,12,30.3333333333333,5.45180907793204,21,39,-0.206282093856245,0
"663299ea88551960f4132bb7",39,"experience",8,8,35,5.47722557505166,27,43,0,0
"663299ea88551960f4132bb7",40,"experience",12,12,18.3333333333333,5.45180907793204,9,27,-0.206282093856245,0
"663299ea88551960f4132bb7",41,"experience",2,2,27,4,23,31,0,0
"663299ea88551960f4132bb7",42,"experience",6,6,20,4.32049379893857,14,26,0,0
"663299ea88551960f4132bb7",43,"experience",8,8,24,5.47722557505166,16,32,0,0
"663299ea88551960f4132bb7",44,"experience",2,2,25,4,21,29,0,0
"663299ea88551960f4132bb7",45,"experience",6,6,24,4.32049379893857,18,30,0,0
"663299ea88551960f4132bb7",46,"experience",8,8,31,5.47722557505166,23,39,0,0
"663299ea88551960f4132bb7",47,"experience",8,8,20,5.47722557505166,12,28,0,0
"663299ea88551960f4132bb7",48,"experience",2,2,19,4,15,23,0,0
"663299ea88551960f4132bb7",49,"experience",2,2,21,4,17,25,0,0
"663299ea88551960f4132bb7",50,"experience",2,2,18,4,14,22,0,0
"663299ea88551960f4132bb7",51,"experience",12,12,14.3333333333333,5.45180907793204,5,23,-0.206282093856245,0
"663299ea88551960f4132bb7",52,"experience",12,12,21.3333333333333,5.45180907793204,12,30,-0.206282093856245,0
"663299ea88551960f4132bb7",53,"experience",2,2,25,4,21,29,0,0
"663299ea88551960f4132bb7",54,"experience",12,12,18.3333333333333,5.45180907793204,9,27,-0.206282093856245,0
"663299ea88551960f4132bb7",55,"experience",6,6,22,4.32049379893857,16,28,0,0
"663299ea88551960f4132bb7",56,"experience",12,12,22.3333333333333,5.45180907793204,13,31,-0.206282093856245,0
"663299ea88551960f4132bb7",57,"experience",6,6,24,4.32049379893857,18,30,0,0
"663299ea88551960f4132bb7",58,"experience",2,2,21,4,17,25,0,0
"663299ea88551960f4132bb7",59,"experience",8,8,28,5.47722557505166,20,36,0,0
"663299ea88551960f4132bb7",60,"experience",12,12,14.3333333333333,5.45180907793204,5,23,-0.206282093856245,0
"663299ea88551960f4132bb7",61,"experience",2,2,29,4,25,33,0,0
"663299ea88551960f4132bb7",62,"experience",8,8,32,5.47722557505166,24,40,0,0
"663299ea88551960f4132bb7",63,"experience",12,12,27.3333333333333,5.45180907793204,18,36,-0.206282093856245,0
"663299ea88551960f4132bb7",64,"experience",2,2,14,4,10,18,0,0
"663299ea88551960f4132bb7",65,"experience",12,12,15.3333333333333,5.45180907793204,6,24,-0.206282093856245,0
"663299ea88551960f4132bb7",66,"experience",6,6,19,4.32049379893857,13,25,0,0
"663299ea88551960f4132bb7",67,"experience",6,6,23,4.32049379893857,17,29,0,0
"663299ea88551960f4132bb7",68,"experience",8,8,19,5.47722557505166,11,27,0,0
"663299ea88551960f4132bb7",69,"experience",2,2,30,4,26,34,0,0
"663299ea88551960f4132bb7",70,"experience",12,12,36.3333333333333,5.45180907793204,27,45,-0.206282093856247,0
"663299ea88551960f4132bb7",71,"experience",2,2,24,4,20,28,0,0
"663299ea88551960f4132bb7",72,"experience",8,8,27,5.47722557505166,19,35,0,0
"663299ea88551960f4132bb7",73,"experience",2,2,15,4,11,19,0,0
"663299ea88551960f4132bb7",74,"experience",6,6,18,4.32049379893857,12,24,0,0
"663299ea88551960f4132bb7",75,"experience",12,12,32.3333333333333,5.45180907793204,23,41,-0.206282093856247,0
"663299ea88551960f4132bb7",76,"experience",8,8,24,5.47722557505166,16,32,0,0
"663299ea88551960f4132bb7",77,"experience",8,8,35,5.47722557505166,27,43,0,0
"663299ea88551960f4132bb7",78,"experience",12,12,35.3333333333333,5.45180907793204,26,44,-0.206282093856247,0
"663299ea88551960f4132bb7",79,"experience",2,2,23,4,19,27,0,0
"663299ea88551960f4132bb7",80,"experience",6,6,26,4.32049379893857,20,32,0,0
"663299ea88551960f4132bb7",81,"experience",8,8,34,5.47722557505166,26,42,0,0
"663299ea88551960f4132bb7",82,"experience",12,12,28.3333333333333,5.45180907793204,19,37,-0.206282093856245,0
"663299ea88551960f4132bb7",83,"experience",6,6,20,4.32049379893857,14,26,0,0
"663299ea88551960f4132bb7",84,"experience",6,6,33,4.32049379893857,27,39,0,0
"663299ea88551960f4132bb7",85,"experience",12,12,15.3333333333333,5.45180907793204,6,24,-0.206282093856245,0
"663299ea88551960f4132bb7",86,"experience",8,8,15,5.47722557505166,7,23,0,0
"663299ea88551960f4132bb7",87,"experience",6,6,36,4.32049379893857,30,42,0,0
"663299ea88551960f4132bb7",88,"experience",2,2,35,4,31,39,0,0
"663299ea88551960f4132bb7",89,"experience",12,12,29.3333333333333,5.45180907793204,20,38,-0.206282093856245,0
"663299ea88551960f4132bb7",90,"experience",8,8,34,5.47722557505166,26,42,0,0
"663299ea88551960f4132bb7",91,"experience",6,6,36,4.32049379893857,30,42,0,0
"663299ea88551960f4132bb7",92,"experience",6,6,29,4.32049379893857,23,35,0,0
"663299ea88551960f4132bb7",93,"experience",8,8,35,5.47722557505166,27,43,0,0
"663299ea88551960f4132bb7",94,"experience",2,2,20,4,16,24,0,0
"663299ea88551960f4132bb7",95,"experience",2,2,34,4,30,38,0,0
"663299ea88551960f4132bb7",96,"experience",6,6,29,4.32049379893857,23,35,0,0
"663299ea88551960f4132bb7",97,"experience",12,12,31.3333333333333,5.45180907793204,22,40,-0.206282093856245,0
"663299ea88551960f4132bb7",98,"experience",2,2,15,4,11,19,0,0
"663299ea88551960f4132bb7",99,"experience",2,2,25,4,21,29,0,0
"663299ea88551960f4132bb7",100,"experience",12,12,19.3333333333333,5.45180907793204,10,28,-0.206282093856245,0
"663299ea88551960f4132bb7",101,"experience",6,6,31,4.32049379893857,25,37,0,0
"663299ea88551960f4132bb7",102,"experience",12,12,27.3333333333333,5.45180907793204,18,36,-0.206282093856245,0
"663299ea88551960f4132bb7",103,"experience",12,12,27.3333333333333,5.45180907793204,18,36,-0.206282093856245,0
"663299ea88551960f4132bb7",104,"experience",8,8,22,5.47722557505166,14,30,0,0
"663299ea88551960f4132bb7",105,"experience",8,8,35,5.47722557505166,27,43,0,0
"663299ea88551960f4132bb7",106,"experience",2,2,26,4,22,30,0,0
"663299ea88551960f4132bb7",107,"experience",8,8,21,5.47722557505166,13,29,0,0
"663299ea88551960f4132bb7",108,"experience",12,12,18.3333333333333,5.45180907793204,9,27,-0.206282093856245,0
"663299ea88551960f4132bb7",109,"experience",8,8,14,5.47722557505166,6,22,0,0
"663299ea88551960f4132bb7",110,"experience",6,6,32,4.32049379893857,26,38,0,0
"663299ea88551960f4132bb7",111,"experience",12,12,28.3333333333333,5.45180907793204,19,37,-0.206282093856245,0
"663299ea88551960f4132bb7",112,"experience",8,8,36,5.47722557505166,28,44,0,0
"663299ea88551960f4132bb7",113,"experience",2,2,14,4,10,18,0,0
"663299ea88551960f4132bb7",114,"experience",6,6,19,4.32049379893857,13,25,0,0
"663299ea88551960f4132bb7",115,"experience",2,2,19,4,15,23,0,0
"663299ea88551960f4132bb7",116,"experience",6,6,21,4.32049379893857,15,27,0,0
"66572be86b6f84a5be724517",1,"experience",12,12,9.5,5.88075958812578,2,20,0.491699451699877,0
"66572be86b6f84a5be724517",2,"experience",10,10,8.9,5.85576638878294,1,19,0.436207754727782,1
"66572be86b6f84a5be724517",3,"experience",3,3,39,4.96655480858378,32,43,-0.685667537488922,0
"66572be86b6f84a5be724517",4,"experience",2,2,39.5,3.5,36,43,0,0
"66572be86b6f84a5be724517",5,"experience",2,2,39.5,3.5,36,43,0,0
"66572be86b6f84a5be724517",6,"experience",6,6,8,5.47722557505166,2,18,0.669438681395203,0
"66572be86b6f84a5be724517",7,"experience",9,9,38.1111111111111,4.74796902649367,29,45,-0.46157716761413,0
"66572be86b6f84a5be724517",8,"experience",12,12,36.6666666666667,4.95535624910617,30,48,0.692457287937382,0
"66572be86b6f84a5be724517",9,"experience",6,6,38.6666666666667,6.82316316348624,30,48,0.23062439956555,0
"66572be86b6f84a5be724517",10,"experience",2,2,9,4,5,13,0,0
"66572be86b6f84a5be724517",11,"experience",10,10,38.2,5.72363520850167,30,47,0.033790866531694,0
"66572be86b6f84a5be724517",12,"experience",11,11,12,4.88038746598893,5,20,0.103232949720528,0
"66572be86b6f84a5be724517",13,"experience",5,5,34.8,4.57820925690384,29,41,0.129054759514438,0
"66572be86b6f84a5be724517",14,"experience",4,4,40.75,6.53356717268599,32,48,-0.176473499644887,0
"66572be86b6f84a5be724517",15,"experience",5,5,39.8,4.35430821141545,32,45,-0.78025444903588,0
"66572be86b6f84a5be724517",16,"experience",11,11,10.9090909090909,5.21282588612053,3,19,0.15180005052921,0
"66572be86b6f84a5be724517",17,"experience",12,12,37.8333333333333,6.12145589073565,29,48,0.183421564671099,0
"66572be86b6f84a5be724517",18,"experience",6,6,39.1666666666667,4.13991411612474,34,47,0.741225898712763,0
"66572be86b6f84a5be724517",19,"experience",5,5,39,4.85798312059645,31,44,-0.596606660170923,0
"66572be86b6f84a5be724517",20,"experience",7,7,11.8571428571429,5.11101251999952,4,19,-0.385852745726771,0
"66572be86b6f84a5be724517",21,"experience",12,12,24.3333333333333,5.45180907793204,15,33,-0.206282093856245,0
"66572be86b6f84a5be724517",22,"experience",6,6,26,4.32049379893857,20,32,0,0
"66572be86b6f84a5be724517",23,"experience",2,2,36,4,32,40,0,0
"66572be86b6f84a5be724517",24,"experience",8,8,29,5.47722557505166,21,37,0,0
"66572be86b6f84a5be724517",25,"experience",6,6,24,4.32049379893857,18,30,0,0
"66572be86b6f84a5be724517",26,"experience",6,6,20,4.32049379893857,14,26,0,0
"66572be86b6f84a5be724517",27,"experience",8,8,15,5.47722557505166,7,23,0,0
"66572be86b6f84a5be724517",28,"experience",8,8,22,5.47722557505166,14,30,0,0
"66572be86b6f84a5be724517",29,"experience",6,6,31,4.32049379893857,25,37,0,0
"66572be86b6f84a5be724517",30,"experience",12,12,34.3333333333333,5.45180907793204,25,43,-0.206282093856247,0
"66572be86b6f84a5be724517",31,"experience",8,8,32,5.47722557505166,24,40,0,0
"66572be86b6f84a5be724517",32,"experience",6,6,16,4.32049379893857,10,22,0,0
"66572be86b6f84a5be724517",33,"experience",2,2,21,4,17,25,0,0
"66572be86b6f84a5be724517",34,"experience",2,2,28,4,24,32,0,0
"66572be86b6f84a5be724517",35,"experience",6,6,19,4.32049379893857,13,25,0,0
"66572be86b6f84a5be724517",36,"experience",8,8,28,5.47722557505166,20,36,0,0
"66572be86b6f84a5be724517",37,"experience",12,12,15.3333333333333,5.45180907793204,6,24,-0.206282093856245,0
"66572be86b6f84a5be724517",38,"experience",12,12,34.3333333333333,5.45180907793204,25,43,-0.206282093856247,0
"66572be86b6f84a5be724517",39,"experience",2,2,27,4,23,31,0,0
"66572be86b6f84a5be724517",40,"experience",6,6,35,4.32049379893857,29,41,0,0
"66572be86b6f84a5be724517",41,"experience",2,2,20,4,16,24,0,0
"66572be86b6f84a5be724517",42,"experience",8,8,20,5.47722557505166,12,28,0,0
"66572be86b6f84a5be724517",43,"experience",12,12,23.3333333333333,5.45180907793204,14,32,-0.206282093856245,0
"66572be86b6f84a5be724517",44,"experience",12,12,17.3333333333333,5.45180907793204,8,26,-0.206282093856245,0
"66572be86b6f84a5be724517",45,"experience",8,8,26,5.47722557505166,18,34,0,0
"66572be86b6f84a5be724517",46,"experience",6,6,23,4.32049379893857,17,29,0,0
"66572be86b6f84a5be724517",47,"experience",2,2,26,4,22,30,0,0
"66572be86b6f84a5be724517",48,"experience",6,6,28,4.32049379893857,22,34,0,0
"66572be86b6f84a5be724517",49,"experience",6,6,29,4.32049379893857,23,35,0,0
"66572be86b6f84a5be724517",50,"experience",2,2,32,4,28,36,0,0
"66572be86b6f84a5be724517",51,"experience",2,2,21,4,17,25,0,0
"66572be86b6f84a5be724517",52,"experience",8,8,26,5.47722557505166,18,34,0,0
"66572be86b6f84a5be724517",53,"experience",12,12,23.3333333333333,5.45180907793204,14,32,-0.206282093856245,0
"66572be86b6f84a5be724517",54,"experience",6,6,24,4.32049379893857,18,30,0,0
"66572be86b6f84a5be724517",55,"experience",12,12,21.3333333333333,5.45180907793204,12,30,-0.206282093856245,0
"66572be86b6f84a5be724517",56,"experience",12,12,24.3333333333333,5.45180907793204,15,33,-0.206282093856245,0
"66572be86b6f84a5be724517",57,"experience",8,8,30,5.47722557505166,22,38,0,0
"66572be86b6f84a5be724517",58,"experience",2,2,32,4,28,36,0,0
"66572be86b6f84a5be724517",59,"experience",6,6,24,4.32049379893857,18,30,0,0
"66572be86b6f84a5be724517",60,"experience",8,8,28,5.47722557505166,20,36,0,0
"66572be86b6f84a5be724517",61,"experience",8,8,20,5.47722557505166,12,28,0,0
"66572be86b6f84a5be724517",62,"experience",12,12,26.3333333333333,5.45180907793204,17,35,-0.206282093856245,0
"66572be86b6f84a5be724517",63,"experience",8,8,28,5.47722557505166,20,36,0,0
"66572be86b6f84a5be724517",64,"experience",2,2,19,4,15,23,0,0
"66572be86b6f84a5be724517",65,"experience",12,12,32.3333333333333,5.45180907793204,23,41,-0.206282093856247,0
"66572be86b6f84a5be724517",66,"experience",2,2,18,4,14,22,0,0
"66572be86b6f84a5be724517",67,"experience",2,2,33,4,29,37,0,0
"66572be86b6f84a5be724517",68,"experience",12,12,32.3333333333333,5.45180907793204,23,41,-0.206282093856247,0
"66572be86b6f84a5be724517",69,"experience",12,12,30.3333333333333,5.45180907793204,21,39,-0.206282093856245,0
"66572be86b6f84a5be724517",70,"experience",6,6,35,4.32049379893857,29,41,0,0
"66572be86b6f84a5be724517",71,"experience",6,6,27,4.32049379893857,21,33,0,0
"66572be86b6f84a5be724517",72,"experience",6,6,31,4.32049379893857,25,37,0,0
"66572be86b6f84a5be724517",73,"experience",2,2,29,4,25,33,0,0
"66572be86b6f84a5be724517",74,"experience",2,2,33,4,29,37,0,0
"66572be86b6f84a5be724517",75,"experience",8,8,28,5.47722557505166,20,36,0,0
"66572be86b6f84a5be724517",76,"experience",8,8,18,5.47722557505166,10,26,0,0
"66572be86b6f84a5be724517",77,"experience",12,12,25.3333333333333,5.45180907793204,16,34,-0.206282093856245,0
"66572be86b6f84a5be724517",78,"experience",6,6,35,4.32049379893857,29,41,0,0
"66572be86b6f84a5be724517",79,"experience",12,12,33.3333333333333,5.45180907793204,24,42,-0.206282093856247,0
"66572be86b6f84a5be724517",80,"experience",12,12,33.3333333333333,5.45180907793204,24,42,-0.206282093856247,0
"66572be86b6f84a5be724517",81,"experience",2,2,28,4,24,32,0,0
"66572be86b6f84a5be724517",82,"experience",2,2,33,4,29,37,0,0
"66572be86b6f84a5be724517",83,"experience",12,12,20.3333333333333,5.45180907793204,11,29,-0.206282093856245,0
"66572be86b6f84a5be724517",84,"experience",2,2,31,4,27,35,0,0
"66572be86b6f84a5be724517",85,"experience",2,2,14,4,10,18,0,0
"66572be86b6f84a5be724517",86,"experience",6,6,20,4.32049379893857,14,26,0,0
"66572be86b6f84a5be724517",87,"experience",2,2,20,4,16,24,0,0
"66572be86b6f84a5be724517",88,"experience",2,2,16,4,12,20,0,0
"66572be86b6f84a5be724517",89,"experience",8,8,33,5.47722557505166,25,41,0,0
"66572be86b6f84a5be724517",90,"experience",6,6,29,4.32049379893857,23,35,0,0
"66572be86b6f84a5be724517",91,"experience",12,12,15.3333333333333,5.45180907793204,6,24,-0.206282093856245,0
"66572be86b6f84a5be724517",92,"experience",8,8,35,5.47722557505166,27,43,0,0
"66572be86b6f84a5be724517",93,"experience",8,8,16,5.47722557505166,8,24,0,0
"66572be86b6f84a5be724517",94,"experience",2,2,15,4,11,19,0,0
"66572be86b6f84a5be724517",95,"experience",2,2,15,4,11,19,0,0
"66572be86b6f84a5be724517",96,"experience",12,12,32.3333333333333,5.45180907793204,23,41,-0.206282093856247,0
"66572be86b6f84a5be724517",97,"experience",8,8,18,5.47722557505166,10,26,0,0
"66572be86b6f84a5be724517",98,"experience",8,8,31,5.47722557505166,23,39,0,0
"66572be86b6f84a5be724517",99,"experience",8,8,32,5.47722557505166,24,40,0,0
"66572be86b6f84a5be724517",100,"experience",12,12,27.3333333333333,5.45180907793204,18,36,-0.206282093856245,0
"66572be86b6f84a5be724517",101,"experience",12,12,28.3333333333333,5.45180907793204,19,37,-0.206282093856245,0
"66572be86b6f84a5be724517",102,"experience",6,6,25,4.32049379893857,19,31,0,0
"66572be86b6f84a5be724517",103,"experience",2,2,14,4,10,18,0,0
"66572be86b6f84a5be724517",104,"experience",6,6,31,4.32049379893857,25,37,0,0
"66572be86b6f84a5be724517",105,"experience",6,6,24,4.32049379893857,18,30,0,0
"66572be86b6f84a5be724517",106,"experience",6,6,15,4.32049379893857,9,21,0,0
"66572be86b6f84a5be724517",107,"experience",6,6,16,4.32049379893857,10,22,0,0
"66572be86b6f84a5be724517",108,"experience",8,8,15,5.47722557505166,7,23,0,0
"66572be86b6f84a5be724517",109,"experience",12,12,27.3333333333333,5.45180907793204,18,36,-0.206282093856245,0
"66572be86b6f84a5be724517",110,"experience",8,8,31,5.47722557505166,23,39,0,0
"66572be86b6f84a5be724517",111,"experience",6,6,16,4.32049379893857,10,22,0,0
"66572be86b6f84a5be724517",112,"experience",2,2,33,4,29,37,0,0
"66572be86b6f84a5be724517",113,"experience",8,8,20,5.47722557505166,12,28,0,0
"66572be86b6f84a5be724517",114,"experience",12,12,36.3333333333333,5.45180907793204,27,45,-0.206282093856247,0
"66572be86b6f84a5be724517",115,"experience",12,12,36.3333333333333,5.45180907793204,27,45,-0.206282093856247,0
"66572be86b6f84a5be724517",116,"experience",8,8,28,5.47722557505166,20,36,0,0
"671d0d96e4bdbdca47815da2",1,"experience",11,11,11.1818181818182,6.58949828160732,1,20,-0.0173461647409894,1
"671d0d96e4bdbdca47815da2",2,"experience",10,10,13.9,4.59238500128201,4,20,-0.641918613154681,0
"671d0d96e4bdbdca47815da2",3,"experience",9,9,37.5555555555556,4.69304712932064,30,44,-0.190175214747835,0
"671d0d96e4bdbdca47815da2",4,"experience",6,6,8.5,4.03112887414927,2,15,0,0
"671d0d96e4bdbdca47815da2",5,"experience",7,7,9.85714285714286,4.48580527660217,5,19,0.948611912429838,0
"671d0d96e4bdbdca47815da2",6,"experience",3,3,39.6666666666667,2.62466929133727,36,42,-0.630903856710621,0
"671d0d96e4bdbdca47815da2",7,"experience",4,4,8,3.53553390593274,2,11,-1.01823376490863,0
"671d0d96e4bdbdca47815da2",8,"experience",4,4,36.75,5.44862367942584,32,46,1.01715691690822,0
"671d0d96e4bdbdca47815da2",9,"experience",4,4,38.25,3.56195171219375,33,43,-0.205372546486747,0
"671d0d96e4bdbdca47815da2",10,"experience",11,11,12.7272727272727,4.78807057536862,5,20,-0.0798750551339669,0
"671d0d96e4bdbdca47815da2",11,"experience",2,2,8,1,7,9,0,0
"671d0d96e4bdbdca47815da2",12,"experience",8,8,14,4.84767985741633,6,20,-0.526683189578958,0
"671d0d96e4bdbdca47815da2",13,"experience",8,8,8,4.74341649025257,2,16,0.379473319220206,0
"671d0d96e4bdbdca47815da2",14,"experience",8,8,10.875,6.79038842777054,1,20,-0.105659442361074,1
"671d0d96e4bdbdca47815da2",15,"experience",6,6,36.1666666666667,5.33593686452737,30,43,0.104826876272549,0
"671d0d96e4bdbdca47815da2",16,"experience",5,5,36.8,6.04648658313239,30,45,0.310070296268348,0
"671d0d96e4bdbdca47815da2",17,"experience",3,3,12,3.2659863237109,8,16,0,0
"671d0d96e4bdbdca47815da2",18,"experience",8,8,8.375,5.89358761706314,1,18,0.319945617658266,1
"671d0d96e4bdbdca47815da2",19,"experience",12,12,10.75,5.83273806486571,1,19,-0.222837891500853,1
"671d0d96e4bdbdca47815da2",20,"experience",9,9,11,5.47722557505166,1,18,-0.340805146892103,1
"671d0d96e4bdbdca47815da2",21,"experience",2,2,19,4,15,23,0,0
"671d0d96e4bdbdca47815da2",22,"experience",8,8,21,5.47722557505166,13,29,0,0
"671d0d96e4bdbdca47815da2",23,"experience",12,12,17.3333333333333,5.45180907793204,8,26,-0.206282093856245,0
"671d0d96e4bdbdca47815da2",24,"experience",2,2,15,4,11,19,0,0
"671d0d96e4bdbdca47815da2",25,"experience",12,12,29.3333333333333,5.45180907793204,20,38,-0.206282093856245,0
"671d0d96e4bdbdca47815da2",26,"experience",8,8,22,5.47722557505166,14,30,0,0
"671d0d96e4bdbdca47815da2",27,"experience",6,6,26,4.32049379893857,20,32,0,0
"671d0d96e4bdbdca47815da2",28,"experience",12,12,20.3333333333333,5.45180907793204,11,29,-0.206282093856245,0
"671d0d96e4bdbdca47815da2",29,"experience",6,6,31,4.32049379893857,25,37,0,0
"671d0d96e4bdbdca47815da2",30,"experience",2,2,35,4,31,39,0,0
"671d0d96e4bdbdca47815da2",31,"experience",2,2,34,4,30,38,0,0
"671d0d96e4bdbdca47815da2",32,"experience",2,2,16,4,12,20,0,0
"671d0d96e4bdbdca47815da2",33,"experience",6,6,31,4.32049379893857,25,37,0,0
"671d0d96e4bdbdca47815da2",34,"experience",2,2,36,4,32,40,0,0
"671d0d96e4bdbdca47815da2",35,"experience",2,2,15,4,11,19,0,0
"671d0d96e4bdbdca47815da2",36,"experience",6,6,36,4.32049379893857,30,42,0,0
"671d0d96e4bdbdca47815da2",37,"experience",8,8,26,5.47722557505166,18,34,0,0
"671d0d96e4bdbdca47815da2",38,"experience",8,8,33,5.47722557505166,25,41,0,0
"671d0d96e4bdbdca47815da2",39,"experience",12,12,14.3333333333333,5.45180907793204,5,23,-0.206282093856245,0
"671d0d96e4bdbdca47815da2",40,"experience",12,12,32.3333333333333,5.45180907793204,23,41,-0.206282093856247,0
"671d0d96e4bdbdca47815da2",41,"experience",6,6,36,4.32049379893857,30,42,0,0
"671d0d96e4bdbdca47815da2",42,"experience",8,8,35,5.47722557505166,27,43,0,0
"671d0d96e4bdbdca47815da2",43,"experience",2,2,31,4,27,35,0,0
"671d0d96e4bdbdca47815da2",44,"experience",8,8,26,5.47722557505166,18,34,0,0
"671d0d96e4bdbdca47815da2",45,"experience",6,6,21,4.32049379893857,15,27,0,0
"671d0d96e4bdbdca47815da2",46,"experience",8,8,21,5.47722557505166,13,29,0,0
"671d0d96e4bdbdca47815da2",47,"experience",6,6,28,4.32049379893857,22,34,0,0
"671d0d96e4bdbdca47815da2",48,"experience",12,12,27.3333333333333,5.45180907793204,18,36,-0.206282093856245,0
"671d0d96e4bdbdca47815da2",49,"experience",2,2,26,4,22,30,0,0
"671d0d96e4bdbdca47815da2",50,"experience",6,6,25,4.32049379893857,19,31,0,0
"671d0d96e4bdbdca47815da2",51,"experience",6,6,17,4.32049379893857,11,23,0,0
"671d0d96e4bdbdca47815da2",52,"experience",2,2,20,4,16,24,0,0
"671d0d96e4bdbdca47815da2",53,"experience",6,6,16,4.32049379893857,10,22,0,0
"671d0d96e4bdbdca47815da2",54,"experience",12,12,17.3333333333333,5.45180907793204,8,26,-0.206282093856245,0
"671d0d96e4bdbdca47815da2",55,"experience",8,8,28,5.47722557505166,20,36,0,0
"671d0d96e4bdbdca47815da2",56,"experience",2,2,29,4,25,33,0,0
"671d0d96e4bdbdca47815da2",57,"experience",6,6,29,4.32049379893857,23,35,0,0
"671d0d96e4bdbdca47815da2",58,"experience",2,2,17,4,13,21,0,0
"671d0d96e4bdbdca47815da2",59,"experience",12,12,17.3333333333333,5.45180907793204,8,26,-0.206282093856245,0
"671d0d96e4bdbdca47815da2",60,"experience",12,12,34.3333333333333,5.45180907793204,25,43,-0.206282093856247,0
"671d0d96e4bdbdca47815da2",61,"experience",6,6,17,4.32049379893857,11,23,0,0
"671d0d96e4bdbdca47815da2",62,"experience",8,8,21,5.47722557505166,13,29,0,0
"671d0d96e4bdbdca47815da2",63,"experience",12,12,15.3333333333333,5.45180907793204,6,24,-0.206282093856245,0
"671d0d96e4bdbdca47815da2",64,"experience",12,12,17.3333333333333,5.45180907793204,8,26,-0.206282093856245,0
"671d0d96e4bdbdca47815da2",65,"experience",8,8,25,5.47722557505166,17,33,0,0
"671d0d96e4bdbdca47815da2",66,"experience",8,8,14,5.47722557505166,6,22,0,0
"671d0d96e4bdbdca47815da2",67,"experience",8,8,30,5.47722557505166,22,38,0,0
"671d0d96e4bdbdca47815da2",68,"experience",12,12,35.3333333333333,5.45180907793204,26,44,-0.206282093856247,0
"671d0d96e4bdbdca47815da2",69,"experience",2,2,17,4,13,21,0,0
"671d0d96e4bdbdca47815da2",70,"experience",12,12,19.3333333333333,5.45180907793204,10,28,-0.206282093856245,0
"671d0d96e4bdbdca47815da2",71,"experience",2,2,20,4,16,24,0,0
"671d0d96e4bdbdca47815da2",72,"experience",6,6,14,4.32049379893857,8,20,0,0
"671d0d96e4bdbdca47815da2",73,"experience",8,8,36,5.47722557505166,28,44,0,0
"671d0d96e4bdbdca47815da2",74,"experience",12,12,27.3333333333333,5.45180907793204,18,36,-0.206282093856245,0
"671d0d96e4bdbdca47815da2",75,"experience",6,6,21,4.32049379893857,15,27,0,0
"671d0d96e4bdbdca47815da2",76,"experience",8,8,33,5.47722557505166,25,41,0,0
"671d0d96e4bdbdca47815da2",77,"experience",6,6,32,4.32049379893857,26,38,0,0
"671d0d96e4bdbdca47815da2",78,"experience",2,2,25,4,21,29,0,0
"671d0d96e4bdbdca47815da2",79,"experience",12,12,32.3333333333333,5.45180907793204,23,41,-0.206282093856247,0
"671d0d96e4bdbdca47815da2",80,"experience",6,6,22,4.32049379893857,16,28,0,0
"671d0d96e4bdbdca47815da2",81,"experience",6,6,18,4.32049379893857,12,24,0,0
"671d0d96e4bdbdca47815da2",82,"experience",8,8,18,5.47722557505166,10,26,0,0
"671d0d96e4bdbdca47815da2",83,"experience",6,6,16,4.32049379893857,10,22,0,0
"671d0d96e4bdbdca47815da2",84,"experience",8,8,33,5.47722557505166,25,41,0,0
"671d0d96e4bdbdca47815da2",85,"experience",2,2,22,4,18,26,0,0
"671d0d96e4bdbdca47815da2",86,"experience",12,12,26.3333333333333,5.45180907793204,17,35,-0.206282093856245,0
"671d0d96e4bdbdca47815da2",87,"experience",2,2,26,4,22,30,0,0
"671d0d96e4bdbdca47815da2",88,"experience",8,8,26,5.47722557505166,18,34,0,0
"671d0d96e4bdbdca47815da2",89,"experience",12,12,22.3333333333333,5.45180907793204,13,31,-0.206282093856245,0
"671d0d96e4bdbdca47815da2",90,"experience",6,6,35,4.32049379893857,29,41,0,0
"671d0d96e4bdbdca47815da2",91,"experience",6,6,33,4.32049379893857,27,39,0,0
"671d0d96e4bdbdca47815da2",92,"experience",12,12,19.3333333333333,5.45180907793204,10,28,-0.206282093856245,0
"671d0d96e4bdbdca47815da2",93,"experience",12,12,15.3333333333333,5.45180907793204,6,24,-0.206282093856245,0
"671d0d96e4bdbdca47815da2",94,"experience",8,8,29,5.47722557505166,21,37,0,0
"671d0d96e4bdbdca47815da2",95,"experience",2,2,21,4,17,25,0,0
"671d0d96e4bdbdca47815da2",96,"experience",12,12,30.3333333333333,5.45180907793204,21,39,-0.206282093856245,0
"671d0d96e4bdbdca47815da2",97,"experience",8,8,32,5.47722557505166,24,40,0,0
"671d0d96e4bdbdca47815da2",98,"experience",6,6,15,4.32049379893857,9,21,0,0
"671d0d96e4bdbdca47815da2",99,"experience",12,12,14.3333333333333,5.45180907793204,5,23,-0.206282093856245,0
"671d0d96e4bdbdca47815da2",100,"experience",6,6,24,4.32049379893857,18,30,0,0
"671d0d96e4bdbdca47815da2",101,"experience",2,2,19,4,15,23,0,0
"671d0d96e4bdbdca47815da2",102,"experience",8,8,33,5.47722557505166,25,41,0,0
"671d0d96e4bdbdca47815da2",103,"experience",12,12,36.3333333333333,5.45180907793204,27,45,-0.206282093856247,0
"671d0d96e4bdbdca47815da2",104,"experience",8,8,25,5.47722557505166,17,33,0,0
"671d0d96e4bdbdca47815da2",105,"experience",12,12,30.3333333333333,5.45180907793204,21,39,-0.206282093856245,0
"671d0d96e4bdbdca47815da2",106,"experience",2,2,26,4,22,30,0,0
"671d0d96e4bdbdca47815da2",107,"experience",2,2,29,4,25,33,0,0
"671d0d96e4bdbdca47815da2",108,"experience",2,2,36,4,32,40,0,0
"671d0d96e4bdbdca47815da2",109,"experience",12,12,33.3333333333333,5.45180907793204,24,42,-0.206282093856247,0
"671d0d96e4bdbdca47815da2",110,"experience",8,8,15,5.47722557505166,7,23,0,0
"671d0d96e4bdbdca47815da2",111,"experience",8,8,14,5.47722557505166,6,22,0,0
"671d0d96e4bdbdca47815da2",112,"experience",2,2,32,4,28,36,0,0
"671d0d96e4bdbdca47815da2",113,"experience",2,2,18,4,14,22,0,0
"671d0d96e4bdbdca47815da2",114,"experience",6,6,31,4.32049379893857,25,37,0,0
"671d0d96e4bdbdca47815da2",115,"experience",6,6,19,4.32049379893857,13,25,0,0
"671d0d96e4bdbdca47815da2",116,"experience",8,8,16,5.47722557505166,8,24,0,0
"6100372e3a116cb5cb36ebea",1,"experience",11,11,9.90909090909091,5.17782940578114,1,19,-0.0658563918349297,1
"6100372e3a116cb5cb36ebea",2,"experience",7,7,39.5714285714286,4.86553896169326,33,48,0.238887259990509,0
"6100372e3a116cb5cb36ebea",3,"experience",3,3,39,5.71547606649408,34,47,0.642723256123866,0
"6100372e3a116cb5cb36ebea",4,"experience",2,2,40,5,35,45,0,0
"6100372e3a116cb5cb36ebea",5,"experience",12,12,10.5833333333333,5.45371942398539,2,20,0.270232508023178,0
"6100372e3a116cb5cb36ebea",6,"experience",6,6,11.3333333333333,6.39444203108363,1,20,-0.403855023421685,1
"6100372e3a116cb5cb36ebea",7,"experience",7,7,39.5714285714286,5.75343730445779,31,47,-0.160919649293249,0
"6100372e3a116cb5cb36ebea",8,"experience",2,2,35.5,0.5,35,36,0,0
"6100372e3a116cb5cb36ebea",9,"experience",5,5,14,4.14728827066554,9,20,0.151401816262804,0
"6100372e3a116cb5cb36ebea",10,"experience",5,5,35.8,5.56417109729742,30,45,0.580402239231945,0
"6100372e3a116cb5cb36ebea",11,"experience",10,10,37.8,5.92958683214944,29,48,0.166458598999176,0
"6100372e3a116cb5cb36ebea",12,"experience",7,7,10.4285714285714,6.1145527311522,1,20,-0.0625151248595912,1
"6100372e3a116cb5cb36ebea",13,"experience",5,5,37.4,3.9293765408777,34,45,1.26270872222895,0
"6100372e3a116cb5cb36ebea",14,"experience",7,7,10,5.45108115095397,1,17,-0.174630142271223,1
"6100372e3a116cb5cb36ebea",15,"experience",5,5,37.6,6.71118469422501,29,48,0.312672280166097,0
"6100372e3a116cb5cb36ebea",16,"experience",11,11,39.1818181818182,4.98758789976189,31,47,-0.0376046764862114,0
"6100372e3a116cb5cb36ebea",17,"experience",12,12,10.9166666666667,6.22439198280085,1,20,-0.128122492466511,1
"6100372e3a116cb5cb36ebea",18,"experience",3,3,14,2.94392028877595,11,18,0.470330460336986,0
"6100372e3a116cb5cb36ebea",19,"experience",3,3,37,0.816496580927726,36,38,0,0
"6100372e3a116cb5cb36ebea",20,"experience",12,12,36.8333333333333,5.7710965643936,29,47,0.280895164098903,0
"6100372e3a116cb5cb36ebea",21,"experience",6,6,24,4.32049379893857,18,30,0,0
"6100372e3a116cb5cb36ebea",22,"experience",2,2,15,4,11,19,0,0
"6100372e3a116cb5cb36ebea",23,"experience",2,2,21,4,17,25,0,0
"6100372e3a116cb5cb36ebea",24,"experience",6,6,28,4.32049379893857,22,34,0,0
"6100372e3a116cb5cb36ebea",25,"experience",8,8,14,5.47722557505166,6,22,0,0
"6100372e3a116cb5cb36ebea",26,"experience",8,8,23,5.47722557505166,15,31,0,0
"6100372e3a116cb5cb36ebea",27,"experience",8,8,19,5.47722557505166,11,27,0,0
"6100372e3a116cb5cb36ebea",28,"experience",12,12,16.3333333333333,5.45180907793204,7,25,-0.206282093856245,0
"6100372e3a116cb5cb36ebea",29,"experience",12,12,16.3333333333333,5.45180907793204,7,25,-0.206282093856245,0
"6100372e3a116cb5cb36ebea",30,"experience",2,2,22,4,18,26,0,0
"6100372e3a116cb5cb36ebea",31,"experience",12,12,23.3333333333333,5.45180907793204,14,32,-0.206282093856245,0
"6100372e3a116cb5cb36ebea",32,"experience",8,8,36,5.47722557505166,28,44,0,0
"6100372e3a116cb5cb36ebea",33,"experience",2,2,29,4,25,33,0,0
"6100372e3a116cb5cb36ebea",34,"experience",6,6,17,4.32049379893857,11,23,0,0
"6100372e3a116cb5cb36ebea",35,"experience",8,8,22,5.47722557505166,14,30,0,0
"6100372e3a116cb5cb36ebea",36,"experience",6,6,22,4.32049379893857,16,28,0,0
"6100372e3a116cb5cb36ebea",37,"experience",8,8,18,5.47722557505166,10,26,0,0
"6100372e3a116cb5cb36ebea",38,"experience",12,12,21.3333333333333,5.45180907793204,12,30,-0.206282093856245,0
"6100372e3a116cb5cb36ebea",39,"experience",6,6,36,4.32049379893857,30,42,0,0
"6100372e3a116cb5cb36ebea",40,"experience",2,2,36,4,32,40,0,0
"6100372e3a116cb5cb36ebea",41,"experience",6,6,22,4.32049379893857,16,28,0,0
"6100372e3a116cb5cb36ebea",42,"experience",2,2,20,4,16,24,0,0
"6100372e3a116cb5cb36ebea",43,"experience",8,8,14,5.47722557505166,6,22,0,0
"6100372e3a116cb5cb36ebea",44,"experience",2,2,14,4,10,18,0,0
"6100372e3a116cb5cb36ebea",45,"experience",6,6,26,4.32049379893857,20,32,0,0
"6100372e3a116cb5cb36ebea",46,"experience",12,12,30.3333333333333,5.45180907793204,21,39,-0.206282093856245,0
"6100372e3a116cb5cb36ebea",47,"experience",12,12,21.3333333333333,5.45180907793204,12,30,-0.206282093856245,0
"6100372e3a116cb5cb36ebea",48,"experience",6,6,25,4.32049379893857,19,31,0,0
"6100372e3a116cb5cb36ebea",49,"experience",8,8,20,5.47722557505166,12,28,0,0
"6100372e3a116cb5cb36ebea",50,"experience",8,8,31,5.47722557505166,23,39,0,0
"6100372e3a116cb5cb36ebea",51,"experience",2,2,21,4,17,25,0,0
"6100372e3a116cb5cb36ebea",52,"experience",6,6,15,4.32049379893857,9,21,0,0
"6100372e3a116cb5cb36ebea",53,"experience",12,12,19.3333333333333,5.45180907793204,10,28,-0.206282093856245,0
"6100372e3a116cb5cb36ebea",54,"experience",2,2,31,4,27,35,0,0
"6100372e3a116cb5cb36ebea",55,"experience",6,6,15,4.32049379893857,9,21,0,0
"6100372e3a116cb5cb36ebea",56,"experience",2,2,15,4,11,19,0,0
"6100372e3a116cb5cb36ebea",57,"experience",2,2,36,4,32,40,0,0
"6100372e3a116cb5cb36ebea",58,"experience",12,12,28.3333333333333,5.45180907793204,19,37,-0.206282093856245,0
"6100372e3a116cb5cb36ebea",59,"experience",6,6,24,4.32049379893857,18,30,0,0
"6100372e3a116cb5cb36ebea",60,"experience",8,8,36,5.47722557505166,28,44,0,0
"6100372e3a116cb5cb36ebea",61,"experience",12,12,15.3333333333333,5.45180907793204,6,24,-0.206282093856245,0
"6100372e3a116cb5cb36ebea",62,"experience",6,6,16,4.32049379893857,10,22,0,0
"6100372e3a116cb5cb36ebea",63,"experience",2,2,25,4,21,29,0,0
"6100372e3a116cb5cb36ebea",64,"experience",12,12,35.3333333333333,5.45180907793204,26,44,-0.206282093856247,0
"6100372e3a116cb5cb36ebea",65,"experience",12,12,17.3333333333333,5.45180907793204,8,26,-0.206282093856245,0
"6100372e3a116cb5cb36ebea",66,"experience",12,12,33.3333333333333,5.45180907793204,24,42,-0.206282093856247,0
"6100372e3a116cb5cb36ebea",67,"experience",8,8,17,5.47722557505166,9,25,0,0
"6100372e3a116cb5cb36ebea",68,"experience",8,8,32,5.47722557505166,24,40,0,0
"6100372e3a116cb5cb36ebea",69,"experience",2,2,21,4,17,25,0,0
"6100372e3a116cb5cb36ebea",70,"experience",8,8,33,5.47722557505166,25,41,0,0
"6100372e3a116cb5cb36ebea",71,"experience",2,2,27,4,23,31,0,0
"6100372e3a116cb5cb36ebea",72,"experience",12,12,19.3333333333333,5.45180907793204,10,28,-0.206282093856245,0
"6100372e3a116cb5cb36ebea",73,"experience",8,8,23,5.47722557505166,15,31,0,0
"6100372e3a116cb5cb36ebea",74,"experience",2,2,29,4,25,33,0,0
"6100372e3a116cb5cb36ebea",75,"experience",2,2,22,4,18,26,0,0
"6100372e3a116cb5cb36ebea",76,"experience",6,6,19,4.32049379893857,13,25,0,0
"6100372e3a116cb5cb36ebea",77,"experience",8,8,21,5.47722557505166,13,29,0,0
"6100372e3a116cb5cb36ebea",78,"experience",12,12,35.3333333333333,5.45180907793204,26,44,-0.206282093856247,0
"6100372e3a116cb5cb36ebea",79,"experience",2,2,18,4,14,22,0,0
"6100372e3a116cb5cb36ebea",80,"experience",8,8,24,5.47722557505166,16,32,0,0
"6100372e3a116cb5cb36ebea",81,"experience",6,6,23,4.32049379893857,17,29,0,0
"6100372e3a116cb5cb36ebea",82,"experience",2,2,20,4,16,24,0,0
"6100372e3a116cb5cb36ebea",83,"experience",6,6,28,4.32049379893857,22,34,0,0
"6100372e3a116cb5cb36ebea",84,"experience",8,8,24,5.47722557505166,16,32,0,0
"6100372e3a116cb5cb36ebea",85,"experience",8,8,23,5.47722557505166,15,31,0,0
"6100372e3a116cb5cb36ebea",86,"experience",12,12,33.3333333333333,5.45180907793204,24,42,-0.206282093856247,0
"6100372e3a116cb5cb36ebea",87,"experience",12,12,18.3333333333333,5.45180907793204,9,27,-0.206282093856245,0
"6100372e3a116cb5cb36ebea",88,"experience",6,6,28,4.32049379893857,22,34,0,0
"6100372e3a116cb5cb36ebea",89,"experience",8,8,34,5.47722557505166,26,42,0,0
"6100372e3a116cb5cb36ebea",90,"experience",6,6,27,4.32049379893857,21,33,0,0
"6100372e3a116cb5cb36ebea",91,"experience",8,8,30,5.47722557505166,22,38,0,0
"6100372e3a116cb5cb36ebea",92,"experience",8,8,15,5.47722557505166,7,23,0,0
"6100372e3a116cb5cb36ebea",93,"experience",6,6,34,4.32049379893857,28,40,0,0
"6100372e3a116cb5cb36ebea",94,"experience",2,2,25,4,21,29,0,0
"6100372e3a116cb5cb36ebea",95,"experience",12,12,29.3333333333333,5.45180907793204,20,38,-0.206282093856245,0
"6100372e3a116cb5cb36ebea",96,"experience",12,12,30.3333333333333,5.45180907793204,21,39,-0.206282093856245,0
"6100372e3a116cb5cb36ebea",97,"experience",2,2,14,4,10,18,0,0
"6100372e3a116cb5cb36ebea",98,"experience",12,12,29.3333333333333,5.45180907793204,20,38,-0.206282093856245,0
"6100372e3a116cb5cb36ebea",99,"experience",8,8,34,5.47722557505166,26,42,0,0
"6100372e3a116cb5cb36ebea",100,"experience",6,6,14,4.32049379893857,8,20,0,0
"6100372e3a116cb5cb36ebea",101,"experience",12,12,19.3333333333333,5.45180907793204,10,28,-0.206282093856245,0
"6100372e3a116cb5cb36ebea",102,"experience",12,12,24.3333333333333,5.45180907793204,15,33,-0.206282093856245,0
"6100372e3a116cb5cb36ebea",103,"experience",8,8,30,5.47722557505166,22,38,0,0
"6100372e3a116cb5cb36ebea",104,"experience",6,6,33,4.32049379893857,27,39,0,0
"6100372e3a116cb5cb36ebea",105,"experience",6,6,18,4.32049379893857,12,24,0,0
"6100372e3a116cb5cb36ebea",106,"experience",6,6,26,4.32049379893857,20,32,0,0
"6100372e3a116cb5cb36ebea",107,"experience",2,2,36,4,32,40,0,0
"6100372e3a116cb5cb36ebea",108,"experience",12,12,21.3333333333333,5.45180907793204,12,30,-0.206282093856245,0
"6100372e3a116cb5cb36ebea",109,"experience",2,2,35,4,31,39,0,0
"6100372e3a116cb5cb36ebea",110,"experience",12,12,31.3333333333333,5.45180907793204,22,40,-0.206282093856245,0
"6100372e3a116cb5cb36ebea",111,"experience",2,2,26,4,22,30,0,0
"6100372e3a116cb5cb36ebea",112,"experience",12,12,17.3333333333333,5.45180907793204,8,26,-0.206282093856245,0
"6100372e3a116cb5cb36ebea",113,"experience",6,6,35,4.32049379893857,29,41,0,0
"6100372e3a116cb5cb36ebea",114,"experience",6,6,25,4.32049379893857,19,31,0,0
"6100372e3a116cb5cb36ebea",115,"experience",2,2,29,4,25,33,0,0
"6100372e3a116cb5cb36ebea",116,"experience",8,8,19,5.47722557505166,11,27,0,0
"67d590ca31f877cde527c19a",1,"experience",5,5,34.6,5.88557558782486,29,44,0.584825100145486,0
"67d590ca31f877cde527c19a",2,"experience",5,5,38.4,6.40624695121879,29,48,0.0467380054122645,0
"67d590ca31f877cde527c19a",3,"experience",10,10,39.8,5.32541078227774,29,48,-0.484517342265714,0
"67d590ca31f877cde527c19a",4,"experience",8,8,8.875,5.77575752607396,1,16,-0.0447035250607176,1
"67d590ca31f877cde527c19a",5,"experience",10,10,38.8,6.69029147347109,29,48,0.0389504423485525,0
"67d590ca31f877cde527c19a",6,"experience",11,11,39.0909090909091,4.83273958545528,31,47,0.0651798217628024,0
"67d590ca31f877cde527c19a",7,"experience",8,8,9.25,4.43705983732471,4,18,0.743735744161094,0
"67d590ca31f877cde527c19a",8,"experience",3,3,37,3.55902608401044,34,42,0.665468866123835,0
"67d590ca31f877cde527c19a",9,"experience",12,12,40.5833333333333,5.63409758129512,30,48,-0.451039717127039,0
"67d590ca31f877cde527c19a",10,"experience",7,7,8,4.34248118673448,1,14,-0.314022399867162,1
"67d590ca31f877cde527c19a",11,"experience",2,2,10,5,5,15,0,0
"67d590ca31f877cde527c19a",12,"experience",9,9,9.77777777777778,5.24463276498042,2,17,-0.0545807014363647,0
"67d590ca31f877cde527c19a",13,"experience",7,7,37.8571428571429,6.44600809867342,30,47,0.065963845174321,0
"67d590ca31f877cde527c19a",14,"experience",12,12,39.5,5.59016994374947,29,48,-0.0343460041343968,0
"67d590ca31f877cde527c19a",15,"experience",10,10,12.7,5.47813836992094,3,20,-0.253432302577343,0
"67d590ca31f877cde527c19a",16,"experience",6,6,36.8333333333333,6.71854812358212,29,48,0.387141030053208,0
"67d590ca31f877cde527c19a",17,"experience",4,4,9.25,4.14578098794425,4,15,0.138147016061084,0
"67d590ca31f877cde527c19a",18,"experience",4,4,41,2.54950975679639,38,44,0,0
"67d590ca31f877cde527c19a",19,"experience",3,3,40.3333333333333,7.58653778449403,30,48,-0.483821180991123,0
"67d590ca31f877cde527c19a",20,"experience",4,4,4.25,1.92028643696715,2,7,0.278030555653963,0
"67d590ca31f877cde527c19a",21,"experience",8,8,18,5.47722557505166,10,26,0,0
"67d590ca31f877cde527c19a",22,"experience",2,2,29,4,25,33,0,0
"67d590ca31f877cde527c19a",23,"experience",8,8,29,5.47722557505166,21,37,0,0
"67d590ca31f877cde527c19a",24,"experience",12,12,24.3333333333333,5.45180907793204,15,33,-0.206282093856245,0
"67d590ca31f877cde527c19a",25,"experience",8,8,21,5.47722557505166,13,29,0,0
"67d590ca31f877cde527c19a",26,"experience",12,12,20.3333333333333,5.45180907793204,11,29,-0.206282093856245,0
"67d590ca31f877cde527c19a",27,"experience",6,6,14,4.32049379893857,8,20,0,0
"67d590ca31f877cde527c19a",28,"experience",8,8,28,5.47722557505166,20,36,0,0
"67d590ca31f877cde527c19a",29,"experience",12,12,14.3333333333333,5.45180907793204,5,23,-0.206282093856245,0
"67d590ca31f877cde527c19a",30,"experience",12,12,36.3333333333333,5.45180907793204,27,45,-0.206282093856247,0
"67d590ca31f877cde527c19a",31,"experience",12,12,28.3333333333333,5.45180907793204,19,37,-0.206282093856245,0
"67d590ca31f877cde527c19a",32,"experience",12,12,36.3333333333333,5.45180907793204,27,45,-0.206282093856247,0
"67d590ca31f877cde527c19a",33,"experience",12,12,34.3333333333333,5.45180907793204,25,43,-0.206282093856247,0
"67d590ca31f877cde527c19a",34,"experience",2,2,30,4,26,34,0,0
"67d590ca31f877cde527c19a",35,"experience",8,8,25,5.47722557505166,17,33,0,0
"67d590ca31f877cde527c19a",36,"experience",6,6,26,4.32049379893857,20,32,0,0
"67d590ca31f877cde527c19a",37,"experience",6,6,21,4.32049379893857,15,27,0,0
"67d590ca31f877cde527c19a",38,"experience",6,6,34,4.32049379893857,28,40,0,0
"67d590ca31f877cde527c19a",39,"experience",2,2,35,4,31,39,0,0
"67d590ca31f877cde527c19a",40,"experience",2,2,33,4,29,37,0,0
"67d590ca31f877cde527c19a",41,"experience",6,6,35,4.32049379893857,29,41,0,0
"67d590ca31f877cde527c19a",42,"experience",12,12,25.3333333333333,5.45180907793204,16,34,-0.206282093856245,0
"67d590ca31f877cde527c19a",43,"experience",2,2,33,4,29,37,0,0
"67d590ca31f877cde527c19a",44,"experience",2,2,27,4,23,31,0,0
"67d590ca31f877cde527c19a",45,"experience",8,8,23,5.47722557505166,15,31,0,0
"67d590ca31f877cde527c19a",46,"experience",6,6,23,4.32049379893857,17,29,0,0
"67d590ca31f877cde527c19a",47,"experience",12,12,27.3333333333333,5.45180907793204,18,36,-0.206282093856245,0
"67d590ca31f877cde527c19a",48,"experience",8,8,36,5.47722557505166,28,44,0,0
"67d590ca31f877cde527c19a",49,"experience",2,2,27,4,23,31,0,0
"67d590ca31f877cde527c19a",50,"experience",2,2,29,4,25,33,0,0
"67d590ca31f877cde527c19a",51,"experience",8,8,15,5.47722557505166,7,23,0,0
"67d590ca31f877cde527c19a",52,"experience",6,6,33,4.32049379893857,27,39,0,0
"67d590ca31f877cde527c19a",53,"experience",2,2,15,4,11,19,0,0
"67d590ca31f877cde527c19a",54,"experience",6,6,30,4.32049379893857,24,36,0,0
"67d590ca31f877cde527c19a",55,"experience",2,2,18,4,14,22,0,0
"67d590ca31f877cde527c19a",56,"experience",2,2,21,4,17,25,0,0
"67d590ca31f877cde527c19a",57,"experience",12,12,36.3333333333333,5.45180907793204,27,45,-0.206282093856247,0
"67d590ca31f877cde527c19a",58,"experience",6,6,21,4.32049379893857,15,27,0,0
"67d590ca31f877cde527c19a",59,"experience",8,8,18,5.47722557505166,10,26,0,0
"67d590ca31f877cde527c19a",60,"experience",6,6,27,4.32049379893857,21,33,0,0
"67d590ca31f877cde527c19a",61,"experience",12,12,27.3333333333333,5.45180907793204,18,36,-0.206282093856245,0
"67d590ca31f877cde527c19a",62,"experience",12,12,21.3333333333333,5.45180907793204,12,30,-0.206282093856245,0
"67d590ca31f877cde527c19a",63,"experience",8,8,29,5.47722557505166,21,37,0,0
"67d590ca31f877cde527c19a",64,"experience",8,8,18,5.47722557505166,10,26,0,0
"67d590ca31f877cde527c19a",65,"experience",2,2,32,4,28,36,0,0
"67d590ca31f877cde527c19a",66,"experience",6,6,34,4.32049379893857,28,40,0,0
"67d590ca31f877cde527c19a",67,"experience",6,6,34,4.32049379893857,28,40,0,0
"67d590ca31f877cde527c19a",68,"experience",8,8,35,5.47722557505166,27,43,0,0
"67d590ca31f877cde527c19a",69,"experience",8,8,30,5.47722557505166,22,38,0,0
"67d590ca31f877cde527c19a",70,"experience",8,8,36,5.47722557505166,28,44,0,0
"67d590ca31f877cde527c19a",71,"experience",6,6,29,4.32049379893857,23,35,0,0
"67d590ca31f877cde527c19a",72,"experience",2,2,34,4,30,38,0,0
"67d590ca31f877cde527c19a",73,"experience",8,8,36,5.47722557505166,28,44,0,0
"67d590ca31f877cde527c19a",74,"experience",12,12,16.3333333333333,5.45180907793204,7,25,-0.206282093856245,0
"67d590ca31f877cde527c19a",75,"experience",2,2,23,4,19,27,0,0
"67d590ca31f877cde527c19a",76,"experience",8,8,25,5.47722557505166,17,33,0,0
"67d590ca31f877cde527c19a",77,"experience",12,12,27.3333333333333,5.45180907793204,18,36,-0.206282093856245,0
"67d590ca31f877cde527c19a",78,"experience",2,2,18,4,14,22,0,0
"67d590ca31f877cde527c19a",79,"experience",2,2,36,4,32,40,0,0
"67d590ca31f877cde527c19a",80,"experience",2,2,35,4,31,39,0,0
"67d590ca31f877cde527c19a",81,"experience",2,2,24,4,20,28,0,0
"67d590ca31f877cde527c19a",82,"experience",2,2,22,4,18,26,0,0
"67d590ca31f877cde527c19a",83,"experience",12,12,21.3333333333333,5.45180907793204,12,30,-0.206282093856245,0
"67d590ca31f877cde527c19a",84,"experience",6,6,21,4.32049379893857,15,27,0,0
"67d590ca31f877cde527c19a",85,"experience",2,2,23,4,19,27,0,0
"67d590ca31f877cde527c19a",86,"experience",8,8,34,5.47722557505166,26,42,0,0
"67d590ca31f877cde527c19a",87,"experience",8,8,33,5.47722557505166,25,41,0,0
"67d590ca31f877cde527c19a",88,"experience",8,8,35,5.47722557505166,27,43,0,0
"67d590ca31f877cde527c19a",89,"experience",6,6,31,4.32049379893857,25,37,0,0
"67d590ca31f877cde527c19a",90,"experience",12,12,19.3333333333333,5.45180907793204,10,28,-0.206282093856245,0
"67d590ca31f877cde527c19a",91,"experience",6,6,29,4.32049379893857,23,35,0,0
"67d590ca31f877cde527c19a",92,"experience",12,12,22.3333333333333,5.45180907793204,13,31,-0.206282093856245,0
"67d590ca31f877cde527c19a",93,"experience",8,8,24,5.47722557505166,16,32,0,0
"67d590ca31f877cde527c19a",94,"experience",8,8,34,5.47722557505166,26,42,0,0
"67d590ca31f877cde527c19a",95,"experience",6,6,15,4.32049379893857,9,21,0,0
"67d590ca31f877cde527c19a",96,"experience",2,2,36,4,32,40,0,0
"67d590ca31f877cde527c19a",97,"experience",8,8,16,5.47722557505166,8,24,0,0
"67d590ca31f877cde527c19a",98,"experience",6,6,26,4.32049379893857,20,32,0,0
"67d590ca31f877cde527c19a",99,"experience",6,6,21,4.32049379893857,15,27,0,0
"67d590ca31f877cde527c19a",100,"experience",8,8,27,5.47722557505166,19,35,0,0
"67d590ca31f877cde527c19a",101,"experience",8,8,25,5.47722557505166,17,33,0,0
"67d590ca31f877cde527c19a",102,"experience",6,6,28,4.32049379893857,22,34,0,0
"67d590ca31f877cde527c19a",103,"experience",12,12,25.3333333333333,5.45180907793204,16,34,-0.206282093856245,0
"67d590ca31f877cde527c19a",104,"experience",2,2,35,4,31,39,0,0
"67d590ca31f877cde527c19a",105,"experience",12,12,35.3333333333333,5.45180907793204,26,44,-0.206282093856247,0
"67d590ca31f877cde527c19a",106,"experience",12,12,23.3333333333333,5.45180907793204,14,32,-0.206282093856245,0
"67d590ca31f877cde527c19a",107,"experience",12,12,26.3333333333333,5.45180907793204,17,35,-0.206282093856245,0
"67d590ca31f877cde527c19a",108,"experience",6,6,29,4.32049379893857,23,35,0,0
"67d590ca31f877cde527c19a",109,"experience",12,12,17.3333333333333,5.45180907793204,8,26,-0.206282093856245,0
"67d590ca31f877cde527c19a",110,"experience",6,6,18,4.32049379893857,12,24,0,0
"67d590ca31f877cde527c19a",111,"experience",12,12,27.3333333333333,5.45180907793204,18,36,-0.206282093856245,0
"67d590ca31f877cde527c19a",112,"experience",2,2,32,4,28,36,0,0
"67d590ca31f877cde527c19a",113,"experience",6,6,28,4.32049379893857,22,34,0,0
"67d590ca31f877cde527c19a",114,"experience",6,6,22,4.32049379893857,16,28,0,0
"67d590ca31f877cde527c19a",115,"experience",2,2,23,4,19,27,0,0
"67d590ca31f877cde527c19a",116,"experience",12,12,16.3333333333333,5.45180907793204,7,25,-0.206282093856245,0
"66a9f9fffd341dfea501d53b",1,"experience",10,10,12,4.6690470119715,4,19,-0.159158660032696,0
"66a9f9fffd341dfea501d53b",2,"experience",8,8,38.375,5.19464868879504,32,47,0.401035171321784,0
"66a9f9fffd341dfea501d53b",3,"experience",8,8,11.25,5.23808170993924,1,19,-0.433786583146778,1
"66a9f9fffd341dfea501d53b",4,"experience",5,5,37,4.93963561409139,31,45,0.477900785023623,0
"66a9f9fffd341dfea501d53b",5,"experience",11,11,11.7272727272727,5.80111132128866,3,20,-0.215091107439315,0
"66a9f9fffd341dfea501d53b",6,"experience",5,5,13,5.76194411635517,2,18,-1.18559381404173,0
"66a9f9fffd341dfea501d53b",7,"experience",9,9,38.2222222222222,6.10605851734848,30,48,0.181655307840577,0
"66a9f9fffd341dfea501d53b",8,"experience",5,5,42.4,2.41660919471891,38,45,-0.897895703798731,0
"66a9f9fffd341dfea501d53b",9,"experience",8,8,10.25,5.80409338312195,2,19,-0.151035367413722,0
"66a9f9fffd341dfea501d53b",10,"experience",12,12,39.6666666666667,5.60257877132387,31,48,-0.184280921290313,0
"66a9f9fffd341dfea501d53b",11,"experience",10,10,9.1,5.02891638427206,2,17,0.139265761919702,0
"66a9f9fffd341dfea501d53b",12,"experience",6,6,36.1666666666667,6.56802016507934,29,47,0.467967648004978,0
"66a9f9fffd341dfea501d53b",13,"experience",11,11,10.7272727272727,4.74994562822296,2,18,-0.232191521592157,0
"66a9f9fffd341dfea501d53b",14,"experience",8,8,39.75,6.37867541108654,29,48,-0.449727162709068,0
"66a9f9fffd341dfea501d53b",15,"experience",4,4,12.25,6.09815545882523,2,18,-0.948764642813626,0
"66a9f9fffd341dfea501d53b",16,"experience",12,12,9.66666666666667,5.83571380000387,1,20,0.0214314779665313,1
"66a9f9fffd341dfea501d53b",17,"experience",9,9,35.5555555555556,5.20920363099157,29,46,0.55527269928739,0
"66a9f9fffd341dfea501d53b",18,"experience",5,5,39.8,6.30555310817378,29,48,-0.542206753671367,0
"66a9f9fffd341dfea501d53b",19,"experience",2,2,32.5,2.5,30,35,0,0
"66a9f9fffd341dfea501d53b",20,"experience",4,4,42.5,4.60977222864644,37,48,0,0
"66a9f9fffd341dfea501d53b",21,"experience",8,8,15,5.47722557505166,7,23,0,0
"66a9f9fffd341dfea501d53b",22,"experience",2,2,23,4,19,27,0,0
"66a9f9fffd341dfea501d53b",23,"experience",12,12,22.3333333333333,5.45180907793204,13,31,-0.206282093856245,0
"66a9f9fffd341dfea501d53b",24,"experience",6,6,15,4.32049379893857,9,21,0,0
"66a9f9fffd341dfea501d53b",25,"experience",6,6,23,4.32049379893857,17,29,0,0
"66a9f9fffd341dfea501d53b",26,"experience",2,2,25,4,21,29,0,0
"66a9f9fffd341dfea501d53b",27,"experience",8,8,18,5.47722557505166,10,26,0,0
"66a9f9fffd341dfea501d53b",28,"experience",12,12,31.3333333333333,5.45180907793204,22,40,-0.206282093856245,0
"66a9f9fffd341dfea501d53b",29,"experience",8,8,26,5.47722557505166,18,34,0,0
"66a9f9fffd341dfea501d53b",30,"experience",2,2,18,4,14,22,0,0
"66a9f9fffd341dfea501d53b",31,"experience",6,6,19,4.32049379893857,13,25,0,0
"66a9f9fffd341dfea501d53b",32,"experience",6,6,18,4.32049379893857,12,24,0,0
"66a9f9fffd341dfea501d53b",33,"experience",12,12,24.3333333333333,5.45180907793204,15,33,-0.206282093856245,0
"66a9f9fffd341dfea501d53b",34,"experience",2,2,24,4,20,28,0,0
"66a9f9fffd341dfea501d53b",35,"experience",8,8,22,5.47722557505166,14,30,0,0
"66a9f9fffd341dfea501d53b",36,"experience",6,6,20,4.32049379893857,14,26,0,0
"66a9f9fffd341dfea501d53b",37,"experience",2,2,30,4,26,34,0,0
"66a9f9fffd341dfea501d53b",38,"experience",2,2,25,4,21,29,0,0
"66a9f9fffd341dfea501d53b",39,"experience",8,8,15,5.47722557505166,7,23,0,0
"66a9f9fffd341dfea501d53b",40,"experience",6,6,31,4.32049379893857,25,37,0,0
"66a9f9fffd341dfea501d53b",41,"experience",12,12,35.3333333333333,5.45180907793204,26,44,-0.206282093856247,0
"66a9f9fffd341dfea501d53b",42,"experience",6,6,20,4.32049379893857,14,26,0,0
"66a9f9fffd341dfea501d53b",43,"experience",6,6,35,4.32049379893857,29,41,0,0
"66a9f9fffd341dfea501d53b",44,"experience",12,12,35.3333333333333,5.45180907793204,26,44,-0.206282093856247,0
"66a9f9fffd341dfea501d53b",45,"experience",2,2,32,4,28,36,0,0
"66a9f9fffd341dfea501d53b",46,"experience",8,8,21,5.47722557505166,13,29,0,0
"66a9f9fffd341dfea501d53b",47,"experience",8,8,26,5.47722557505166,18,34,0,0
"66a9f9fffd341dfea501d53b",48,"experience",8,8,19,5.47722557505166,11,27,0,0
"66a9f9fffd341dfea501d53b",49,"experience",2,2,24,4,20,28,0,0
"66a9f9fffd341dfea501d53b",50,"experience",8,8,36,5.47722557505166,28,44,0,0
"66a9f9fffd341dfea501d53b",51,"experience",8,8,26,5.47722557505166,18,34,0,0
"66a9f9fffd341dfea501d53b",52,"experience",6,6,24,4.32049379893857,18,30,0,0
"66a9f9fffd341dfea501d53b",53,"experience",12,12,18.3333333333333,5.45180907793204,9,27,-0.206282093856245,0
"66a9f9fffd341dfea501d53b",54,"experience",12,12,26.3333333333333,5.45180907793204,17,35,-0.206282093856245,0
"66a9f9fffd341dfea501d53b",55,"experience",2,2,32,4,28,36,0,0
"66a9f9fffd341dfea501d53b",56,"experience",12,12,27.3333333333333,5.45180907793204,18,36,-0.206282093856245,0
"66a9f9fffd341dfea501d53b",57,"experience",2,2,27,4,23,31,0,0
"66a9f9fffd341dfea501d53b",58,"experience",6,6,26,4.32049379893857,20,32,0,0
"66a9f9fffd341dfea501d53b",59,"experience",12,12,25.3333333333333,5.45180907793204,16,34,-0.206282093856245,0
"66a9f9fffd341dfea501d53b",60,"experience",2,2,32,4,28,36,0,0
"66a9f9fffd341dfea501d53b",61,"experience",6,6,20,4.32049379893857,14,26,0,0
"66a9f9fffd341dfea501d53b",62,"experience",8,8,23,5.47722557505166,15,31,0,0
"66a9f9fffd341dfea501d53b",63,"experience",8,8,25,5.47722557505166,17,33,0,0
"66a9f9fffd341dfea501d53b",64,"experience",2,2,16,4,12,20,0,0
"66a9f9fffd341dfea501d53b",65,"experience",6,6,33,4.32049379893857,27,39,0,0
"66a9f9fffd341dfea501d53b",66,"experience",12,12,36.3333333333333,5.45180907793204,27,45,-0.206282093856247,0
"66a9f9fffd341dfea501d53b",67,"experience",12,12,14.3333333333333,5.45180907793204,5,23,-0.206282093856245,0
"66a9f9fffd341dfea501d53b",68,"experience",12,12,30.3333333333333,5.45180907793204,21,39,-0.206282093856245,0
"66a9f9fffd341dfea501d53b",69,"experience",2,2,21,4,17,25,0,0
"66a9f9fffd341dfea501d53b",70,"experience",2,2,33,4,29,37,0,0
"66a9f9fffd341dfea501d53b",71,"experience",8,8,29,5.47722557505166,21,37,0,0
"66a9f9fffd341dfea501d53b",72,"experience",12,12,17.3333333333333,5.45180907793204,8,26,-0.206282093856245,0
"66a9f9fffd341dfea501d53b",73,"experience",6,6,35,4.32049379893857,29,41,0,0
"66a9f9fffd341dfea501d53b",74,"experience",8,8,16,5.47722557505166,8,24,0,0
"66a9f9fffd341dfea501d53b",75,"experience",12,12,33.3333333333333,5.45180907793204,24,42,-0.206282093856247,0
"66a9f9fffd341dfea501d53b",76,"experience",6,6,32,4.32049379893857,26,38,0,0
"66a9f9fffd341dfea501d53b",77,"experience",6,6,16,4.32049379893857,10,22,0,0
"66a9f9fffd341dfea501d53b",78,"experience",12,12,27.3333333333333,5.45180907793204,18,36,-0.206282093856245,0
"66a9f9fffd341dfea501d53b",79,"experience",2,2,30,4,26,34,0,0
"66a9f9fffd341dfea501d53b",80,"experience",6,6,17,4.32049379893857,11,23,0,0
"66a9f9fffd341dfea501d53b",81,"experience",2,2,33,4,29,37,0,0
"66a9f9fffd341dfea501d53b",82,"experience",6,6,19,4.32049379893857,13,25,0,0
"66a9f9fffd341dfea501d53b",83,"experience",8,8,27,5.47722557505166,19,35,0,0
"66a9f9fffd341dfea501d53b",84,"experience",8,8,22,5.47722557505166,14,30,0,0
"66a9f9fffd341dfea501d53b",85,"experience",8,8,36,5.47722557505166,28,44,0,0
"66a9f9fffd341dfea501d53b",86,"experience",2,2,21,4,17,25,0,0
"66a9f9fffd341dfea501d53b",87,"experience",8,8,30,5.47722557505166,22,38,0,0
"66a9f9fffd341dfea501d53b",88,"experience",12,12,22.3333333333333,5.45180907793204,13,31,-0.206282093856245,0
"66a9f9fffd341dfea501d53b",89,"experience",8,8,23,5.47722557505166,15,31,0,0
"66a9f9fffd341dfea501d53b",90,"experience",12,12,23.3333333333333,5.45180907793204,14,32,-0.206282093856245,0
"66a9f9fffd341dfea501d53b",91,"experience",6,6,21,4.32049379893857,15,27,0,0
"66a9f9fffd341dfea501d53b",92,"experience",6,6,36,4.32049379893857,30,42,0,0
"66a9f9fffd341dfea501d53b",93,"experience",12,12,33.3333333333333,5.45180907793204,24,42,-0.206282093856247,0
"66a9f9fffd341dfea501d53b",94,"experience",8,8,21,5.47722557505166,13,29,0,0
"66a9f9fffd341dfea501d53b",95,"experience",12,12,28.3333333333333,5.45180907793204,19,37,-0.206282093856245,0
"66a9f9fffd341dfea501d53b",96,"experience",2,2,21,4,17,25,0,0
"66a9f9fffd341dfea501d53b",97,"experience",8,8,20,5.47722557505166,12,28,0,0
"66a9f9fffd341dfea501d53b",98,"experience",2,2,33,4,29,37,0,0
"66a9f9fffd341dfea501d53b",99,"experience",12,12,19.3333333333333,5.45180907793204,10,28,-0.206282093856245,0
"66a9f9fffd341dfea501d53b",100,"experience",8,8,15,5.47722557505166,7,23,0,0
"66a9f9fffd341dfea501d53b",101,"experience",2,2,14,4,10,18,0,0
"66a9f9fffd341dfea501d53b",102,"experience",2,2,32,4,28,36,0,0
"66a9f9fffd341dfea501d53b",103,"experience",6,6,29,4.32049379893857,23,35,0,0
"66a9f9fffd341dfea501d53b",104,"experience",2,2,22,4,18,26,0,0
"66a9f9fffd341dfea501d53b",105,"experience",12,12,27.3333333333333,5.45180907793204,18,36,-0.206282093856245,0
"66a9f9fffd341dfea501d53b",106,"experience",8,8,33,5.47722557505166,25,41,0,0
"66a9f9fffd341dfea501d53b",107,"experience",2,2,16,4,12,20,0,0
"66a9f9fffd341dfea501d53b",108,"experience",12,12,31.3333333333333,5.45180907793204,22,40,-0.206282093856245,0
"66a9f9fffd341dfea501d53b",109,"experience",8,8,24,5.47722557505166,16,32,0,0
"66a9f9fffd341dfea501d53b",110,"experience",2,2,22,4,18,26,0,0
"66a9f9fffd341dfea501d53b",111,"experience",6,6,20,4.32049379893857,14,26,0,0
"66a9f9fffd341dfea501d53b",112,"experience",6,6,20,4.32049379893857,14,26,0,0
"66a9f9fffd341dfea501d53b",113,"experience",6,6,24,4.32049379893857,18,30,0,0
"66a9f9fffd341dfea501d53b",114,"experience",12,12,28.3333333333333,5.45180907793204,19,37,-0.206282093856245,0
"66a9f9fffd341dfea501d53b",115,"experience",12,12,32.3333333333333,5.45180907793204,23,41,-0.206282093856247,0
"66a9f9fffd341dfea501d53b",116,"experience",6,6,26,4.32049379893857,20,32,0,0
"66f23f43364a3d1b7b018f27",1,"experience",3,3,14.6666666666667,2.49443825784929,12,18,0.381801774160607,0
"66f23f43364a3d1b7b018f27",2,"experience",8,8,10.5,4.69041575982343,4,19,0.483335714919821,0
"66f23f43364a3d1b7b018f27",3,"experience",2,2,13.5,0.5,13,14,0,0
"66f23f43364a3d1b7b018f27",4,"experience",10,10,38.7,5.93380147965872,30,48,0.141751402262427,0
"66f23f43364a3d1b7b018f27",5,"experience",11,11,10.2727272727273,4.91918154853407,2,20,0.275693178921582,0
"66f23f43364a3d1b7b018f27",6,"experience",2,2,32,2,30,34,0,0
"66f23f43364a3d1b7b018f27",7,"experience",5,5,13.8,5.34415568635495,4,19,-0.95038241674109,0
"66f23f43364a3d1b7b018f27",8,"experience",8,8,8.625,5.19464868879504,2,18,0.562051168813082,0
"66f23f43364a3d1b7b018f27",9,"experience",4,4,38.25,5.80409338312195,31,47,0.355292721439898,0
"66f23f43364a3d1b7b018f27",10,"experience",2,2,38.5,1.5,37,40,0,0
"66f23f43364a3d1b7b018f27",11,"experience",4,4,42.25,6.64736790015417,31,48,-1.00059810224208,0
"66f23f43364a3d1b7b018f27",12,"experience",2,2,37,7,30,44,0,0
"66f23f43364a3d1b7b018f27",13,"experience",3,3,38.6666666666667,5.43650214343336,31,43,-0.689205498142874,0
"66f23f43364a3d1b7b018f27",14,"experience",12,12,37.6666666666667,4.95535624910617,29,45,-0.129360152691597,0
"66f23f43364a3d1b7b018f27",15,"experience",9,9,38.4444444444444,5.31478255248951,32,48,0.528627024114405,0
"66f23f43364a3d1b7b018f27",16,"experience",9,9,38.8888888888889,4.99876527964533,31,46,-0.0035801550686406,0
"66f23f43364a3d1b7b018f27",17,"experience",11,11,39.7272727272727,6.20982958470475,30,48,-0.199582265730783,0
"66f23f43364a3d1b7b018f27",18,"experience",7,7,8.28571428571429,5.3375833406484,2,18,0.55699065406258,0
"66f23f43364a3d1b7b018f27",19,"experience",4,4,17,2.54950975679639,13,20,-0.543090835767279,0
"66f23f43364a3d1b7b018f27",20,"experience",8,8,13,5.40832691319598,4,20,-0.583146360134215,0
"66f23f43364a3d1b7b018f27",21,"experience",8,8,35,5.47722557505166,27,43,0,0
"66f23f43364a3d1b7b018f27",22,"experience",8,8,15,5.47722557505166,7,23,0,0
"66f23f43364a3d1b7b018f27",23,"experience",12,12,14.3333333333333,5.45180907793204,5,23,-0.206282093856245,0
"66f23f43364a3d1b7b018f27",24,"experience",2,2,15,4,11,19,0,0
"66f23f43364a3d1b7b018f27",25,"experience",12,12,17.3333333333333,5.45180907793204,8,26,-0.206282093856245,0
"66f23f43364a3d1b7b018f27",26,"experience",8,8,31,5.47722557505166,23,39,0,0
"66f23f43364a3d1b7b018f27",27,"experience",2,2,26,4,22,30,0,0
"66f23f43364a3d1b7b018f27",28,"experience",12,12,14.3333333333333,5.45180907793204,5,23,-0.206282093856245,0
"66f23f43364a3d1b7b018f27",29,"experience",2,2,33,4,29,37,0,0
"66f23f43364a3d1b7b018f27",30,"experience",12,12,15.3333333333333,5.45180907793204,6,24,-0.206282093856245,0
"66f23f43364a3d1b7b018f27",31,"experience",6,6,14,4.32049379893857,8,20,0,0
"66f23f43364a3d1b7b018f27",32,"experience",2,2,35,4,31,39,0,0
"66f23f43364a3d1b7b018f27",33,"experience",8,8,28,5.47722557505166,20,36,0,0
"66f23f43364a3d1b7b018f27",34,"experience",6,6,19,4.32049379893857,13,25,0,0
"66f23f43364a3d1b7b018f27",35,"experience",2,2,34,4,30,38,0,0
"66f23f43364a3d1b7b018f27",36,"experience",8,8,25,5.47722557505166,17,33,0,0
"66f23f43364a3d1b7b018f27",37,"experience",8,8,17,5.47722557505166,9,25,0,0
"66f23f43364a3d1b7b018f27",38,"experience",2,2,27,4,23,31,0,0
"66f23f43364a3d1b7b018f27",39,"experience",6,6,19,4.32049379893857,13,25,0,0
"66f23f43364a3d1b7b018f27",40,"experience",12,12,30.3333333333333,5.45180907793204,21,39,-0.206282093856245,0
"66f23f43364a3d1b7b018f27",41,"experience",6,6,15,4.32049379893857,9,21,0,0
"66f23f43364a3d1b7b018f27",42,"experience",6,6,20,4.32049379893857,14,26,0,0
"66f23f43364a3d1b7b018f27",43,"experience",12,12,28.3333333333333,5.45180907793204,19,37,-0.206282093856245,0
"66f23f43364a3d1b7b018f27",44,"experience",12,12,23.3333333333333,5.45180907793204,14,32,-0.206282093856245,0
"66f23f43364a3d1b7b018f27",45,"experience",6,6,22,4.32049379893857,16,28,0,0
"66f23f43364a3d1b7b018f27",46,"experience",2,2,21,4,17,25,0,0
"66f23f43364a3d1b7b018f27",47,"experience",2,2,19,4,15,23,0,0
"66f23f43364a3d1b7b018f27",48,"experience",6,6,22,4.32049379893857,16,28,0,0
"66f23f43364a3d1b7b018f27",49,"experience",8,8,23,5.47722557505166,15,31,0,0
"66f23f43364a3d1b7b018f27",50,"experience",12,12,28.3333333333333,5.45180907793204,19,37,-0.206282093856245,0
"66f23f43364a3d1b7b018f27",51,"experience",6,6,24,4.32049379893857,18,30,0,0
"66f23f43364a3d1b7b018f27",52,"experience",12,12,19.3333333333333,5.45180907793204,10,28,-0.206282093856245,0
"66f23f43364a3d1b7b018f27",53,"experience",8,8,24,5.47722557505166,16,32,0,0
"66f23f43364a3d1b7b018f27",54,"experience",8,8,18,5.47722557505166,10,26,0,0
"66f23f43364a3d1b7b018f27",55,"experience",2,2,36,4,32,40,0,0
"66f23f43364a3d1b7b018f27",56,"experience",12,12,26.3333333333333,5.45180907793204,17,35,-0.206282093856245,0
"66f23f43364a3d1b7b018f27",57,"experience",2,2,33,4,29,37,0,0
"66f23f43364a3d1b7b018f27",58,"experience",2,2,35,4,31,39,0,0
"66f23f43364a3d1b7b018f27",59,"experience",2,2,31,4,27,35,0,0
"66f23f43364a3d1b7b018f27",60,"experience",8,8,14,5.47722557505166,6,22,0,0
"66f23f43364a3d1b7b018f27",61,"experience",6,6,15,4.32049379893857,9,21,0,0
"66f23f43364a3d1b7b018f27",62,"experience",8,8,16,5.47722557505166,8,24,0,0
"66f23f43364a3d1b7b018f27",63,"experience",8,8,34,5.47722557505166,26,42,0,0
"66f23f43364a3d1b7b018f27",64,"experience",12,12,22.3333333333333,5.45180907793204,13,31,-0.206282093856245,0
"66f23f43364a3d1b7b018f27",65,"experience",6,6,24,4.32049379893857,18,30,0,0
"66f23f43364a3d1b7b018f27",66,"experience",6,6,27,4.32049379893857,21,33,0,0
"66f23f43364a3d1b7b018f27",67,"experience",6,6,24,4.32049379893857,18,30,0,0
"66f23f43364a3d1b7b018f27",68,"experience",12,12,14.3333333333333,5.45180907793204,5,23,-0.206282093856245,0
"66f23f43364a3d1b7b018f27",69,"experience",8,8,15,5.47722557505166,7,23,0,0
"66f23f43364a3d1b7b018f27",70,"experience",8,8,16,5.47722557505166,8,24,0,0
"66f23f43364a3d1b7b018f27",71,"experience",12,12,33.3333333333333,5.45180907793204,24,42,-0.206282093856247,0
"66f23f43364a3d1b7b018f27",72,"experience",2,2,22,4,18,26,0,0
"66f23f43364a3d1b7b018f27",73,"experience",2,2,25,4,21,29,0,0
"66f23f43364a3d1b7b018f27",74,"experience",2,2,32,4,28,36,0,0
"66f23f43364a3d1b7b018f27",75,"experience",2,2,23,4,19,27,0,0
"66f23f43364a3d1b7b018f27",76,"experience",12,12,14.3333333333333,5.45180907793204,5,23,-0.206282093856245,0
"66f23f43364a3d1b7b018f27",77,"experience",2,2,35,4,31,39,0,0
"66f23f43364a3d1b7b018f27",78,"experience",2,2,29,4,25,33,0,0
"66f23f43364a3d1b7b018f27",79,"experience",6,6,35,4.32049379893857,29,41,0,0
"66f23f43364a3d1b7b018f27",80,"experience",6,6,24,4.32049379893857,18,30,0,0
"66f23f43364a3d1b7b018f27",81,"experience",12,12,28.3333333333333,5.45180907793204,19,37,-0.206282093856245,0
"66f23f43364a3d1b7b018f27",82,"experience",8,8,18,5.47722557505166,10,26,0,0
"66f23f43364a3d1b7b018f27",83,"experience",12,12,27.3333333333333,5.45180907793204,18,36,-0.206282093856245,0
"66f23f43364a3d1b7b018f27",84,"experience",12,12,36.3333333333333,5.45180907793204,27,45,-0.206282093856247,0
"66f23f43364a3d1b7b018f27",85,"experience",12,12,33.3333333333333,5.45180907793204,24,42,-0.206282093856247,0
"66f23f43364a3d1b7b018f27",86,"experience",12,12,22.3333333333333,5.45180907793204,13,31,-0.206282093856245,0
"66f23f43364a3d1b7b018f27",87,"experience",6,6,22,4.32049379893857,16,28,0,0
"66f23f43364a3d1b7b018f27",88,"experience",8,8,25,5.47722557505166,17,33,0,0
"66f23f43364a3d1b7b018f27",89,"experience",6,6,21,4.32049379893857,15,27,0,0
"66f23f43364a3d1b7b018f27",90,"experience",2,2,15,4,11,19,0,0
"66f23f43364a3d1b7b018f27",91,"experience",6,6,28,4.32049379893857,22,34,0,0
"66f23f43364a3d1b7b018f27",92,"experience",8,8,17,5.47722557505166,9,25,0,0
"66f23f43364a3d1b7b018f27",93,"experience",12,12,36.3333333333333,5.45180907793204,27,45,-0.206282093856247,0
"66f23f43364a3d1b7b018f27",94,"experience",6,6,24,4.32049379893857,18,30,0,0
"66f23f43364a3d1b7b018f27",95,"experience",6,6,18,4.32049379893857,12,24,0,0
"66f23f43364a3d1b7b018f27",96,"experience",8,8,14,5.47722557505166,6,22,0,0
"66f23f43364a3d1b7b018f27",97,"experience",2,2,30,4,26,34,0,0
"66f23f43364a3d1b7b018f27",98,"experience",12,12,15.3333333333333,5.45180907793204,6,24,-0.206282093856245,0
"66f23f43364a3d1b7b018f27",99,"experience",6,6,26,4.32049379893857,20,32,0,0
"66f23f43364a3d1b7b018f27",100,"experience",2,2,27,4,23,31,0,0
"66f23f43364a3d1b7b018f27",101,"experience",8,8,14,5.47722557505166,6,22,0,0
"66f23f43364a3d1b7b018f27",102,"experience",8,8,25,5.47722557505166,17,33,0,0
"66f23f43364a3d1b7b018f27",103,"experience",6,6,17,4.32049379893857,11,23,0,0
"66f23f43364a3d1b7b018f27",104,"experience",12,12,14.3333333333333,5.45180907793204,5,23,-0.206282093856245,0
"66f23f43364a3d1b7b018f27",105,"experience",6,6,32,4.32049379893857,26,38,0,0
"66f23f43364a3d1b7b018f27",106,"experience",8,8,34,5.47722557505166,26,42,0,0
"66f23f43364a3d1b7b018f27",107,"experience",8,8,28,5.47722557505166,20,36,0,0
"66f23f43364a3d1b7b018f27",108,"experience",8,8,36,5.47722557505166,28,44,0,0
"66f23f43364a3d1b7b018f27",109,"experience",2,2,35,4,31,39,0,0
"66f23f43364a3d1b7b018f27",110,"experience",6,6,31,4.32049379893857,25,37,0,0
"66f23f43364a3d1b7b018f27",111,"experience",6,6,15,4.32049379893857,9,21,0,0
"66f23f43364a3d1b7b018f27",112,"experience",2,2,20,4,16,24,0,0
"66f23f43364a3d1b7b018f27",113,"experience",12,12,33.3333333333333,5.45180907793204,24,42,-0.206282093856247,0
"66f23f43364a3d1b7b018f27",114,"experience",2,2,31,4,27,35,0,0
"66f23f43364a3d1b7b018f27",115,"experience",12,12,21.3333333333333,5.45180907793204,12,30,-0.206282093856245,0
"66f23f43364a3d1b7b018f27",116,"experience",8,8,27,5.47722557505166,19,35,0,0
"67e6eddcf224e6f2c2da7497",1,"experience",3,3,42,2.16024689946929,39,44,-0.595170064139497,0
"67e6eddcf224e6f2c2da7497",2,"experience",11,11,38.9090909090909,6.08208315770099,30,48,0.0008014494310414,0
"67e6eddcf224e6f2c2da7497",3,"experience",2,2,42.5,1.5,41,44,0,0
"67e6eddcf224e6f2c2da7497",4,"experience",5,5,41,4.56070170039655,35,48,0.265647380847802,0
"67e6eddcf224e6f2c2da7497",5,"experience",12,12,12.0833333333333,5.63409758129512,2,20,-0.379398858118554,0
"67e6eddcf224e6f2c2da7497",6,"experience",5,5,10.8,6.8818602136341,1,19,-0.211631575432688,1
"67e6eddcf224e6f2c2da7497",7,"experience",10,10,10.7,5.33010318849457,2,20,0.0798794245523488,0
"67e6eddcf224e6f2c2da7497",8,"experience",5,5,38.6,6.65131565932636,29,48,-0.045022296318309,0
"67e6eddcf224e6f2c2da7497",9,"experience",11,11,39.9090909090909,6.22976061782248,30,48,-0.240854296673344,0
"67e6eddcf224e6f2c2da7497",10,"experience",5,5,37,3.03315017762062,33,41,0.129009223055698,0
"67e6eddcf224e6f2c2da7497",11,"experience",6,6,41,6.05530070819498,29,48,-0.945827961858555,0
"67e6eddcf224e6f2c2da7497",12,"experience",4,4,41.25,4.71036092035419,34,47,-0.44403164240276,0
"67e6eddcf224e6f2c2da7497",13,"experience",12,12,11.0833333333333,6.43503863408933,1,20,-0.261826276675221,1
"67e6eddcf224e6f2c2da7497",14,"experience",5,5,10.6,7.39188744503053,3,20,0.321946869410442,0
"67e6eddcf224e6f2c2da7497",15,"experience",10,10,10.7,4.53982378512647,5,19,0.57367134397586,0
"67e6eddcf224e6f2c2da7497",16,"experience",8,8,12.75,4.63006479436303,6,19,-0.112397598387584,0
"67e6eddcf224e6f2c2da7497",17,"experience",7,7,37.7142857142857,6.69145053064593,29,48,0.253096079162342,0
"67e6eddcf224e6f2c2da7497",18,"experience",6,6,37.5,6.92218655243173,30,48,0.293950848230296,0
"67e6eddcf224e6f2c2da7497",19,"experience",9,9,10.3333333333333,5.49747416749021,2,18,-0.0798049207380584,0
"67e6eddcf224e6f2c2da7497",20,"experience",10,10,9.6,6.82934843158555,1,20,0.250005642606861,1
"67e6eddcf224e6f2c2da7497",21,"experience",12,12,27.3333333333333,5.45180907793204,18,36,-0.206282093856245,0
"67e6eddcf224e6f2c2da7497",22,"experience",8,8,27,5.47722557505166,19,35,0,0
"67e6eddcf224e6f2c2da7497",23,"experience",6,6,27,4.32049379893857,21,33,0,0
"67e6eddcf224e6f2c2da7497",24,"experience",2,2,34,4,30,38,0,0
"67e6eddcf224e6f2c2da7497",25,"experience",8,8,36,5.47722557505166,28,44,0,0
"67e6eddcf224e6f2c2da7497",26,"experience",6,6,26,4.32049379893857,20,32,0,0
"67e6eddcf224e6f2c2da7497",27,"experience",8,8,20,5.47722557505166,12,28,0,0
"67e6eddcf224e6f2c2da7497",28,"experience",8,8,35,5.47722557505166,27,43,0,0
"67e6eddcf224e6f2c2da7497",29,"experience",6,6,23,4.32049379893857,17,29,0,0
"67e6eddcf224e6f2c2da7497",30,"experience",12,12,22.3333333333333,5.45180907793204,13,31,-0.206282093856245,0
"67e6eddcf224e6f2c2da7497",31,"experience",2,2,31,4,27,35,0,0
"67e6eddcf224e6f2c2da7497",32,"experience",2,2,36,4,32,40,0,0
"67e6eddcf224e6f2c2da7497",33,"experience",12,12,17.3333333333333,5.45180907793204,8,26,-0.206282093856245,0
"67e6eddcf224e6f2c2da7497",34,"experience",12,12,31.3333333333333,5.45180907793204,22,40,-0.206282093856245,0
"67e6eddcf224e6f2c2da7497",35,"experience",2,2,35,4,31,39,0,0
"67e6eddcf224e6f2c2da7497",36,"experience",6,6,36,4.32049379893857,30,42,0,0
"67e6eddcf224e6f2c2da7497",37,"experience",12,12,31.3333333333333,5.45180907793204,22,40,-0.206282093856245,0
"67e6eddcf224e6f2c2da7497",38,"experience",12,12,23.3333333333333,5.45180907793204,14,32,-0.206282093856245,0
"67e6eddcf224e6f2c2da7497",39,"experience",2,2,18,4,14,22,0,0
"67e6eddcf224e6f2c2da7497",40,"experience",8,8,24,5.47722557505166,16,32,0,0
"67e6eddcf224e6f2c2da7497",41,"experience",6,6,21,4.32049379893857,15,27,0,0
"67e6eddcf224e6f2c2da7497",42,"experience",12,12,26.3333333333333,5.45180907793204,17,35,-0.206282093856245,0
"67e6eddcf224e6f2c2da7497",43,"experience",6,6,30,4.32049379893857,24,36,0,0
"67e6eddcf224e6f2c2da7497",44,"experience",6,6,27,4.32049379893857,21,33,0,0
"67e6eddcf224e6f2c2da7497",45,"experience",2,2,30,4,26,34,0,0
"67e6eddcf224e6f2c2da7497",46,"experience",8,8,15,5.47722557505166,7,23,0,0
"67e6eddcf224e6f2c2da7497",47,"experience",6,6,29,4.32049379893857,23,35,0,0
"67e6eddcf224e6f2c2da7497",48,"experience",8,8,32,5.47722557505166,24,40,0,0
"67e6eddcf224e6f2c2da7497",49,"experience",8,8,32,5.47722557505166,24,40,0,0
"67e6eddcf224e6f2c2da7497",50,"experience",12,12,32.3333333333333,5.45180907793204,23,41,-0.206282093856247,0
"67e6eddcf224e6f2c2da7497",51,"experience",2,2,23,4,19,27,0,0
"67e6eddcf224e6f2c2da7497",52,"experience",8,8,20,5.47722557505166,12,28,0,0
"67e6eddcf224e6f2c2da7497",53,"experience",2,2,32,4,28,36,0,0
"67e6eddcf224e6f2c2da7497",54,"experience",8,8,33,5.47722557505166,25,41,0,0
"67e6eddcf224e6f2c2da7497",55,"experience",2,2,20,4,16,24,0,0
"67e6eddcf224e6f2c2da7497",56,"experience",8,8,15,5.47722557505166,7,23,0,0
"67e6eddcf224e6f2c2da7497",57,"experience",8,8,18,5.47722557505166,10,26,0,0
"67e6eddcf224e6f2c2da7497",58,"experience",2,2,20,4,16,24,0,0
"67e6eddcf224e6f2c2da7497",59,"experience",12,12,30.3333333333333,5.45180907793204,21,39,-0.206282093856245,0
"67e6eddcf224e6f2c2da7497",60,"experience",2,2,14,4,10,18,0,0
"67e6eddcf224e6f2c2da7497",61,"experience",6,6,27,4.32049379893857,21,33,0,0
"67e6eddcf224e6f2c2da7497",62,"experience",2,2,36,4,32,40,0,0
"67e6eddcf224e6f2c2da7497",63,"experience",6,6,33,4.32049379893857,27,39,0,0
"67e6eddcf224e6f2c2da7497",64,"experience",6,6,19,4.32049379893857,13,25,0,0
"67e6eddcf224e6f2c2da7497",65,"experience",12,12,25.3333333333333,5.45180907793204,16,34,-0.206282093856245,0
"67e6eddcf224e6f2c2da7497",66,"experience",6,6,32,4.32049379893857,26,38,0,0
"67e6eddcf224e6f2c2da7497",67,"experience",12,12,35.3333333333333,5.45180907793204,26,44,-0.206282093856247,0
"67e6eddcf224e6f2c2da7497",68,"experience",12,12,17.3333333333333,5.45180907793204,8,26,-0.206282093856245,0
"67e6eddcf224e6f2c2da7497",69,"experience",12,12,25.3333333333333,5.45180907793204,16,34,-0.206282093856245,0
"67e6eddcf224e6f2c2da7497",70,"experience",12,12,31.3333333333333,5.45180907793204,22,40,-0.206282093856245,0
"67e6eddcf224e6f2c2da7497",71,"experience",2,2,36,4,32,40,0,0
"67e6eddcf224e6f2c2da7497",72,"experience",6,6,21,4.32049379893857,15,27,0,0
"67e6eddcf224e6f2c2da7497",73,"experience",2,2,33,4,29,37,0,0
"67e6eddcf224e6f2c2da7497",74,"experience",8,8,19,5.47722557505166,11,27,0,0
"67e6eddcf224e6f2c2da7497",75,"experience",2,2,35,4,31,39,0,0
"67e6eddcf224e6f2c2da7497",76,"experience",8,8,34,5.47722557505166,26,42,0,0
"67e6eddcf224e6f2c2da7497",77,"experience",12,12,36.3333333333333,5.45180907793204,27,45,-0.206282093856247,0
"67e6eddcf224e6f2c2da7497",78,"experience",12,12,25.3333333333333,5.45180907793204,16,34,-0.206282093856245,0
"67e6eddcf224e6f2c2da7497",79,"experience",12,12,22.3333333333333,5.45180907793204,13,31,-0.206282093856245,0
"67e6eddcf224e6f2c2da7497",80,"experience",6,6,14,4.32049379893857,8,20,0,0
"67e6eddcf224e6f2c2da7497",81,"experience",8,8,34,5.47722557505166,26,42,0,0
"67e6eddcf224e6f2c2da7497",82,"experience",6,6,21,4.32049379893857,15,27,0,0
"67e6eddcf224e6f2c2da7497",83,"experience",12,12,35.3333333333333,5.45180907793204,26,44,-0.206282093856247,0
"67e6eddcf224e6f2c2da7497",84,"experience",2,2,24,4,20,28,0,0
"67e6eddcf224e6f2c2da7497",85,"experience",2,2,27,4,23,31,0,0
"67e6eddcf224e6f2c2da7497",86,"experience",12,12,33.3333333333333,5.45180907793204,24,42,-0.206282093856247,0
"67e6eddcf224e6f2c2da7497",87,"experience",6,6,32,4.32049379893857,26,38,0,0
"67e6eddcf224e6f2c2da7497",88,"experience",2,2,35,4,31,39,0,0
"67e6eddcf224e6f2c2da7497",89,"experience",8,8,25,5.47722557505166,17,33,0,0
"67e6eddcf224e6f2c2da7497",90,"experience",6,6,19,4.32049379893857,13,25,0,0
"67e6eddcf224e6f2c2da7497",91,"experience",2,2,21,4,17,25,0,0
"67e6eddcf224e6f2c2da7497",92,"experience",12,12,25.3333333333333,5.45180907793204,16,34,-0.206282093856245,0
"67e6eddcf224e6f2c2da7497",93,"experience",8,8,22,5.47722557505166,14,30,0,0
"67e6eddcf224e6f2c2da7497",94,"experience",8,8,16,5.47722557505166,8,24,0,0
"67e6eddcf224e6f2c2da7497",95,"experience",2,2,18,4,14,22,0,0
"67e6eddcf224e6f2c2da7497",96,"experience",8,8,21,5.47722557505166,13,29,0,0
"67e6eddcf224e6f2c2da7497",97,"experience",8,8,29,5.47722557505166,21,37,0,0
"67e6eddcf224e6f2c2da7497",98,"experience",6,6,17,4.32049379893857,11,23,0,0
"67e6eddcf224e6f2c2da7497",99,"experience",6,6,16,4.32049379893857,10,22,0,0
"67e6eddcf224e6f2c2da7497",100,"experience",8,8,35,5.47722557505166,27,43,0,0
"67e6eddcf224e6f2c2da7497",101,"experience",8,8,14,5.47722557505166,6,22,0,0
"67e6eddcf224e6f2c2da7497",102,"experience",8,8,26,5.47722557505166,18,34,0,0
"67e6eddcf224e6f2c2da7497",103,"experience",6,6,36,4.32049379893857,30,42,0,0
"67e6eddcf224e6f2c2da7497",104,"experience",2,2,19,4,15,23,0,0
"67e6eddcf224e6f2c2da7497",105,"experience",6,6,21,4.32049379893857,15,27,0,0
"67e6eddcf224e6f2c2da7497",106,"experience",12,12,16.3333333333333,5.45180907793204,7,25,-0.206282093856245,0
"67e6eddcf224e6f2c2da7497",107,"experience",6,6,16,4.32049379893857,10,22,0,0
"67e6eddcf224e6f2c2da7497",108,"experience",2,2,23,4,19,27,0,0
"67e6eddcf224e6f2c2da7497",109,"experience",8,8,16,5.47722557505166,8,24,0,0
"67e6eddcf224e6f2c2da7497",110,"experience",6,6,18,4.32049379893857,12,24,0,0
"67e6eddcf224e6f2c2da7497",111,"experience",6,6,33,4.32049379893857,27,39,0,0
"67e6eddcf224e6f2c2da7497",112,"experience",12,12,17.3333333333333,5.45180907793204,8,26,-0.206282093856245,0
"67e6eddcf224e6f2c2da7497",113,"experience",12,12,16.3333333333333,5.45180907793204,7,25,-0.206282093856245,0
"67e6eddcf224e6f2c2da7497",114,"experience",2,2,14,4,10,18,0,0
"67e6eddcf224e6f2c2da7497",115,"experience",2,2,35,4,31,39,0,0
"67e6eddcf224e6f2c2da7497",116,"experience",12,12,33.3333333333333,5.45180907793204,24,42,-0.206282093856247,0
"678f6e1f6a3d68ee8c1533f5",1,"experience",11,11,38,6.01513243260846,30,48,0.195486867522716,0
"678f6e1f6a3d68ee8c1533f5",2,"experience",8,8,11.875,6.45053292372033,1,19,-0.523540042244511,1
"678f6e1f6a3d68ee8c1533f5",3,"experience",2,2,10,5,5,15,0,0
"678f6e1f6a3d68ee8c1533f5",4,"experience",4,4,9.75,4.49305018890286,5,16,0.263564945087996,0
"678f6e1f6a3d68ee8c1533f5",5,"experience",8,8,9.625,5.58877222652704,2,18,0.139299693308909,0
"678f6e1f6a3d68ee8c1533f5",6,"experience",6,6,9.83333333333333,5.98377435700541,3,20,0.544874921904382,0
"678f6e1f6a3d68ee8c1533f5",7,"experience",9,9,37,5.41602560309064,29,47,0.365078172109157,0
"678f6e1f6a3d68ee8c1533f5",8,"experience",6,6,40.6666666666667,3.590109871423,35,47,0.250528624350938,0
"678f6e1f6a3d68ee8c1533f5",9,"experience",8,8,9.875,2.93417364857638,5,14,-0.173962291541776,0
"678f6e1f6a3d68ee8c1533f5",10,"experience",3,3,40.6666666666667,1.24721912892465,39,42,-0.381801774160601,0
"678f6e1f6a3d68ee8c1533f5",11,"experience",2,2,42,2,40,44,0,0
"678f6e1f6a3d68ee8c1533f5",12,"experience",2,2,15,5,10,20,0,0
"678f6e1f6a3d68ee8c1533f5",13,"experience",12,12,11.1666666666667,5.33593686452737,1,20,-0.276937980106078,1
"678f6e1f6a3d68ee8c1533f5",14,"experience",2,2,10,4,6,14,0,0
"678f6e1f6a3d68ee8c1533f5",15,"experience",5,5,8.2,4.35430821141545,1,14,-0.382568872925194,1
"678f6e1f6a3d68ee8c1533f5",16,"experience",12,12,35.1666666666667,4.37480158280223,29,43,0.389263628231249,0
"678f6e1f6a3d68ee8c1533f5",17,"experience",2,2,39.5,3.5,36,43,0,0
"678f6e1f6a3d68ee8c1533f5",18,"experience",5,5,38.6,5.88557558782486,32,46,0.196354321063339,0
"678f6e1f6a3d68ee8c1533f5",19,"experience",11,11,39.8181818181818,4.95099956516004,33,48,0.252545463428466,0
"678f6e1f6a3d68ee8c1533f5",20,"experience",10,10,38.1,5.52177507691141,29,47,0.170778000014582,0
"678f6e1f6a3d68ee8c1533f5",21,"experience",8,8,19,5.47722557505166,11,27,0,0
"678f6e1f6a3d68ee8c1533f5",22,"experience",8,8,36,5.47722557505166,28,44,0,0
"678f6e1f6a3d68ee8c1533f5",23,"experience",2,2,34,4,30,38,0,0
"678f6e1f6a3d68ee8c1533f5",24,"experience",2,2,18,4,14,22,0,0
"678f6e1f6a3d68ee8c1533f5",25,"experience",8,8,14,5.47722557505166,6,22,0,0
"678f6e1f6a3d68ee8c1533f5",26,"experience",8,8,36,5.47722557505166,28,44,0,0
"678f6e1f6a3d68ee8c1533f5",27,"experience",6,6,27,4.32049379893857,21,33,0,0
"678f6e1f6a3d68ee8c1533f5",28,"experience",6,6,21,4.32049379893857,15,27,0,0
"678f6e1f6a3d68ee8c1533f5",29,"experience",8,8,33,5.47722557505166,25,41,0,0
"678f6e1f6a3d68ee8c1533f5",30,"experience",6,6,23,4.32049379893857,17,29,0,0
"678f6e1f6a3d68ee8c1533f5",31,"experience",2,2,18,4,14,22,0,0
"678f6e1f6a3d68ee8c1533f5",32,"experience",6,6,25,4.32049379893857,19,31,0,0
"678f6e1f6a3d68ee8c1533f5",33,"experience",8,8,25,5.47722557505166,17,33,0,0
"678f6e1f6a3d68ee8c1533f5",34,"experience",8,8,33,5.47722557505166,25,41,0,0
"678f6e1f6a3d68ee8c1533f5",35,"experience",12,12,26.3333333333333,5.45180907793204,17,35,-0.206282093856245,0
"678f6e1f6a3d68ee8c1533f5",36,"experience",2,2,16,4,12,20,0,0
"678f6e1f6a3d68ee8c1533f5",37,"experience",8,8,27,5.47722557505166,19,35,0,0
"678f6e1f6a3d68ee8c1533f5",38,"experience",6,6,21,4.32049379893857,15,27,0,0
"678f6e1f6a3d68ee8c1533f5",39,"experience",12,12,19.3333333333333,5.45180907793204,10,28,-0.206282093856245,0
"678f6e1f6a3d68ee8c1533f5",40,"experience",6,6,30,4.32049379893857,24,36,0,0
"678f6e1f6a3d68ee8c1533f5",41,"experience",2,2,24,4,20,28,0,0
"678f6e1f6a3d68ee8c1533f5",42,"experience",2,2,29,4,25,33,0,0
"678f6e1f6a3d68ee8c1533f5",43,"experience",6,6,28,4.32049379893857,22,34,0,0
"678f6e1f6a3d68ee8c1533f5",44,"experience",12,12,19.3333333333333,5.45180907793204,10,28,-0.206282093856245,0
"678f6e1f6a3d68ee8c1533f5",45,"experience",12,12,27.3333333333333,5.45180907793204,18,36,-0.206282093856245,0
"678f6e1f6a3d68ee8c1533f5",46,"experience",2,2,28,4,24,32,0,0
"678f6e1f6a3d68ee8c1533f5",47,"experience",8,8,18,5.47722557505166,10,26,0,0
"678f6e1f6a3d68ee8c1533f5",48,"experience",12,12,35.3333333333333,5.45180907793204,26,44,-0.206282093856247,0
"678f6e1f6a3d68ee8c1533f5",49,"experience",6,6,31,4.32049379893857,25,37,0,0
"678f6e1f6a3d68ee8c1533f5",50,"experience",8,8,33,5.47722557505166,25,41,0,0
"678f6e1f6a3d68ee8c1533f5",51,"experience",12,12,19.3333333333333,5.45180907793204,10,28,-0.206282093856245,0
"678f6e1f6a3d68ee8c1533f5",52,"experience",2,2,21,4,17,25,0,0
"678f6e1f6a3d68ee8c1533f5",53,"experience",6,6,20,4.32049379893857,14,26,0,0
"678f6e1f6a3d68ee8c1533f5",54,"experience",12,12,33.3333333333333,5.45180907793204,24,42,-0.206282093856247,0
"678f6e1f6a3d68ee8c1533f5",55,"experience",8,8,27,5.47722557505166,19,35,0,0
"678f6e1f6a3d68ee8c1533f5",56,"experience",2,2,18,4,14,22,0,0
"678f6e1f6a3d68ee8c1533f5",57,"experience",12,12,17.3333333333333,5.45180907793204,8,26,-0.206282093856245,0
"678f6e1f6a3d68ee8c1533f5",58,"experience",2,2,32,4,28,36,0,0
"678f6e1f6a3d68ee8c1533f5",59,"experience",2,2,15,4,11,19,0,0
"678f6e1f6a3d68ee8c1533f5",60,"experience",6,6,30,4.32049379893857,24,36,0,0
"678f6e1f6a3d68ee8c1533f5",61,"experience",6,6,36,4.32049379893857,30,42,0,0
"678f6e1f6a3d68ee8c1533f5",62,"experience",12,12,25.3333333333333,5.45180907793204,16,34,-0.206282093856245,0
"678f6e1f6a3d68ee8c1533f5",63,"experience",2,2,29,4,25,33,0,0
"678f6e1f6a3d68ee8c1533f5",64,"experience",6,6,16,4.32049379893857,10,22,0,0
"678f6e1f6a3d68ee8c1533f5",65,"experience",12,12,30.3333333333333,5.45180907793204,21,39,-0.206282093856245,0
"678f6e1f6a3d68ee8c1533f5",66,"experience",12,12,26.3333333333333,5.45180907793204,17,35,-0.206282093856245,0
"678f6e1f6a3d68ee8c1533f5",67,"experience",8,8,36,5.47722557505166,28,44,0,0
"678f6e1f6a3d68ee8c1533f5",68,"experience",12,12,31.3333333333333,5.45180907793204,22,40,-0.206282093856245,0
"678f6e1f6a3d68ee8c1533f5",69,"experience",12,12,25.3333333333333,5.45180907793204,16,34,-0.206282093856245,0
"678f6e1f6a3d68ee8c1533f5",70,"experience",2,2,32,4,28,36,0,0
"678f6e1f6a3d68ee8c1533f5",71,"experience",12,12,15.3333333333333,5.45180907793204,6,24,-0.206282093856245,0
"678f6e1f6a3d68ee8c1533f5",72,"experience",2,2,23,4,19,27,0,0
"678f6e1f6a3d68ee8c1533f5",73,"experience",2,2,33,4,29,37,0,0
"678f6e1f6a3d68ee8c1533f5",74,"experience",8,8,17,5.47722557505166,9,25,0,0
"678f6e1f6a3d68ee8c1533f5",75,"experience",2,2,31,4,27,35,0,0
"678f6e1f6a3d68ee8c1533f5",76,"experience",2,2,15,4,11,19,0,0
"678f6e1f6a3d68ee8c1533f5",77,"experience",2,2,29,4,25,33,0,0
"678f6e1f6a3d68ee8c1533f5",78,"experience",6,6,21,4.32049379893857,15,27,0,0
"678f6e1f6a3d68ee8c1533f5",79,"experience",6,6,34,4.32049379893857,28,40,0,0
"678f6e1f6a3d68ee8c1533f5",80,"experience",6,6,33,4.32049379893857,27,39,0,0
"678f6e1f6a3d68ee8c1533f5",81,"experience",6,6,29,4.32049379893857,23,35,0,0
"678f6e1f6a3d68ee8c1533f5",82,"experience",12,12,18.3333333333333,5.45180907793204,9,27,-0.206282093856245,0
"678f6e1f6a3d68ee8c1533f5",83,"experience",12,12,30.3333333333333,5.45180907793204,21,39,-0.206282093856245,0
"678f6e1f6a3d68ee8c1533f5",84,"experience",6,6,17,4.32049379893857,11,23,0,0
"678f6e1f6a3d68ee8c1533f5",85,"experience",8,8,14,5.47722557505166,6,22,0,0
"678f6e1f6a3d68ee8c1533f5",86,"experience",6,6,21,4.32049379893857,15,27,0,0
"678f6e1f6a3d68ee8c1533f5",87,"experience",12,12,27.3333333333333,5.45180907793204,18,36,-0.206282093856245,0
"678f6e1f6a3d68ee8c1533f5",88,"experience",6,6,28,4.32049379893857,22,34,0,0
"678f6e1f6a3d68ee8c1533f5",89,"experience",8,8,19,5.47722557505166,11,27,0,0
"678f6e1f6a3d68ee8c1533f5",90,"experience",2,2,20,4,16,24,0,0
"678f6e1f6a3d68ee8c1533f5",91,"experience",12,12,34.3333333333333,5.45180907793204,25,43,-0.206282093856247,0
"678f6e1f6a3d68ee8c1533f5",92,"experience",12,12,30.3333333333333,5.45180907793204,21,39,-0.206282093856245,0
"678f6e1f6a3d68ee8c1533f5",93,"experience",8,8,17,5.47722557505166,9,25,0,0
"678f6e1f6a3d68ee8c1533f5",94,"experience",8,8,33,5.47722557505166,25,41,0,0
"678f6e1f6a3d68ee8c1533f5",95,"experience",6,6,23,4.32049379893857,17,29,0,0
"678f6e1f6a3d68ee8c1533f5",96,"experience",8,8,34,5.47722557505166,26,42,0,0
"678f6e1f6a3d68ee8c1533f5",97,"experience",6,6,18,4.32049379893857,12,24,0,0
"678f6e1f6a3d68ee8c1533f5",98,"experience",8,8,25,5.47722557505166,17,33,0,0
"678f6e1f6a3d68ee8c1533f5",99,"experience",2,2,21,4,17,25,0,0
"678f6e1f6a3d68ee8c1533f5",100,"experience",12,12,33.3333333333333,5.45180907793204,24,42,-0.206282093856247,0
"678f6e1f6a3d68ee8c1533f5",101,"experience",2,2,29,4,25,33,0,0
"678f6e1f6a3d68ee8c1533f5",102,"experience",8,8,36,5.47722557505166,28,44,0,0
"678f6e1f6a3d68ee8c1533f5",103,"experience",8,8,29,5.47722557505166,21,37,0,0
"678f6e1f6a3d68ee8c1533f5",104,"experience",6,6,24,4.32049379893857,18,30,0,0
"678f6e1f6a3d68ee8c1533f5",105,"experience",2,2,35,4,31,39,0,0
"678f6e1f6a3d68ee8c1533f5",106,"experience",8,8,20,5.47722557505166,12,28,0,0
"678f6e1f6a3d68ee8c1533f5",107,"experience",2,2,19,4,15,23,0,0
"678f6e1f6a3d68ee8c1533f5",108,"experience",12,12,18.3333333333333,5.45180907793204,9,27,-0.206282093856245,0
"678f6e1f6a3d68ee8c1533f5",109,"experience",6,6,23,4.32049379893857,17,29,0,0
"678f6e1f6a3d68ee8c1533f5",110,"experience",12,12,29.3333333333333,5.45180907793204,20,38,-0.206282093856245,0
"678f6e1f6a3d68ee8c1533f5",111,"experience",6,6,27,4.32049379893857,21,33,0,0
"678f6e1f6a3d68ee8c1533f5",112,"experience",8,8,34,5.47722557505166,26,42,0,0
"678f6e1f6a3d68ee8c1533f5",113,"experience",8,8,23,5.47722557505166,15,31,0,0
"678f6e1f6a3d68ee8c1533f5",114,"experience",12,12,31.3333333333333,5.45180907793204,22,40,-0.206282093856245,0
"678f6e1f6a3d68ee8c1533f5",115,"experience",12,12,35.3333333333333,5.45180907793204,26,44,-0.206282093856247,0
"678f6e1f6a3d68ee8c1533f5",116,"experience",2,2,28,4,24,32,0,0
