"participant_id","trial","array_length","item_sd","n_items","condition","level","experiment"
"676f2ff678d74407b518207d",2,2,6.5,2,"experience",2,"short_exposure"
"676f2ff678d74407b518207d",5,10,5.67538544946509,10,"experience",10,"short_exposure"
"676f2ff678d74407b518207d",7,2,1,2,"experience",2,"short_exposure"
"676f2ff678d74407b518207d",8,2,4,2,"experience",2,"short_exposure"
"676f2ff678d74407b518207d",21,2,4,2,"experience",2,"short_exposure"
"676f2ff678d74407b518207d",22,10,5.9464274989274,10,"experience",10,"short_exposure"
"676f2ff678d74407b518207d",23,2,4,2,"experience",2,"short_exposure"
"676f2ff678d74407b518207d",24,10,5.9464274989274,10,"experience",10,"short_exposure"
"676f2ff678d74407b518207d",25,2,4,2,"experience",2,"short_exposure"
"676f2ff678d74407b518207d",26,2,4,2,"experience",2,"short_exposure"
"676f2ff678d74407b518207d",27,10,5.9464274989274,10,"experience",10,"short_exposure"
"676f2ff678d74407b518207d",28,10,5.9464274989274,10,"experience",10,"short_exposure"
"676f2ff678d74407b518207d",29,20,5.5,20,"experience",20,"short_exposure"
"676f2ff678d74407b518207d",30,2,4,2,"experience",2,"short_exposure"
"676f2ff678d74407b518207d",31,2,4,2,"experience",2,"short_exposure"
"676f2ff678d74407b518207d",32,20,5.5,20,"experience",20,"short_exposure"
"676f2ff678d74407b518207d",33,2,4,2,"experience",2,"short_exposure"
"676f2ff678d74407b518207d",34,10,5.9464274989274,10,"experience",10,"short_exposure"
"676f2ff678d74407b518207d",35,20,5.5,20,"experience",20,"short_exposure"
"676f2ff678d74407b518207d",36,2,4,2,"experience",2,"short_exposure"
"676f2ff678d74407b518207d",37,20,5.5,20,"experience",20,"short_exposure"
"676f2ff678d74407b518207d",38,2,4,2,"experience",2,"short_exposure"
"676f2ff678d74407b518207d",39,10,5.9464274989274,10,"experience",10,"short_exposure"
"676f2ff678d74407b518207d",40,2,4,2,"experience",2,"short_exposure"
"676f2ff678d74407b518207d",41,20,5.5,20,"experience",20,"short_exposure"
"676f2ff678d74407b518207d",42,10,5.9464274989274,10,"experience",10,"short_exposure"
"676f2ff678d74407b518207d",43,2,4,2,"experience",2,"short_exposure"
"676f2ff678d74407b518207d",44,10,5.9464274989274,10,"experience",10,"short_exposure"
"676f2ff678d74407b518207d",45,20,5.5,20,"experience",20,"short_exposure"
"676f2ff678d74407b518207d",46,20,5.5,20,"experience",20,"short_exposure"
"676f2ff678d74407b518207d",47,20,5.5,20,"experience",20,"short_exposure"
"676f2ff678d74407b518207d",48,10,5.9464274989274,10,"experience",10,"short_exposure"
"676f2ff678d74407b518207d",49,10,5.9464274989274,10,"experience",10,"short_exposure"
"676f2ff678d74407b518207d",50,10,5.9464274989274,10,"experience",10,"short_exposure"
"676f2ff678d74407b518207d",51,20,5.5,20,"experience",20,"short_exposure"
"676f2ff678d74407b518207d",52,20,5.5,20,"experience",20,"short_exposure"
"676f2ff678d74407b518207d",53,10,5.9464274989274,10,"experience",10,"short_exposure"
"676f2ff678d74407b518207d",54,10,5.9464274989274,10,"experience",10,"short_exposure"
"676f2ff678d74407b518207d",55,20,5.5,20,"experience",20,"short_exposure"
"676f2ff678d74407b518207d",56,20,5.5,20,"experience",20,"short_exposure"
"676f2ff678d74407b518207d",57,2,4,2,"experience",2,"short_exposure"
"676f2ff678d74407b518207d",58,2,4,2,"experience",2,"short_exposure"
"676f2ff678d74407b518207d",59,2,4,2,"experience",2,"short_exposure"
"676f2ff678d74407b518207d",60,20,5.5,20,"experience",20,"short_exposure"
"676f2ff678d74407b518207d",61,2,4,2,"experience",2,"short_exposure"
"676f2ff678d74407b518207d",62,2,4,2,"experience",2,"short_exposure"
"676f2ff678d74407b518207d",63,10,5.9464274989274,10,"experience",10,"short_exposure"
"676f2ff678d74407b518207d",64,20,5.5,20,"experience",20,"short_exposure"
"676f2ff678d74407b518207d",65,20,5.5,20,"experience",20,"short_exposure"
"676f2ff678d74407b518207d",66,10,5.9464274989274,10,"experience",10,"short_exposure"
"676f2ff678d74407b518207d",67,20,5.5,20,"experience",20,"short_exposure"
"676f2ff678d74407b518207d",68,10,5.9464274989274,10,"experience",10,"short_exposure"
"676f2ff678d74407b518207d",69,2,4,2,"experience",2,"short_exposure"
"676f2ff678d74407b518207d",70,10,5.9464274989274,10,"experience",10,"short_exposure"
"676f2ff678d74407b518207d",71,20,5.5,20,"experience",20,"short_exposure"
"676f2ff678d74407b518207d",72,2,4,2,"experience",2,"short_exposure"
"676f2ff678d74407b518207d",73,20,5.5,20,"experience",20,"short_exposure"
"676f2ff678d74407b518207d",74,10,5.9464274989274,10,"experience",10,"short_exposure"
"676f2ff678d74407b518207d",75,10,5.9464274989274,10,"experience",10,"short_exposure"
"676f2ff678d74407b518207d",76,10,5.9464274989274,10,"experience",10,"short_exposure"
"676f2ff678d74407b518207d",77,10,5.9464274989274,10,"experience",10,"short_exposure"
"676f2ff678d74407b518207d",78,20,5.5,20,"experience",20,"short_exposure"
"676f2ff678d74407b518207d",79,20,5.5,20,"experience",20,"short_exposure"
"676f2ff678d74407b518207d",80,2,4,2,"experience",2,"short_exposure"
"676f2ff678d74407b518207d",81,2,4,2,"experience",2,"short_exposure"
"676f2ff678d74407b518207d",82,20,5.5,20,"experience",20,"short_exposure"
"676f2ff678d74407b518207d",83,20,5.5,20,"experience",20,"short_exposure"
"676f2ff678d74407b518207d",84,2,4,2,"experience",2,"short_exposure"
"676f2ff678d74407b518207d",85,2,4,2,"experience",2,"short_exposure"
"676f2ff678d74407b518207d",86,10,5.9464274989274,10,"experience",10,"short_exposure"
"676f2ff678d74407b518207d",87,2,4,2,"experience",2,"short_exposure"
"676f2ff678d74407b518207d",88,10,5.9464274989274,10,"experience",10,"short_exposure"
"676f2ff678d74407b518207d",89,10,5.9464274989274,10,"experience",10,"short_exposure"
"676f2ff678d74407b518207d",90,20,5.5,20,"experience",20,"short_exposure"
"676f2ff678d74407b518207d",91,10,5.9464274989274,10,"experience",10,"short_exposure"
"676f2ff678d74407b518207d",92,20,5.5,20,"experience",20,"short_exposure"
"676f2ff678d74407b518207d",93,10,5.9464274989274,10,"experience",10,"short_exposure"
"676f2ff678d74407b518207d",94,10,5.9464274989274,10,"experience",10,"short_exposure"
"676f2ff678d74407b518207d",95,20,5.5,20,"experience",20,"short_exposure"
"676f2ff678d74407b518207d",96,2,4,2,"experience",2,"short_exposure"
"676f2ff678d74407b518207d",97,20,5.5,20,"experience",20,"short_exposure"
"676f2ff678d74407b518207d",98,2,4,2,"experience",2,"short_exposure"
"676f2ff678d74407b518207d",99,2,4,2,"experience",2,"short_exposure"
"676f2ff678d74407b518207d",100,2,4,2,"experience",2,"short_exposure"
"676f2ff678d74407b518207d",101,20,5.5,20,"experience",20,"short_exposure"
"676f2ff678d74407b518207d",102,2,4,2,"experience",2,"short_exposure"
"676f2ff678d74407b518207d",103,2,4,2,"experience",2,"short_exposure"
"676f2ff678d74407b518207d",104,20,5.5,20,"experience",20,"short_exposure"
"676f2ff678d74407b518207d",105,2,4,2,"experience",2,"short_exposure"
"676f2ff678d74407b518207d",106,10,5.9464274989274,10,"experience",10,"short_exposure"
"676f2ff678d74407b518207d",107,10,5.9464274989274,10,"experience",10,"short_exposure"
"676f2ff678d74407b518207d",108,10,5.9464274989274,10,"experience",10,"short_exposure"
"676f2ff678d74407b518207d",109,20,5.5,20,"experience",20,"short_exposure"
"676f2ff678d74407b518207d",110,2,4,2,"experience",2,"short_exposure"
"676f2ff678d74407b518207d",111,20,5.5,20,"experience",20,"short_exposure"
"676f2ff678d74407b518207d",112,10,5.9464274989274,10,"experience",10,"short_exposure"
"676f2ff678d74407b518207d",113,2,4,2,"experience",2,"short_exposure"
"676f2ff678d74407b518207d",114,10,5.9464274989274,10,"experience",10,"short_exposure"
"676f2ff678d74407b518207d",115,20,5.5,20,"experience",20,"short_exposure"
"676f2ff678d74407b518207d",116,20,5.5,20,"experience",20,"short_exposure"
"59205f5005b0ce000123c6e6",4,2,2.5,2,"experience",2,"short_exposure"
"59205f5005b0ce000123c6e6",7,10,5.28109837060436,10,"experience",10,"short_exposure"
"59205f5005b0ce000123c6e6",8,2,4,2,"experience",2,"short_exposure"
"59205f5005b0ce000123c6e6",20,2,1,2,"experience",2,"short_exposure"
"59205f5005b0ce000123c6e6",21,10,5.9464274989274,10,"experience",10,"short_exposure"
"59205f5005b0ce000123c6e6",22,2,4,2,"experience",2,"short_exposure"
"59205f5005b0ce000123c6e6",23,10,5.9464274989274,10,"experience",10,"short_exposure"
"59205f5005b0ce000123c6e6",24,20,5.5,20,"experience",20,"short_exposure"
"59205f5005b0ce000123c6e6",25,10,5.9464274989274,10,"experience",10,"short_exposure"
"59205f5005b0ce000123c6e6",26,2,4,2,"experience",2,"short_exposure"
"59205f5005b0ce000123c6e6",27,20,5.5,20,"experience",20,"short_exposure"
"59205f5005b0ce000123c6e6",28,2,4,2,"experience",2,"short_exposure"
"59205f5005b0ce000123c6e6",29,10,5.9464274989274,10,"experience",10,"short_exposure"
"59205f5005b0ce000123c6e6",30,20,5.5,20,"experience",20,"short_exposure"
"59205f5005b0ce000123c6e6",31,10,5.9464274989274,10,"experience",10,"short_exposure"
"59205f5005b0ce000123c6e6",32,20,5.5,20,"experience",20,"short_exposure"
"59205f5005b0ce000123c6e6",33,20,5.5,20,"experience",20,"short_exposure"
"59205f5005b0ce000123c6e6",34,20,5.5,20,"experience",20,"short_exposure"
"59205f5005b0ce000123c6e6",35,10,5.9464274989274,10,"experience",10,"short_exposure"
"59205f5005b0ce000123c6e6",36,2,4,2,"experience",2,"short_exposure"
"59205f5005b0ce000123c6e6",37,20,5.5,20,"experience",20,"short_exposure"
"59205f5005b0ce000123c6e6",38,2,4,2,"experience",2,"short_exposure"
"59205f5005b0ce000123c6e6",39,20,5.5,20,"experience",20,"short_exposure"
"59205f5005b0ce000123c6e6",40,10,5.9464274989274,10,"experience",10,"short_exposure"
"59205f5005b0ce000123c6e6",41,10,5.9464274989274,10,"experience",10,"short_exposure"
"59205f5005b0ce000123c6e6",42,10,5.9464274989274,10,"experience",10,"short_exposure"
"59205f5005b0ce000123c6e6",43,2,4,2,"experience",2,"short_exposure"
"59205f5005b0ce000123c6e6",44,20,5.5,20,"experience",20,"short_exposure"
"59205f5005b0ce000123c6e6",45,2,4,2,"experience",2,"short_exposure"
"59205f5005b0ce000123c6e6",46,10,5.9464274989274,10,"experience",10,"short_exposure"
"59205f5005b0ce000123c6e6",47,2,4,2,"experience",2,"short_exposure"
"59205f5005b0ce000123c6e6",48,2,4,2,"experience",2,"short_exposure"
"59205f5005b0ce000123c6e6",49,10,5.9464274989274,10,"experience",10,"short_exposure"
"59205f5005b0ce000123c6e6",50,20,5.5,20,"experience",20,"short_exposure"
"59205f5005b0ce000123c6e6",51,2,4,2,"experience",2,"short_exposure"
"59205f5005b0ce000123c6e6",52,2,4,2,"experience",2,"short_exposure"
"59205f5005b0ce000123c6e6",53,2,4,2,"experience",2,"short_exposure"
"59205f5005b0ce000123c6e6",54,20,5.5,20,"experience",20,"short_exposure"
"59205f5005b0ce000123c6e6",55,2,4,2,"experience",2,"short_exposure"
"59205f5005b0ce000123c6e6",56,10,5.9464274989274,10,"experience",10,"short_exposure"
"59205f5005b0ce000123c6e6",57,20,5.5,20,"experience",20,"short_exposure"
"59205f5005b0ce000123c6e6",58,10,5.9464274989274,10,"experience",10,"short_exposure"
"59205f5005b0ce000123c6e6",59,2,4,2,"experience",2,"short_exposure"
"59205f5005b0ce000123c6e6",60,20,5.5,20,"experience",20,"short_exposure"
"59205f5005b0ce000123c6e6",61,20,5.5,20,"experience",20,"short_exposure"
"59205f5005b0ce000123c6e6",62,2,4,2,"experience",2,"short_exposure"
"59205f5005b0ce000123c6e6",63,10,5.9464274989274,10,"experience",10,"short_exposure"
"59205f5005b0ce000123c6e6",64,10,5.9464274989274,10,"experience",10,"short_exposure"
"59205f5005b0ce000123c6e6",65,10,5.9464274989274,10,"experience",10,"short_exposure"
"59205f5005b0ce000123c6e6",66,20,5.5,20,"experience",20,"short_exposure"
"59205f5005b0ce000123c6e6",67,20,5.5,20,"experience",20,"short_exposure"
"59205f5005b0ce000123c6e6",68,2,4,2,"experience",2,"short_exposure"
"59205f5005b0ce000123c6e6",69,20,5.5,20,"experience",20,"short_exposure"
"59205f5005b0ce000123c6e6",70,10,5.9464274989274,10,"experience",10,"short_exposure"
"59205f5005b0ce000123c6e6",71,20,5.5,20,"experience",20,"short_exposure"
"59205f5005b0ce000123c6e6",72,10,5.9464274989274,10,"experience",10,"short_exposure"
"59205f5005b0ce000123c6e6",73,10,5.9464274989274,10,"experience",10,"short_exposure"
"59205f5005b0ce000123c6e6",74,2,4,2,"experience",2,"short_exposure"
"59205f5005b0ce000123c6e6",75,2,4,2,"experience",2,"short_exposure"
"59205f5005b0ce000123c6e6",76,20,5.5,20,"experience",20,"short_exposure"
"59205f5005b0ce000123c6e6",77,10,5.9464274989274,10,"experience",10,"short_exposure"
"59205f5005b0ce000123c6e6",78,2,4,2,"experience",2,"short_exposure"
"59205f5005b0ce000123c6e6",79,2,4,2,"experience",2,"short_exposure"
"59205f5005b0ce000123c6e6",80,10,5.9464274989274,10,"experience",10,"short_exposure"
"59205f5005b0ce000123c6e6",81,20,5.5,20,"experience",20,"short_exposure"
"59205f5005b0ce000123c6e6",82,2,4,2,"experience",2,"short_exposure"
"59205f5005b0ce000123c6e6",83,20,5.5,20,"experience",20,"short_exposure"
"59205f5005b0ce000123c6e6",84,10,5.9464274989274,10,"experience",10,"short_exposure"
"59205f5005b0ce000123c6e6",85,2,4,2,"experience",2,"short_exposure"
"59205f5005b0ce000123c6e6",86,20,5.5,20,"experience",20,"short_exposure"
"59205f5005b0ce000123c6e6",87,2,4,2,"experience",2,"short_exposure"
"59205f5005b0ce000123c6e6",88,2,4,2,"experience",2,"short_exposure"
"59205f5005b0ce000123c6e6",89,20,5.5,20,"experience",20,"short_exposure"
"59205f5005b0ce000123c6e6",90,2,4,2,"experience",2,"short_exposure"
"59205f5005b0ce000123c6e6",91,10,5.9464274989274,10,"experience",10,"short_exposure"
"59205f5005b0ce000123c6e6",92,20,5.5,20,"experience",20,"short_exposure"
"59205f5005b0ce000123c6e6",93,20,5.5,20,"experience",20,"short_exposure"
"59205f5005b0ce000123c6e6",94,10,5.9464274989274,10,"experience",10,"short_exposure"
"59205f5005b0ce000123c6e6",95,10,5.9464274989274,10,"experience",10,"short_exposure"
"59205f5005b0ce000123c6e6",96,2,4,2,"experience",2,"short_exposure"
"59205f5005b0ce000123c6e6",97,10,5.9464274989274,10,"experience",10,"short_exposure"
"59205f5005b0ce000123c6e6",98,2,4,2,"experience",2,"short_exposure"
"59205f5005b0ce000123c6e6",99,2,4,2,"experience",2,"short_exposure"
"59205f5005b0ce000123c6e6",100,2,4,2,"experience",2,"short_exposure"
"59205f5005b0ce000123c6e6",101,20,5.5,20,"experience",20,"short_exposure"
"59205f5005b0ce000123c6e6",102,10,5.9464274989274,10,"experience",10,"short_exposure"
"59205f5005b0ce000123c6e6",103,2,4,2,"experience",2,"short_exposure"
"59205f5005b0ce000123c6e6",104,10,5.9464274989274,10,"experience",10,"short_exposure"
"59205f5005b0ce000123c6e6",105,10,5.9464274989274,10,"experience",10,"short_exposure"
"59205f5005b0ce000123c6e6",106,20,5.5,20,"experience",20,"short_exposure"
"59205f5005b0ce000123c6e6",107,20,5.5,20,"experience",20,"short_exposure"
"59205f5005b0ce000123c6e6",108,10,5.9464274989274,10,"experience",10,"short_exposure"
"59205f5005b0ce000123c6e6",109,20,5.5,20,"experience",20,"short_exposure"
"59205f5005b0ce000123c6e6",110,10,5.9464274989274,10,"experience",10,"short_exposure"
"59205f5005b0ce000123c6e6",111,2,4,2,"experience",2,"short_exposure"
"59205f5005b0ce000123c6e6",112,20,5.5,20,"experience",20,"short_exposure"
"59205f5005b0ce000123c6e6",113,10,5.9464274989274,10,"experience",10,"short_exposure"
"59205f5005b0ce000123c6e6",114,20,5.5,20,"experience",20,"short_exposure"
"59205f5005b0ce000123c6e6",115,2,4,2,"experience",2,"short_exposure"
"59205f5005b0ce000123c6e6",116,20,5.5,20,"experience",20,"short_exposure"
"56b53292a9d33a000c8981a6",1,10,5.28772162656091,10,"experience",10,"short_exposure"
"56b53292a9d33a000c8981a6",12,10,5.25737577123797,10,"experience",10,"short_exposure"
"56b53292a9d33a000c8981a6",21,20,5.5,20,"experience",20,"short_exposure"
"56b53292a9d33a000c8981a6",22,20,5.5,20,"experience",20,"short_exposure"
"56b53292a9d33a000c8981a6",23,10,5.9464274989274,10,"experience",10,"short_exposure"
"56b53292a9d33a000c8981a6",24,20,5.5,20,"experience",20,"short_exposure"
"56b53292a9d33a000c8981a6",25,20,5.5,20,"experience",20,"short_exposure"
"56b53292a9d33a000c8981a6",26,20,5.5,20,"experience",20,"short_exposure"
"56b53292a9d33a000c8981a6",27,2,4,2,"experience",2,"short_exposure"
"56b53292a9d33a000c8981a6",28,10,5.9464274989274,10,"experience",10,"short_exposure"
"56b53292a9d33a000c8981a6",29,20,5.5,20,"experience",20,"short_exposure"
"56b53292a9d33a000c8981a6",30,20,5.5,20,"experience",20,"short_exposure"
"56b53292a9d33a000c8981a6",31,2,4,2,"experience",2,"short_exposure"
"56b53292a9d33a000c8981a6",32,20,5.5,20,"experience",20,"short_exposure"
"56b53292a9d33a000c8981a6",33,20,5.5,20,"experience",20,"short_exposure"
"56b53292a9d33a000c8981a6",34,20,5.5,20,"experience",20,"short_exposure"
"56b53292a9d33a000c8981a6",35,2,4,2,"experience",2,"short_exposure"
"56b53292a9d33a000c8981a6",36,20,5.5,20,"experience",20,"short_exposure"
"56b53292a9d33a000c8981a6",37,20,5.5,20,"experience",20,"short_exposure"
"56b53292a9d33a000c8981a6",38,10,5.9464274989274,10,"experience",10,"short_exposure"
"56b53292a9d33a000c8981a6",39,20,5.5,20,"experience",20,"short_exposure"
"56b53292a9d33a000c8981a6",40,20,5.5,20,"experience",20,"short_exposure"
"56b53292a9d33a000c8981a6",41,2,4,2,"experience",2,"short_exposure"
"56b53292a9d33a000c8981a6",42,20,5.5,20,"experience",20,"short_exposure"
"56b53292a9d33a000c8981a6",43,20,5.5,20,"experience",20,"short_exposure"
"56b53292a9d33a000c8981a6",44,2,4,2,"experience",2,"short_exposure"
"56b53292a9d33a000c8981a6",45,2,4,2,"experience",2,"short_exposure"
"56b53292a9d33a000c8981a6",46,2,4,2,"experience",2,"short_exposure"
"56b53292a9d33a000c8981a6",47,2,4,2,"experience",2,"short_exposure"
"56b53292a9d33a000c8981a6",48,2,4,2,"experience",2,"short_exposure"
"56b53292a9d33a000c8981a6",49,2,4,2,"experience",2,"short_exposure"
"56b53292a9d33a000c8981a6",50,10,5.9464274989274,10,"experience",10,"short_exposure"
"56b53292a9d33a000c8981a6",51,10,5.9464274989274,10,"experience",10,"short_exposure"
"56b53292a9d33a000c8981a6",52,2,4,2,"experience",2,"short_exposure"
"56b53292a9d33a000c8981a6",53,10,5.9464274989274,10,"experience",10,"short_exposure"
"56b53292a9d33a000c8981a6",54,2,4,2,"experience",2,"short_exposure"
"56b53292a9d33a000c8981a6",55,2,4,2,"experience",2,"short_exposure"
"56b53292a9d33a000c8981a6",56,2,4,2,"experience",2,"short_exposure"
"56b53292a9d33a000c8981a6",57,2,4,2,"experience",2,"short_exposure"
"56b53292a9d33a000c8981a6",58,2,4,2,"experience",2,"short_exposure"
"56b53292a9d33a000c8981a6",59,10,5.9464274989274,10,"experience",10,"short_exposure"
"56b53292a9d33a000c8981a6",60,10,5.9464274989274,10,"experience",10,"short_exposure"
"56b53292a9d33a000c8981a6",61,10,5.9464274989274,10,"experience",10,"short_exposure"
"56b53292a9d33a000c8981a6",62,10,5.9464274989274,10,"experience",10,"short_exposure"
"56b53292a9d33a000c8981a6",63,10,5.9464274989274,10,"experience",10,"short_exposure"
"56b53292a9d33a000c8981a6",64,10,5.9464274989274,10,"experience",10,"short_exposure"
"56b53292a9d33a000c8981a6",65,10,5.9464274989274,10,"experience",10,"short_exposure"
"56b53292a9d33a000c8981a6",66,10,5.9464274989274,10,"experience",10,"short_exposure"
"56b53292a9d33a000c8981a6",67,10,5.9464274989274,10,"experience",10,"short_exposure"
"56b53292a9d33a000c8981a6",68,10,5.9464274989274,10,"experience",10,"short_exposure"
"56b53292a9d33a000c8981a6",69,2,4,2,"experience",2,"short_exposure"
"56b53292a9d33a000c8981a6",70,2,4,2,"experience",2,"short_exposure"
"56b53292a9d33a000c8981a6",71,2,4,2,"experience",2,"short_exposure"
"56b53292a9d33a000c8981a6",72,10,5.9464274989274,10,"experience",10,"short_exposure"
"56b53292a9d33a000c8981a6",73,2,4,2,"experience",2,"short_exposure"
"56b53292a9d33a000c8981a6",74,10,5.9464274989274,10,"experience",10,"short_exposure"
"56b53292a9d33a000c8981a6",75,10,5.9464274989274,10,"experience",10,"short_exposure"
"56b53292a9d33a000c8981a6",76,10,5.9464274989274,10,"experience",10,"short_exposure"
"56b53292a9d33a000c8981a6",77,2,4,2,"experience",2,"short_exposure"
"56b53292a9d33a000c8981a6",78,10,5.9464274989274,10,"experience",10,"short_exposure"
"56b53292a9d33a000c8981a6",79,2,4,2,"experience",2,"short_exposure"
"56b53292a9d33a000c8981a6",80,2,4,2,"experience",2,"short_exposure"
"56b53292a9d33a000c8981a6",81,10,5.9464274989274,10,"experience",10,"short_exposure"
"56b53292a9d33a000c8981a6",82,10,5.9464274989274,10,"experience",10,"short_exposure"
"56b53292a9d33a000c8981a6",83,10,5.9464274989274,10,"experience",10,"short_exposure"
"56b53292a9d33a000c8981a6",84,2,4,2,"experience",2,"short_exposure"
"56b53292a9d33a000c8981a6",85,10,5.9464274989274,10,"experience",10,"short_exposure"
"56b53292a9d33a000c8981a6",86,2,4,2,"experience",2,"short_exposure"
"56b53292a9d33a000c8981a6",87,2,4,2,"experience",2,"short_exposure"
"56b53292a9d33a000c8981a6",88,10,5.9464274989274,10,"experience",10,"short_exposure"
"56b53292a9d33a000c8981a6",89,2,4,2,"experience",2,"short_exposure"
"56b53292a9d33a000c8981a6",90,2,4,2,"experience",2,"short_exposure"
"56b53292a9d33a000c8981a6",91,10,5.9464274989274,10,"experience",10,"short_exposure"
"56b53292a9d33a000c8981a6",92,10,5.9464274989274,10,"experience",10,"short_exposure"
"56b53292a9d33a000c8981a6",93,2,4,2,"experience",2,"short_exposure"
"56b53292a9d33a000c8981a6",94,10,5.9464274989274,10,"experience",10,"short_exposure"
"56b53292a9d33a000c8981a6",95,2,4,2,"experience",2,"short_exposure"
"56b53292a9d33a000c8981a6",96,2,4,2,"experience",2,"short_exposure"
"56b53292a9d33a000c8981a6",97,2,4,2,"experience",2,"short_exposure"
"56b53292a9d33a000c8981a6",98,10,5.9464274989274,10,"experience",10,"short_exposure"
"56b53292a9d33a000c8981a6",99,10,5.9464274989274,10,"experience",10,"short_exposure"
"56b53292a9d33a000c8981a6",100,10,5.9464274989274,10,"experience",10,"short_exposure"
"56b53292a9d33a000c8981a6",101,20,5.5,20,"experience",20,"short_exposure"
"56b53292a9d33a000c8981a6",102,20,5.5,20,"experience",20,"short_exposure"
"56b53292a9d33a000c8981a6",103,20,5.5,20,"experience",20,"short_exposure"
"56b53292a9d33a000c8981a6",104,20,5.5,20,"experience",20,"short_exposure"
"56b53292a9d33a000c8981a6",105,20,5.5,20,"experience",20,"short_exposure"
"56b53292a9d33a000c8981a6",106,20,5.5,20,"experience",20,"short_exposure"
"56b53292a9d33a000c8981a6",107,20,5.5,20,"experience",20,"short_exposure"
"56b53292a9d33a000c8981a6",108,20,5.5,20,"experience",20,"short_exposure"
"56b53292a9d33a000c8981a6",109,20,5.5,20,"experience",20,"short_exposure"
"56b53292a9d33a000c8981a6",110,20,5.5,20,"experience",20,"short_exposure"
"56b53292a9d33a000c8981a6",111,20,5.5,20,"experience",20,"short_exposure"
"56b53292a9d33a000c8981a6",112,20,5.5,20,"experience",20,"short_exposure"
"56b53292a9d33a000c8981a6",113,20,5.5,20,"experience",20,"short_exposure"
"56b53292a9d33a000c8981a6",114,20,5.5,20,"experience",20,"short_exposure"
"56b53292a9d33a000c8981a6",115,20,5.5,20,"experience",20,"short_exposure"
"56b53292a9d33a000c8981a6",116,20,5.5,20,"experience",20,"short_exposure"
"56b53292a9d33a000c8981a6",1,10,5.28772162656091,10,"experience",10,"short_exposure"
"56b53292a9d33a000c8981a6",12,10,5.25737577123797,10,"experience",10,"short_exposure"
"56b53292a9d33a000c8981a6",21,20,5.5,20,"experience",20,"short_exposure"
"56b53292a9d33a000c8981a6",22,20,5.5,20,"experience",20,"short_exposure"
"56b53292a9d33a000c8981a6",23,10,5.9464274989274,10,"experience",10,"short_exposure"
"56b53292a9d33a000c8981a6",24,20,5.5,20,"experience",20,"short_exposure"
"56b53292a9d33a000c8981a6",25,20,5.5,20,"experience",20,"short_exposure"
"56b53292a9d33a000c8981a6",26,20,5.5,20,"experience",20,"short_exposure"
"56b53292a9d33a000c8981a6",27,2,4,2,"experience",2,"short_exposure"
"56b53292a9d33a000c8981a6",28,10,5.9464274989274,10,"experience",10,"short_exposure"
"56b53292a9d33a000c8981a6",29,20,5.5,20,"experience",20,"short_exposure"
"56b53292a9d33a000c8981a6",30,20,5.5,20,"experience",20,"short_exposure"
"56b53292a9d33a000c8981a6",31,2,4,2,"experience",2,"short_exposure"
"56b53292a9d33a000c8981a6",32,20,5.5,20,"experience",20,"short_exposure"
"56b53292a9d33a000c8981a6",33,20,5.5,20,"experience",20,"short_exposure"
"56b53292a9d33a000c8981a6",34,20,5.5,20,"experience",20,"short_exposure"
"56b53292a9d33a000c8981a6",35,2,4,2,"experience",2,"short_exposure"
"56b53292a9d33a000c8981a6",36,20,5.5,20,"experience",20,"short_exposure"
"56b53292a9d33a000c8981a6",37,20,5.5,20,"experience",20,"short_exposure"
"56b53292a9d33a000c8981a6",38,10,5.9464274989274,10,"experience",10,"short_exposure"
"56b53292a9d33a000c8981a6",39,20,5.5,20,"experience",20,"short_exposure"
"56b53292a9d33a000c8981a6",40,20,5.5,20,"experience",20,"short_exposure"
"56b53292a9d33a000c8981a6",41,2,4,2,"experience",2,"short_exposure"
"56b53292a9d33a000c8981a6",42,20,5.5,20,"experience",20,"short_exposure"
"56b53292a9d33a000c8981a6",43,20,5.5,20,"experience",20,"short_exposure"
"56b53292a9d33a000c8981a6",44,2,4,2,"experience",2,"short_exposure"
"56b53292a9d33a000c8981a6",45,2,4,2,"experience",2,"short_exposure"
"56b53292a9d33a000c8981a6",46,2,4,2,"experience",2,"short_exposure"
"56b53292a9d33a000c8981a6",47,2,4,2,"experience",2,"short_exposure"
"56b53292a9d33a000c8981a6",48,2,4,2,"experience",2,"short_exposure"
"56b53292a9d33a000c8981a6",49,2,4,2,"experience",2,"short_exposure"
"56b53292a9d33a000c8981a6",50,10,5.9464274989274,10,"experience",10,"short_exposure"
"56b53292a9d33a000c8981a6",51,10,5.9464274989274,10,"experience",10,"short_exposure"
"56b53292a9d33a000c8981a6",52,2,4,2,"experience",2,"short_exposure"
"56b53292a9d33a000c8981a6",53,10,5.9464274989274,10,"experience",10,"short_exposure"
"56b53292a9d33a000c8981a6",54,2,4,2,"experience",2,"short_exposure"
"56b53292a9d33a000c8981a6",55,2,4,2,"experience",2,"short_exposure"
"56b53292a9d33a000c8981a6",56,2,4,2,"experience",2,"short_exposure"
"56b53292a9d33a000c8981a6",57,2,4,2,"experience",2,"short_exposure"
"56b53292a9d33a000c8981a6",58,2,4,2,"experience",2,"short_exposure"
"56b53292a9d33a000c8981a6",59,10,5.9464274989274,10,"experience",10,"short_exposure"
"56b53292a9d33a000c8981a6",60,10,5.9464274989274,10,"experience",10,"short_exposure"
"56b53292a9d33a000c8981a6",61,10,5.9464274989274,10,"experience",10,"short_exposure"
"56b53292a9d33a000c8981a6",62,10,5.9464274989274,10,"experience",10,"short_exposure"
"56b53292a9d33a000c8981a6",63,10,5.9464274989274,10,"experience",10,"short_exposure"
"56b53292a9d33a000c8981a6",64,10,5.9464274989274,10,"experience",10,"short_exposure"
"56b53292a9d33a000c8981a6",65,10,5.9464274989274,10,"experience",10,"short_exposure"
"56b53292a9d33a000c8981a6",66,10,5.9464274989274,10,"experience",10,"short_exposure"
"56b53292a9d33a000c8981a6",67,10,5.9464274989274,10,"experience",10,"short_exposure"
"56b53292a9d33a000c8981a6",68,10,5.9464274989274,10,"experience",10,"short_exposure"
"56b53292a9d33a000c8981a6",69,2,4,2,"experience",2,"short_exposure"
"56b53292a9d33a000c8981a6",70,2,4,2,"experience",2,"short_exposure"
"56b53292a9d33a000c8981a6",71,2,4,2,"experience",2,"short_exposure"
"56b53292a9d33a000c8981a6",72,10,5.9464274989274,10,"experience",10,"short_exposure"
"56b53292a9d33a000c8981a6",73,2,4,2,"experience",2,"short_exposure"
"56b53292a9d33a000c8981a6",74,10,5.9464274989274,10,"experience",10,"short_exposure"
"56b53292a9d33a000c8981a6",75,10,5.9464274989274,10,"experience",10,"short_exposure"
"56b53292a9d33a000c8981a6",76,10,5.9464274989274,10,"experience",10,"short_exposure"
"56b53292a9d33a000c8981a6",77,2,4,2,"experience",2,"short_exposure"
"56b53292a9d33a000c8981a6",78,10,5.9464274989274,10,"experience",10,"short_exposure"
"56b53292a9d33a000c8981a6",79,2,4,2,"experience",2,"short_exposure"
"56b53292a9d33a000c8981a6",80,2,4,2,"experience",2,"short_exposure"
"56b53292a9d33a000c8981a6",81,10,5.9464274989274,10,"experience",10,"short_exposure"
"56b53292a9d33a000c8981a6",82,10,5.9464274989274,10,"experience",10,"short_exposure"
"56b53292a9d33a000c8981a6",83,10,5.9464274989274,10,"experience",10,"short_exposure"
"56b53292a9d33a000c8981a6",84,2,4,2,"experience",2,"short_exposure"
"56b53292a9d33a000c8981a6",85,10,5.9464274989274,10,"experience",10,"short_exposure"
"56b53292a9d33a000c8981a6",86,2,4,2,"experience",2,"short_exposure"
"56b53292a9d33a000c8981a6",87,2,4,2,"experience",2,"short_exposure"
"56b53292a9d33a000c8981a6",88,10,5.9464274989274,10,"experience",10,"short_exposure"
"56b53292a9d33a000c8981a6",89,2,4,2,"experience",2,"short_exposure"
"56b53292a9d33a000c8981a6",90,2,4,2,"experience",2,"short_exposure"
"56b53292a9d33a000c8981a6",91,10,5.9464274989274,10,"experience",10,"short_exposure"
"56b53292a9d33a000c8981a6",92,10,5.9464274989274,10,"experience",10,"short_exposure"
"56b53292a9d33a000c8981a6",93,2,4,2,"experience",2,"short_exposure"
"56b53292a9d33a000c8981a6",94,10,5.9464274989274,10,"experience",10,"short_exposure"
"56b53292a9d33a000c8981a6",95,2,4,2,"experience",2,"short_exposure"
"56b53292a9d33a000c8981a6",96,2,4,2,"experience",2,"short_exposure"
"56b53292a9d33a000c8981a6",97,2,4,2,"experience",2,"short_exposure"
"56b53292a9d33a000c8981a6",98,10,5.9464274989274,10,"experience",10,"short_exposure"
"56b53292a9d33a000c8981a6",99,10,5.9464274989274,10,"experience",10,"short_exposure"
"56b53292a9d33a000c8981a6",100,10,5.9464274989274,10,"experience",10,"short_exposure"
"56b53292a9d33a000c8981a6",101,20,5.5,20,"experience",20,"short_exposure"
"56b53292a9d33a000c8981a6",102,20,5.5,20,"experience",20,"short_exposure"
"56b53292a9d33a000c8981a6",103,20,5.5,20,"experience",20,"short_exposure"
"56b53292a9d33a000c8981a6",104,20,5.5,20,"experience",20,"short_exposure"
"56b53292a9d33a000c8981a6",105,20,5.5,20,"experience",20,"short_exposure"
"56b53292a9d33a000c8981a6",106,20,5.5,20,"experience",20,"short_exposure"
"56b53292a9d33a000c8981a6",107,20,5.5,20,"experience",20,"short_exposure"
"56b53292a9d33a000c8981a6",108,20,5.5,20,"experience",20,"short_exposure"
"56b53292a9d33a000c8981a6",109,20,5.5,20,"experience",20,"short_exposure"
"56b53292a9d33a000c8981a6",110,20,5.5,20,"experience",20,"short_exposure"
"56b53292a9d33a000c8981a6",111,20,5.5,20,"experience",20,"short_exposure"
"56b53292a9d33a000c8981a6",112,20,5.5,20,"experience",20,"short_exposure"
"56b53292a9d33a000c8981a6",113,20,5.5,20,"experience",20,"short_exposure"
"56b53292a9d33a000c8981a6",114,20,5.5,20,"experience",20,"short_exposure"
"56b53292a9d33a000c8981a6",115,20,5.5,20,"experience",20,"short_exposure"
"56b53292a9d33a000c8981a6",116,20,5.5,20,"experience",20,"short_exposure"
"65612a45629022b7c905ef6c",5,2,5,2,"experience",2,"short_exposure"
"65612a45629022b7c905ef6c",12,10,5.4230987451825,10,"experience",10,"short_exposure"
"65612a45629022b7c905ef6c",14,2,3.5,2,"experience",2,"short_exposure"
"65612a45629022b7c905ef6c",16,10,5.76974869470066,10,"experience",10,"short_exposure"
"65612a45629022b7c905ef6c",19,2,6.5,2,"experience",2,"short_exposure"
"65612a45629022b7c905ef6c",21,2,4,2,"experience",2,"short_exposure"
"65612a45629022b7c905ef6c",22,2,4,2,"experience",2,"short_exposure"
"65612a45629022b7c905ef6c",23,10,5.9464274989274,10,"experience",10,"short_exposure"
"65612a45629022b7c905ef6c",24,10,5.9464274989274,10,"experience",10,"short_exposure"
"65612a45629022b7c905ef6c",25,20,5.5,20,"experience",20,"short_exposure"
"65612a45629022b7c905ef6c",26,10,5.9464274989274,10,"experience",10,"short_exposure"
"65612a45629022b7c905ef6c",27,10,5.9464274989274,10,"experience",10,"short_exposure"
"65612a45629022b7c905ef6c",28,10,5.9464274989274,10,"experience",10,"short_exposure"
"65612a45629022b7c905ef6c",29,2,4,2,"experience",2,"short_exposure"
"65612a45629022b7c905ef6c",30,20,5.5,20,"experience",20,"short_exposure"
"65612a45629022b7c905ef6c",31,2,4,2,"experience",2,"short_exposure"
"65612a45629022b7c905ef6c",32,2,4,2,"experience",2,"short_exposure"
"65612a45629022b7c905ef6c",33,10,5.9464274989274,10,"experience",10,"short_exposure"
"65612a45629022b7c905ef6c",34,2,4,2,"experience",2,"short_exposure"
"65612a45629022b7c905ef6c",35,10,5.9464274989274,10,"experience",10,"short_exposure"
"65612a45629022b7c905ef6c",36,2,4,2,"experience",2,"short_exposure"
"65612a45629022b7c905ef6c",37,2,4,2,"experience",2,"short_exposure"
"65612a45629022b7c905ef6c",38,2,4,2,"experience",2,"short_exposure"
"65612a45629022b7c905ef6c",39,20,5.5,20,"experience",20,"short_exposure"
"65612a45629022b7c905ef6c",40,10,5.9464274989274,10,"experience",10,"short_exposure"
"65612a45629022b7c905ef6c",41,10,5.9464274989274,10,"experience",10,"short_exposure"
"65612a45629022b7c905ef6c",42,20,5.5,20,"experience",20,"short_exposure"
"65612a45629022b7c905ef6c",43,10,5.9464274989274,10,"experience",10,"short_exposure"
"65612a45629022b7c905ef6c",44,2,4,2,"experience",2,"short_exposure"
"65612a45629022b7c905ef6c",45,10,5.9464274989274,10,"experience",10,"short_exposure"
"65612a45629022b7c905ef6c",46,2,4,2,"experience",2,"short_exposure"
"65612a45629022b7c905ef6c",47,10,5.9464274989274,10,"experience",10,"short_exposure"
"65612a45629022b7c905ef6c",48,10,5.9464274989274,10,"experience",10,"short_exposure"
"65612a45629022b7c905ef6c",49,2,4,2,"experience",2,"short_exposure"
"65612a45629022b7c905ef6c",50,20,5.5,20,"experience",20,"short_exposure"
"65612a45629022b7c905ef6c",51,20,5.5,20,"experience",20,"short_exposure"
"65612a45629022b7c905ef6c",52,20,5.5,20,"experience",20,"short_exposure"
"65612a45629022b7c905ef6c",53,20,5.5,20,"experience",20,"short_exposure"
"65612a45629022b7c905ef6c",54,20,5.5,20,"experience",20,"short_exposure"
"65612a45629022b7c905ef6c",55,20,5.5,20,"experience",20,"short_exposure"
"65612a45629022b7c905ef6c",56,2,4,2,"experience",2,"short_exposure"
"65612a45629022b7c905ef6c",57,2,4,2,"experience",2,"short_exposure"
"65612a45629022b7c905ef6c",58,20,5.5,20,"experience",20,"short_exposure"
"65612a45629022b7c905ef6c",59,20,5.5,20,"experience",20,"short_exposure"
"65612a45629022b7c905ef6c",60,10,5.9464274989274,10,"experience",10,"short_exposure"
"65612a45629022b7c905ef6c",61,10,5.9464274989274,10,"experience",10,"short_exposure"
"65612a45629022b7c905ef6c",62,20,5.5,20,"experience",20,"short_exposure"
"65612a45629022b7c905ef6c",63,20,5.5,20,"experience",20,"short_exposure"
"65612a45629022b7c905ef6c",64,20,5.5,20,"experience",20,"short_exposure"
"65612a45629022b7c905ef6c",65,10,5.9464274989274,10,"experience",10,"short_exposure"
"65612a45629022b7c905ef6c",66,2,4,2,"experience",2,"short_exposure"
"65612a45629022b7c905ef6c",67,20,5.5,20,"experience",20,"short_exposure"
"65612a45629022b7c905ef6c",68,2,4,2,"experience",2,"short_exposure"
"65612a45629022b7c905ef6c",69,20,5.5,20,"experience",20,"short_exposure"
"65612a45629022b7c905ef6c",70,20,5.5,20,"experience",20,"short_exposure"
"65612a45629022b7c905ef6c",71,2,4,2,"experience",2,"short_exposure"
"65612a45629022b7c905ef6c",72,2,4,2,"experience",2,"short_exposure"
"65612a45629022b7c905ef6c",73,20,5.5,20,"experience",20,"short_exposure"
"65612a45629022b7c905ef6c",74,10,5.9464274989274,10,"experience",10,"short_exposure"
"65612a45629022b7c905ef6c",75,10,5.9464274989274,10,"experience",10,"short_exposure"
"65612a45629022b7c905ef6c",76,2,4,2,"experience",2,"short_exposure"
"65612a45629022b7c905ef6c",77,20,5.5,20,"experience",20,"short_exposure"
"65612a45629022b7c905ef6c",78,2,4,2,"experience",2,"short_exposure"
"65612a45629022b7c905ef6c",79,10,5.9464274989274,10,"experience",10,"short_exposure"
"65612a45629022b7c905ef6c",80,10,5.9464274989274,10,"experience",10,"short_exposure"
"65612a45629022b7c905ef6c",81,10,5.9464274989274,10,"experience",10,"short_exposure"
"65612a45629022b7c905ef6c",82,20,5.5,20,"experience",20,"short_exposure"
"65612a45629022b7c905ef6c",83,20,5.5,20,"experience",20,"short_exposure"
"65612a45629022b7c905ef6c",84,20,5.5,20,"experience",20,"short_exposure"
"65612a45629022b7c905ef6c",85,20,5.5,20,"experience",20,"short_exposure"
"65612a45629022b7c905ef6c",86,10,5.9464274989274,10,"experience",10,"short_exposure"
"65612a45629022b7c905ef6c",87,2,4,2,"experience",2,"short_exposure"
"65612a45629022b7c905ef6c",88,20,5.5,20,"experience",20,"short_exposure"
"65612a45629022b7c905ef6c",89,20,5.5,20,"experience",20,"short_exposure"
"65612a45629022b7c905ef6c",90,2,4,2,"experience",2,"short_exposure"
"65612a45629022b7c905ef6c",91,20,5.5,20,"experience",20,"short_exposure"
"65612a45629022b7c905ef6c",92,20,5.5,20,"experience",20,"short_exposure"
"65612a45629022b7c905ef6c",93,2,4,2,"experience",2,"short_exposure"
"65612a45629022b7c905ef6c",94,10,5.9464274989274,10,"experience",10,"short_exposure"
"65612a45629022b7c905ef6c",95,2,4,2,"experience",2,"short_exposure"
"65612a45629022b7c905ef6c",96,20,5.5,20,"experience",20,"short_exposure"
"65612a45629022b7c905ef6c",97,2,4,2,"experience",2,"short_exposure"
"65612a45629022b7c905ef6c",98,2,4,2,"experience",2,"short_exposure"
"65612a45629022b7c905ef6c",99,2,4,2,"experience",2,"short_exposure"
"65612a45629022b7c905ef6c",100,2,4,2,"experience",2,"short_exposure"
"65612a45629022b7c905ef6c",101,2,4,2,"experience",2,"short_exposure"
"65612a45629022b7c905ef6c",102,2,4,2,"experience",2,"short_exposure"
"65612a45629022b7c905ef6c",103,20,5.5,20,"experience",20,"short_exposure"
"65612a45629022b7c905ef6c",104,2,4,2,"experience",2,"short_exposure"
"65612a45629022b7c905ef6c",105,10,5.9464274989274,10,"experience",10,"short_exposure"
"65612a45629022b7c905ef6c",106,2,4,2,"experience",2,"short_exposure"
"65612a45629022b7c905ef6c",107,10,5.9464274989274,10,"experience",10,"short_exposure"
"65612a45629022b7c905ef6c",108,10,5.9464274989274,10,"experience",10,"short_exposure"
"65612a45629022b7c905ef6c",109,20,5.5,20,"experience",20,"short_exposure"
"65612a45629022b7c905ef6c",110,20,5.5,20,"experience",20,"short_exposure"
"65612a45629022b7c905ef6c",111,10,5.9464274989274,10,"experience",10,"short_exposure"
"65612a45629022b7c905ef6c",112,10,5.9464274989274,10,"experience",10,"short_exposure"
"65612a45629022b7c905ef6c",113,10,5.9464274989274,10,"experience",10,"short_exposure"
"65612a45629022b7c905ef6c",114,10,5.9464274989274,10,"experience",10,"short_exposure"
"65612a45629022b7c905ef6c",115,10,5.9464274989274,10,"experience",10,"short_exposure"
"65612a45629022b7c905ef6c",116,10,5.9464274989274,10,"experience",10,"short_exposure"
"66e9cc5fb04f5ba6d8b5a3f1",3,2,4,2,"experience",2,"short_exposure"
"66e9cc5fb04f5ba6d8b5a3f1",4,10,5.5145262715849,10,"experience",10,"short_exposure"
"66e9cc5fb04f5ba6d8b5a3f1",8,10,5.97411081249754,10,"experience",10,"short_exposure"
"66e9cc5fb04f5ba6d8b5a3f1",21,20,5.5,20,"experience",20,"short_exposure"
"66e9cc5fb04f5ba6d8b5a3f1",22,10,5.9464274989274,10,"experience",10,"short_exposure"
"66e9cc5fb04f5ba6d8b5a3f1",23,20,5.5,20,"experience",20,"short_exposure"
"66e9cc5fb04f5ba6d8b5a3f1",24,2,4,2,"experience",2,"short_exposure"
"66e9cc5fb04f5ba6d8b5a3f1",25,20,5.5,20,"experience",20,"short_exposure"
"66e9cc5fb04f5ba6d8b5a3f1",26,20,5.5,20,"experience",20,"short_exposure"
"66e9cc5fb04f5ba6d8b5a3f1",27,2,4,2,"experience",2,"short_exposure"
"66e9cc5fb04f5ba6d8b5a3f1",28,2,4,2,"experience",2,"short_exposure"
"66e9cc5fb04f5ba6d8b5a3f1",29,20,5.5,20,"experience",20,"short_exposure"
"66e9cc5fb04f5ba6d8b5a3f1",30,2,4,2,"experience",2,"short_exposure"
"66e9cc5fb04f5ba6d8b5a3f1",31,10,5.9464274989274,10,"experience",10,"short_exposure"
"66e9cc5fb04f5ba6d8b5a3f1",32,2,4,2,"experience",2,"short_exposure"
"66e9cc5fb04f5ba6d8b5a3f1",33,2,4,2,"experience",2,"short_exposure"
"66e9cc5fb04f5ba6d8b5a3f1",34,10,5.9464274989274,10,"experience",10,"short_exposure"
"66e9cc5fb04f5ba6d8b5a3f1",35,2,4,2,"experience",2,"short_exposure"
"66e9cc5fb04f5ba6d8b5a3f1",36,2,4,2,"experience",2,"short_exposure"
"66e9cc5fb04f5ba6d8b5a3f1",37,20,5.5,20,"experience",20,"short_exposure"
"66e9cc5fb04f5ba6d8b5a3f1",38,2,4,2,"experience",2,"short_exposure"
"66e9cc5fb04f5ba6d8b5a3f1",39,2,4,2,"experience",2,"short_exposure"
"66e9cc5fb04f5ba6d8b5a3f1",40,10,5.9464274989274,10,"experience",10,"short_exposure"
"66e9cc5fb04f5ba6d8b5a3f1",41,10,5.9464274989274,10,"experience",10,"short_exposure"
"66e9cc5fb04f5ba6d8b5a3f1",42,2,4,2,"experience",2,"short_exposure"
"66e9cc5fb04f5ba6d8b5a3f1",43,10,5.9464274989274,10,"experience",10,"short_exposure"
"66e9cc5fb04f5ba6d8b5a3f1",44,20,5.5,20,"experience",20,"short_exposure"
"66e9cc5fb04f5ba6d8b5a3f1",45,10,5.9464274989274,10,"experience",10,"short_exposure"
"66e9cc5fb04f5ba6d8b5a3f1",46,20,5.5,20,"experience",20,"short_exposure"
"66e9cc5fb04f5ba6d8b5a3f1",47,20,5.5,20,"experience",20,"short_exposure"
"66e9cc5fb04f5ba6d8b5a3f1",48,20,5.5,20,"experience",20,"short_exposure"
"66e9cc5fb04f5ba6d8b5a3f1",49,10,5.9464274989274,10,"experience",10,"short_exposure"
"66e9cc5fb04f5ba6d8b5a3f1",50,20,5.5,20,"experience",20,"short_exposure"
"66e9cc5fb04f5ba6d8b5a3f1",51,10,5.9464274989274,10,"experience",10,"short_exposure"
"66e9cc5fb04f5ba6d8b5a3f1",52,2,4,2,"experience",2,"short_exposure"
"66e9cc5fb04f5ba6d8b5a3f1",53,20,5.5,20,"experience",20,"short_exposure"
"66e9cc5fb04f5ba6d8b5a3f1",54,2,4,2,"experience",2,"short_exposure"
"66e9cc5fb04f5ba6d8b5a3f1",55,10,5.9464274989274,10,"experience",10,"short_exposure"
"66e9cc5fb04f5ba6d8b5a3f1",56,10,5.9464274989274,10,"experience",10,"short_exposure"
"66e9cc5fb04f5ba6d8b5a3f1",57,10,5.9464274989274,10,"experience",10,"short_exposure"
"66e9cc5fb04f5ba6d8b5a3f1",58,20,5.5,20,"experience",20,"short_exposure"
"66e9cc5fb04f5ba6d8b5a3f1",59,10,5.9464274989274,10,"experience",10,"short_exposure"
"66e9cc5fb04f5ba6d8b5a3f1",60,2,4,2,"experience",2,"short_exposure"
"66e9cc5fb04f5ba6d8b5a3f1",61,2,4,2,"experience",2,"short_exposure"
"66e9cc5fb04f5ba6d8b5a3f1",62,20,5.5,20,"experience",20,"short_exposure"
"66e9cc5fb04f5ba6d8b5a3f1",63,2,4,2,"experience",2,"short_exposure"
"66e9cc5fb04f5ba6d8b5a3f1",64,10,5.9464274989274,10,"experience",10,"short_exposure"
"66e9cc5fb04f5ba6d8b5a3f1",65,10,5.9464274989274,10,"experience",10,"short_exposure"
"66e9cc5fb04f5ba6d8b5a3f1",66,20,5.5,20,"experience",20,"short_exposure"
"66e9cc5fb04f5ba6d8b5a3f1",67,10,5.9464274989274,10,"experience",10,"short_exposure"
"66e9cc5fb04f5ba6d8b5a3f1",68,20,5.5,20,"experience",20,"short_exposure"
"66e9cc5fb04f5ba6d8b5a3f1",69,2,4,2,"experience",2,"short_exposure"
"66e9cc5fb04f5ba6d8b5a3f1",70,2,4,2,"experience",2,"short_exposure"
"66e9cc5fb04f5ba6d8b5a3f1",71,20,5.5,20,"experience",20,"short_exposure"
"66e9cc5fb04f5ba6d8b5a3f1",72,20,5.5,20,"experience",20,"short_exposure"
"66e9cc5fb04f5ba6d8b5a3f1",73,2,4,2,"experience",2,"short_exposure"
"66e9cc5fb04f5ba6d8b5a3f1",74,20,5.5,20,"experience",20,"short_exposure"
"66e9cc5fb04f5ba6d8b5a3f1",75,20,5.5,20,"experience",20,"short_exposure"
"66e9cc5fb04f5ba6d8b5a3f1",76,2,4,2,"experience",2,"short_exposure"
"66e9cc5fb04f5ba6d8b5a3f1",77,20,5.5,20,"experience",20,"short_exposure"
"66e9cc5fb04f5ba6d8b5a3f1",78,10,5.9464274989274,10,"experience",10,"short_exposure"
"66e9cc5fb04f5ba6d8b5a3f1",79,2,4,2,"experience",2,"short_exposure"
"66e9cc5fb04f5ba6d8b5a3f1",80,2,4,2,"experience",2,"short_exposure"
"66e9cc5fb04f5ba6d8b5a3f1",81,10,5.9464274989274,10,"experience",10,"short_exposure"
"66e9cc5fb04f5ba6d8b5a3f1",82,10,5.9464274989274,10,"experience",10,"short_exposure"
"66e9cc5fb04f5ba6d8b5a3f1",83,2,4,2,"experience",2,"short_exposure"
"66e9cc5fb04f5ba6d8b5a3f1",84,10,5.9464274989274,10,"experience",10,"short_exposure"
"66e9cc5fb04f5ba6d8b5a3f1",85,20,5.5,20,"experience",20,"short_exposure"
"66e9cc5fb04f5ba6d8b5a3f1",86,10,5.9464274989274,10,"experience",10,"short_exposure"
"66e9cc5fb04f5ba6d8b5a3f1",87,10,5.9464274989274,10,"experience",10,"short_exposure"
"66e9cc5fb04f5ba6d8b5a3f1",88,2,4,2,"experience",2,"short_exposure"
"66e9cc5fb04f5ba6d8b5a3f1",89,2,4,2,"experience",2,"short_exposure"
"66e9cc5fb04f5ba6d8b5a3f1",90,20,5.5,20,"experience",20,"short_exposure"
"66e9cc5fb04f5ba6d8b5a3f1",91,2,4,2,"experience",2,"short_exposure"
"66e9cc5fb04f5ba6d8b5a3f1",92,10,5.9464274989274,10,"experience",10,"short_exposure"
"66e9cc5fb04f5ba6d8b5a3f1",93,2,4,2,"experience",2,"short_exposure"
"66e9cc5fb04f5ba6d8b5a3f1",94,20,5.5,20,"experience",20,"short_exposure"
"66e9cc5fb04f5ba6d8b5a3f1",95,10,5.9464274989274,10,"experience",10,"short_exposure"
"66e9cc5fb04f5ba6d8b5a3f1",96,20,5.5,20,"experience",20,"short_exposure"
"66e9cc5fb04f5ba6d8b5a3f1",97,10,5.9464274989274,10,"experience",10,"short_exposure"
"66e9cc5fb04f5ba6d8b5a3f1",98,20,5.5,20,"experience",20,"short_exposure"
"66e9cc5fb04f5ba6d8b5a3f1",99,10,5.9464274989274,10,"experience",10,"short_exposure"
"66e9cc5fb04f5ba6d8b5a3f1",100,2,4,2,"experience",2,"short_exposure"
"66e9cc5fb04f5ba6d8b5a3f1",101,10,5.9464274989274,10,"experience",10,"short_exposure"
"66e9cc5fb04f5ba6d8b5a3f1",102,2,4,2,"experience",2,"short_exposure"
"66e9cc5fb04f5ba6d8b5a3f1",103,10,5.9464274989274,10,"experience",10,"short_exposure"
"66e9cc5fb04f5ba6d8b5a3f1",104,20,5.5,20,"experience",20,"short_exposure"
"66e9cc5fb04f5ba6d8b5a3f1",105,2,4,2,"experience",2,"short_exposure"
"66e9cc5fb04f5ba6d8b5a3f1",106,10,5.9464274989274,10,"experience",10,"short_exposure"
"66e9cc5fb04f5ba6d8b5a3f1",107,20,5.5,20,"experience",20,"short_exposure"
"66e9cc5fb04f5ba6d8b5a3f1",108,20,5.5,20,"experience",20,"short_exposure"
"66e9cc5fb04f5ba6d8b5a3f1",109,2,4,2,"experience",2,"short_exposure"
"66e9cc5fb04f5ba6d8b5a3f1",110,20,5.5,20,"experience",20,"short_exposure"
"66e9cc5fb04f5ba6d8b5a3f1",111,2,4,2,"experience",2,"short_exposure"
"66e9cc5fb04f5ba6d8b5a3f1",112,10,5.9464274989274,10,"experience",10,"short_exposure"
"66e9cc5fb04f5ba6d8b5a3f1",113,20,5.5,20,"experience",20,"short_exposure"
"66e9cc5fb04f5ba6d8b5a3f1",114,20,5.5,20,"experience",20,"short_exposure"
"66e9cc5fb04f5ba6d8b5a3f1",115,10,5.9464274989274,10,"experience",10,"short_exposure"
"66e9cc5fb04f5ba6d8b5a3f1",116,10,5.9464274989274,10,"experience",10,"short_exposure"
"622a42c21de0c55ba18a2acb",3,2,2,2,"experience",2,"short_exposure"
"622a42c21de0c55ba18a2acb",20,10,5.25452186216786,10,"experience",10,"short_exposure"
"622a42c21de0c55ba18a2acb",21,20,5.5,20,"experience",20,"short_exposure"
"622a42c21de0c55ba18a2acb",22,10,5.9464274989274,10,"experience",10,"short_exposure"
"622a42c21de0c55ba18a2acb",23,10,5.9464274989274,10,"experience",10,"short_exposure"
"622a42c21de0c55ba18a2acb",24,10,5.9464274989274,10,"experience",10,"short_exposure"
"622a42c21de0c55ba18a2acb",25,2,4,2,"experience",2,"short_exposure"
"622a42c21de0c55ba18a2acb",26,20,5.5,20,"experience",20,"short_exposure"
"622a42c21de0c55ba18a2acb",27,10,5.9464274989274,10,"experience",10,"short_exposure"
"622a42c21de0c55ba18a2acb",28,2,4,2,"experience",2,"short_exposure"
"622a42c21de0c55ba18a2acb",29,20,5.5,20,"experience",20,"short_exposure"
"622a42c21de0c55ba18a2acb",30,2,4,2,"experience",2,"short_exposure"
"622a42c21de0c55ba18a2acb",31,2,4,2,"experience",2,"short_exposure"
"622a42c21de0c55ba18a2acb",32,20,5.5,20,"experience",20,"short_exposure"
"622a42c21de0c55ba18a2acb",33,2,4,2,"experience",2,"short_exposure"
"622a42c21de0c55ba18a2acb",34,2,4,2,"experience",2,"short_exposure"
"622a42c21de0c55ba18a2acb",35,2,4,2,"experience",2,"short_exposure"
"622a42c21de0c55ba18a2acb",36,10,5.9464274989274,10,"experience",10,"short_exposure"
"622a42c21de0c55ba18a2acb",37,2,4,2,"experience",2,"short_exposure"
"622a42c21de0c55ba18a2acb",38,10,5.9464274989274,10,"experience",10,"short_exposure"
"622a42c21de0c55ba18a2acb",39,10,5.9464274989274,10,"experience",10,"short_exposure"
"622a42c21de0c55ba18a2acb",40,10,5.9464274989274,10,"experience",10,"short_exposure"
"622a42c21de0c55ba18a2acb",41,10,5.9464274989274,10,"experience",10,"short_exposure"
"622a42c21de0c55ba18a2acb",42,20,5.5,20,"experience",20,"short_exposure"
"622a42c21de0c55ba18a2acb",43,10,5.9464274989274,10,"experience",10,"short_exposure"
"622a42c21de0c55ba18a2acb",44,20,5.5,20,"experience",20,"short_exposure"
"622a42c21de0c55ba18a2acb",45,2,4,2,"experience",2,"short_exposure"
"622a42c21de0c55ba18a2acb",46,20,5.5,20,"experience",20,"short_exposure"
"622a42c21de0c55ba18a2acb",47,20,5.5,20,"experience",20,"short_exposure"
"622a42c21de0c55ba18a2acb",48,2,4,2,"experience",2,"short_exposure"
"622a42c21de0c55ba18a2acb",49,20,5.5,20,"experience",20,"short_exposure"
"622a42c21de0c55ba18a2acb",50,20,5.5,20,"experience",20,"short_exposure"
"622a42c21de0c55ba18a2acb",51,2,4,2,"experience",2,"short_exposure"
"622a42c21de0c55ba18a2acb",52,2,4,2,"experience",2,"short_exposure"
"622a42c21de0c55ba18a2acb",53,2,4,2,"experience",2,"short_exposure"
"622a42c21de0c55ba18a2acb",54,10,5.9464274989274,10,"experience",10,"short_exposure"
"622a42c21de0c55ba18a2acb",55,20,5.5,20,"experience",20,"short_exposure"
"622a42c21de0c55ba18a2acb",56,10,5.9464274989274,10,"experience",10,"short_exposure"
"622a42c21de0c55ba18a2acb",57,10,5.9464274989274,10,"experience",10,"short_exposure"
"622a42c21de0c55ba18a2acb",58,20,5.5,20,"experience",20,"short_exposure"
"622a42c21de0c55ba18a2acb",59,2,4,2,"experience",2,"short_exposure"
"622a42c21de0c55ba18a2acb",60,2,4,2,"experience",2,"short_exposure"
"622a42c21de0c55ba18a2acb",61,2,4,2,"experience",2,"short_exposure"
"622a42c21de0c55ba18a2acb",62,10,5.9464274989274,10,"experience",10,"short_exposure"
"622a42c21de0c55ba18a2acb",63,20,5.5,20,"experience",20,"short_exposure"
"622a42c21de0c55ba18a2acb",64,20,5.5,20,"experience",20,"short_exposure"
"622a42c21de0c55ba18a2acb",65,10,5.9464274989274,10,"experience",10,"short_exposure"
"622a42c21de0c55ba18a2acb",66,20,5.5,20,"experience",20,"short_exposure"
"622a42c21de0c55ba18a2acb",67,20,5.5,20,"experience",20,"short_exposure"
"622a42c21de0c55ba18a2acb",68,10,5.9464274989274,10,"experience",10,"short_exposure"
"622a42c21de0c55ba18a2acb",69,10,5.9464274989274,10,"experience",10,"short_exposure"
"622a42c21de0c55ba18a2acb",70,2,4,2,"experience",2,"short_exposure"
"622a42c21de0c55ba18a2acb",71,10,5.9464274989274,10,"experience",10,"short_exposure"
"622a42c21de0c55ba18a2acb",72,20,5.5,20,"experience",20,"short_exposure"
"622a42c21de0c55ba18a2acb",73,20,5.5,20,"experience",20,"short_exposure"
"622a42c21de0c55ba18a2acb",74,2,4,2,"experience",2,"short_exposure"
"622a42c21de0c55ba18a2acb",75,20,5.5,20,"experience",20,"short_exposure"
"622a42c21de0c55ba18a2acb",76,2,4,2,"experience",2,"short_exposure"
"622a42c21de0c55ba18a2acb",77,20,5.5,20,"experience",20,"short_exposure"
"622a42c21de0c55ba18a2acb",78,20,5.5,20,"experience",20,"short_exposure"
"622a42c21de0c55ba18a2acb",79,2,4,2,"experience",2,"short_exposure"
"622a42c21de0c55ba18a2acb",80,20,5.5,20,"experience",20,"short_exposure"
"622a42c21de0c55ba18a2acb",81,10,5.9464274989274,10,"experience",10,"short_exposure"
"622a42c21de0c55ba18a2acb",82,20,5.5,20,"experience",20,"short_exposure"
"622a42c21de0c55ba18a2acb",83,2,4,2,"experience",2,"short_exposure"
"622a42c21de0c55ba18a2acb",84,20,5.5,20,"experience",20,"short_exposure"
"622a42c21de0c55ba18a2acb",85,20,5.5,20,"experience",20,"short_exposure"
"622a42c21de0c55ba18a2acb",86,10,5.9464274989274,10,"experience",10,"short_exposure"
"622a42c21de0c55ba18a2acb",87,10,5.9464274989274,10,"experience",10,"short_exposure"
"622a42c21de0c55ba18a2acb",88,2,4,2,"experience",2,"short_exposure"
"622a42c21de0c55ba18a2acb",89,20,5.5,20,"experience",20,"short_exposure"
"622a42c21de0c55ba18a2acb",90,10,5.9464274989274,10,"experience",10,"short_exposure"
"622a42c21de0c55ba18a2acb",91,20,5.5,20,"experience",20,"short_exposure"
"622a42c21de0c55ba18a2acb",92,10,5.9464274989274,10,"experience",10,"short_exposure"
"622a42c21de0c55ba18a2acb",93,10,5.9464274989274,10,"experience",10,"short_exposure"
"622a42c21de0c55ba18a2acb",94,10,5.9464274989274,10,"experience",10,"short_exposure"
"622a42c21de0c55ba18a2acb",95,10,5.9464274989274,10,"experience",10,"short_exposure"
"622a42c21de0c55ba18a2acb",96,2,4,2,"experience",2,"short_exposure"
"622a42c21de0c55ba18a2acb",97,20,5.5,20,"experience",20,"short_exposure"
"622a42c21de0c55ba18a2acb",98,20,5.5,20,"experience",20,"short_exposure"
"622a42c21de0c55ba18a2acb",99,2,4,2,"experience",2,"short_exposure"
"622a42c21de0c55ba18a2acb",100,2,4,2,"experience",2,"short_exposure"
"622a42c21de0c55ba18a2acb",101,20,5.5,20,"experience",20,"short_exposure"
"622a42c21de0c55ba18a2acb",102,2,4,2,"experience",2,"short_exposure"
"622a42c21de0c55ba18a2acb",103,20,5.5,20,"experience",20,"short_exposure"
"622a42c21de0c55ba18a2acb",104,2,4,2,"experience",2,"short_exposure"
"622a42c21de0c55ba18a2acb",105,2,4,2,"experience",2,"short_exposure"
"622a42c21de0c55ba18a2acb",106,2,4,2,"experience",2,"short_exposure"
"622a42c21de0c55ba18a2acb",107,2,4,2,"experience",2,"short_exposure"
"622a42c21de0c55ba18a2acb",108,20,5.5,20,"experience",20,"short_exposure"
"622a42c21de0c55ba18a2acb",109,10,5.9464274989274,10,"experience",10,"short_exposure"
"622a42c21de0c55ba18a2acb",110,10,5.9464274989274,10,"experience",10,"short_exposure"
"622a42c21de0c55ba18a2acb",111,10,5.9464274989274,10,"experience",10,"short_exposure"
"622a42c21de0c55ba18a2acb",112,2,4,2,"experience",2,"short_exposure"
"622a42c21de0c55ba18a2acb",113,2,4,2,"experience",2,"short_exposure"
"622a42c21de0c55ba18a2acb",114,10,5.9464274989274,10,"experience",10,"short_exposure"
"622a42c21de0c55ba18a2acb",115,10,5.9464274989274,10,"experience",10,"short_exposure"
"622a42c21de0c55ba18a2acb",116,10,5.9464274989274,10,"experience",10,"short_exposure"
"55ecd6ff748092000daa9f5f",8,10,5.23067873224881,10,"experience",10,"short_exposure"
"55ecd6ff748092000daa9f5f",16,10,5.86174035590114,10,"experience",10,"short_exposure"
"55ecd6ff748092000daa9f5f",19,10,6.67008245826092,10,"experience",10,"short_exposure"
"55ecd6ff748092000daa9f5f",21,10,5.9464274989274,10,"experience",10,"short_exposure"
"55ecd6ff748092000daa9f5f",22,20,5.5,20,"experience",20,"short_exposure"
"55ecd6ff748092000daa9f5f",23,20,5.5,20,"experience",20,"short_exposure"
"55ecd6ff748092000daa9f5f",24,2,4,2,"experience",2,"short_exposure"
"55ecd6ff748092000daa9f5f",25,2,4,2,"experience",2,"short_exposure"
"55ecd6ff748092000daa9f5f",26,2,4,2,"experience",2,"short_exposure"
"55ecd6ff748092000daa9f5f",27,2,4,2,"experience",2,"short_exposure"
"55ecd6ff748092000daa9f5f",28,2,4,2,"experience",2,"short_exposure"
"55ecd6ff748092000daa9f5f",29,20,5.5,20,"experience",20,"short_exposure"
"55ecd6ff748092000daa9f5f",30,20,5.5,20,"experience",20,"short_exposure"
"55ecd6ff748092000daa9f5f",31,10,5.9464274989274,10,"experience",10,"short_exposure"
"55ecd6ff748092000daa9f5f",32,10,5.9464274989274,10,"experience",10,"short_exposure"
"55ecd6ff748092000daa9f5f",33,10,5.9464274989274,10,"experience",10,"short_exposure"
"55ecd6ff748092000daa9f5f",34,10,5.9464274989274,10,"experience",10,"short_exposure"
"55ecd6ff748092000daa9f5f",35,10,5.9464274989274,10,"experience",10,"short_exposure"
"55ecd6ff748092000daa9f5f",36,2,4,2,"experience",2,"short_exposure"
"55ecd6ff748092000daa9f5f",37,2,4,2,"experience",2,"short_exposure"
"55ecd6ff748092000daa9f5f",38,20,5.5,20,"experience",20,"short_exposure"
"55ecd6ff748092000daa9f5f",39,2,4,2,"experience",2,"short_exposure"
"55ecd6ff748092000daa9f5f",40,10,5.9464274989274,10,"experience",10,"short_exposure"
"55ecd6ff748092000daa9f5f",41,20,5.5,20,"experience",20,"short_exposure"
"55ecd6ff748092000daa9f5f",42,2,4,2,"experience",2,"short_exposure"
"55ecd6ff748092000daa9f5f",43,10,5.9464274989274,10,"experience",10,"short_exposure"
"55ecd6ff748092000daa9f5f",44,2,4,2,"experience",2,"short_exposure"
"55ecd6ff748092000daa9f5f",45,10,5.9464274989274,10,"experience",10,"short_exposure"
"55ecd6ff748092000daa9f5f",46,20,5.5,20,"experience",20,"short_exposure"
"55ecd6ff748092000daa9f5f",47,2,4,2,"experience",2,"short_exposure"
"55ecd6ff748092000daa9f5f",48,10,5.9464274989274,10,"experience",10,"short_exposure"
"55ecd6ff748092000daa9f5f",49,2,4,2,"experience",2,"short_exposure"
"55ecd6ff748092000daa9f5f",50,2,4,2,"experience",2,"short_exposure"
"55ecd6ff748092000daa9f5f",51,10,5.9464274989274,10,"experience",10,"short_exposure"
"55ecd6ff748092000daa9f5f",52,20,5.5,20,"experience",20,"short_exposure"
"55ecd6ff748092000daa9f5f",53,2,4,2,"experience",2,"short_exposure"
"55ecd6ff748092000daa9f5f",54,10,5.9464274989274,10,"experience",10,"short_exposure"
"55ecd6ff748092000daa9f5f",55,20,5.5,20,"experience",20,"short_exposure"
"55ecd6ff748092000daa9f5f",56,10,5.9464274989274,10,"experience",10,"short_exposure"
"55ecd6ff748092000daa9f5f",57,20,5.5,20,"experience",20,"short_exposure"
"55ecd6ff748092000daa9f5f",58,20,5.5,20,"experience",20,"short_exposure"
"55ecd6ff748092000daa9f5f",59,20,5.5,20,"experience",20,"short_exposure"
"55ecd6ff748092000daa9f5f",60,20,5.5,20,"experience",20,"short_exposure"
"55ecd6ff748092000daa9f5f",61,2,4,2,"experience",2,"short_exposure"
"55ecd6ff748092000daa9f5f",62,10,5.9464274989274,10,"experience",10,"short_exposure"
"55ecd6ff748092000daa9f5f",63,2,4,2,"experience",2,"short_exposure"
"55ecd6ff748092000daa9f5f",64,20,5.5,20,"experience",20,"short_exposure"
"55ecd6ff748092000daa9f5f",65,10,5.9464274989274,10,"experience",10,"short_exposure"
"55ecd6ff748092000daa9f5f",66,20,5.5,20,"experience",20,"short_exposure"
"55ecd6ff748092000daa9f5f",67,20,5.5,20,"experience",20,"short_exposure"
"55ecd6ff748092000daa9f5f",68,10,5.9464274989274,10,"experience",10,"short_exposure"
"55ecd6ff748092000daa9f5f",69,10,5.9464274989274,10,"experience",10,"short_exposure"
"55ecd6ff748092000daa9f5f",70,20,5.5,20,"experience",20,"short_exposure"
"55ecd6ff748092000daa9f5f",71,2,4,2,"experience",2,"short_exposure"
"55ecd6ff748092000daa9f5f",72,20,5.5,20,"experience",20,"short_exposure"
"55ecd6ff748092000daa9f5f",73,2,4,2,"experience",2,"short_exposure"
"55ecd6ff748092000daa9f5f",74,10,5.9464274989274,10,"experience",10,"short_exposure"
"55ecd6ff748092000daa9f5f",75,10,5.9464274989274,10,"experience",10,"short_exposure"
"55ecd6ff748092000daa9f5f",76,2,4,2,"experience",2,"short_exposure"
"55ecd6ff748092000daa9f5f",77,10,5.9464274989274,10,"experience",10,"short_exposure"
"55ecd6ff748092000daa9f5f",78,10,5.9464274989274,10,"experience",10,"short_exposure"
"55ecd6ff748092000daa9f5f",79,20,5.5,20,"experience",20,"short_exposure"
"55ecd6ff748092000daa9f5f",80,10,5.9464274989274,10,"experience",10,"short_exposure"
"55ecd6ff748092000daa9f5f",81,20,5.5,20,"experience",20,"short_exposure"
"55ecd6ff748092000daa9f5f",82,20,5.5,20,"experience",20,"short_exposure"
"55ecd6ff748092000daa9f5f",83,20,5.5,20,"experience",20,"short_exposure"
"55ecd6ff748092000daa9f5f",84,2,4,2,"experience",2,"short_exposure"
"55ecd6ff748092000daa9f5f",85,10,5.9464274989274,10,"experience",10,"short_exposure"
"55ecd6ff748092000daa9f5f",86,20,5.5,20,"experience",20,"short_exposure"
"55ecd6ff748092000daa9f5f",87,10,5.9464274989274,10,"experience",10,"short_exposure"
"55ecd6ff748092000daa9f5f",88,20,5.5,20,"experience",20,"short_exposure"
"55ecd6ff748092000daa9f5f",89,10,5.9464274989274,10,"experience",10,"short_exposure"
"55ecd6ff748092000daa9f5f",90,20,5.5,20,"experience",20,"short_exposure"
"55ecd6ff748092000daa9f5f",91,2,4,2,"experience",2,"short_exposure"
"55ecd6ff748092000daa9f5f",92,10,5.9464274989274,10,"experience",10,"short_exposure"
"55ecd6ff748092000daa9f5f",93,2,4,2,"experience",2,"short_exposure"
"55ecd6ff748092000daa9f5f",94,10,5.9464274989274,10,"experience",10,"short_exposure"
"55ecd6ff748092000daa9f5f",95,20,5.5,20,"experience",20,"short_exposure"
"55ecd6ff748092000daa9f5f",96,2,4,2,"experience",2,"short_exposure"
"55ecd6ff748092000daa9f5f",97,2,4,2,"experience",2,"short_exposure"
"55ecd6ff748092000daa9f5f",98,10,5.9464274989274,10,"experience",10,"short_exposure"
"55ecd6ff748092000daa9f5f",99,2,4,2,"experience",2,"short_exposure"
"55ecd6ff748092000daa9f5f",100,2,4,2,"experience",2,"short_exposure"
"55ecd6ff748092000daa9f5f",101,20,5.5,20,"experience",20,"short_exposure"
"55ecd6ff748092000daa9f5f",102,2,4,2,"experience",2,"short_exposure"
"55ecd6ff748092000daa9f5f",103,20,5.5,20,"experience",20,"short_exposure"
"55ecd6ff748092000daa9f5f",104,10,5.9464274989274,10,"experience",10,"short_exposure"
"55ecd6ff748092000daa9f5f",105,20,5.5,20,"experience",20,"short_exposure"
"55ecd6ff748092000daa9f5f",106,10,5.9464274989274,10,"experience",10,"short_exposure"
"55ecd6ff748092000daa9f5f",107,2,4,2,"experience",2,"short_exposure"
"55ecd6ff748092000daa9f5f",108,2,4,2,"experience",2,"short_exposure"
"55ecd6ff748092000daa9f5f",109,2,4,2,"experience",2,"short_exposure"
"55ecd6ff748092000daa9f5f",110,20,5.5,20,"experience",20,"short_exposure"
"55ecd6ff748092000daa9f5f",111,2,4,2,"experience",2,"short_exposure"
"55ecd6ff748092000daa9f5f",112,20,5.5,20,"experience",20,"short_exposure"
"55ecd6ff748092000daa9f5f",113,2,4,2,"experience",2,"short_exposure"
"55ecd6ff748092000daa9f5f",114,10,5.9464274989274,10,"experience",10,"short_exposure"
"55ecd6ff748092000daa9f5f",115,10,5.9464274989274,10,"experience",10,"short_exposure"
"55ecd6ff748092000daa9f5f",116,20,5.5,20,"experience",20,"short_exposure"
"669aed56568d11bad784de3b",3,2,1.5,2,"experience",2,"short_exposure"
"669aed56568d11bad784de3b",6,10,5.23450093132096,10,"experience",10,"short_exposure"
"669aed56568d11bad784de3b",7,2,7,2,"experience",2,"short_exposure"
"669aed56568d11bad784de3b",9,10,6.07947366142827,10,"experience",10,"short_exposure"
"669aed56568d11bad784de3b",14,10,5.67097875150313,10,"experience",10,"short_exposure"
"669aed56568d11bad784de3b",21,2,4,2,"experience",2,"short_exposure"
"669aed56568d11bad784de3b",22,2,4,2,"experience",2,"short_exposure"
"669aed56568d11bad784de3b",23,10,5.9464274989274,10,"experience",10,"short_exposure"
"669aed56568d11bad784de3b",24,2,4,2,"experience",2,"short_exposure"
"669aed56568d11bad784de3b",25,20,5.5,20,"experience",20,"short_exposure"
"669aed56568d11bad784de3b",26,20,5.5,20,"experience",20,"short_exposure"
"669aed56568d11bad784de3b",27,2,4,2,"experience",2,"short_exposure"
"669aed56568d11bad784de3b",28,2,4,2,"experience",2,"short_exposure"
"669aed56568d11bad784de3b",29,20,5.5,20,"experience",20,"short_exposure"
"669aed56568d11bad784de3b",30,10,5.9464274989274,10,"experience",10,"short_exposure"
"669aed56568d11bad784de3b",31,20,5.5,20,"experience",20,"short_exposure"
"669aed56568d11bad784de3b",32,10,5.9464274989274,10,"experience",10,"short_exposure"
"669aed56568d11bad784de3b",33,10,5.9464274989274,10,"experience",10,"short_exposure"
"669aed56568d11bad784de3b",34,10,5.9464274989274,10,"experience",10,"short_exposure"
"669aed56568d11bad784de3b",35,20,5.5,20,"experience",20,"short_exposure"
"669aed56568d11bad784de3b",36,10,5.9464274989274,10,"experience",10,"short_exposure"
"669aed56568d11bad784de3b",37,2,4,2,"experience",2,"short_exposure"
"669aed56568d11bad784de3b",38,2,4,2,"experience",2,"short_exposure"
"669aed56568d11bad784de3b",39,20,5.5,20,"experience",20,"short_exposure"
"669aed56568d11bad784de3b",40,20,5.5,20,"experience",20,"short_exposure"
"669aed56568d11bad784de3b",41,10,5.9464274989274,10,"experience",10,"short_exposure"
"669aed56568d11bad784de3b",42,20,5.5,20,"experience",20,"short_exposure"
"669aed56568d11bad784de3b",43,10,5.9464274989274,10,"experience",10,"short_exposure"
"669aed56568d11bad784de3b",44,20,5.5,20,"experience",20,"short_exposure"
"669aed56568d11bad784de3b",45,10,5.9464274989274,10,"experience",10,"short_exposure"
"669aed56568d11bad784de3b",46,2,4,2,"experience",2,"short_exposure"
"669aed56568d11bad784de3b",47,2,4,2,"experience",2,"short_exposure"
"669aed56568d11bad784de3b",48,2,4,2,"experience",2,"short_exposure"
"669aed56568d11bad784de3b",49,20,5.5,20,"experience",20,"short_exposure"
"669aed56568d11bad784de3b",50,2,4,2,"experience",2,"short_exposure"
"669aed56568d11bad784de3b",51,10,5.9464274989274,10,"experience",10,"short_exposure"
"669aed56568d11bad784de3b",52,2,4,2,"experience",2,"short_exposure"
"669aed56568d11bad784de3b",53,20,5.5,20,"experience",20,"short_exposure"
"669aed56568d11bad784de3b",54,20,5.5,20,"experience",20,"short_exposure"
"669aed56568d11bad784de3b",55,2,4,2,"experience",2,"short_exposure"
"669aed56568d11bad784de3b",56,20,5.5,20,"experience",20,"short_exposure"
"669aed56568d11bad784de3b",57,20,5.5,20,"experience",20,"short_exposure"
"669aed56568d11bad784de3b",58,10,5.9464274989274,10,"experience",10,"short_exposure"
"669aed56568d11bad784de3b",59,2,4,2,"experience",2,"short_exposure"
"669aed56568d11bad784de3b",60,10,5.9464274989274,10,"experience",10,"short_exposure"
"669aed56568d11bad784de3b",61,2,4,2,"experience",2,"short_exposure"
"669aed56568d11bad784de3b",62,10,5.9464274989274,10,"experience",10,"short_exposure"
"669aed56568d11bad784de3b",63,10,5.9464274989274,10,"experience",10,"short_exposure"
"669aed56568d11bad784de3b",64,20,5.5,20,"experience",20,"short_exposure"
"669aed56568d11bad784de3b",65,20,5.5,20,"experience",20,"short_exposure"
"669aed56568d11bad784de3b",66,2,4,2,"experience",2,"short_exposure"
"669aed56568d11bad784de3b",67,10,5.9464274989274,10,"experience",10,"short_exposure"
"669aed56568d11bad784de3b",68,10,5.9464274989274,10,"experience",10,"short_exposure"
"669aed56568d11bad784de3b",69,2,4,2,"experience",2,"short_exposure"
"669aed56568d11bad784de3b",70,2,4,2,"experience",2,"short_exposure"
"669aed56568d11bad784de3b",71,10,5.9464274989274,10,"experience",10,"short_exposure"
"669aed56568d11bad784de3b",72,10,5.9464274989274,10,"experience",10,"short_exposure"
"669aed56568d11bad784de3b",73,2,4,2,"experience",2,"short_exposure"
"669aed56568d11bad784de3b",74,2,4,2,"experience",2,"short_exposure"
"669aed56568d11bad784de3b",75,10,5.9464274989274,10,"experience",10,"short_exposure"
"669aed56568d11bad784de3b",76,10,5.9464274989274,10,"experience",10,"short_exposure"
"669aed56568d11bad784de3b",77,10,5.9464274989274,10,"experience",10,"short_exposure"
"669aed56568d11bad784de3b",78,2,4,2,"experience",2,"short_exposure"
"669aed56568d11bad784de3b",79,2,4,2,"experience",2,"short_exposure"
"669aed56568d11bad784de3b",80,20,5.5,20,"experience",20,"short_exposure"
"669aed56568d11bad784de3b",81,10,5.9464274989274,10,"experience",10,"short_exposure"
"669aed56568d11bad784de3b",82,10,5.9464274989274,10,"experience",10,"short_exposure"
"669aed56568d11bad784de3b",83,20,5.5,20,"experience",20,"short_exposure"
"669aed56568d11bad784de3b",84,20,5.5,20,"experience",20,"short_exposure"
"669aed56568d11bad784de3b",85,20,5.5,20,"experience",20,"short_exposure"
"669aed56568d11bad784de3b",86,10,5.9464274989274,10,"experience",10,"short_exposure"
"669aed56568d11bad784de3b",87,10,5.9464274989274,10,"experience",10,"short_exposure"
"669aed56568d11bad784de3b",88,2,4,2,"experience",2,"short_exposure"
"669aed56568d11bad784de3b",89,2,4,2,"experience",2,"short_exposure"
"669aed56568d11bad784de3b",90,2,4,2,"experience",2,"short_exposure"
"669aed56568d11bad784de3b",91,20,5.5,20,"experience",20,"short_exposure"
"669aed56568d11bad784de3b",92,20,5.5,20,"experience",20,"short_exposure"
"669aed56568d11bad784de3b",93,20,5.5,20,"experience",20,"short_exposure"
"669aed56568d11bad784de3b",94,10,5.9464274989274,10,"experience",10,"short_exposure"
"669aed56568d11bad784de3b",95,2,4,2,"experience",2,"short_exposure"
"669aed56568d11bad784de3b",96,2,4,2,"experience",2,"short_exposure"
"669aed56568d11bad784de3b",97,20,5.5,20,"experience",20,"short_exposure"
"669aed56568d11bad784de3b",98,10,5.9464274989274,10,"experience",10,"short_exposure"
"669aed56568d11bad784de3b",99,2,4,2,"experience",2,"short_exposure"
"669aed56568d11bad784de3b",100,20,5.5,20,"experience",20,"short_exposure"
"669aed56568d11bad784de3b",101,20,5.5,20,"experience",20,"short_exposure"
"669aed56568d11bad784de3b",102,10,5.9464274989274,10,"experience",10,"short_exposure"
"669aed56568d11bad784de3b",103,20,5.5,20,"experience",20,"short_exposure"
"669aed56568d11bad784de3b",104,20,5.5,20,"experience",20,"short_exposure"
"669aed56568d11bad784de3b",105,20,5.5,20,"experience",20,"short_exposure"
"669aed56568d11bad784de3b",106,20,5.5,20,"experience",20,"short_exposure"
"669aed56568d11bad784de3b",107,2,4,2,"experience",2,"short_exposure"
"669aed56568d11bad784de3b",108,2,4,2,"experience",2,"short_exposure"
"669aed56568d11bad784de3b",109,10,5.9464274989274,10,"experience",10,"short_exposure"
"669aed56568d11bad784de3b",110,20,5.5,20,"experience",20,"short_exposure"
"669aed56568d11bad784de3b",111,10,5.9464274989274,10,"experience",10,"short_exposure"
"669aed56568d11bad784de3b",112,2,4,2,"experience",2,"short_exposure"
"669aed56568d11bad784de3b",113,20,5.5,20,"experience",20,"short_exposure"
"669aed56568d11bad784de3b",114,10,5.9464274989274,10,"experience",10,"short_exposure"
"669aed56568d11bad784de3b",115,2,4,2,"experience",2,"short_exposure"
"669aed56568d11bad784de3b",116,10,5.9464274989274,10,"experience",10,"short_exposure"
"65b98fe25e75b5acc3f44626",5,2,4,2,"experience",2,"short_exposure"
"65b98fe25e75b5acc3f44626",10,10,5.26212884676915,10,"experience",10,"short_exposure"
"65b98fe25e75b5acc3f44626",20,10,4.98096376216491,10,"experience",10,"short_exposure"
"65b98fe25e75b5acc3f44626",21,2,4,2,"experience",2,"short_exposure"
"65b98fe25e75b5acc3f44626",22,10,5.9464274989274,10,"experience",10,"short_exposure"
"65b98fe25e75b5acc3f44626",23,2,4,2,"experience",2,"short_exposure"
"65b98fe25e75b5acc3f44626",24,2,4,2,"experience",2,"short_exposure"
"65b98fe25e75b5acc3f44626",25,2,4,2,"experience",2,"short_exposure"
"65b98fe25e75b5acc3f44626",26,2,4,2,"experience",2,"short_exposure"
"65b98fe25e75b5acc3f44626",27,10,5.9464274989274,10,"experience",10,"short_exposure"
"65b98fe25e75b5acc3f44626",28,2,4,2,"experience",2,"short_exposure"
"65b98fe25e75b5acc3f44626",29,2,4,2,"experience",2,"short_exposure"
"65b98fe25e75b5acc3f44626",30,2,4,2,"experience",2,"short_exposure"
"65b98fe25e75b5acc3f44626",31,10,5.9464274989274,10,"experience",10,"short_exposure"
"65b98fe25e75b5acc3f44626",32,2,4,2,"experience",2,"short_exposure"
"65b98fe25e75b5acc3f44626",33,2,4,2,"experience",2,"short_exposure"
"65b98fe25e75b5acc3f44626",34,10,5.9464274989274,10,"experience",10,"short_exposure"
"65b98fe25e75b5acc3f44626",35,10,5.9464274989274,10,"experience",10,"short_exposure"
"65b98fe25e75b5acc3f44626",36,2,4,2,"experience",2,"short_exposure"
"65b98fe25e75b5acc3f44626",37,2,4,2,"experience",2,"short_exposure"
"65b98fe25e75b5acc3f44626",38,2,4,2,"experience",2,"short_exposure"
"65b98fe25e75b5acc3f44626",39,2,4,2,"experience",2,"short_exposure"
"65b98fe25e75b5acc3f44626",40,2,4,2,"experience",2,"short_exposure"
"65b98fe25e75b5acc3f44626",41,2,4,2,"experience",2,"short_exposure"
"65b98fe25e75b5acc3f44626",42,10,5.9464274989274,10,"experience",10,"short_exposure"
"65b98fe25e75b5acc3f44626",43,10,5.9464274989274,10,"experience",10,"short_exposure"
"65b98fe25e75b5acc3f44626",44,10,5.9464274989274,10,"experience",10,"short_exposure"
"65b98fe25e75b5acc3f44626",45,10,5.9464274989274,10,"experience",10,"short_exposure"
"65b98fe25e75b5acc3f44626",46,10,5.9464274989274,10,"experience",10,"short_exposure"
"65b98fe25e75b5acc3f44626",47,10,5.9464274989274,10,"experience",10,"short_exposure"
"65b98fe25e75b5acc3f44626",48,10,5.9464274989274,10,"experience",10,"short_exposure"
"65b98fe25e75b5acc3f44626",49,10,5.9464274989274,10,"experience",10,"short_exposure"
"65b98fe25e75b5acc3f44626",50,10,5.9464274989274,10,"experience",10,"short_exposure"
"65b98fe25e75b5acc3f44626",51,10,5.9464274989274,10,"experience",10,"short_exposure"
"65b98fe25e75b5acc3f44626",52,10,5.9464274989274,10,"experience",10,"short_exposure"
"65b98fe25e75b5acc3f44626",53,20,5.5,20,"experience",20,"short_exposure"
"65b98fe25e75b5acc3f44626",54,20,5.5,20,"experience",20,"short_exposure"
"65b98fe25e75b5acc3f44626",55,20,5.5,20,"experience",20,"short_exposure"
"65b98fe25e75b5acc3f44626",56,20,5.5,20,"experience",20,"short_exposure"
"65b98fe25e75b5acc3f44626",57,20,5.5,20,"experience",20,"short_exposure"
"65b98fe25e75b5acc3f44626",58,20,5.5,20,"experience",20,"short_exposure"
"65b98fe25e75b5acc3f44626",59,20,5.5,20,"experience",20,"short_exposure"
"65b98fe25e75b5acc3f44626",60,20,5.5,20,"experience",20,"short_exposure"
"65b98fe25e75b5acc3f44626",61,20,5.5,20,"experience",20,"short_exposure"
"65b98fe25e75b5acc3f44626",62,20,5.5,20,"experience",20,"short_exposure"
"65b98fe25e75b5acc3f44626",63,20,5.5,20,"experience",20,"short_exposure"
"65b98fe25e75b5acc3f44626",64,20,5.5,20,"experience",20,"short_exposure"
"65b98fe25e75b5acc3f44626",65,20,5.5,20,"experience",20,"short_exposure"
"65b98fe25e75b5acc3f44626",66,20,5.5,20,"experience",20,"short_exposure"
"65b98fe25e75b5acc3f44626",67,20,5.5,20,"experience",20,"short_exposure"
"65b98fe25e75b5acc3f44626",68,20,5.5,20,"experience",20,"short_exposure"
"65b98fe25e75b5acc3f44626",69,20,5.5,20,"experience",20,"short_exposure"
"65b98fe25e75b5acc3f44626",70,20,5.5,20,"experience",20,"short_exposure"
"65b98fe25e75b5acc3f44626",71,20,5.5,20,"experience",20,"short_exposure"
"65b98fe25e75b5acc3f44626",72,2,4,2,"experience",2,"short_exposure"
"65b98fe25e75b5acc3f44626",73,20,5.5,20,"experience",20,"short_exposure"
"65b98fe25e75b5acc3f44626",74,20,5.5,20,"experience",20,"short_exposure"
"65b98fe25e75b5acc3f44626",75,2,4,2,"experience",2,"short_exposure"
"65b98fe25e75b5acc3f44626",76,20,5.5,20,"experience",20,"short_exposure"
"65b98fe25e75b5acc3f44626",77,2,4,2,"experience",2,"short_exposure"
"65b98fe25e75b5acc3f44626",78,10,5.9464274989274,10,"experience",10,"short_exposure"
"65b98fe25e75b5acc3f44626",79,2,4,2,"experience",2,"short_exposure"
"65b98fe25e75b5acc3f44626",80,20,5.5,20,"experience",20,"short_exposure"
"65b98fe25e75b5acc3f44626",81,2,4,2,"experience",2,"short_exposure"
"65b98fe25e75b5acc3f44626",82,2,4,2,"experience",2,"short_exposure"
"65b98fe25e75b5acc3f44626",83,20,5.5,20,"experience",20,"short_exposure"
"65b98fe25e75b5acc3f44626",84,20,5.5,20,"experience",20,"short_exposure"
"65b98fe25e75b5acc3f44626",85,20,5.5,20,"experience",20,"short_exposure"
"65b98fe25e75b5acc3f44626",86,20,5.5,20,"experience",20,"short_exposure"
"65b98fe25e75b5acc3f44626",87,20,5.5,20,"experience",20,"short_exposure"
"65b98fe25e75b5acc3f44626",88,20,5.5,20,"experience",20,"short_exposure"
"65b98fe25e75b5acc3f44626",89,10,5.9464274989274,10,"experience",10,"short_exposure"
"65b98fe25e75b5acc3f44626",90,2,4,2,"experience",2,"short_exposure"
"65b98fe25e75b5acc3f44626",91,20,5.5,20,"experience",20,"short_exposure"
"65b98fe25e75b5acc3f44626",92,20,5.5,20,"experience",20,"short_exposure"
"65b98fe25e75b5acc3f44626",93,20,5.5,20,"experience",20,"short_exposure"
"65b98fe25e75b5acc3f44626",94,2,4,2,"experience",2,"short_exposure"
"65b98fe25e75b5acc3f44626",95,2,4,2,"experience",2,"short_exposure"
"65b98fe25e75b5acc3f44626",96,10,5.9464274989274,10,"experience",10,"short_exposure"
"65b98fe25e75b5acc3f44626",97,2,4,2,"experience",2,"short_exposure"
"65b98fe25e75b5acc3f44626",98,10,5.9464274989274,10,"experience",10,"short_exposure"
"65b98fe25e75b5acc3f44626",99,2,4,2,"experience",2,"short_exposure"
"65b98fe25e75b5acc3f44626",100,2,4,2,"experience",2,"short_exposure"
"65b98fe25e75b5acc3f44626",101,10,5.9464274989274,10,"experience",10,"short_exposure"
"65b98fe25e75b5acc3f44626",102,10,5.9464274989274,10,"experience",10,"short_exposure"
"65b98fe25e75b5acc3f44626",103,2,4,2,"experience",2,"short_exposure"
"65b98fe25e75b5acc3f44626",104,2,4,2,"experience",2,"short_exposure"
"65b98fe25e75b5acc3f44626",105,2,4,2,"experience",2,"short_exposure"
"65b98fe25e75b5acc3f44626",106,10,5.9464274989274,10,"experience",10,"short_exposure"
"65b98fe25e75b5acc3f44626",107,2,4,2,"experience",2,"short_exposure"
"65b98fe25e75b5acc3f44626",108,10,5.9464274989274,10,"experience",10,"short_exposure"
"65b98fe25e75b5acc3f44626",109,10,5.9464274989274,10,"experience",10,"short_exposure"
"65b98fe25e75b5acc3f44626",110,10,5.9464274989274,10,"experience",10,"short_exposure"
"65b98fe25e75b5acc3f44626",111,10,5.9464274989274,10,"experience",10,"short_exposure"
"65b98fe25e75b5acc3f44626",112,10,5.9464274989274,10,"experience",10,"short_exposure"
"65b98fe25e75b5acc3f44626",113,10,5.9464274989274,10,"experience",10,"short_exposure"
"65b98fe25e75b5acc3f44626",114,10,5.9464274989274,10,"experience",10,"short_exposure"
"65b98fe25e75b5acc3f44626",115,10,5.9464274989274,10,"experience",10,"short_exposure"
"65b98fe25e75b5acc3f44626",116,10,5.9464274989274,10,"experience",10,"short_exposure"
"65b98fe25e75b5acc3f44626",5,2,4,2,"experience",2,"short_exposure"
"65b98fe25e75b5acc3f44626",10,10,5.26212884676915,10,"experience",10,"short_exposure"
"65b98fe25e75b5acc3f44626",20,10,4.98096376216491,10,"experience",10,"short_exposure"
"65b98fe25e75b5acc3f44626",21,2,4,2,"experience",2,"short_exposure"
"65b98fe25e75b5acc3f44626",22,10,5.9464274989274,10,"experience",10,"short_exposure"
"65b98fe25e75b5acc3f44626",23,2,4,2,"experience",2,"short_exposure"
"65b98fe25e75b5acc3f44626",24,2,4,2,"experience",2,"short_exposure"
"65b98fe25e75b5acc3f44626",25,2,4,2,"experience",2,"short_exposure"
"65b98fe25e75b5acc3f44626",26,2,4,2,"experience",2,"short_exposure"
"65b98fe25e75b5acc3f44626",27,10,5.9464274989274,10,"experience",10,"short_exposure"
"65b98fe25e75b5acc3f44626",28,2,4,2,"experience",2,"short_exposure"
"65b98fe25e75b5acc3f44626",29,2,4,2,"experience",2,"short_exposure"
"65b98fe25e75b5acc3f44626",30,2,4,2,"experience",2,"short_exposure"
"65b98fe25e75b5acc3f44626",31,10,5.9464274989274,10,"experience",10,"short_exposure"
"65b98fe25e75b5acc3f44626",32,2,4,2,"experience",2,"short_exposure"
"65b98fe25e75b5acc3f44626",33,2,4,2,"experience",2,"short_exposure"
"65b98fe25e75b5acc3f44626",34,10,5.9464274989274,10,"experience",10,"short_exposure"
"65b98fe25e75b5acc3f44626",35,10,5.9464274989274,10,"experience",10,"short_exposure"
"65b98fe25e75b5acc3f44626",36,2,4,2,"experience",2,"short_exposure"
"65b98fe25e75b5acc3f44626",37,2,4,2,"experience",2,"short_exposure"
"65b98fe25e75b5acc3f44626",38,2,4,2,"experience",2,"short_exposure"
"65b98fe25e75b5acc3f44626",39,2,4,2,"experience",2,"short_exposure"
"65b98fe25e75b5acc3f44626",40,2,4,2,"experience",2,"short_exposure"
"65b98fe25e75b5acc3f44626",41,2,4,2,"experience",2,"short_exposure"
"65b98fe25e75b5acc3f44626",42,10,5.9464274989274,10,"experience",10,"short_exposure"
"65b98fe25e75b5acc3f44626",43,10,5.9464274989274,10,"experience",10,"short_exposure"
"65b98fe25e75b5acc3f44626",44,10,5.9464274989274,10,"experience",10,"short_exposure"
"65b98fe25e75b5acc3f44626",45,10,5.9464274989274,10,"experience",10,"short_exposure"
"65b98fe25e75b5acc3f44626",46,10,5.9464274989274,10,"experience",10,"short_exposure"
"65b98fe25e75b5acc3f44626",47,10,5.9464274989274,10,"experience",10,"short_exposure"
"65b98fe25e75b5acc3f44626",48,10,5.9464274989274,10,"experience",10,"short_exposure"
"65b98fe25e75b5acc3f44626",49,10,5.9464274989274,10,"experience",10,"short_exposure"
"65b98fe25e75b5acc3f44626",50,10,5.9464274989274,10,"experience",10,"short_exposure"
"65b98fe25e75b5acc3f44626",51,10,5.9464274989274,10,"experience",10,"short_exposure"
"65b98fe25e75b5acc3f44626",52,10,5.9464274989274,10,"experience",10,"short_exposure"
"65b98fe25e75b5acc3f44626",53,20,5.5,20,"experience",20,"short_exposure"
"65b98fe25e75b5acc3f44626",54,20,5.5,20,"experience",20,"short_exposure"
"65b98fe25e75b5acc3f44626",55,20,5.5,20,"experience",20,"short_exposure"
"65b98fe25e75b5acc3f44626",56,20,5.5,20,"experience",20,"short_exposure"
"65b98fe25e75b5acc3f44626",57,20,5.5,20,"experience",20,"short_exposure"
"65b98fe25e75b5acc3f44626",58,20,5.5,20,"experience",20,"short_exposure"
"65b98fe25e75b5acc3f44626",59,20,5.5,20,"experience",20,"short_exposure"
"65b98fe25e75b5acc3f44626",60,20,5.5,20,"experience",20,"short_exposure"
"65b98fe25e75b5acc3f44626",61,20,5.5,20,"experience",20,"short_exposure"
"65b98fe25e75b5acc3f44626",62,20,5.5,20,"experience",20,"short_exposure"
"65b98fe25e75b5acc3f44626",63,20,5.5,20,"experience",20,"short_exposure"
"65b98fe25e75b5acc3f44626",64,20,5.5,20,"experience",20,"short_exposure"
"65b98fe25e75b5acc3f44626",65,20,5.5,20,"experience",20,"short_exposure"
"65b98fe25e75b5acc3f44626",66,20,5.5,20,"experience",20,"short_exposure"
"65b98fe25e75b5acc3f44626",67,20,5.5,20,"experience",20,"short_exposure"
"65b98fe25e75b5acc3f44626",68,20,5.5,20,"experience",20,"short_exposure"
"65b98fe25e75b5acc3f44626",69,20,5.5,20,"experience",20,"short_exposure"
"65b98fe25e75b5acc3f44626",70,20,5.5,20,"experience",20,"short_exposure"
"65b98fe25e75b5acc3f44626",71,20,5.5,20,"experience",20,"short_exposure"
"65b98fe25e75b5acc3f44626",72,2,4,2,"experience",2,"short_exposure"
"65b98fe25e75b5acc3f44626",73,20,5.5,20,"experience",20,"short_exposure"
"65b98fe25e75b5acc3f44626",74,20,5.5,20,"experience",20,"short_exposure"
"65b98fe25e75b5acc3f44626",75,2,4,2,"experience",2,"short_exposure"
"65b98fe25e75b5acc3f44626",76,20,5.5,20,"experience",20,"short_exposure"
"65b98fe25e75b5acc3f44626",77,2,4,2,"experience",2,"short_exposure"
"65b98fe25e75b5acc3f44626",78,10,5.9464274989274,10,"experience",10,"short_exposure"
"65b98fe25e75b5acc3f44626",79,2,4,2,"experience",2,"short_exposure"
"65b98fe25e75b5acc3f44626",80,20,5.5,20,"experience",20,"short_exposure"
"65b98fe25e75b5acc3f44626",81,2,4,2,"experience",2,"short_exposure"
"65b98fe25e75b5acc3f44626",82,2,4,2,"experience",2,"short_exposure"
"65b98fe25e75b5acc3f44626",83,20,5.5,20,"experience",20,"short_exposure"
"65b98fe25e75b5acc3f44626",84,20,5.5,20,"experience",20,"short_exposure"
"65b98fe25e75b5acc3f44626",85,20,5.5,20,"experience",20,"short_exposure"
"65b98fe25e75b5acc3f44626",86,20,5.5,20,"experience",20,"short_exposure"
"65b98fe25e75b5acc3f44626",87,20,5.5,20,"experience",20,"short_exposure"
"65b98fe25e75b5acc3f44626",88,20,5.5,20,"experience",20,"short_exposure"
"65b98fe25e75b5acc3f44626",89,10,5.9464274989274,10,"experience",10,"short_exposure"
"65b98fe25e75b5acc3f44626",90,2,4,2,"experience",2,"short_exposure"
"65b98fe25e75b5acc3f44626",91,20,5.5,20,"experience",20,"short_exposure"
"65b98fe25e75b5acc3f44626",92,20,5.5,20,"experience",20,"short_exposure"
"65b98fe25e75b5acc3f44626",93,20,5.5,20,"experience",20,"short_exposure"
"65b98fe25e75b5acc3f44626",94,2,4,2,"experience",2,"short_exposure"
"65b98fe25e75b5acc3f44626",95,2,4,2,"experience",2,"short_exposure"
"65b98fe25e75b5acc3f44626",96,10,5.9464274989274,10,"experience",10,"short_exposure"
"65b98fe25e75b5acc3f44626",97,2,4,2,"experience",2,"short_exposure"
"65b98fe25e75b5acc3f44626",98,10,5.9464274989274,10,"experience",10,"short_exposure"
"65b98fe25e75b5acc3f44626",99,2,4,2,"experience",2,"short_exposure"
"65b98fe25e75b5acc3f44626",100,2,4,2,"experience",2,"short_exposure"
"65b98fe25e75b5acc3f44626",101,10,5.9464274989274,10,"experience",10,"short_exposure"
"65b98fe25e75b5acc3f44626",102,10,5.9464274989274,10,"experience",10,"short_exposure"
"65b98fe25e75b5acc3f44626",103,2,4,2,"experience",2,"short_exposure"
"65b98fe25e75b5acc3f44626",104,2,4,2,"experience",2,"short_exposure"
"65b98fe25e75b5acc3f44626",105,2,4,2,"experience",2,"short_exposure"
"65b98fe25e75b5acc3f44626",106,10,5.9464274989274,10,"experience",10,"short_exposure"
"65b98fe25e75b5acc3f44626",107,2,4,2,"experience",2,"short_exposure"
"65b98fe25e75b5acc3f44626",108,10,5.9464274989274,10,"experience",10,"short_exposure"
"65b98fe25e75b5acc3f44626",109,10,5.9464274989274,10,"experience",10,"short_exposure"
"65b98fe25e75b5acc3f44626",110,10,5.9464274989274,10,"experience",10,"short_exposure"
"65b98fe25e75b5acc3f44626",111,10,5.9464274989274,10,"experience",10,"short_exposure"
"65b98fe25e75b5acc3f44626",112,10,5.9464274989274,10,"experience",10,"short_exposure"
"65b98fe25e75b5acc3f44626",113,10,5.9464274989274,10,"experience",10,"short_exposure"
"65b98fe25e75b5acc3f44626",114,10,5.9464274989274,10,"experience",10,"short_exposure"
"65b98fe25e75b5acc3f44626",115,10,5.9464274989274,10,"experience",10,"short_exposure"
"65b98fe25e75b5acc3f44626",116,10,5.9464274989274,10,"experience",10,"short_exposure"
"651c4484ba17050f6b716614",6,10,6.16765757804371,10,"experience",10,"short_exposure"
"651c4484ba17050f6b716614",15,2,3.5,2,"experience",2,"short_exposure"
"651c4484ba17050f6b716614",17,2,7.5,2,"experience",2,"short_exposure"
"651c4484ba17050f6b716614",21,20,5.5,20,"experience",20,"short_exposure"
"651c4484ba17050f6b716614",22,2,4,2,"experience",2,"short_exposure"
"651c4484ba17050f6b716614",23,20,5.5,20,"experience",20,"short_exposure"
"651c4484ba17050f6b716614",24,10,5.9464274989274,10,"experience",10,"short_exposure"
"651c4484ba17050f6b716614",25,20,5.5,20,"experience",20,"short_exposure"
"651c4484ba17050f6b716614",26,20,5.5,20,"experience",20,"short_exposure"
"651c4484ba17050f6b716614",27,20,5.5,20,"experience",20,"short_exposure"
"651c4484ba17050f6b716614",28,10,5.9464274989274,10,"experience",10,"short_exposure"
"651c4484ba17050f6b716614",29,10,5.9464274989274,10,"experience",10,"short_exposure"
"651c4484ba17050f6b716614",30,20,5.5,20,"experience",20,"short_exposure"
"651c4484ba17050f6b716614",31,20,5.5,20,"experience",20,"short_exposure"
"651c4484ba17050f6b716614",32,10,5.9464274989274,10,"experience",10,"short_exposure"
"651c4484ba17050f6b716614",33,2,4,2,"experience",2,"short_exposure"
"651c4484ba17050f6b716614",34,2,4,2,"experience",2,"short_exposure"
"651c4484ba17050f6b716614",35,10,5.9464274989274,10,"experience",10,"short_exposure"
"651c4484ba17050f6b716614",36,10,5.9464274989274,10,"experience",10,"short_exposure"
"651c4484ba17050f6b716614",37,20,5.5,20,"experience",20,"short_exposure"
"651c4484ba17050f6b716614",38,2,4,2,"experience",2,"short_exposure"
"651c4484ba17050f6b716614",39,10,5.9464274989274,10,"experience",10,"short_exposure"
"651c4484ba17050f6b716614",40,20,5.5,20,"experience",20,"short_exposure"
"651c4484ba17050f6b716614",41,2,4,2,"experience",2,"short_exposure"
"651c4484ba17050f6b716614",42,2,4,2,"experience",2,"short_exposure"
"651c4484ba17050f6b716614",43,20,5.5,20,"experience",20,"short_exposure"
"651c4484ba17050f6b716614",44,20,5.5,20,"experience",20,"short_exposure"
"651c4484ba17050f6b716614",45,10,5.9464274989274,10,"experience",10,"short_exposure"
"651c4484ba17050f6b716614",46,2,4,2,"experience",2,"short_exposure"
"651c4484ba17050f6b716614",47,20,5.5,20,"experience",20,"short_exposure"
"651c4484ba17050f6b716614",48,10,5.9464274989274,10,"experience",10,"short_exposure"
"651c4484ba17050f6b716614",49,10,5.9464274989274,10,"experience",10,"short_exposure"
"651c4484ba17050f6b716614",50,2,4,2,"experience",2,"short_exposure"
"651c4484ba17050f6b716614",51,2,4,2,"experience",2,"short_exposure"
"651c4484ba17050f6b716614",52,2,4,2,"experience",2,"short_exposure"
"651c4484ba17050f6b716614",53,2,4,2,"experience",2,"short_exposure"
"651c4484ba17050f6b716614",54,10,5.9464274989274,10,"experience",10,"short_exposure"
"651c4484ba17050f6b716614",55,2,4,2,"experience",2,"short_exposure"
"651c4484ba17050f6b716614",56,10,5.9464274989274,10,"experience",10,"short_exposure"
"651c4484ba17050f6b716614",57,20,5.5,20,"experience",20,"short_exposure"
"651c4484ba17050f6b716614",58,20,5.5,20,"experience",20,"short_exposure"
"651c4484ba17050f6b716614",59,2,4,2,"experience",2,"short_exposure"
"651c4484ba17050f6b716614",60,10,5.9464274989274,10,"experience",10,"short_exposure"
"651c4484ba17050f6b716614",61,20,5.5,20,"experience",20,"short_exposure"
"651c4484ba17050f6b716614",62,10,5.9464274989274,10,"experience",10,"short_exposure"
"651c4484ba17050f6b716614",63,2,4,2,"experience",2,"short_exposure"
"651c4484ba17050f6b716614",64,10,5.9464274989274,10,"experience",10,"short_exposure"
"651c4484ba17050f6b716614",65,20,5.5,20,"experience",20,"short_exposure"
"651c4484ba17050f6b716614",66,2,4,2,"experience",2,"short_exposure"
"651c4484ba17050f6b716614",67,2,4,2,"experience",2,"short_exposure"
"651c4484ba17050f6b716614",68,10,5.9464274989274,10,"experience",10,"short_exposure"
"651c4484ba17050f6b716614",69,2,4,2,"experience",2,"short_exposure"
"651c4484ba17050f6b716614",70,2,4,2,"experience",2,"short_exposure"
"651c4484ba17050f6b716614",71,20,5.5,20,"experience",20,"short_exposure"
"651c4484ba17050f6b716614",72,20,5.5,20,"experience",20,"short_exposure"
"651c4484ba17050f6b716614",73,10,5.9464274989274,10,"experience",10,"short_exposure"
"651c4484ba17050f6b716614",74,2,4,2,"experience",2,"short_exposure"
"651c4484ba17050f6b716614",75,2,4,2,"experience",2,"short_exposure"
"651c4484ba17050f6b716614",76,2,4,2,"experience",2,"short_exposure"
"651c4484ba17050f6b716614",77,10,5.9464274989274,10,"experience",10,"short_exposure"
"651c4484ba17050f6b716614",78,2,4,2,"experience",2,"short_exposure"
"651c4484ba17050f6b716614",79,20,5.5,20,"experience",20,"short_exposure"
"651c4484ba17050f6b716614",80,2,4,2,"experience",2,"short_exposure"
"651c4484ba17050f6b716614",81,2,4,2,"experience",2,"short_exposure"
"651c4484ba17050f6b716614",82,2,4,2,"experience",2,"short_exposure"
"651c4484ba17050f6b716614",83,2,4,2,"experience",2,"short_exposure"
"651c4484ba17050f6b716614",84,10,5.9464274989274,10,"experience",10,"short_exposure"
"651c4484ba17050f6b716614",85,10,5.9464274989274,10,"experience",10,"short_exposure"
"651c4484ba17050f6b716614",86,10,5.9464274989274,10,"experience",10,"short_exposure"
"651c4484ba17050f6b716614",87,2,4,2,"experience",2,"short_exposure"
"651c4484ba17050f6b716614",88,20,5.5,20,"experience",20,"short_exposure"
"651c4484ba17050f6b716614",89,2,4,2,"experience",2,"short_exposure"
"651c4484ba17050f6b716614",90,20,5.5,20,"experience",20,"short_exposure"
"651c4484ba17050f6b716614",91,10,5.9464274989274,10,"experience",10,"short_exposure"
"651c4484ba17050f6b716614",92,10,5.9464274989274,10,"experience",10,"short_exposure"
"651c4484ba17050f6b716614",93,10,5.9464274989274,10,"experience",10,"short_exposure"
"651c4484ba17050f6b716614",94,20,5.5,20,"experience",20,"short_exposure"
"651c4484ba17050f6b716614",95,2,4,2,"experience",2,"short_exposure"
"651c4484ba17050f6b716614",96,20,5.5,20,"experience",20,"short_exposure"
"651c4484ba17050f6b716614",97,10,5.9464274989274,10,"experience",10,"short_exposure"
"651c4484ba17050f6b716614",98,10,5.9464274989274,10,"experience",10,"short_exposure"
"651c4484ba17050f6b716614",99,2,4,2,"experience",2,"short_exposure"
"651c4484ba17050f6b716614",100,10,5.9464274989274,10,"experience",10,"short_exposure"
"651c4484ba17050f6b716614",101,10,5.9464274989274,10,"experience",10,"short_exposure"
"651c4484ba17050f6b716614",102,2,4,2,"experience",2,"short_exposure"
"651c4484ba17050f6b716614",103,20,5.5,20,"experience",20,"short_exposure"
"651c4484ba17050f6b716614",104,20,5.5,20,"experience",20,"short_exposure"
"651c4484ba17050f6b716614",105,20,5.5,20,"experience",20,"short_exposure"
"651c4484ba17050f6b716614",106,10,5.9464274989274,10,"experience",10,"short_exposure"
"651c4484ba17050f6b716614",107,20,5.5,20,"experience",20,"short_exposure"
"651c4484ba17050f6b716614",108,20,5.5,20,"experience",20,"short_exposure"
"651c4484ba17050f6b716614",109,10,5.9464274989274,10,"experience",10,"short_exposure"
"651c4484ba17050f6b716614",110,2,4,2,"experience",2,"short_exposure"
"651c4484ba17050f6b716614",111,20,5.5,20,"experience",20,"short_exposure"
"651c4484ba17050f6b716614",112,10,5.9464274989274,10,"experience",10,"short_exposure"
"651c4484ba17050f6b716614",113,20,5.5,20,"experience",20,"short_exposure"
"651c4484ba17050f6b716614",114,10,5.9464274989274,10,"experience",10,"short_exposure"
"651c4484ba17050f6b716614",115,20,5.5,20,"experience",20,"short_exposure"
"651c4484ba17050f6b716614",116,20,5.5,20,"experience",20,"short_exposure"
"6945b7f9c69fe2317b25e4a2",12,10,4.85386443980464,10,"experience",10,"short_exposure"
"6945b7f9c69fe2317b25e4a2",16,10,5.27257053058563,10,"experience",10,"short_exposure"
"6945b7f9c69fe2317b25e4a2",19,10,5.2773099207835,10,"experience",10,"short_exposure"
"6945b7f9c69fe2317b25e4a2",21,20,5.5,20,"experience",20,"short_exposure"
"6945b7f9c69fe2317b25e4a2",22,2,4,2,"experience",2,"short_exposure"
"6945b7f9c69fe2317b25e4a2",23,2,4,2,"experience",2,"short_exposure"
"6945b7f9c69fe2317b25e4a2",24,20,5.5,20,"experience",20,"short_exposure"
"6945b7f9c69fe2317b25e4a2",25,10,5.9464274989274,10,"experience",10,"short_exposure"
"6945b7f9c69fe2317b25e4a2",26,10,5.9464274989274,10,"experience",10,"short_exposure"
"6945b7f9c69fe2317b25e4a2",27,10,5.9464274989274,10,"experience",10,"short_exposure"
"6945b7f9c69fe2317b25e4a2",28,10,5.9464274989274,10,"experience",10,"short_exposure"
"6945b7f9c69fe2317b25e4a2",29,2,4,2,"experience",2,"short_exposure"
"6945b7f9c69fe2317b25e4a2",30,20,5.5,20,"experience",20,"short_exposure"
"6945b7f9c69fe2317b25e4a2",31,20,5.5,20,"experience",20,"short_exposure"
"6945b7f9c69fe2317b25e4a2",32,10,5.9464274989274,10,"experience",10,"short_exposure"
"6945b7f9c69fe2317b25e4a2",33,20,5.5,20,"experience",20,"short_exposure"
"6945b7f9c69fe2317b25e4a2",34,2,4,2,"experience",2,"short_exposure"
"6945b7f9c69fe2317b25e4a2",35,2,4,2,"experience",2,"short_exposure"
"6945b7f9c69fe2317b25e4a2",36,10,5.9464274989274,10,"experience",10,"short_exposure"
"6945b7f9c69fe2317b25e4a2",37,2,4,2,"experience",2,"short_exposure"
"6945b7f9c69fe2317b25e4a2",38,2,4,2,"experience",2,"short_exposure"
"6945b7f9c69fe2317b25e4a2",39,2,4,2,"experience",2,"short_exposure"
"6945b7f9c69fe2317b25e4a2",40,10,5.9464274989274,10,"experience",10,"short_exposure"
"6945b7f9c69fe2317b25e4a2",41,20,5.5,20,"experience",20,"short_exposure"
"6945b7f9c69fe2317b25e4a2",42,10,5.9464274989274,10,"experience",10,"short_exposure"
"6945b7f9c69fe2317b25e4a2",43,20,5.5,20,"experience",20,"short_exposure"
"6945b7f9c69fe2317b25e4a2",44,20,5.5,20,"experience",20,"short_exposure"
"6945b7f9c69fe2317b25e4a2",45,20,5.5,20,"experience",20,"short_exposure"
"6945b7f9c69fe2317b25e4a2",46,20,5.5,20,"experience",20,"short_exposure"
"6945b7f9c69fe2317b25e4a2",47,10,5.9464274989274,10,"experience",10,"short_exposure"
"6945b7f9c69fe2317b25e4a2",48,2,4,2,"experience",2,"short_exposure"
"6945b7f9c69fe2317b25e4a2",49,10,5.9464274989274,10,"experience",10,"short_exposure"
"6945b7f9c69fe2317b25e4a2",50,10,5.9464274989274,10,"experience",10,"short_exposure"
"6945b7f9c69fe2317b25e4a2",51,20,5.5,20,"experience",20,"short_exposure"
"6945b7f9c69fe2317b25e4a2",52,2,4,2,"experience",2,"short_exposure"
"6945b7f9c69fe2317b25e4a2",53,10,5.9464274989274,10,"experience",10,"short_exposure"
"6945b7f9c69fe2317b25e4a2",54,20,5.5,20,"experience",20,"short_exposure"
"6945b7f9c69fe2317b25e4a2",55,10,5.9464274989274,10,"experience",10,"short_exposure"
"6945b7f9c69fe2317b25e4a2",56,10,5.9464274989274,10,"experience",10,"short_exposure"
"6945b7f9c69fe2317b25e4a2",57,20,5.5,20,"experience",20,"short_exposure"
"6945b7f9c69fe2317b25e4a2",58,10,5.9464274989274,10,"experience",10,"short_exposure"
"6945b7f9c69fe2317b25e4a2",59,2,4,2,"experience",2,"short_exposure"
"6945b7f9c69fe2317b25e4a2",60,20,5.5,20,"experience",20,"short_exposure"
"6945b7f9c69fe2317b25e4a2",61,20,5.5,20,"experience",20,"short_exposure"
"6945b7f9c69fe2317b25e4a2",62,2,4,2,"experience",2,"short_exposure"
"6945b7f9c69fe2317b25e4a2",63,2,4,2,"experience",2,"short_exposure"
"6945b7f9c69fe2317b25e4a2",64,2,4,2,"experience",2,"short_exposure"
"6945b7f9c69fe2317b25e4a2",65,2,4,2,"experience",2,"short_exposure"
"6945b7f9c69fe2317b25e4a2",66,2,4,2,"experience",2,"short_exposure"
"6945b7f9c69fe2317b25e4a2",67,10,5.9464274989274,10,"experience",10,"short_exposure"
"6945b7f9c69fe2317b25e4a2",68,20,5.5,20,"experience",20,"short_exposure"
"6945b7f9c69fe2317b25e4a2",69,2,4,2,"experience",2,"short_exposure"
"6945b7f9c69fe2317b25e4a2",70,2,4,2,"experience",2,"short_exposure"
"6945b7f9c69fe2317b25e4a2",71,20,5.5,20,"experience",20,"short_exposure"
"6945b7f9c69fe2317b25e4a2",72,10,5.9464274989274,10,"experience",10,"short_exposure"
"6945b7f9c69fe2317b25e4a2",73,20,5.5,20,"experience",20,"short_exposure"
"6945b7f9c69fe2317b25e4a2",74,10,5.9464274989274,10,"experience",10,"short_exposure"
"6945b7f9c69fe2317b25e4a2",75,2,4,2,"experience",2,"short_exposure"
"6945b7f9c69fe2317b25e4a2",76,10,5.9464274989274,10,"experience",10,"short_exposure"
"6945b7f9c69fe2317b25e4a2",77,2,4,2,"experience",2,"short_exposure"
"6945b7f9c69fe2317b25e4a2",78,20,5.5,20,"experience",20,"short_exposure"
"6945b7f9c69fe2317b25e4a2",79,2,4,2,"experience",2,"short_exposure"
"6945b7f9c69fe2317b25e4a2",80,20,5.5,20,"experience",20,"short_exposure"
"6945b7f9c69fe2317b25e4a2",81,10,5.9464274989274,10,"experience",10,"short_exposure"
"6945b7f9c69fe2317b25e4a2",82,20,5.5,20,"experience",20,"short_exposure"
"6945b7f9c69fe2317b25e4a2",83,2,4,2,"experience",2,"short_exposure"
"6945b7f9c69fe2317b25e4a2",84,10,5.9464274989274,10,"experience",10,"short_exposure"
"6945b7f9c69fe2317b25e4a2",85,20,5.5,20,"experience",20,"short_exposure"
"6945b7f9c69fe2317b25e4a2",86,20,5.5,20,"experience",20,"short_exposure"
"6945b7f9c69fe2317b25e4a2",87,10,5.9464274989274,10,"experience",10,"short_exposure"
"6945b7f9c69fe2317b25e4a2",88,10,5.9464274989274,10,"experience",10,"short_exposure"
"6945b7f9c69fe2317b25e4a2",89,20,5.5,20,"experience",20,"short_exposure"
"6945b7f9c69fe2317b25e4a2",90,10,5.9464274989274,10,"experience",10,"short_exposure"
"6945b7f9c69fe2317b25e4a2",91,10,5.9464274989274,10,"experience",10,"short_exposure"
"6945b7f9c69fe2317b25e4a2",92,20,5.5,20,"experience",20,"short_exposure"
"6945b7f9c69fe2317b25e4a2",93,2,4,2,"experience",2,"short_exposure"
"6945b7f9c69fe2317b25e4a2",94,2,4,2,"experience",2,"short_exposure"
"6945b7f9c69fe2317b25e4a2",95,10,5.9464274989274,10,"experience",10,"short_exposure"
"6945b7f9c69fe2317b25e4a2",96,20,5.5,20,"experience",20,"short_exposure"
"6945b7f9c69fe2317b25e4a2",97,20,5.5,20,"experience",20,"short_exposure"
"6945b7f9c69fe2317b25e4a2",98,10,5.9464274989274,10,"experience",10,"short_exposure"
"6945b7f9c69fe2317b25e4a2",99,2,4,2,"experience",2,"short_exposure"
"6945b7f9c69fe2317b25e4a2",100,2,4,2,"experience",2,"short_exposure"
"6945b7f9c69fe2317b25e4a2",101,2,4,2,"experience",2,"short_exposure"
"6945b7f9c69fe2317b25e4a2",102,10,5.9464274989274,10,"experience",10,"short_exposure"
"6945b7f9c69fe2317b25e4a2",103,20,5.5,20,"experience",20,"short_exposure"
"6945b7f9c69fe2317b25e4a2",104,20,5.5,20,"experience",20,"short_exposure"
"6945b7f9c69fe2317b25e4a2",105,10,5.9464274989274,10,"experience",10,"short_exposure"
"6945b7f9c69fe2317b25e4a2",106,10,5.9464274989274,10,"experience",10,"short_exposure"
"6945b7f9c69fe2317b25e4a2",107,10,5.9464274989274,10,"experience",10,"short_exposure"
"6945b7f9c69fe2317b25e4a2",108,10,5.9464274989274,10,"experience",10,"short_exposure"
"6945b7f9c69fe2317b25e4a2",109,2,4,2,"experience",2,"short_exposure"
"6945b7f9c69fe2317b25e4a2",110,2,4,2,"experience",2,"short_exposure"
"6945b7f9c69fe2317b25e4a2",111,20,5.5,20,"experience",20,"short_exposure"
"6945b7f9c69fe2317b25e4a2",112,2,4,2,"experience",2,"short_exposure"
"6945b7f9c69fe2317b25e4a2",113,20,5.5,20,"experience",20,"short_exposure"
"6945b7f9c69fe2317b25e4a2",114,20,5.5,20,"experience",20,"short_exposure"
"6945b7f9c69fe2317b25e4a2",115,2,4,2,"experience",2,"short_exposure"
"6945b7f9c69fe2317b25e4a2",116,2,4,2,"experience",2,"short_exposure"
"651b29ff3a6cadf518640abe",5,10,5.80430874437258,10,"experience",10,"short_exposure"
"651b29ff3a6cadf518640abe",10,2,5,2,"experience",2,"short_exposure"
"651b29ff3a6cadf518640abe",14,2,6.5,2,"experience",2,"short_exposure"
"651b29ff3a6cadf518640abe",17,2,1.5,2,"experience",2,"short_exposure"
"651b29ff3a6cadf518640abe",21,10,5.9464274989274,10,"experience",10,"short_exposure"
"651b29ff3a6cadf518640abe",22,2,4,2,"experience",2,"short_exposure"
"651b29ff3a6cadf518640abe",23,2,4,2,"experience",2,"short_exposure"
"651b29ff3a6cadf518640abe",24,10,5.9464274989274,10,"experience",10,"short_exposure"
"651b29ff3a6cadf518640abe",25,2,4,2,"experience",2,"short_exposure"
"651b29ff3a6cadf518640abe",26,10,5.9464274989274,10,"experience",10,"short_exposure"
"651b29ff3a6cadf518640abe",27,2,4,2,"experience",2,"short_exposure"
"651b29ff3a6cadf518640abe",28,2,4,2,"experience",2,"short_exposure"
"651b29ff3a6cadf518640abe",29,10,5.9464274989274,10,"experience",10,"short_exposure"
"651b29ff3a6cadf518640abe",30,10,5.9464274989274,10,"experience",10,"short_exposure"
"651b29ff3a6cadf518640abe",31,20,5.5,20,"experience",20,"short_exposure"
"651b29ff3a6cadf518640abe",32,20,5.5,20,"experience",20,"short_exposure"
"651b29ff3a6cadf518640abe",33,20,5.5,20,"experience",20,"short_exposure"
"651b29ff3a6cadf518640abe",34,2,4,2,"experience",2,"short_exposure"
"651b29ff3a6cadf518640abe",35,10,5.9464274989274,10,"experience",10,"short_exposure"
"651b29ff3a6cadf518640abe",36,10,5.9464274989274,10,"experience",10,"short_exposure"
"651b29ff3a6cadf518640abe",37,2,4,2,"experience",2,"short_exposure"
"651b29ff3a6cadf518640abe",38,10,5.9464274989274,10,"experience",10,"short_exposure"
"651b29ff3a6cadf518640abe",39,10,5.9464274989274,10,"experience",10,"short_exposure"
"651b29ff3a6cadf518640abe",40,2,4,2,"experience",2,"short_exposure"
"651b29ff3a6cadf518640abe",41,20,5.5,20,"experience",20,"short_exposure"
"651b29ff3a6cadf518640abe",42,20,5.5,20,"experience",20,"short_exposure"
"651b29ff3a6cadf518640abe",43,10,5.9464274989274,10,"experience",10,"short_exposure"
"651b29ff3a6cadf518640abe",44,10,5.9464274989274,10,"experience",10,"short_exposure"
"651b29ff3a6cadf518640abe",45,20,5.5,20,"experience",20,"short_exposure"
"651b29ff3a6cadf518640abe",46,2,4,2,"experience",2,"short_exposure"
"651b29ff3a6cadf518640abe",47,2,4,2,"experience",2,"short_exposure"
"651b29ff3a6cadf518640abe",48,10,5.9464274989274,10,"experience",10,"short_exposure"
"651b29ff3a6cadf518640abe",49,20,5.5,20,"experience",20,"short_exposure"
"651b29ff3a6cadf518640abe",50,20,5.5,20,"experience",20,"short_exposure"
"651b29ff3a6cadf518640abe",51,20,5.5,20,"experience",20,"short_exposure"
"651b29ff3a6cadf518640abe",52,2,4,2,"experience",2,"short_exposure"
"651b29ff3a6cadf518640abe",53,20,5.5,20,"experience",20,"short_exposure"
"651b29ff3a6cadf518640abe",54,2,4,2,"experience",2,"short_exposure"
"651b29ff3a6cadf518640abe",55,20,5.5,20,"experience",20,"short_exposure"
"651b29ff3a6cadf518640abe",56,2,4,2,"experience",2,"short_exposure"
"651b29ff3a6cadf518640abe",57,2,4,2,"experience",2,"short_exposure"
"651b29ff3a6cadf518640abe",58,10,5.9464274989274,10,"experience",10,"short_exposure"
"651b29ff3a6cadf518640abe",59,10,5.9464274989274,10,"experience",10,"short_exposure"
"651b29ff3a6cadf518640abe",60,2,4,2,"experience",2,"short_exposure"
"651b29ff3a6cadf518640abe",61,20,5.5,20,"experience",20,"short_exposure"
"651b29ff3a6cadf518640abe",62,10,5.9464274989274,10,"experience",10,"short_exposure"
"651b29ff3a6cadf518640abe",63,10,5.9464274989274,10,"experience",10,"short_exposure"
"651b29ff3a6cadf518640abe",64,20,5.5,20,"experience",20,"short_exposure"
"651b29ff3a6cadf518640abe",65,20,5.5,20,"experience",20,"short_exposure"
"651b29ff3a6cadf518640abe",66,20,5.5,20,"experience",20,"short_exposure"
"651b29ff3a6cadf518640abe",67,2,4,2,"experience",2,"short_exposure"
"651b29ff3a6cadf518640abe",68,20,5.5,20,"experience",20,"short_exposure"
"651b29ff3a6cadf518640abe",69,2,4,2,"experience",2,"short_exposure"
"651b29ff3a6cadf518640abe",70,2,4,2,"experience",2,"short_exposure"
"651b29ff3a6cadf518640abe",71,20,5.5,20,"experience",20,"short_exposure"
"651b29ff3a6cadf518640abe",72,10,5.9464274989274,10,"experience",10,"short_exposure"
"651b29ff3a6cadf518640abe",73,10,5.9464274989274,10,"experience",10,"short_exposure"
"651b29ff3a6cadf518640abe",74,20,5.5,20,"experience",20,"short_exposure"
"651b29ff3a6cadf518640abe",75,20,5.5,20,"experience",20,"short_exposure"
"651b29ff3a6cadf518640abe",76,10,5.9464274989274,10,"experience",10,"short_exposure"
"651b29ff3a6cadf518640abe",77,2,4,2,"experience",2,"short_exposure"
"651b29ff3a6cadf518640abe",78,10,5.9464274989274,10,"experience",10,"short_exposure"
"651b29ff3a6cadf518640abe",79,20,5.5,20,"experience",20,"short_exposure"
"651b29ff3a6cadf518640abe",80,20,5.5,20,"experience",20,"short_exposure"
"651b29ff3a6cadf518640abe",81,10,5.9464274989274,10,"experience",10,"short_exposure"
"651b29ff3a6cadf518640abe",82,2,4,2,"experience",2,"short_exposure"
"651b29ff3a6cadf518640abe",83,2,4,2,"experience",2,"short_exposure"
"651b29ff3a6cadf518640abe",84,10,5.9464274989274,10,"experience",10,"short_exposure"
"651b29ff3a6cadf518640abe",85,20,5.5,20,"experience",20,"short_exposure"
"651b29ff3a6cadf518640abe",86,20,5.5,20,"experience",20,"short_exposure"
"651b29ff3a6cadf518640abe",87,20,5.5,20,"experience",20,"short_exposure"
"651b29ff3a6cadf518640abe",88,2,4,2,"experience",2,"short_exposure"
"651b29ff3a6cadf518640abe",89,10,5.9464274989274,10,"experience",10,"short_exposure"
"651b29ff3a6cadf518640abe",90,20,5.5,20,"experience",20,"short_exposure"
"651b29ff3a6cadf518640abe",91,20,5.5,20,"experience",20,"short_exposure"
"651b29ff3a6cadf518640abe",92,20,5.5,20,"experience",20,"short_exposure"
"651b29ff3a6cadf518640abe",93,2,4,2,"experience",2,"short_exposure"
"651b29ff3a6cadf518640abe",94,10,5.9464274989274,10,"experience",10,"short_exposure"
"651b29ff3a6cadf518640abe",95,2,4,2,"experience",2,"short_exposure"
"651b29ff3a6cadf518640abe",96,2,4,2,"experience",2,"short_exposure"
"651b29ff3a6cadf518640abe",97,2,4,2,"experience",2,"short_exposure"
"651b29ff3a6cadf518640abe",98,2,4,2,"experience",2,"short_exposure"
"651b29ff3a6cadf518640abe",99,20,5.5,20,"experience",20,"short_exposure"
"651b29ff3a6cadf518640abe",100,20,5.5,20,"experience",20,"short_exposure"
"651b29ff3a6cadf518640abe",101,10,5.9464274989274,10,"experience",10,"short_exposure"
"651b29ff3a6cadf518640abe",102,10,5.9464274989274,10,"experience",10,"short_exposure"
"651b29ff3a6cadf518640abe",103,10,5.9464274989274,10,"experience",10,"short_exposure"
"651b29ff3a6cadf518640abe",104,20,5.5,20,"experience",20,"short_exposure"
"651b29ff3a6cadf518640abe",105,2,4,2,"experience",2,"short_exposure"
"651b29ff3a6cadf518640abe",106,10,5.9464274989274,10,"experience",10,"short_exposure"
"651b29ff3a6cadf518640abe",107,2,4,2,"experience",2,"short_exposure"
"651b29ff3a6cadf518640abe",108,2,4,2,"experience",2,"short_exposure"
"651b29ff3a6cadf518640abe",109,20,5.5,20,"experience",20,"short_exposure"
"651b29ff3a6cadf518640abe",110,20,5.5,20,"experience",20,"short_exposure"
"651b29ff3a6cadf518640abe",111,2,4,2,"experience",2,"short_exposure"
"651b29ff3a6cadf518640abe",112,10,5.9464274989274,10,"experience",10,"short_exposure"
"651b29ff3a6cadf518640abe",113,10,5.9464274989274,10,"experience",10,"short_exposure"
"651b29ff3a6cadf518640abe",114,2,4,2,"experience",2,"short_exposure"
"651b29ff3a6cadf518640abe",115,10,5.9464274989274,10,"experience",10,"short_exposure"
"651b29ff3a6cadf518640abe",116,10,5.9464274989274,10,"experience",10,"short_exposure"
"6957ec3547d1923f4fa00638",2,2,0.5,2,"experience",2,"short_exposure"
"6957ec3547d1923f4fa00638",3,2,7,2,"experience",2,"short_exposure"
"6957ec3547d1923f4fa00638",5,10,5.49181208709839,10,"experience",10,"short_exposure"
"6957ec3547d1923f4fa00638",12,10,5.38609320379809,10,"experience",10,"short_exposure"
"6957ec3547d1923f4fa00638",21,10,5.9464274989274,10,"experience",10,"short_exposure"
"6957ec3547d1923f4fa00638",22,2,4,2,"experience",2,"short_exposure"
"6957ec3547d1923f4fa00638",23,2,4,2,"experience",2,"short_exposure"
"6957ec3547d1923f4fa00638",24,20,5.5,20,"experience",20,"short_exposure"
"6957ec3547d1923f4fa00638",25,2,4,2,"experience",2,"short_exposure"
"6957ec3547d1923f4fa00638",26,20,5.5,20,"experience",20,"short_exposure"
"6957ec3547d1923f4fa00638",27,2,4,2,"experience",2,"short_exposure"
"6957ec3547d1923f4fa00638",28,10,5.9464274989274,10,"experience",10,"short_exposure"
"6957ec3547d1923f4fa00638",29,10,5.9464274989274,10,"experience",10,"short_exposure"
"6957ec3547d1923f4fa00638",30,2,4,2,"experience",2,"short_exposure"
"6957ec3547d1923f4fa00638",31,20,5.5,20,"experience",20,"short_exposure"
"6957ec3547d1923f4fa00638",32,20,5.5,20,"experience",20,"short_exposure"
"6957ec3547d1923f4fa00638",33,20,5.5,20,"experience",20,"short_exposure"
"6957ec3547d1923f4fa00638",34,2,4,2,"experience",2,"short_exposure"
"6957ec3547d1923f4fa00638",35,10,5.9464274989274,10,"experience",10,"short_exposure"
"6957ec3547d1923f4fa00638",36,2,4,2,"experience",2,"short_exposure"
"6957ec3547d1923f4fa00638",37,10,5.9464274989274,10,"experience",10,"short_exposure"
"6957ec3547d1923f4fa00638",38,20,5.5,20,"experience",20,"short_exposure"
"6957ec3547d1923f4fa00638",39,2,4,2,"experience",2,"short_exposure"
"6957ec3547d1923f4fa00638",40,20,5.5,20,"experience",20,"short_exposure"
"6957ec3547d1923f4fa00638",41,20,5.5,20,"experience",20,"short_exposure"
"6957ec3547d1923f4fa00638",42,20,5.5,20,"experience",20,"short_exposure"
"6957ec3547d1923f4fa00638",43,10,5.9464274989274,10,"experience",10,"short_exposure"
"6957ec3547d1923f4fa00638",44,2,4,2,"experience",2,"short_exposure"
"6957ec3547d1923f4fa00638",45,10,5.9464274989274,10,"experience",10,"short_exposure"
"6957ec3547d1923f4fa00638",46,2,4,2,"experience",2,"short_exposure"
"6957ec3547d1923f4fa00638",47,2,4,2,"experience",2,"short_exposure"
"6957ec3547d1923f4fa00638",48,10,5.9464274989274,10,"experience",10,"short_exposure"
"6957ec3547d1923f4fa00638",49,10,5.9464274989274,10,"experience",10,"short_exposure"
"6957ec3547d1923f4fa00638",50,2,4,2,"experience",2,"short_exposure"
"6957ec3547d1923f4fa00638",51,20,5.5,20,"experience",20,"short_exposure"
"6957ec3547d1923f4fa00638",52,20,5.5,20,"experience",20,"short_exposure"
"6957ec3547d1923f4fa00638",53,2,4,2,"experience",2,"short_exposure"
"6957ec3547d1923f4fa00638",54,20,5.5,20,"experience",20,"short_exposure"
"6957ec3547d1923f4fa00638",55,10,5.9464274989274,10,"experience",10,"short_exposure"
"6957ec3547d1923f4fa00638",56,20,5.5,20,"experience",20,"short_exposure"
"6957ec3547d1923f4fa00638",57,10,5.9464274989274,10,"experience",10,"short_exposure"
"6957ec3547d1923f4fa00638",58,2,4,2,"experience",2,"short_exposure"
"6957ec3547d1923f4fa00638",59,10,5.9464274989274,10,"experience",10,"short_exposure"
"6957ec3547d1923f4fa00638",60,10,5.9464274989274,10,"experience",10,"short_exposure"
"6957ec3547d1923f4fa00638",61,20,5.5,20,"experience",20,"short_exposure"
"6957ec3547d1923f4fa00638",62,10,5.9464274989274,10,"experience",10,"short_exposure"
"6957ec3547d1923f4fa00638",63,20,5.5,20,"experience",20,"short_exposure"
"6957ec3547d1923f4fa00638",64,10,5.9464274989274,10,"experience",10,"short_exposure"
"6957ec3547d1923f4fa00638",65,2,4,2,"experience",2,"short_exposure"
"6957ec3547d1923f4fa00638",66,2,4,2,"experience",2,"short_exposure"
"6957ec3547d1923f4fa00638",67,20,5.5,20,"experience",20,"short_exposure"
"6957ec3547d1923f4fa00638",68,10,5.9464274989274,10,"experience",10,"short_exposure"
"6957ec3547d1923f4fa00638",69,2,4,2,"experience",2,"short_exposure"
"6957ec3547d1923f4fa00638",70,2,4,2,"experience",2,"short_exposure"
"6957ec3547d1923f4fa00638",71,10,5.9464274989274,10,"experience",10,"short_exposure"
"6957ec3547d1923f4fa00638",72,2,4,2,"experience",2,"short_exposure"
"6957ec3547d1923f4fa00638",73,10,5.9464274989274,10,"experience",10,"short_exposure"
"6957ec3547d1923f4fa00638",74,10,5.9464274989274,10,"experience",10,"short_exposure"
"6957ec3547d1923f4fa00638",75,20,5.5,20,"experience",20,"short_exposure"
"6957ec3547d1923f4fa00638",76,10,5.9464274989274,10,"experience",10,"short_exposure"
"6957ec3547d1923f4fa00638",77,20,5.5,20,"experience",20,"short_exposure"
"6957ec3547d1923f4fa00638",78,20,5.5,20,"experience",20,"short_exposure"
"6957ec3547d1923f4fa00638",79,2,4,2,"experience",2,"short_exposure"
"6957ec3547d1923f4fa00638",80,20,5.5,20,"experience",20,"short_exposure"
"6957ec3547d1923f4fa00638",81,2,4,2,"experience",2,"short_exposure"
"6957ec3547d1923f4fa00638",82,20,5.5,20,"experience",20,"short_exposure"
"6957ec3547d1923f4fa00638",83,2,4,2,"experience",2,"short_exposure"
"6957ec3547d1923f4fa00638",84,20,5.5,20,"experience",20,"short_exposure"
"6957ec3547d1923f4fa00638",85,20,5.5,20,"experience",20,"short_exposure"
"6957ec3547d1923f4fa00638",86,2,4,2,"experience",2,"short_exposure"
"6957ec3547d1923f4fa00638",87,20,5.5,20,"experience",20,"short_exposure"
"6957ec3547d1923f4fa00638",88,20,5.5,20,"experience",20,"short_exposure"
"6957ec3547d1923f4fa00638",89,10,5.9464274989274,10,"experience",10,"short_exposure"
"6957ec3547d1923f4fa00638",90,10,5.9464274989274,10,"experience",10,"short_exposure"
"6957ec3547d1923f4fa00638",91,2,4,2,"experience",2,"short_exposure"
"6957ec3547d1923f4fa00638",92,10,5.9464274989274,10,"experience",10,"short_exposure"
"6957ec3547d1923f4fa00638",93,2,4,2,"experience",2,"short_exposure"
"6957ec3547d1923f4fa00638",94,2,4,2,"experience",2,"short_exposure"
"6957ec3547d1923f4fa00638",95,20,5.5,20,"experience",20,"short_exposure"
"6957ec3547d1923f4fa00638",96,20,5.5,20,"experience",20,"short_exposure"
"6957ec3547d1923f4fa00638",97,10,5.9464274989274,10,"experience",10,"short_exposure"
"6957ec3547d1923f4fa00638",98,2,4,2,"experience",2,"short_exposure"
"6957ec3547d1923f4fa00638",99,20,5.5,20,"experience",20,"short_exposure"
"6957ec3547d1923f4fa00638",100,2,4,2,"experience",2,"short_exposure"
"6957ec3547d1923f4fa00638",101,2,4,2,"experience",2,"short_exposure"
"6957ec3547d1923f4fa00638",102,2,4,2,"experience",2,"short_exposure"
"6957ec3547d1923f4fa00638",103,10,5.9464274989274,10,"experience",10,"short_exposure"
"6957ec3547d1923f4fa00638",104,10,5.9464274989274,10,"experience",10,"short_exposure"
"6957ec3547d1923f4fa00638",105,20,5.5,20,"experience",20,"short_exposure"
"6957ec3547d1923f4fa00638",106,10,5.9464274989274,10,"experience",10,"short_exposure"
"6957ec3547d1923f4fa00638",107,10,5.9464274989274,10,"experience",10,"short_exposure"
"6957ec3547d1923f4fa00638",108,20,5.5,20,"experience",20,"short_exposure"
"6957ec3547d1923f4fa00638",109,2,4,2,"experience",2,"short_exposure"
"6957ec3547d1923f4fa00638",110,10,5.9464274989274,10,"experience",10,"short_exposure"
"6957ec3547d1923f4fa00638",111,10,5.9464274989274,10,"experience",10,"short_exposure"
"6957ec3547d1923f4fa00638",112,20,5.5,20,"experience",20,"short_exposure"
"6957ec3547d1923f4fa00638",113,10,5.9464274989274,10,"experience",10,"short_exposure"
"6957ec3547d1923f4fa00638",114,10,5.9464274989274,10,"experience",10,"short_exposure"
"6957ec3547d1923f4fa00638",115,20,5.5,20,"experience",20,"short_exposure"
"6957ec3547d1923f4fa00638",116,2,4,2,"experience",2,"short_exposure"
"5e076480c4e1550e2114f006",3,10,5.00099990002,10,"experience",10,"short_exposure"
"5e076480c4e1550e2114f006",9,2,2,2,"experience",2,"short_exposure"
"5e076480c4e1550e2114f006",12,2,5,2,"experience",2,"short_exposure"
"5e076480c4e1550e2114f006",20,10,5.27636238330917,10,"experience",10,"short_exposure"
"5e076480c4e1550e2114f006",21,10,5.9464274989274,10,"experience",10,"short_exposure"
"5e076480c4e1550e2114f006",22,10,5.9464274989274,10,"experience",10,"short_exposure"
"5e076480c4e1550e2114f006",23,2,4,2,"experience",2,"short_exposure"
"5e076480c4e1550e2114f006",24,10,5.9464274989274,10,"experience",10,"short_exposure"
"5e076480c4e1550e2114f006",25,2,4,2,"experience",2,"short_exposure"
"5e076480c4e1550e2114f006",26,2,4,2,"experience",2,"short_exposure"
"5e076480c4e1550e2114f006",27,20,5.5,20,"experience",20,"short_exposure"
"5e076480c4e1550e2114f006",28,2,4,2,"experience",2,"short_exposure"
"5e076480c4e1550e2114f006",29,20,5.5,20,"experience",20,"short_exposure"
"5e076480c4e1550e2114f006",30,20,5.5,20,"experience",20,"short_exposure"
"5e076480c4e1550e2114f006",31,10,5.9464274989274,10,"experience",10,"short_exposure"
"5e076480c4e1550e2114f006",32,2,4,2,"experience",2,"short_exposure"
"5e076480c4e1550e2114f006",33,10,5.9464274989274,10,"experience",10,"short_exposure"
"5e076480c4e1550e2114f006",34,20,5.5,20,"experience",20,"short_exposure"
"5e076480c4e1550e2114f006",35,10,5.9464274989274,10,"experience",10,"short_exposure"
"5e076480c4e1550e2114f006",36,20,5.5,20,"experience",20,"short_exposure"
"5e076480c4e1550e2114f006",37,20,5.5,20,"experience",20,"short_exposure"
"5e076480c4e1550e2114f006",38,2,4,2,"experience",2,"short_exposure"
"5e076480c4e1550e2114f006",39,10,5.9464274989274,10,"experience",10,"short_exposure"
"5e076480c4e1550e2114f006",40,10,5.9464274989274,10,"experience",10,"short_exposure"
"5e076480c4e1550e2114f006",41,2,4,2,"experience",2,"short_exposure"
"5e076480c4e1550e2114f006",42,20,5.5,20,"experience",20,"short_exposure"
"5e076480c4e1550e2114f006",43,20,5.5,20,"experience",20,"short_exposure"
"5e076480c4e1550e2114f006",44,20,5.5,20,"experience",20,"short_exposure"
"5e076480c4e1550e2114f006",45,2,4,2,"experience",2,"short_exposure"
"5e076480c4e1550e2114f006",46,20,5.5,20,"experience",20,"short_exposure"
"5e076480c4e1550e2114f006",47,10,5.9464274989274,10,"experience",10,"short_exposure"
"5e076480c4e1550e2114f006",48,20,5.5,20,"experience",20,"short_exposure"
"5e076480c4e1550e2114f006",49,20,5.5,20,"experience",20,"short_exposure"
"5e076480c4e1550e2114f006",50,10,5.9464274989274,10,"experience",10,"short_exposure"
"5e076480c4e1550e2114f006",51,20,5.5,20,"experience",20,"short_exposure"
"5e076480c4e1550e2114f006",52,20,5.5,20,"experience",20,"short_exposure"
"5e076480c4e1550e2114f006",53,2,4,2,"experience",2,"short_exposure"
"5e076480c4e1550e2114f006",54,2,4,2,"experience",2,"short_exposure"
"5e076480c4e1550e2114f006",55,10,5.9464274989274,10,"experience",10,"short_exposure"
"5e076480c4e1550e2114f006",56,2,4,2,"experience",2,"short_exposure"
"5e076480c4e1550e2114f006",57,2,4,2,"experience",2,"short_exposure"
"5e076480c4e1550e2114f006",58,10,5.9464274989274,10,"experience",10,"short_exposure"
"5e076480c4e1550e2114f006",59,2,4,2,"experience",2,"short_exposure"
"5e076480c4e1550e2114f006",60,10,5.9464274989274,10,"experience",10,"short_exposure"
"5e076480c4e1550e2114f006",61,10,5.9464274989274,10,"experience",10,"short_exposure"
"5e076480c4e1550e2114f006",62,20,5.5,20,"experience",20,"short_exposure"
"5e076480c4e1550e2114f006",63,2,4,2,"experience",2,"short_exposure"
"5e076480c4e1550e2114f006",64,2,4,2,"experience",2,"short_exposure"
"5e076480c4e1550e2114f006",65,10,5.9464274989274,10,"experience",10,"short_exposure"
"5e076480c4e1550e2114f006",66,20,5.5,20,"experience",20,"short_exposure"
"5e076480c4e1550e2114f006",67,2,4,2,"experience",2,"short_exposure"
"5e076480c4e1550e2114f006",68,10,5.9464274989274,10,"experience",10,"short_exposure"
"5e076480c4e1550e2114f006",69,2,4,2,"experience",2,"short_exposure"
"5e076480c4e1550e2114f006",70,2,4,2,"experience",2,"short_exposure"
"5e076480c4e1550e2114f006",71,20,5.5,20,"experience",20,"short_exposure"
"5e076480c4e1550e2114f006",72,20,5.5,20,"experience",20,"short_exposure"
"5e076480c4e1550e2114f006",73,10,5.9464274989274,10,"experience",10,"short_exposure"
"5e076480c4e1550e2114f006",74,10,5.9464274989274,10,"experience",10,"short_exposure"
"5e076480c4e1550e2114f006",75,10,5.9464274989274,10,"experience",10,"short_exposure"
"5e076480c4e1550e2114f006",76,20,5.5,20,"experience",20,"short_exposure"
"5e076480c4e1550e2114f006",77,10,5.9464274989274,10,"experience",10,"short_exposure"
"5e076480c4e1550e2114f006",78,2,4,2,"experience",2,"short_exposure"
"5e076480c4e1550e2114f006",79,2,4,2,"experience",2,"short_exposure"
"5e076480c4e1550e2114f006",80,20,5.5,20,"experience",20,"short_exposure"
"5e076480c4e1550e2114f006",81,2,4,2,"experience",2,"short_exposure"
"5e076480c4e1550e2114f006",82,10,5.9464274989274,10,"experience",10,"short_exposure"
"5e076480c4e1550e2114f006",83,10,5.9464274989274,10,"experience",10,"short_exposure"
"5e076480c4e1550e2114f006",84,10,5.9464274989274,10,"experience",10,"short_exposure"
"5e076480c4e1550e2114f006",85,2,4,2,"experience",2,"short_exposure"
"5e076480c4e1550e2114f006",86,20,5.5,20,"experience",20,"short_exposure"
"5e076480c4e1550e2114f006",87,2,4,2,"experience",2,"short_exposure"
"5e076480c4e1550e2114f006",88,2,4,2,"experience",2,"short_exposure"
"5e076480c4e1550e2114f006",89,2,4,2,"experience",2,"short_exposure"
"5e076480c4e1550e2114f006",90,10,5.9464274989274,10,"experience",10,"short_exposure"
"5e076480c4e1550e2114f006",91,10,5.9464274989274,10,"experience",10,"short_exposure"
"5e076480c4e1550e2114f006",92,10,5.9464274989274,10,"experience",10,"short_exposure"
"5e076480c4e1550e2114f006",93,20,5.5,20,"experience",20,"short_exposure"
"5e076480c4e1550e2114f006",94,10,5.9464274989274,10,"experience",10,"short_exposure"
"5e076480c4e1550e2114f006",95,20,5.5,20,"experience",20,"short_exposure"
"5e076480c4e1550e2114f006",96,2,4,2,"experience",2,"short_exposure"
"5e076480c4e1550e2114f006",97,2,4,2,"experience",2,"short_exposure"
"5e076480c4e1550e2114f006",98,2,4,2,"experience",2,"short_exposure"
"5e076480c4e1550e2114f006",99,2,4,2,"experience",2,"short_exposure"
"5e076480c4e1550e2114f006",100,2,4,2,"experience",2,"short_exposure"
"5e076480c4e1550e2114f006",101,20,5.5,20,"experience",20,"short_exposure"
"5e076480c4e1550e2114f006",102,20,5.5,20,"experience",20,"short_exposure"
"5e076480c4e1550e2114f006",103,20,5.5,20,"experience",20,"short_exposure"
"5e076480c4e1550e2114f006",104,10,5.9464274989274,10,"experience",10,"short_exposure"
"5e076480c4e1550e2114f006",105,2,4,2,"experience",2,"short_exposure"
"5e076480c4e1550e2114f006",106,20,5.5,20,"experience",20,"short_exposure"
"5e076480c4e1550e2114f006",107,10,5.9464274989274,10,"experience",10,"short_exposure"
"5e076480c4e1550e2114f006",108,10,5.9464274989274,10,"experience",10,"short_exposure"
"5e076480c4e1550e2114f006",109,20,5.5,20,"experience",20,"short_exposure"
"5e076480c4e1550e2114f006",110,10,5.9464274989274,10,"experience",10,"short_exposure"
"5e076480c4e1550e2114f006",111,20,5.5,20,"experience",20,"short_exposure"
"5e076480c4e1550e2114f006",112,20,5.5,20,"experience",20,"short_exposure"
"5e076480c4e1550e2114f006",113,20,5.5,20,"experience",20,"short_exposure"
"5e076480c4e1550e2114f006",114,2,4,2,"experience",2,"short_exposure"
"5e076480c4e1550e2114f006",115,10,5.9464274989274,10,"experience",10,"short_exposure"
"5e076480c4e1550e2114f006",116,20,5.5,20,"experience",20,"short_exposure"
"603006ea5f6c24dfc908f835",5,10,6.50845603810919,10,"experience",10,"short_exposure"
"603006ea5f6c24dfc908f835",7,2,6.5,2,"experience",2,"short_exposure"
"603006ea5f6c24dfc908f835",8,10,4.85901224530254,10,"experience",10,"short_exposure"
"603006ea5f6c24dfc908f835",17,2,3.5,2,"experience",2,"short_exposure"
"603006ea5f6c24dfc908f835",21,2,4,2,"experience",2,"short_exposure"
"603006ea5f6c24dfc908f835",22,20,5.5,20,"experience",20,"short_exposure"
"603006ea5f6c24dfc908f835",23,10,5.9464274989274,10,"experience",10,"short_exposure"
"603006ea5f6c24dfc908f835",24,2,4,2,"experience",2,"short_exposure"
"603006ea5f6c24dfc908f835",25,20,5.5,20,"experience",20,"short_exposure"
"603006ea5f6c24dfc908f835",26,2,4,2,"experience",2,"short_exposure"
"603006ea5f6c24dfc908f835",27,20,5.5,20,"experience",20,"short_exposure"
"603006ea5f6c24dfc908f835",28,20,5.5,20,"experience",20,"short_exposure"
"603006ea5f6c24dfc908f835",29,2,4,2,"experience",2,"short_exposure"
"603006ea5f6c24dfc908f835",30,2,4,2,"experience",2,"short_exposure"
"603006ea5f6c24dfc908f835",31,2,4,2,"experience",2,"short_exposure"
"603006ea5f6c24dfc908f835",32,10,5.9464274989274,10,"experience",10,"short_exposure"
"603006ea5f6c24dfc908f835",33,2,4,2,"experience",2,"short_exposure"
"603006ea5f6c24dfc908f835",34,10,5.9464274989274,10,"experience",10,"short_exposure"
"603006ea5f6c24dfc908f835",35,2,4,2,"experience",2,"short_exposure"
"603006ea5f6c24dfc908f835",36,20,5.5,20,"experience",20,"short_exposure"
"603006ea5f6c24dfc908f835",37,20,5.5,20,"experience",20,"short_exposure"
"603006ea5f6c24dfc908f835",38,20,5.5,20,"experience",20,"short_exposure"
"603006ea5f6c24dfc908f835",39,10,5.9464274989274,10,"experience",10,"short_exposure"
"603006ea5f6c24dfc908f835",40,10,5.9464274989274,10,"experience",10,"short_exposure"
"603006ea5f6c24dfc908f835",41,10,5.9464274989274,10,"experience",10,"short_exposure"
"603006ea5f6c24dfc908f835",42,2,4,2,"experience",2,"short_exposure"
"603006ea5f6c24dfc908f835",43,20,5.5,20,"experience",20,"short_exposure"
"603006ea5f6c24dfc908f835",44,10,5.9464274989274,10,"experience",10,"short_exposure"
"603006ea5f6c24dfc908f835",45,20,5.5,20,"experience",20,"short_exposure"
"603006ea5f6c24dfc908f835",46,10,5.9464274989274,10,"experience",10,"short_exposure"
"603006ea5f6c24dfc908f835",47,2,4,2,"experience",2,"short_exposure"
"603006ea5f6c24dfc908f835",48,20,5.5,20,"experience",20,"short_exposure"
"603006ea5f6c24dfc908f835",49,2,4,2,"experience",2,"short_exposure"
"603006ea5f6c24dfc908f835",50,20,5.5,20,"experience",20,"short_exposure"
"603006ea5f6c24dfc908f835",51,2,4,2,"experience",2,"short_exposure"
"603006ea5f6c24dfc908f835",52,20,5.5,20,"experience",20,"short_exposure"
"603006ea5f6c24dfc908f835",53,2,4,2,"experience",2,"short_exposure"
"603006ea5f6c24dfc908f835",54,10,5.9464274989274,10,"experience",10,"short_exposure"
"603006ea5f6c24dfc908f835",55,10,5.9464274989274,10,"experience",10,"short_exposure"
"603006ea5f6c24dfc908f835",56,20,5.5,20,"experience",20,"short_exposure"
"603006ea5f6c24dfc908f835",57,2,4,2,"experience",2,"short_exposure"
"603006ea5f6c24dfc908f835",58,10,5.9464274989274,10,"experience",10,"short_exposure"
"603006ea5f6c24dfc908f835",59,10,5.9464274989274,10,"experience",10,"short_exposure"
"603006ea5f6c24dfc908f835",60,10,5.9464274989274,10,"experience",10,"short_exposure"
"603006ea5f6c24dfc908f835",61,20,5.5,20,"experience",20,"short_exposure"
"603006ea5f6c24dfc908f835",62,10,5.9464274989274,10,"experience",10,"short_exposure"
"603006ea5f6c24dfc908f835",63,20,5.5,20,"experience",20,"short_exposure"
"603006ea5f6c24dfc908f835",64,10,5.9464274989274,10,"experience",10,"short_exposure"
"603006ea5f6c24dfc908f835",65,2,4,2,"experience",2,"short_exposure"
"603006ea5f6c24dfc908f835",66,20,5.5,20,"experience",20,"short_exposure"
"603006ea5f6c24dfc908f835",67,2,4,2,"experience",2,"short_exposure"
"603006ea5f6c24dfc908f835",68,10,5.9464274989274,10,"experience",10,"short_exposure"
"603006ea5f6c24dfc908f835",69,20,5.5,20,"experience",20,"short_exposure"
"603006ea5f6c24dfc908f835",70,10,5.9464274989274,10,"experience",10,"short_exposure"
"603006ea5f6c24dfc908f835",71,20,5.5,20,"experience",20,"short_exposure"
"603006ea5f6c24dfc908f835",72,2,4,2,"experience",2,"short_exposure"
"603006ea5f6c24dfc908f835",73,2,4,2,"experience",2,"short_exposure"
"603006ea5f6c24dfc908f835",74,10,5.9464274989274,10,"experience",10,"short_exposure"
"603006ea5f6c24dfc908f835",75,20,5.5,20,"experience",20,"short_exposure"
"603006ea5f6c24dfc908f835",76,2,4,2,"experience",2,"short_exposure"
"603006ea5f6c24dfc908f835",77,20,5.5,20,"experience",20,"short_exposure"
"603006ea5f6c24dfc908f835",78,10,5.9464274989274,10,"experience",10,"short_exposure"
"603006ea5f6c24dfc908f835",79,20,5.5,20,"experience",20,"short_exposure"
"603006ea5f6c24dfc908f835",80,2,4,2,"experience",2,"short_exposure"
"603006ea5f6c24dfc908f835",81,2,4,2,"experience",2,"short_exposure"
"603006ea5f6c24dfc908f835",82,10,5.9464274989274,10,"experience",10,"short_exposure"
"603006ea5f6c24dfc908f835",83,20,5.5,20,"experience",20,"short_exposure"
"603006ea5f6c24dfc908f835",84,2,4,2,"experience",2,"short_exposure"
"603006ea5f6c24dfc908f835",85,2,4,2,"experience",2,"short_exposure"
"603006ea5f6c24dfc908f835",86,10,5.9464274989274,10,"experience",10,"short_exposure"
"603006ea5f6c24dfc908f835",87,20,5.5,20,"experience",20,"short_exposure"
"603006ea5f6c24dfc908f835",88,10,5.9464274989274,10,"experience",10,"short_exposure"
"603006ea5f6c24dfc908f835",89,10,5.9464274989274,10,"experience",10,"short_exposure"
"603006ea5f6c24dfc908f835",90,20,5.5,20,"experience",20,"short_exposure"
"603006ea5f6c24dfc908f835",91,2,4,2,"experience",2,"short_exposure"
"603006ea5f6c24dfc908f835",92,20,5.5,20,"experience",20,"short_exposure"
"603006ea5f6c24dfc908f835",93,10,5.9464274989274,10,"experience",10,"short_exposure"
"603006ea5f6c24dfc908f835",94,10,5.9464274989274,10,"experience",10,"short_exposure"
"603006ea5f6c24dfc908f835",95,10,5.9464274989274,10,"experience",10,"short_exposure"
"603006ea5f6c24dfc908f835",96,20,5.5,20,"experience",20,"short_exposure"
"603006ea5f6c24dfc908f835",97,20,5.5,20,"experience",20,"short_exposure"
"603006ea5f6c24dfc908f835",98,2,4,2,"experience",2,"short_exposure"
"603006ea5f6c24dfc908f835",99,10,5.9464274989274,10,"experience",10,"short_exposure"
"603006ea5f6c24dfc908f835",100,20,5.5,20,"experience",20,"short_exposure"
"603006ea5f6c24dfc908f835",101,20,5.5,20,"experience",20,"short_exposure"
"603006ea5f6c24dfc908f835",102,10,5.9464274989274,10,"experience",10,"short_exposure"
"603006ea5f6c24dfc908f835",103,2,4,2,"experience",2,"short_exposure"
"603006ea5f6c24dfc908f835",104,2,4,2,"experience",2,"short_exposure"
"603006ea5f6c24dfc908f835",105,2,4,2,"experience",2,"short_exposure"
"603006ea5f6c24dfc908f835",106,2,4,2,"experience",2,"short_exposure"
"603006ea5f6c24dfc908f835",107,20,5.5,20,"experience",20,"short_exposure"
"603006ea5f6c24dfc908f835",108,2,4,2,"experience",2,"short_exposure"
"603006ea5f6c24dfc908f835",109,10,5.9464274989274,10,"experience",10,"short_exposure"
"603006ea5f6c24dfc908f835",110,20,5.5,20,"experience",20,"short_exposure"
"603006ea5f6c24dfc908f835",111,2,4,2,"experience",2,"short_exposure"
"603006ea5f6c24dfc908f835",112,2,4,2,"experience",2,"short_exposure"
"603006ea5f6c24dfc908f835",113,10,5.9464274989274,10,"experience",10,"short_exposure"
"603006ea5f6c24dfc908f835",114,10,5.9464274989274,10,"experience",10,"short_exposure"
"603006ea5f6c24dfc908f835",115,10,5.9464274989274,10,"experience",10,"short_exposure"
"603006ea5f6c24dfc908f835",116,20,5.5,20,"experience",20,"short_exposure"
"609551c1ade88f8463666fb8",5,10,5.18073353879545,10,"experience",10,"short_exposure"
"609551c1ade88f8463666fb8",7,10,4.73392015141785,10,"experience",10,"short_exposure"
"609551c1ade88f8463666fb8",10,2,0.5,2,"experience",2,"short_exposure"
"609551c1ade88f8463666fb8",21,20,5.5,20,"experience",20,"short_exposure"
"609551c1ade88f8463666fb8",22,20,5.5,20,"experience",20,"short_exposure"
"609551c1ade88f8463666fb8",23,10,5.9464274989274,10,"experience",10,"short_exposure"
"609551c1ade88f8463666fb8",24,10,5.9464274989274,10,"experience",10,"short_exposure"
"609551c1ade88f8463666fb8",25,20,5.5,20,"experience",20,"short_exposure"
"609551c1ade88f8463666fb8",26,10,5.9464274989274,10,"experience",10,"short_exposure"
"609551c1ade88f8463666fb8",27,2,4,2,"experience",2,"short_exposure"
"609551c1ade88f8463666fb8",28,10,5.9464274989274,10,"experience",10,"short_exposure"
"609551c1ade88f8463666fb8",29,10,5.9464274989274,10,"experience",10,"short_exposure"
"609551c1ade88f8463666fb8",30,2,4,2,"experience",2,"short_exposure"
"609551c1ade88f8463666fb8",31,20,5.5,20,"experience",20,"short_exposure"
"609551c1ade88f8463666fb8",32,20,5.5,20,"experience",20,"short_exposure"
"609551c1ade88f8463666fb8",33,2,4,2,"experience",2,"short_exposure"
"609551c1ade88f8463666fb8",34,2,4,2,"experience",2,"short_exposure"
"609551c1ade88f8463666fb8",35,2,4,2,"experience",2,"short_exposure"
"609551c1ade88f8463666fb8",36,10,5.9464274989274,10,"experience",10,"short_exposure"
"609551c1ade88f8463666fb8",37,2,4,2,"experience",2,"short_exposure"
"609551c1ade88f8463666fb8",38,10,5.9464274989274,10,"experience",10,"short_exposure"
"609551c1ade88f8463666fb8",39,2,4,2,"experience",2,"short_exposure"
"609551c1ade88f8463666fb8",40,20,5.5,20,"experience",20,"short_exposure"
"609551c1ade88f8463666fb8",41,10,5.9464274989274,10,"experience",10,"short_exposure"
"609551c1ade88f8463666fb8",42,10,5.9464274989274,10,"experience",10,"short_exposure"
"609551c1ade88f8463666fb8",43,2,4,2,"experience",2,"short_exposure"
"609551c1ade88f8463666fb8",44,10,5.9464274989274,10,"experience",10,"short_exposure"
"609551c1ade88f8463666fb8",45,2,4,2,"experience",2,"short_exposure"
"609551c1ade88f8463666fb8",46,2,4,2,"experience",2,"short_exposure"
"609551c1ade88f8463666fb8",47,10,5.9464274989274,10,"experience",10,"short_exposure"
"609551c1ade88f8463666fb8",48,20,5.5,20,"experience",20,"short_exposure"
"609551c1ade88f8463666fb8",49,20,5.5,20,"experience",20,"short_exposure"
"609551c1ade88f8463666fb8",50,2,4,2,"experience",2,"short_exposure"
"609551c1ade88f8463666fb8",51,2,4,2,"experience",2,"short_exposure"
"609551c1ade88f8463666fb8",52,10,5.9464274989274,10,"experience",10,"short_exposure"
"609551c1ade88f8463666fb8",53,10,5.9464274989274,10,"experience",10,"short_exposure"
"609551c1ade88f8463666fb8",54,20,5.5,20,"experience",20,"short_exposure"
"609551c1ade88f8463666fb8",55,2,4,2,"experience",2,"short_exposure"
"609551c1ade88f8463666fb8",56,10,5.9464274989274,10,"experience",10,"short_exposure"
"609551c1ade88f8463666fb8",57,2,4,2,"experience",2,"short_exposure"
"609551c1ade88f8463666fb8",58,20,5.5,20,"experience",20,"short_exposure"
"609551c1ade88f8463666fb8",59,20,5.5,20,"experience",20,"short_exposure"
"609551c1ade88f8463666fb8",60,20,5.5,20,"experience",20,"short_exposure"
"609551c1ade88f8463666fb8",61,2,4,2,"experience",2,"short_exposure"
"609551c1ade88f8463666fb8",62,10,5.9464274989274,10,"experience",10,"short_exposure"
"609551c1ade88f8463666fb8",63,20,5.5,20,"experience",20,"short_exposure"
"609551c1ade88f8463666fb8",64,20,5.5,20,"experience",20,"short_exposure"
"609551c1ade88f8463666fb8",65,10,5.9464274989274,10,"experience",10,"short_exposure"
"609551c1ade88f8463666fb8",66,20,5.5,20,"experience",20,"short_exposure"
"609551c1ade88f8463666fb8",67,20,5.5,20,"experience",20,"short_exposure"
"609551c1ade88f8463666fb8",68,2,4,2,"experience",2,"short_exposure"
"609551c1ade88f8463666fb8",69,2,4,2,"experience",2,"short_exposure"
"609551c1ade88f8463666fb8",70,10,5.9464274989274,10,"experience",10,"short_exposure"
"609551c1ade88f8463666fb8",71,20,5.5,20,"experience",20,"short_exposure"
"609551c1ade88f8463666fb8",72,2,4,2,"experience",2,"short_exposure"
"609551c1ade88f8463666fb8",73,2,4,2,"experience",2,"short_exposure"
"609551c1ade88f8463666fb8",74,2,4,2,"experience",2,"short_exposure"
"609551c1ade88f8463666fb8",75,10,5.9464274989274,10,"experience",10,"short_exposure"
"609551c1ade88f8463666fb8",76,20,5.5,20,"experience",20,"short_exposure"
"609551c1ade88f8463666fb8",77,20,5.5,20,"experience",20,"short_exposure"
"609551c1ade88f8463666fb8",78,10,5.9464274989274,10,"experience",10,"short_exposure"
"609551c1ade88f8463666fb8",79,20,5.5,20,"experience",20,"short_exposure"
"609551c1ade88f8463666fb8",80,20,5.5,20,"experience",20,"short_exposure"
"609551c1ade88f8463666fb8",81,20,5.5,20,"experience",20,"short_exposure"
"609551c1ade88f8463666fb8",82,20,5.5,20,"experience",20,"short_exposure"
"609551c1ade88f8463666fb8",83,10,5.9464274989274,10,"experience",10,"short_exposure"
"609551c1ade88f8463666fb8",84,20,5.5,20,"experience",20,"short_exposure"
"609551c1ade88f8463666fb8",85,10,5.9464274989274,10,"experience",10,"short_exposure"
"609551c1ade88f8463666fb8",86,20,5.5,20,"experience",20,"short_exposure"
"609551c1ade88f8463666fb8",87,10,5.9464274989274,10,"experience",10,"short_exposure"
"609551c1ade88f8463666fb8",88,20,5.5,20,"experience",20,"short_exposure"
"609551c1ade88f8463666fb8",89,20,5.5,20,"experience",20,"short_exposure"
"609551c1ade88f8463666fb8",90,2,4,2,"experience",2,"short_exposure"
"609551c1ade88f8463666fb8",91,2,4,2,"experience",2,"short_exposure"
"609551c1ade88f8463666fb8",92,10,5.9464274989274,10,"experience",10,"short_exposure"
"609551c1ade88f8463666fb8",93,2,4,2,"experience",2,"short_exposure"
"609551c1ade88f8463666fb8",94,2,4,2,"experience",2,"short_exposure"
"609551c1ade88f8463666fb8",95,2,4,2,"experience",2,"short_exposure"
"609551c1ade88f8463666fb8",96,2,4,2,"experience",2,"short_exposure"
"609551c1ade88f8463666fb8",97,20,5.5,20,"experience",20,"short_exposure"
"609551c1ade88f8463666fb8",98,20,5.5,20,"experience",20,"short_exposure"
"609551c1ade88f8463666fb8",99,10,5.9464274989274,10,"experience",10,"short_exposure"
"609551c1ade88f8463666fb8",100,10,5.9464274989274,10,"experience",10,"short_exposure"
"609551c1ade88f8463666fb8",101,20,5.5,20,"experience",20,"short_exposure"
"609551c1ade88f8463666fb8",102,20,5.5,20,"experience",20,"short_exposure"
"609551c1ade88f8463666fb8",103,2,4,2,"experience",2,"short_exposure"
"609551c1ade88f8463666fb8",104,2,4,2,"experience",2,"short_exposure"
"609551c1ade88f8463666fb8",105,2,4,2,"experience",2,"short_exposure"
"609551c1ade88f8463666fb8",106,10,5.9464274989274,10,"experience",10,"short_exposure"
"609551c1ade88f8463666fb8",107,10,5.9464274989274,10,"experience",10,"short_exposure"
"609551c1ade88f8463666fb8",108,10,5.9464274989274,10,"experience",10,"short_exposure"
"609551c1ade88f8463666fb8",109,10,5.9464274989274,10,"experience",10,"short_exposure"
"609551c1ade88f8463666fb8",110,2,4,2,"experience",2,"short_exposure"
"609551c1ade88f8463666fb8",111,10,5.9464274989274,10,"experience",10,"short_exposure"
"609551c1ade88f8463666fb8",112,10,5.9464274989274,10,"experience",10,"short_exposure"
"609551c1ade88f8463666fb8",113,2,4,2,"experience",2,"short_exposure"
"609551c1ade88f8463666fb8",114,20,5.5,20,"experience",20,"short_exposure"
"609551c1ade88f8463666fb8",115,2,4,2,"experience",2,"short_exposure"
"609551c1ade88f8463666fb8",116,10,5.9464274989274,10,"experience",10,"short_exposure"
"633485c40e46cf7e9a2f2ca1",12,10,5.89576118919347,10,"experience",10,"short_exposure"
"633485c40e46cf7e9a2f2ca1",16,10,6.27694193059009,10,"experience",10,"short_exposure"
"633485c40e46cf7e9a2f2ca1",17,2,4.5,2,"experience",2,"short_exposure"
"633485c40e46cf7e9a2f2ca1",18,2,2.5,2,"experience",2,"short_exposure"
"633485c40e46cf7e9a2f2ca1",19,10,6.46838465151849,10,"experience",10,"short_exposure"
"633485c40e46cf7e9a2f2ca1",21,10,5.9464274989274,10,"experience",10,"short_exposure"
"633485c40e46cf7e9a2f2ca1",22,10,5.9464274989274,10,"experience",10,"short_exposure"
"633485c40e46cf7e9a2f2ca1",23,2,4,2,"experience",2,"short_exposure"
"633485c40e46cf7e9a2f2ca1",24,20,5.5,20,"experience",20,"short_exposure"
"633485c40e46cf7e9a2f2ca1",25,2,4,2,"experience",2,"short_exposure"
"633485c40e46cf7e9a2f2ca1",26,2,4,2,"experience",2,"short_exposure"
"633485c40e46cf7e9a2f2ca1",27,20,5.5,20,"experience",20,"short_exposure"
"633485c40e46cf7e9a2f2ca1",28,10,5.9464274989274,10,"experience",10,"short_exposure"
"633485c40e46cf7e9a2f2ca1",29,2,4,2,"experience",2,"short_exposure"
"633485c40e46cf7e9a2f2ca1",30,20,5.5,20,"experience",20,"short_exposure"
"633485c40e46cf7e9a2f2ca1",31,10,5.9464274989274,10,"experience",10,"short_exposure"
"633485c40e46cf7e9a2f2ca1",32,20,5.5,20,"experience",20,"short_exposure"
"633485c40e46cf7e9a2f2ca1",33,10,5.9464274989274,10,"experience",10,"short_exposure"
"633485c40e46cf7e9a2f2ca1",34,2,4,2,"experience",2,"short_exposure"
"633485c40e46cf7e9a2f2ca1",35,2,4,2,"experience",2,"short_exposure"
"633485c40e46cf7e9a2f2ca1",36,10,5.9464274989274,10,"experience",10,"short_exposure"
"633485c40e46cf7e9a2f2ca1",37,10,5.9464274989274,10,"experience",10,"short_exposure"
"633485c40e46cf7e9a2f2ca1",38,2,4,2,"experience",2,"short_exposure"
"633485c40e46cf7e9a2f2ca1",39,20,5.5,20,"experience",20,"short_exposure"
"633485c40e46cf7e9a2f2ca1",40,10,5.9464274989274,10,"experience",10,"short_exposure"
"633485c40e46cf7e9a2f2ca1",41,20,5.5,20,"experience",20,"short_exposure"
"633485c40e46cf7e9a2f2ca1",42,20,5.5,20,"experience",20,"short_exposure"
"633485c40e46cf7e9a2f2ca1",43,20,5.5,20,"experience",20,"short_exposure"
"633485c40e46cf7e9a2f2ca1",44,2,4,2,"experience",2,"short_exposure"
"633485c40e46cf7e9a2f2ca1",45,2,4,2,"experience",2,"short_exposure"
"633485c40e46cf7e9a2f2ca1",46,10,5.9464274989274,10,"experience",10,"short_exposure"
"633485c40e46cf7e9a2f2ca1",47,2,4,2,"experience",2,"short_exposure"
"633485c40e46cf7e9a2f2ca1",48,20,5.5,20,"experience",20,"short_exposure"
"633485c40e46cf7e9a2f2ca1",49,20,5.5,20,"experience",20,"short_exposure"
"633485c40e46cf7e9a2f2ca1",50,20,5.5,20,"experience",20,"short_exposure"
"633485c40e46cf7e9a2f2ca1",51,10,5.9464274989274,10,"experience",10,"short_exposure"
"633485c40e46cf7e9a2f2ca1",52,20,5.5,20,"experience",20,"short_exposure"
"633485c40e46cf7e9a2f2ca1",53,10,5.9464274989274,10,"experience",10,"short_exposure"
"633485c40e46cf7e9a2f2ca1",54,20,5.5,20,"experience",20,"short_exposure"
"633485c40e46cf7e9a2f2ca1",55,2,4,2,"experience",2,"short_exposure"
"633485c40e46cf7e9a2f2ca1",56,10,5.9464274989274,10,"experience",10,"short_exposure"
"633485c40e46cf7e9a2f2ca1",57,10,5.9464274989274,10,"experience",10,"short_exposure"
"633485c40e46cf7e9a2f2ca1",58,10,5.9464274989274,10,"experience",10,"short_exposure"
"633485c40e46cf7e9a2f2ca1",59,2,4,2,"experience",2,"short_exposure"
"633485c40e46cf7e9a2f2ca1",60,2,4,2,"experience",2,"short_exposure"
"633485c40e46cf7e9a2f2ca1",61,20,5.5,20,"experience",20,"short_exposure"
"633485c40e46cf7e9a2f2ca1",62,2,4,2,"experience",2,"short_exposure"
"633485c40e46cf7e9a2f2ca1",63,20,5.5,20,"experience",20,"short_exposure"
"633485c40e46cf7e9a2f2ca1",64,10,5.9464274989274,10,"experience",10,"short_exposure"
"633485c40e46cf7e9a2f2ca1",65,10,5.9464274989274,10,"experience",10,"short_exposure"
"633485c40e46cf7e9a2f2ca1",66,20,5.5,20,"experience",20,"short_exposure"
"633485c40e46cf7e9a2f2ca1",67,2,4,2,"experience",2,"short_exposure"
"633485c40e46cf7e9a2f2ca1",68,2,4,2,"experience",2,"short_exposure"
"633485c40e46cf7e9a2f2ca1",69,2,4,2,"experience",2,"short_exposure"
"633485c40e46cf7e9a2f2ca1",70,20,5.5,20,"experience",20,"short_exposure"
"633485c40e46cf7e9a2f2ca1",71,20,5.5,20,"experience",20,"short_exposure"
"633485c40e46cf7e9a2f2ca1",72,2,4,2,"experience",2,"short_exposure"
"633485c40e46cf7e9a2f2ca1",73,2,4,2,"experience",2,"short_exposure"
"633485c40e46cf7e9a2f2ca1",74,20,5.5,20,"experience",20,"short_exposure"
"633485c40e46cf7e9a2f2ca1",75,20,5.5,20,"experience",20,"short_exposure"
"633485c40e46cf7e9a2f2ca1",76,2,4,2,"experience",2,"short_exposure"
"633485c40e46cf7e9a2f2ca1",77,10,5.9464274989274,10,"experience",10,"short_exposure"
"633485c40e46cf7e9a2f2ca1",78,20,5.5,20,"experience",20,"short_exposure"
"633485c40e46cf7e9a2f2ca1",79,2,4,2,"experience",2,"short_exposure"
"633485c40e46cf7e9a2f2ca1",80,10,5.9464274989274,10,"experience",10,"short_exposure"
"633485c40e46cf7e9a2f2ca1",81,10,5.9464274989274,10,"experience",10,"short_exposure"
"633485c40e46cf7e9a2f2ca1",82,20,5.5,20,"experience",20,"short_exposure"
"633485c40e46cf7e9a2f2ca1",83,20,5.5,20,"experience",20,"short_exposure"
"633485c40e46cf7e9a2f2ca1",84,10,5.9464274989274,10,"experience",10,"short_exposure"
"633485c40e46cf7e9a2f2ca1",85,10,5.9464274989274,10,"experience",10,"short_exposure"
"633485c40e46cf7e9a2f2ca1",86,10,5.9464274989274,10,"experience",10,"short_exposure"
"633485c40e46cf7e9a2f2ca1",87,10,5.9464274989274,10,"experience",10,"short_exposure"
"633485c40e46cf7e9a2f2ca1",88,10,5.9464274989274,10,"experience",10,"short_exposure"
"633485c40e46cf7e9a2f2ca1",89,2,4,2,"experience",2,"short_exposure"
"633485c40e46cf7e9a2f2ca1",90,20,5.5,20,"experience",20,"short_exposure"
"633485c40e46cf7e9a2f2ca1",91,10,5.9464274989274,10,"experience",10,"short_exposure"
"633485c40e46cf7e9a2f2ca1",92,10,5.9464274989274,10,"experience",10,"short_exposure"
"633485c40e46cf7e9a2f2ca1",93,10,5.9464274989274,10,"experience",10,"short_exposure"
"633485c40e46cf7e9a2f2ca1",94,2,4,2,"experience",2,"short_exposure"
"633485c40e46cf7e9a2f2ca1",95,10,5.9464274989274,10,"experience",10,"short_exposure"
"633485c40e46cf7e9a2f2ca1",96,20,5.5,20,"experience",20,"short_exposure"
"633485c40e46cf7e9a2f2ca1",97,10,5.9464274989274,10,"experience",10,"short_exposure"
"633485c40e46cf7e9a2f2ca1",98,10,5.9464274989274,10,"experience",10,"short_exposure"
"633485c40e46cf7e9a2f2ca1",99,20,5.5,20,"experience",20,"short_exposure"
"633485c40e46cf7e9a2f2ca1",100,20,5.5,20,"experience",20,"short_exposure"
"633485c40e46cf7e9a2f2ca1",101,2,4,2,"experience",2,"short_exposure"
"633485c40e46cf7e9a2f2ca1",102,20,5.5,20,"experience",20,"short_exposure"
"633485c40e46cf7e9a2f2ca1",103,10,5.9464274989274,10,"experience",10,"short_exposure"
"633485c40e46cf7e9a2f2ca1",104,20,5.5,20,"experience",20,"short_exposure"
"633485c40e46cf7e9a2f2ca1",105,2,4,2,"experience",2,"short_exposure"
"633485c40e46cf7e9a2f2ca1",106,20,5.5,20,"experience",20,"short_exposure"
"633485c40e46cf7e9a2f2ca1",107,2,4,2,"experience",2,"short_exposure"
"633485c40e46cf7e9a2f2ca1",108,2,4,2,"experience",2,"short_exposure"
"633485c40e46cf7e9a2f2ca1",109,20,5.5,20,"experience",20,"short_exposure"
"633485c40e46cf7e9a2f2ca1",110,2,4,2,"experience",2,"short_exposure"
"633485c40e46cf7e9a2f2ca1",111,20,5.5,20,"experience",20,"short_exposure"
"633485c40e46cf7e9a2f2ca1",112,2,4,2,"experience",2,"short_exposure"
"633485c40e46cf7e9a2f2ca1",113,2,4,2,"experience",2,"short_exposure"
"633485c40e46cf7e9a2f2ca1",114,2,4,2,"experience",2,"short_exposure"
"633485c40e46cf7e9a2f2ca1",115,2,4,2,"experience",2,"short_exposure"
"633485c40e46cf7e9a2f2ca1",116,10,5.9464274989274,10,"experience",10,"short_exposure"
"694179d88301c400c4bbdb4d",1,2,6,2,"experience",2,"short_exposure"
"694179d88301c400c4bbdb4d",2,10,5.07543101617981,10,"experience",10,"short_exposure"
"694179d88301c400c4bbdb4d",3,10,4.64865571966778,10,"experience",10,"short_exposure"
"694179d88301c400c4bbdb4d",4,10,7.01712191713953,10,"experience",10,"short_exposure"
"694179d88301c400c4bbdb4d",7,2,6.5,2,"experience",2,"short_exposure"
"694179d88301c400c4bbdb4d",8,2,1,2,"experience",2,"short_exposure"
"694179d88301c400c4bbdb4d",11,2,2.5,2,"experience",2,"short_exposure"
"694179d88301c400c4bbdb4d",13,2,3,2,"experience",2,"short_exposure"
"694179d88301c400c4bbdb4d",18,10,6.32139225171164,10,"experience",10,"short_exposure"
"694179d88301c400c4bbdb4d",21,20,5.5,20,"experience",20,"short_exposure"
"694179d88301c400c4bbdb4d",22,2,4,2,"experience",2,"short_exposure"
"694179d88301c400c4bbdb4d",23,2,4,2,"experience",2,"short_exposure"
"694179d88301c400c4bbdb4d",24,2,4,2,"experience",2,"short_exposure"
"694179d88301c400c4bbdb4d",25,20,5.5,20,"experience",20,"short_exposure"
"694179d88301c400c4bbdb4d",26,10,5.9464274989274,10,"experience",10,"short_exposure"
"694179d88301c400c4bbdb4d",27,2,4,2,"experience",2,"short_exposure"
"694179d88301c400c4bbdb4d",28,2,4,2,"experience",2,"short_exposure"
"694179d88301c400c4bbdb4d",29,2,4,2,"experience",2,"short_exposure"
"694179d88301c400c4bbdb4d",30,2,4,2,"experience",2,"short_exposure"
"694179d88301c400c4bbdb4d",31,2,4,2,"experience",2,"short_exposure"
"694179d88301c400c4bbdb4d",32,10,5.9464274989274,10,"experience",10,"short_exposure"
"694179d88301c400c4bbdb4d",33,10,5.9464274989274,10,"experience",10,"short_exposure"
"694179d88301c400c4bbdb4d",34,10,5.9464274989274,10,"experience",10,"short_exposure"
"694179d88301c400c4bbdb4d",35,2,4,2,"experience",2,"short_exposure"
"694179d88301c400c4bbdb4d",36,20,5.5,20,"experience",20,"short_exposure"
"694179d88301c400c4bbdb4d",37,20,5.5,20,"experience",20,"short_exposure"
"694179d88301c400c4bbdb4d",38,20,5.5,20,"experience",20,"short_exposure"
"694179d88301c400c4bbdb4d",39,10,5.9464274989274,10,"experience",10,"short_exposure"
"694179d88301c400c4bbdb4d",40,10,5.9464274989274,10,"experience",10,"short_exposure"
"694179d88301c400c4bbdb4d",41,10,5.9464274989274,10,"experience",10,"short_exposure"
"694179d88301c400c4bbdb4d",42,20,5.5,20,"experience",20,"short_exposure"
"694179d88301c400c4bbdb4d",43,20,5.5,20,"experience",20,"short_exposure"
"694179d88301c400c4bbdb4d",44,10,5.9464274989274,10,"experience",10,"short_exposure"
"694179d88301c400c4bbdb4d",45,2,4,2,"experience",2,"short_exposure"
"694179d88301c400c4bbdb4d",46,10,5.9464274989274,10,"experience",10,"short_exposure"
"694179d88301c400c4bbdb4d",47,2,4,2,"experience",2,"short_exposure"
"694179d88301c400c4bbdb4d",48,2,4,2,"experience",2,"short_exposure"
"694179d88301c400c4bbdb4d",49,20,5.5,20,"experience",20,"short_exposure"
"694179d88301c400c4bbdb4d",50,10,5.9464274989274,10,"experience",10,"short_exposure"
"694179d88301c400c4bbdb4d",51,10,5.9464274989274,10,"experience",10,"short_exposure"
"694179d88301c400c4bbdb4d",52,10,5.9464274989274,10,"experience",10,"short_exposure"
"694179d88301c400c4bbdb4d",53,20,5.5,20,"experience",20,"short_exposure"
"694179d88301c400c4bbdb4d",54,10,5.9464274989274,10,"experience",10,"short_exposure"
"694179d88301c400c4bbdb4d",55,20,5.5,20,"experience",20,"short_exposure"
"694179d88301c400c4bbdb4d",56,20,5.5,20,"experience",20,"short_exposure"
"694179d88301c400c4bbdb4d",57,20,5.5,20,"experience",20,"short_exposure"
"694179d88301c400c4bbdb4d",58,2,4,2,"experience",2,"short_exposure"
"694179d88301c400c4bbdb4d",59,2,4,2,"experience",2,"short_exposure"
"694179d88301c400c4bbdb4d",60,2,4,2,"experience",2,"short_exposure"
"694179d88301c400c4bbdb4d",61,20,5.5,20,"experience",20,"short_exposure"
"694179d88301c400c4bbdb4d",62,20,5.5,20,"experience",20,"short_exposure"
"694179d88301c400c4bbdb4d",63,10,5.9464274989274,10,"experience",10,"short_exposure"
"694179d88301c400c4bbdb4d",64,10,5.9464274989274,10,"experience",10,"short_exposure"
"694179d88301c400c4bbdb4d",65,20,5.5,20,"experience",20,"short_exposure"
"694179d88301c400c4bbdb4d",66,2,4,2,"experience",2,"short_exposure"
"694179d88301c400c4bbdb4d",67,10,5.9464274989274,10,"experience",10,"short_exposure"
"694179d88301c400c4bbdb4d",68,20,5.5,20,"experience",20,"short_exposure"
"694179d88301c400c4bbdb4d",69,20,5.5,20,"experience",20,"short_exposure"
"694179d88301c400c4bbdb4d",70,10,5.9464274989274,10,"experience",10,"short_exposure"
"694179d88301c400c4bbdb4d",71,10,5.9464274989274,10,"experience",10,"short_exposure"
"694179d88301c400c4bbdb4d",72,2,4,2,"experience",2,"short_exposure"
"694179d88301c400c4bbdb4d",73,2,4,2,"experience",2,"short_exposure"
"694179d88301c400c4bbdb4d",74,2,4,2,"experience",2,"short_exposure"
"694179d88301c400c4bbdb4d",75,10,5.9464274989274,10,"experience",10,"short_exposure"
"694179d88301c400c4bbdb4d",76,20,5.5,20,"experience",20,"short_exposure"
"694179d88301c400c4bbdb4d",77,10,5.9464274989274,10,"experience",10,"short_exposure"
"694179d88301c400c4bbdb4d",78,10,5.9464274989274,10,"experience",10,"short_exposure"
"694179d88301c400c4bbdb4d",79,20,5.5,20,"experience",20,"short_exposure"
"694179d88301c400c4bbdb4d",80,10,5.9464274989274,10,"experience",10,"short_exposure"
"694179d88301c400c4bbdb4d",81,20,5.5,20,"experience",20,"short_exposure"
"694179d88301c400c4bbdb4d",82,2,4,2,"experience",2,"short_exposure"
"694179d88301c400c4bbdb4d",83,20,5.5,20,"experience",20,"short_exposure"
"694179d88301c400c4bbdb4d",84,10,5.9464274989274,10,"experience",10,"short_exposure"
"694179d88301c400c4bbdb4d",85,20,5.5,20,"experience",20,"short_exposure"
"694179d88301c400c4bbdb4d",86,20,5.5,20,"experience",20,"short_exposure"
"694179d88301c400c4bbdb4d",87,2,4,2,"experience",2,"short_exposure"
"694179d88301c400c4bbdb4d",88,20,5.5,20,"experience",20,"short_exposure"
"694179d88301c400c4bbdb4d",89,2,4,2,"experience",2,"short_exposure"
"694179d88301c400c4bbdb4d",90,20,5.5,20,"experience",20,"short_exposure"
"694179d88301c400c4bbdb4d",91,10,5.9464274989274,10,"experience",10,"short_exposure"
"694179d88301c400c4bbdb4d",92,10,5.9464274989274,10,"experience",10,"short_exposure"
"694179d88301c400c4bbdb4d",93,10,5.9464274989274,10,"experience",10,"short_exposure"
"694179d88301c400c4bbdb4d",94,2,4,2,"experience",2,"short_exposure"
"694179d88301c400c4bbdb4d",95,2,4,2,"experience",2,"short_exposure"
"694179d88301c400c4bbdb4d",96,20,5.5,20,"experience",20,"short_exposure"
"694179d88301c400c4bbdb4d",97,2,4,2,"experience",2,"short_exposure"
"694179d88301c400c4bbdb4d",98,2,4,2,"experience",2,"short_exposure"
"694179d88301c400c4bbdb4d",99,10,5.9464274989274,10,"experience",10,"short_exposure"
"694179d88301c400c4bbdb4d",100,10,5.9464274989274,10,"experience",10,"short_exposure"
"694179d88301c400c4bbdb4d",101,20,5.5,20,"experience",20,"short_exposure"
"694179d88301c400c4bbdb4d",102,10,5.9464274989274,10,"experience",10,"short_exposure"
"694179d88301c400c4bbdb4d",103,2,4,2,"experience",2,"short_exposure"
"694179d88301c400c4bbdb4d",104,10,5.9464274989274,10,"experience",10,"short_exposure"
"694179d88301c400c4bbdb4d",105,2,4,2,"experience",2,"short_exposure"
"694179d88301c400c4bbdb4d",106,20,5.5,20,"experience",20,"short_exposure"
"694179d88301c400c4bbdb4d",107,2,4,2,"experience",2,"short_exposure"
"694179d88301c400c4bbdb4d",108,20,5.5,20,"experience",20,"short_exposure"
"694179d88301c400c4bbdb4d",109,10,5.9464274989274,10,"experience",10,"short_exposure"
"694179d88301c400c4bbdb4d",110,2,4,2,"experience",2,"short_exposure"
"694179d88301c400c4bbdb4d",111,10,5.9464274989274,10,"experience",10,"short_exposure"
"694179d88301c400c4bbdb4d",112,20,5.5,20,"experience",20,"short_exposure"
"694179d88301c400c4bbdb4d",113,2,4,2,"experience",2,"short_exposure"
"694179d88301c400c4bbdb4d",114,2,4,2,"experience",2,"short_exposure"
"694179d88301c400c4bbdb4d",115,20,5.5,20,"experience",20,"short_exposure"
"694179d88301c400c4bbdb4d",116,20,5.5,20,"experience",20,"short_exposure"
"5e3adfc595ff562fbdd130fa",2,2,8,2,"experience",2,"short_exposure"
"5e3adfc595ff562fbdd130fa",3,2,3.5,2,"experience",2,"short_exposure"
"5e3adfc595ff562fbdd130fa",10,10,4.43734154646676,10,"experience",10,"short_exposure"
"5e3adfc595ff562fbdd130fa",13,2,1.5,2,"experience",2,"short_exposure"
"5e3adfc595ff562fbdd130fa",21,2,4,2,"experience",2,"short_exposure"
"5e3adfc595ff562fbdd130fa",22,2,4,2,"experience",2,"short_exposure"
"5e3adfc595ff562fbdd130fa",23,10,5.9464274989274,10,"experience",10,"short_exposure"
"5e3adfc595ff562fbdd130fa",24,10,5.9464274989274,10,"experience",10,"short_exposure"
"5e3adfc595ff562fbdd130fa",25,20,5.5,20,"experience",20,"short_exposure"
"5e3adfc595ff562fbdd130fa",26,20,5.5,20,"experience",20,"short_exposure"
"5e3adfc595ff562fbdd130fa",27,20,5.5,20,"experience",20,"short_exposure"
"5e3adfc595ff562fbdd130fa",28,2,4,2,"experience",2,"short_exposure"
"5e3adfc595ff562fbdd130fa",29,10,5.9464274989274,10,"experience",10,"short_exposure"
"5e3adfc595ff562fbdd130fa",30,2,4,2,"experience",2,"short_exposure"
"5e3adfc595ff562fbdd130fa",31,2,4,2,"experience",2,"short_exposure"
"5e3adfc595ff562fbdd130fa",32,10,5.9464274989274,10,"experience",10,"short_exposure"
"5e3adfc595ff562fbdd130fa",33,2,4,2,"experience",2,"short_exposure"
"5e3adfc595ff562fbdd130fa",34,20,5.5,20,"experience",20,"short_exposure"
"5e3adfc595ff562fbdd130fa",35,20,5.5,20,"experience",20,"short_exposure"
"5e3adfc595ff562fbdd130fa",36,20,5.5,20,"experience",20,"short_exposure"
"5e3adfc595ff562fbdd130fa",37,10,5.9464274989274,10,"experience",10,"short_exposure"
"5e3adfc595ff562fbdd130fa",38,10,5.9464274989274,10,"experience",10,"short_exposure"
"5e3adfc595ff562fbdd130fa",39,20,5.5,20,"experience",20,"short_exposure"
"5e3adfc595ff562fbdd130fa",40,20,5.5,20,"experience",20,"short_exposure"
"5e3adfc595ff562fbdd130fa",41,2,4,2,"experience",2,"short_exposure"
"5e3adfc595ff562fbdd130fa",42,10,5.9464274989274,10,"experience",10,"short_exposure"
"5e3adfc595ff562fbdd130fa",43,2,4,2,"experience",2,"short_exposure"
"5e3adfc595ff562fbdd130fa",44,20,5.5,20,"experience",20,"short_exposure"
"5e3adfc595ff562fbdd130fa",45,2,4,2,"experience",2,"short_exposure"
"5e3adfc595ff562fbdd130fa",46,20,5.5,20,"experience",20,"short_exposure"
"5e3adfc595ff562fbdd130fa",47,10,5.9464274989274,10,"experience",10,"short_exposure"
"5e3adfc595ff562fbdd130fa",48,10,5.9464274989274,10,"experience",10,"short_exposure"
"5e3adfc595ff562fbdd130fa",49,10,5.9464274989274,10,"experience",10,"short_exposure"
"5e3adfc595ff562fbdd130fa",50,2,4,2,"experience",2,"short_exposure"
"5e3adfc595ff562fbdd130fa",51,2,4,2,"experience",2,"short_exposure"
"5e3adfc595ff562fbdd130fa",52,2,4,2,"experience",2,"short_exposure"
"5e3adfc595ff562fbdd130fa",53,2,4,2,"experience",2,"short_exposure"
"5e3adfc595ff562fbdd130fa",54,20,5.5,20,"experience",20,"short_exposure"
"5e3adfc595ff562fbdd130fa",55,20,5.5,20,"experience",20,"short_exposure"
"5e3adfc595ff562fbdd130fa",56,10,5.9464274989274,10,"experience",10,"short_exposure"
"5e3adfc595ff562fbdd130fa",57,20,5.5,20,"experience",20,"short_exposure"
"5e3adfc595ff562fbdd130fa",58,2,4,2,"experience",2,"short_exposure"
"5e3adfc595ff562fbdd130fa",59,20,5.5,20,"experience",20,"short_exposure"
"5e3adfc595ff562fbdd130fa",60,20,5.5,20,"experience",20,"short_exposure"
"5e3adfc595ff562fbdd130fa",61,10,5.9464274989274,10,"experience",10,"short_exposure"
"5e3adfc595ff562fbdd130fa",62,10,5.9464274989274,10,"experience",10,"short_exposure"
"5e3adfc595ff562fbdd130fa",63,10,5.9464274989274,10,"experience",10,"short_exposure"
"5e3adfc595ff562fbdd130fa",64,10,5.9464274989274,10,"experience",10,"short_exposure"
"5e3adfc595ff562fbdd130fa",65,2,4,2,"experience",2,"short_exposure"
"5e3adfc595ff562fbdd130fa",66,2,4,2,"experience",2,"short_exposure"
"5e3adfc595ff562fbdd130fa",67,10,5.9464274989274,10,"experience",10,"short_exposure"
"5e3adfc595ff562fbdd130fa",68,20,5.5,20,"experience",20,"short_exposure"
"5e3adfc595ff562fbdd130fa",69,20,5.5,20,"experience",20,"short_exposure"
"5e3adfc595ff562fbdd130fa",70,20,5.5,20,"experience",20,"short_exposure"
"5e3adfc595ff562fbdd130fa",71,2,4,2,"experience",2,"short_exposure"
"5e3adfc595ff562fbdd130fa",72,2,4,2,"experience",2,"short_exposure"
"5e3adfc595ff562fbdd130fa",73,10,5.9464274989274,10,"experience",10,"short_exposure"
"5e3adfc595ff562fbdd130fa",74,2,4,2,"experience",2,"short_exposure"
"5e3adfc595ff562fbdd130fa",75,20,5.5,20,"experience",20,"short_exposure"
"5e3adfc595ff562fbdd130fa",76,10,5.9464274989274,10,"experience",10,"short_exposure"
"5e3adfc595ff562fbdd130fa",77,2,4,2,"experience",2,"short_exposure"
"5e3adfc595ff562fbdd130fa",78,20,5.5,20,"experience",20,"short_exposure"
"5e3adfc595ff562fbdd130fa",79,10,5.9464274989274,10,"experience",10,"short_exposure"
"5e3adfc595ff562fbdd130fa",80,2,4,2,"experience",2,"short_exposure"
"5e3adfc595ff562fbdd130fa",81,2,4,2,"experience",2,"short_exposure"
"5e3adfc595ff562fbdd130fa",82,20,5.5,20,"experience",20,"short_exposure"
"5e3adfc595ff562fbdd130fa",83,20,5.5,20,"experience",20,"short_exposure"
"5e3adfc595ff562fbdd130fa",84,10,5.9464274989274,10,"experience",10,"short_exposure"
"5e3adfc595ff562fbdd130fa",85,10,5.9464274989274,10,"experience",10,"short_exposure"
"5e3adfc595ff562fbdd130fa",86,20,5.5,20,"experience",20,"short_exposure"
"5e3adfc595ff562fbdd130fa",87,2,4,2,"experience",2,"short_exposure"
"5e3adfc595ff562fbdd130fa",88,10,5.9464274989274,10,"experience",10,"short_exposure"
"5e3adfc595ff562fbdd130fa",89,20,5.5,20,"experience",20,"short_exposure"
"5e3adfc595ff562fbdd130fa",90,2,4,2,"experience",2,"short_exposure"
"5e3adfc595ff562fbdd130fa",91,2,4,2,"experience",2,"short_exposure"
"5e3adfc595ff562fbdd130fa",92,2,4,2,"experience",2,"short_exposure"
"5e3adfc595ff562fbdd130fa",93,20,5.5,20,"experience",20,"short_exposure"
"5e3adfc595ff562fbdd130fa",94,2,4,2,"experience",2,"short_exposure"
"5e3adfc595ff562fbdd130fa",95,20,5.5,20,"experience",20,"short_exposure"
"5e3adfc595ff562fbdd130fa",96,20,5.5,20,"experience",20,"short_exposure"
"5e3adfc595ff562fbdd130fa",97,2,4,2,"experience",2,"short_exposure"
"5e3adfc595ff562fbdd130fa",98,10,5.9464274989274,10,"experience",10,"short_exposure"
"5e3adfc595ff562fbdd130fa",99,10,5.9464274989274,10,"experience",10,"short_exposure"
"5e3adfc595ff562fbdd130fa",100,10,5.9464274989274,10,"experience",10,"short_exposure"
"5e3adfc595ff562fbdd130fa",101,20,5.5,20,"experience",20,"short_exposure"
"5e3adfc595ff562fbdd130fa",102,10,5.9464274989274,10,"experience",10,"short_exposure"
"5e3adfc595ff562fbdd130fa",103,10,5.9464274989274,10,"experience",10,"short_exposure"
"5e3adfc595ff562fbdd130fa",104,10,5.9464274989274,10,"experience",10,"short_exposure"
"5e3adfc595ff562fbdd130fa",105,20,5.5,20,"experience",20,"short_exposure"
"5e3adfc595ff562fbdd130fa",106,10,5.9464274989274,10,"experience",10,"short_exposure"
"5e3adfc595ff562fbdd130fa",107,10,5.9464274989274,10,"experience",10,"short_exposure"
"5e3adfc595ff562fbdd130fa",108,2,4,2,"experience",2,"short_exposure"
"5e3adfc595ff562fbdd130fa",109,2,4,2,"experience",2,"short_exposure"
"5e3adfc595ff562fbdd130fa",110,20,5.5,20,"experience",20,"short_exposure"
"5e3adfc595ff562fbdd130fa",111,2,4,2,"experience",2,"short_exposure"
"5e3adfc595ff562fbdd130fa",112,20,5.5,20,"experience",20,"short_exposure"
"5e3adfc595ff562fbdd130fa",113,10,5.9464274989274,10,"experience",10,"short_exposure"
"5e3adfc595ff562fbdd130fa",114,10,5.9464274989274,10,"experience",10,"short_exposure"
"5e3adfc595ff562fbdd130fa",115,2,4,2,"experience",2,"short_exposure"
"5e3adfc595ff562fbdd130fa",116,20,5.5,20,"experience",20,"short_exposure"
"5ff07b5ee7a1d23e719e421e",5,2,8.5,2,"experience",2,"short_exposure"
"5ff07b5ee7a1d23e719e421e",9,2,1.5,2,"experience",2,"short_exposure"
"5ff07b5ee7a1d23e719e421e",13,10,6.46606526413088,10,"experience",10,"short_exposure"
"5ff07b5ee7a1d23e719e421e",20,10,4.64327470649756,10,"experience",10,"short_exposure"
"5ff07b5ee7a1d23e719e421e",21,10,5.9464274989274,10,"experience",10,"short_exposure"
"5ff07b5ee7a1d23e719e421e",22,2,4,2,"experience",2,"short_exposure"
"5ff07b5ee7a1d23e719e421e",23,20,5.5,20,"experience",20,"short_exposure"
"5ff07b5ee7a1d23e719e421e",24,20,5.5,20,"experience",20,"short_exposure"
"5ff07b5ee7a1d23e719e421e",25,20,5.5,20,"experience",20,"short_exposure"
"5ff07b5ee7a1d23e719e421e",26,20,5.5,20,"experience",20,"short_exposure"
"5ff07b5ee7a1d23e719e421e",27,10,5.9464274989274,10,"experience",10,"short_exposure"
"5ff07b5ee7a1d23e719e421e",28,10,5.9464274989274,10,"experience",10,"short_exposure"
"5ff07b5ee7a1d23e719e421e",29,2,4,2,"experience",2,"short_exposure"
"5ff07b5ee7a1d23e719e421e",30,20,5.5,20,"experience",20,"short_exposure"
"5ff07b5ee7a1d23e719e421e",31,10,5.9464274989274,10,"experience",10,"short_exposure"
"5ff07b5ee7a1d23e719e421e",32,20,5.5,20,"experience",20,"short_exposure"
"5ff07b5ee7a1d23e719e421e",33,2,4,2,"experience",2,"short_exposure"
"5ff07b5ee7a1d23e719e421e",34,10,5.9464274989274,10,"experience",10,"short_exposure"
"5ff07b5ee7a1d23e719e421e",35,10,5.9464274989274,10,"experience",10,"short_exposure"
"5ff07b5ee7a1d23e719e421e",36,2,4,2,"experience",2,"short_exposure"
"5ff07b5ee7a1d23e719e421e",37,10,5.9464274989274,10,"experience",10,"short_exposure"
"5ff07b5ee7a1d23e719e421e",38,2,4,2,"experience",2,"short_exposure"
"5ff07b5ee7a1d23e719e421e",39,2,4,2,"experience",2,"short_exposure"
"5ff07b5ee7a1d23e719e421e",40,2,4,2,"experience",2,"short_exposure"
"5ff07b5ee7a1d23e719e421e",41,2,4,2,"experience",2,"short_exposure"
"5ff07b5ee7a1d23e719e421e",42,20,5.5,20,"experience",20,"short_exposure"
"5ff07b5ee7a1d23e719e421e",43,20,5.5,20,"experience",20,"short_exposure"
"5ff07b5ee7a1d23e719e421e",44,2,4,2,"experience",2,"short_exposure"
"5ff07b5ee7a1d23e719e421e",45,20,5.5,20,"experience",20,"short_exposure"
"5ff07b5ee7a1d23e719e421e",46,10,5.9464274989274,10,"experience",10,"short_exposure"
"5ff07b5ee7a1d23e719e421e",47,20,5.5,20,"experience",20,"short_exposure"
"5ff07b5ee7a1d23e719e421e",48,10,5.9464274989274,10,"experience",10,"short_exposure"
"5ff07b5ee7a1d23e719e421e",49,2,4,2,"experience",2,"short_exposure"
"5ff07b5ee7a1d23e719e421e",50,2,4,2,"experience",2,"short_exposure"
"5ff07b5ee7a1d23e719e421e",51,20,5.5,20,"experience",20,"short_exposure"
"5ff07b5ee7a1d23e719e421e",52,2,4,2,"experience",2,"short_exposure"
"5ff07b5ee7a1d23e719e421e",53,20,5.5,20,"experience",20,"short_exposure"
"5ff07b5ee7a1d23e719e421e",54,20,5.5,20,"experience",20,"short_exposure"
"5ff07b5ee7a1d23e719e421e",55,20,5.5,20,"experience",20,"short_exposure"
"5ff07b5ee7a1d23e719e421e",56,10,5.9464274989274,10,"experience",10,"short_exposure"
"5ff07b5ee7a1d23e719e421e",57,2,4,2,"experience",2,"short_exposure"
"5ff07b5ee7a1d23e719e421e",58,10,5.9464274989274,10,"experience",10,"short_exposure"
"5ff07b5ee7a1d23e719e421e",59,2,4,2,"experience",2,"short_exposure"
"5ff07b5ee7a1d23e719e421e",60,20,5.5,20,"experience",20,"short_exposure"
"5ff07b5ee7a1d23e719e421e",61,2,4,2,"experience",2,"short_exposure"
"5ff07b5ee7a1d23e719e421e",62,10,5.9464274989274,10,"experience",10,"short_exposure"
"5ff07b5ee7a1d23e719e421e",63,20,5.5,20,"experience",20,"short_exposure"
"5ff07b5ee7a1d23e719e421e",64,2,4,2,"experience",2,"short_exposure"
"5ff07b5ee7a1d23e719e421e",65,10,5.9464274989274,10,"experience",10,"short_exposure"
"5ff07b5ee7a1d23e719e421e",66,10,5.9464274989274,10,"experience",10,"short_exposure"
"5ff07b5ee7a1d23e719e421e",67,10,5.9464274989274,10,"experience",10,"short_exposure"
"5ff07b5ee7a1d23e719e421e",68,10,5.9464274989274,10,"experience",10,"short_exposure"
"5ff07b5ee7a1d23e719e421e",69,10,5.9464274989274,10,"experience",10,"short_exposure"
"5ff07b5ee7a1d23e719e421e",70,20,5.5,20,"experience",20,"short_exposure"
"5ff07b5ee7a1d23e719e421e",71,2,4,2,"experience",2,"short_exposure"
"5ff07b5ee7a1d23e719e421e",72,20,5.5,20,"experience",20,"short_exposure"
"5ff07b5ee7a1d23e719e421e",73,20,5.5,20,"experience",20,"short_exposure"
"5ff07b5ee7a1d23e719e421e",74,20,5.5,20,"experience",20,"short_exposure"
"5ff07b5ee7a1d23e719e421e",75,10,5.9464274989274,10,"experience",10,"short_exposure"
"5ff07b5ee7a1d23e719e421e",76,20,5.5,20,"experience",20,"short_exposure"
"5ff07b5ee7a1d23e719e421e",77,2,4,2,"experience",2,"short_exposure"
"5ff07b5ee7a1d23e719e421e",78,2,4,2,"experience",2,"short_exposure"
"5ff07b5ee7a1d23e719e421e",79,2,4,2,"experience",2,"short_exposure"
"5ff07b5ee7a1d23e719e421e",80,20,5.5,20,"experience",20,"short_exposure"
"5ff07b5ee7a1d23e719e421e",81,2,4,2,"experience",2,"short_exposure"
"5ff07b5ee7a1d23e719e421e",82,2,4,2,"experience",2,"short_exposure"
"5ff07b5ee7a1d23e719e421e",83,10,5.9464274989274,10,"experience",10,"short_exposure"
"5ff07b5ee7a1d23e719e421e",84,20,5.5,20,"experience",20,"short_exposure"
"5ff07b5ee7a1d23e719e421e",85,20,5.5,20,"experience",20,"short_exposure"
"5ff07b5ee7a1d23e719e421e",86,10,5.9464274989274,10,"experience",10,"short_exposure"
"5ff07b5ee7a1d23e719e421e",87,10,5.9464274989274,10,"experience",10,"short_exposure"
"5ff07b5ee7a1d23e719e421e",88,20,5.5,20,"experience",20,"short_exposure"
"5ff07b5ee7a1d23e719e421e",89,20,5.5,20,"experience",20,"short_exposure"
"5ff07b5ee7a1d23e719e421e",90,2,4,2,"experience",2,"short_exposure"
"5ff07b5ee7a1d23e719e421e",91,10,5.9464274989274,10,"experience",10,"short_exposure"
"5ff07b5ee7a1d23e719e421e",92,20,5.5,20,"experience",20,"short_exposure"
"5ff07b5ee7a1d23e719e421e",93,10,5.9464274989274,10,"experience",10,"short_exposure"
"5ff07b5ee7a1d23e719e421e",94,10,5.9464274989274,10,"experience",10,"short_exposure"
"5ff07b5ee7a1d23e719e421e",95,20,5.5,20,"experience",20,"short_exposure"
"5ff07b5ee7a1d23e719e421e",96,2,4,2,"experience",2,"short_exposure"
"5ff07b5ee7a1d23e719e421e",97,2,4,2,"experience",2,"short_exposure"
"5ff07b5ee7a1d23e719e421e",98,10,5.9464274989274,10,"experience",10,"short_exposure"
"5ff07b5ee7a1d23e719e421e",99,10,5.9464274989274,10,"experience",10,"short_exposure"
"5ff07b5ee7a1d23e719e421e",100,10,5.9464274989274,10,"experience",10,"short_exposure"
"5ff07b5ee7a1d23e719e421e",101,2,4,2,"experience",2,"short_exposure"
"5ff07b5ee7a1d23e719e421e",102,20,5.5,20,"experience",20,"short_exposure"
"5ff07b5ee7a1d23e719e421e",103,2,4,2,"experience",2,"short_exposure"
"5ff07b5ee7a1d23e719e421e",104,20,5.5,20,"experience",20,"short_exposure"
"5ff07b5ee7a1d23e719e421e",105,10,5.9464274989274,10,"experience",10,"short_exposure"
"5ff07b5ee7a1d23e719e421e",106,2,4,2,"experience",2,"short_exposure"
"5ff07b5ee7a1d23e719e421e",107,2,4,2,"experience",2,"short_exposure"
"5ff07b5ee7a1d23e719e421e",108,10,5.9464274989274,10,"experience",10,"short_exposure"
"5ff07b5ee7a1d23e719e421e",109,20,5.5,20,"experience",20,"short_exposure"
"5ff07b5ee7a1d23e719e421e",110,2,4,2,"experience",2,"short_exposure"
"5ff07b5ee7a1d23e719e421e",111,10,5.9464274989274,10,"experience",10,"short_exposure"
"5ff07b5ee7a1d23e719e421e",112,2,4,2,"experience",2,"short_exposure"
"5ff07b5ee7a1d23e719e421e",113,2,4,2,"experience",2,"short_exposure"
"5ff07b5ee7a1d23e719e421e",114,10,5.9464274989274,10,"experience",10,"short_exposure"
"5ff07b5ee7a1d23e719e421e",115,20,5.5,20,"experience",20,"short_exposure"
"5ff07b5ee7a1d23e719e421e",116,10,5.9464274989274,10,"experience",10,"short_exposure"
"695c8ba574771ee1382bed66",4,2,7.5,2,"experience",2,"short_exposure"
"695c8ba574771ee1382bed66",8,2,2.5,2,"experience",2,"short_exposure"
"695c8ba574771ee1382bed66",9,2,0.5,2,"experience",2,"short_exposure"
"695c8ba574771ee1382bed66",11,2,1,2,"experience",2,"short_exposure"
"695c8ba574771ee1382bed66",18,10,6.66033032213868,10,"experience",10,"short_exposure"
"695c8ba574771ee1382bed66",21,10,5.9464274989274,10,"experience",10,"short_exposure"
"695c8ba574771ee1382bed66",22,20,5.5,20,"experience",20,"short_exposure"
"695c8ba574771ee1382bed66",23,2,4,2,"experience",2,"short_exposure"
"695c8ba574771ee1382bed66",24,2,4,2,"experience",2,"short_exposure"
"695c8ba574771ee1382bed66",25,2,4,2,"experience",2,"short_exposure"
"695c8ba574771ee1382bed66",26,10,5.9464274989274,10,"experience",10,"short_exposure"
"695c8ba574771ee1382bed66",27,20,5.5,20,"experience",20,"short_exposure"
"695c8ba574771ee1382bed66",28,20,5.5,20,"experience",20,"short_exposure"
"695c8ba574771ee1382bed66",29,2,4,2,"experience",2,"short_exposure"
"695c8ba574771ee1382bed66",30,2,4,2,"experience",2,"short_exposure"
"695c8ba574771ee1382bed66",31,20,5.5,20,"experience",20,"short_exposure"
"695c8ba574771ee1382bed66",32,20,5.5,20,"experience",20,"short_exposure"
"695c8ba574771ee1382bed66",33,20,5.5,20,"experience",20,"short_exposure"
"695c8ba574771ee1382bed66",34,2,4,2,"experience",2,"short_exposure"
"695c8ba574771ee1382bed66",35,2,4,2,"experience",2,"short_exposure"
"695c8ba574771ee1382bed66",36,10,5.9464274989274,10,"experience",10,"short_exposure"
"695c8ba574771ee1382bed66",37,2,4,2,"experience",2,"short_exposure"
"695c8ba574771ee1382bed66",38,10,5.9464274989274,10,"experience",10,"short_exposure"
"695c8ba574771ee1382bed66",39,10,5.9464274989274,10,"experience",10,"short_exposure"
"695c8ba574771ee1382bed66",40,2,4,2,"experience",2,"short_exposure"
"695c8ba574771ee1382bed66",41,20,5.5,20,"experience",20,"short_exposure"
"695c8ba574771ee1382bed66",42,20,5.5,20,"experience",20,"short_exposure"
"695c8ba574771ee1382bed66",43,10,5.9464274989274,10,"experience",10,"short_exposure"
"695c8ba574771ee1382bed66",44,10,5.9464274989274,10,"experience",10,"short_exposure"
"695c8ba574771ee1382bed66",45,2,4,2,"experience",2,"short_exposure"
"695c8ba574771ee1382bed66",46,10,5.9464274989274,10,"experience",10,"short_exposure"
"695c8ba574771ee1382bed66",47,20,5.5,20,"experience",20,"short_exposure"
"695c8ba574771ee1382bed66",48,10,5.9464274989274,10,"experience",10,"short_exposure"
"695c8ba574771ee1382bed66",49,20,5.5,20,"experience",20,"short_exposure"
"695c8ba574771ee1382bed66",50,2,4,2,"experience",2,"short_exposure"
"695c8ba574771ee1382bed66",51,20,5.5,20,"experience",20,"short_exposure"
"695c8ba574771ee1382bed66",52,20,5.5,20,"experience",20,"short_exposure"
"695c8ba574771ee1382bed66",53,10,5.9464274989274,10,"experience",10,"short_exposure"
"695c8ba574771ee1382bed66",54,10,5.9464274989274,10,"experience",10,"short_exposure"
"695c8ba574771ee1382bed66",55,10,5.9464274989274,10,"experience",10,"short_exposure"
"695c8ba574771ee1382bed66",56,20,5.5,20,"experience",20,"short_exposure"
"695c8ba574771ee1382bed66",57,10,5.9464274989274,10,"experience",10,"short_exposure"
"695c8ba574771ee1382bed66",58,10,5.9464274989274,10,"experience",10,"short_exposure"
"695c8ba574771ee1382bed66",59,20,5.5,20,"experience",20,"short_exposure"
"695c8ba574771ee1382bed66",60,2,4,2,"experience",2,"short_exposure"
"695c8ba574771ee1382bed66",61,10,5.9464274989274,10,"experience",10,"short_exposure"
"695c8ba574771ee1382bed66",62,20,5.5,20,"experience",20,"short_exposure"
"695c8ba574771ee1382bed66",63,10,5.9464274989274,10,"experience",10,"short_exposure"
"695c8ba574771ee1382bed66",64,2,4,2,"experience",2,"short_exposure"
"695c8ba574771ee1382bed66",65,2,4,2,"experience",2,"short_exposure"
"695c8ba574771ee1382bed66",66,2,4,2,"experience",2,"short_exposure"
"695c8ba574771ee1382bed66",67,20,5.5,20,"experience",20,"short_exposure"
"695c8ba574771ee1382bed66",68,2,4,2,"experience",2,"short_exposure"
"695c8ba574771ee1382bed66",69,2,4,2,"experience",2,"short_exposure"
"695c8ba574771ee1382bed66",70,10,5.9464274989274,10,"experience",10,"short_exposure"
"695c8ba574771ee1382bed66",71,2,4,2,"experience",2,"short_exposure"
"695c8ba574771ee1382bed66",72,20,5.5,20,"experience",20,"short_exposure"
"695c8ba574771ee1382bed66",73,10,5.9464274989274,10,"experience",10,"short_exposure"
"695c8ba574771ee1382bed66",74,2,4,2,"experience",2,"short_exposure"
"695c8ba574771ee1382bed66",75,2,4,2,"experience",2,"short_exposure"
"695c8ba574771ee1382bed66",76,2,4,2,"experience",2,"short_exposure"
"695c8ba574771ee1382bed66",77,20,5.5,20,"experience",20,"short_exposure"
"695c8ba574771ee1382bed66",78,20,5.5,20,"experience",20,"short_exposure"
"695c8ba574771ee1382bed66",79,10,5.9464274989274,10,"experience",10,"short_exposure"
"695c8ba574771ee1382bed66",80,2,4,2,"experience",2,"short_exposure"
"695c8ba574771ee1382bed66",81,2,4,2,"experience",2,"short_exposure"
"695c8ba574771ee1382bed66",82,2,4,2,"experience",2,"short_exposure"
"695c8ba574771ee1382bed66",83,2,4,2,"experience",2,"short_exposure"
"695c8ba574771ee1382bed66",84,20,5.5,20,"experience",20,"short_exposure"
"695c8ba574771ee1382bed66",85,20,5.5,20,"experience",20,"short_exposure"
"695c8ba574771ee1382bed66",86,10,5.9464274989274,10,"experience",10,"short_exposure"
"695c8ba574771ee1382bed66",87,10,5.9464274989274,10,"experience",10,"short_exposure"
"695c8ba574771ee1382bed66",88,10,5.9464274989274,10,"experience",10,"short_exposure"
"695c8ba574771ee1382bed66",89,2,4,2,"experience",2,"short_exposure"
"695c8ba574771ee1382bed66",90,2,4,2,"experience",2,"short_exposure"
"695c8ba574771ee1382bed66",91,2,4,2,"experience",2,"short_exposure"
"695c8ba574771ee1382bed66",92,10,5.9464274989274,10,"experience",10,"short_exposure"
"695c8ba574771ee1382bed66",93,20,5.5,20,"experience",20,"short_exposure"
"695c8ba574771ee1382bed66",94,10,5.9464274989274,10,"experience",10,"short_exposure"
"695c8ba574771ee1382bed66",95,10,5.9464274989274,10,"experience",10,"short_exposure"
"695c8ba574771ee1382bed66",96,20,5.5,20,"experience",20,"short_exposure"
"695c8ba574771ee1382bed66",97,2,4,2,"experience",2,"short_exposure"
"695c8ba574771ee1382bed66",98,2,4,2,"experience",2,"short_exposure"
"695c8ba574771ee1382bed66",99,10,5.9464274989274,10,"experience",10,"short_exposure"
"695c8ba574771ee1382bed66",100,10,5.9464274989274,10,"experience",10,"short_exposure"
"695c8ba574771ee1382bed66",101,10,5.9464274989274,10,"experience",10,"short_exposure"
"695c8ba574771ee1382bed66",102,2,4,2,"experience",2,"short_exposure"
"695c8ba574771ee1382bed66",103,10,5.9464274989274,10,"experience",10,"short_exposure"
"695c8ba574771ee1382bed66",104,20,5.5,20,"experience",20,"short_exposure"
"695c8ba574771ee1382bed66",105,10,5.9464274989274,10,"experience",10,"short_exposure"
"695c8ba574771ee1382bed66",106,20,5.5,20,"experience",20,"short_exposure"
"695c8ba574771ee1382bed66",107,2,4,2,"experience",2,"short_exposure"
"695c8ba574771ee1382bed66",108,20,5.5,20,"experience",20,"short_exposure"
"695c8ba574771ee1382bed66",109,20,5.5,20,"experience",20,"short_exposure"
"695c8ba574771ee1382bed66",110,20,5.5,20,"experience",20,"short_exposure"
"695c8ba574771ee1382bed66",111,20,5.5,20,"experience",20,"short_exposure"
"695c8ba574771ee1382bed66",112,20,5.5,20,"experience",20,"short_exposure"
"695c8ba574771ee1382bed66",113,10,5.9464274989274,10,"experience",10,"short_exposure"
"695c8ba574771ee1382bed66",114,20,5.5,20,"experience",20,"short_exposure"
"695c8ba574771ee1382bed66",115,10,5.9464274989274,10,"experience",10,"short_exposure"
"695c8ba574771ee1382bed66",116,20,5.5,20,"experience",20,"short_exposure"
"6941735b3d4f8229158290ea",9,10,5.09901951359278,10,"experience",10,"short_exposure"
"6941735b3d4f8229158290ea",11,2,5,2,"experience",2,"short_exposure"
"6941735b3d4f8229158290ea",13,10,5.94053869611166,10,"experience",10,"short_exposure"
"6941735b3d4f8229158290ea",14,2,6,2,"experience",2,"short_exposure"
"6941735b3d4f8229158290ea",16,2,8,2,"experience",2,"short_exposure"
"6941735b3d4f8229158290ea",19,10,4.6,10,"experience",10,"short_exposure"
"6941735b3d4f8229158290ea",21,20,5.5,20,"experience",20,"short_exposure"
"6941735b3d4f8229158290ea",22,10,5.9464274989274,10,"experience",10,"short_exposure"
"6941735b3d4f8229158290ea",23,20,5.5,20,"experience",20,"short_exposure"
"6941735b3d4f8229158290ea",24,2,4,2,"experience",2,"short_exposure"
"6941735b3d4f8229158290ea",25,20,5.5,20,"experience",20,"short_exposure"
"6941735b3d4f8229158290ea",26,20,5.5,20,"experience",20,"short_exposure"
"6941735b3d4f8229158290ea",27,20,5.5,20,"experience",20,"short_exposure"
"6941735b3d4f8229158290ea",28,20,5.5,20,"experience",20,"short_exposure"
"6941735b3d4f8229158290ea",29,10,5.9464274989274,10,"experience",10,"short_exposure"
"6941735b3d4f8229158290ea",30,2,4,2,"experience",2,"short_exposure"
"6941735b3d4f8229158290ea",31,20,5.5,20,"experience",20,"short_exposure"
"6941735b3d4f8229158290ea",32,2,4,2,"experience",2,"short_exposure"
"6941735b3d4f8229158290ea",33,10,5.9464274989274,10,"experience",10,"short_exposure"
"6941735b3d4f8229158290ea",34,2,4,2,"experience",2,"short_exposure"
"6941735b3d4f8229158290ea",35,2,4,2,"experience",2,"short_exposure"
"6941735b3d4f8229158290ea",36,10,5.9464274989274,10,"experience",10,"short_exposure"
"6941735b3d4f8229158290ea",37,20,5.5,20,"experience",20,"short_exposure"
"6941735b3d4f8229158290ea",38,2,4,2,"experience",2,"short_exposure"
"6941735b3d4f8229158290ea",39,10,5.9464274989274,10,"experience",10,"short_exposure"
"6941735b3d4f8229158290ea",40,2,4,2,"experience",2,"short_exposure"
"6941735b3d4f8229158290ea",41,2,4,2,"experience",2,"short_exposure"
"6941735b3d4f8229158290ea",42,10,5.9464274989274,10,"experience",10,"short_exposure"
"6941735b3d4f8229158290ea",43,10,5.9464274989274,10,"experience",10,"short_exposure"
"6941735b3d4f8229158290ea",44,10,5.9464274989274,10,"experience",10,"short_exposure"
"6941735b3d4f8229158290ea",45,10,5.9464274989274,10,"experience",10,"short_exposure"
"6941735b3d4f8229158290ea",46,20,5.5,20,"experience",20,"short_exposure"
"6941735b3d4f8229158290ea",47,10,5.9464274989274,10,"experience",10,"short_exposure"
"6941735b3d4f8229158290ea",48,2,4,2,"experience",2,"short_exposure"
"6941735b3d4f8229158290ea",49,2,4,2,"experience",2,"short_exposure"
"6941735b3d4f8229158290ea",50,10,5.9464274989274,10,"experience",10,"short_exposure"
"6941735b3d4f8229158290ea",51,2,4,2,"experience",2,"short_exposure"
"6941735b3d4f8229158290ea",52,20,5.5,20,"experience",20,"short_exposure"
"6941735b3d4f8229158290ea",53,20,5.5,20,"experience",20,"short_exposure"
"6941735b3d4f8229158290ea",54,10,5.9464274989274,10,"experience",10,"short_exposure"
"6941735b3d4f8229158290ea",55,2,4,2,"experience",2,"short_exposure"
"6941735b3d4f8229158290ea",56,20,5.5,20,"experience",20,"short_exposure"
"6941735b3d4f8229158290ea",57,20,5.5,20,"experience",20,"short_exposure"
"6941735b3d4f8229158290ea",58,10,5.9464274989274,10,"experience",10,"short_exposure"
"6941735b3d4f8229158290ea",59,10,5.9464274989274,10,"experience",10,"short_exposure"
"6941735b3d4f8229158290ea",60,2,4,2,"experience",2,"short_exposure"
"6941735b3d4f8229158290ea",61,10,5.9464274989274,10,"experience",10,"short_exposure"
"6941735b3d4f8229158290ea",62,2,4,2,"experience",2,"short_exposure"
"6941735b3d4f8229158290ea",63,20,5.5,20,"experience",20,"short_exposure"
"6941735b3d4f8229158290ea",64,2,4,2,"experience",2,"short_exposure"
"6941735b3d4f8229158290ea",65,20,5.5,20,"experience",20,"short_exposure"
"6941735b3d4f8229158290ea",66,2,4,2,"experience",2,"short_exposure"
"6941735b3d4f8229158290ea",67,10,5.9464274989274,10,"experience",10,"short_exposure"
"6941735b3d4f8229158290ea",68,20,5.5,20,"experience",20,"short_exposure"
"6941735b3d4f8229158290ea",69,2,4,2,"experience",2,"short_exposure"
"6941735b3d4f8229158290ea",70,10,5.9464274989274,10,"experience",10,"short_exposure"
"6941735b3d4f8229158290ea",71,2,4,2,"experience",2,"short_exposure"
"6941735b3d4f8229158290ea",72,10,5.9464274989274,10,"experience",10,"short_exposure"
"6941735b3d4f8229158290ea",73,2,4,2,"experience",2,"short_exposure"
"6941735b3d4f8229158290ea",74,2,4,2,"experience",2,"short_exposure"
"6941735b3d4f8229158290ea",75,2,4,2,"experience",2,"short_exposure"
"6941735b3d4f8229158290ea",76,2,4,2,"experience",2,"short_exposure"
"6941735b3d4f8229158290ea",77,2,4,2,"experience",2,"short_exposure"
"6941735b3d4f8229158290ea",78,20,5.5,20,"experience",20,"short_exposure"
"6941735b3d4f8229158290ea",79,10,5.9464274989274,10,"experience",10,"short_exposure"
"6941735b3d4f8229158290ea",80,10,5.9464274989274,10,"experience",10,"short_exposure"
"6941735b3d4f8229158290ea",81,2,4,2,"experience",2,"short_exposure"
"6941735b3d4f8229158290ea",82,20,5.5,20,"experience",20,"short_exposure"
"6941735b3d4f8229158290ea",83,20,5.5,20,"experience",20,"short_exposure"
"6941735b3d4f8229158290ea",84,20,5.5,20,"experience",20,"short_exposure"
"6941735b3d4f8229158290ea",85,2,4,2,"experience",2,"short_exposure"
"6941735b3d4f8229158290ea",86,20,5.5,20,"experience",20,"short_exposure"
"6941735b3d4f8229158290ea",87,10,5.9464274989274,10,"experience",10,"short_exposure"
"6941735b3d4f8229158290ea",88,20,5.5,20,"experience",20,"short_exposure"
"6941735b3d4f8229158290ea",89,2,4,2,"experience",2,"short_exposure"
"6941735b3d4f8229158290ea",90,10,5.9464274989274,10,"experience",10,"short_exposure"
"6941735b3d4f8229158290ea",91,2,4,2,"experience",2,"short_exposure"
"6941735b3d4f8229158290ea",92,2,4,2,"experience",2,"short_exposure"
"6941735b3d4f8229158290ea",93,10,5.9464274989274,10,"experience",10,"short_exposure"
"6941735b3d4f8229158290ea",94,2,4,2,"experience",2,"short_exposure"
"6941735b3d4f8229158290ea",95,10,5.9464274989274,10,"experience",10,"short_exposure"
"6941735b3d4f8229158290ea",96,20,5.5,20,"experience",20,"short_exposure"
"6941735b3d4f8229158290ea",97,10,5.9464274989274,10,"experience",10,"short_exposure"
"6941735b3d4f8229158290ea",98,10,5.9464274989274,10,"experience",10,"short_exposure"
"6941735b3d4f8229158290ea",99,10,5.9464274989274,10,"experience",10,"short_exposure"
"6941735b3d4f8229158290ea",100,20,5.5,20,"experience",20,"short_exposure"
"6941735b3d4f8229158290ea",101,20,5.5,20,"experience",20,"short_exposure"
"6941735b3d4f8229158290ea",102,2,4,2,"experience",2,"short_exposure"
"6941735b3d4f8229158290ea",103,2,4,2,"experience",2,"short_exposure"
"6941735b3d4f8229158290ea",104,10,5.9464274989274,10,"experience",10,"short_exposure"
"6941735b3d4f8229158290ea",105,20,5.5,20,"experience",20,"short_exposure"
"6941735b3d4f8229158290ea",106,10,5.9464274989274,10,"experience",10,"short_exposure"
"6941735b3d4f8229158290ea",107,10,5.9464274989274,10,"experience",10,"short_exposure"
"6941735b3d4f8229158290ea",108,2,4,2,"experience",2,"short_exposure"
"6941735b3d4f8229158290ea",109,20,5.5,20,"experience",20,"short_exposure"
"6941735b3d4f8229158290ea",110,20,5.5,20,"experience",20,"short_exposure"
"6941735b3d4f8229158290ea",111,10,5.9464274989274,10,"experience",10,"short_exposure"
"6941735b3d4f8229158290ea",112,20,5.5,20,"experience",20,"short_exposure"
"6941735b3d4f8229158290ea",113,10,5.9464274989274,10,"experience",10,"short_exposure"
"6941735b3d4f8229158290ea",114,20,5.5,20,"experience",20,"short_exposure"
"6941735b3d4f8229158290ea",115,20,5.5,20,"experience",20,"short_exposure"
"6941735b3d4f8229158290ea",116,20,5.5,20,"experience",20,"short_exposure"
"5f4813c94e8b081877fb26a6",2,2,1,2,"experience",2,"short_exposure"
"5f4813c94e8b081877fb26a6",17,10,5.56776436283002,10,"experience",10,"short_exposure"
"5f4813c94e8b081877fb26a6",21,10,5.9464274989274,10,"experience",10,"short_exposure"
"5f4813c94e8b081877fb26a6",22,2,4,2,"experience",2,"short_exposure"
"5f4813c94e8b081877fb26a6",23,10,5.9464274989274,10,"experience",10,"short_exposure"
"5f4813c94e8b081877fb26a6",24,10,5.9464274989274,10,"experience",10,"short_exposure"
"5f4813c94e8b081877fb26a6",25,10,5.9464274989274,10,"experience",10,"short_exposure"
"5f4813c94e8b081877fb26a6",26,20,5.5,20,"experience",20,"short_exposure"
"5f4813c94e8b081877fb26a6",27,20,5.5,20,"experience",20,"short_exposure"
"5f4813c94e8b081877fb26a6",28,10,5.9464274989274,10,"experience",10,"short_exposure"
"5f4813c94e8b081877fb26a6",29,2,4,2,"experience",2,"short_exposure"
"5f4813c94e8b081877fb26a6",30,20,5.5,20,"experience",20,"short_exposure"
"5f4813c94e8b081877fb26a6",31,2,4,2,"experience",2,"short_exposure"
"5f4813c94e8b081877fb26a6",32,2,4,2,"experience",2,"short_exposure"
"5f4813c94e8b081877fb26a6",33,2,4,2,"experience",2,"short_exposure"
"5f4813c94e8b081877fb26a6",34,10,5.9464274989274,10,"experience",10,"short_exposure"
"5f4813c94e8b081877fb26a6",35,20,5.5,20,"experience",20,"short_exposure"
"5f4813c94e8b081877fb26a6",36,10,5.9464274989274,10,"experience",10,"short_exposure"
"5f4813c94e8b081877fb26a6",37,10,5.9464274989274,10,"experience",10,"short_exposure"
"5f4813c94e8b081877fb26a6",38,2,4,2,"experience",2,"short_exposure"
"5f4813c94e8b081877fb26a6",39,2,4,2,"experience",2,"short_exposure"
"5f4813c94e8b081877fb26a6",40,2,4,2,"experience",2,"short_exposure"
"5f4813c94e8b081877fb26a6",41,10,5.9464274989274,10,"experience",10,"short_exposure"
"5f4813c94e8b081877fb26a6",42,2,4,2,"experience",2,"short_exposure"
"5f4813c94e8b081877fb26a6",43,2,4,2,"experience",2,"short_exposure"
"5f4813c94e8b081877fb26a6",44,20,5.5,20,"experience",20,"short_exposure"
"5f4813c94e8b081877fb26a6",45,20,5.5,20,"experience",20,"short_exposure"
"5f4813c94e8b081877fb26a6",46,20,5.5,20,"experience",20,"short_exposure"
"5f4813c94e8b081877fb26a6",47,2,4,2,"experience",2,"short_exposure"
"5f4813c94e8b081877fb26a6",48,20,5.5,20,"experience",20,"short_exposure"
"5f4813c94e8b081877fb26a6",49,20,5.5,20,"experience",20,"short_exposure"
"5f4813c94e8b081877fb26a6",50,10,5.9464274989274,10,"experience",10,"short_exposure"
"5f4813c94e8b081877fb26a6",51,20,5.5,20,"experience",20,"short_exposure"
"5f4813c94e8b081877fb26a6",52,2,4,2,"experience",2,"short_exposure"
"5f4813c94e8b081877fb26a6",53,20,5.5,20,"experience",20,"short_exposure"
"5f4813c94e8b081877fb26a6",54,10,5.9464274989274,10,"experience",10,"short_exposure"
"5f4813c94e8b081877fb26a6",55,20,5.5,20,"experience",20,"short_exposure"
"5f4813c94e8b081877fb26a6",56,10,5.9464274989274,10,"experience",10,"short_exposure"
"5f4813c94e8b081877fb26a6",57,20,5.5,20,"experience",20,"short_exposure"
"5f4813c94e8b081877fb26a6",58,2,4,2,"experience",2,"short_exposure"
"5f4813c94e8b081877fb26a6",59,10,5.9464274989274,10,"experience",10,"short_exposure"
"5f4813c94e8b081877fb26a6",60,2,4,2,"experience",2,"short_exposure"
"5f4813c94e8b081877fb26a6",61,20,5.5,20,"experience",20,"short_exposure"
"5f4813c94e8b081877fb26a6",62,2,4,2,"experience",2,"short_exposure"
"5f4813c94e8b081877fb26a6",63,20,5.5,20,"experience",20,"short_exposure"
"5f4813c94e8b081877fb26a6",64,10,5.9464274989274,10,"experience",10,"short_exposure"
"5f4813c94e8b081877fb26a6",65,2,4,2,"experience",2,"short_exposure"
"5f4813c94e8b081877fb26a6",66,10,5.9464274989274,10,"experience",10,"short_exposure"
"5f4813c94e8b081877fb26a6",67,10,5.9464274989274,10,"experience",10,"short_exposure"
"5f4813c94e8b081877fb26a6",68,20,5.5,20,"experience",20,"short_exposure"
"5f4813c94e8b081877fb26a6",69,10,5.9464274989274,10,"experience",10,"short_exposure"
"5f4813c94e8b081877fb26a6",70,10,5.9464274989274,10,"experience",10,"short_exposure"
"5f4813c94e8b081877fb26a6",71,20,5.5,20,"experience",20,"short_exposure"
"5f4813c94e8b081877fb26a6",72,10,5.9464274989274,10,"experience",10,"short_exposure"
"5f4813c94e8b081877fb26a6",73,10,5.9464274989274,10,"experience",10,"short_exposure"
"5f4813c94e8b081877fb26a6",74,2,4,2,"experience",2,"short_exposure"
"5f4813c94e8b081877fb26a6",75,2,4,2,"experience",2,"short_exposure"
"5f4813c94e8b081877fb26a6",76,2,4,2,"experience",2,"short_exposure"
"5f4813c94e8b081877fb26a6",77,20,5.5,20,"experience",20,"short_exposure"
"5f4813c94e8b081877fb26a6",78,2,4,2,"experience",2,"short_exposure"
"5f4813c94e8b081877fb26a6",79,20,5.5,20,"experience",20,"short_exposure"
"5f4813c94e8b081877fb26a6",80,20,5.5,20,"experience",20,"short_exposure"
"5f4813c94e8b081877fb26a6",81,2,4,2,"experience",2,"short_exposure"
"5f4813c94e8b081877fb26a6",82,20,5.5,20,"experience",20,"short_exposure"
"5f4813c94e8b081877fb26a6",83,20,5.5,20,"experience",20,"short_exposure"
"5f4813c94e8b081877fb26a6",84,2,4,2,"experience",2,"short_exposure"
"5f4813c94e8b081877fb26a6",85,2,4,2,"experience",2,"short_exposure"
"5f4813c94e8b081877fb26a6",86,2,4,2,"experience",2,"short_exposure"
"5f4813c94e8b081877fb26a6",87,10,5.9464274989274,10,"experience",10,"short_exposure"
"5f4813c94e8b081877fb26a6",88,10,5.9464274989274,10,"experience",10,"short_exposure"
"5f4813c94e8b081877fb26a6",89,2,4,2,"experience",2,"short_exposure"
"5f4813c94e8b081877fb26a6",90,20,5.5,20,"experience",20,"short_exposure"
"5f4813c94e8b081877fb26a6",91,20,5.5,20,"experience",20,"short_exposure"
"5f4813c94e8b081877fb26a6",92,20,5.5,20,"experience",20,"short_exposure"
"5f4813c94e8b081877fb26a6",93,2,4,2,"experience",2,"short_exposure"
"5f4813c94e8b081877fb26a6",94,20,5.5,20,"experience",20,"short_exposure"
"5f4813c94e8b081877fb26a6",95,20,5.5,20,"experience",20,"short_exposure"
"5f4813c94e8b081877fb26a6",96,10,5.9464274989274,10,"experience",10,"short_exposure"
"5f4813c94e8b081877fb26a6",97,10,5.9464274989274,10,"experience",10,"short_exposure"
"5f4813c94e8b081877fb26a6",98,2,4,2,"experience",2,"short_exposure"
"5f4813c94e8b081877fb26a6",99,10,5.9464274989274,10,"experience",10,"short_exposure"
"5f4813c94e8b081877fb26a6",100,10,5.9464274989274,10,"experience",10,"short_exposure"
"5f4813c94e8b081877fb26a6",101,10,5.9464274989274,10,"experience",10,"short_exposure"
"5f4813c94e8b081877fb26a6",102,20,5.5,20,"experience",20,"short_exposure"
"5f4813c94e8b081877fb26a6",103,2,4,2,"experience",2,"short_exposure"
"5f4813c94e8b081877fb26a6",104,20,5.5,20,"experience",20,"short_exposure"
"5f4813c94e8b081877fb26a6",105,10,5.9464274989274,10,"experience",10,"short_exposure"
"5f4813c94e8b081877fb26a6",106,2,4,2,"experience",2,"short_exposure"
"5f4813c94e8b081877fb26a6",107,2,4,2,"experience",2,"short_exposure"
"5f4813c94e8b081877fb26a6",108,10,5.9464274989274,10,"experience",10,"short_exposure"
"5f4813c94e8b081877fb26a6",109,10,5.9464274989274,10,"experience",10,"short_exposure"
"5f4813c94e8b081877fb26a6",110,2,4,2,"experience",2,"short_exposure"
"5f4813c94e8b081877fb26a6",111,10,5.9464274989274,10,"experience",10,"short_exposure"
"5f4813c94e8b081877fb26a6",112,20,5.5,20,"experience",20,"short_exposure"
"5f4813c94e8b081877fb26a6",113,20,5.5,20,"experience",20,"short_exposure"
"5f4813c94e8b081877fb26a6",114,2,4,2,"experience",2,"short_exposure"
"5f4813c94e8b081877fb26a6",115,20,5.5,20,"experience",20,"short_exposure"
"5f4813c94e8b081877fb26a6",116,10,5.9464274989274,10,"experience",10,"short_exposure"
"5e437d7404eaba215eafbd2a",11,2,5.5,2,"experience",2,"short_exposure"
"5e437d7404eaba215eafbd2a",14,2,6,2,"experience",2,"short_exposure"
"5e437d7404eaba215eafbd2a",21,2,4,2,"experience",2,"short_exposure"
"5e437d7404eaba215eafbd2a",22,2,4,2,"experience",2,"short_exposure"
"5e437d7404eaba215eafbd2a",23,10,5.9464274989274,10,"experience",10,"short_exposure"
"5e437d7404eaba215eafbd2a",24,2,4,2,"experience",2,"short_exposure"
"5e437d7404eaba215eafbd2a",25,2,4,2,"experience",2,"short_exposure"
"5e437d7404eaba215eafbd2a",26,20,5.5,20,"experience",20,"short_exposure"
"5e437d7404eaba215eafbd2a",27,10,5.9464274989274,10,"experience",10,"short_exposure"
"5e437d7404eaba215eafbd2a",28,2,4,2,"experience",2,"short_exposure"
"5e437d7404eaba215eafbd2a",29,20,5.5,20,"experience",20,"short_exposure"
"5e437d7404eaba215eafbd2a",30,10,5.9464274989274,10,"experience",10,"short_exposure"
"5e437d7404eaba215eafbd2a",31,10,5.9464274989274,10,"experience",10,"short_exposure"
"5e437d7404eaba215eafbd2a",32,20,5.5,20,"experience",20,"short_exposure"
"5e437d7404eaba215eafbd2a",33,20,5.5,20,"experience",20,"short_exposure"
"5e437d7404eaba215eafbd2a",34,2,4,2,"experience",2,"short_exposure"
"5e437d7404eaba215eafbd2a",35,10,5.9464274989274,10,"experience",10,"short_exposure"
"5e437d7404eaba215eafbd2a",36,20,5.5,20,"experience",20,"short_exposure"
"5e437d7404eaba215eafbd2a",37,20,5.5,20,"experience",20,"short_exposure"
"5e437d7404eaba215eafbd2a",38,20,5.5,20,"experience",20,"short_exposure"
"5e437d7404eaba215eafbd2a",39,10,5.9464274989274,10,"experience",10,"short_exposure"
"5e437d7404eaba215eafbd2a",40,2,4,2,"experience",2,"short_exposure"
"5e437d7404eaba215eafbd2a",41,20,5.5,20,"experience",20,"short_exposure"
"5e437d7404eaba215eafbd2a",42,10,5.9464274989274,10,"experience",10,"short_exposure"
"5e437d7404eaba215eafbd2a",43,10,5.9464274989274,10,"experience",10,"short_exposure"
"5e437d7404eaba215eafbd2a",44,20,5.5,20,"experience",20,"short_exposure"
"5e437d7404eaba215eafbd2a",45,10,5.9464274989274,10,"experience",10,"short_exposure"
"5e437d7404eaba215eafbd2a",46,2,4,2,"experience",2,"short_exposure"
"5e437d7404eaba215eafbd2a",47,2,4,2,"experience",2,"short_exposure"
"5e437d7404eaba215eafbd2a",48,20,5.5,20,"experience",20,"short_exposure"
"5e437d7404eaba215eafbd2a",49,10,5.9464274989274,10,"experience",10,"short_exposure"
"5e437d7404eaba215eafbd2a",50,20,5.5,20,"experience",20,"short_exposure"
"5e437d7404eaba215eafbd2a",51,10,5.9464274989274,10,"experience",10,"short_exposure"
"5e437d7404eaba215eafbd2a",52,2,4,2,"experience",2,"short_exposure"
"5e437d7404eaba215eafbd2a",53,10,5.9464274989274,10,"experience",10,"short_exposure"
"5e437d7404eaba215eafbd2a",54,20,5.5,20,"experience",20,"short_exposure"
"5e437d7404eaba215eafbd2a",55,2,4,2,"experience",2,"short_exposure"
"5e437d7404eaba215eafbd2a",56,2,4,2,"experience",2,"short_exposure"
"5e437d7404eaba215eafbd2a",57,2,4,2,"experience",2,"short_exposure"
"5e437d7404eaba215eafbd2a",58,10,5.9464274989274,10,"experience",10,"short_exposure"
"5e437d7404eaba215eafbd2a",59,20,5.5,20,"experience",20,"short_exposure"
"5e437d7404eaba215eafbd2a",60,10,5.9464274989274,10,"experience",10,"short_exposure"
"5e437d7404eaba215eafbd2a",61,2,4,2,"experience",2,"short_exposure"
"5e437d7404eaba215eafbd2a",62,20,5.5,20,"experience",20,"short_exposure"
"5e437d7404eaba215eafbd2a",63,20,5.5,20,"experience",20,"short_exposure"
"5e437d7404eaba215eafbd2a",64,20,5.5,20,"experience",20,"short_exposure"
"5e437d7404eaba215eafbd2a",65,10,5.9464274989274,10,"experience",10,"short_exposure"
"5e437d7404eaba215eafbd2a",66,10,5.9464274989274,10,"experience",10,"short_exposure"
"5e437d7404eaba215eafbd2a",67,2,4,2,"experience",2,"short_exposure"
"5e437d7404eaba215eafbd2a",68,2,4,2,"experience",2,"short_exposure"
"5e437d7404eaba215eafbd2a",69,20,5.5,20,"experience",20,"short_exposure"
"5e437d7404eaba215eafbd2a",70,10,5.9464274989274,10,"experience",10,"short_exposure"
"5e437d7404eaba215eafbd2a",71,20,5.5,20,"experience",20,"short_exposure"
"5e437d7404eaba215eafbd2a",72,10,5.9464274989274,10,"experience",10,"short_exposure"
"5e437d7404eaba215eafbd2a",73,10,5.9464274989274,10,"experience",10,"short_exposure"
"5e437d7404eaba215eafbd2a",74,10,5.9464274989274,10,"experience",10,"short_exposure"
"5e437d7404eaba215eafbd2a",75,20,5.5,20,"experience",20,"short_exposure"
"5e437d7404eaba215eafbd2a",76,2,4,2,"experience",2,"short_exposure"
"5e437d7404eaba215eafbd2a",77,2,4,2,"experience",2,"short_exposure"
"5e437d7404eaba215eafbd2a",78,10,5.9464274989274,10,"experience",10,"short_exposure"
"5e437d7404eaba215eafbd2a",79,10,5.9464274989274,10,"experience",10,"short_exposure"
"5e437d7404eaba215eafbd2a",80,2,4,2,"experience",2,"short_exposure"
"5e437d7404eaba215eafbd2a",81,20,5.5,20,"experience",20,"short_exposure"
"5e437d7404eaba215eafbd2a",82,2,4,2,"experience",2,"short_exposure"
"5e437d7404eaba215eafbd2a",83,10,5.9464274989274,10,"experience",10,"short_exposure"
"5e437d7404eaba215eafbd2a",84,10,5.9464274989274,10,"experience",10,"short_exposure"
"5e437d7404eaba215eafbd2a",85,10,5.9464274989274,10,"experience",10,"short_exposure"
"5e437d7404eaba215eafbd2a",86,20,5.5,20,"experience",20,"short_exposure"
"5e437d7404eaba215eafbd2a",87,2,4,2,"experience",2,"short_exposure"
"5e437d7404eaba215eafbd2a",88,20,5.5,20,"experience",20,"short_exposure"
"5e437d7404eaba215eafbd2a",89,2,4,2,"experience",2,"short_exposure"
"5e437d7404eaba215eafbd2a",90,2,4,2,"experience",2,"short_exposure"
"5e437d7404eaba215eafbd2a",91,20,5.5,20,"experience",20,"short_exposure"
"5e437d7404eaba215eafbd2a",92,2,4,2,"experience",2,"short_exposure"
"5e437d7404eaba215eafbd2a",93,2,4,2,"experience",2,"short_exposure"
"5e437d7404eaba215eafbd2a",94,2,4,2,"experience",2,"short_exposure"
"5e437d7404eaba215eafbd2a",95,10,5.9464274989274,10,"experience",10,"short_exposure"
"5e437d7404eaba215eafbd2a",96,2,4,2,"experience",2,"short_exposure"
"5e437d7404eaba215eafbd2a",97,2,4,2,"experience",2,"short_exposure"
"5e437d7404eaba215eafbd2a",98,10,5.9464274989274,10,"experience",10,"short_exposure"
"5e437d7404eaba215eafbd2a",99,2,4,2,"experience",2,"short_exposure"
"5e437d7404eaba215eafbd2a",100,10,5.9464274989274,10,"experience",10,"short_exposure"
"5e437d7404eaba215eafbd2a",101,20,5.5,20,"experience",20,"short_exposure"
"5e437d7404eaba215eafbd2a",102,20,5.5,20,"experience",20,"short_exposure"
"5e437d7404eaba215eafbd2a",103,20,5.5,20,"experience",20,"short_exposure"
"5e437d7404eaba215eafbd2a",104,20,5.5,20,"experience",20,"short_exposure"
"5e437d7404eaba215eafbd2a",105,2,4,2,"experience",2,"short_exposure"
"5e437d7404eaba215eafbd2a",106,2,4,2,"experience",2,"short_exposure"
"5e437d7404eaba215eafbd2a",107,2,4,2,"experience",2,"short_exposure"
"5e437d7404eaba215eafbd2a",108,10,5.9464274989274,10,"experience",10,"short_exposure"
"5e437d7404eaba215eafbd2a",109,10,5.9464274989274,10,"experience",10,"short_exposure"
"5e437d7404eaba215eafbd2a",110,10,5.9464274989274,10,"experience",10,"short_exposure"
"5e437d7404eaba215eafbd2a",111,20,5.5,20,"experience",20,"short_exposure"
"5e437d7404eaba215eafbd2a",112,10,5.9464274989274,10,"experience",10,"short_exposure"
"5e437d7404eaba215eafbd2a",113,20,5.5,20,"experience",20,"short_exposure"
"5e437d7404eaba215eafbd2a",114,20,5.5,20,"experience",20,"short_exposure"
"5e437d7404eaba215eafbd2a",115,20,5.5,20,"experience",20,"short_exposure"
"5e437d7404eaba215eafbd2a",116,20,5.5,20,"experience",20,"short_exposure"
"662c1b87d84d0f2111bb3a56",3,10,5.03984126734166,10,"experience",10,"short_exposure"
"662c1b87d84d0f2111bb3a56",5,10,5.86174035590114,10,"experience",10,"short_exposure"
"662c1b87d84d0f2111bb3a56",11,10,5.64358042380899,10,"experience",10,"short_exposure"
"662c1b87d84d0f2111bb3a56",16,2,2.5,2,"experience",2,"short_exposure"
"662c1b87d84d0f2111bb3a56",21,10,5.9464274989274,10,"experience",10,"short_exposure"
"662c1b87d84d0f2111bb3a56",22,20,5.5,20,"experience",20,"short_exposure"
"662c1b87d84d0f2111bb3a56",23,20,5.5,20,"experience",20,"short_exposure"
"662c1b87d84d0f2111bb3a56",24,10,5.9464274989274,10,"experience",10,"short_exposure"
"662c1b87d84d0f2111bb3a56",25,20,5.5,20,"experience",20,"short_exposure"
"662c1b87d84d0f2111bb3a56",26,2,4,2,"experience",2,"short_exposure"
"662c1b87d84d0f2111bb3a56",27,20,5.5,20,"experience",20,"short_exposure"
"662c1b87d84d0f2111bb3a56",28,10,5.9464274989274,10,"experience",10,"short_exposure"
"662c1b87d84d0f2111bb3a56",29,20,5.5,20,"experience",20,"short_exposure"
"662c1b87d84d0f2111bb3a56",30,20,5.5,20,"experience",20,"short_exposure"
"662c1b87d84d0f2111bb3a56",31,20,5.5,20,"experience",20,"short_exposure"
"662c1b87d84d0f2111bb3a56",32,2,4,2,"experience",2,"short_exposure"
"662c1b87d84d0f2111bb3a56",33,2,4,2,"experience",2,"short_exposure"
"662c1b87d84d0f2111bb3a56",34,20,5.5,20,"experience",20,"short_exposure"
"662c1b87d84d0f2111bb3a56",35,2,4,2,"experience",2,"short_exposure"
"662c1b87d84d0f2111bb3a56",36,10,5.9464274989274,10,"experience",10,"short_exposure"
"662c1b87d84d0f2111bb3a56",37,10,5.9464274989274,10,"experience",10,"short_exposure"
"662c1b87d84d0f2111bb3a56",38,2,4,2,"experience",2,"short_exposure"
"662c1b87d84d0f2111bb3a56",39,2,4,2,"experience",2,"short_exposure"
"662c1b87d84d0f2111bb3a56",40,20,5.5,20,"experience",20,"short_exposure"
"662c1b87d84d0f2111bb3a56",41,2,4,2,"experience",2,"short_exposure"
"662c1b87d84d0f2111bb3a56",42,2,4,2,"experience",2,"short_exposure"
"662c1b87d84d0f2111bb3a56",43,20,5.5,20,"experience",20,"short_exposure"
"662c1b87d84d0f2111bb3a56",44,2,4,2,"experience",2,"short_exposure"
"662c1b87d84d0f2111bb3a56",45,20,5.5,20,"experience",20,"short_exposure"
"662c1b87d84d0f2111bb3a56",46,10,5.9464274989274,10,"experience",10,"short_exposure"
"662c1b87d84d0f2111bb3a56",47,10,5.9464274989274,10,"experience",10,"short_exposure"
"662c1b87d84d0f2111bb3a56",48,2,4,2,"experience",2,"short_exposure"
"662c1b87d84d0f2111bb3a56",49,10,5.9464274989274,10,"experience",10,"short_exposure"
"662c1b87d84d0f2111bb3a56",50,10,5.9464274989274,10,"experience",10,"short_exposure"
"662c1b87d84d0f2111bb3a56",51,10,5.9464274989274,10,"experience",10,"short_exposure"
"662c1b87d84d0f2111bb3a56",52,10,5.9464274989274,10,"experience",10,"short_exposure"
"662c1b87d84d0f2111bb3a56",53,20,5.5,20,"experience",20,"short_exposure"
"662c1b87d84d0f2111bb3a56",54,2,4,2,"experience",2,"short_exposure"
"662c1b87d84d0f2111bb3a56",55,20,5.5,20,"experience",20,"short_exposure"
"662c1b87d84d0f2111bb3a56",56,10,5.9464274989274,10,"experience",10,"short_exposure"
"662c1b87d84d0f2111bb3a56",57,10,5.9464274989274,10,"experience",10,"short_exposure"
"662c1b87d84d0f2111bb3a56",58,2,4,2,"experience",2,"short_exposure"
"662c1b87d84d0f2111bb3a56",59,2,4,2,"experience",2,"short_exposure"
"662c1b87d84d0f2111bb3a56",60,2,4,2,"experience",2,"short_exposure"
"662c1b87d84d0f2111bb3a56",61,2,4,2,"experience",2,"short_exposure"
"662c1b87d84d0f2111bb3a56",62,2,4,2,"experience",2,"short_exposure"
"662c1b87d84d0f2111bb3a56",63,10,5.9464274989274,10,"experience",10,"short_exposure"
"662c1b87d84d0f2111bb3a56",64,20,5.5,20,"experience",20,"short_exposure"
"662c1b87d84d0f2111bb3a56",65,10,5.9464274989274,10,"experience",10,"short_exposure"
"662c1b87d84d0f2111bb3a56",66,20,5.5,20,"experience",20,"short_exposure"
"662c1b87d84d0f2111bb3a56",67,20,5.5,20,"experience",20,"short_exposure"
"662c1b87d84d0f2111bb3a56",68,10,5.9464274989274,10,"experience",10,"short_exposure"
"662c1b87d84d0f2111bb3a56",69,2,4,2,"experience",2,"short_exposure"
"662c1b87d84d0f2111bb3a56",70,10,5.9464274989274,10,"experience",10,"short_exposure"
"662c1b87d84d0f2111bb3a56",71,10,5.9464274989274,10,"experience",10,"short_exposure"
"662c1b87d84d0f2111bb3a56",72,2,4,2,"experience",2,"short_exposure"
"662c1b87d84d0f2111bb3a56",73,20,5.5,20,"experience",20,"short_exposure"
"662c1b87d84d0f2111bb3a56",74,20,5.5,20,"experience",20,"short_exposure"
"662c1b87d84d0f2111bb3a56",75,2,4,2,"experience",2,"short_exposure"
"662c1b87d84d0f2111bb3a56",76,10,5.9464274989274,10,"experience",10,"short_exposure"
"662c1b87d84d0f2111bb3a56",77,10,5.9464274989274,10,"experience",10,"short_exposure"
"662c1b87d84d0f2111bb3a56",78,2,4,2,"experience",2,"short_exposure"
"662c1b87d84d0f2111bb3a56",79,2,4,2,"experience",2,"short_exposure"
"662c1b87d84d0f2111bb3a56",80,20,5.5,20,"experience",20,"short_exposure"
"662c1b87d84d0f2111bb3a56",81,10,5.9464274989274,10,"experience",10,"short_exposure"
"662c1b87d84d0f2111bb3a56",82,2,4,2,"experience",2,"short_exposure"
"662c1b87d84d0f2111bb3a56",83,10,5.9464274989274,10,"experience",10,"short_exposure"
"662c1b87d84d0f2111bb3a56",84,2,4,2,"experience",2,"short_exposure"
"662c1b87d84d0f2111bb3a56",85,20,5.5,20,"experience",20,"short_exposure"
"662c1b87d84d0f2111bb3a56",86,10,5.9464274989274,10,"experience",10,"short_exposure"
"662c1b87d84d0f2111bb3a56",87,20,5.5,20,"experience",20,"short_exposure"
"662c1b87d84d0f2111bb3a56",88,10,5.9464274989274,10,"experience",10,"short_exposure"
"662c1b87d84d0f2111bb3a56",89,20,5.5,20,"experience",20,"short_exposure"
"662c1b87d84d0f2111bb3a56",90,10,5.9464274989274,10,"experience",10,"short_exposure"
"662c1b87d84d0f2111bb3a56",91,20,5.5,20,"experience",20,"short_exposure"
"662c1b87d84d0f2111bb3a56",92,10,5.9464274989274,10,"experience",10,"short_exposure"
"662c1b87d84d0f2111bb3a56",93,2,4,2,"experience",2,"short_exposure"
"662c1b87d84d0f2111bb3a56",94,2,4,2,"experience",2,"short_exposure"
"662c1b87d84d0f2111bb3a56",95,20,5.5,20,"experience",20,"short_exposure"
"662c1b87d84d0f2111bb3a56",96,10,5.9464274989274,10,"experience",10,"short_exposure"
"662c1b87d84d0f2111bb3a56",97,20,5.5,20,"experience",20,"short_exposure"
"662c1b87d84d0f2111bb3a56",98,20,5.5,20,"experience",20,"short_exposure"
"662c1b87d84d0f2111bb3a56",99,10,5.9464274989274,10,"experience",10,"short_exposure"
"662c1b87d84d0f2111bb3a56",100,20,5.5,20,"experience",20,"short_exposure"
"662c1b87d84d0f2111bb3a56",101,2,4,2,"experience",2,"short_exposure"
"662c1b87d84d0f2111bb3a56",102,10,5.9464274989274,10,"experience",10,"short_exposure"
"662c1b87d84d0f2111bb3a56",103,10,5.9464274989274,10,"experience",10,"short_exposure"
"662c1b87d84d0f2111bb3a56",104,2,4,2,"experience",2,"short_exposure"
"662c1b87d84d0f2111bb3a56",105,2,4,2,"experience",2,"short_exposure"
"662c1b87d84d0f2111bb3a56",106,2,4,2,"experience",2,"short_exposure"
"662c1b87d84d0f2111bb3a56",107,20,5.5,20,"experience",20,"short_exposure"
"662c1b87d84d0f2111bb3a56",108,20,5.5,20,"experience",20,"short_exposure"
"662c1b87d84d0f2111bb3a56",109,10,5.9464274989274,10,"experience",10,"short_exposure"
"662c1b87d84d0f2111bb3a56",110,20,5.5,20,"experience",20,"short_exposure"
"662c1b87d84d0f2111bb3a56",111,20,5.5,20,"experience",20,"short_exposure"
"662c1b87d84d0f2111bb3a56",112,2,4,2,"experience",2,"short_exposure"
"662c1b87d84d0f2111bb3a56",113,2,4,2,"experience",2,"short_exposure"
"662c1b87d84d0f2111bb3a56",114,10,5.9464274989274,10,"experience",10,"short_exposure"
"662c1b87d84d0f2111bb3a56",115,2,4,2,"experience",2,"short_exposure"
"662c1b87d84d0f2111bb3a56",116,20,5.5,20,"experience",20,"short_exposure"
"6942e378d0c8a15ff6b1f81e",15,2,2,2,"experience",2,"short_exposure"
"6942e378d0c8a15ff6b1f81e",21,2,4,2,"experience",2,"short_exposure"
"6942e378d0c8a15ff6b1f81e",22,20,5.5,20,"experience",20,"short_exposure"
"6942e378d0c8a15ff6b1f81e",23,2,4,2,"experience",2,"short_exposure"
"6942e378d0c8a15ff6b1f81e",24,2,4,2,"experience",2,"short_exposure"
"6942e378d0c8a15ff6b1f81e",25,10,5.9464274989274,10,"experience",10,"short_exposure"
"6942e378d0c8a15ff6b1f81e",26,2,4,2,"experience",2,"short_exposure"
"6942e378d0c8a15ff6b1f81e",27,2,4,2,"experience",2,"short_exposure"
"6942e378d0c8a15ff6b1f81e",28,20,5.5,20,"experience",20,"short_exposure"
"6942e378d0c8a15ff6b1f81e",29,20,5.5,20,"experience",20,"short_exposure"
"6942e378d0c8a15ff6b1f81e",30,10,5.9464274989274,10,"experience",10,"short_exposure"
"6942e378d0c8a15ff6b1f81e",31,20,5.5,20,"experience",20,"short_exposure"
"6942e378d0c8a15ff6b1f81e",32,20,5.5,20,"experience",20,"short_exposure"
"6942e378d0c8a15ff6b1f81e",33,2,4,2,"experience",2,"short_exposure"
"6942e378d0c8a15ff6b1f81e",34,20,5.5,20,"experience",20,"short_exposure"
"6942e378d0c8a15ff6b1f81e",35,2,4,2,"experience",2,"short_exposure"
"6942e378d0c8a15ff6b1f81e",36,2,4,2,"experience",2,"short_exposure"
"6942e378d0c8a15ff6b1f81e",37,10,5.9464274989274,10,"experience",10,"short_exposure"
"6942e378d0c8a15ff6b1f81e",38,2,4,2,"experience",2,"short_exposure"
"6942e378d0c8a15ff6b1f81e",39,10,5.9464274989274,10,"experience",10,"short_exposure"
"6942e378d0c8a15ff6b1f81e",40,2,4,2,"experience",2,"short_exposure"
"6942e378d0c8a15ff6b1f81e",41,20,5.5,20,"experience",20,"short_exposure"
"6942e378d0c8a15ff6b1f81e",42,20,5.5,20,"experience",20,"short_exposure"
"6942e378d0c8a15ff6b1f81e",43,2,4,2,"experience",2,"short_exposure"
"6942e378d0c8a15ff6b1f81e",44,20,5.5,20,"experience",20,"short_exposure"
"6942e378d0c8a15ff6b1f81e",45,20,5.5,20,"experience",20,"short_exposure"
"6942e378d0c8a15ff6b1f81e",46,20,5.5,20,"experience",20,"short_exposure"
"6942e378d0c8a15ff6b1f81e",47,10,5.9464274989274,10,"experience",10,"short_exposure"
"6942e378d0c8a15ff6b1f81e",48,10,5.9464274989274,10,"experience",10,"short_exposure"
"6942e378d0c8a15ff6b1f81e",49,2,4,2,"experience",2,"short_exposure"
"6942e378d0c8a15ff6b1f81e",50,10,5.9464274989274,10,"experience",10,"short_exposure"
"6942e378d0c8a15ff6b1f81e",51,10,5.9464274989274,10,"experience",10,"short_exposure"
"6942e378d0c8a15ff6b1f81e",52,10,5.9464274989274,10,"experience",10,"short_exposure"
"6942e378d0c8a15ff6b1f81e",53,20,5.5,20,"experience",20,"short_exposure"
"6942e378d0c8a15ff6b1f81e",54,10,5.9464274989274,10,"experience",10,"short_exposure"
"6942e378d0c8a15ff6b1f81e",55,2,4,2,"experience",2,"short_exposure"
"6942e378d0c8a15ff6b1f81e",56,20,5.5,20,"experience",20,"short_exposure"
"6942e378d0c8a15ff6b1f81e",57,20,5.5,20,"experience",20,"short_exposure"
"6942e378d0c8a15ff6b1f81e",58,10,5.9464274989274,10,"experience",10,"short_exposure"
"6942e378d0c8a15ff6b1f81e",59,2,4,2,"experience",2,"short_exposure"
"6942e378d0c8a15ff6b1f81e",60,10,5.9464274989274,10,"experience",10,"short_exposure"
"6942e378d0c8a15ff6b1f81e",61,20,5.5,20,"experience",20,"short_exposure"
"6942e378d0c8a15ff6b1f81e",62,2,4,2,"experience",2,"short_exposure"
"6942e378d0c8a15ff6b1f81e",63,20,5.5,20,"experience",20,"short_exposure"
"6942e378d0c8a15ff6b1f81e",64,10,5.9464274989274,10,"experience",10,"short_exposure"
"6942e378d0c8a15ff6b1f81e",65,10,5.9464274989274,10,"experience",10,"short_exposure"
"6942e378d0c8a15ff6b1f81e",66,10,5.9464274989274,10,"experience",10,"short_exposure"
"6942e378d0c8a15ff6b1f81e",67,10,5.9464274989274,10,"experience",10,"short_exposure"
"6942e378d0c8a15ff6b1f81e",68,2,4,2,"experience",2,"short_exposure"
"6942e378d0c8a15ff6b1f81e",69,20,5.5,20,"experience",20,"short_exposure"
"6942e378d0c8a15ff6b1f81e",70,2,4,2,"experience",2,"short_exposure"
"6942e378d0c8a15ff6b1f81e",71,20,5.5,20,"experience",20,"short_exposure"
"6942e378d0c8a15ff6b1f81e",72,20,5.5,20,"experience",20,"short_exposure"
"6942e378d0c8a15ff6b1f81e",73,20,5.5,20,"experience",20,"short_exposure"
"6942e378d0c8a15ff6b1f81e",74,10,5.9464274989274,10,"experience",10,"short_exposure"
"6942e378d0c8a15ff6b1f81e",75,2,4,2,"experience",2,"short_exposure"
"6942e378d0c8a15ff6b1f81e",76,20,5.5,20,"experience",20,"short_exposure"
"6942e378d0c8a15ff6b1f81e",77,2,4,2,"experience",2,"short_exposure"
"6942e378d0c8a15ff6b1f81e",78,20,5.5,20,"experience",20,"short_exposure"
"6942e378d0c8a15ff6b1f81e",79,10,5.9464274989274,10,"experience",10,"short_exposure"
"6942e378d0c8a15ff6b1f81e",80,2,4,2,"experience",2,"short_exposure"
"6942e378d0c8a15ff6b1f81e",81,10,5.9464274989274,10,"experience",10,"short_exposure"
"6942e378d0c8a15ff6b1f81e",82,20,5.5,20,"experience",20,"short_exposure"
"6942e378d0c8a15ff6b1f81e",83,20,5.5,20,"experience",20,"short_exposure"
"6942e378d0c8a15ff6b1f81e",84,2,4,2,"experience",2,"short_exposure"
"6942e378d0c8a15ff6b1f81e",85,2,4,2,"experience",2,"short_exposure"
"6942e378d0c8a15ff6b1f81e",86,10,5.9464274989274,10,"experience",10,"short_exposure"
"6942e378d0c8a15ff6b1f81e",87,10,5.9464274989274,10,"experience",10,"short_exposure"
"6942e378d0c8a15ff6b1f81e",88,2,4,2,"experience",2,"short_exposure"
"6942e378d0c8a15ff6b1f81e",89,10,5.9464274989274,10,"experience",10,"short_exposure"
"6942e378d0c8a15ff6b1f81e",90,20,5.5,20,"experience",20,"short_exposure"
"6942e378d0c8a15ff6b1f81e",91,2,4,2,"experience",2,"short_exposure"
"6942e378d0c8a15ff6b1f81e",92,10,5.9464274989274,10,"experience",10,"short_exposure"
"6942e378d0c8a15ff6b1f81e",93,20,5.5,20,"experience",20,"short_exposure"
"6942e378d0c8a15ff6b1f81e",94,2,4,2,"experience",2,"short_exposure"
"6942e378d0c8a15ff6b1f81e",95,2,4,2,"experience",2,"short_exposure"
"6942e378d0c8a15ff6b1f81e",96,10,5.9464274989274,10,"experience",10,"short_exposure"
"6942e378d0c8a15ff6b1f81e",97,20,5.5,20,"experience",20,"short_exposure"
"6942e378d0c8a15ff6b1f81e",98,10,5.9464274989274,10,"experience",10,"short_exposure"
"6942e378d0c8a15ff6b1f81e",99,10,5.9464274989274,10,"experience",10,"short_exposure"
"6942e378d0c8a15ff6b1f81e",100,10,5.9464274989274,10,"experience",10,"short_exposure"
"6942e378d0c8a15ff6b1f81e",101,20,5.5,20,"experience",20,"short_exposure"
"6942e378d0c8a15ff6b1f81e",102,10,5.9464274989274,10,"experience",10,"short_exposure"
"6942e378d0c8a15ff6b1f81e",103,2,4,2,"experience",2,"short_exposure"
"6942e378d0c8a15ff6b1f81e",104,10,5.9464274989274,10,"experience",10,"short_exposure"
"6942e378d0c8a15ff6b1f81e",105,2,4,2,"experience",2,"short_exposure"
"6942e378d0c8a15ff6b1f81e",106,20,5.5,20,"experience",20,"short_exposure"
"6942e378d0c8a15ff6b1f81e",107,10,5.9464274989274,10,"experience",10,"short_exposure"
"6942e378d0c8a15ff6b1f81e",108,2,4,2,"experience",2,"short_exposure"
"6942e378d0c8a15ff6b1f81e",109,2,4,2,"experience",2,"short_exposure"
"6942e378d0c8a15ff6b1f81e",110,20,5.5,20,"experience",20,"short_exposure"
"6942e378d0c8a15ff6b1f81e",111,10,5.9464274989274,10,"experience",10,"short_exposure"
"6942e378d0c8a15ff6b1f81e",112,2,4,2,"experience",2,"short_exposure"
"6942e378d0c8a15ff6b1f81e",113,10,5.9464274989274,10,"experience",10,"short_exposure"
"6942e378d0c8a15ff6b1f81e",114,2,4,2,"experience",2,"short_exposure"
"6942e378d0c8a15ff6b1f81e",115,20,5.5,20,"experience",20,"short_exposure"
"6942e378d0c8a15ff6b1f81e",116,20,5.5,20,"experience",20,"short_exposure"
"6644cf0a2e641bfd221ac4af",3,10,6.20403094769844,10,"experience",10,"short_exposure"
"6644cf0a2e641bfd221ac4af",16,10,5.88302643203309,10,"experience",10,"short_exposure"
"6644cf0a2e641bfd221ac4af",21,2,4,2,"experience",2,"short_exposure"
"6644cf0a2e641bfd221ac4af",22,10,5.9464274989274,10,"experience",10,"short_exposure"
"6644cf0a2e641bfd221ac4af",23,20,5.5,20,"experience",20,"short_exposure"
"6644cf0a2e641bfd221ac4af",24,10,5.9464274989274,10,"experience",10,"short_exposure"
"6644cf0a2e641bfd221ac4af",25,20,5.5,20,"experience",20,"short_exposure"
"6644cf0a2e641bfd221ac4af",26,2,4,2,"experience",2,"short_exposure"
"6644cf0a2e641bfd221ac4af",27,20,5.5,20,"experience",20,"short_exposure"
"6644cf0a2e641bfd221ac4af",28,20,5.5,20,"experience",20,"short_exposure"
"6644cf0a2e641bfd221ac4af",29,2,4,2,"experience",2,"short_exposure"
"6644cf0a2e641bfd221ac4af",30,2,4,2,"experience",2,"short_exposure"
"6644cf0a2e641bfd221ac4af",31,10,5.9464274989274,10,"experience",10,"short_exposure"
"6644cf0a2e641bfd221ac4af",32,2,4,2,"experience",2,"short_exposure"
"6644cf0a2e641bfd221ac4af",33,2,4,2,"experience",2,"short_exposure"
"6644cf0a2e641bfd221ac4af",34,10,5.9464274989274,10,"experience",10,"short_exposure"
"6644cf0a2e641bfd221ac4af",35,2,4,2,"experience",2,"short_exposure"
"6644cf0a2e641bfd221ac4af",36,20,5.5,20,"experience",20,"short_exposure"
"6644cf0a2e641bfd221ac4af",37,2,4,2,"experience",2,"short_exposure"
"6644cf0a2e641bfd221ac4af",38,10,5.9464274989274,10,"experience",10,"short_exposure"
"6644cf0a2e641bfd221ac4af",39,2,4,2,"experience",2,"short_exposure"
"6644cf0a2e641bfd221ac4af",40,20,5.5,20,"experience",20,"short_exposure"
"6644cf0a2e641bfd221ac4af",41,20,5.5,20,"experience",20,"short_exposure"
"6644cf0a2e641bfd221ac4af",42,20,5.5,20,"experience",20,"short_exposure"
"6644cf0a2e641bfd221ac4af",43,10,5.9464274989274,10,"experience",10,"short_exposure"
"6644cf0a2e641bfd221ac4af",44,10,5.9464274989274,10,"experience",10,"short_exposure"
"6644cf0a2e641bfd221ac4af",45,2,4,2,"experience",2,"short_exposure"
"6644cf0a2e641bfd221ac4af",46,10,5.9464274989274,10,"experience",10,"short_exposure"
"6644cf0a2e641bfd221ac4af",47,20,5.5,20,"experience",20,"short_exposure"
"6644cf0a2e641bfd221ac4af",48,20,5.5,20,"experience",20,"short_exposure"
"6644cf0a2e641bfd221ac4af",49,10,5.9464274989274,10,"experience",10,"short_exposure"
"6644cf0a2e641bfd221ac4af",50,10,5.9464274989274,10,"experience",10,"short_exposure"
"6644cf0a2e641bfd221ac4af",51,10,5.9464274989274,10,"experience",10,"short_exposure"
"6644cf0a2e641bfd221ac4af",52,2,4,2,"experience",2,"short_exposure"
"6644cf0a2e641bfd221ac4af",53,2,4,2,"experience",2,"short_exposure"
"6644cf0a2e641bfd221ac4af",54,20,5.5,20,"experience",20,"short_exposure"
"6644cf0a2e641bfd221ac4af",55,10,5.9464274989274,10,"experience",10,"short_exposure"
"6644cf0a2e641bfd221ac4af",56,20,5.5,20,"experience",20,"short_exposure"
"6644cf0a2e641bfd221ac4af",57,2,4,2,"experience",2,"short_exposure"
"6644cf0a2e641bfd221ac4af",58,20,5.5,20,"experience",20,"short_exposure"
"6644cf0a2e641bfd221ac4af",59,2,4,2,"experience",2,"short_exposure"
"6644cf0a2e641bfd221ac4af",60,20,5.5,20,"experience",20,"short_exposure"
"6644cf0a2e641bfd221ac4af",61,20,5.5,20,"experience",20,"short_exposure"
"6644cf0a2e641bfd221ac4af",62,2,4,2,"experience",2,"short_exposure"
"6644cf0a2e641bfd221ac4af",63,2,4,2,"experience",2,"short_exposure"
"6644cf0a2e641bfd221ac4af",64,10,5.9464274989274,10,"experience",10,"short_exposure"
"6644cf0a2e641bfd221ac4af",65,10,5.9464274989274,10,"experience",10,"short_exposure"
"6644cf0a2e641bfd221ac4af",66,10,5.9464274989274,10,"experience",10,"short_exposure"
"6644cf0a2e641bfd221ac4af",67,20,5.5,20,"experience",20,"short_exposure"
"6644cf0a2e641bfd221ac4af",68,10,5.9464274989274,10,"experience",10,"short_exposure"
"6644cf0a2e641bfd221ac4af",69,2,4,2,"experience",2,"short_exposure"
"6644cf0a2e641bfd221ac4af",70,2,4,2,"experience",2,"short_exposure"
"6644cf0a2e641bfd221ac4af",71,20,5.5,20,"experience",20,"short_exposure"
"6644cf0a2e641bfd221ac4af",72,20,5.5,20,"experience",20,"short_exposure"
"6644cf0a2e641bfd221ac4af",73,20,5.5,20,"experience",20,"short_exposure"
"6644cf0a2e641bfd221ac4af",74,2,4,2,"experience",2,"short_exposure"
"6644cf0a2e641bfd221ac4af",75,10,5.9464274989274,10,"experience",10,"short_exposure"
"6644cf0a2e641bfd221ac4af",76,2,4,2,"experience",2,"short_exposure"
"6644cf0a2e641bfd221ac4af",77,20,5.5,20,"experience",20,"short_exposure"
"6644cf0a2e641bfd221ac4af",78,20,5.5,20,"experience",20,"short_exposure"
"6644cf0a2e641bfd221ac4af",79,20,5.5,20,"experience",20,"short_exposure"
"6644cf0a2e641bfd221ac4af",80,10,5.9464274989274,10,"experience",10,"short_exposure"
"6644cf0a2e641bfd221ac4af",81,10,5.9464274989274,10,"experience",10,"short_exposure"
"6644cf0a2e641bfd221ac4af",82,2,4,2,"experience",2,"short_exposure"
"6644cf0a2e641bfd221ac4af",83,10,5.9464274989274,10,"experience",10,"short_exposure"
"6644cf0a2e641bfd221ac4af",84,10,5.9464274989274,10,"experience",10,"short_exposure"
"6644cf0a2e641bfd221ac4af",85,10,5.9464274989274,10,"experience",10,"short_exposure"
"6644cf0a2e641bfd221ac4af",86,20,5.5,20,"experience",20,"short_exposure"
"6644cf0a2e641bfd221ac4af",87,2,4,2,"experience",2,"short_exposure"
"6644cf0a2e641bfd221ac4af",88,2,4,2,"experience",2,"short_exposure"
"6644cf0a2e641bfd221ac4af",89,20,5.5,20,"experience",20,"short_exposure"
"6644cf0a2e641bfd221ac4af",90,10,5.9464274989274,10,"experience",10,"short_exposure"
"6644cf0a2e641bfd221ac4af",91,10,5.9464274989274,10,"experience",10,"short_exposure"
"6644cf0a2e641bfd221ac4af",92,20,5.5,20,"experience",20,"short_exposure"
"6644cf0a2e641bfd221ac4af",93,10,5.9464274989274,10,"experience",10,"short_exposure"
"6644cf0a2e641bfd221ac4af",94,10,5.9464274989274,10,"experience",10,"short_exposure"
"6644cf0a2e641bfd221ac4af",95,2,4,2,"experience",2,"short_exposure"
"6644cf0a2e641bfd221ac4af",96,20,5.5,20,"experience",20,"short_exposure"
"6644cf0a2e641bfd221ac4af",97,20,5.5,20,"experience",20,"short_exposure"
"6644cf0a2e641bfd221ac4af",98,2,4,2,"experience",2,"short_exposure"
"6644cf0a2e641bfd221ac4af",99,10,5.9464274989274,10,"experience",10,"short_exposure"
"6644cf0a2e641bfd221ac4af",100,20,5.5,20,"experience",20,"short_exposure"
"6644cf0a2e641bfd221ac4af",101,20,5.5,20,"experience",20,"short_exposure"
"6644cf0a2e641bfd221ac4af",102,10,5.9464274989274,10,"experience",10,"short_exposure"
"6644cf0a2e641bfd221ac4af",103,2,4,2,"experience",2,"short_exposure"
"6644cf0a2e641bfd221ac4af",104,10,5.9464274989274,10,"experience",10,"short_exposure"
"6644cf0a2e641bfd221ac4af",105,2,4,2,"experience",2,"short_exposure"
"6644cf0a2e641bfd221ac4af",106,20,5.5,20,"experience",20,"short_exposure"
"6644cf0a2e641bfd221ac4af",107,2,4,2,"experience",2,"short_exposure"
"6644cf0a2e641bfd221ac4af",108,10,5.9464274989274,10,"experience",10,"short_exposure"
"6644cf0a2e641bfd221ac4af",109,2,4,2,"experience",2,"short_exposure"
"6644cf0a2e641bfd221ac4af",110,2,4,2,"experience",2,"short_exposure"
"6644cf0a2e641bfd221ac4af",111,10,5.9464274989274,10,"experience",10,"short_exposure"
"6644cf0a2e641bfd221ac4af",112,20,5.5,20,"experience",20,"short_exposure"
"6644cf0a2e641bfd221ac4af",113,20,5.5,20,"experience",20,"short_exposure"
"6644cf0a2e641bfd221ac4af",114,2,4,2,"experience",2,"short_exposure"
"6644cf0a2e641bfd221ac4af",115,2,4,2,"experience",2,"short_exposure"
"6644cf0a2e641bfd221ac4af",116,10,5.9464274989274,10,"experience",10,"short_exposure"
"6674d66310b6684b86ddf7b9",5,2,0.5,2,"experience",2,"short_exposure"
"6674d66310b6684b86ddf7b9",18,2,2.5,2,"experience",2,"short_exposure"
"6674d66310b6684b86ddf7b9",20,10,5.58211429478115,10,"experience",10,"short_exposure"
"6674d66310b6684b86ddf7b9",21,2,4,2,"experience",2,"short_exposure"
"6674d66310b6684b86ddf7b9",22,2,4,2,"experience",2,"short_exposure"
"6674d66310b6684b86ddf7b9",23,20,5.5,20,"experience",20,"short_exposure"
"6674d66310b6684b86ddf7b9",24,2,4,2,"experience",2,"short_exposure"
"6674d66310b6684b86ddf7b9",25,2,4,2,"experience",2,"short_exposure"
"6674d66310b6684b86ddf7b9",26,2,4,2,"experience",2,"short_exposure"
"6674d66310b6684b86ddf7b9",27,10,5.9464274989274,10,"experience",10,"short_exposure"
"6674d66310b6684b86ddf7b9",28,10,5.9464274989274,10,"experience",10,"short_exposure"
"6674d66310b6684b86ddf7b9",29,20,5.5,20,"experience",20,"short_exposure"
"6674d66310b6684b86ddf7b9",30,20,5.5,20,"experience",20,"short_exposure"
"6674d66310b6684b86ddf7b9",31,20,5.5,20,"experience",20,"short_exposure"
"6674d66310b6684b86ddf7b9",32,2,4,2,"experience",2,"short_exposure"
"6674d66310b6684b86ddf7b9",33,10,5.9464274989274,10,"experience",10,"short_exposure"
"6674d66310b6684b86ddf7b9",34,20,5.5,20,"experience",20,"short_exposure"
"6674d66310b6684b86ddf7b9",35,2,4,2,"experience",2,"short_exposure"
"6674d66310b6684b86ddf7b9",36,2,4,2,"experience",2,"short_exposure"
"6674d66310b6684b86ddf7b9",37,2,4,2,"experience",2,"short_exposure"
"6674d66310b6684b86ddf7b9",38,20,5.5,20,"experience",20,"short_exposure"
"6674d66310b6684b86ddf7b9",39,10,5.9464274989274,10,"experience",10,"short_exposure"
"6674d66310b6684b86ddf7b9",40,2,4,2,"experience",2,"short_exposure"
"6674d66310b6684b86ddf7b9",41,20,5.5,20,"experience",20,"short_exposure"
"6674d66310b6684b86ddf7b9",42,10,5.9464274989274,10,"experience",10,"short_exposure"
"6674d66310b6684b86ddf7b9",43,2,4,2,"experience",2,"short_exposure"
"6674d66310b6684b86ddf7b9",44,10,5.9464274989274,10,"experience",10,"short_exposure"
"6674d66310b6684b86ddf7b9",45,10,5.9464274989274,10,"experience",10,"short_exposure"
"6674d66310b6684b86ddf7b9",46,10,5.9464274989274,10,"experience",10,"short_exposure"
"6674d66310b6684b86ddf7b9",47,20,5.5,20,"experience",20,"short_exposure"
"6674d66310b6684b86ddf7b9",48,20,5.5,20,"experience",20,"short_exposure"
"6674d66310b6684b86ddf7b9",49,20,5.5,20,"experience",20,"short_exposure"
"6674d66310b6684b86ddf7b9",50,10,5.9464274989274,10,"experience",10,"short_exposure"
"6674d66310b6684b86ddf7b9",51,20,5.5,20,"experience",20,"short_exposure"
"6674d66310b6684b86ddf7b9",52,10,5.9464274989274,10,"experience",10,"short_exposure"
"6674d66310b6684b86ddf7b9",53,10,5.9464274989274,10,"experience",10,"short_exposure"
"6674d66310b6684b86ddf7b9",54,10,5.9464274989274,10,"experience",10,"short_exposure"
"6674d66310b6684b86ddf7b9",55,20,5.5,20,"experience",20,"short_exposure"
"6674d66310b6684b86ddf7b9",56,20,5.5,20,"experience",20,"short_exposure"
"6674d66310b6684b86ddf7b9",57,20,5.5,20,"experience",20,"short_exposure"
"6674d66310b6684b86ddf7b9",58,2,4,2,"experience",2,"short_exposure"
"6674d66310b6684b86ddf7b9",59,20,5.5,20,"experience",20,"short_exposure"
"6674d66310b6684b86ddf7b9",60,10,5.9464274989274,10,"experience",10,"short_exposure"
"6674d66310b6684b86ddf7b9",61,10,5.9464274989274,10,"experience",10,"short_exposure"
"6674d66310b6684b86ddf7b9",62,2,4,2,"experience",2,"short_exposure"
"6674d66310b6684b86ddf7b9",63,2,4,2,"experience",2,"short_exposure"
"6674d66310b6684b86ddf7b9",64,20,5.5,20,"experience",20,"short_exposure"
"6674d66310b6684b86ddf7b9",65,2,4,2,"experience",2,"short_exposure"
"6674d66310b6684b86ddf7b9",66,2,4,2,"experience",2,"short_exposure"
"6674d66310b6684b86ddf7b9",67,10,5.9464274989274,10,"experience",10,"short_exposure"
"6674d66310b6684b86ddf7b9",68,10,5.9464274989274,10,"experience",10,"short_exposure"
"6674d66310b6684b86ddf7b9",69,2,4,2,"experience",2,"short_exposure"
"6674d66310b6684b86ddf7b9",70,2,4,2,"experience",2,"short_exposure"
"6674d66310b6684b86ddf7b9",71,2,4,2,"experience",2,"short_exposure"
"6674d66310b6684b86ddf7b9",72,20,5.5,20,"experience",20,"short_exposure"
"6674d66310b6684b86ddf7b9",73,20,5.5,20,"experience",20,"short_exposure"
"6674d66310b6684b86ddf7b9",74,2,4,2,"experience",2,"short_exposure"
"6674d66310b6684b86ddf7b9",75,2,4,2,"experience",2,"short_exposure"
"6674d66310b6684b86ddf7b9",76,20,5.5,20,"experience",20,"short_exposure"
"6674d66310b6684b86ddf7b9",77,10,5.9464274989274,10,"experience",10,"short_exposure"
"6674d66310b6684b86ddf7b9",78,10,5.9464274989274,10,"experience",10,"short_exposure"
"6674d66310b6684b86ddf7b9",79,20,5.5,20,"experience",20,"short_exposure"
"6674d66310b6684b86ddf7b9",80,10,5.9464274989274,10,"experience",10,"short_exposure"
"6674d66310b6684b86ddf7b9",81,20,5.5,20,"experience",20,"short_exposure"
"6674d66310b6684b86ddf7b9",82,10,5.9464274989274,10,"experience",10,"short_exposure"
"6674d66310b6684b86ddf7b9",83,2,4,2,"experience",2,"short_exposure"
"6674d66310b6684b86ddf7b9",84,2,4,2,"experience",2,"short_exposure"
"6674d66310b6684b86ddf7b9",85,20,5.5,20,"experience",20,"short_exposure"
"6674d66310b6684b86ddf7b9",86,20,5.5,20,"experience",20,"short_exposure"
"6674d66310b6684b86ddf7b9",87,2,4,2,"experience",2,"short_exposure"
"6674d66310b6684b86ddf7b9",88,2,4,2,"experience",2,"short_exposure"
"6674d66310b6684b86ddf7b9",89,10,5.9464274989274,10,"experience",10,"short_exposure"
"6674d66310b6684b86ddf7b9",90,10,5.9464274989274,10,"experience",10,"short_exposure"
"6674d66310b6684b86ddf7b9",91,2,4,2,"experience",2,"short_exposure"
"6674d66310b6684b86ddf7b9",92,20,5.5,20,"experience",20,"short_exposure"
"6674d66310b6684b86ddf7b9",93,10,5.9464274989274,10,"experience",10,"short_exposure"
"6674d66310b6684b86ddf7b9",94,20,5.5,20,"experience",20,"short_exposure"
"6674d66310b6684b86ddf7b9",95,20,5.5,20,"experience",20,"short_exposure"
"6674d66310b6684b86ddf7b9",96,10,5.9464274989274,10,"experience",10,"short_exposure"
"6674d66310b6684b86ddf7b9",97,2,4,2,"experience",2,"short_exposure"
"6674d66310b6684b86ddf7b9",98,10,5.9464274989274,10,"experience",10,"short_exposure"
"6674d66310b6684b86ddf7b9",99,20,5.5,20,"experience",20,"short_exposure"
"6674d66310b6684b86ddf7b9",100,10,5.9464274989274,10,"experience",10,"short_exposure"
"6674d66310b6684b86ddf7b9",101,20,5.5,20,"experience",20,"short_exposure"
"6674d66310b6684b86ddf7b9",102,10,5.9464274989274,10,"experience",10,"short_exposure"
"6674d66310b6684b86ddf7b9",103,10,5.9464274989274,10,"experience",10,"short_exposure"
"6674d66310b6684b86ddf7b9",104,20,5.5,20,"experience",20,"short_exposure"
"6674d66310b6684b86ddf7b9",105,20,5.5,20,"experience",20,"short_exposure"
"6674d66310b6684b86ddf7b9",106,10,5.9464274989274,10,"experience",10,"short_exposure"
"6674d66310b6684b86ddf7b9",107,20,5.5,20,"experience",20,"short_exposure"
"6674d66310b6684b86ddf7b9",108,20,5.5,20,"experience",20,"short_exposure"
"6674d66310b6684b86ddf7b9",109,2,4,2,"experience",2,"short_exposure"
"6674d66310b6684b86ddf7b9",110,2,4,2,"experience",2,"short_exposure"
"6674d66310b6684b86ddf7b9",111,2,4,2,"experience",2,"short_exposure"
"6674d66310b6684b86ddf7b9",112,10,5.9464274989274,10,"experience",10,"short_exposure"
"6674d66310b6684b86ddf7b9",113,2,4,2,"experience",2,"short_exposure"
"6674d66310b6684b86ddf7b9",114,2,4,2,"experience",2,"short_exposure"
"6674d66310b6684b86ddf7b9",115,10,5.9464274989274,10,"experience",10,"short_exposure"
"6674d66310b6684b86ddf7b9",116,10,5.9464274989274,10,"experience",10,"short_exposure"
"66d1a34290c0181302a08f66",5,10,5.72712842531054,10,"experience",10,"short_exposure"
"66d1a34290c0181302a08f66",6,2,2,2,"experience",2,"short_exposure"
"66d1a34290c0181302a08f66",8,2,5.5,2,"experience",2,"short_exposure"
"66d1a34290c0181302a08f66",21,2,4,2,"experience",2,"short_exposure"
"66d1a34290c0181302a08f66",22,2,4,2,"experience",2,"short_exposure"
"66d1a34290c0181302a08f66",23,10,5.9464274989274,10,"experience",10,"short_exposure"
"66d1a34290c0181302a08f66",24,2,4,2,"experience",2,"short_exposure"
"66d1a34290c0181302a08f66",25,10,5.9464274989274,10,"experience",10,"short_exposure"
"66d1a34290c0181302a08f66",26,10,5.9464274989274,10,"experience",10,"short_exposure"
"66d1a34290c0181302a08f66",27,10,5.9464274989274,10,"experience",10,"short_exposure"
"66d1a34290c0181302a08f66",28,2,4,2,"experience",2,"short_exposure"
"66d1a34290c0181302a08f66",29,10,5.9464274989274,10,"experience",10,"short_exposure"
"66d1a34290c0181302a08f66",30,2,4,2,"experience",2,"short_exposure"
"66d1a34290c0181302a08f66",31,2,4,2,"experience",2,"short_exposure"
"66d1a34290c0181302a08f66",32,2,4,2,"experience",2,"short_exposure"
"66d1a34290c0181302a08f66",33,20,5.5,20,"experience",20,"short_exposure"
"66d1a34290c0181302a08f66",34,2,4,2,"experience",2,"short_exposure"
"66d1a34290c0181302a08f66",35,2,4,2,"experience",2,"short_exposure"
"66d1a34290c0181302a08f66",36,20,5.5,20,"experience",20,"short_exposure"
"66d1a34290c0181302a08f66",37,2,4,2,"experience",2,"short_exposure"
"66d1a34290c0181302a08f66",38,20,5.5,20,"experience",20,"short_exposure"
"66d1a34290c0181302a08f66",39,10,5.9464274989274,10,"experience",10,"short_exposure"
"66d1a34290c0181302a08f66",40,20,5.5,20,"experience",20,"short_exposure"
"66d1a34290c0181302a08f66",41,20,5.5,20,"experience",20,"short_exposure"
"66d1a34290c0181302a08f66",42,2,4,2,"experience",2,"short_exposure"
"66d1a34290c0181302a08f66",43,10,5.9464274989274,10,"experience",10,"short_exposure"
"66d1a34290c0181302a08f66",44,20,5.5,20,"experience",20,"short_exposure"
"66d1a34290c0181302a08f66",45,20,5.5,20,"experience",20,"short_exposure"
"66d1a34290c0181302a08f66",46,2,4,2,"experience",2,"short_exposure"
"66d1a34290c0181302a08f66",47,20,5.5,20,"experience",20,"short_exposure"
"66d1a34290c0181302a08f66",48,10,5.9464274989274,10,"experience",10,"short_exposure"
"66d1a34290c0181302a08f66",49,10,5.9464274989274,10,"experience",10,"short_exposure"
"66d1a34290c0181302a08f66",50,20,5.5,20,"experience",20,"short_exposure"
"66d1a34290c0181302a08f66",51,10,5.9464274989274,10,"experience",10,"short_exposure"
"66d1a34290c0181302a08f66",52,20,5.5,20,"experience",20,"short_exposure"
"66d1a34290c0181302a08f66",53,10,5.9464274989274,10,"experience",10,"short_exposure"
"66d1a34290c0181302a08f66",54,2,4,2,"experience",2,"short_exposure"
"66d1a34290c0181302a08f66",55,10,5.9464274989274,10,"experience",10,"short_exposure"
"66d1a34290c0181302a08f66",56,20,5.5,20,"experience",20,"short_exposure"
"66d1a34290c0181302a08f66",57,10,5.9464274989274,10,"experience",10,"short_exposure"
"66d1a34290c0181302a08f66",58,20,5.5,20,"experience",20,"short_exposure"
"66d1a34290c0181302a08f66",59,2,4,2,"experience",2,"short_exposure"
"66d1a34290c0181302a08f66",60,2,4,2,"experience",2,"short_exposure"
"66d1a34290c0181302a08f66",61,10,5.9464274989274,10,"experience",10,"short_exposure"
"66d1a34290c0181302a08f66",62,20,5.5,20,"experience",20,"short_exposure"
"66d1a34290c0181302a08f66",63,2,4,2,"experience",2,"short_exposure"
"66d1a34290c0181302a08f66",64,20,5.5,20,"experience",20,"short_exposure"
"66d1a34290c0181302a08f66",65,10,5.9464274989274,10,"experience",10,"short_exposure"
"66d1a34290c0181302a08f66",66,20,5.5,20,"experience",20,"short_exposure"
"66d1a34290c0181302a08f66",67,20,5.5,20,"experience",20,"short_exposure"
"66d1a34290c0181302a08f66",68,10,5.9464274989274,10,"experience",10,"short_exposure"
"66d1a34290c0181302a08f66",69,2,4,2,"experience",2,"short_exposure"
"66d1a34290c0181302a08f66",70,10,5.9464274989274,10,"experience",10,"short_exposure"
"66d1a34290c0181302a08f66",71,2,4,2,"experience",2,"short_exposure"
"66d1a34290c0181302a08f66",72,2,4,2,"experience",2,"short_exposure"
"66d1a34290c0181302a08f66",73,20,5.5,20,"experience",20,"short_exposure"
"66d1a34290c0181302a08f66",74,2,4,2,"experience",2,"short_exposure"
"66d1a34290c0181302a08f66",75,10,5.9464274989274,10,"experience",10,"short_exposure"
"66d1a34290c0181302a08f66",76,10,5.9464274989274,10,"experience",10,"short_exposure"
"66d1a34290c0181302a08f66",77,10,5.9464274989274,10,"experience",10,"short_exposure"
"66d1a34290c0181302a08f66",78,2,4,2,"experience",2,"short_exposure"
"66d1a34290c0181302a08f66",79,20,5.5,20,"experience",20,"short_exposure"
"66d1a34290c0181302a08f66",80,20,5.5,20,"experience",20,"short_exposure"
"66d1a34290c0181302a08f66",81,10,5.9464274989274,10,"experience",10,"short_exposure"
"66d1a34290c0181302a08f66",82,2,4,2,"experience",2,"short_exposure"
"66d1a34290c0181302a08f66",83,2,4,2,"experience",2,"short_exposure"
"66d1a34290c0181302a08f66",84,20,5.5,20,"experience",20,"short_exposure"
"66d1a34290c0181302a08f66",85,20,5.5,20,"experience",20,"short_exposure"
"66d1a34290c0181302a08f66",86,10,5.9464274989274,10,"experience",10,"short_exposure"
"66d1a34290c0181302a08f66",87,20,5.5,20,"experience",20,"short_exposure"
"66d1a34290c0181302a08f66",88,20,5.5,20,"experience",20,"short_exposure"
"66d1a34290c0181302a08f66",89,10,5.9464274989274,10,"experience",10,"short_exposure"
"66d1a34290c0181302a08f66",90,10,5.9464274989274,10,"experience",10,"short_exposure"
"66d1a34290c0181302a08f66",91,10,5.9464274989274,10,"experience",10,"short_exposure"
"66d1a34290c0181302a08f66",92,20,5.5,20,"experience",20,"short_exposure"
"66d1a34290c0181302a08f66",93,2,4,2,"experience",2,"short_exposure"
"66d1a34290c0181302a08f66",94,20,5.5,20,"experience",20,"short_exposure"
"66d1a34290c0181302a08f66",95,2,4,2,"experience",2,"short_exposure"
"66d1a34290c0181302a08f66",96,20,5.5,20,"experience",20,"short_exposure"
"66d1a34290c0181302a08f66",97,10,5.9464274989274,10,"experience",10,"short_exposure"
"66d1a34290c0181302a08f66",98,20,5.5,20,"experience",20,"short_exposure"
"66d1a34290c0181302a08f66",99,20,5.5,20,"experience",20,"short_exposure"
"66d1a34290c0181302a08f66",100,2,4,2,"experience",2,"short_exposure"
"66d1a34290c0181302a08f66",101,10,5.9464274989274,10,"experience",10,"short_exposure"
"66d1a34290c0181302a08f66",102,2,4,2,"experience",2,"short_exposure"
"66d1a34290c0181302a08f66",103,10,5.9464274989274,10,"experience",10,"short_exposure"
"66d1a34290c0181302a08f66",104,2,4,2,"experience",2,"short_exposure"
"66d1a34290c0181302a08f66",105,10,5.9464274989274,10,"experience",10,"short_exposure"
"66d1a34290c0181302a08f66",106,20,5.5,20,"experience",20,"short_exposure"
"66d1a34290c0181302a08f66",107,10,5.9464274989274,10,"experience",10,"short_exposure"
"66d1a34290c0181302a08f66",108,10,5.9464274989274,10,"experience",10,"short_exposure"
"66d1a34290c0181302a08f66",109,2,4,2,"experience",2,"short_exposure"
"66d1a34290c0181302a08f66",110,10,5.9464274989274,10,"experience",10,"short_exposure"
"66d1a34290c0181302a08f66",111,20,5.5,20,"experience",20,"short_exposure"
"66d1a34290c0181302a08f66",112,2,4,2,"experience",2,"short_exposure"
"66d1a34290c0181302a08f66",113,2,4,2,"experience",2,"short_exposure"
"66d1a34290c0181302a08f66",114,2,4,2,"experience",2,"short_exposure"
"66d1a34290c0181302a08f66",115,20,5.5,20,"experience",20,"short_exposure"
"66d1a34290c0181302a08f66",116,20,5.5,20,"experience",20,"short_exposure"
"61bb392e40db417c1a138dcb",2,2,0.5,2,"experience",2,"short_exposure"
"61bb392e40db417c1a138dcb",5,2,1.5,2,"experience",2,"short_exposure"
"61bb392e40db417c1a138dcb",12,10,6.11882341631134,10,"experience",10,"short_exposure"
"61bb392e40db417c1a138dcb",14,10,5.23545604508337,10,"experience",10,"short_exposure"
"61bb392e40db417c1a138dcb",21,2,4,2,"experience",2,"short_exposure"
"61bb392e40db417c1a138dcb",22,2,4,2,"experience",2,"short_exposure"
"61bb392e40db417c1a138dcb",23,20,5.5,20,"experience",20,"short_exposure"
"61bb392e40db417c1a138dcb",24,10,5.9464274989274,10,"experience",10,"short_exposure"
"61bb392e40db417c1a138dcb",25,10,5.9464274989274,10,"experience",10,"short_exposure"
"61bb392e40db417c1a138dcb",26,20,5.5,20,"experience",20,"short_exposure"
"61bb392e40db417c1a138dcb",27,20,5.5,20,"experience",20,"short_exposure"
"61bb392e40db417c1a138dcb",28,2,4,2,"experience",2,"short_exposure"
"61bb392e40db417c1a138dcb",29,10,5.9464274989274,10,"experience",10,"short_exposure"
"61bb392e40db417c1a138dcb",30,2,4,2,"experience",2,"short_exposure"
"61bb392e40db417c1a138dcb",31,20,5.5,20,"experience",20,"short_exposure"
"61bb392e40db417c1a138dcb",32,20,5.5,20,"experience",20,"short_exposure"
"61bb392e40db417c1a138dcb",33,20,5.5,20,"experience",20,"short_exposure"
"61bb392e40db417c1a138dcb",34,20,5.5,20,"experience",20,"short_exposure"
"61bb392e40db417c1a138dcb",35,20,5.5,20,"experience",20,"short_exposure"
"61bb392e40db417c1a138dcb",36,10,5.9464274989274,10,"experience",10,"short_exposure"
"61bb392e40db417c1a138dcb",37,2,4,2,"experience",2,"short_exposure"
"61bb392e40db417c1a138dcb",38,20,5.5,20,"experience",20,"short_exposure"
"61bb392e40db417c1a138dcb",39,20,5.5,20,"experience",20,"short_exposure"
"61bb392e40db417c1a138dcb",40,10,5.9464274989274,10,"experience",10,"short_exposure"
"61bb392e40db417c1a138dcb",41,2,4,2,"experience",2,"short_exposure"
"61bb392e40db417c1a138dcb",42,10,5.9464274989274,10,"experience",10,"short_exposure"
"61bb392e40db417c1a138dcb",43,10,5.9464274989274,10,"experience",10,"short_exposure"
"61bb392e40db417c1a138dcb",44,2,4,2,"experience",2,"short_exposure"
"61bb392e40db417c1a138dcb",45,2,4,2,"experience",2,"short_exposure"
"61bb392e40db417c1a138dcb",46,2,4,2,"experience",2,"short_exposure"
"61bb392e40db417c1a138dcb",47,10,5.9464274989274,10,"experience",10,"short_exposure"
"61bb392e40db417c1a138dcb",48,10,5.9464274989274,10,"experience",10,"short_exposure"
"61bb392e40db417c1a138dcb",49,2,4,2,"experience",2,"short_exposure"
"61bb392e40db417c1a138dcb",50,2,4,2,"experience",2,"short_exposure"
"61bb392e40db417c1a138dcb",51,10,5.9464274989274,10,"experience",10,"short_exposure"
"61bb392e40db417c1a138dcb",52,2,4,2,"experience",2,"short_exposure"
"61bb392e40db417c1a138dcb",53,10,5.9464274989274,10,"experience",10,"short_exposure"
"61bb392e40db417c1a138dcb",54,20,5.5,20,"experience",20,"short_exposure"
"61bb392e40db417c1a138dcb",55,10,5.9464274989274,10,"experience",10,"short_exposure"
"61bb392e40db417c1a138dcb",56,2,4,2,"experience",2,"short_exposure"
"61bb392e40db417c1a138dcb",57,20,5.5,20,"experience",20,"short_exposure"
"61bb392e40db417c1a138dcb",58,20,5.5,20,"experience",20,"short_exposure"
"61bb392e40db417c1a138dcb",59,20,5.5,20,"experience",20,"short_exposure"
"61bb392e40db417c1a138dcb",60,2,4,2,"experience",2,"short_exposure"
"61bb392e40db417c1a138dcb",61,20,5.5,20,"experience",20,"short_exposure"
"61bb392e40db417c1a138dcb",62,10,5.9464274989274,10,"experience",10,"short_exposure"
"61bb392e40db417c1a138dcb",63,10,5.9464274989274,10,"experience",10,"short_exposure"
"61bb392e40db417c1a138dcb",64,10,5.9464274989274,10,"experience",10,"short_exposure"
"61bb392e40db417c1a138dcb",65,2,4,2,"experience",2,"short_exposure"
"61bb392e40db417c1a138dcb",66,2,4,2,"experience",2,"short_exposure"
"61bb392e40db417c1a138dcb",67,20,5.5,20,"experience",20,"short_exposure"
"61bb392e40db417c1a138dcb",68,10,5.9464274989274,10,"experience",10,"short_exposure"
"61bb392e40db417c1a138dcb",69,2,4,2,"experience",2,"short_exposure"
"61bb392e40db417c1a138dcb",70,20,5.5,20,"experience",20,"short_exposure"
"61bb392e40db417c1a138dcb",71,10,5.9464274989274,10,"experience",10,"short_exposure"
"61bb392e40db417c1a138dcb",72,20,5.5,20,"experience",20,"short_exposure"
"61bb392e40db417c1a138dcb",73,10,5.9464274989274,10,"experience",10,"short_exposure"
"61bb392e40db417c1a138dcb",74,20,5.5,20,"experience",20,"short_exposure"
"61bb392e40db417c1a138dcb",75,20,5.5,20,"experience",20,"short_exposure"
"61bb392e40db417c1a138dcb",76,10,5.9464274989274,10,"experience",10,"short_exposure"
"61bb392e40db417c1a138dcb",77,20,5.5,20,"experience",20,"short_exposure"
"61bb392e40db417c1a138dcb",78,10,5.9464274989274,10,"experience",10,"short_exposure"
"61bb392e40db417c1a138dcb",79,2,4,2,"experience",2,"short_exposure"
"61bb392e40db417c1a138dcb",80,2,4,2,"experience",2,"short_exposure"
"61bb392e40db417c1a138dcb",81,20,5.5,20,"experience",20,"short_exposure"
"61bb392e40db417c1a138dcb",82,20,5.5,20,"experience",20,"short_exposure"
"61bb392e40db417c1a138dcb",83,20,5.5,20,"experience",20,"short_exposure"
"61bb392e40db417c1a138dcb",84,10,5.9464274989274,10,"experience",10,"short_exposure"
"61bb392e40db417c1a138dcb",85,20,5.5,20,"experience",20,"short_exposure"
"61bb392e40db417c1a138dcb",86,20,5.5,20,"experience",20,"short_exposure"
"61bb392e40db417c1a138dcb",87,2,4,2,"experience",2,"short_exposure"
"61bb392e40db417c1a138dcb",88,10,5.9464274989274,10,"experience",10,"short_exposure"
"61bb392e40db417c1a138dcb",89,20,5.5,20,"experience",20,"short_exposure"
"61bb392e40db417c1a138dcb",90,20,5.5,20,"experience",20,"short_exposure"
"61bb392e40db417c1a138dcb",91,2,4,2,"experience",2,"short_exposure"
"61bb392e40db417c1a138dcb",92,2,4,2,"experience",2,"short_exposure"
"61bb392e40db417c1a138dcb",93,20,5.5,20,"experience",20,"short_exposure"
"61bb392e40db417c1a138dcb",94,10,5.9464274989274,10,"experience",10,"short_exposure"
"61bb392e40db417c1a138dcb",95,10,5.9464274989274,10,"experience",10,"short_exposure"
"61bb392e40db417c1a138dcb",96,2,4,2,"experience",2,"short_exposure"
"61bb392e40db417c1a138dcb",97,10,5.9464274989274,10,"experience",10,"short_exposure"
"61bb392e40db417c1a138dcb",98,2,4,2,"experience",2,"short_exposure"
"61bb392e40db417c1a138dcb",99,2,4,2,"experience",2,"short_exposure"
"61bb392e40db417c1a138dcb",100,2,4,2,"experience",2,"short_exposure"
"61bb392e40db417c1a138dcb",101,10,5.9464274989274,10,"experience",10,"short_exposure"
"61bb392e40db417c1a138dcb",102,2,4,2,"experience",2,"short_exposure"
"61bb392e40db417c1a138dcb",103,20,5.5,20,"experience",20,"short_exposure"
"61bb392e40db417c1a138dcb",104,10,5.9464274989274,10,"experience",10,"short_exposure"
"61bb392e40db417c1a138dcb",105,2,4,2,"experience",2,"short_exposure"
"61bb392e40db417c1a138dcb",106,20,5.5,20,"experience",20,"short_exposure"
"61bb392e40db417c1a138dcb",107,2,4,2,"experience",2,"short_exposure"
"61bb392e40db417c1a138dcb",108,10,5.9464274989274,10,"experience",10,"short_exposure"
"61bb392e40db417c1a138dcb",109,10,5.9464274989274,10,"experience",10,"short_exposure"
"61bb392e40db417c1a138dcb",110,2,4,2,"experience",2,"short_exposure"
"61bb392e40db417c1a138dcb",111,2,4,2,"experience",2,"short_exposure"
"61bb392e40db417c1a138dcb",112,10,5.9464274989274,10,"experience",10,"short_exposure"
"61bb392e40db417c1a138dcb",113,2,4,2,"experience",2,"short_exposure"
"61bb392e40db417c1a138dcb",114,20,5.5,20,"experience",20,"short_exposure"
"61bb392e40db417c1a138dcb",115,10,5.9464274989274,10,"experience",10,"short_exposure"
"61bb392e40db417c1a138dcb",116,10,5.9464274989274,10,"experience",10,"short_exposure"
"662a5d4dabae70ece2dfcc21",2,10,3.9293765408777,10,"experience",10,"short_exposure"
"662a5d4dabae70ece2dfcc21",3,10,5.8309518948453,10,"experience",10,"short_exposure"
"662a5d4dabae70ece2dfcc21",11,10,4.61410879802373,10,"experience",10,"short_exposure"
"662a5d4dabae70ece2dfcc21",21,10,5.9464274989274,10,"experience",10,"short_exposure"
"662a5d4dabae70ece2dfcc21",22,20,5.5,20,"experience",20,"short_exposure"
"662a5d4dabae70ece2dfcc21",23,2,4,2,"experience",2,"short_exposure"
"662a5d4dabae70ece2dfcc21",24,2,4,2,"experience",2,"short_exposure"
"662a5d4dabae70ece2dfcc21",25,10,5.9464274989274,10,"experience",10,"short_exposure"
"662a5d4dabae70ece2dfcc21",26,10,5.9464274989274,10,"experience",10,"short_exposure"
"662a5d4dabae70ece2dfcc21",27,10,5.9464274989274,10,"experience",10,"short_exposure"
"662a5d4dabae70ece2dfcc21",28,20,5.5,20,"experience",20,"short_exposure"
"662a5d4dabae70ece2dfcc21",29,2,4,2,"experience",2,"short_exposure"
"662a5d4dabae70ece2dfcc21",30,20,5.5,20,"experience",20,"short_exposure"
"662a5d4dabae70ece2dfcc21",31,20,5.5,20,"experience",20,"short_exposure"
"662a5d4dabae70ece2dfcc21",32,2,4,2,"experience",2,"short_exposure"
"662a5d4dabae70ece2dfcc21",33,2,4,2,"experience",2,"short_exposure"
"662a5d4dabae70ece2dfcc21",34,2,4,2,"experience",2,"short_exposure"
"662a5d4dabae70ece2dfcc21",35,2,4,2,"experience",2,"short_exposure"
"662a5d4dabae70ece2dfcc21",36,10,5.9464274989274,10,"experience",10,"short_exposure"
"662a5d4dabae70ece2dfcc21",37,10,5.9464274989274,10,"experience",10,"short_exposure"
"662a5d4dabae70ece2dfcc21",38,20,5.5,20,"experience",20,"short_exposure"
"662a5d4dabae70ece2dfcc21",39,10,5.9464274989274,10,"experience",10,"short_exposure"
"662a5d4dabae70ece2dfcc21",40,2,4,2,"experience",2,"short_exposure"
"662a5d4dabae70ece2dfcc21",41,20,5.5,20,"experience",20,"short_exposure"
"662a5d4dabae70ece2dfcc21",42,20,5.5,20,"experience",20,"short_exposure"
"662a5d4dabae70ece2dfcc21",43,10,5.9464274989274,10,"experience",10,"short_exposure"
"662a5d4dabae70ece2dfcc21",44,20,5.5,20,"experience",20,"short_exposure"
"662a5d4dabae70ece2dfcc21",45,2,4,2,"experience",2,"short_exposure"
"662a5d4dabae70ece2dfcc21",46,2,4,2,"experience",2,"short_exposure"
"662a5d4dabae70ece2dfcc21",47,10,5.9464274989274,10,"experience",10,"short_exposure"
"662a5d4dabae70ece2dfcc21",48,20,5.5,20,"experience",20,"short_exposure"
"662a5d4dabae70ece2dfcc21",49,2,4,2,"experience",2,"short_exposure"
"662a5d4dabae70ece2dfcc21",50,20,5.5,20,"experience",20,"short_exposure"
"662a5d4dabae70ece2dfcc21",51,2,4,2,"experience",2,"short_exposure"
"662a5d4dabae70ece2dfcc21",52,20,5.5,20,"experience",20,"short_exposure"
"662a5d4dabae70ece2dfcc21",53,2,4,2,"experience",2,"short_exposure"
"662a5d4dabae70ece2dfcc21",54,10,5.9464274989274,10,"experience",10,"short_exposure"
"662a5d4dabae70ece2dfcc21",55,20,5.5,20,"experience",20,"short_exposure"
"662a5d4dabae70ece2dfcc21",56,10,5.9464274989274,10,"experience",10,"short_exposure"
"662a5d4dabae70ece2dfcc21",57,10,5.9464274989274,10,"experience",10,"short_exposure"
"662a5d4dabae70ece2dfcc21",58,2,4,2,"experience",2,"short_exposure"
"662a5d4dabae70ece2dfcc21",59,10,5.9464274989274,10,"experience",10,"short_exposure"
"662a5d4dabae70ece2dfcc21",60,10,5.9464274989274,10,"experience",10,"short_exposure"
"662a5d4dabae70ece2dfcc21",61,2,4,2,"experience",2,"short_exposure"
"662a5d4dabae70ece2dfcc21",62,20,5.5,20,"experience",20,"short_exposure"
"662a5d4dabae70ece2dfcc21",63,20,5.5,20,"experience",20,"short_exposure"
"662a5d4dabae70ece2dfcc21",64,2,4,2,"experience",2,"short_exposure"
"662a5d4dabae70ece2dfcc21",65,10,5.9464274989274,10,"experience",10,"short_exposure"
"662a5d4dabae70ece2dfcc21",66,10,5.9464274989274,10,"experience",10,"short_exposure"
"662a5d4dabae70ece2dfcc21",67,20,5.5,20,"experience",20,"short_exposure"
"662a5d4dabae70ece2dfcc21",68,20,5.5,20,"experience",20,"short_exposure"
"662a5d4dabae70ece2dfcc21",69,2,4,2,"experience",2,"short_exposure"
"662a5d4dabae70ece2dfcc21",70,2,4,2,"experience",2,"short_exposure"
"662a5d4dabae70ece2dfcc21",71,20,5.5,20,"experience",20,"short_exposure"
"662a5d4dabae70ece2dfcc21",72,20,5.5,20,"experience",20,"short_exposure"
"662a5d4dabae70ece2dfcc21",73,10,5.9464274989274,10,"experience",10,"short_exposure"
"662a5d4dabae70ece2dfcc21",74,2,4,2,"experience",2,"short_exposure"
"662a5d4dabae70ece2dfcc21",75,10,5.9464274989274,10,"experience",10,"short_exposure"
"662a5d4dabae70ece2dfcc21",76,10,5.9464274989274,10,"experience",10,"short_exposure"
"662a5d4dabae70ece2dfcc21",77,20,5.5,20,"experience",20,"short_exposure"
"662a5d4dabae70ece2dfcc21",78,2,4,2,"experience",2,"short_exposure"
"662a5d4dabae70ece2dfcc21",79,20,5.5,20,"experience",20,"short_exposure"
"662a5d4dabae70ece2dfcc21",80,10,5.9464274989274,10,"experience",10,"short_exposure"
"662a5d4dabae70ece2dfcc21",81,10,5.9464274989274,10,"experience",10,"short_exposure"
"662a5d4dabae70ece2dfcc21",82,20,5.5,20,"experience",20,"short_exposure"
"662a5d4dabae70ece2dfcc21",83,10,5.9464274989274,10,"experience",10,"short_exposure"
"662a5d4dabae70ece2dfcc21",84,2,4,2,"experience",2,"short_exposure"
"662a5d4dabae70ece2dfcc21",85,20,5.5,20,"experience",20,"short_exposure"
"662a5d4dabae70ece2dfcc21",86,20,5.5,20,"experience",20,"short_exposure"
"662a5d4dabae70ece2dfcc21",87,2,4,2,"experience",2,"short_exposure"
"662a5d4dabae70ece2dfcc21",88,2,4,2,"experience",2,"short_exposure"
"662a5d4dabae70ece2dfcc21",89,10,5.9464274989274,10,"experience",10,"short_exposure"
"662a5d4dabae70ece2dfcc21",90,2,4,2,"experience",2,"short_exposure"
"662a5d4dabae70ece2dfcc21",91,10,5.9464274989274,10,"experience",10,"short_exposure"
"662a5d4dabae70ece2dfcc21",92,10,5.9464274989274,10,"experience",10,"short_exposure"
"662a5d4dabae70ece2dfcc21",93,10,5.9464274989274,10,"experience",10,"short_exposure"
"662a5d4dabae70ece2dfcc21",94,20,5.5,20,"experience",20,"short_exposure"
"662a5d4dabae70ece2dfcc21",95,10,5.9464274989274,10,"experience",10,"short_exposure"
"662a5d4dabae70ece2dfcc21",96,2,4,2,"experience",2,"short_exposure"
"662a5d4dabae70ece2dfcc21",97,2,4,2,"experience",2,"short_exposure"
"662a5d4dabae70ece2dfcc21",98,20,5.5,20,"experience",20,"short_exposure"
"662a5d4dabae70ece2dfcc21",99,10,5.9464274989274,10,"experience",10,"short_exposure"
"662a5d4dabae70ece2dfcc21",100,10,5.9464274989274,10,"experience",10,"short_exposure"
"662a5d4dabae70ece2dfcc21",101,10,5.9464274989274,10,"experience",10,"short_exposure"
"662a5d4dabae70ece2dfcc21",102,10,5.9464274989274,10,"experience",10,"short_exposure"
"662a5d4dabae70ece2dfcc21",103,2,4,2,"experience",2,"short_exposure"
"662a5d4dabae70ece2dfcc21",104,2,4,2,"experience",2,"short_exposure"
"662a5d4dabae70ece2dfcc21",105,20,5.5,20,"experience",20,"short_exposure"
"662a5d4dabae70ece2dfcc21",106,20,5.5,20,"experience",20,"short_exposure"
"662a5d4dabae70ece2dfcc21",107,20,5.5,20,"experience",20,"short_exposure"
"662a5d4dabae70ece2dfcc21",108,20,5.5,20,"experience",20,"short_exposure"
"662a5d4dabae70ece2dfcc21",109,10,5.9464274989274,10,"experience",10,"short_exposure"
"662a5d4dabae70ece2dfcc21",110,2,4,2,"experience",2,"short_exposure"
"662a5d4dabae70ece2dfcc21",111,20,5.5,20,"experience",20,"short_exposure"
"662a5d4dabae70ece2dfcc21",112,2,4,2,"experience",2,"short_exposure"
"662a5d4dabae70ece2dfcc21",113,2,4,2,"experience",2,"short_exposure"
"662a5d4dabae70ece2dfcc21",114,2,4,2,"experience",2,"short_exposure"
"662a5d4dabae70ece2dfcc21",115,20,5.5,20,"experience",20,"short_exposure"
"662a5d4dabae70ece2dfcc21",116,20,5.5,20,"experience",20,"short_exposure"
"66b68e2b2c21a7ed557cf866",3,10,5.44150714416512,10,"experience",10,"short_exposure"
"66b68e2b2c21a7ed557cf866",8,10,4.57055795281058,10,"experience",10,"short_exposure"
"66b68e2b2c21a7ed557cf866",19,10,4.42831796509691,10,"experience",10,"short_exposure"
"66b68e2b2c21a7ed557cf866",21,2,4,2,"experience",2,"short_exposure"
"66b68e2b2c21a7ed557cf866",22,2,4,2,"experience",2,"short_exposure"
"66b68e2b2c21a7ed557cf866",23,2,4,2,"experience",2,"short_exposure"
"66b68e2b2c21a7ed557cf866",24,10,5.9464274989274,10,"experience",10,"short_exposure"
"66b68e2b2c21a7ed557cf866",25,20,5.5,20,"experience",20,"short_exposure"
"66b68e2b2c21a7ed557cf866",26,20,5.5,20,"experience",20,"short_exposure"
"66b68e2b2c21a7ed557cf866",27,2,4,2,"experience",2,"short_exposure"
"66b68e2b2c21a7ed557cf866",28,20,5.5,20,"experience",20,"short_exposure"
"66b68e2b2c21a7ed557cf866",29,20,5.5,20,"experience",20,"short_exposure"
"66b68e2b2c21a7ed557cf866",30,2,4,2,"experience",2,"short_exposure"
"66b68e2b2c21a7ed557cf866",31,10,5.9464274989274,10,"experience",10,"short_exposure"
"66b68e2b2c21a7ed557cf866",32,10,5.9464274989274,10,"experience",10,"short_exposure"
"66b68e2b2c21a7ed557cf866",33,2,4,2,"experience",2,"short_exposure"
"66b68e2b2c21a7ed557cf866",34,10,5.9464274989274,10,"experience",10,"short_exposure"
"66b68e2b2c21a7ed557cf866",35,10,5.9464274989274,10,"experience",10,"short_exposure"
"66b68e2b2c21a7ed557cf866",36,20,5.5,20,"experience",20,"short_exposure"
"66b68e2b2c21a7ed557cf866",37,10,5.9464274989274,10,"experience",10,"short_exposure"
"66b68e2b2c21a7ed557cf866",38,20,5.5,20,"experience",20,"short_exposure"
"66b68e2b2c21a7ed557cf866",39,10,5.9464274989274,10,"experience",10,"short_exposure"
"66b68e2b2c21a7ed557cf866",40,10,5.9464274989274,10,"experience",10,"short_exposure"
"66b68e2b2c21a7ed557cf866",41,10,5.9464274989274,10,"experience",10,"short_exposure"
"66b68e2b2c21a7ed557cf866",42,20,5.5,20,"experience",20,"short_exposure"
"66b68e2b2c21a7ed557cf866",43,10,5.9464274989274,10,"experience",10,"short_exposure"
"66b68e2b2c21a7ed557cf866",44,2,4,2,"experience",2,"short_exposure"
"66b68e2b2c21a7ed557cf866",45,10,5.9464274989274,10,"experience",10,"short_exposure"
"66b68e2b2c21a7ed557cf866",46,20,5.5,20,"experience",20,"short_exposure"
"66b68e2b2c21a7ed557cf866",47,10,5.9464274989274,10,"experience",10,"short_exposure"
"66b68e2b2c21a7ed557cf866",48,2,4,2,"experience",2,"short_exposure"
"66b68e2b2c21a7ed557cf866",49,10,5.9464274989274,10,"experience",10,"short_exposure"
"66b68e2b2c21a7ed557cf866",50,2,4,2,"experience",2,"short_exposure"
"66b68e2b2c21a7ed557cf866",51,2,4,2,"experience",2,"short_exposure"
"66b68e2b2c21a7ed557cf866",52,2,4,2,"experience",2,"short_exposure"
"66b68e2b2c21a7ed557cf866",53,20,5.5,20,"experience",20,"short_exposure"
"66b68e2b2c21a7ed557cf866",54,20,5.5,20,"experience",20,"short_exposure"
"66b68e2b2c21a7ed557cf866",55,20,5.5,20,"experience",20,"short_exposure"
"66b68e2b2c21a7ed557cf866",56,10,5.9464274989274,10,"experience",10,"short_exposure"
"66b68e2b2c21a7ed557cf866",57,2,4,2,"experience",2,"short_exposure"
"66b68e2b2c21a7ed557cf866",58,2,4,2,"experience",2,"short_exposure"
"66b68e2b2c21a7ed557cf866",59,20,5.5,20,"experience",20,"short_exposure"
"66b68e2b2c21a7ed557cf866",60,2,4,2,"experience",2,"short_exposure"
"66b68e2b2c21a7ed557cf866",61,20,5.5,20,"experience",20,"short_exposure"
"66b68e2b2c21a7ed557cf866",62,20,5.5,20,"experience",20,"short_exposure"
"66b68e2b2c21a7ed557cf866",63,20,5.5,20,"experience",20,"short_exposure"
"66b68e2b2c21a7ed557cf866",64,2,4,2,"experience",2,"short_exposure"
"66b68e2b2c21a7ed557cf866",65,10,5.9464274989274,10,"experience",10,"short_exposure"
"66b68e2b2c21a7ed557cf866",66,20,5.5,20,"experience",20,"short_exposure"
"66b68e2b2c21a7ed557cf866",67,2,4,2,"experience",2,"short_exposure"
"66b68e2b2c21a7ed557cf866",68,10,5.9464274989274,10,"experience",10,"short_exposure"
"66b68e2b2c21a7ed557cf866",69,20,5.5,20,"experience",20,"short_exposure"
"66b68e2b2c21a7ed557cf866",70,10,5.9464274989274,10,"experience",10,"short_exposure"
"66b68e2b2c21a7ed557cf866",71,20,5.5,20,"experience",20,"short_exposure"
"66b68e2b2c21a7ed557cf866",72,10,5.9464274989274,10,"experience",10,"short_exposure"
"66b68e2b2c21a7ed557cf866",73,2,4,2,"experience",2,"short_exposure"
"66b68e2b2c21a7ed557cf866",74,10,5.9464274989274,10,"experience",10,"short_exposure"
"66b68e2b2c21a7ed557cf866",75,20,5.5,20,"experience",20,"short_exposure"
"66b68e2b2c21a7ed557cf866",76,2,4,2,"experience",2,"short_exposure"
"66b68e2b2c21a7ed557cf866",77,20,5.5,20,"experience",20,"short_exposure"
"66b68e2b2c21a7ed557cf866",78,20,5.5,20,"experience",20,"short_exposure"
"66b68e2b2c21a7ed557cf866",79,10,5.9464274989274,10,"experience",10,"short_exposure"
"66b68e2b2c21a7ed557cf866",80,10,5.9464274989274,10,"experience",10,"short_exposure"
"66b68e2b2c21a7ed557cf866",81,10,5.9464274989274,10,"experience",10,"short_exposure"
"66b68e2b2c21a7ed557cf866",82,20,5.5,20,"experience",20,"short_exposure"
"66b68e2b2c21a7ed557cf866",83,2,4,2,"experience",2,"short_exposure"
"66b68e2b2c21a7ed557cf866",84,20,5.5,20,"experience",20,"short_exposure"
"66b68e2b2c21a7ed557cf866",85,2,4,2,"experience",2,"short_exposure"
"66b68e2b2c21a7ed557cf866",86,2,4,2,"experience",2,"short_exposure"
"66b68e2b2c21a7ed557cf866",87,2,4,2,"experience",2,"short_exposure"
"66b68e2b2c21a7ed557cf866",88,2,4,2,"experience",2,"short_exposure"
"66b68e2b2c21a7ed557cf866",89,10,5.9464274989274,10,"experience",10,"short_exposure"
"66b68e2b2c21a7ed557cf866",90,2,4,2,"experience",2,"short_exposure"
"66b68e2b2c21a7ed557cf866",91,10,5.9464274989274,10,"experience",10,"short_exposure"
"66b68e2b2c21a7ed557cf866",92,10,5.9464274989274,10,"experience",10,"short_exposure"
"66b68e2b2c21a7ed557cf866",93,20,5.5,20,"experience",20,"short_exposure"
"66b68e2b2c21a7ed557cf866",94,10,5.9464274989274,10,"experience",10,"short_exposure"
"66b68e2b2c21a7ed557cf866",95,20,5.5,20,"experience",20,"short_exposure"
"66b68e2b2c21a7ed557cf866",96,20,5.5,20,"experience",20,"short_exposure"
"66b68e2b2c21a7ed557cf866",97,10,5.9464274989274,10,"experience",10,"short_exposure"
"66b68e2b2c21a7ed557cf866",98,2,4,2,"experience",2,"short_exposure"
"66b68e2b2c21a7ed557cf866",99,20,5.5,20,"experience",20,"short_exposure"
"66b68e2b2c21a7ed557cf866",100,20,5.5,20,"experience",20,"short_exposure"
"66b68e2b2c21a7ed557cf866",101,10,5.9464274989274,10,"experience",10,"short_exposure"
"66b68e2b2c21a7ed557cf866",102,20,5.5,20,"experience",20,"short_exposure"
"66b68e2b2c21a7ed557cf866",103,10,5.9464274989274,10,"experience",10,"short_exposure"
"66b68e2b2c21a7ed557cf866",104,10,5.9464274989274,10,"experience",10,"short_exposure"
"66b68e2b2c21a7ed557cf866",105,2,4,2,"experience",2,"short_exposure"
"66b68e2b2c21a7ed557cf866",106,20,5.5,20,"experience",20,"short_exposure"
"66b68e2b2c21a7ed557cf866",107,10,5.9464274989274,10,"experience",10,"short_exposure"
"66b68e2b2c21a7ed557cf866",108,2,4,2,"experience",2,"short_exposure"
"66b68e2b2c21a7ed557cf866",109,20,5.5,20,"experience",20,"short_exposure"
"66b68e2b2c21a7ed557cf866",110,10,5.9464274989274,10,"experience",10,"short_exposure"
"66b68e2b2c21a7ed557cf866",111,2,4,2,"experience",2,"short_exposure"
"66b68e2b2c21a7ed557cf866",112,2,4,2,"experience",2,"short_exposure"
"66b68e2b2c21a7ed557cf866",113,2,4,2,"experience",2,"short_exposure"
"66b68e2b2c21a7ed557cf866",114,20,5.5,20,"experience",20,"short_exposure"
"66b68e2b2c21a7ed557cf866",115,2,4,2,"experience",2,"short_exposure"
"66b68e2b2c21a7ed557cf866",116,2,4,2,"experience",2,"short_exposure"
"641e62a8191451d08e6c08f7",1,10,6.08604962188118,10,"experience",10,"short_exposure"
"641e62a8191451d08e6c08f7",15,10,5.78273291792038,10,"experience",10,"short_exposure"
"641e62a8191451d08e6c08f7",16,2,1.5,2,"experience",2,"short_exposure"
"641e62a8191451d08e6c08f7",18,10,5.19615242270663,10,"experience",10,"short_exposure"
"641e62a8191451d08e6c08f7",21,10,5.9464274989274,10,"experience",10,"short_exposure"
"641e62a8191451d08e6c08f7",22,2,4,2,"experience",2,"short_exposure"
"641e62a8191451d08e6c08f7",23,20,5.5,20,"experience",20,"short_exposure"
"641e62a8191451d08e6c08f7",24,2,4,2,"experience",2,"short_exposure"
"641e62a8191451d08e6c08f7",25,10,5.9464274989274,10,"experience",10,"short_exposure"
"641e62a8191451d08e6c08f7",26,2,4,2,"experience",2,"short_exposure"
"641e62a8191451d08e6c08f7",27,2,4,2,"experience",2,"short_exposure"
"641e62a8191451d08e6c08f7",28,2,4,2,"experience",2,"short_exposure"
"641e62a8191451d08e6c08f7",29,20,5.5,20,"experience",20,"short_exposure"
"641e62a8191451d08e6c08f7",30,10,5.9464274989274,10,"experience",10,"short_exposure"
"641e62a8191451d08e6c08f7",31,20,5.5,20,"experience",20,"short_exposure"
"641e62a8191451d08e6c08f7",32,2,4,2,"experience",2,"short_exposure"
"641e62a8191451d08e6c08f7",33,10,5.9464274989274,10,"experience",10,"short_exposure"
"641e62a8191451d08e6c08f7",34,2,4,2,"experience",2,"short_exposure"
"641e62a8191451d08e6c08f7",35,10,5.9464274989274,10,"experience",10,"short_exposure"
"641e62a8191451d08e6c08f7",36,10,5.9464274989274,10,"experience",10,"short_exposure"
"641e62a8191451d08e6c08f7",37,10,5.9464274989274,10,"experience",10,"short_exposure"
"641e62a8191451d08e6c08f7",38,20,5.5,20,"experience",20,"short_exposure"
"641e62a8191451d08e6c08f7",39,20,5.5,20,"experience",20,"short_exposure"
"641e62a8191451d08e6c08f7",40,10,5.9464274989274,10,"experience",10,"short_exposure"
"641e62a8191451d08e6c08f7",41,10,5.9464274989274,10,"experience",10,"short_exposure"
"641e62a8191451d08e6c08f7",42,20,5.5,20,"experience",20,"short_exposure"
"641e62a8191451d08e6c08f7",43,20,5.5,20,"experience",20,"short_exposure"
"641e62a8191451d08e6c08f7",44,20,5.5,20,"experience",20,"short_exposure"
"641e62a8191451d08e6c08f7",45,20,5.5,20,"experience",20,"short_exposure"
"641e62a8191451d08e6c08f7",46,2,4,2,"experience",2,"short_exposure"
"641e62a8191451d08e6c08f7",47,10,5.9464274989274,10,"experience",10,"short_exposure"
"641e62a8191451d08e6c08f7",48,20,5.5,20,"experience",20,"short_exposure"
"641e62a8191451d08e6c08f7",49,20,5.5,20,"experience",20,"short_exposure"
"641e62a8191451d08e6c08f7",50,20,5.5,20,"experience",20,"short_exposure"
"641e62a8191451d08e6c08f7",51,2,4,2,"experience",2,"short_exposure"
"641e62a8191451d08e6c08f7",52,2,4,2,"experience",2,"short_exposure"
"641e62a8191451d08e6c08f7",53,10,5.9464274989274,10,"experience",10,"short_exposure"
"641e62a8191451d08e6c08f7",54,2,4,2,"experience",2,"short_exposure"
"641e62a8191451d08e6c08f7",55,20,5.5,20,"experience",20,"short_exposure"
"641e62a8191451d08e6c08f7",56,20,5.5,20,"experience",20,"short_exposure"
"641e62a8191451d08e6c08f7",57,10,5.9464274989274,10,"experience",10,"short_exposure"
"641e62a8191451d08e6c08f7",58,20,5.5,20,"experience",20,"short_exposure"
"641e62a8191451d08e6c08f7",59,2,4,2,"experience",2,"short_exposure"
"641e62a8191451d08e6c08f7",60,2,4,2,"experience",2,"short_exposure"
"641e62a8191451d08e6c08f7",61,10,5.9464274989274,10,"experience",10,"short_exposure"
"641e62a8191451d08e6c08f7",62,2,4,2,"experience",2,"short_exposure"
"641e62a8191451d08e6c08f7",63,10,5.9464274989274,10,"experience",10,"short_exposure"
"641e62a8191451d08e6c08f7",64,20,5.5,20,"experience",20,"short_exposure"
"641e62a8191451d08e6c08f7",65,2,4,2,"experience",2,"short_exposure"
"641e62a8191451d08e6c08f7",66,10,5.9464274989274,10,"experience",10,"short_exposure"
"641e62a8191451d08e6c08f7",67,2,4,2,"experience",2,"short_exposure"
"641e62a8191451d08e6c08f7",68,10,5.9464274989274,10,"experience",10,"short_exposure"
"641e62a8191451d08e6c08f7",69,10,5.9464274989274,10,"experience",10,"short_exposure"
"641e62a8191451d08e6c08f7",70,10,5.9464274989274,10,"experience",10,"short_exposure"
"641e62a8191451d08e6c08f7",71,20,5.5,20,"experience",20,"short_exposure"
"641e62a8191451d08e6c08f7",72,20,5.5,20,"experience",20,"short_exposure"
"641e62a8191451d08e6c08f7",73,20,5.5,20,"experience",20,"short_exposure"
"641e62a8191451d08e6c08f7",74,20,5.5,20,"experience",20,"short_exposure"
"641e62a8191451d08e6c08f7",75,2,4,2,"experience",2,"short_exposure"
"641e62a8191451d08e6c08f7",76,2,4,2,"experience",2,"short_exposure"
"641e62a8191451d08e6c08f7",77,10,5.9464274989274,10,"experience",10,"short_exposure"
"641e62a8191451d08e6c08f7",78,10,5.9464274989274,10,"experience",10,"short_exposure"
"641e62a8191451d08e6c08f7",79,20,5.5,20,"experience",20,"short_exposure"
"641e62a8191451d08e6c08f7",80,20,5.5,20,"experience",20,"short_exposure"
"641e62a8191451d08e6c08f7",81,2,4,2,"experience",2,"short_exposure"
"641e62a8191451d08e6c08f7",82,2,4,2,"experience",2,"short_exposure"
"641e62a8191451d08e6c08f7",83,10,5.9464274989274,10,"experience",10,"short_exposure"
"641e62a8191451d08e6c08f7",84,10,5.9464274989274,10,"experience",10,"short_exposure"
"641e62a8191451d08e6c08f7",85,2,4,2,"experience",2,"short_exposure"
"641e62a8191451d08e6c08f7",86,20,5.5,20,"experience",20,"short_exposure"
"641e62a8191451d08e6c08f7",87,10,5.9464274989274,10,"experience",10,"short_exposure"
"641e62a8191451d08e6c08f7",88,2,4,2,"experience",2,"short_exposure"
"641e62a8191451d08e6c08f7",89,20,5.5,20,"experience",20,"short_exposure"
"641e62a8191451d08e6c08f7",90,2,4,2,"experience",2,"short_exposure"
"641e62a8191451d08e6c08f7",91,20,5.5,20,"experience",20,"short_exposure"
"641e62a8191451d08e6c08f7",92,20,5.5,20,"experience",20,"short_exposure"
"641e62a8191451d08e6c08f7",93,2,4,2,"experience",2,"short_exposure"
"641e62a8191451d08e6c08f7",94,10,5.9464274989274,10,"experience",10,"short_exposure"
"641e62a8191451d08e6c08f7",95,2,4,2,"experience",2,"short_exposure"
"641e62a8191451d08e6c08f7",96,20,5.5,20,"experience",20,"short_exposure"
"641e62a8191451d08e6c08f7",97,2,4,2,"experience",2,"short_exposure"
"641e62a8191451d08e6c08f7",98,2,4,2,"experience",2,"short_exposure"
"641e62a8191451d08e6c08f7",99,10,5.9464274989274,10,"experience",10,"short_exposure"
"641e62a8191451d08e6c08f7",100,20,5.5,20,"experience",20,"short_exposure"
"641e62a8191451d08e6c08f7",101,10,5.9464274989274,10,"experience",10,"short_exposure"
"641e62a8191451d08e6c08f7",102,2,4,2,"experience",2,"short_exposure"
"641e62a8191451d08e6c08f7",103,10,5.9464274989274,10,"experience",10,"short_exposure"
"641e62a8191451d08e6c08f7",104,2,4,2,"experience",2,"short_exposure"
"641e62a8191451d08e6c08f7",105,10,5.9464274989274,10,"experience",10,"short_exposure"
"641e62a8191451d08e6c08f7",106,20,5.5,20,"experience",20,"short_exposure"
"641e62a8191451d08e6c08f7",107,10,5.9464274989274,10,"experience",10,"short_exposure"
"641e62a8191451d08e6c08f7",108,10,5.9464274989274,10,"experience",10,"short_exposure"
"641e62a8191451d08e6c08f7",109,2,4,2,"experience",2,"short_exposure"
"641e62a8191451d08e6c08f7",110,10,5.9464274989274,10,"experience",10,"short_exposure"
"641e62a8191451d08e6c08f7",111,20,5.5,20,"experience",20,"short_exposure"
"641e62a8191451d08e6c08f7",112,20,5.5,20,"experience",20,"short_exposure"
"641e62a8191451d08e6c08f7",113,2,4,2,"experience",2,"short_exposure"
"641e62a8191451d08e6c08f7",114,10,5.9464274989274,10,"experience",10,"short_exposure"
"641e62a8191451d08e6c08f7",115,20,5.5,20,"experience",20,"short_exposure"
"641e62a8191451d08e6c08f7",116,2,4,2,"experience",2,"short_exposure"
"5d6b2515783298001a763157",2,10,4.77598157450382,10,"experience",10,"short_exposure"
"5d6b2515783298001a763157",4,10,6.26178888178131,10,"experience",10,"short_exposure"
"5d6b2515783298001a763157",5,2,4,2,"experience",2,"short_exposure"
"5d6b2515783298001a763157",21,20,5.5,20,"experience",20,"short_exposure"
"5d6b2515783298001a763157",22,2,4,2,"experience",2,"short_exposure"
"5d6b2515783298001a763157",23,2,4,2,"experience",2,"short_exposure"
"5d6b2515783298001a763157",24,10,5.9464274989274,10,"experience",10,"short_exposure"
"5d6b2515783298001a763157",25,2,4,2,"experience",2,"short_exposure"
"5d6b2515783298001a763157",26,10,5.9464274989274,10,"experience",10,"short_exposure"
"5d6b2515783298001a763157",27,20,5.5,20,"experience",20,"short_exposure"
"5d6b2515783298001a763157",28,2,4,2,"experience",2,"short_exposure"
"5d6b2515783298001a763157",29,2,4,2,"experience",2,"short_exposure"
"5d6b2515783298001a763157",30,2,4,2,"experience",2,"short_exposure"
"5d6b2515783298001a763157",31,20,5.5,20,"experience",20,"short_exposure"
"5d6b2515783298001a763157",32,10,5.9464274989274,10,"experience",10,"short_exposure"
"5d6b2515783298001a763157",33,10,5.9464274989274,10,"experience",10,"short_exposure"
"5d6b2515783298001a763157",34,2,4,2,"experience",2,"short_exposure"
"5d6b2515783298001a763157",35,10,5.9464274989274,10,"experience",10,"short_exposure"
"5d6b2515783298001a763157",36,20,5.5,20,"experience",20,"short_exposure"
"5d6b2515783298001a763157",37,2,4,2,"experience",2,"short_exposure"
"5d6b2515783298001a763157",38,20,5.5,20,"experience",20,"short_exposure"
"5d6b2515783298001a763157",39,2,4,2,"experience",2,"short_exposure"
"5d6b2515783298001a763157",40,2,4,2,"experience",2,"short_exposure"
"5d6b2515783298001a763157",41,2,4,2,"experience",2,"short_exposure"
"5d6b2515783298001a763157",42,20,5.5,20,"experience",20,"short_exposure"
"5d6b2515783298001a763157",43,20,5.5,20,"experience",20,"short_exposure"
"5d6b2515783298001a763157",44,20,5.5,20,"experience",20,"short_exposure"
"5d6b2515783298001a763157",45,2,4,2,"experience",2,"short_exposure"
"5d6b2515783298001a763157",46,2,4,2,"experience",2,"short_exposure"
"5d6b2515783298001a763157",47,20,5.5,20,"experience",20,"short_exposure"
"5d6b2515783298001a763157",48,20,5.5,20,"experience",20,"short_exposure"
"5d6b2515783298001a763157",49,10,5.9464274989274,10,"experience",10,"short_exposure"
"5d6b2515783298001a763157",50,2,4,2,"experience",2,"short_exposure"
"5d6b2515783298001a763157",51,10,5.9464274989274,10,"experience",10,"short_exposure"
"5d6b2515783298001a763157",52,10,5.9464274989274,10,"experience",10,"short_exposure"
"5d6b2515783298001a763157",53,10,5.9464274989274,10,"experience",10,"short_exposure"
"5d6b2515783298001a763157",54,10,5.9464274989274,10,"experience",10,"short_exposure"
"5d6b2515783298001a763157",55,2,4,2,"experience",2,"short_exposure"
"5d6b2515783298001a763157",56,10,5.9464274989274,10,"experience",10,"short_exposure"
"5d6b2515783298001a763157",57,20,5.5,20,"experience",20,"short_exposure"
"5d6b2515783298001a763157",58,10,5.9464274989274,10,"experience",10,"short_exposure"
"5d6b2515783298001a763157",59,10,5.9464274989274,10,"experience",10,"short_exposure"
"5d6b2515783298001a763157",60,20,5.5,20,"experience",20,"short_exposure"
"5d6b2515783298001a763157",61,2,4,2,"experience",2,"short_exposure"
"5d6b2515783298001a763157",62,10,5.9464274989274,10,"experience",10,"short_exposure"
"5d6b2515783298001a763157",63,20,5.5,20,"experience",20,"short_exposure"
"5d6b2515783298001a763157",64,10,5.9464274989274,10,"experience",10,"short_exposure"
"5d6b2515783298001a763157",65,20,5.5,20,"experience",20,"short_exposure"
"5d6b2515783298001a763157",66,20,5.5,20,"experience",20,"short_exposure"
"5d6b2515783298001a763157",67,10,5.9464274989274,10,"experience",10,"short_exposure"
"5d6b2515783298001a763157",68,20,5.5,20,"experience",20,"short_exposure"
"5d6b2515783298001a763157",69,2,4,2,"experience",2,"short_exposure"
"5d6b2515783298001a763157",70,2,4,2,"experience",2,"short_exposure"
"5d6b2515783298001a763157",71,10,5.9464274989274,10,"experience",10,"short_exposure"
"5d6b2515783298001a763157",72,10,5.9464274989274,10,"experience",10,"short_exposure"
"5d6b2515783298001a763157",73,2,4,2,"experience",2,"short_exposure"
"5d6b2515783298001a763157",74,10,5.9464274989274,10,"experience",10,"short_exposure"
"5d6b2515783298001a763157",75,2,4,2,"experience",2,"short_exposure"
"5d6b2515783298001a763157",76,20,5.5,20,"experience",20,"short_exposure"
"5d6b2515783298001a763157",77,2,4,2,"experience",2,"short_exposure"
"5d6b2515783298001a763157",78,20,5.5,20,"experience",20,"short_exposure"
"5d6b2515783298001a763157",79,2,4,2,"experience",2,"short_exposure"
"5d6b2515783298001a763157",80,10,5.9464274989274,10,"experience",10,"short_exposure"
"5d6b2515783298001a763157",81,2,4,2,"experience",2,"short_exposure"
"5d6b2515783298001a763157",82,2,4,2,"experience",2,"short_exposure"
"5d6b2515783298001a763157",83,20,5.5,20,"experience",20,"short_exposure"
"5d6b2515783298001a763157",84,20,5.5,20,"experience",20,"short_exposure"
"5d6b2515783298001a763157",85,2,4,2,"experience",2,"short_exposure"
"5d6b2515783298001a763157",86,10,5.9464274989274,10,"experience",10,"short_exposure"
"5d6b2515783298001a763157",87,10,5.9464274989274,10,"experience",10,"short_exposure"
"5d6b2515783298001a763157",88,20,5.5,20,"experience",20,"short_exposure"
"5d6b2515783298001a763157",89,10,5.9464274989274,10,"experience",10,"short_exposure"
"5d6b2515783298001a763157",90,20,5.5,20,"experience",20,"short_exposure"
"5d6b2515783298001a763157",91,20,5.5,20,"experience",20,"short_exposure"
"5d6b2515783298001a763157",92,10,5.9464274989274,10,"experience",10,"short_exposure"
"5d6b2515783298001a763157",93,20,5.5,20,"experience",20,"short_exposure"
"5d6b2515783298001a763157",94,10,5.9464274989274,10,"experience",10,"short_exposure"
"5d6b2515783298001a763157",95,20,5.5,20,"experience",20,"short_exposure"
"5d6b2515783298001a763157",96,2,4,2,"experience",2,"short_exposure"
"5d6b2515783298001a763157",97,20,5.5,20,"experience",20,"short_exposure"
"5d6b2515783298001a763157",98,10,5.9464274989274,10,"experience",10,"short_exposure"
"5d6b2515783298001a763157",99,10,5.9464274989274,10,"experience",10,"short_exposure"
"5d6b2515783298001a763157",100,10,5.9464274989274,10,"experience",10,"short_exposure"
"5d6b2515783298001a763157",101,20,5.5,20,"experience",20,"short_exposure"
"5d6b2515783298001a763157",102,10,5.9464274989274,10,"experience",10,"short_exposure"
"5d6b2515783298001a763157",103,10,5.9464274989274,10,"experience",10,"short_exposure"
"5d6b2515783298001a763157",104,20,5.5,20,"experience",20,"short_exposure"
"5d6b2515783298001a763157",105,2,4,2,"experience",2,"short_exposure"
"5d6b2515783298001a763157",106,2,4,2,"experience",2,"short_exposure"
"5d6b2515783298001a763157",107,2,4,2,"experience",2,"short_exposure"
"5d6b2515783298001a763157",108,2,4,2,"experience",2,"short_exposure"
"5d6b2515783298001a763157",109,20,5.5,20,"experience",20,"short_exposure"
"5d6b2515783298001a763157",110,20,5.5,20,"experience",20,"short_exposure"
"5d6b2515783298001a763157",111,2,4,2,"experience",2,"short_exposure"
"5d6b2515783298001a763157",112,2,4,2,"experience",2,"short_exposure"
"5d6b2515783298001a763157",113,10,5.9464274989274,10,"experience",10,"short_exposure"
"5d6b2515783298001a763157",114,10,5.9464274989274,10,"experience",10,"short_exposure"
"5d6b2515783298001a763157",115,20,5.5,20,"experience",20,"short_exposure"
"5d6b2515783298001a763157",116,20,5.5,20,"experience",20,"short_exposure"
"65a2bc0d60b1e46f4e1d3cc8",2,10,4.27200187265877,10,"experience",10,"short_exposure"
"65a2bc0d60b1e46f4e1d3cc8",6,10,5.87877538267963,10,"experience",10,"short_exposure"
"65a2bc0d60b1e46f4e1d3cc8",20,10,5.46260011349907,10,"experience",10,"short_exposure"
"65a2bc0d60b1e46f4e1d3cc8",21,2,4,2,"experience",2,"short_exposure"
"65a2bc0d60b1e46f4e1d3cc8",22,2,4,2,"experience",2,"short_exposure"
"65a2bc0d60b1e46f4e1d3cc8",23,10,5.9464274989274,10,"experience",10,"short_exposure"
"65a2bc0d60b1e46f4e1d3cc8",24,10,5.9464274989274,10,"experience",10,"short_exposure"
"65a2bc0d60b1e46f4e1d3cc8",25,10,5.9464274989274,10,"experience",10,"short_exposure"
"65a2bc0d60b1e46f4e1d3cc8",26,2,4,2,"experience",2,"short_exposure"
"65a2bc0d60b1e46f4e1d3cc8",27,2,4,2,"experience",2,"short_exposure"
"65a2bc0d60b1e46f4e1d3cc8",28,20,5.5,20,"experience",20,"short_exposure"
"65a2bc0d60b1e46f4e1d3cc8",29,10,5.9464274989274,10,"experience",10,"short_exposure"
"65a2bc0d60b1e46f4e1d3cc8",30,20,5.5,20,"experience",20,"short_exposure"
"65a2bc0d60b1e46f4e1d3cc8",31,2,4,2,"experience",2,"short_exposure"
"65a2bc0d60b1e46f4e1d3cc8",32,20,5.5,20,"experience",20,"short_exposure"
"65a2bc0d60b1e46f4e1d3cc8",33,10,5.9464274989274,10,"experience",10,"short_exposure"
"65a2bc0d60b1e46f4e1d3cc8",34,2,4,2,"experience",2,"short_exposure"
"65a2bc0d60b1e46f4e1d3cc8",35,2,4,2,"experience",2,"short_exposure"
"65a2bc0d60b1e46f4e1d3cc8",36,20,5.5,20,"experience",20,"short_exposure"
"65a2bc0d60b1e46f4e1d3cc8",37,10,5.9464274989274,10,"experience",10,"short_exposure"
"65a2bc0d60b1e46f4e1d3cc8",38,10,5.9464274989274,10,"experience",10,"short_exposure"
"65a2bc0d60b1e46f4e1d3cc8",39,2,4,2,"experience",2,"short_exposure"
"65a2bc0d60b1e46f4e1d3cc8",40,2,4,2,"experience",2,"short_exposure"
"65a2bc0d60b1e46f4e1d3cc8",41,10,5.9464274989274,10,"experience",10,"short_exposure"
"65a2bc0d60b1e46f4e1d3cc8",42,10,5.9464274989274,10,"experience",10,"short_exposure"
"65a2bc0d60b1e46f4e1d3cc8",43,20,5.5,20,"experience",20,"short_exposure"
"65a2bc0d60b1e46f4e1d3cc8",44,10,5.9464274989274,10,"experience",10,"short_exposure"
"65a2bc0d60b1e46f4e1d3cc8",45,2,4,2,"experience",2,"short_exposure"
"65a2bc0d60b1e46f4e1d3cc8",46,20,5.5,20,"experience",20,"short_exposure"
"65a2bc0d60b1e46f4e1d3cc8",47,20,5.5,20,"experience",20,"short_exposure"
"65a2bc0d60b1e46f4e1d3cc8",48,20,5.5,20,"experience",20,"short_exposure"
"65a2bc0d60b1e46f4e1d3cc8",49,20,5.5,20,"experience",20,"short_exposure"
"65a2bc0d60b1e46f4e1d3cc8",50,20,5.5,20,"experience",20,"short_exposure"
"65a2bc0d60b1e46f4e1d3cc8",51,2,4,2,"experience",2,"short_exposure"
"65a2bc0d60b1e46f4e1d3cc8",52,10,5.9464274989274,10,"experience",10,"short_exposure"
"65a2bc0d60b1e46f4e1d3cc8",53,20,5.5,20,"experience",20,"short_exposure"
"65a2bc0d60b1e46f4e1d3cc8",54,2,4,2,"experience",2,"short_exposure"
"65a2bc0d60b1e46f4e1d3cc8",55,2,4,2,"experience",2,"short_exposure"
"65a2bc0d60b1e46f4e1d3cc8",56,2,4,2,"experience",2,"short_exposure"
"65a2bc0d60b1e46f4e1d3cc8",57,10,5.9464274989274,10,"experience",10,"short_exposure"
"65a2bc0d60b1e46f4e1d3cc8",58,10,5.9464274989274,10,"experience",10,"short_exposure"
"65a2bc0d60b1e46f4e1d3cc8",59,20,5.5,20,"experience",20,"short_exposure"
"65a2bc0d60b1e46f4e1d3cc8",60,20,5.5,20,"experience",20,"short_exposure"
"65a2bc0d60b1e46f4e1d3cc8",61,20,5.5,20,"experience",20,"short_exposure"
"65a2bc0d60b1e46f4e1d3cc8",62,2,4,2,"experience",2,"short_exposure"
"65a2bc0d60b1e46f4e1d3cc8",63,20,5.5,20,"experience",20,"short_exposure"
"65a2bc0d60b1e46f4e1d3cc8",64,2,4,2,"experience",2,"short_exposure"
"65a2bc0d60b1e46f4e1d3cc8",65,10,5.9464274989274,10,"experience",10,"short_exposure"
"65a2bc0d60b1e46f4e1d3cc8",66,10,5.9464274989274,10,"experience",10,"short_exposure"
"65a2bc0d60b1e46f4e1d3cc8",67,10,5.9464274989274,10,"experience",10,"short_exposure"
"65a2bc0d60b1e46f4e1d3cc8",68,20,5.5,20,"experience",20,"short_exposure"
"65a2bc0d60b1e46f4e1d3cc8",69,2,4,2,"experience",2,"short_exposure"
"65a2bc0d60b1e46f4e1d3cc8",70,2,4,2,"experience",2,"short_exposure"
"65a2bc0d60b1e46f4e1d3cc8",71,20,5.5,20,"experience",20,"short_exposure"
"65a2bc0d60b1e46f4e1d3cc8",72,2,4,2,"experience",2,"short_exposure"
"65a2bc0d60b1e46f4e1d3cc8",73,20,5.5,20,"experience",20,"short_exposure"
"65a2bc0d60b1e46f4e1d3cc8",74,2,4,2,"experience",2,"short_exposure"
"65a2bc0d60b1e46f4e1d3cc8",75,10,5.9464274989274,10,"experience",10,"short_exposure"
"65a2bc0d60b1e46f4e1d3cc8",76,20,5.5,20,"experience",20,"short_exposure"
"65a2bc0d60b1e46f4e1d3cc8",77,10,5.9464274989274,10,"experience",10,"short_exposure"
"65a2bc0d60b1e46f4e1d3cc8",78,2,4,2,"experience",2,"short_exposure"
"65a2bc0d60b1e46f4e1d3cc8",79,20,5.5,20,"experience",20,"short_exposure"
"65a2bc0d60b1e46f4e1d3cc8",80,20,5.5,20,"experience",20,"short_exposure"
"65a2bc0d60b1e46f4e1d3cc8",81,20,5.5,20,"experience",20,"short_exposure"
"65a2bc0d60b1e46f4e1d3cc8",82,20,5.5,20,"experience",20,"short_exposure"
"65a2bc0d60b1e46f4e1d3cc8",83,10,5.9464274989274,10,"experience",10,"short_exposure"
"65a2bc0d60b1e46f4e1d3cc8",84,10,5.9464274989274,10,"experience",10,"short_exposure"
"65a2bc0d60b1e46f4e1d3cc8",85,10,5.9464274989274,10,"experience",10,"short_exposure"
"65a2bc0d60b1e46f4e1d3cc8",86,2,4,2,"experience",2,"short_exposure"
"65a2bc0d60b1e46f4e1d3cc8",87,2,4,2,"experience",2,"short_exposure"
"65a2bc0d60b1e46f4e1d3cc8",88,2,4,2,"experience",2,"short_exposure"
"65a2bc0d60b1e46f4e1d3cc8",89,10,5.9464274989274,10,"experience",10,"short_exposure"
"65a2bc0d60b1e46f4e1d3cc8",90,2,4,2,"experience",2,"short_exposure"
"65a2bc0d60b1e46f4e1d3cc8",91,20,5.5,20,"experience",20,"short_exposure"
"65a2bc0d60b1e46f4e1d3cc8",92,10,5.9464274989274,10,"experience",10,"short_exposure"
"65a2bc0d60b1e46f4e1d3cc8",93,2,4,2,"experience",2,"short_exposure"
"65a2bc0d60b1e46f4e1d3cc8",94,2,4,2,"experience",2,"short_exposure"
"65a2bc0d60b1e46f4e1d3cc8",95,2,4,2,"experience",2,"short_exposure"
"65a2bc0d60b1e46f4e1d3cc8",96,20,5.5,20,"experience",20,"short_exposure"
"65a2bc0d60b1e46f4e1d3cc8",97,2,4,2,"experience",2,"short_exposure"
"65a2bc0d60b1e46f4e1d3cc8",98,20,5.5,20,"experience",20,"short_exposure"
"65a2bc0d60b1e46f4e1d3cc8",99,10,5.9464274989274,10,"experience",10,"short_exposure"
"65a2bc0d60b1e46f4e1d3cc8",100,10,5.9464274989274,10,"experience",10,"short_exposure"
"65a2bc0d60b1e46f4e1d3cc8",101,10,5.9464274989274,10,"experience",10,"short_exposure"
"65a2bc0d60b1e46f4e1d3cc8",102,10,5.9464274989274,10,"experience",10,"short_exposure"
"65a2bc0d60b1e46f4e1d3cc8",103,10,5.9464274989274,10,"experience",10,"short_exposure"
"65a2bc0d60b1e46f4e1d3cc8",104,10,5.9464274989274,10,"experience",10,"short_exposure"
"65a2bc0d60b1e46f4e1d3cc8",105,20,5.5,20,"experience",20,"short_exposure"
"65a2bc0d60b1e46f4e1d3cc8",106,2,4,2,"experience",2,"short_exposure"
"65a2bc0d60b1e46f4e1d3cc8",107,10,5.9464274989274,10,"experience",10,"short_exposure"
"65a2bc0d60b1e46f4e1d3cc8",108,20,5.5,20,"experience",20,"short_exposure"
"65a2bc0d60b1e46f4e1d3cc8",109,20,5.5,20,"experience",20,"short_exposure"
"65a2bc0d60b1e46f4e1d3cc8",110,10,5.9464274989274,10,"experience",10,"short_exposure"
"65a2bc0d60b1e46f4e1d3cc8",111,2,4,2,"experience",2,"short_exposure"
"65a2bc0d60b1e46f4e1d3cc8",112,20,5.5,20,"experience",20,"short_exposure"
"65a2bc0d60b1e46f4e1d3cc8",113,2,4,2,"experience",2,"short_exposure"
"65a2bc0d60b1e46f4e1d3cc8",114,20,5.5,20,"experience",20,"short_exposure"
"65a2bc0d60b1e46f4e1d3cc8",115,10,5.9464274989274,10,"experience",10,"short_exposure"
"65a2bc0d60b1e46f4e1d3cc8",116,20,5.5,20,"experience",20,"short_exposure"
"5b6db9e0580154000153cc64",10,2,1.5,2,"experience",2,"short_exposure"
"5b6db9e0580154000153cc64",13,10,4.58257569495584,10,"experience",10,"short_exposure"
"5b6db9e0580154000153cc64",20,2,2,2,"experience",2,"short_exposure"
"5b6db9e0580154000153cc64",21,20,5.5,20,"experience",20,"short_exposure"
"5b6db9e0580154000153cc64",22,2,4,2,"experience",2,"short_exposure"
"5b6db9e0580154000153cc64",23,10,5.9464274989274,10,"experience",10,"short_exposure"
"5b6db9e0580154000153cc64",24,10,5.9464274989274,10,"experience",10,"short_exposure"
"5b6db9e0580154000153cc64",25,2,4,2,"experience",2,"short_exposure"
"5b6db9e0580154000153cc64",26,20,5.5,20,"experience",20,"short_exposure"
"5b6db9e0580154000153cc64",27,10,5.9464274989274,10,"experience",10,"short_exposure"
"5b6db9e0580154000153cc64",28,10,5.9464274989274,10,"experience",10,"short_exposure"
"5b6db9e0580154000153cc64",29,20,5.5,20,"experience",20,"short_exposure"
"5b6db9e0580154000153cc64",30,2,4,2,"experience",2,"short_exposure"
"5b6db9e0580154000153cc64",31,20,5.5,20,"experience",20,"short_exposure"
"5b6db9e0580154000153cc64",32,10,5.9464274989274,10,"experience",10,"short_exposure"
"5b6db9e0580154000153cc64",33,2,4,2,"experience",2,"short_exposure"
"5b6db9e0580154000153cc64",34,10,5.9464274989274,10,"experience",10,"short_exposure"
"5b6db9e0580154000153cc64",35,20,5.5,20,"experience",20,"short_exposure"
"5b6db9e0580154000153cc64",36,20,5.5,20,"experience",20,"short_exposure"
"5b6db9e0580154000153cc64",37,2,4,2,"experience",2,"short_exposure"
"5b6db9e0580154000153cc64",38,2,4,2,"experience",2,"short_exposure"
"5b6db9e0580154000153cc64",39,10,5.9464274989274,10,"experience",10,"short_exposure"
"5b6db9e0580154000153cc64",40,20,5.5,20,"experience",20,"short_exposure"
"5b6db9e0580154000153cc64",41,20,5.5,20,"experience",20,"short_exposure"
"5b6db9e0580154000153cc64",42,20,5.5,20,"experience",20,"short_exposure"
"5b6db9e0580154000153cc64",43,2,4,2,"experience",2,"short_exposure"
"5b6db9e0580154000153cc64",44,10,5.9464274989274,10,"experience",10,"short_exposure"
"5b6db9e0580154000153cc64",45,10,5.9464274989274,10,"experience",10,"short_exposure"
"5b6db9e0580154000153cc64",46,20,5.5,20,"experience",20,"short_exposure"
"5b6db9e0580154000153cc64",47,10,5.9464274989274,10,"experience",10,"short_exposure"
"5b6db9e0580154000153cc64",48,10,5.9464274989274,10,"experience",10,"short_exposure"
"5b6db9e0580154000153cc64",49,2,4,2,"experience",2,"short_exposure"
"5b6db9e0580154000153cc64",50,2,4,2,"experience",2,"short_exposure"
"5b6db9e0580154000153cc64",51,2,4,2,"experience",2,"short_exposure"
"5b6db9e0580154000153cc64",52,20,5.5,20,"experience",20,"short_exposure"
"5b6db9e0580154000153cc64",53,20,5.5,20,"experience",20,"short_exposure"
"5b6db9e0580154000153cc64",54,10,5.9464274989274,10,"experience",10,"short_exposure"
"5b6db9e0580154000153cc64",55,10,5.9464274989274,10,"experience",10,"short_exposure"
"5b6db9e0580154000153cc64",56,20,5.5,20,"experience",20,"short_exposure"
"5b6db9e0580154000153cc64",57,10,5.9464274989274,10,"experience",10,"short_exposure"
"5b6db9e0580154000153cc64",58,2,4,2,"experience",2,"short_exposure"
"5b6db9e0580154000153cc64",59,2,4,2,"experience",2,"short_exposure"
"5b6db9e0580154000153cc64",60,2,4,2,"experience",2,"short_exposure"
"5b6db9e0580154000153cc64",61,10,5.9464274989274,10,"experience",10,"short_exposure"
"5b6db9e0580154000153cc64",62,20,5.5,20,"experience",20,"short_exposure"
"5b6db9e0580154000153cc64",63,2,4,2,"experience",2,"short_exposure"
"5b6db9e0580154000153cc64",64,10,5.9464274989274,10,"experience",10,"short_exposure"
"5b6db9e0580154000153cc64",65,2,4,2,"experience",2,"short_exposure"
"5b6db9e0580154000153cc64",66,2,4,2,"experience",2,"short_exposure"
"5b6db9e0580154000153cc64",67,20,5.5,20,"experience",20,"short_exposure"
"5b6db9e0580154000153cc64",68,20,5.5,20,"experience",20,"short_exposure"
"5b6db9e0580154000153cc64",69,10,5.9464274989274,10,"experience",10,"short_exposure"
"5b6db9e0580154000153cc64",70,2,4,2,"experience",2,"short_exposure"
"5b6db9e0580154000153cc64",71,10,5.9464274989274,10,"experience",10,"short_exposure"
"5b6db9e0580154000153cc64",72,2,4,2,"experience",2,"short_exposure"
"5b6db9e0580154000153cc64",73,20,5.5,20,"experience",20,"short_exposure"
"5b6db9e0580154000153cc64",74,2,4,2,"experience",2,"short_exposure"
"5b6db9e0580154000153cc64",75,20,5.5,20,"experience",20,"short_exposure"
"5b6db9e0580154000153cc64",76,20,5.5,20,"experience",20,"short_exposure"
"5b6db9e0580154000153cc64",77,10,5.9464274989274,10,"experience",10,"short_exposure"
"5b6db9e0580154000153cc64",78,10,5.9464274989274,10,"experience",10,"short_exposure"
"5b6db9e0580154000153cc64",79,20,5.5,20,"experience",20,"short_exposure"
"5b6db9e0580154000153cc64",80,10,5.9464274989274,10,"experience",10,"short_exposure"
"5b6db9e0580154000153cc64",81,20,5.5,20,"experience",20,"short_exposure"
"5b6db9e0580154000153cc64",82,2,4,2,"experience",2,"short_exposure"
"5b6db9e0580154000153cc64",83,20,5.5,20,"experience",20,"short_exposure"
"5b6db9e0580154000153cc64",84,10,5.9464274989274,10,"experience",10,"short_exposure"
"5b6db9e0580154000153cc64",85,10,5.9464274989274,10,"experience",10,"short_exposure"
"5b6db9e0580154000153cc64",86,2,4,2,"experience",2,"short_exposure"
"5b6db9e0580154000153cc64",87,10,5.9464274989274,10,"experience",10,"short_exposure"
"5b6db9e0580154000153cc64",88,2,4,2,"experience",2,"short_exposure"
"5b6db9e0580154000153cc64",89,20,5.5,20,"experience",20,"short_exposure"
"5b6db9e0580154000153cc64",90,10,5.9464274989274,10,"experience",10,"short_exposure"
"5b6db9e0580154000153cc64",91,2,4,2,"experience",2,"short_exposure"
"5b6db9e0580154000153cc64",92,20,5.5,20,"experience",20,"short_exposure"
"5b6db9e0580154000153cc64",93,2,4,2,"experience",2,"short_exposure"
"5b6db9e0580154000153cc64",94,10,5.9464274989274,10,"experience",10,"short_exposure"
"5b6db9e0580154000153cc64",95,2,4,2,"experience",2,"short_exposure"
"5b6db9e0580154000153cc64",96,20,5.5,20,"experience",20,"short_exposure"
"5b6db9e0580154000153cc64",97,20,5.5,20,"experience",20,"short_exposure"
"5b6db9e0580154000153cc64",98,2,4,2,"experience",2,"short_exposure"
"5b6db9e0580154000153cc64",99,2,4,2,"experience",2,"short_exposure"
"5b6db9e0580154000153cc64",100,10,5.9464274989274,10,"experience",10,"short_exposure"
"5b6db9e0580154000153cc64",101,10,5.9464274989274,10,"experience",10,"short_exposure"
"5b6db9e0580154000153cc64",102,2,4,2,"experience",2,"short_exposure"
"5b6db9e0580154000153cc64",103,20,5.5,20,"experience",20,"short_exposure"
"5b6db9e0580154000153cc64",104,10,5.9464274989274,10,"experience",10,"short_exposure"
"5b6db9e0580154000153cc64",105,10,5.9464274989274,10,"experience",10,"short_exposure"
"5b6db9e0580154000153cc64",106,2,4,2,"experience",2,"short_exposure"
"5b6db9e0580154000153cc64",107,20,5.5,20,"experience",20,"short_exposure"
"5b6db9e0580154000153cc64",108,2,4,2,"experience",2,"short_exposure"
"5b6db9e0580154000153cc64",109,2,4,2,"experience",2,"short_exposure"
"5b6db9e0580154000153cc64",110,2,4,2,"experience",2,"short_exposure"
"5b6db9e0580154000153cc64",111,20,5.5,20,"experience",20,"short_exposure"
"5b6db9e0580154000153cc64",112,20,5.5,20,"experience",20,"short_exposure"
"5b6db9e0580154000153cc64",113,20,5.5,20,"experience",20,"short_exposure"
"5b6db9e0580154000153cc64",114,20,5.5,20,"experience",20,"short_exposure"
"5b6db9e0580154000153cc64",115,10,5.9464274989274,10,"experience",10,"short_exposure"
"5b6db9e0580154000153cc64",116,10,5.9464274989274,10,"experience",10,"short_exposure"
"607668ac450fc6e3025a131d",3,2,0.5,2,"experience",2,"short_exposure"
"607668ac450fc6e3025a131d",5,10,5.57135531087365,10,"experience",10,"short_exposure"
"607668ac450fc6e3025a131d",10,2,1.5,2,"experience",2,"short_exposure"
"607668ac450fc6e3025a131d",13,10,6.16522505671934,10,"experience",10,"short_exposure"
"607668ac450fc6e3025a131d",15,2,2,2,"experience",2,"short_exposure"
"607668ac450fc6e3025a131d",20,2,4,2,"experience",2,"short_exposure"
"607668ac450fc6e3025a131d",21,2,4,2,"experience",2,"short_exposure"
"607668ac450fc6e3025a131d",22,2,4,2,"experience",2,"short_exposure"
"607668ac450fc6e3025a131d",23,20,5.5,20,"experience",20,"short_exposure"
"607668ac450fc6e3025a131d",24,2,4,2,"experience",2,"short_exposure"
"607668ac450fc6e3025a131d",25,10,5.9464274989274,10,"experience",10,"short_exposure"
"607668ac450fc6e3025a131d",26,2,4,2,"experience",2,"short_exposure"
"607668ac450fc6e3025a131d",27,2,4,2,"experience",2,"short_exposure"
"607668ac450fc6e3025a131d",28,10,5.9464274989274,10,"experience",10,"short_exposure"
"607668ac450fc6e3025a131d",29,20,5.5,20,"experience",20,"short_exposure"
"607668ac450fc6e3025a131d",30,10,5.9464274989274,10,"experience",10,"short_exposure"
"607668ac450fc6e3025a131d",31,20,5.5,20,"experience",20,"short_exposure"
"607668ac450fc6e3025a131d",32,20,5.5,20,"experience",20,"short_exposure"
"607668ac450fc6e3025a131d",33,10,5.9464274989274,10,"experience",10,"short_exposure"
"607668ac450fc6e3025a131d",34,20,5.5,20,"experience",20,"short_exposure"
"607668ac450fc6e3025a131d",35,20,5.5,20,"experience",20,"short_exposure"
"607668ac450fc6e3025a131d",36,2,4,2,"experience",2,"short_exposure"
"607668ac450fc6e3025a131d",37,10,5.9464274989274,10,"experience",10,"short_exposure"
"607668ac450fc6e3025a131d",38,10,5.9464274989274,10,"experience",10,"short_exposure"
"607668ac450fc6e3025a131d",39,10,5.9464274989274,10,"experience",10,"short_exposure"
"607668ac450fc6e3025a131d",40,20,5.5,20,"experience",20,"short_exposure"
"607668ac450fc6e3025a131d",41,10,5.9464274989274,10,"experience",10,"short_exposure"
"607668ac450fc6e3025a131d",42,20,5.5,20,"experience",20,"short_exposure"
"607668ac450fc6e3025a131d",43,10,5.9464274989274,10,"experience",10,"short_exposure"
"607668ac450fc6e3025a131d",44,10,5.9464274989274,10,"experience",10,"short_exposure"
"607668ac450fc6e3025a131d",45,2,4,2,"experience",2,"short_exposure"
"607668ac450fc6e3025a131d",46,20,5.5,20,"experience",20,"short_exposure"
"607668ac450fc6e3025a131d",47,2,4,2,"experience",2,"short_exposure"
"607668ac450fc6e3025a131d",48,20,5.5,20,"experience",20,"short_exposure"
"607668ac450fc6e3025a131d",49,10,5.9464274989274,10,"experience",10,"short_exposure"
"607668ac450fc6e3025a131d",50,10,5.9464274989274,10,"experience",10,"short_exposure"
"607668ac450fc6e3025a131d",51,20,5.5,20,"experience",20,"short_exposure"
"607668ac450fc6e3025a131d",52,2,4,2,"experience",2,"short_exposure"
"607668ac450fc6e3025a131d",53,10,5.9464274989274,10,"experience",10,"short_exposure"
"607668ac450fc6e3025a131d",54,2,4,2,"experience",2,"short_exposure"
"607668ac450fc6e3025a131d",55,10,5.9464274989274,10,"experience",10,"short_exposure"
"607668ac450fc6e3025a131d",56,2,4,2,"experience",2,"short_exposure"
"607668ac450fc6e3025a131d",57,20,5.5,20,"experience",20,"short_exposure"
"607668ac450fc6e3025a131d",58,2,4,2,"experience",2,"short_exposure"
"607668ac450fc6e3025a131d",59,2,4,2,"experience",2,"short_exposure"
"607668ac450fc6e3025a131d",60,20,5.5,20,"experience",20,"short_exposure"
"607668ac450fc6e3025a131d",61,2,4,2,"experience",2,"short_exposure"
"607668ac450fc6e3025a131d",62,2,4,2,"experience",2,"short_exposure"
"607668ac450fc6e3025a131d",63,20,5.5,20,"experience",20,"short_exposure"
"607668ac450fc6e3025a131d",64,10,5.9464274989274,10,"experience",10,"short_exposure"
"607668ac450fc6e3025a131d",65,20,5.5,20,"experience",20,"short_exposure"
"607668ac450fc6e3025a131d",66,20,5.5,20,"experience",20,"short_exposure"
"607668ac450fc6e3025a131d",67,10,5.9464274989274,10,"experience",10,"short_exposure"
"607668ac450fc6e3025a131d",68,2,4,2,"experience",2,"short_exposure"
"607668ac450fc6e3025a131d",69,10,5.9464274989274,10,"experience",10,"short_exposure"
"607668ac450fc6e3025a131d",70,2,4,2,"experience",2,"short_exposure"
"607668ac450fc6e3025a131d",71,20,5.5,20,"experience",20,"short_exposure"
"607668ac450fc6e3025a131d",72,10,5.9464274989274,10,"experience",10,"short_exposure"
"607668ac450fc6e3025a131d",73,10,5.9464274989274,10,"experience",10,"short_exposure"
"607668ac450fc6e3025a131d",74,20,5.5,20,"experience",20,"short_exposure"
"607668ac450fc6e3025a131d",75,2,4,2,"experience",2,"short_exposure"
"607668ac450fc6e3025a131d",76,2,4,2,"experience",2,"short_exposure"
"607668ac450fc6e3025a131d",77,2,4,2,"experience",2,"short_exposure"
"607668ac450fc6e3025a131d",78,10,5.9464274989274,10,"experience",10,"short_exposure"
"607668ac450fc6e3025a131d",79,10,5.9464274989274,10,"experience",10,"short_exposure"
"607668ac450fc6e3025a131d",80,20,5.5,20,"experience",20,"short_exposure"
"607668ac450fc6e3025a131d",81,10,5.9464274989274,10,"experience",10,"short_exposure"
"607668ac450fc6e3025a131d",82,2,4,2,"experience",2,"short_exposure"
"607668ac450fc6e3025a131d",83,10,5.9464274989274,10,"experience",10,"short_exposure"
"607668ac450fc6e3025a131d",84,20,5.5,20,"experience",20,"short_exposure"
"607668ac450fc6e3025a131d",85,10,5.9464274989274,10,"experience",10,"short_exposure"
"607668ac450fc6e3025a131d",86,2,4,2,"experience",2,"short_exposure"
"607668ac450fc6e3025a131d",87,20,5.5,20,"experience",20,"short_exposure"
"607668ac450fc6e3025a131d",88,20,5.5,20,"experience",20,"short_exposure"
"607668ac450fc6e3025a131d",89,10,5.9464274989274,10,"experience",10,"short_exposure"
"607668ac450fc6e3025a131d",90,20,5.5,20,"experience",20,"short_exposure"
"607668ac450fc6e3025a131d",91,20,5.5,20,"experience",20,"short_exposure"
"607668ac450fc6e3025a131d",92,20,5.5,20,"experience",20,"short_exposure"
"607668ac450fc6e3025a131d",93,10,5.9464274989274,10,"experience",10,"short_exposure"
"607668ac450fc6e3025a131d",94,2,4,2,"experience",2,"short_exposure"
"607668ac450fc6e3025a131d",95,2,4,2,"experience",2,"short_exposure"
"607668ac450fc6e3025a131d",96,10,5.9464274989274,10,"experience",10,"short_exposure"
"607668ac450fc6e3025a131d",97,2,4,2,"experience",2,"short_exposure"
"607668ac450fc6e3025a131d",98,2,4,2,"experience",2,"short_exposure"
"607668ac450fc6e3025a131d",99,2,4,2,"experience",2,"short_exposure"
"607668ac450fc6e3025a131d",100,10,5.9464274989274,10,"experience",10,"short_exposure"
"607668ac450fc6e3025a131d",101,20,5.5,20,"experience",20,"short_exposure"
"607668ac450fc6e3025a131d",102,2,4,2,"experience",2,"short_exposure"
"607668ac450fc6e3025a131d",103,20,5.5,20,"experience",20,"short_exposure"
"607668ac450fc6e3025a131d",104,20,5.5,20,"experience",20,"short_exposure"
"607668ac450fc6e3025a131d",105,20,5.5,20,"experience",20,"short_exposure"
"607668ac450fc6e3025a131d",106,20,5.5,20,"experience",20,"short_exposure"
"607668ac450fc6e3025a131d",107,20,5.5,20,"experience",20,"short_exposure"
"607668ac450fc6e3025a131d",108,10,5.9464274989274,10,"experience",10,"short_exposure"
"607668ac450fc6e3025a131d",109,10,5.9464274989274,10,"experience",10,"short_exposure"
"607668ac450fc6e3025a131d",110,20,5.5,20,"experience",20,"short_exposure"
"607668ac450fc6e3025a131d",111,2,4,2,"experience",2,"short_exposure"
"607668ac450fc6e3025a131d",112,2,4,2,"experience",2,"short_exposure"
"607668ac450fc6e3025a131d",113,2,4,2,"experience",2,"short_exposure"
"607668ac450fc6e3025a131d",114,10,5.9464274989274,10,"experience",10,"short_exposure"
"607668ac450fc6e3025a131d",115,2,4,2,"experience",2,"short_exposure"
"607668ac450fc6e3025a131d",116,10,5.9464274989274,10,"experience",10,"short_exposure"
"67ca05b811f9ce2ffe685f2f",7,2,1,2,"experience",2,"short_exposure"
"67ca05b811f9ce2ffe685f2f",10,2,8,2,"experience",2,"short_exposure"
"67ca05b811f9ce2ffe685f2f",13,2,4.5,2,"experience",2,"short_exposure"
"67ca05b811f9ce2ffe685f2f",21,10,5.9464274989274,10,"experience",10,"short_exposure"
"67ca05b811f9ce2ffe685f2f",22,10,5.9464274989274,10,"experience",10,"short_exposure"
"67ca05b811f9ce2ffe685f2f",23,20,5.5,20,"experience",20,"short_exposure"
"67ca05b811f9ce2ffe685f2f",24,20,5.5,20,"experience",20,"short_exposure"
"67ca05b811f9ce2ffe685f2f",25,10,5.9464274989274,10,"experience",10,"short_exposure"
"67ca05b811f9ce2ffe685f2f",26,2,4,2,"experience",2,"short_exposure"
"67ca05b811f9ce2ffe685f2f",27,20,5.5,20,"experience",20,"short_exposure"
"67ca05b811f9ce2ffe685f2f",28,10,5.9464274989274,10,"experience",10,"short_exposure"
"67ca05b811f9ce2ffe685f2f",29,10,5.9464274989274,10,"experience",10,"short_exposure"
"67ca05b811f9ce2ffe685f2f",30,20,5.5,20,"experience",20,"short_exposure"
"67ca05b811f9ce2ffe685f2f",31,20,5.5,20,"experience",20,"short_exposure"
"67ca05b811f9ce2ffe685f2f",32,2,4,2,"experience",2,"short_exposure"
"67ca05b811f9ce2ffe685f2f",33,10,5.9464274989274,10,"experience",10,"short_exposure"
"67ca05b811f9ce2ffe685f2f",34,2,4,2,"experience",2,"short_exposure"
"67ca05b811f9ce2ffe685f2f",35,2,4,2,"experience",2,"short_exposure"
"67ca05b811f9ce2ffe685f2f",36,10,5.9464274989274,10,"experience",10,"short_exposure"
"67ca05b811f9ce2ffe685f2f",37,2,4,2,"experience",2,"short_exposure"
"67ca05b811f9ce2ffe685f2f",38,20,5.5,20,"experience",20,"short_exposure"
"67ca05b811f9ce2ffe685f2f",39,20,5.5,20,"experience",20,"short_exposure"
"67ca05b811f9ce2ffe685f2f",40,10,5.9464274989274,10,"experience",10,"short_exposure"
"67ca05b811f9ce2ffe685f2f",41,2,4,2,"experience",2,"short_exposure"
"67ca05b811f9ce2ffe685f2f",42,10,5.9464274989274,10,"experience",10,"short_exposure"
"67ca05b811f9ce2ffe685f2f",43,20,5.5,20,"experience",20,"short_exposure"
"67ca05b811f9ce2ffe685f2f",44,20,5.5,20,"experience",20,"short_exposure"
"67ca05b811f9ce2ffe685f2f",45,10,5.9464274989274,10,"experience",10,"short_exposure"
"67ca05b811f9ce2ffe685f2f",46,20,5.5,20,"experience",20,"short_exposure"
"67ca05b811f9ce2ffe685f2f",47,2,4,2,"experience",2,"short_exposure"
"67ca05b811f9ce2ffe685f2f",48,2,4,2,"experience",2,"short_exposure"
"67ca05b811f9ce2ffe685f2f",49,10,5.9464274989274,10,"experience",10,"short_exposure"
"67ca05b811f9ce2ffe685f2f",50,2,4,2,"experience",2,"short_exposure"
"67ca05b811f9ce2ffe685f2f",51,2,4,2,"experience",2,"short_exposure"
"67ca05b811f9ce2ffe685f2f",52,10,5.9464274989274,10,"experience",10,"short_exposure"
"67ca05b811f9ce2ffe685f2f",53,20,5.5,20,"experience",20,"short_exposure"
"67ca05b811f9ce2ffe685f2f",54,20,5.5,20,"experience",20,"short_exposure"
"67ca05b811f9ce2ffe685f2f",55,10,5.9464274989274,10,"experience",10,"short_exposure"
"67ca05b811f9ce2ffe685f2f",56,2,4,2,"experience",2,"short_exposure"
"67ca05b811f9ce2ffe685f2f",57,20,5.5,20,"experience",20,"short_exposure"
"67ca05b811f9ce2ffe685f2f",58,2,4,2,"experience",2,"short_exposure"
"67ca05b811f9ce2ffe685f2f",59,20,5.5,20,"experience",20,"short_exposure"
"67ca05b811f9ce2ffe685f2f",60,10,5.9464274989274,10,"experience",10,"short_exposure"
"67ca05b811f9ce2ffe685f2f",61,2,4,2,"experience",2,"short_exposure"
"67ca05b811f9ce2ffe685f2f",62,2,4,2,"experience",2,"short_exposure"
"67ca05b811f9ce2ffe685f2f",63,20,5.5,20,"experience",20,"short_exposure"
"67ca05b811f9ce2ffe685f2f",64,2,4,2,"experience",2,"short_exposure"
"67ca05b811f9ce2ffe685f2f",65,10,5.9464274989274,10,"experience",10,"short_exposure"
"67ca05b811f9ce2ffe685f2f",66,20,5.5,20,"experience",20,"short_exposure"
"67ca05b811f9ce2ffe685f2f",67,2,4,2,"experience",2,"short_exposure"
"67ca05b811f9ce2ffe685f2f",68,10,5.9464274989274,10,"experience",10,"short_exposure"
"67ca05b811f9ce2ffe685f2f",69,2,4,2,"experience",2,"short_exposure"
"67ca05b811f9ce2ffe685f2f",70,2,4,2,"experience",2,"short_exposure"
"67ca05b811f9ce2ffe685f2f",71,10,5.9464274989274,10,"experience",10,"short_exposure"
"67ca05b811f9ce2ffe685f2f",72,10,5.9464274989274,10,"experience",10,"short_exposure"
"67ca05b811f9ce2ffe685f2f",73,20,5.5,20,"experience",20,"short_exposure"
"67ca05b811f9ce2ffe685f2f",74,10,5.9464274989274,10,"experience",10,"short_exposure"
"67ca05b811f9ce2ffe685f2f",75,2,4,2,"experience",2,"short_exposure"
"67ca05b811f9ce2ffe685f2f",76,10,5.9464274989274,10,"experience",10,"short_exposure"
"67ca05b811f9ce2ffe685f2f",77,20,5.5,20,"experience",20,"short_exposure"
"67ca05b811f9ce2ffe685f2f",78,10,5.9464274989274,10,"experience",10,"short_exposure"
"67ca05b811f9ce2ffe685f2f",79,10,5.9464274989274,10,"experience",10,"short_exposure"
"67ca05b811f9ce2ffe685f2f",80,2,4,2,"experience",2,"short_exposure"
"67ca05b811f9ce2ffe685f2f",81,20,5.5,20,"experience",20,"short_exposure"
"67ca05b811f9ce2ffe685f2f",82,2,4,2,"experience",2,"short_exposure"
"67ca05b811f9ce2ffe685f2f",83,2,4,2,"experience",2,"short_exposure"
"67ca05b811f9ce2ffe685f2f",84,20,5.5,20,"experience",20,"short_exposure"
"67ca05b811f9ce2ffe685f2f",85,2,4,2,"experience",2,"short_exposure"
"67ca05b811f9ce2ffe685f2f",86,20,5.5,20,"experience",20,"short_exposure"
"67ca05b811f9ce2ffe685f2f",87,2,4,2,"experience",2,"short_exposure"
"67ca05b811f9ce2ffe685f2f",88,10,5.9464274989274,10,"experience",10,"short_exposure"
"67ca05b811f9ce2ffe685f2f",89,2,4,2,"experience",2,"short_exposure"
"67ca05b811f9ce2ffe685f2f",90,20,5.5,20,"experience",20,"short_exposure"
"67ca05b811f9ce2ffe685f2f",91,10,5.9464274989274,10,"experience",10,"short_exposure"
"67ca05b811f9ce2ffe685f2f",92,20,5.5,20,"experience",20,"short_exposure"
"67ca05b811f9ce2ffe685f2f",93,2,4,2,"experience",2,"short_exposure"
"67ca05b811f9ce2ffe685f2f",94,20,5.5,20,"experience",20,"short_exposure"
"67ca05b811f9ce2ffe685f2f",95,2,4,2,"experience",2,"short_exposure"
"67ca05b811f9ce2ffe685f2f",96,10,5.9464274989274,10,"experience",10,"short_exposure"
"67ca05b811f9ce2ffe685f2f",97,10,5.9464274989274,10,"experience",10,"short_exposure"
"67ca05b811f9ce2ffe685f2f",98,10,5.9464274989274,10,"experience",10,"short_exposure"
"67ca05b811f9ce2ffe685f2f",99,2,4,2,"experience",2,"short_exposure"
"67ca05b811f9ce2ffe685f2f",100,10,5.9464274989274,10,"experience",10,"short_exposure"
"67ca05b811f9ce2ffe685f2f",101,10,5.9464274989274,10,"experience",10,"short_exposure"
"67ca05b811f9ce2ffe685f2f",102,20,5.5,20,"experience",20,"short_exposure"
"67ca05b811f9ce2ffe685f2f",103,20,5.5,20,"experience",20,"short_exposure"
"67ca05b811f9ce2ffe685f2f",104,20,5.5,20,"experience",20,"short_exposure"
"67ca05b811f9ce2ffe685f2f",105,20,5.5,20,"experience",20,"short_exposure"
"67ca05b811f9ce2ffe685f2f",106,2,4,2,"experience",2,"short_exposure"
"67ca05b811f9ce2ffe685f2f",107,20,5.5,20,"experience",20,"short_exposure"
"67ca05b811f9ce2ffe685f2f",108,2,4,2,"experience",2,"short_exposure"
"67ca05b811f9ce2ffe685f2f",109,20,5.5,20,"experience",20,"short_exposure"
"67ca05b811f9ce2ffe685f2f",110,2,4,2,"experience",2,"short_exposure"
"67ca05b811f9ce2ffe685f2f",111,20,5.5,20,"experience",20,"short_exposure"
"67ca05b811f9ce2ffe685f2f",112,2,4,2,"experience",2,"short_exposure"
"67ca05b811f9ce2ffe685f2f",113,10,5.9464274989274,10,"experience",10,"short_exposure"
"67ca05b811f9ce2ffe685f2f",114,10,5.9464274989274,10,"experience",10,"short_exposure"
"67ca05b811f9ce2ffe685f2f",115,10,5.9464274989274,10,"experience",10,"short_exposure"
"67ca05b811f9ce2ffe685f2f",116,20,5.5,20,"experience",20,"short_exposure"
"5e03e20e4cac68ec33187d80",7,2,5.5,2,"experience",2,"short_exposure"
"5e03e20e4cac68ec33187d80",15,10,5.51361950083609,10,"experience",10,"short_exposure"
"5e03e20e4cac68ec33187d80",16,10,4.99599839871872,10,"experience",10,"short_exposure"
"5e03e20e4cac68ec33187d80",19,2,5,2,"experience",2,"short_exposure"
"5e03e20e4cac68ec33187d80",21,2,4,2,"experience",2,"short_exposure"
"5e03e20e4cac68ec33187d80",22,10,5.9464274989274,10,"experience",10,"short_exposure"
"5e03e20e4cac68ec33187d80",23,2,4,2,"experience",2,"short_exposure"
"5e03e20e4cac68ec33187d80",24,10,5.9464274989274,10,"experience",10,"short_exposure"
"5e03e20e4cac68ec33187d80",25,20,5.5,20,"experience",20,"short_exposure"
"5e03e20e4cac68ec33187d80",26,2,4,2,"experience",2,"short_exposure"
"5e03e20e4cac68ec33187d80",27,10,5.9464274989274,10,"experience",10,"short_exposure"
"5e03e20e4cac68ec33187d80",28,2,4,2,"experience",2,"short_exposure"
"5e03e20e4cac68ec33187d80",29,2,4,2,"experience",2,"short_exposure"
"5e03e20e4cac68ec33187d80",30,20,5.5,20,"experience",20,"short_exposure"
"5e03e20e4cac68ec33187d80",31,20,5.5,20,"experience",20,"short_exposure"
"5e03e20e4cac68ec33187d80",32,20,5.5,20,"experience",20,"short_exposure"
"5e03e20e4cac68ec33187d80",33,20,5.5,20,"experience",20,"short_exposure"
"5e03e20e4cac68ec33187d80",34,2,4,2,"experience",2,"short_exposure"
"5e03e20e4cac68ec33187d80",35,2,4,2,"experience",2,"short_exposure"
"5e03e20e4cac68ec33187d80",36,2,4,2,"experience",2,"short_exposure"
"5e03e20e4cac68ec33187d80",37,20,5.5,20,"experience",20,"short_exposure"
"5e03e20e4cac68ec33187d80",38,10,5.9464274989274,10,"experience",10,"short_exposure"
"5e03e20e4cac68ec33187d80",39,2,4,2,"experience",2,"short_exposure"
"5e03e20e4cac68ec33187d80",40,10,5.9464274989274,10,"experience",10,"short_exposure"
"5e03e20e4cac68ec33187d80",41,20,5.5,20,"experience",20,"short_exposure"
"5e03e20e4cac68ec33187d80",42,10,5.9464274989274,10,"experience",10,"short_exposure"
"5e03e20e4cac68ec33187d80",43,20,5.5,20,"experience",20,"short_exposure"
"5e03e20e4cac68ec33187d80",44,20,5.5,20,"experience",20,"short_exposure"
"5e03e20e4cac68ec33187d80",45,20,5.5,20,"experience",20,"short_exposure"
"5e03e20e4cac68ec33187d80",46,20,5.5,20,"experience",20,"short_exposure"
"5e03e20e4cac68ec33187d80",47,2,4,2,"experience",2,"short_exposure"
"5e03e20e4cac68ec33187d80",48,2,4,2,"experience",2,"short_exposure"
"5e03e20e4cac68ec33187d80",49,10,5.9464274989274,10,"experience",10,"short_exposure"
"5e03e20e4cac68ec33187d80",50,10,5.9464274989274,10,"experience",10,"short_exposure"
"5e03e20e4cac68ec33187d80",51,2,4,2,"experience",2,"short_exposure"
"5e03e20e4cac68ec33187d80",52,10,5.9464274989274,10,"experience",10,"short_exposure"
"5e03e20e4cac68ec33187d80",53,2,4,2,"experience",2,"short_exposure"
"5e03e20e4cac68ec33187d80",54,2,4,2,"experience",2,"short_exposure"
"5e03e20e4cac68ec33187d80",55,10,5.9464274989274,10,"experience",10,"short_exposure"
"5e03e20e4cac68ec33187d80",56,2,4,2,"experience",2,"short_exposure"
"5e03e20e4cac68ec33187d80",57,20,5.5,20,"experience",20,"short_exposure"
"5e03e20e4cac68ec33187d80",58,20,5.5,20,"experience",20,"short_exposure"
"5e03e20e4cac68ec33187d80",59,10,5.9464274989274,10,"experience",10,"short_exposure"
"5e03e20e4cac68ec33187d80",60,10,5.9464274989274,10,"experience",10,"short_exposure"
"5e03e20e4cac68ec33187d80",61,20,5.5,20,"experience",20,"short_exposure"
"5e03e20e4cac68ec33187d80",62,20,5.5,20,"experience",20,"short_exposure"
"5e03e20e4cac68ec33187d80",63,20,5.5,20,"experience",20,"short_exposure"
"5e03e20e4cac68ec33187d80",64,10,5.9464274989274,10,"experience",10,"short_exposure"
"5e03e20e4cac68ec33187d80",65,10,5.9464274989274,10,"experience",10,"short_exposure"
"5e03e20e4cac68ec33187d80",66,10,5.9464274989274,10,"experience",10,"short_exposure"
"5e03e20e4cac68ec33187d80",67,2,4,2,"experience",2,"short_exposure"
"5e03e20e4cac68ec33187d80",68,10,5.9464274989274,10,"experience",10,"short_exposure"
"5e03e20e4cac68ec33187d80",69,10,5.9464274989274,10,"experience",10,"short_exposure"
"5e03e20e4cac68ec33187d80",70,10,5.9464274989274,10,"experience",10,"short_exposure"
"5e03e20e4cac68ec33187d80",71,10,5.9464274989274,10,"experience",10,"short_exposure"
"5e03e20e4cac68ec33187d80",72,10,5.9464274989274,10,"experience",10,"short_exposure"
"5e03e20e4cac68ec33187d80",73,2,4,2,"experience",2,"short_exposure"
"5e03e20e4cac68ec33187d80",74,2,4,2,"experience",2,"short_exposure"
"5e03e20e4cac68ec33187d80",75,20,5.5,20,"experience",20,"short_exposure"
"5e03e20e4cac68ec33187d80",76,20,5.5,20,"experience",20,"short_exposure"
"5e03e20e4cac68ec33187d80",77,10,5.9464274989274,10,"experience",10,"short_exposure"
"5e03e20e4cac68ec33187d80",78,20,5.5,20,"experience",20,"short_exposure"
"5e03e20e4cac68ec33187d80",79,2,4,2,"experience",2,"short_exposure"
"5e03e20e4cac68ec33187d80",80,10,5.9464274989274,10,"experience",10,"short_exposure"
"5e03e20e4cac68ec33187d80",81,2,4,2,"experience",2,"short_exposure"
"5e03e20e4cac68ec33187d80",82,20,5.5,20,"experience",20,"short_exposure"
"5e03e20e4cac68ec33187d80",83,20,5.5,20,"experience",20,"short_exposure"
"5e03e20e4cac68ec33187d80",84,10,5.9464274989274,10,"experience",10,"short_exposure"
"5e03e20e4cac68ec33187d80",85,2,4,2,"experience",2,"short_exposure"
"5e03e20e4cac68ec33187d80",86,20,5.5,20,"experience",20,"short_exposure"
"5e03e20e4cac68ec33187d80",87,2,4,2,"experience",2,"short_exposure"
"5e03e20e4cac68ec33187d80",88,10,5.9464274989274,10,"experience",10,"short_exposure"
"5e03e20e4cac68ec33187d80",89,2,4,2,"experience",2,"short_exposure"
"5e03e20e4cac68ec33187d80",90,10,5.9464274989274,10,"experience",10,"short_exposure"
"5e03e20e4cac68ec33187d80",91,20,5.5,20,"experience",20,"short_exposure"
"5e03e20e4cac68ec33187d80",92,10,5.9464274989274,10,"experience",10,"short_exposure"
"5e03e20e4cac68ec33187d80",93,20,5.5,20,"experience",20,"short_exposure"
"5e03e20e4cac68ec33187d80",94,2,4,2,"experience",2,"short_exposure"
"5e03e20e4cac68ec33187d80",95,10,5.9464274989274,10,"experience",10,"short_exposure"
"5e03e20e4cac68ec33187d80",96,2,4,2,"experience",2,"short_exposure"
"5e03e20e4cac68ec33187d80",97,2,4,2,"experience",2,"short_exposure"
"5e03e20e4cac68ec33187d80",98,10,5.9464274989274,10,"experience",10,"short_exposure"
"5e03e20e4cac68ec33187d80",99,10,5.9464274989274,10,"experience",10,"short_exposure"
"5e03e20e4cac68ec33187d80",100,2,4,2,"experience",2,"short_exposure"
"5e03e20e4cac68ec33187d80",101,2,4,2,"experience",2,"short_exposure"
"5e03e20e4cac68ec33187d80",102,20,5.5,20,"experience",20,"short_exposure"
"5e03e20e4cac68ec33187d80",103,20,5.5,20,"experience",20,"short_exposure"
"5e03e20e4cac68ec33187d80",104,2,4,2,"experience",2,"short_exposure"
"5e03e20e4cac68ec33187d80",105,20,5.5,20,"experience",20,"short_exposure"
"5e03e20e4cac68ec33187d80",106,20,5.5,20,"experience",20,"short_exposure"
"5e03e20e4cac68ec33187d80",107,2,4,2,"experience",2,"short_exposure"
"5e03e20e4cac68ec33187d80",108,2,4,2,"experience",2,"short_exposure"
"5e03e20e4cac68ec33187d80",109,20,5.5,20,"experience",20,"short_exposure"
"5e03e20e4cac68ec33187d80",110,10,5.9464274989274,10,"experience",10,"short_exposure"
"5e03e20e4cac68ec33187d80",111,20,5.5,20,"experience",20,"short_exposure"
"5e03e20e4cac68ec33187d80",112,10,5.9464274989274,10,"experience",10,"short_exposure"
"5e03e20e4cac68ec33187d80",113,20,5.5,20,"experience",20,"short_exposure"
"5e03e20e4cac68ec33187d80",114,20,5.5,20,"experience",20,"short_exposure"
"5e03e20e4cac68ec33187d80",115,2,4,2,"experience",2,"short_exposure"
"5e03e20e4cac68ec33187d80",116,10,5.9464274989274,10,"experience",10,"short_exposure"
