"participant_id","trial","array_length","item_sd","n_items","condition","level","experiment"
"678f0bb28ec3307e4f1afb78",1,2,3,2,"average",2,"exp3"
"678f0bb28ec3307e4f1afb78",6,2,4,2,"average",2,"exp3"
"678f0bb28ec3307e4f1afb78",9,10,5.19230199429887,10,"average",10,"exp3"
"678f0bb28ec3307e4f1afb78",11,10,6.35924523823386,10,"average",10,"exp3"
"678f0bb28ec3307e4f1afb78",13,2,4,2,"average",2,"exp3"
"678f0bb28ec3307e4f1afb78",14,20,5.5,20,"average",20,"exp3"
"678f0bb28ec3307e4f1afb78",15,2,4,2,"average",2,"exp3"
"678f0bb28ec3307e4f1afb78",16,2,4,2,"average",2,"exp3"
"678f0bb28ec3307e4f1afb78",17,20,5.5,20,"average",20,"exp3"
"678f0bb28ec3307e4f1afb78",18,10,5.9464274989274,10,"average",10,"exp3"
"678f0bb28ec3307e4f1afb78",19,10,5.9464274989274,10,"average",10,"exp3"
"678f0bb28ec3307e4f1afb78",20,10,5.9464274989274,10,"average",10,"exp3"
"678f0bb28ec3307e4f1afb78",21,2,4,2,"average",2,"exp3"
"678f0bb28ec3307e4f1afb78",22,20,5.5,20,"average",20,"exp3"
"678f0bb28ec3307e4f1afb78",23,10,5.9464274989274,10,"average",10,"exp3"
"678f0bb28ec3307e4f1afb78",24,20,5.5,20,"average",20,"exp3"
"678f0bb28ec3307e4f1afb78",25,2,4,2,"average",2,"exp3"
"678f0bb28ec3307e4f1afb78",26,20,5.5,20,"average",20,"exp3"
"678f0bb28ec3307e4f1afb78",27,2,4,2,"average",2,"exp3"
"678f0bb28ec3307e4f1afb78",28,10,5.9464274989274,10,"average",10,"exp3"
"678f0bb28ec3307e4f1afb78",29,10,5.9464274989274,10,"average",10,"exp3"
"678f0bb28ec3307e4f1afb78",30,2,4,2,"average",2,"exp3"
"678f0bb28ec3307e4f1afb78",31,20,5.5,20,"average",20,"exp3"
"678f0bb28ec3307e4f1afb78",32,20,5.5,20,"average",20,"exp3"
"678f0bb28ec3307e4f1afb78",33,2,4,2,"average",2,"exp3"
"678f0bb28ec3307e4f1afb78",34,10,5.9464274989274,10,"average",10,"exp3"
"678f0bb28ec3307e4f1afb78",35,20,5.5,20,"average",20,"exp3"
"678f0bb28ec3307e4f1afb78",36,20,5.5,20,"average",20,"exp3"
"678f0bb28ec3307e4f1afb78",37,2,4,2,"average",2,"exp3"
"678f0bb28ec3307e4f1afb78",38,10,5.9464274989274,10,"average",10,"exp3"
"678f0bb28ec3307e4f1afb78",39,2,4,2,"average",2,"exp3"
"678f0bb28ec3307e4f1afb78",40,10,5.9464274989274,10,"average",10,"exp3"
"678f0bb28ec3307e4f1afb78",41,20,5.5,20,"average",20,"exp3"
"678f0bb28ec3307e4f1afb78",42,2,4,2,"average",2,"exp3"
"678f0bb28ec3307e4f1afb78",43,2,4,2,"average",2,"exp3"
"678f0bb28ec3307e4f1afb78",44,20,5.5,20,"average",20,"exp3"
"678f0bb28ec3307e4f1afb78",45,20,5.5,20,"average",20,"exp3"
"678f0bb28ec3307e4f1afb78",46,2,4,2,"average",2,"exp3"
"678f0bb28ec3307e4f1afb78",47,20,5.5,20,"average",20,"exp3"
"678f0bb28ec3307e4f1afb78",48,10,5.9464274989274,10,"average",10,"exp3"
"678f0bb28ec3307e4f1afb78",49,10,5.9464274989274,10,"average",10,"exp3"
"678f0bb28ec3307e4f1afb78",50,10,5.9464274989274,10,"average",10,"exp3"
"678f0bb28ec3307e4f1afb78",51,2,4,2,"average",2,"exp3"
"678f0bb28ec3307e4f1afb78",52,10,5.9464274989274,10,"average",10,"exp3"
"678f0bb28ec3307e4f1afb78",53,2,4,2,"average",2,"exp3"
"678f0bb28ec3307e4f1afb78",54,10,5.9464274989274,10,"average",10,"exp3"
"678f0bb28ec3307e4f1afb78",55,10,5.9464274989274,10,"average",10,"exp3"
"678f0bb28ec3307e4f1afb78",56,2,4,2,"average",2,"exp3"
"678f0bb28ec3307e4f1afb78",57,20,5.5,20,"average",20,"exp3"
"678f0bb28ec3307e4f1afb78",58,20,5.5,20,"average",20,"exp3"
"678f0bb28ec3307e4f1afb78",59,10,5.9464274989274,10,"average",10,"exp3"
"678f0bb28ec3307e4f1afb78",60,20,5.5,20,"average",20,"exp3"
"678f0bb28ec3307e4f1afb78",61,2,4,2,"average",2,"exp3"
"678f0bb28ec3307e4f1afb78",62,2,4,2,"average",2,"exp3"
"678f0bb28ec3307e4f1afb78",63,10,5.9464274989274,10,"average",10,"exp3"
"678f0bb28ec3307e4f1afb78",64,2,4,2,"average",2,"exp3"
"678f0bb28ec3307e4f1afb78",65,20,5.5,20,"average",20,"exp3"
"678f0bb28ec3307e4f1afb78",66,20,5.5,20,"average",20,"exp3"
"678f0bb28ec3307e4f1afb78",67,2,4,2,"average",2,"exp3"
"678f0bb28ec3307e4f1afb78",68,2,4,2,"average",2,"exp3"
"678f0bb28ec3307e4f1afb78",69,20,5.5,20,"average",20,"exp3"
"678f0bb28ec3307e4f1afb78",70,2,4,2,"average",2,"exp3"
"678f0bb28ec3307e4f1afb78",71,20,5.5,20,"average",20,"exp3"
"678f0bb28ec3307e4f1afb78",72,2,4,2,"average",2,"exp3"
"678f0bb28ec3307e4f1afb78",73,10,5.9464274989274,10,"average",10,"exp3"
"678f0bb28ec3307e4f1afb78",74,2,4,2,"average",2,"exp3"
"678f0bb28ec3307e4f1afb78",75,20,5.5,20,"average",20,"exp3"
"678f0bb28ec3307e4f1afb78",76,2,4,2,"average",2,"exp3"
"678f0bb28ec3307e4f1afb78",77,20,5.5,20,"average",20,"exp3"
"678f0bb28ec3307e4f1afb78",78,2,4,2,"average",2,"exp3"
"678f0bb28ec3307e4f1afb78",79,2,4,2,"average",2,"exp3"
"678f0bb28ec3307e4f1afb78",80,10,5.9464274989274,10,"average",10,"exp3"
"678f0bb28ec3307e4f1afb78",81,2,4,2,"average",2,"exp3"
"678f0bb28ec3307e4f1afb78",82,20,5.5,20,"average",20,"exp3"
"678f0bb28ec3307e4f1afb78",83,20,5.5,20,"average",20,"exp3"
"678f0bb28ec3307e4f1afb78",84,20,5.5,20,"average",20,"exp3"
"678f0bb28ec3307e4f1afb78",85,20,5.5,20,"average",20,"exp3"
"678f0bb28ec3307e4f1afb78",86,10,5.9464274989274,10,"average",10,"exp3"
"678f0bb28ec3307e4f1afb78",87,10,5.9464274989274,10,"average",10,"exp3"
"678f0bb28ec3307e4f1afb78",88,20,5.5,20,"average",20,"exp3"
"678f0bb28ec3307e4f1afb78",89,10,5.9464274989274,10,"average",10,"exp3"
"678f0bb28ec3307e4f1afb78",90,10,5.9464274989274,10,"average",10,"exp3"
"678f0bb28ec3307e4f1afb78",91,2,4,2,"average",2,"exp3"
"678f0bb28ec3307e4f1afb78",92,10,5.9464274989274,10,"average",10,"exp3"
"678f0bb28ec3307e4f1afb78",93,10,5.9464274989274,10,"average",10,"exp3"
"678f0bb28ec3307e4f1afb78",94,10,5.9464274989274,10,"average",10,"exp3"
"678f0bb28ec3307e4f1afb78",95,20,5.5,20,"average",20,"exp3"
"678f0bb28ec3307e4f1afb78",96,20,5.5,20,"average",20,"exp3"
"678f0bb28ec3307e4f1afb78",97,10,5.9464274989274,10,"average",10,"exp3"
"678f0bb28ec3307e4f1afb78",98,2,4,2,"average",2,"exp3"
"678f0bb28ec3307e4f1afb78",99,10,5.9464274989274,10,"average",10,"exp3"
"678f0bb28ec3307e4f1afb78",100,20,5.5,20,"average",20,"exp3"
"678f0bb28ec3307e4f1afb78",101,2,4,2,"average",2,"exp3"
"678f0bb28ec3307e4f1afb78",102,10,5.9464274989274,10,"average",10,"exp3"
"678f0bb28ec3307e4f1afb78",103,10,5.9464274989274,10,"average",10,"exp3"
"678f0bb28ec3307e4f1afb78",104,10,5.9464274989274,10,"average",10,"exp3"
"678f0bb28ec3307e4f1afb78",105,20,5.5,20,"average",20,"exp3"
"678f0bb28ec3307e4f1afb78",106,10,5.9464274989274,10,"average",10,"exp3"
"678f0bb28ec3307e4f1afb78",107,2,4,2,"average",2,"exp3"
"678f0bb28ec3307e4f1afb78",108,20,5.5,20,"average",20,"exp3"
"566a17d07da0350012b3e876",13,2,4,2,"average",2,"exp3"
"566a17d07da0350012b3e876",14,2,4,2,"average",2,"exp3"
"566a17d07da0350012b3e876",15,2,4,2,"average",2,"exp3"
"566a17d07da0350012b3e876",16,2,4,2,"average",2,"exp3"
"566a17d07da0350012b3e876",17,2,4,2,"average",2,"exp3"
"566a17d07da0350012b3e876",18,2,4,2,"average",2,"exp3"
"566a17d07da0350012b3e876",19,2,4,2,"average",2,"exp3"
"566a17d07da0350012b3e876",20,2,4,2,"average",2,"exp3"
"566a17d07da0350012b3e876",21,2,4,2,"average",2,"exp3"
"566a17d07da0350012b3e876",22,2,4,2,"average",2,"exp3"
"566a17d07da0350012b3e876",23,2,4,2,"average",2,"exp3"
"566a17d07da0350012b3e876",24,2,4,2,"average",2,"exp3"
"566a17d07da0350012b3e876",25,2,4,2,"average",2,"exp3"
"566a17d07da0350012b3e876",26,2,4,2,"average",2,"exp3"
"566a17d07da0350012b3e876",27,2,4,2,"average",2,"exp3"
"566a17d07da0350012b3e876",28,2,4,2,"average",2,"exp3"
"566a17d07da0350012b3e876",29,10,5.9464274989274,10,"average",10,"exp3"
"566a17d07da0350012b3e876",30,10,5.9464274989274,10,"average",10,"exp3"
"566a17d07da0350012b3e876",31,10,5.9464274989274,10,"average",10,"exp3"
"566a17d07da0350012b3e876",32,10,5.9464274989274,10,"average",10,"exp3"
"566a17d07da0350012b3e876",33,10,5.9464274989274,10,"average",10,"exp3"
"566a17d07da0350012b3e876",34,10,5.9464274989274,10,"average",10,"exp3"
"566a17d07da0350012b3e876",35,10,5.9464274989274,10,"average",10,"exp3"
"566a17d07da0350012b3e876",36,10,5.9464274989274,10,"average",10,"exp3"
"566a17d07da0350012b3e876",37,10,5.9464274989274,10,"average",10,"exp3"
"566a17d07da0350012b3e876",38,10,5.9464274989274,10,"average",10,"exp3"
"566a17d07da0350012b3e876",39,10,5.9464274989274,10,"average",10,"exp3"
"566a17d07da0350012b3e876",40,10,5.9464274989274,10,"average",10,"exp3"
"566a17d07da0350012b3e876",41,10,5.9464274989274,10,"average",10,"exp3"
"566a17d07da0350012b3e876",42,10,5.9464274989274,10,"average",10,"exp3"
"566a17d07da0350012b3e876",43,10,5.9464274989274,10,"average",10,"exp3"
"566a17d07da0350012b3e876",44,10,5.9464274989274,10,"average",10,"exp3"
"566a17d07da0350012b3e876",45,20,5.5,20,"average",20,"exp3"
"566a17d07da0350012b3e876",46,20,5.5,20,"average",20,"exp3"
"566a17d07da0350012b3e876",47,20,5.5,20,"average",20,"exp3"
"566a17d07da0350012b3e876",48,20,5.5,20,"average",20,"exp3"
"566a17d07da0350012b3e876",49,20,5.5,20,"average",20,"exp3"
"566a17d07da0350012b3e876",50,20,5.5,20,"average",20,"exp3"
"566a17d07da0350012b3e876",51,20,5.5,20,"average",20,"exp3"
"566a17d07da0350012b3e876",52,20,5.5,20,"average",20,"exp3"
"566a17d07da0350012b3e876",53,20,5.5,20,"average",20,"exp3"
"566a17d07da0350012b3e876",54,20,5.5,20,"average",20,"exp3"
"566a17d07da0350012b3e876",55,20,5.5,20,"average",20,"exp3"
"566a17d07da0350012b3e876",56,20,5.5,20,"average",20,"exp3"
"566a17d07da0350012b3e876",57,20,5.5,20,"average",20,"exp3"
"566a17d07da0350012b3e876",58,20,5.5,20,"average",20,"exp3"
"566a17d07da0350012b3e876",59,20,5.5,20,"average",20,"exp3"
"566a17d07da0350012b3e876",60,20,5.5,20,"average",20,"exp3"
"566a17d07da0350012b3e876",61,2,4,2,"average",2,"exp3"
"566a17d07da0350012b3e876",62,2,4,2,"average",2,"exp3"
"566a17d07da0350012b3e876",63,20,5.5,20,"average",20,"exp3"
"566a17d07da0350012b3e876",64,2,4,2,"average",2,"exp3"
"566a17d07da0350012b3e876",65,20,5.5,20,"average",20,"exp3"
"566a17d07da0350012b3e876",66,20,5.5,20,"average",20,"exp3"
"566a17d07da0350012b3e876",67,2,4,2,"average",2,"exp3"
"566a17d07da0350012b3e876",68,20,5.5,20,"average",20,"exp3"
"566a17d07da0350012b3e876",69,2,4,2,"average",2,"exp3"
"566a17d07da0350012b3e876",70,20,5.5,20,"average",20,"exp3"
"566a17d07da0350012b3e876",71,2,4,2,"average",2,"exp3"
"566a17d07da0350012b3e876",72,20,5.5,20,"average",20,"exp3"
"566a17d07da0350012b3e876",73,20,5.5,20,"average",20,"exp3"
"566a17d07da0350012b3e876",74,20,5.5,20,"average",20,"exp3"
"566a17d07da0350012b3e876",75,2,4,2,"average",2,"exp3"
"566a17d07da0350012b3e876",76,2,4,2,"average",2,"exp3"
"566a17d07da0350012b3e876",77,20,5.5,20,"average",20,"exp3"
"566a17d07da0350012b3e876",78,2,4,2,"average",2,"exp3"
"566a17d07da0350012b3e876",79,2,4,2,"average",2,"exp3"
"566a17d07da0350012b3e876",80,2,4,2,"average",2,"exp3"
"566a17d07da0350012b3e876",81,2,4,2,"average",2,"exp3"
"566a17d07da0350012b3e876",82,20,5.5,20,"average",20,"exp3"
"566a17d07da0350012b3e876",83,20,5.5,20,"average",20,"exp3"
"566a17d07da0350012b3e876",84,20,5.5,20,"average",20,"exp3"
"566a17d07da0350012b3e876",85,20,5.5,20,"average",20,"exp3"
"566a17d07da0350012b3e876",86,2,4,2,"average",2,"exp3"
"566a17d07da0350012b3e876",87,20,5.5,20,"average",20,"exp3"
"566a17d07da0350012b3e876",88,2,4,2,"average",2,"exp3"
"566a17d07da0350012b3e876",89,20,5.5,20,"average",20,"exp3"
"566a17d07da0350012b3e876",90,20,5.5,20,"average",20,"exp3"
"566a17d07da0350012b3e876",91,2,4,2,"average",2,"exp3"
"566a17d07da0350012b3e876",92,2,4,2,"average",2,"exp3"
"566a17d07da0350012b3e876",93,10,5.9464274989274,10,"average",10,"exp3"
"566a17d07da0350012b3e876",94,10,5.9464274989274,10,"average",10,"exp3"
"566a17d07da0350012b3e876",95,10,5.9464274989274,10,"average",10,"exp3"
"566a17d07da0350012b3e876",96,10,5.9464274989274,10,"average",10,"exp3"
"566a17d07da0350012b3e876",97,10,5.9464274989274,10,"average",10,"exp3"
"566a17d07da0350012b3e876",98,10,5.9464274989274,10,"average",10,"exp3"
"566a17d07da0350012b3e876",99,10,5.9464274989274,10,"average",10,"exp3"
"566a17d07da0350012b3e876",100,10,5.9464274989274,10,"average",10,"exp3"
"566a17d07da0350012b3e876",101,10,5.9464274989274,10,"average",10,"exp3"
"566a17d07da0350012b3e876",102,10,5.9464274989274,10,"average",10,"exp3"
"566a17d07da0350012b3e876",103,10,5.9464274989274,10,"average",10,"exp3"
"566a17d07da0350012b3e876",104,10,5.9464274989274,10,"average",10,"exp3"
"566a17d07da0350012b3e876",105,10,5.9464274989274,10,"average",10,"exp3"
"566a17d07da0350012b3e876",106,10,5.9464274989274,10,"average",10,"exp3"
"566a17d07da0350012b3e876",107,10,5.9464274989274,10,"average",10,"exp3"
"566a17d07da0350012b3e876",108,10,5.9464274989274,10,"average",10,"exp3"
"566a17d07da0350012b3e876",13,2,4,2,"average",2,"exp3"
"566a17d07da0350012b3e876",14,2,4,2,"average",2,"exp3"
"566a17d07da0350012b3e876",15,2,4,2,"average",2,"exp3"
"566a17d07da0350012b3e876",16,2,4,2,"average",2,"exp3"
"566a17d07da0350012b3e876",17,2,4,2,"average",2,"exp3"
"566a17d07da0350012b3e876",18,2,4,2,"average",2,"exp3"
"566a17d07da0350012b3e876",19,2,4,2,"average",2,"exp3"
"566a17d07da0350012b3e876",20,2,4,2,"average",2,"exp3"
"566a17d07da0350012b3e876",21,2,4,2,"average",2,"exp3"
"566a17d07da0350012b3e876",22,2,4,2,"average",2,"exp3"
"566a17d07da0350012b3e876",23,2,4,2,"average",2,"exp3"
"566a17d07da0350012b3e876",24,2,4,2,"average",2,"exp3"
"566a17d07da0350012b3e876",25,2,4,2,"average",2,"exp3"
"566a17d07da0350012b3e876",26,2,4,2,"average",2,"exp3"
"566a17d07da0350012b3e876",27,2,4,2,"average",2,"exp3"
"566a17d07da0350012b3e876",28,2,4,2,"average",2,"exp3"
"566a17d07da0350012b3e876",29,10,5.9464274989274,10,"average",10,"exp3"
"566a17d07da0350012b3e876",30,10,5.9464274989274,10,"average",10,"exp3"
"566a17d07da0350012b3e876",31,10,5.9464274989274,10,"average",10,"exp3"
"566a17d07da0350012b3e876",32,10,5.9464274989274,10,"average",10,"exp3"
"566a17d07da0350012b3e876",33,10,5.9464274989274,10,"average",10,"exp3"
"566a17d07da0350012b3e876",34,10,5.9464274989274,10,"average",10,"exp3"
"566a17d07da0350012b3e876",35,10,5.9464274989274,10,"average",10,"exp3"
"566a17d07da0350012b3e876",36,10,5.9464274989274,10,"average",10,"exp3"
"566a17d07da0350012b3e876",37,10,5.9464274989274,10,"average",10,"exp3"
"566a17d07da0350012b3e876",38,10,5.9464274989274,10,"average",10,"exp3"
"566a17d07da0350012b3e876",39,10,5.9464274989274,10,"average",10,"exp3"
"566a17d07da0350012b3e876",40,10,5.9464274989274,10,"average",10,"exp3"
"566a17d07da0350012b3e876",41,10,5.9464274989274,10,"average",10,"exp3"
"566a17d07da0350012b3e876",42,10,5.9464274989274,10,"average",10,"exp3"
"566a17d07da0350012b3e876",43,10,5.9464274989274,10,"average",10,"exp3"
"566a17d07da0350012b3e876",44,10,5.9464274989274,10,"average",10,"exp3"
"566a17d07da0350012b3e876",45,20,5.5,20,"average",20,"exp3"
"566a17d07da0350012b3e876",46,20,5.5,20,"average",20,"exp3"
"566a17d07da0350012b3e876",47,20,5.5,20,"average",20,"exp3"
"566a17d07da0350012b3e876",48,20,5.5,20,"average",20,"exp3"
"566a17d07da0350012b3e876",49,20,5.5,20,"average",20,"exp3"
"566a17d07da0350012b3e876",50,20,5.5,20,"average",20,"exp3"
"566a17d07da0350012b3e876",51,20,5.5,20,"average",20,"exp3"
"566a17d07da0350012b3e876",52,20,5.5,20,"average",20,"exp3"
"566a17d07da0350012b3e876",53,20,5.5,20,"average",20,"exp3"
"566a17d07da0350012b3e876",54,20,5.5,20,"average",20,"exp3"
"566a17d07da0350012b3e876",55,20,5.5,20,"average",20,"exp3"
"566a17d07da0350012b3e876",56,20,5.5,20,"average",20,"exp3"
"566a17d07da0350012b3e876",57,20,5.5,20,"average",20,"exp3"
"566a17d07da0350012b3e876",58,20,5.5,20,"average",20,"exp3"
"566a17d07da0350012b3e876",59,20,5.5,20,"average",20,"exp3"
"566a17d07da0350012b3e876",60,20,5.5,20,"average",20,"exp3"
"566a17d07da0350012b3e876",61,2,4,2,"average",2,"exp3"
"566a17d07da0350012b3e876",62,2,4,2,"average",2,"exp3"
"566a17d07da0350012b3e876",63,20,5.5,20,"average",20,"exp3"
"566a17d07da0350012b3e876",64,2,4,2,"average",2,"exp3"
"566a17d07da0350012b3e876",65,20,5.5,20,"average",20,"exp3"
"566a17d07da0350012b3e876",66,20,5.5,20,"average",20,"exp3"
"566a17d07da0350012b3e876",67,2,4,2,"average",2,"exp3"
"566a17d07da0350012b3e876",68,20,5.5,20,"average",20,"exp3"
"566a17d07da0350012b3e876",69,2,4,2,"average",2,"exp3"
"566a17d07da0350012b3e876",70,20,5.5,20,"average",20,"exp3"
"566a17d07da0350012b3e876",71,2,4,2,"average",2,"exp3"
"566a17d07da0350012b3e876",72,20,5.5,20,"average",20,"exp3"
"566a17d07da0350012b3e876",73,20,5.5,20,"average",20,"exp3"
"566a17d07da0350012b3e876",74,20,5.5,20,"average",20,"exp3"
"566a17d07da0350012b3e876",75,2,4,2,"average",2,"exp3"
"566a17d07da0350012b3e876",76,2,4,2,"average",2,"exp3"
"566a17d07da0350012b3e876",77,20,5.5,20,"average",20,"exp3"
"566a17d07da0350012b3e876",78,2,4,2,"average",2,"exp3"
"566a17d07da0350012b3e876",79,2,4,2,"average",2,"exp3"
"566a17d07da0350012b3e876",80,2,4,2,"average",2,"exp3"
"566a17d07da0350012b3e876",81,2,4,2,"average",2,"exp3"
"566a17d07da0350012b3e876",82,20,5.5,20,"average",20,"exp3"
"566a17d07da0350012b3e876",83,20,5.5,20,"average",20,"exp3"
"566a17d07da0350012b3e876",84,20,5.5,20,"average",20,"exp3"
"566a17d07da0350012b3e876",85,20,5.5,20,"average",20,"exp3"
"566a17d07da0350012b3e876",86,2,4,2,"average",2,"exp3"
"566a17d07da0350012b3e876",87,20,5.5,20,"average",20,"exp3"
"566a17d07da0350012b3e876",88,2,4,2,"average",2,"exp3"
"566a17d07da0350012b3e876",89,20,5.5,20,"average",20,"exp3"
"566a17d07da0350012b3e876",90,20,5.5,20,"average",20,"exp3"
"566a17d07da0350012b3e876",91,2,4,2,"average",2,"exp3"
"566a17d07da0350012b3e876",92,2,4,2,"average",2,"exp3"
"566a17d07da0350012b3e876",93,10,5.9464274989274,10,"average",10,"exp3"
"566a17d07da0350012b3e876",94,10,5.9464274989274,10,"average",10,"exp3"
"566a17d07da0350012b3e876",95,10,5.9464274989274,10,"average",10,"exp3"
"566a17d07da0350012b3e876",96,10,5.9464274989274,10,"average",10,"exp3"
"566a17d07da0350012b3e876",97,10,5.9464274989274,10,"average",10,"exp3"
"566a17d07da0350012b3e876",98,10,5.9464274989274,10,"average",10,"exp3"
"566a17d07da0350012b3e876",99,10,5.9464274989274,10,"average",10,"exp3"
"566a17d07da0350012b3e876",100,10,5.9464274989274,10,"average",10,"exp3"
"566a17d07da0350012b3e876",101,10,5.9464274989274,10,"average",10,"exp3"
"566a17d07da0350012b3e876",102,10,5.9464274989274,10,"average",10,"exp3"
"566a17d07da0350012b3e876",103,10,5.9464274989274,10,"average",10,"exp3"
"566a17d07da0350012b3e876",104,10,5.9464274989274,10,"average",10,"exp3"
"566a17d07da0350012b3e876",105,10,5.9464274989274,10,"average",10,"exp3"
"566a17d07da0350012b3e876",106,10,5.9464274989274,10,"average",10,"exp3"
"566a17d07da0350012b3e876",107,10,5.9464274989274,10,"average",10,"exp3"
"566a17d07da0350012b3e876",108,10,5.9464274989274,10,"average",10,"exp3"
"682b8071ffc2da7edd49f10c",9,2,5.5,2,"average",2,"exp3"
"682b8071ffc2da7edd49f10c",13,10,5.9464274989274,10,"average",10,"exp3"
"682b8071ffc2da7edd49f10c",14,10,5.9464274989274,10,"average",10,"exp3"
"682b8071ffc2da7edd49f10c",15,10,5.9464274989274,10,"average",10,"exp3"
"682b8071ffc2da7edd49f10c",16,20,5.5,20,"average",20,"exp3"
"682b8071ffc2da7edd49f10c",17,2,4,2,"average",2,"exp3"
"682b8071ffc2da7edd49f10c",18,20,5.5,20,"average",20,"exp3"
"682b8071ffc2da7edd49f10c",19,2,4,2,"average",2,"exp3"
"682b8071ffc2da7edd49f10c",20,20,5.5,20,"average",20,"exp3"
"682b8071ffc2da7edd49f10c",21,2,4,2,"average",2,"exp3"
"682b8071ffc2da7edd49f10c",22,20,5.5,20,"average",20,"exp3"
"682b8071ffc2da7edd49f10c",23,2,4,2,"average",2,"exp3"
"682b8071ffc2da7edd49f10c",24,10,5.9464274989274,10,"average",10,"exp3"
"682b8071ffc2da7edd49f10c",25,2,4,2,"average",2,"exp3"
"682b8071ffc2da7edd49f10c",26,2,4,2,"average",2,"exp3"
"682b8071ffc2da7edd49f10c",27,10,5.9464274989274,10,"average",10,"exp3"
"682b8071ffc2da7edd49f10c",28,10,5.9464274989274,10,"average",10,"exp3"
"682b8071ffc2da7edd49f10c",29,10,5.9464274989274,10,"average",10,"exp3"
"682b8071ffc2da7edd49f10c",30,2,4,2,"average",2,"exp3"
"682b8071ffc2da7edd49f10c",31,20,5.5,20,"average",20,"exp3"
"682b8071ffc2da7edd49f10c",32,10,5.9464274989274,10,"average",10,"exp3"
"682b8071ffc2da7edd49f10c",33,10,5.9464274989274,10,"average",10,"exp3"
"682b8071ffc2da7edd49f10c",34,20,5.5,20,"average",20,"exp3"
"682b8071ffc2da7edd49f10c",35,10,5.9464274989274,10,"average",10,"exp3"
"682b8071ffc2da7edd49f10c",36,20,5.5,20,"average",20,"exp3"
"682b8071ffc2da7edd49f10c",37,20,5.5,20,"average",20,"exp3"
"682b8071ffc2da7edd49f10c",38,10,5.9464274989274,10,"average",10,"exp3"
"682b8071ffc2da7edd49f10c",39,20,5.5,20,"average",20,"exp3"
"682b8071ffc2da7edd49f10c",40,2,4,2,"average",2,"exp3"
"682b8071ffc2da7edd49f10c",41,20,5.5,20,"average",20,"exp3"
"682b8071ffc2da7edd49f10c",42,20,5.5,20,"average",20,"exp3"
"682b8071ffc2da7edd49f10c",43,10,5.9464274989274,10,"average",10,"exp3"
"682b8071ffc2da7edd49f10c",44,2,4,2,"average",2,"exp3"
"682b8071ffc2da7edd49f10c",45,2,4,2,"average",2,"exp3"
"682b8071ffc2da7edd49f10c",46,20,5.5,20,"average",20,"exp3"
"682b8071ffc2da7edd49f10c",47,20,5.5,20,"average",20,"exp3"
"682b8071ffc2da7edd49f10c",48,2,4,2,"average",2,"exp3"
"682b8071ffc2da7edd49f10c",49,10,5.9464274989274,10,"average",10,"exp3"
"682b8071ffc2da7edd49f10c",50,2,4,2,"average",2,"exp3"
"682b8071ffc2da7edd49f10c",51,2,4,2,"average",2,"exp3"
"682b8071ffc2da7edd49f10c",52,20,5.5,20,"average",20,"exp3"
"682b8071ffc2da7edd49f10c",53,2,4,2,"average",2,"exp3"
"682b8071ffc2da7edd49f10c",54,2,4,2,"average",2,"exp3"
"682b8071ffc2da7edd49f10c",55,2,4,2,"average",2,"exp3"
"682b8071ffc2da7edd49f10c",56,10,5.9464274989274,10,"average",10,"exp3"
"682b8071ffc2da7edd49f10c",57,20,5.5,20,"average",20,"exp3"
"682b8071ffc2da7edd49f10c",58,20,5.5,20,"average",20,"exp3"
"682b8071ffc2da7edd49f10c",59,10,5.9464274989274,10,"average",10,"exp3"
"682b8071ffc2da7edd49f10c",60,10,5.9464274989274,10,"average",10,"exp3"
"682b8071ffc2da7edd49f10c",61,10,5.9464274989274,10,"average",10,"exp3"
"682b8071ffc2da7edd49f10c",62,2,4,2,"average",2,"exp3"
"682b8071ffc2da7edd49f10c",63,20,5.5,20,"average",20,"exp3"
"682b8071ffc2da7edd49f10c",64,2,4,2,"average",2,"exp3"
"682b8071ffc2da7edd49f10c",65,20,5.5,20,"average",20,"exp3"
"682b8071ffc2da7edd49f10c",66,20,5.5,20,"average",20,"exp3"
"682b8071ffc2da7edd49f10c",67,20,5.5,20,"average",20,"exp3"
"682b8071ffc2da7edd49f10c",68,2,4,2,"average",2,"exp3"
"682b8071ffc2da7edd49f10c",69,10,5.9464274989274,10,"average",10,"exp3"
"682b8071ffc2da7edd49f10c",70,20,5.5,20,"average",20,"exp3"
"682b8071ffc2da7edd49f10c",71,2,4,2,"average",2,"exp3"
"682b8071ffc2da7edd49f10c",72,10,5.9464274989274,10,"average",10,"exp3"
"682b8071ffc2da7edd49f10c",73,10,5.9464274989274,10,"average",10,"exp3"
"682b8071ffc2da7edd49f10c",74,10,5.9464274989274,10,"average",10,"exp3"
"682b8071ffc2da7edd49f10c",75,10,5.9464274989274,10,"average",10,"exp3"
"682b8071ffc2da7edd49f10c",76,20,5.5,20,"average",20,"exp3"
"682b8071ffc2da7edd49f10c",77,2,4,2,"average",2,"exp3"
"682b8071ffc2da7edd49f10c",78,10,5.9464274989274,10,"average",10,"exp3"
"682b8071ffc2da7edd49f10c",79,2,4,2,"average",2,"exp3"
"682b8071ffc2da7edd49f10c",80,20,5.5,20,"average",20,"exp3"
"682b8071ffc2da7edd49f10c",81,10,5.9464274989274,10,"average",10,"exp3"
"682b8071ffc2da7edd49f10c",82,2,4,2,"average",2,"exp3"
"682b8071ffc2da7edd49f10c",83,10,5.9464274989274,10,"average",10,"exp3"
"682b8071ffc2da7edd49f10c",84,10,5.9464274989274,10,"average",10,"exp3"
"682b8071ffc2da7edd49f10c",85,10,5.9464274989274,10,"average",10,"exp3"
"682b8071ffc2da7edd49f10c",86,20,5.5,20,"average",20,"exp3"
"682b8071ffc2da7edd49f10c",87,20,5.5,20,"average",20,"exp3"
"682b8071ffc2da7edd49f10c",88,10,5.9464274989274,10,"average",10,"exp3"
"682b8071ffc2da7edd49f10c",89,2,4,2,"average",2,"exp3"
"682b8071ffc2da7edd49f10c",90,20,5.5,20,"average",20,"exp3"
"682b8071ffc2da7edd49f10c",91,2,4,2,"average",2,"exp3"
"682b8071ffc2da7edd49f10c",92,2,4,2,"average",2,"exp3"
"682b8071ffc2da7edd49f10c",93,10,5.9464274989274,10,"average",10,"exp3"
"682b8071ffc2da7edd49f10c",94,2,4,2,"average",2,"exp3"
"682b8071ffc2da7edd49f10c",95,20,5.5,20,"average",20,"exp3"
"682b8071ffc2da7edd49f10c",96,10,5.9464274989274,10,"average",10,"exp3"
"682b8071ffc2da7edd49f10c",97,20,5.5,20,"average",20,"exp3"
"682b8071ffc2da7edd49f10c",98,2,4,2,"average",2,"exp3"
"682b8071ffc2da7edd49f10c",99,2,4,2,"average",2,"exp3"
"682b8071ffc2da7edd49f10c",100,20,5.5,20,"average",20,"exp3"
"682b8071ffc2da7edd49f10c",101,2,4,2,"average",2,"exp3"
"682b8071ffc2da7edd49f10c",102,2,4,2,"average",2,"exp3"
"682b8071ffc2da7edd49f10c",103,20,5.5,20,"average",20,"exp3"
"682b8071ffc2da7edd49f10c",104,2,4,2,"average",2,"exp3"
"682b8071ffc2da7edd49f10c",105,20,5.5,20,"average",20,"exp3"
"682b8071ffc2da7edd49f10c",106,10,5.9464274989274,10,"average",10,"exp3"
"682b8071ffc2da7edd49f10c",107,10,5.9464274989274,10,"average",10,"exp3"
"682b8071ffc2da7edd49f10c",108,20,5.5,20,"average",20,"exp3"
"5c1021a547d07800011a23de",2,10,5.12737749731771,10,"average",10,"exp3"
"5c1021a547d07800011a23de",5,2,4.5,2,"average",2,"exp3"
"5c1021a547d07800011a23de",10,2,6,2,"average",2,"exp3"
"5c1021a547d07800011a23de",13,2,4,2,"average",2,"exp3"
"5c1021a547d07800011a23de",14,10,5.9464274989274,10,"average",10,"exp3"
"5c1021a547d07800011a23de",15,20,5.5,20,"average",20,"exp3"
"5c1021a547d07800011a23de",16,20,5.5,20,"average",20,"exp3"
"66ca18ce20c4af7baa912758",10,2,2,2,"average",2,"exp3"
"66ca18ce20c4af7baa912758",13,2,4,2,"average",2,"exp3"
"66ca18ce20c4af7baa912758",14,10,5.9464274989274,10,"average",10,"exp3"
"66ca18ce20c4af7baa912758",15,20,5.5,20,"average",20,"exp3"
"66ca18ce20c4af7baa912758",16,2,4,2,"average",2,"exp3"
"66ca18ce20c4af7baa912758",17,20,5.5,20,"average",20,"exp3"
"66ca18ce20c4af7baa912758",18,2,4,2,"average",2,"exp3"
"66ca18ce20c4af7baa912758",19,2,4,2,"average",2,"exp3"
"66ca18ce20c4af7baa912758",20,20,5.5,20,"average",20,"exp3"
"66ca18ce20c4af7baa912758",21,2,4,2,"average",2,"exp3"
"66ca18ce20c4af7baa912758",22,20,5.5,20,"average",20,"exp3"
"66ca18ce20c4af7baa912758",23,10,5.9464274989274,10,"average",10,"exp3"
"66ca18ce20c4af7baa912758",24,10,5.9464274989274,10,"average",10,"exp3"
"66ca18ce20c4af7baa912758",25,20,5.5,20,"average",20,"exp3"
"66ca18ce20c4af7baa912758",26,20,5.5,20,"average",20,"exp3"
"66ca18ce20c4af7baa912758",27,10,5.9464274989274,10,"average",10,"exp3"
"66ca18ce20c4af7baa912758",28,2,4,2,"average",2,"exp3"
"66ca18ce20c4af7baa912758",29,20,5.5,20,"average",20,"exp3"
"66ca18ce20c4af7baa912758",30,2,4,2,"average",2,"exp3"
"66ca18ce20c4af7baa912758",31,10,5.9464274989274,10,"average",10,"exp3"
"66ca18ce20c4af7baa912758",32,2,4,2,"average",2,"exp3"
"66ca18ce20c4af7baa912758",33,10,5.9464274989274,10,"average",10,"exp3"
"66ca18ce20c4af7baa912758",34,10,5.9464274989274,10,"average",10,"exp3"
"66ca18ce20c4af7baa912758",35,10,5.9464274989274,10,"average",10,"exp3"
"66ca18ce20c4af7baa912758",36,2,4,2,"average",2,"exp3"
"66ca18ce20c4af7baa912758",37,20,5.5,20,"average",20,"exp3"
"66ca18ce20c4af7baa912758",38,2,4,2,"average",2,"exp3"
"66ca18ce20c4af7baa912758",39,20,5.5,20,"average",20,"exp3"
"66ca18ce20c4af7baa912758",40,10,5.9464274989274,10,"average",10,"exp3"
"66ca18ce20c4af7baa912758",41,2,4,2,"average",2,"exp3"
"66ca18ce20c4af7baa912758",42,2,4,2,"average",2,"exp3"
"66ca18ce20c4af7baa912758",43,10,5.9464274989274,10,"average",10,"exp3"
"66ca18ce20c4af7baa912758",44,10,5.9464274989274,10,"average",10,"exp3"
"66ca18ce20c4af7baa912758",45,10,5.9464274989274,10,"average",10,"exp3"
"66ca18ce20c4af7baa912758",46,10,5.9464274989274,10,"average",10,"exp3"
"66ca18ce20c4af7baa912758",47,20,5.5,20,"average",20,"exp3"
"66ca18ce20c4af7baa912758",48,20,5.5,20,"average",20,"exp3"
"66ca18ce20c4af7baa912758",49,10,5.9464274989274,10,"average",10,"exp3"
"66ca18ce20c4af7baa912758",50,2,4,2,"average",2,"exp3"
"66ca18ce20c4af7baa912758",51,2,4,2,"average",2,"exp3"
"66ca18ce20c4af7baa912758",52,10,5.9464274989274,10,"average",10,"exp3"
"66ca18ce20c4af7baa912758",53,2,4,2,"average",2,"exp3"
"66ca18ce20c4af7baa912758",54,20,5.5,20,"average",20,"exp3"
"66ca18ce20c4af7baa912758",55,2,4,2,"average",2,"exp3"
"66ca18ce20c4af7baa912758",56,20,5.5,20,"average",20,"exp3"
"66ca18ce20c4af7baa912758",57,20,5.5,20,"average",20,"exp3"
"66ca18ce20c4af7baa912758",58,20,5.5,20,"average",20,"exp3"
"66ca18ce20c4af7baa912758",59,20,5.5,20,"average",20,"exp3"
"66ca18ce20c4af7baa912758",60,10,5.9464274989274,10,"average",10,"exp3"
"66ca18ce20c4af7baa912758",61,10,5.9464274989274,10,"average",10,"exp3"
"66ca18ce20c4af7baa912758",62,10,5.9464274989274,10,"average",10,"exp3"
"66ca18ce20c4af7baa912758",63,10,5.9464274989274,10,"average",10,"exp3"
"66ca18ce20c4af7baa912758",64,10,5.9464274989274,10,"average",10,"exp3"
"66ca18ce20c4af7baa912758",65,10,5.9464274989274,10,"average",10,"exp3"
"66ca18ce20c4af7baa912758",66,2,4,2,"average",2,"exp3"
"66ca18ce20c4af7baa912758",67,20,5.5,20,"average",20,"exp3"
"66ca18ce20c4af7baa912758",68,20,5.5,20,"average",20,"exp3"
"66ca18ce20c4af7baa912758",69,20,5.5,20,"average",20,"exp3"
"66ca18ce20c4af7baa912758",70,20,5.5,20,"average",20,"exp3"
"66ca18ce20c4af7baa912758",71,2,4,2,"average",2,"exp3"
"66ca18ce20c4af7baa912758",72,20,5.5,20,"average",20,"exp3"
"66ca18ce20c4af7baa912758",73,2,4,2,"average",2,"exp3"
"66ca18ce20c4af7baa912758",74,2,4,2,"average",2,"exp3"
"66ca18ce20c4af7baa912758",75,10,5.9464274989274,10,"average",10,"exp3"
"66ca18ce20c4af7baa912758",76,2,4,2,"average",2,"exp3"
"66ca18ce20c4af7baa912758",77,20,5.5,20,"average",20,"exp3"
"66ca18ce20c4af7baa912758",78,2,4,2,"average",2,"exp3"
"66ca18ce20c4af7baa912758",79,20,5.5,20,"average",20,"exp3"
"66ca18ce20c4af7baa912758",80,2,4,2,"average",2,"exp3"
"66ca18ce20c4af7baa912758",81,10,5.9464274989274,10,"average",10,"exp3"
"66ca18ce20c4af7baa912758",82,2,4,2,"average",2,"exp3"
"66ca18ce20c4af7baa912758",83,10,5.9464274989274,10,"average",10,"exp3"
"66ca18ce20c4af7baa912758",84,2,4,2,"average",2,"exp3"
"66ca18ce20c4af7baa912758",85,2,4,2,"average",2,"exp3"
"66ca18ce20c4af7baa912758",86,10,5.9464274989274,10,"average",10,"exp3"
"66ca18ce20c4af7baa912758",87,10,5.9464274989274,10,"average",10,"exp3"
"66ca18ce20c4af7baa912758",88,20,5.5,20,"average",20,"exp3"
"66ca18ce20c4af7baa912758",89,2,4,2,"average",2,"exp3"
"66ca18ce20c4af7baa912758",90,10,5.9464274989274,10,"average",10,"exp3"
"66ca18ce20c4af7baa912758",91,20,5.5,20,"average",20,"exp3"
"66ca18ce20c4af7baa912758",92,2,4,2,"average",2,"exp3"
"66ca18ce20c4af7baa912758",93,2,4,2,"average",2,"exp3"
"66ca18ce20c4af7baa912758",94,20,5.5,20,"average",20,"exp3"
"66ca18ce20c4af7baa912758",95,10,5.9464274989274,10,"average",10,"exp3"
"66ca18ce20c4af7baa912758",96,2,4,2,"average",2,"exp3"
"66ca18ce20c4af7baa912758",97,10,5.9464274989274,10,"average",10,"exp3"
"66ca18ce20c4af7baa912758",98,10,5.9464274989274,10,"average",10,"exp3"
"66ca18ce20c4af7baa912758",99,2,4,2,"average",2,"exp3"
"66ca18ce20c4af7baa912758",100,10,5.9464274989274,10,"average",10,"exp3"
"66ca18ce20c4af7baa912758",101,2,4,2,"average",2,"exp3"
"66ca18ce20c4af7baa912758",102,20,5.5,20,"average",20,"exp3"
"66ca18ce20c4af7baa912758",103,20,5.5,20,"average",20,"exp3"
"66ca18ce20c4af7baa912758",104,20,5.5,20,"average",20,"exp3"
"66ca18ce20c4af7baa912758",105,10,5.9464274989274,10,"average",10,"exp3"
"66ca18ce20c4af7baa912758",106,20,5.5,20,"average",20,"exp3"
"66ca18ce20c4af7baa912758",107,20,5.5,20,"average",20,"exp3"
"66ca18ce20c4af7baa912758",108,20,5.5,20,"average",20,"exp3"
"66a02d45a7db35d93c9f6a81",4,10,5.35163526410386,10,"average",10,"exp3"
"66a02d45a7db35d93c9f6a81",11,2,5,2,"average",2,"exp3"
"66a02d45a7db35d93c9f6a81",13,2,4,2,"average",2,"exp3"
"66a02d45a7db35d93c9f6a81",14,2,4,2,"average",2,"exp3"
"66a02d45a7db35d93c9f6a81",15,20,5.5,20,"average",20,"exp3"
"66a02d45a7db35d93c9f6a81",16,10,5.9464274989274,10,"average",10,"exp3"
"66a02d45a7db35d93c9f6a81",17,20,5.5,20,"average",20,"exp3"
"66a02d45a7db35d93c9f6a81",18,2,4,2,"average",2,"exp3"
"66a02d45a7db35d93c9f6a81",19,10,5.9464274989274,10,"average",10,"exp3"
"66a02d45a7db35d93c9f6a81",20,10,5.9464274989274,10,"average",10,"exp3"
"66a02d45a7db35d93c9f6a81",21,10,5.9464274989274,10,"average",10,"exp3"
"66a02d45a7db35d93c9f6a81",22,20,5.5,20,"average",20,"exp3"
"66a02d45a7db35d93c9f6a81",23,2,4,2,"average",2,"exp3"
"66a02d45a7db35d93c9f6a81",24,10,5.9464274989274,10,"average",10,"exp3"
"66a02d45a7db35d93c9f6a81",25,2,4,2,"average",2,"exp3"
"66a02d45a7db35d93c9f6a81",26,2,4,2,"average",2,"exp3"
"66a02d45a7db35d93c9f6a81",27,20,5.5,20,"average",20,"exp3"
"66a02d45a7db35d93c9f6a81",28,20,5.5,20,"average",20,"exp3"
"66a02d45a7db35d93c9f6a81",29,20,5.5,20,"average",20,"exp3"
"66a02d45a7db35d93c9f6a81",30,10,5.9464274989274,10,"average",10,"exp3"
"66a02d45a7db35d93c9f6a81",31,10,5.9464274989274,10,"average",10,"exp3"
"66a02d45a7db35d93c9f6a81",32,2,4,2,"average",2,"exp3"
"66a02d45a7db35d93c9f6a81",33,10,5.9464274989274,10,"average",10,"exp3"
"66a02d45a7db35d93c9f6a81",34,10,5.9464274989274,10,"average",10,"exp3"
"66a02d45a7db35d93c9f6a81",35,20,5.5,20,"average",20,"exp3"
"66a02d45a7db35d93c9f6a81",36,20,5.5,20,"average",20,"exp3"
"66a02d45a7db35d93c9f6a81",37,10,5.9464274989274,10,"average",10,"exp3"
"66a02d45a7db35d93c9f6a81",38,2,4,2,"average",2,"exp3"
"66a02d45a7db35d93c9f6a81",39,2,4,2,"average",2,"exp3"
"66a02d45a7db35d93c9f6a81",40,20,5.5,20,"average",20,"exp3"
"66a02d45a7db35d93c9f6a81",41,2,4,2,"average",2,"exp3"
"66a02d45a7db35d93c9f6a81",42,10,5.9464274989274,10,"average",10,"exp3"
"66a02d45a7db35d93c9f6a81",43,20,5.5,20,"average",20,"exp3"
"66a02d45a7db35d93c9f6a81",44,20,5.5,20,"average",20,"exp3"
"66a02d45a7db35d93c9f6a81",45,2,4,2,"average",2,"exp3"
"66a02d45a7db35d93c9f6a81",46,10,5.9464274989274,10,"average",10,"exp3"
"66a02d45a7db35d93c9f6a81",47,20,5.5,20,"average",20,"exp3"
"66a02d45a7db35d93c9f6a81",48,2,4,2,"average",2,"exp3"
"66a02d45a7db35d93c9f6a81",49,2,4,2,"average",2,"exp3"
"66a02d45a7db35d93c9f6a81",50,2,4,2,"average",2,"exp3"
"66a02d45a7db35d93c9f6a81",51,10,5.9464274989274,10,"average",10,"exp3"
"66a02d45a7db35d93c9f6a81",52,20,5.5,20,"average",20,"exp3"
"66a02d45a7db35d93c9f6a81",53,10,5.9464274989274,10,"average",10,"exp3"
"66a02d45a7db35d93c9f6a81",54,20,5.5,20,"average",20,"exp3"
"66a02d45a7db35d93c9f6a81",55,2,4,2,"average",2,"exp3"
"66a02d45a7db35d93c9f6a81",56,10,5.9464274989274,10,"average",10,"exp3"
"66a02d45a7db35d93c9f6a81",57,20,5.5,20,"average",20,"exp3"
"66a02d45a7db35d93c9f6a81",58,10,5.9464274989274,10,"average",10,"exp3"
"66a02d45a7db35d93c9f6a81",59,2,4,2,"average",2,"exp3"
"66a02d45a7db35d93c9f6a81",60,20,5.5,20,"average",20,"exp3"
"66a02d45a7db35d93c9f6a81",61,2,4,2,"average",2,"exp3"
"66a02d45a7db35d93c9f6a81",62,20,5.5,20,"average",20,"exp3"
"66a02d45a7db35d93c9f6a81",63,2,4,2,"average",2,"exp3"
"66a02d45a7db35d93c9f6a81",64,10,5.9464274989274,10,"average",10,"exp3"
"66a02d45a7db35d93c9f6a81",65,2,4,2,"average",2,"exp3"
"66a02d45a7db35d93c9f6a81",66,10,5.9464274989274,10,"average",10,"exp3"
"66a02d45a7db35d93c9f6a81",67,2,4,2,"average",2,"exp3"
"66a02d45a7db35d93c9f6a81",68,20,5.5,20,"average",20,"exp3"
"66a02d45a7db35d93c9f6a81",69,2,4,2,"average",2,"exp3"
"66a02d45a7db35d93c9f6a81",70,2,4,2,"average",2,"exp3"
"66a02d45a7db35d93c9f6a81",71,10,5.9464274989274,10,"average",10,"exp3"
"66a02d45a7db35d93c9f6a81",72,20,5.5,20,"average",20,"exp3"
"66a02d45a7db35d93c9f6a81",73,10,5.9464274989274,10,"average",10,"exp3"
"66a02d45a7db35d93c9f6a81",74,10,5.9464274989274,10,"average",10,"exp3"
"66a02d45a7db35d93c9f6a81",75,10,5.9464274989274,10,"average",10,"exp3"
"66a02d45a7db35d93c9f6a81",76,10,5.9464274989274,10,"average",10,"exp3"
"66a02d45a7db35d93c9f6a81",77,20,5.5,20,"average",20,"exp3"
"66a02d45a7db35d93c9f6a81",78,20,5.5,20,"average",20,"exp3"
"66a02d45a7db35d93c9f6a81",79,2,4,2,"average",2,"exp3"
"66a02d45a7db35d93c9f6a81",80,10,5.9464274989274,10,"average",10,"exp3"
"66a02d45a7db35d93c9f6a81",81,20,5.5,20,"average",20,"exp3"
"66a02d45a7db35d93c9f6a81",82,20,5.5,20,"average",20,"exp3"
"66a02d45a7db35d93c9f6a81",83,10,5.9464274989274,10,"average",10,"exp3"
"66a02d45a7db35d93c9f6a81",84,20,5.5,20,"average",20,"exp3"
"66a02d45a7db35d93c9f6a81",85,2,4,2,"average",2,"exp3"
"66a02d45a7db35d93c9f6a81",86,10,5.9464274989274,10,"average",10,"exp3"
"66a02d45a7db35d93c9f6a81",87,10,5.9464274989274,10,"average",10,"exp3"
"66a02d45a7db35d93c9f6a81",88,20,5.5,20,"average",20,"exp3"
"66a02d45a7db35d93c9f6a81",89,2,4,2,"average",2,"exp3"
"66a02d45a7db35d93c9f6a81",90,2,4,2,"average",2,"exp3"
"66a02d45a7db35d93c9f6a81",91,10,5.9464274989274,10,"average",10,"exp3"
"66a02d45a7db35d93c9f6a81",92,10,5.9464274989274,10,"average",10,"exp3"
"66a02d45a7db35d93c9f6a81",93,2,4,2,"average",2,"exp3"
"66a02d45a7db35d93c9f6a81",94,2,4,2,"average",2,"exp3"
"66a02d45a7db35d93c9f6a81",95,10,5.9464274989274,10,"average",10,"exp3"
"66a02d45a7db35d93c9f6a81",96,20,5.5,20,"average",20,"exp3"
"66a02d45a7db35d93c9f6a81",97,2,4,2,"average",2,"exp3"
"66a02d45a7db35d93c9f6a81",98,2,4,2,"average",2,"exp3"
"66a02d45a7db35d93c9f6a81",99,20,5.5,20,"average",20,"exp3"
"66a02d45a7db35d93c9f6a81",100,20,5.5,20,"average",20,"exp3"
"66a02d45a7db35d93c9f6a81",101,20,5.5,20,"average",20,"exp3"
"66a02d45a7db35d93c9f6a81",102,20,5.5,20,"average",20,"exp3"
"66a02d45a7db35d93c9f6a81",103,2,4,2,"average",2,"exp3"
"66a02d45a7db35d93c9f6a81",104,10,5.9464274989274,10,"average",10,"exp3"
"66a02d45a7db35d93c9f6a81",105,20,5.5,20,"average",20,"exp3"
"66a02d45a7db35d93c9f6a81",106,2,4,2,"average",2,"exp3"
"66a02d45a7db35d93c9f6a81",107,20,5.5,20,"average",20,"exp3"
"66a02d45a7db35d93c9f6a81",108,10,5.9464274989274,10,"average",10,"exp3"
"5f5e32a0d6a12c6857b8e127",3,10,6.3285069329187,10,"average",10,"exp3"
"5f5e32a0d6a12c6857b8e127",4,10,5.98748695196908,10,"average",10,"exp3"
"5f5e32a0d6a12c6857b8e127",8,2,3,2,"average",2,"exp3"
"5f5e32a0d6a12c6857b8e127",12,2,3,2,"average",2,"exp3"
"5f5e32a0d6a12c6857b8e127",13,10,5.9464274989274,10,"average",10,"exp3"
"5f5e32a0d6a12c6857b8e127",14,2,4,2,"average",2,"exp3"
"5f5e32a0d6a12c6857b8e127",15,2,4,2,"average",2,"exp3"
"5f5e32a0d6a12c6857b8e127",16,10,5.9464274989274,10,"average",10,"exp3"
"5f5e32a0d6a12c6857b8e127",17,2,4,2,"average",2,"exp3"
"5f5e32a0d6a12c6857b8e127",18,10,5.9464274989274,10,"average",10,"exp3"
"5f5e32a0d6a12c6857b8e127",19,2,4,2,"average",2,"exp3"
"5f5e32a0d6a12c6857b8e127",20,10,5.9464274989274,10,"average",10,"exp3"
"5f5e32a0d6a12c6857b8e127",21,20,5.5,20,"average",20,"exp3"
"5f5e32a0d6a12c6857b8e127",22,2,4,2,"average",2,"exp3"
"5f5e32a0d6a12c6857b8e127",23,10,5.9464274989274,10,"average",10,"exp3"
"5f5e32a0d6a12c6857b8e127",24,20,5.5,20,"average",20,"exp3"
"5f5e32a0d6a12c6857b8e127",25,20,5.5,20,"average",20,"exp3"
"5f5e32a0d6a12c6857b8e127",26,2,4,2,"average",2,"exp3"
"5f5e32a0d6a12c6857b8e127",27,20,5.5,20,"average",20,"exp3"
"5f5e32a0d6a12c6857b8e127",28,2,4,2,"average",2,"exp3"
"5f5e32a0d6a12c6857b8e127",29,10,5.9464274989274,10,"average",10,"exp3"
"5f5e32a0d6a12c6857b8e127",30,10,5.9464274989274,10,"average",10,"exp3"
"5f5e32a0d6a12c6857b8e127",31,20,5.5,20,"average",20,"exp3"
"5f5e32a0d6a12c6857b8e127",32,2,4,2,"average",2,"exp3"
"5f5e32a0d6a12c6857b8e127",33,10,5.9464274989274,10,"average",10,"exp3"
"5f5e32a0d6a12c6857b8e127",34,20,5.5,20,"average",20,"exp3"
"5f5e32a0d6a12c6857b8e127",35,20,5.5,20,"average",20,"exp3"
"5f5e32a0d6a12c6857b8e127",36,2,4,2,"average",2,"exp3"
"5f5e32a0d6a12c6857b8e127",37,2,4,2,"average",2,"exp3"
"5f5e32a0d6a12c6857b8e127",38,10,5.9464274989274,10,"average",10,"exp3"
"5f5e32a0d6a12c6857b8e127",39,20,5.5,20,"average",20,"exp3"
"5f5e32a0d6a12c6857b8e127",40,2,4,2,"average",2,"exp3"
"5f5e32a0d6a12c6857b8e127",41,2,4,2,"average",2,"exp3"
"5f5e32a0d6a12c6857b8e127",42,10,5.9464274989274,10,"average",10,"exp3"
"5f5e32a0d6a12c6857b8e127",43,20,5.5,20,"average",20,"exp3"
"5f5e32a0d6a12c6857b8e127",44,10,5.9464274989274,10,"average",10,"exp3"
"5f5e32a0d6a12c6857b8e127",45,20,5.5,20,"average",20,"exp3"
"5f5e32a0d6a12c6857b8e127",46,10,5.9464274989274,10,"average",10,"exp3"
"5f5e32a0d6a12c6857b8e127",47,10,5.9464274989274,10,"average",10,"exp3"
"5f5e32a0d6a12c6857b8e127",48,10,5.9464274989274,10,"average",10,"exp3"
"5f5e32a0d6a12c6857b8e127",49,20,5.5,20,"average",20,"exp3"
"5f5e32a0d6a12c6857b8e127",50,20,5.5,20,"average",20,"exp3"
"5f5e32a0d6a12c6857b8e127",51,2,4,2,"average",2,"exp3"
"5f5e32a0d6a12c6857b8e127",52,20,5.5,20,"average",20,"exp3"
"5f5e32a0d6a12c6857b8e127",53,10,5.9464274989274,10,"average",10,"exp3"
"5f5e32a0d6a12c6857b8e127",54,2,4,2,"average",2,"exp3"
"5f5e32a0d6a12c6857b8e127",55,2,4,2,"average",2,"exp3"
"5f5e32a0d6a12c6857b8e127",56,20,5.5,20,"average",20,"exp3"
"5f5e32a0d6a12c6857b8e127",57,2,4,2,"average",2,"exp3"
"5f5e32a0d6a12c6857b8e127",58,10,5.9464274989274,10,"average",10,"exp3"
"5f5e32a0d6a12c6857b8e127",59,20,5.5,20,"average",20,"exp3"
"5f5e32a0d6a12c6857b8e127",60,20,5.5,20,"average",20,"exp3"
"5f5e32a0d6a12c6857b8e127",61,2,4,2,"average",2,"exp3"
"5f5e32a0d6a12c6857b8e127",62,10,5.9464274989274,10,"average",10,"exp3"
"5f5e32a0d6a12c6857b8e127",63,2,4,2,"average",2,"exp3"
"5f5e32a0d6a12c6857b8e127",64,2,4,2,"average",2,"exp3"
"5f5e32a0d6a12c6857b8e127",65,20,5.5,20,"average",20,"exp3"
"5f5e32a0d6a12c6857b8e127",66,2,4,2,"average",2,"exp3"
"5f5e32a0d6a12c6857b8e127",67,20,5.5,20,"average",20,"exp3"
"5f5e32a0d6a12c6857b8e127",68,2,4,2,"average",2,"exp3"
"5f5e32a0d6a12c6857b8e127",69,10,5.9464274989274,10,"average",10,"exp3"
"5f5e32a0d6a12c6857b8e127",70,10,5.9464274989274,10,"average",10,"exp3"
"5f5e32a0d6a12c6857b8e127",71,10,5.9464274989274,10,"average",10,"exp3"
"5f5e32a0d6a12c6857b8e127",72,10,5.9464274989274,10,"average",10,"exp3"
"5f5e32a0d6a12c6857b8e127",73,10,5.9464274989274,10,"average",10,"exp3"
"5f5e32a0d6a12c6857b8e127",74,20,5.5,20,"average",20,"exp3"
"5f5e32a0d6a12c6857b8e127",75,20,5.5,20,"average",20,"exp3"
"5f5e32a0d6a12c6857b8e127",76,2,4,2,"average",2,"exp3"
"5f5e32a0d6a12c6857b8e127",77,2,4,2,"average",2,"exp3"
"5f5e32a0d6a12c6857b8e127",78,2,4,2,"average",2,"exp3"
"5f5e32a0d6a12c6857b8e127",79,2,4,2,"average",2,"exp3"
"5f5e32a0d6a12c6857b8e127",80,10,5.9464274989274,10,"average",10,"exp3"
"5f5e32a0d6a12c6857b8e127",81,2,4,2,"average",2,"exp3"
"5f5e32a0d6a12c6857b8e127",82,20,5.5,20,"average",20,"exp3"
"5f5e32a0d6a12c6857b8e127",83,10,5.9464274989274,10,"average",10,"exp3"
"5f5e32a0d6a12c6857b8e127",84,20,5.5,20,"average",20,"exp3"
"5f5e32a0d6a12c6857b8e127",85,2,4,2,"average",2,"exp3"
"5f5e32a0d6a12c6857b8e127",86,2,4,2,"average",2,"exp3"
"5f5e32a0d6a12c6857b8e127",87,20,5.5,20,"average",20,"exp3"
"5f5e32a0d6a12c6857b8e127",88,20,5.5,20,"average",20,"exp3"
"5f5e32a0d6a12c6857b8e127",89,20,5.5,20,"average",20,"exp3"
"5f5e32a0d6a12c6857b8e127",90,2,4,2,"average",2,"exp3"
"5f5e32a0d6a12c6857b8e127",91,2,4,2,"average",2,"exp3"
"5f5e32a0d6a12c6857b8e127",92,20,5.5,20,"average",20,"exp3"
"5f5e32a0d6a12c6857b8e127",93,10,5.9464274989274,10,"average",10,"exp3"
"5f5e32a0d6a12c6857b8e127",94,2,4,2,"average",2,"exp3"
"5f5e32a0d6a12c6857b8e127",95,10,5.9464274989274,10,"average",10,"exp3"
"5f5e32a0d6a12c6857b8e127",96,20,5.5,20,"average",20,"exp3"
"5f5e32a0d6a12c6857b8e127",97,10,5.9464274989274,10,"average",10,"exp3"
"5f5e32a0d6a12c6857b8e127",98,10,5.9464274989274,10,"average",10,"exp3"
"5f5e32a0d6a12c6857b8e127",99,20,5.5,20,"average",20,"exp3"
"5f5e32a0d6a12c6857b8e127",100,20,5.5,20,"average",20,"exp3"
"5f5e32a0d6a12c6857b8e127",101,10,5.9464274989274,10,"average",10,"exp3"
"5f5e32a0d6a12c6857b8e127",102,20,5.5,20,"average",20,"exp3"
"5f5e32a0d6a12c6857b8e127",103,10,5.9464274989274,10,"average",10,"exp3"
"5f5e32a0d6a12c6857b8e127",104,10,5.9464274989274,10,"average",10,"exp3"
"5f5e32a0d6a12c6857b8e127",105,20,5.5,20,"average",20,"exp3"
"5f5e32a0d6a12c6857b8e127",106,2,4,2,"average",2,"exp3"
"5f5e32a0d6a12c6857b8e127",107,10,5.9464274989274,10,"average",10,"exp3"
"5f5e32a0d6a12c6857b8e127",108,20,5.5,20,"average",20,"exp3"
"573b8bc2f3580b0006ce0986",4,2,3,2,"average",2,"exp3"
"573b8bc2f3580b0006ce0986",8,2,2.5,2,"average",2,"exp3"
"573b8bc2f3580b0006ce0986",9,2,3,2,"average",2,"exp3"
"573b8bc2f3580b0006ce0986",10,2,5,2,"average",2,"exp3"
"573b8bc2f3580b0006ce0986",11,2,1,2,"average",2,"exp3"
"573b8bc2f3580b0006ce0986",13,20,5.5,20,"average",20,"exp3"
"573b8bc2f3580b0006ce0986",14,2,4,2,"average",2,"exp3"
"573b8bc2f3580b0006ce0986",15,20,5.5,20,"average",20,"exp3"
"573b8bc2f3580b0006ce0986",16,10,5.9464274989274,10,"average",10,"exp3"
"573b8bc2f3580b0006ce0986",17,2,4,2,"average",2,"exp3"
"573b8bc2f3580b0006ce0986",18,2,4,2,"average",2,"exp3"
"573b8bc2f3580b0006ce0986",19,10,5.9464274989274,10,"average",10,"exp3"
"573b8bc2f3580b0006ce0986",20,2,4,2,"average",2,"exp3"
"573b8bc2f3580b0006ce0986",21,10,5.9464274989274,10,"average",10,"exp3"
"573b8bc2f3580b0006ce0986",22,10,5.9464274989274,10,"average",10,"exp3"
"573b8bc2f3580b0006ce0986",23,10,5.9464274989274,10,"average",10,"exp3"
"573b8bc2f3580b0006ce0986",24,20,5.5,20,"average",20,"exp3"
"573b8bc2f3580b0006ce0986",25,10,5.9464274989274,10,"average",10,"exp3"
"573b8bc2f3580b0006ce0986",26,2,4,2,"average",2,"exp3"
"573b8bc2f3580b0006ce0986",27,2,4,2,"average",2,"exp3"
"573b8bc2f3580b0006ce0986",28,2,4,2,"average",2,"exp3"
"573b8bc2f3580b0006ce0986",29,10,5.9464274989274,10,"average",10,"exp3"
"573b8bc2f3580b0006ce0986",30,10,5.9464274989274,10,"average",10,"exp3"
"573b8bc2f3580b0006ce0986",31,10,5.9464274989274,10,"average",10,"exp3"
"573b8bc2f3580b0006ce0986",32,2,4,2,"average",2,"exp3"
"573b8bc2f3580b0006ce0986",33,2,4,2,"average",2,"exp3"
"573b8bc2f3580b0006ce0986",34,2,4,2,"average",2,"exp3"
"573b8bc2f3580b0006ce0986",35,10,5.9464274989274,10,"average",10,"exp3"
"573b8bc2f3580b0006ce0986",36,10,5.9464274989274,10,"average",10,"exp3"
"573b8bc2f3580b0006ce0986",37,20,5.5,20,"average",20,"exp3"
"573b8bc2f3580b0006ce0986",38,20,5.5,20,"average",20,"exp3"
"573b8bc2f3580b0006ce0986",39,10,5.9464274989274,10,"average",10,"exp3"
"573b8bc2f3580b0006ce0986",40,20,5.5,20,"average",20,"exp3"
"573b8bc2f3580b0006ce0986",41,20,5.5,20,"average",20,"exp3"
"573b8bc2f3580b0006ce0986",42,20,5.5,20,"average",20,"exp3"
"573b8bc2f3580b0006ce0986",43,2,4,2,"average",2,"exp3"
"573b8bc2f3580b0006ce0986",44,10,5.9464274989274,10,"average",10,"exp3"
"573b8bc2f3580b0006ce0986",45,20,5.5,20,"average",20,"exp3"
"573b8bc2f3580b0006ce0986",46,20,5.5,20,"average",20,"exp3"
"573b8bc2f3580b0006ce0986",47,20,5.5,20,"average",20,"exp3"
"573b8bc2f3580b0006ce0986",48,2,4,2,"average",2,"exp3"
"573b8bc2f3580b0006ce0986",49,2,4,2,"average",2,"exp3"
"573b8bc2f3580b0006ce0986",50,10,5.9464274989274,10,"average",10,"exp3"
"573b8bc2f3580b0006ce0986",51,20,5.5,20,"average",20,"exp3"
"573b8bc2f3580b0006ce0986",52,2,4,2,"average",2,"exp3"
"573b8bc2f3580b0006ce0986",53,10,5.9464274989274,10,"average",10,"exp3"
"573b8bc2f3580b0006ce0986",54,2,4,2,"average",2,"exp3"
"573b8bc2f3580b0006ce0986",55,10,5.9464274989274,10,"average",10,"exp3"
"573b8bc2f3580b0006ce0986",56,20,5.5,20,"average",20,"exp3"
"573b8bc2f3580b0006ce0986",57,20,5.5,20,"average",20,"exp3"
"573b8bc2f3580b0006ce0986",58,20,5.5,20,"average",20,"exp3"
"573b8bc2f3580b0006ce0986",59,2,4,2,"average",2,"exp3"
"573b8bc2f3580b0006ce0986",60,20,5.5,20,"average",20,"exp3"
"573b8bc2f3580b0006ce0986",61,10,5.9464274989274,10,"average",10,"exp3"
"573b8bc2f3580b0006ce0986",62,2,4,2,"average",2,"exp3"
"573b8bc2f3580b0006ce0986",63,10,5.9464274989274,10,"average",10,"exp3"
"573b8bc2f3580b0006ce0986",64,10,5.9464274989274,10,"average",10,"exp3"
"573b8bc2f3580b0006ce0986",65,2,4,2,"average",2,"exp3"
"573b8bc2f3580b0006ce0986",66,20,5.5,20,"average",20,"exp3"
"573b8bc2f3580b0006ce0986",67,2,4,2,"average",2,"exp3"
"573b8bc2f3580b0006ce0986",68,2,4,2,"average",2,"exp3"
"573b8bc2f3580b0006ce0986",69,20,5.5,20,"average",20,"exp3"
"573b8bc2f3580b0006ce0986",70,20,5.5,20,"average",20,"exp3"
"573b8bc2f3580b0006ce0986",71,2,4,2,"average",2,"exp3"
"573b8bc2f3580b0006ce0986",72,20,5.5,20,"average",20,"exp3"
"573b8bc2f3580b0006ce0986",73,2,4,2,"average",2,"exp3"
"573b8bc2f3580b0006ce0986",74,20,5.5,20,"average",20,"exp3"
"573b8bc2f3580b0006ce0986",75,10,5.9464274989274,10,"average",10,"exp3"
"573b8bc2f3580b0006ce0986",76,10,5.9464274989274,10,"average",10,"exp3"
"573b8bc2f3580b0006ce0986",77,10,5.9464274989274,10,"average",10,"exp3"
"573b8bc2f3580b0006ce0986",78,20,5.5,20,"average",20,"exp3"
"573b8bc2f3580b0006ce0986",79,20,5.5,20,"average",20,"exp3"
"573b8bc2f3580b0006ce0986",80,2,4,2,"average",2,"exp3"
"573b8bc2f3580b0006ce0986",81,2,4,2,"average",2,"exp3"
"573b8bc2f3580b0006ce0986",82,10,5.9464274989274,10,"average",10,"exp3"
"573b8bc2f3580b0006ce0986",83,2,4,2,"average",2,"exp3"
"573b8bc2f3580b0006ce0986",84,20,5.5,20,"average",20,"exp3"
"573b8bc2f3580b0006ce0986",85,2,4,2,"average",2,"exp3"
"573b8bc2f3580b0006ce0986",86,10,5.9464274989274,10,"average",10,"exp3"
"573b8bc2f3580b0006ce0986",87,2,4,2,"average",2,"exp3"
"573b8bc2f3580b0006ce0986",88,10,5.9464274989274,10,"average",10,"exp3"
"573b8bc2f3580b0006ce0986",89,2,4,2,"average",2,"exp3"
"573b8bc2f3580b0006ce0986",90,2,4,2,"average",2,"exp3"
"573b8bc2f3580b0006ce0986",91,20,5.5,20,"average",20,"exp3"
"573b8bc2f3580b0006ce0986",92,20,5.5,20,"average",20,"exp3"
"573b8bc2f3580b0006ce0986",93,10,5.9464274989274,10,"average",10,"exp3"
"573b8bc2f3580b0006ce0986",94,10,5.9464274989274,10,"average",10,"exp3"
"573b8bc2f3580b0006ce0986",95,20,5.5,20,"average",20,"exp3"
"573b8bc2f3580b0006ce0986",96,20,5.5,20,"average",20,"exp3"
"573b8bc2f3580b0006ce0986",97,10,5.9464274989274,10,"average",10,"exp3"
"573b8bc2f3580b0006ce0986",98,10,5.9464274989274,10,"average",10,"exp3"
"573b8bc2f3580b0006ce0986",99,10,5.9464274989274,10,"average",10,"exp3"
"573b8bc2f3580b0006ce0986",100,20,5.5,20,"average",20,"exp3"
"573b8bc2f3580b0006ce0986",101,2,4,2,"average",2,"exp3"
"573b8bc2f3580b0006ce0986",102,10,5.9464274989274,10,"average",10,"exp3"
"573b8bc2f3580b0006ce0986",103,20,5.5,20,"average",20,"exp3"
"573b8bc2f3580b0006ce0986",104,10,5.9464274989274,10,"average",10,"exp3"
"573b8bc2f3580b0006ce0986",105,20,5.5,20,"average",20,"exp3"
"573b8bc2f3580b0006ce0986",106,20,5.5,20,"average",20,"exp3"
"573b8bc2f3580b0006ce0986",107,2,4,2,"average",2,"exp3"
"573b8bc2f3580b0006ce0986",108,2,4,2,"average",2,"exp3"
"67f15a6eb321af2595c63b9b",2,2,3,2,"average",2,"exp3"
"67f15a6eb321af2595c63b9b",12,10,5.94978991225741,10,"average",10,"exp3"
"67f15a6eb321af2595c63b9b",13,10,5.9464274989274,10,"average",10,"exp3"
"67f15a6eb321af2595c63b9b",14,10,5.9464274989274,10,"average",10,"exp3"
"67f15a6eb321af2595c63b9b",15,2,4,2,"average",2,"exp3"
"67f15a6eb321af2595c63b9b",16,20,5.5,20,"average",20,"exp3"
"67f15a6eb321af2595c63b9b",17,20,5.5,20,"average",20,"exp3"
"67f15a6eb321af2595c63b9b",18,2,4,2,"average",2,"exp3"
"67f15a6eb321af2595c63b9b",19,2,4,2,"average",2,"exp3"
"67f15a6eb321af2595c63b9b",20,2,4,2,"average",2,"exp3"
"67f15a6eb321af2595c63b9b",21,2,4,2,"average",2,"exp3"
"67f15a6eb321af2595c63b9b",22,2,4,2,"average",2,"exp3"
"67f15a6eb321af2595c63b9b",23,10,5.9464274989274,10,"average",10,"exp3"
"67f15a6eb321af2595c63b9b",24,20,5.5,20,"average",20,"exp3"
"67f15a6eb321af2595c63b9b",25,2,4,2,"average",2,"exp3"
"67f15a6eb321af2595c63b9b",26,10,5.9464274989274,10,"average",10,"exp3"
"67f15a6eb321af2595c63b9b",27,20,5.5,20,"average",20,"exp3"
"67f15a6eb321af2595c63b9b",28,10,5.9464274989274,10,"average",10,"exp3"
"67f15a6eb321af2595c63b9b",29,2,4,2,"average",2,"exp3"
"67f15a6eb321af2595c63b9b",30,20,5.5,20,"average",20,"exp3"
"67f15a6eb321af2595c63b9b",31,20,5.5,20,"average",20,"exp3"
"67f15a6eb321af2595c63b9b",32,2,4,2,"average",2,"exp3"
"67f15a6eb321af2595c63b9b",33,20,5.5,20,"average",20,"exp3"
"67f15a6eb321af2595c63b9b",34,2,4,2,"average",2,"exp3"
"67f15a6eb321af2595c63b9b",35,2,4,2,"average",2,"exp3"
"67f15a6eb321af2595c63b9b",36,20,5.5,20,"average",20,"exp3"
"67f15a6eb321af2595c63b9b",37,20,5.5,20,"average",20,"exp3"
"67f15a6eb321af2595c63b9b",38,10,5.9464274989274,10,"average",10,"exp3"
"67f15a6eb321af2595c63b9b",39,20,5.5,20,"average",20,"exp3"
"67f15a6eb321af2595c63b9b",40,10,5.9464274989274,10,"average",10,"exp3"
"67f15a6eb321af2595c63b9b",41,10,5.9464274989274,10,"average",10,"exp3"
"67f15a6eb321af2595c63b9b",42,20,5.5,20,"average",20,"exp3"
"67f15a6eb321af2595c63b9b",43,2,4,2,"average",2,"exp3"
"67f15a6eb321af2595c63b9b",44,20,5.5,20,"average",20,"exp3"
"67f15a6eb321af2595c63b9b",45,20,5.5,20,"average",20,"exp3"
"67f15a6eb321af2595c63b9b",46,10,5.9464274989274,10,"average",10,"exp3"
"67f15a6eb321af2595c63b9b",47,2,4,2,"average",2,"exp3"
"67f15a6eb321af2595c63b9b",48,10,5.9464274989274,10,"average",10,"exp3"
"67f15a6eb321af2595c63b9b",49,2,4,2,"average",2,"exp3"
"67f15a6eb321af2595c63b9b",50,10,5.9464274989274,10,"average",10,"exp3"
"67f15a6eb321af2595c63b9b",51,10,5.9464274989274,10,"average",10,"exp3"
"67f15a6eb321af2595c63b9b",52,20,5.5,20,"average",20,"exp3"
"67f15a6eb321af2595c63b9b",53,10,5.9464274989274,10,"average",10,"exp3"
"67f15a6eb321af2595c63b9b",54,2,4,2,"average",2,"exp3"
"67f15a6eb321af2595c63b9b",55,10,5.9464274989274,10,"average",10,"exp3"
"67f15a6eb321af2595c63b9b",56,20,5.5,20,"average",20,"exp3"
"67f15a6eb321af2595c63b9b",57,20,5.5,20,"average",20,"exp3"
"67f15a6eb321af2595c63b9b",58,10,5.9464274989274,10,"average",10,"exp3"
"67f15a6eb321af2595c63b9b",59,2,4,2,"average",2,"exp3"
"67f15a6eb321af2595c63b9b",60,10,5.9464274989274,10,"average",10,"exp3"
"67f15a6eb321af2595c63b9b",61,2,4,2,"average",2,"exp3"
"67f15a6eb321af2595c63b9b",62,2,4,2,"average",2,"exp3"
"67f15a6eb321af2595c63b9b",63,20,5.5,20,"average",20,"exp3"
"67f15a6eb321af2595c63b9b",64,10,5.9464274989274,10,"average",10,"exp3"
"67f15a6eb321af2595c63b9b",65,10,5.9464274989274,10,"average",10,"exp3"
"67f15a6eb321af2595c63b9b",66,10,5.9464274989274,10,"average",10,"exp3"
"67f15a6eb321af2595c63b9b",67,2,4,2,"average",2,"exp3"
"67f15a6eb321af2595c63b9b",68,2,4,2,"average",2,"exp3"
"67f15a6eb321af2595c63b9b",69,2,4,2,"average",2,"exp3"
"67f15a6eb321af2595c63b9b",70,20,5.5,20,"average",20,"exp3"
"67f15a6eb321af2595c63b9b",71,10,5.9464274989274,10,"average",10,"exp3"
"67f15a6eb321af2595c63b9b",72,2,4,2,"average",2,"exp3"
"67f15a6eb321af2595c63b9b",73,2,4,2,"average",2,"exp3"
"67f15a6eb321af2595c63b9b",74,2,4,2,"average",2,"exp3"
"67f15a6eb321af2595c63b9b",75,20,5.5,20,"average",20,"exp3"
"67f15a6eb321af2595c63b9b",76,10,5.9464274989274,10,"average",10,"exp3"
"67f15a6eb321af2595c63b9b",77,10,5.9464274989274,10,"average",10,"exp3"
"67f15a6eb321af2595c63b9b",78,20,5.5,20,"average",20,"exp3"
"67f15a6eb321af2595c63b9b",79,20,5.5,20,"average",20,"exp3"
"67f15a6eb321af2595c63b9b",80,2,4,2,"average",2,"exp3"
"67f15a6eb321af2595c63b9b",81,2,4,2,"average",2,"exp3"
"67f15a6eb321af2595c63b9b",82,2,4,2,"average",2,"exp3"
"67f15a6eb321af2595c63b9b",83,2,4,2,"average",2,"exp3"
"67f15a6eb321af2595c63b9b",84,10,5.9464274989274,10,"average",10,"exp3"
"67f15a6eb321af2595c63b9b",85,20,5.5,20,"average",20,"exp3"
"67f15a6eb321af2595c63b9b",86,10,5.9464274989274,10,"average",10,"exp3"
"67f15a6eb321af2595c63b9b",87,20,5.5,20,"average",20,"exp3"
"67f15a6eb321af2595c63b9b",88,2,4,2,"average",2,"exp3"
"67f15a6eb321af2595c63b9b",89,20,5.5,20,"average",20,"exp3"
"67f15a6eb321af2595c63b9b",90,20,5.5,20,"average",20,"exp3"
"67f15a6eb321af2595c63b9b",91,20,5.5,20,"average",20,"exp3"
"67f15a6eb321af2595c63b9b",92,20,5.5,20,"average",20,"exp3"
"67f15a6eb321af2595c63b9b",93,10,5.9464274989274,10,"average",10,"exp3"
"67f15a6eb321af2595c63b9b",94,10,5.9464274989274,10,"average",10,"exp3"
"67f15a6eb321af2595c63b9b",95,2,4,2,"average",2,"exp3"
"67f15a6eb321af2595c63b9b",96,20,5.5,20,"average",20,"exp3"
"67f15a6eb321af2595c63b9b",97,20,5.5,20,"average",20,"exp3"
"67f15a6eb321af2595c63b9b",98,20,5.5,20,"average",20,"exp3"
"67f15a6eb321af2595c63b9b",99,2,4,2,"average",2,"exp3"
"67f15a6eb321af2595c63b9b",100,10,5.9464274989274,10,"average",10,"exp3"
"67f15a6eb321af2595c63b9b",101,10,5.9464274989274,10,"average",10,"exp3"
"67f15a6eb321af2595c63b9b",102,10,5.9464274989274,10,"average",10,"exp3"
"67f15a6eb321af2595c63b9b",103,20,5.5,20,"average",20,"exp3"
"67f15a6eb321af2595c63b9b",104,10,5.9464274989274,10,"average",10,"exp3"
"67f15a6eb321af2595c63b9b",105,10,5.9464274989274,10,"average",10,"exp3"
"67f15a6eb321af2595c63b9b",106,20,5.5,20,"average",20,"exp3"
"67f15a6eb321af2595c63b9b",107,10,5.9464274989274,10,"average",10,"exp3"
"67f15a6eb321af2595c63b9b",108,2,4,2,"average",2,"exp3"
"67eec9e200be02ad51843d9b",1,10,5.64358042380899,10,"average",10,"exp3"
"67eec9e200be02ad51843d9b",10,10,5.38144961882948,10,"average",10,"exp3"
"67eec9e200be02ad51843d9b",12,10,6.15142259969188,10,"average",10,"exp3"
"67eec9e200be02ad51843d9b",13,20,5.5,20,"average",20,"exp3"
"67eec9e200be02ad51843d9b",14,2,4,2,"average",2,"exp3"
"67eec9e200be02ad51843d9b",15,10,5.9464274989274,10,"average",10,"exp3"
"67eec9e200be02ad51843d9b",16,10,5.9464274989274,10,"average",10,"exp3"
"67eec9e200be02ad51843d9b",17,2,4,2,"average",2,"exp3"
"67eec9e200be02ad51843d9b",18,20,5.5,20,"average",20,"exp3"
"67eec9e200be02ad51843d9b",19,20,5.5,20,"average",20,"exp3"
"67eec9e200be02ad51843d9b",20,2,4,2,"average",2,"exp3"
"67eec9e200be02ad51843d9b",21,2,4,2,"average",2,"exp3"
"67eec9e200be02ad51843d9b",22,10,5.9464274989274,10,"average",10,"exp3"
"67eec9e200be02ad51843d9b",23,20,5.5,20,"average",20,"exp3"
"67eec9e200be02ad51843d9b",24,2,4,2,"average",2,"exp3"
"67eec9e200be02ad51843d9b",25,20,5.5,20,"average",20,"exp3"
"67eec9e200be02ad51843d9b",26,2,4,2,"average",2,"exp3"
"67eec9e200be02ad51843d9b",27,10,5.9464274989274,10,"average",10,"exp3"
"67eec9e200be02ad51843d9b",28,20,5.5,20,"average",20,"exp3"
"67eec9e200be02ad51843d9b",29,10,5.9464274989274,10,"average",10,"exp3"
"67eec9e200be02ad51843d9b",30,10,5.9464274989274,10,"average",10,"exp3"
"67eec9e200be02ad51843d9b",31,2,4,2,"average",2,"exp3"
"67eec9e200be02ad51843d9b",32,10,5.9464274989274,10,"average",10,"exp3"
"67eec9e200be02ad51843d9b",33,10,5.9464274989274,10,"average",10,"exp3"
"67eec9e200be02ad51843d9b",34,10,5.9464274989274,10,"average",10,"exp3"
"67eec9e200be02ad51843d9b",35,2,4,2,"average",2,"exp3"
"67eec9e200be02ad51843d9b",36,10,5.9464274989274,10,"average",10,"exp3"
"67eec9e200be02ad51843d9b",37,2,4,2,"average",2,"exp3"
"67eec9e200be02ad51843d9b",38,2,4,2,"average",2,"exp3"
"67eec9e200be02ad51843d9b",39,20,5.5,20,"average",20,"exp3"
"67eec9e200be02ad51843d9b",40,20,5.5,20,"average",20,"exp3"
"67eec9e200be02ad51843d9b",41,20,5.5,20,"average",20,"exp3"
"67eec9e200be02ad51843d9b",42,20,5.5,20,"average",20,"exp3"
"67eec9e200be02ad51843d9b",43,10,5.9464274989274,10,"average",10,"exp3"
"67eec9e200be02ad51843d9b",44,2,4,2,"average",2,"exp3"
"67eec9e200be02ad51843d9b",45,2,4,2,"average",2,"exp3"
"67eec9e200be02ad51843d9b",46,20,5.5,20,"average",20,"exp3"
"67eec9e200be02ad51843d9b",47,2,4,2,"average",2,"exp3"
"67eec9e200be02ad51843d9b",48,10,5.9464274989274,10,"average",10,"exp3"
"67eec9e200be02ad51843d9b",49,10,5.9464274989274,10,"average",10,"exp3"
"67eec9e200be02ad51843d9b",50,10,5.9464274989274,10,"average",10,"exp3"
"67eec9e200be02ad51843d9b",51,2,4,2,"average",2,"exp3"
"67eec9e200be02ad51843d9b",52,2,4,2,"average",2,"exp3"
"67eec9e200be02ad51843d9b",53,20,5.5,20,"average",20,"exp3"
"67eec9e200be02ad51843d9b",54,10,5.9464274989274,10,"average",10,"exp3"
"67eec9e200be02ad51843d9b",55,20,5.5,20,"average",20,"exp3"
"67eec9e200be02ad51843d9b",56,20,5.5,20,"average",20,"exp3"
"67eec9e200be02ad51843d9b",57,2,4,2,"average",2,"exp3"
"67eec9e200be02ad51843d9b",58,20,5.5,20,"average",20,"exp3"
"67eec9e200be02ad51843d9b",59,10,5.9464274989274,10,"average",10,"exp3"
"67eec9e200be02ad51843d9b",60,20,5.5,20,"average",20,"exp3"
"67eec9e200be02ad51843d9b",61,10,5.9464274989274,10,"average",10,"exp3"
"67eec9e200be02ad51843d9b",62,2,4,2,"average",2,"exp3"
"67eec9e200be02ad51843d9b",63,2,4,2,"average",2,"exp3"
"67eec9e200be02ad51843d9b",64,10,5.9464274989274,10,"average",10,"exp3"
"67eec9e200be02ad51843d9b",65,2,4,2,"average",2,"exp3"
"67eec9e200be02ad51843d9b",66,10,5.9464274989274,10,"average",10,"exp3"
"67eec9e200be02ad51843d9b",67,10,5.9464274989274,10,"average",10,"exp3"
"67eec9e200be02ad51843d9b",68,20,5.5,20,"average",20,"exp3"
"67eec9e200be02ad51843d9b",69,2,4,2,"average",2,"exp3"
"67eec9e200be02ad51843d9b",70,20,5.5,20,"average",20,"exp3"
"67eec9e200be02ad51843d9b",71,2,4,2,"average",2,"exp3"
"67eec9e200be02ad51843d9b",72,10,5.9464274989274,10,"average",10,"exp3"
"67eec9e200be02ad51843d9b",73,10,5.9464274989274,10,"average",10,"exp3"
"67eec9e200be02ad51843d9b",74,10,5.9464274989274,10,"average",10,"exp3"
"67eec9e200be02ad51843d9b",75,20,5.5,20,"average",20,"exp3"
"67eec9e200be02ad51843d9b",76,10,5.9464274989274,10,"average",10,"exp3"
"67eec9e200be02ad51843d9b",77,10,5.9464274989274,10,"average",10,"exp3"
"67eec9e200be02ad51843d9b",78,20,5.5,20,"average",20,"exp3"
"67eec9e200be02ad51843d9b",79,2,4,2,"average",2,"exp3"
"67eec9e200be02ad51843d9b",80,2,4,2,"average",2,"exp3"
"67eec9e200be02ad51843d9b",81,2,4,2,"average",2,"exp3"
"67eec9e200be02ad51843d9b",82,20,5.5,20,"average",20,"exp3"
"67eec9e200be02ad51843d9b",83,2,4,2,"average",2,"exp3"
"67eec9e200be02ad51843d9b",84,20,5.5,20,"average",20,"exp3"
"67eec9e200be02ad51843d9b",85,20,5.5,20,"average",20,"exp3"
"67eec9e200be02ad51843d9b",86,20,5.5,20,"average",20,"exp3"
"67eec9e200be02ad51843d9b",87,2,4,2,"average",2,"exp3"
"67eec9e200be02ad51843d9b",88,2,4,2,"average",2,"exp3"
"67eec9e200be02ad51843d9b",89,10,5.9464274989274,10,"average",10,"exp3"
"67eec9e200be02ad51843d9b",90,2,4,2,"average",2,"exp3"
"67eec9e200be02ad51843d9b",91,10,5.9464274989274,10,"average",10,"exp3"
"67eec9e200be02ad51843d9b",92,20,5.5,20,"average",20,"exp3"
"67eec9e200be02ad51843d9b",93,20,5.5,20,"average",20,"exp3"
"67eec9e200be02ad51843d9b",94,20,5.5,20,"average",20,"exp3"
"67eec9e200be02ad51843d9b",95,20,5.5,20,"average",20,"exp3"
"67eec9e200be02ad51843d9b",96,10,5.9464274989274,10,"average",10,"exp3"
"67eec9e200be02ad51843d9b",97,10,5.9464274989274,10,"average",10,"exp3"
"67eec9e200be02ad51843d9b",98,2,4,2,"average",2,"exp3"
"67eec9e200be02ad51843d9b",99,2,4,2,"average",2,"exp3"
"67eec9e200be02ad51843d9b",100,20,5.5,20,"average",20,"exp3"
"67eec9e200be02ad51843d9b",101,2,4,2,"average",2,"exp3"
"67eec9e200be02ad51843d9b",102,10,5.9464274989274,10,"average",10,"exp3"
"67eec9e200be02ad51843d9b",103,20,5.5,20,"average",20,"exp3"
"67eec9e200be02ad51843d9b",104,10,5.9464274989274,10,"average",10,"exp3"
"67eec9e200be02ad51843d9b",105,2,4,2,"average",2,"exp3"
"67eec9e200be02ad51843d9b",106,10,5.9464274989274,10,"average",10,"exp3"
"67eec9e200be02ad51843d9b",107,20,5.5,20,"average",20,"exp3"
"67eec9e200be02ad51843d9b",108,20,5.5,20,"average",20,"exp3"
"5e790129bd76c94a7b3aa7b6",2,2,4.5,2,"average",2,"exp3"
"5e790129bd76c94a7b3aa7b6",4,2,5,2,"average",2,"exp3"
"5e790129bd76c94a7b3aa7b6",6,10,6.54522726878143,10,"average",10,"exp3"
"5e790129bd76c94a7b3aa7b6",12,2,1,2,"average",2,"exp3"
"5e790129bd76c94a7b3aa7b6",13,10,5.9464274989274,10,"average",10,"exp3"
"5e790129bd76c94a7b3aa7b6",14,2,4,2,"average",2,"exp3"
"5e790129bd76c94a7b3aa7b6",15,2,4,2,"average",2,"exp3"
"5e790129bd76c94a7b3aa7b6",16,2,4,2,"average",2,"exp3"
"5e790129bd76c94a7b3aa7b6",17,20,5.5,20,"average",20,"exp3"
"5e790129bd76c94a7b3aa7b6",18,10,5.9464274989274,10,"average",10,"exp3"
"5e790129bd76c94a7b3aa7b6",19,10,5.9464274989274,10,"average",10,"exp3"
"5e790129bd76c94a7b3aa7b6",20,2,4,2,"average",2,"exp3"
"5e790129bd76c94a7b3aa7b6",21,20,5.5,20,"average",20,"exp3"
"5e790129bd76c94a7b3aa7b6",22,10,5.9464274989274,10,"average",10,"exp3"
"5e790129bd76c94a7b3aa7b6",23,20,5.5,20,"average",20,"exp3"
"5e790129bd76c94a7b3aa7b6",24,10,5.9464274989274,10,"average",10,"exp3"
"5e790129bd76c94a7b3aa7b6",25,20,5.5,20,"average",20,"exp3"
"5e790129bd76c94a7b3aa7b6",26,10,5.9464274989274,10,"average",10,"exp3"
"5e790129bd76c94a7b3aa7b6",27,10,5.9464274989274,10,"average",10,"exp3"
"5e790129bd76c94a7b3aa7b6",28,10,5.9464274989274,10,"average",10,"exp3"
"5e790129bd76c94a7b3aa7b6",29,20,5.5,20,"average",20,"exp3"
"5e790129bd76c94a7b3aa7b6",30,2,4,2,"average",2,"exp3"
"5e790129bd76c94a7b3aa7b6",31,20,5.5,20,"average",20,"exp3"
"5e790129bd76c94a7b3aa7b6",32,20,5.5,20,"average",20,"exp3"
"5e790129bd76c94a7b3aa7b6",33,20,5.5,20,"average",20,"exp3"
"5e790129bd76c94a7b3aa7b6",34,2,4,2,"average",2,"exp3"
"5e790129bd76c94a7b3aa7b6",35,10,5.9464274989274,10,"average",10,"exp3"
"5e790129bd76c94a7b3aa7b6",36,20,5.5,20,"average",20,"exp3"
"5e790129bd76c94a7b3aa7b6",37,20,5.5,20,"average",20,"exp3"
"5e790129bd76c94a7b3aa7b6",38,2,4,2,"average",2,"exp3"
"5e790129bd76c94a7b3aa7b6",39,10,5.9464274989274,10,"average",10,"exp3"
"5e790129bd76c94a7b3aa7b6",40,2,4,2,"average",2,"exp3"
"5e790129bd76c94a7b3aa7b6",41,2,4,2,"average",2,"exp3"
"5e790129bd76c94a7b3aa7b6",42,20,5.5,20,"average",20,"exp3"
"5e790129bd76c94a7b3aa7b6",43,20,5.5,20,"average",20,"exp3"
"5e790129bd76c94a7b3aa7b6",44,20,5.5,20,"average",20,"exp3"
"5e790129bd76c94a7b3aa7b6",45,2,4,2,"average",2,"exp3"
"5e790129bd76c94a7b3aa7b6",46,10,5.9464274989274,10,"average",10,"exp3"
"5e790129bd76c94a7b3aa7b6",47,20,5.5,20,"average",20,"exp3"
"5e790129bd76c94a7b3aa7b6",48,10,5.9464274989274,10,"average",10,"exp3"
"5e790129bd76c94a7b3aa7b6",49,10,5.9464274989274,10,"average",10,"exp3"
"5e790129bd76c94a7b3aa7b6",50,10,5.9464274989274,10,"average",10,"exp3"
"5e790129bd76c94a7b3aa7b6",51,10,5.9464274989274,10,"average",10,"exp3"
"5e790129bd76c94a7b3aa7b6",52,2,4,2,"average",2,"exp3"
"5e790129bd76c94a7b3aa7b6",53,2,4,2,"average",2,"exp3"
"5e790129bd76c94a7b3aa7b6",54,20,5.5,20,"average",20,"exp3"
"5e790129bd76c94a7b3aa7b6",55,20,5.5,20,"average",20,"exp3"
"5e790129bd76c94a7b3aa7b6",56,10,5.9464274989274,10,"average",10,"exp3"
"5e790129bd76c94a7b3aa7b6",57,2,4,2,"average",2,"exp3"
"5e790129bd76c94a7b3aa7b6",58,2,4,2,"average",2,"exp3"
"5e790129bd76c94a7b3aa7b6",59,2,4,2,"average",2,"exp3"
"5e790129bd76c94a7b3aa7b6",60,2,4,2,"average",2,"exp3"
"5e790129bd76c94a7b3aa7b6",61,2,4,2,"average",2,"exp3"
"5e790129bd76c94a7b3aa7b6",62,10,5.9464274989274,10,"average",10,"exp3"
"5e790129bd76c94a7b3aa7b6",63,20,5.5,20,"average",20,"exp3"
"5e790129bd76c94a7b3aa7b6",64,10,5.9464274989274,10,"average",10,"exp3"
"5e790129bd76c94a7b3aa7b6",65,10,5.9464274989274,10,"average",10,"exp3"
"5e790129bd76c94a7b3aa7b6",66,20,5.5,20,"average",20,"exp3"
"5e790129bd76c94a7b3aa7b6",67,2,4,2,"average",2,"exp3"
"5e790129bd76c94a7b3aa7b6",68,2,4,2,"average",2,"exp3"
"5e790129bd76c94a7b3aa7b6",69,2,4,2,"average",2,"exp3"
"5e790129bd76c94a7b3aa7b6",70,20,5.5,20,"average",20,"exp3"
"5e790129bd76c94a7b3aa7b6",71,2,4,2,"average",2,"exp3"
"5e790129bd76c94a7b3aa7b6",72,10,5.9464274989274,10,"average",10,"exp3"
"5e790129bd76c94a7b3aa7b6",73,2,4,2,"average",2,"exp3"
"5e790129bd76c94a7b3aa7b6",74,10,5.9464274989274,10,"average",10,"exp3"
"5e790129bd76c94a7b3aa7b6",75,2,4,2,"average",2,"exp3"
"5e790129bd76c94a7b3aa7b6",76,20,5.5,20,"average",20,"exp3"
"5e790129bd76c94a7b3aa7b6",77,20,5.5,20,"average",20,"exp3"
"5e790129bd76c94a7b3aa7b6",78,20,5.5,20,"average",20,"exp3"
"5e790129bd76c94a7b3aa7b6",79,10,5.9464274989274,10,"average",10,"exp3"
"5e790129bd76c94a7b3aa7b6",80,20,5.5,20,"average",20,"exp3"
"5e790129bd76c94a7b3aa7b6",81,10,5.9464274989274,10,"average",10,"exp3"
"5e790129bd76c94a7b3aa7b6",82,20,5.5,20,"average",20,"exp3"
"5e790129bd76c94a7b3aa7b6",83,10,5.9464274989274,10,"average",10,"exp3"
"5e790129bd76c94a7b3aa7b6",84,10,5.9464274989274,10,"average",10,"exp3"
"5e790129bd76c94a7b3aa7b6",85,2,4,2,"average",2,"exp3"
"5e790129bd76c94a7b3aa7b6",86,2,4,2,"average",2,"exp3"
"5e790129bd76c94a7b3aa7b6",87,2,4,2,"average",2,"exp3"
"5e790129bd76c94a7b3aa7b6",88,2,4,2,"average",2,"exp3"
"5e790129bd76c94a7b3aa7b6",89,20,5.5,20,"average",20,"exp3"
"5e790129bd76c94a7b3aa7b6",90,10,5.9464274989274,10,"average",10,"exp3"
"5e790129bd76c94a7b3aa7b6",91,10,5.9464274989274,10,"average",10,"exp3"
"5e790129bd76c94a7b3aa7b6",92,2,4,2,"average",2,"exp3"
"5e790129bd76c94a7b3aa7b6",93,10,5.9464274989274,10,"average",10,"exp3"
"5e790129bd76c94a7b3aa7b6",94,2,4,2,"average",2,"exp3"
"5e790129bd76c94a7b3aa7b6",95,2,4,2,"average",2,"exp3"
"5e790129bd76c94a7b3aa7b6",96,10,5.9464274989274,10,"average",10,"exp3"
"5e790129bd76c94a7b3aa7b6",97,10,5.9464274989274,10,"average",10,"exp3"
"5e790129bd76c94a7b3aa7b6",98,20,5.5,20,"average",20,"exp3"
"5e790129bd76c94a7b3aa7b6",99,20,5.5,20,"average",20,"exp3"
"5e790129bd76c94a7b3aa7b6",100,20,5.5,20,"average",20,"exp3"
"5e790129bd76c94a7b3aa7b6",101,20,5.5,20,"average",20,"exp3"
"5e790129bd76c94a7b3aa7b6",102,10,5.9464274989274,10,"average",10,"exp3"
"5e790129bd76c94a7b3aa7b6",103,20,5.5,20,"average",20,"exp3"
"5e790129bd76c94a7b3aa7b6",104,2,4,2,"average",2,"exp3"
"5e790129bd76c94a7b3aa7b6",105,20,5.5,20,"average",20,"exp3"
"5e790129bd76c94a7b3aa7b6",106,10,5.9464274989274,10,"average",10,"exp3"
"5e790129bd76c94a7b3aa7b6",107,20,5.5,20,"average",20,"exp3"
"5e790129bd76c94a7b3aa7b6",108,2,4,2,"average",2,"exp3"
"614f39b82ccdbdd51c76cc50",13,2,4,2,"average",2,"exp3"
"614f39b82ccdbdd51c76cc50",14,20,5.5,20,"average",20,"exp3"
"614f39b82ccdbdd51c76cc50",15,2,4,2,"average",2,"exp3"
"614f39b82ccdbdd51c76cc50",16,2,4,2,"average",2,"exp3"
"614f39b82ccdbdd51c76cc50",17,20,5.5,20,"average",20,"exp3"
"614f39b82ccdbdd51c76cc50",18,2,4,2,"average",2,"exp3"
"614f39b82ccdbdd51c76cc50",19,10,5.9464274989274,10,"average",10,"exp3"
"614f39b82ccdbdd51c76cc50",20,20,5.5,20,"average",20,"exp3"
"614f39b82ccdbdd51c76cc50",21,20,5.5,20,"average",20,"exp3"
"614f39b82ccdbdd51c76cc50",22,10,5.9464274989274,10,"average",10,"exp3"
"614f39b82ccdbdd51c76cc50",23,10,5.9464274989274,10,"average",10,"exp3"
"614f39b82ccdbdd51c76cc50",24,20,5.5,20,"average",20,"exp3"
"614f39b82ccdbdd51c76cc50",25,2,4,2,"average",2,"exp3"
"614f39b82ccdbdd51c76cc50",26,20,5.5,20,"average",20,"exp3"
"614f39b82ccdbdd51c76cc50",27,2,4,2,"average",2,"exp3"
"614f39b82ccdbdd51c76cc50",28,10,5.9464274989274,10,"average",10,"exp3"
"614f39b82ccdbdd51c76cc50",29,20,5.5,20,"average",20,"exp3"
"614f39b82ccdbdd51c76cc50",30,10,5.9464274989274,10,"average",10,"exp3"
"614f39b82ccdbdd51c76cc50",31,10,5.9464274989274,10,"average",10,"exp3"
"614f39b82ccdbdd51c76cc50",32,20,5.5,20,"average",20,"exp3"
"614f39b82ccdbdd51c76cc50",33,2,4,2,"average",2,"exp3"
"614f39b82ccdbdd51c76cc50",34,2,4,2,"average",2,"exp3"
"614f39b82ccdbdd51c76cc50",35,2,4,2,"average",2,"exp3"
"614f39b82ccdbdd51c76cc50",36,10,5.9464274989274,10,"average",10,"exp3"
"614f39b82ccdbdd51c76cc50",37,10,5.9464274989274,10,"average",10,"exp3"
"614f39b82ccdbdd51c76cc50",38,2,4,2,"average",2,"exp3"
"614f39b82ccdbdd51c76cc50",39,2,4,2,"average",2,"exp3"
"614f39b82ccdbdd51c76cc50",40,2,4,2,"average",2,"exp3"
"614f39b82ccdbdd51c76cc50",41,20,5.5,20,"average",20,"exp3"
"614f39b82ccdbdd51c76cc50",42,10,5.9464274989274,10,"average",10,"exp3"
"614f39b82ccdbdd51c76cc50",43,20,5.5,20,"average",20,"exp3"
"614f39b82ccdbdd51c76cc50",44,2,4,2,"average",2,"exp3"
"614f39b82ccdbdd51c76cc50",45,2,4,2,"average",2,"exp3"
"614f39b82ccdbdd51c76cc50",46,10,5.9464274989274,10,"average",10,"exp3"
"614f39b82ccdbdd51c76cc50",47,10,5.9464274989274,10,"average",10,"exp3"
"614f39b82ccdbdd51c76cc50",48,20,5.5,20,"average",20,"exp3"
"614f39b82ccdbdd51c76cc50",49,10,5.9464274989274,10,"average",10,"exp3"
"614f39b82ccdbdd51c76cc50",50,10,5.9464274989274,10,"average",10,"exp3"
"614f39b82ccdbdd51c76cc50",51,20,5.5,20,"average",20,"exp3"
"614f39b82ccdbdd51c76cc50",52,10,5.9464274989274,10,"average",10,"exp3"
"614f39b82ccdbdd51c76cc50",53,2,4,2,"average",2,"exp3"
"614f39b82ccdbdd51c76cc50",54,20,5.5,20,"average",20,"exp3"
"614f39b82ccdbdd51c76cc50",55,10,5.9464274989274,10,"average",10,"exp3"
"614f39b82ccdbdd51c76cc50",56,20,5.5,20,"average",20,"exp3"
"614f39b82ccdbdd51c76cc50",57,2,4,2,"average",2,"exp3"
"614f39b82ccdbdd51c76cc50",58,20,5.5,20,"average",20,"exp3"
"614f39b82ccdbdd51c76cc50",59,10,5.9464274989274,10,"average",10,"exp3"
"614f39b82ccdbdd51c76cc50",60,20,5.5,20,"average",20,"exp3"
"614f39b82ccdbdd51c76cc50",61,10,5.9464274989274,10,"average",10,"exp3"
"614f39b82ccdbdd51c76cc50",62,2,4,2,"average",2,"exp3"
"614f39b82ccdbdd51c76cc50",63,20,5.5,20,"average",20,"exp3"
"614f39b82ccdbdd51c76cc50",64,2,4,2,"average",2,"exp3"
"614f39b82ccdbdd51c76cc50",65,10,5.9464274989274,10,"average",10,"exp3"
"614f39b82ccdbdd51c76cc50",66,20,5.5,20,"average",20,"exp3"
"614f39b82ccdbdd51c76cc50",67,20,5.5,20,"average",20,"exp3"
"614f39b82ccdbdd51c76cc50",68,20,5.5,20,"average",20,"exp3"
"614f39b82ccdbdd51c76cc50",69,10,5.9464274989274,10,"average",10,"exp3"
"614f39b82ccdbdd51c76cc50",70,10,5.9464274989274,10,"average",10,"exp3"
"614f39b82ccdbdd51c76cc50",71,2,4,2,"average",2,"exp3"
"614f39b82ccdbdd51c76cc50",72,2,4,2,"average",2,"exp3"
"614f39b82ccdbdd51c76cc50",73,20,5.5,20,"average",20,"exp3"
"614f39b82ccdbdd51c76cc50",74,2,4,2,"average",2,"exp3"
"614f39b82ccdbdd51c76cc50",75,20,5.5,20,"average",20,"exp3"
"614f39b82ccdbdd51c76cc50",76,20,5.5,20,"average",20,"exp3"
"614f39b82ccdbdd51c76cc50",77,10,5.9464274989274,10,"average",10,"exp3"
"614f39b82ccdbdd51c76cc50",78,2,4,2,"average",2,"exp3"
"614f39b82ccdbdd51c76cc50",79,20,5.5,20,"average",20,"exp3"
"614f39b82ccdbdd51c76cc50",80,20,5.5,20,"average",20,"exp3"
"614f39b82ccdbdd51c76cc50",81,10,5.9464274989274,10,"average",10,"exp3"
"614f39b82ccdbdd51c76cc50",82,20,5.5,20,"average",20,"exp3"
"614f39b82ccdbdd51c76cc50",83,2,4,2,"average",2,"exp3"
"614f39b82ccdbdd51c76cc50",84,2,4,2,"average",2,"exp3"
"614f39b82ccdbdd51c76cc50",85,10,5.9464274989274,10,"average",10,"exp3"
"614f39b82ccdbdd51c76cc50",86,2,4,2,"average",2,"exp3"
"614f39b82ccdbdd51c76cc50",87,10,5.9464274989274,10,"average",10,"exp3"
"614f39b82ccdbdd51c76cc50",88,2,4,2,"average",2,"exp3"
"614f39b82ccdbdd51c76cc50",89,2,4,2,"average",2,"exp3"
"614f39b82ccdbdd51c76cc50",90,20,5.5,20,"average",20,"exp3"
"614f39b82ccdbdd51c76cc50",91,2,4,2,"average",2,"exp3"
"614f39b82ccdbdd51c76cc50",92,10,5.9464274989274,10,"average",10,"exp3"
"614f39b82ccdbdd51c76cc50",93,2,4,2,"average",2,"exp3"
"614f39b82ccdbdd51c76cc50",94,10,5.9464274989274,10,"average",10,"exp3"
"614f39b82ccdbdd51c76cc50",95,10,5.9464274989274,10,"average",10,"exp3"
"614f39b82ccdbdd51c76cc50",96,2,4,2,"average",2,"exp3"
"614f39b82ccdbdd51c76cc50",97,20,5.5,20,"average",20,"exp3"
"614f39b82ccdbdd51c76cc50",98,10,5.9464274989274,10,"average",10,"exp3"
"614f39b82ccdbdd51c76cc50",99,10,5.9464274989274,10,"average",10,"exp3"
"614f39b82ccdbdd51c76cc50",100,10,5.9464274989274,10,"average",10,"exp3"
"614f39b82ccdbdd51c76cc50",101,10,5.9464274989274,10,"average",10,"exp3"
"614f39b82ccdbdd51c76cc50",102,20,5.5,20,"average",20,"exp3"
"614f39b82ccdbdd51c76cc50",103,2,4,2,"average",2,"exp3"
"614f39b82ccdbdd51c76cc50",104,2,4,2,"average",2,"exp3"
"614f39b82ccdbdd51c76cc50",105,10,5.9464274989274,10,"average",10,"exp3"
"614f39b82ccdbdd51c76cc50",106,20,5.5,20,"average",20,"exp3"
"614f39b82ccdbdd51c76cc50",107,20,5.5,20,"average",20,"exp3"
"614f39b82ccdbdd51c76cc50",108,20,5.5,20,"average",20,"exp3"
"6110888158573651261c3100",6,10,5.78273291792038,10,"average",10,"exp3"
"6110888158573651261c3100",12,2,3.5,2,"average",2,"exp3"
"6110888158573651261c3100",13,20,5.5,20,"average",20,"exp3"
"6110888158573651261c3100",14,2,4,2,"average",2,"exp3"
"6110888158573651261c3100",15,2,4,2,"average",2,"exp3"
"6110888158573651261c3100",16,10,5.9464274989274,10,"average",10,"exp3"
"6110888158573651261c3100",17,20,5.5,20,"average",20,"exp3"
"6110888158573651261c3100",18,2,4,2,"average",2,"exp3"
"6110888158573651261c3100",19,10,5.9464274989274,10,"average",10,"exp3"
"6110888158573651261c3100",20,2,4,2,"average",2,"exp3"
"6110888158573651261c3100",21,20,5.5,20,"average",20,"exp3"
"6110888158573651261c3100",22,10,5.9464274989274,10,"average",10,"exp3"
"6110888158573651261c3100",23,10,5.9464274989274,10,"average",10,"exp3"
"6110888158573651261c3100",24,20,5.5,20,"average",20,"exp3"
"6110888158573651261c3100",25,20,5.5,20,"average",20,"exp3"
"6110888158573651261c3100",26,20,5.5,20,"average",20,"exp3"
"6110888158573651261c3100",27,10,5.9464274989274,10,"average",10,"exp3"
"6110888158573651261c3100",28,2,4,2,"average",2,"exp3"
"6110888158573651261c3100",29,2,4,2,"average",2,"exp3"
"6110888158573651261c3100",30,20,5.5,20,"average",20,"exp3"
"6110888158573651261c3100",31,10,5.9464274989274,10,"average",10,"exp3"
"6110888158573651261c3100",32,20,5.5,20,"average",20,"exp3"
"6110888158573651261c3100",33,10,5.9464274989274,10,"average",10,"exp3"
"6110888158573651261c3100",34,10,5.9464274989274,10,"average",10,"exp3"
"6110888158573651261c3100",35,10,5.9464274989274,10,"average",10,"exp3"
"6110888158573651261c3100",36,20,5.5,20,"average",20,"exp3"
"6110888158573651261c3100",37,2,4,2,"average",2,"exp3"
"6110888158573651261c3100",38,20,5.5,20,"average",20,"exp3"
"6110888158573651261c3100",39,20,5.5,20,"average",20,"exp3"
"6110888158573651261c3100",40,20,5.5,20,"average",20,"exp3"
"6110888158573651261c3100",41,2,4,2,"average",2,"exp3"
"6110888158573651261c3100",42,2,4,2,"average",2,"exp3"
"6110888158573651261c3100",43,10,5.9464274989274,10,"average",10,"exp3"
"6110888158573651261c3100",44,2,4,2,"average",2,"exp3"
"6110888158573651261c3100",45,2,4,2,"average",2,"exp3"
"6110888158573651261c3100",46,2,4,2,"average",2,"exp3"
"6110888158573651261c3100",47,10,5.9464274989274,10,"average",10,"exp3"
"6110888158573651261c3100",48,20,5.5,20,"average",20,"exp3"
"6110888158573651261c3100",49,20,5.5,20,"average",20,"exp3"
"6110888158573651261c3100",50,10,5.9464274989274,10,"average",10,"exp3"
"6110888158573651261c3100",51,2,4,2,"average",2,"exp3"
"6110888158573651261c3100",52,10,5.9464274989274,10,"average",10,"exp3"
"6110888158573651261c3100",53,2,4,2,"average",2,"exp3"
"6110888158573651261c3100",54,10,5.9464274989274,10,"average",10,"exp3"
"6110888158573651261c3100",55,10,5.9464274989274,10,"average",10,"exp3"
"6110888158573651261c3100",56,20,5.5,20,"average",20,"exp3"
"6110888158573651261c3100",57,2,4,2,"average",2,"exp3"
"6110888158573651261c3100",58,10,5.9464274989274,10,"average",10,"exp3"
"6110888158573651261c3100",59,2,4,2,"average",2,"exp3"
"6110888158573651261c3100",60,20,5.5,20,"average",20,"exp3"
"6110888158573651261c3100",61,2,4,2,"average",2,"exp3"
"6110888158573651261c3100",62,2,4,2,"average",2,"exp3"
"6110888158573651261c3100",63,2,4,2,"average",2,"exp3"
"6110888158573651261c3100",64,10,5.9464274989274,10,"average",10,"exp3"
"6110888158573651261c3100",65,10,5.9464274989274,10,"average",10,"exp3"
"6110888158573651261c3100",66,2,4,2,"average",2,"exp3"
"6110888158573651261c3100",67,20,5.5,20,"average",20,"exp3"
"6110888158573651261c3100",68,2,4,2,"average",2,"exp3"
"6110888158573651261c3100",69,2,4,2,"average",2,"exp3"
"6110888158573651261c3100",70,20,5.5,20,"average",20,"exp3"
"6110888158573651261c3100",71,20,5.5,20,"average",20,"exp3"
"6110888158573651261c3100",72,10,5.9464274989274,10,"average",10,"exp3"
"6110888158573651261c3100",73,10,5.9464274989274,10,"average",10,"exp3"
"6110888158573651261c3100",74,2,4,2,"average",2,"exp3"
"6110888158573651261c3100",75,10,5.9464274989274,10,"average",10,"exp3"
"6110888158573651261c3100",76,10,5.9464274989274,10,"average",10,"exp3"
"6110888158573651261c3100",77,10,5.9464274989274,10,"average",10,"exp3"
"6110888158573651261c3100",78,20,5.5,20,"average",20,"exp3"
"6110888158573651261c3100",79,2,4,2,"average",2,"exp3"
"6110888158573651261c3100",80,2,4,2,"average",2,"exp3"
"6110888158573651261c3100",81,2,4,2,"average",2,"exp3"
"6110888158573651261c3100",82,10,5.9464274989274,10,"average",10,"exp3"
"6110888158573651261c3100",83,20,5.5,20,"average",20,"exp3"
"6110888158573651261c3100",84,2,4,2,"average",2,"exp3"
"6110888158573651261c3100",85,10,5.9464274989274,10,"average",10,"exp3"
"6110888158573651261c3100",86,2,4,2,"average",2,"exp3"
"6110888158573651261c3100",87,20,5.5,20,"average",20,"exp3"
"6110888158573651261c3100",88,20,5.5,20,"average",20,"exp3"
"6110888158573651261c3100",89,20,5.5,20,"average",20,"exp3"
"6110888158573651261c3100",90,20,5.5,20,"average",20,"exp3"
"6110888158573651261c3100",91,10,5.9464274989274,10,"average",10,"exp3"
"6110888158573651261c3100",92,10,5.9464274989274,10,"average",10,"exp3"
"6110888158573651261c3100",93,10,5.9464274989274,10,"average",10,"exp3"
"6110888158573651261c3100",94,2,4,2,"average",2,"exp3"
"6110888158573651261c3100",95,20,5.5,20,"average",20,"exp3"
"6110888158573651261c3100",96,2,4,2,"average",2,"exp3"
"6110888158573651261c3100",97,2,4,2,"average",2,"exp3"
"6110888158573651261c3100",98,20,5.5,20,"average",20,"exp3"
"6110888158573651261c3100",99,10,5.9464274989274,10,"average",10,"exp3"
"6110888158573651261c3100",100,10,5.9464274989274,10,"average",10,"exp3"
"6110888158573651261c3100",101,2,4,2,"average",2,"exp3"
"6110888158573651261c3100",102,20,5.5,20,"average",20,"exp3"
"6110888158573651261c3100",103,20,5.5,20,"average",20,"exp3"
"6110888158573651261c3100",104,10,5.9464274989274,10,"average",10,"exp3"
"6110888158573651261c3100",105,20,5.5,20,"average",20,"exp3"
"6110888158573651261c3100",106,10,5.9464274989274,10,"average",10,"exp3"
"6110888158573651261c3100",107,20,5.5,20,"average",20,"exp3"
"6110888158573651261c3100",108,20,5.5,20,"average",20,"exp3"
"66dcc0e54f44ccecf2730c76",1,10,5.66480361530742,10,"average",10,"exp3"
"66dcc0e54f44ccecf2730c76",8,2,2.5,2,"average",2,"exp3"
"66dcc0e54f44ccecf2730c76",13,10,5.9464274989274,10,"average",10,"exp3"
"66dcc0e54f44ccecf2730c76",14,2,4,2,"average",2,"exp3"
"66dcc0e54f44ccecf2730c76",15,20,5.5,20,"average",20,"exp3"
"66dcc0e54f44ccecf2730c76",16,20,5.5,20,"average",20,"exp3"
"66dcc0e54f44ccecf2730c76",17,2,4,2,"average",2,"exp3"
"66dcc0e54f44ccecf2730c76",18,20,5.5,20,"average",20,"exp3"
"66dcc0e54f44ccecf2730c76",19,2,4,2,"average",2,"exp3"
"66dcc0e54f44ccecf2730c76",20,20,5.5,20,"average",20,"exp3"
"66dcc0e54f44ccecf2730c76",21,2,4,2,"average",2,"exp3"
"66dcc0e54f44ccecf2730c76",22,2,4,2,"average",2,"exp3"
"66dcc0e54f44ccecf2730c76",23,10,5.9464274989274,10,"average",10,"exp3"
"66dcc0e54f44ccecf2730c76",24,10,5.9464274989274,10,"average",10,"exp3"
"66dcc0e54f44ccecf2730c76",25,20,5.5,20,"average",20,"exp3"
"66dcc0e54f44ccecf2730c76",26,10,5.9464274989274,10,"average",10,"exp3"
"66dcc0e54f44ccecf2730c76",27,2,4,2,"average",2,"exp3"
"66dcc0e54f44ccecf2730c76",28,10,5.9464274989274,10,"average",10,"exp3"
"66dcc0e54f44ccecf2730c76",29,10,5.9464274989274,10,"average",10,"exp3"
"66dcc0e54f44ccecf2730c76",30,10,5.9464274989274,10,"average",10,"exp3"
"66dcc0e54f44ccecf2730c76",31,2,4,2,"average",2,"exp3"
"66dcc0e54f44ccecf2730c76",32,2,4,2,"average",2,"exp3"
"66dcc0e54f44ccecf2730c76",33,20,5.5,20,"average",20,"exp3"
"66dcc0e54f44ccecf2730c76",34,2,4,2,"average",2,"exp3"
"66dcc0e54f44ccecf2730c76",35,20,5.5,20,"average",20,"exp3"
"66dcc0e54f44ccecf2730c76",36,10,5.9464274989274,10,"average",10,"exp3"
"66dcc0e54f44ccecf2730c76",37,20,5.5,20,"average",20,"exp3"
"66dcc0e54f44ccecf2730c76",38,10,5.9464274989274,10,"average",10,"exp3"
"66dcc0e54f44ccecf2730c76",39,2,4,2,"average",2,"exp3"
"66dcc0e54f44ccecf2730c76",40,2,4,2,"average",2,"exp3"
"66dcc0e54f44ccecf2730c76",41,10,5.9464274989274,10,"average",10,"exp3"
"66dcc0e54f44ccecf2730c76",42,20,5.5,20,"average",20,"exp3"
"66dcc0e54f44ccecf2730c76",43,10,5.9464274989274,10,"average",10,"exp3"
"66dcc0e54f44ccecf2730c76",44,2,4,2,"average",2,"exp3"
"66dcc0e54f44ccecf2730c76",45,10,5.9464274989274,10,"average",10,"exp3"
"66dcc0e54f44ccecf2730c76",46,20,5.5,20,"average",20,"exp3"
"66dcc0e54f44ccecf2730c76",47,2,4,2,"average",2,"exp3"
"66dcc0e54f44ccecf2730c76",48,10,5.9464274989274,10,"average",10,"exp3"
"66dcc0e54f44ccecf2730c76",49,20,5.5,20,"average",20,"exp3"
"66dcc0e54f44ccecf2730c76",50,20,5.5,20,"average",20,"exp3"
"66dcc0e54f44ccecf2730c76",51,2,4,2,"average",2,"exp3"
"66dcc0e54f44ccecf2730c76",52,2,4,2,"average",2,"exp3"
"66dcc0e54f44ccecf2730c76",53,10,5.9464274989274,10,"average",10,"exp3"
"66dcc0e54f44ccecf2730c76",54,20,5.5,20,"average",20,"exp3"
"66dcc0e54f44ccecf2730c76",55,20,5.5,20,"average",20,"exp3"
"66dcc0e54f44ccecf2730c76",56,20,5.5,20,"average",20,"exp3"
"66dcc0e54f44ccecf2730c76",57,10,5.9464274989274,10,"average",10,"exp3"
"66dcc0e54f44ccecf2730c76",58,2,4,2,"average",2,"exp3"
"66dcc0e54f44ccecf2730c76",59,10,5.9464274989274,10,"average",10,"exp3"
"66dcc0e54f44ccecf2730c76",60,20,5.5,20,"average",20,"exp3"
"66dcc0e54f44ccecf2730c76",61,10,5.9464274989274,10,"average",10,"exp3"
"66dcc0e54f44ccecf2730c76",62,10,5.9464274989274,10,"average",10,"exp3"
"66dcc0e54f44ccecf2730c76",63,10,5.9464274989274,10,"average",10,"exp3"
"66dcc0e54f44ccecf2730c76",64,2,4,2,"average",2,"exp3"
"66dcc0e54f44ccecf2730c76",65,10,5.9464274989274,10,"average",10,"exp3"
"66dcc0e54f44ccecf2730c76",66,2,4,2,"average",2,"exp3"
"66dcc0e54f44ccecf2730c76",67,2,4,2,"average",2,"exp3"
"66dcc0e54f44ccecf2730c76",68,20,5.5,20,"average",20,"exp3"
"66dcc0e54f44ccecf2730c76",69,20,5.5,20,"average",20,"exp3"
"66dcc0e54f44ccecf2730c76",70,10,5.9464274989274,10,"average",10,"exp3"
"66dcc0e54f44ccecf2730c76",71,10,5.9464274989274,10,"average",10,"exp3"
"66dcc0e54f44ccecf2730c76",72,20,5.5,20,"average",20,"exp3"
"66dcc0e54f44ccecf2730c76",73,2,4,2,"average",2,"exp3"
"66dcc0e54f44ccecf2730c76",74,10,5.9464274989274,10,"average",10,"exp3"
"66dcc0e54f44ccecf2730c76",75,2,4,2,"average",2,"exp3"
"66dcc0e54f44ccecf2730c76",76,2,4,2,"average",2,"exp3"
"66dcc0e54f44ccecf2730c76",77,20,5.5,20,"average",20,"exp3"
"66dcc0e54f44ccecf2730c76",78,2,4,2,"average",2,"exp3"
"66dcc0e54f44ccecf2730c76",79,10,5.9464274989274,10,"average",10,"exp3"
"66dcc0e54f44ccecf2730c76",80,10,5.9464274989274,10,"average",10,"exp3"
"66dcc0e54f44ccecf2730c76",81,20,5.5,20,"average",20,"exp3"
"66dcc0e54f44ccecf2730c76",82,10,5.9464274989274,10,"average",10,"exp3"
"66dcc0e54f44ccecf2730c76",83,20,5.5,20,"average",20,"exp3"
"66dcc0e54f44ccecf2730c76",84,20,5.5,20,"average",20,"exp3"
"66dcc0e54f44ccecf2730c76",85,20,5.5,20,"average",20,"exp3"
"66dcc0e54f44ccecf2730c76",86,20,5.5,20,"average",20,"exp3"
"66dcc0e54f44ccecf2730c76",87,20,5.5,20,"average",20,"exp3"
"66dcc0e54f44ccecf2730c76",88,20,5.5,20,"average",20,"exp3"
"66dcc0e54f44ccecf2730c76",89,10,5.9464274989274,10,"average",10,"exp3"
"66dcc0e54f44ccecf2730c76",90,2,4,2,"average",2,"exp3"
"66dcc0e54f44ccecf2730c76",91,2,4,2,"average",2,"exp3"
"66dcc0e54f44ccecf2730c76",92,10,5.9464274989274,10,"average",10,"exp3"
"66dcc0e54f44ccecf2730c76",93,20,5.5,20,"average",20,"exp3"
"66dcc0e54f44ccecf2730c76",94,10,5.9464274989274,10,"average",10,"exp3"
"66dcc0e54f44ccecf2730c76",95,2,4,2,"average",2,"exp3"
"66dcc0e54f44ccecf2730c76",96,2,4,2,"average",2,"exp3"
"66dcc0e54f44ccecf2730c76",97,20,5.5,20,"average",20,"exp3"
"66dcc0e54f44ccecf2730c76",98,20,5.5,20,"average",20,"exp3"
"66dcc0e54f44ccecf2730c76",99,10,5.9464274989274,10,"average",10,"exp3"
"66dcc0e54f44ccecf2730c76",100,2,4,2,"average",2,"exp3"
"66dcc0e54f44ccecf2730c76",101,20,5.5,20,"average",20,"exp3"
"66dcc0e54f44ccecf2730c76",102,20,5.5,20,"average",20,"exp3"
"66dcc0e54f44ccecf2730c76",103,2,4,2,"average",2,"exp3"
"66dcc0e54f44ccecf2730c76",104,2,4,2,"average",2,"exp3"
"66dcc0e54f44ccecf2730c76",105,10,5.9464274989274,10,"average",10,"exp3"
"66dcc0e54f44ccecf2730c76",106,2,4,2,"average",2,"exp3"
"66dcc0e54f44ccecf2730c76",107,2,4,2,"average",2,"exp3"
"66dcc0e54f44ccecf2730c76",108,10,5.9464274989274,10,"average",10,"exp3"
"5c22db5c540c6d00018bc10c",3,10,6.80073525436772,10,"average",10,"exp3"
"5c22db5c540c6d00018bc10c",6,10,6.28410693734599,10,"average",10,"exp3"
"5c22db5c540c6d00018bc10c",13,2,4,2,"average",2,"exp3"
"5c22db5c540c6d00018bc10c",14,10,5.9464274989274,10,"average",10,"exp3"
"5c22db5c540c6d00018bc10c",15,10,5.9464274989274,10,"average",10,"exp3"
"5c22db5c540c6d00018bc10c",16,2,4,2,"average",2,"exp3"
"5c22db5c540c6d00018bc10c",17,20,5.5,20,"average",20,"exp3"
"5c22db5c540c6d00018bc10c",18,2,4,2,"average",2,"exp3"
"5c22db5c540c6d00018bc10c",19,2,4,2,"average",2,"exp3"
"5c22db5c540c6d00018bc10c",20,10,5.9464274989274,10,"average",10,"exp3"
"5c22db5c540c6d00018bc10c",21,2,4,2,"average",2,"exp3"
"5c22db5c540c6d00018bc10c",22,10,5.9464274989274,10,"average",10,"exp3"
"5c22db5c540c6d00018bc10c",23,20,5.5,20,"average",20,"exp3"
"5c22db5c540c6d00018bc10c",24,2,4,2,"average",2,"exp3"
"5c22db5c540c6d00018bc10c",25,2,4,2,"average",2,"exp3"
"5c22db5c540c6d00018bc10c",26,20,5.5,20,"average",20,"exp3"
"5c22db5c540c6d00018bc10c",27,2,4,2,"average",2,"exp3"
"5c22db5c540c6d00018bc10c",28,2,4,2,"average",2,"exp3"
"5c22db5c540c6d00018bc10c",29,10,5.9464274989274,10,"average",10,"exp3"
"5c22db5c540c6d00018bc10c",30,20,5.5,20,"average",20,"exp3"
"5c22db5c540c6d00018bc10c",31,10,5.9464274989274,10,"average",10,"exp3"
"5c22db5c540c6d00018bc10c",32,2,4,2,"average",2,"exp3"
"5c22db5c540c6d00018bc10c",33,20,5.5,20,"average",20,"exp3"
"5c22db5c540c6d00018bc10c",34,2,4,2,"average",2,"exp3"
"5c22db5c540c6d00018bc10c",35,10,5.9464274989274,10,"average",10,"exp3"
"5c22db5c540c6d00018bc10c",36,2,4,2,"average",2,"exp3"
"5c22db5c540c6d00018bc10c",37,20,5.5,20,"average",20,"exp3"
"5c22db5c540c6d00018bc10c",38,20,5.5,20,"average",20,"exp3"
"5c22db5c540c6d00018bc10c",39,20,5.5,20,"average",20,"exp3"
"5c22db5c540c6d00018bc10c",40,20,5.5,20,"average",20,"exp3"
"5c22db5c540c6d00018bc10c",41,10,5.9464274989274,10,"average",10,"exp3"
"5c22db5c540c6d00018bc10c",42,20,5.5,20,"average",20,"exp3"
"5c22db5c540c6d00018bc10c",43,10,5.9464274989274,10,"average",10,"exp3"
"5c22db5c540c6d00018bc10c",44,20,5.5,20,"average",20,"exp3"
"5c22db5c540c6d00018bc10c",45,20,5.5,20,"average",20,"exp3"
"5c22db5c540c6d00018bc10c",46,20,5.5,20,"average",20,"exp3"
"5c22db5c540c6d00018bc10c",47,10,5.9464274989274,10,"average",10,"exp3"
"5c22db5c540c6d00018bc10c",48,2,4,2,"average",2,"exp3"
"5c22db5c540c6d00018bc10c",49,20,5.5,20,"average",20,"exp3"
"5c22db5c540c6d00018bc10c",50,10,5.9464274989274,10,"average",10,"exp3"
"5c22db5c540c6d00018bc10c",51,10,5.9464274989274,10,"average",10,"exp3"
"5c22db5c540c6d00018bc10c",52,20,5.5,20,"average",20,"exp3"
"5c22db5c540c6d00018bc10c",53,2,4,2,"average",2,"exp3"
"5c22db5c540c6d00018bc10c",54,10,5.9464274989274,10,"average",10,"exp3"
"5c22db5c540c6d00018bc10c",55,2,4,2,"average",2,"exp3"
"5c22db5c540c6d00018bc10c",56,2,4,2,"average",2,"exp3"
"5c22db5c540c6d00018bc10c",57,10,5.9464274989274,10,"average",10,"exp3"
"5c22db5c540c6d00018bc10c",58,10,5.9464274989274,10,"average",10,"exp3"
"5c22db5c540c6d00018bc10c",59,20,5.5,20,"average",20,"exp3"
"5c22db5c540c6d00018bc10c",60,10,5.9464274989274,10,"average",10,"exp3"
"5c22db5c540c6d00018bc10c",61,10,5.9464274989274,10,"average",10,"exp3"
"5c22db5c540c6d00018bc10c",62,2,4,2,"average",2,"exp3"
"5c22db5c540c6d00018bc10c",63,20,5.5,20,"average",20,"exp3"
"5c22db5c540c6d00018bc10c",64,2,4,2,"average",2,"exp3"
"5c22db5c540c6d00018bc10c",65,20,5.5,20,"average",20,"exp3"
"5c22db5c540c6d00018bc10c",66,20,5.5,20,"average",20,"exp3"
"5c22db5c540c6d00018bc10c",67,20,5.5,20,"average",20,"exp3"
"5c22db5c540c6d00018bc10c",68,10,5.9464274989274,10,"average",10,"exp3"
"5c22db5c540c6d00018bc10c",69,2,4,2,"average",2,"exp3"
"5c22db5c540c6d00018bc10c",70,2,4,2,"average",2,"exp3"
"5c22db5c540c6d00018bc10c",71,2,4,2,"average",2,"exp3"
"5c22db5c540c6d00018bc10c",72,20,5.5,20,"average",20,"exp3"
"5c22db5c540c6d00018bc10c",73,20,5.5,20,"average",20,"exp3"
"5c22db5c540c6d00018bc10c",74,2,4,2,"average",2,"exp3"
"5c22db5c540c6d00018bc10c",75,2,4,2,"average",2,"exp3"
"5c22db5c540c6d00018bc10c",76,20,5.5,20,"average",20,"exp3"
"5c22db5c540c6d00018bc10c",77,10,5.9464274989274,10,"average",10,"exp3"
"5c22db5c540c6d00018bc10c",78,2,4,2,"average",2,"exp3"
"5c22db5c540c6d00018bc10c",79,20,5.5,20,"average",20,"exp3"
"5c22db5c540c6d00018bc10c",80,2,4,2,"average",2,"exp3"
"5c22db5c540c6d00018bc10c",81,10,5.9464274989274,10,"average",10,"exp3"
"5c22db5c540c6d00018bc10c",82,2,4,2,"average",2,"exp3"
"5c22db5c540c6d00018bc10c",83,20,5.5,20,"average",20,"exp3"
"5c22db5c540c6d00018bc10c",84,20,5.5,20,"average",20,"exp3"
"5c22db5c540c6d00018bc10c",85,20,5.5,20,"average",20,"exp3"
"5c22db5c540c6d00018bc10c",86,10,5.9464274989274,10,"average",10,"exp3"
"5c22db5c540c6d00018bc10c",87,10,5.9464274989274,10,"average",10,"exp3"
"5c22db5c540c6d00018bc10c",88,2,4,2,"average",2,"exp3"
"5c22db5c540c6d00018bc10c",89,2,4,2,"average",2,"exp3"
"5c22db5c540c6d00018bc10c",90,2,4,2,"average",2,"exp3"
"5c22db5c540c6d00018bc10c",91,2,4,2,"average",2,"exp3"
"5c22db5c540c6d00018bc10c",92,10,5.9464274989274,10,"average",10,"exp3"
"5c22db5c540c6d00018bc10c",93,10,5.9464274989274,10,"average",10,"exp3"
"5c22db5c540c6d00018bc10c",94,10,5.9464274989274,10,"average",10,"exp3"
"5c22db5c540c6d00018bc10c",95,10,5.9464274989274,10,"average",10,"exp3"
"5c22db5c540c6d00018bc10c",96,2,4,2,"average",2,"exp3"
"5c22db5c540c6d00018bc10c",97,20,5.5,20,"average",20,"exp3"
"5c22db5c540c6d00018bc10c",98,10,5.9464274989274,10,"average",10,"exp3"
"5c22db5c540c6d00018bc10c",99,20,5.5,20,"average",20,"exp3"
"5c22db5c540c6d00018bc10c",100,20,5.5,20,"average",20,"exp3"
"5c22db5c540c6d00018bc10c",101,10,5.9464274989274,10,"average",10,"exp3"
"5c22db5c540c6d00018bc10c",102,2,4,2,"average",2,"exp3"
"5c22db5c540c6d00018bc10c",103,10,5.9464274989274,10,"average",10,"exp3"
"5c22db5c540c6d00018bc10c",104,10,5.9464274989274,10,"average",10,"exp3"
"5c22db5c540c6d00018bc10c",105,20,5.5,20,"average",20,"exp3"
"5c22db5c540c6d00018bc10c",106,20,5.5,20,"average",20,"exp3"
"5c22db5c540c6d00018bc10c",107,10,5.9464274989274,10,"average",10,"exp3"
"5c22db5c540c6d00018bc10c",108,10,5.9464274989274,10,"average",10,"exp3"
"607dc630d2d30aa7e8699c23",11,10,5.21632054229799,10,"average",10,"exp3"
"607dc630d2d30aa7e8699c23",13,2,4,2,"average",2,"exp3"
"607dc630d2d30aa7e8699c23",14,10,5.9464274989274,10,"average",10,"exp3"
"607dc630d2d30aa7e8699c23",15,20,5.5,20,"average",20,"exp3"
"607dc630d2d30aa7e8699c23",16,2,4,2,"average",2,"exp3"
"607dc630d2d30aa7e8699c23",17,20,5.5,20,"average",20,"exp3"
"607dc630d2d30aa7e8699c23",18,10,5.9464274989274,10,"average",10,"exp3"
"607dc630d2d30aa7e8699c23",19,10,5.9464274989274,10,"average",10,"exp3"
"607dc630d2d30aa7e8699c23",20,10,5.9464274989274,10,"average",10,"exp3"
"607dc630d2d30aa7e8699c23",21,2,4,2,"average",2,"exp3"
"607dc630d2d30aa7e8699c23",22,10,5.9464274989274,10,"average",10,"exp3"
"607dc630d2d30aa7e8699c23",23,20,5.5,20,"average",20,"exp3"
"607dc630d2d30aa7e8699c23",24,10,5.9464274989274,10,"average",10,"exp3"
"607dc630d2d30aa7e8699c23",25,10,5.9464274989274,10,"average",10,"exp3"
"607dc630d2d30aa7e8699c23",26,10,5.9464274989274,10,"average",10,"exp3"
"607dc630d2d30aa7e8699c23",27,10,5.9464274989274,10,"average",10,"exp3"
"607dc630d2d30aa7e8699c23",28,20,5.5,20,"average",20,"exp3"
"607dc630d2d30aa7e8699c23",29,2,4,2,"average",2,"exp3"
"607dc630d2d30aa7e8699c23",30,2,4,2,"average",2,"exp3"
"607dc630d2d30aa7e8699c23",31,10,5.9464274989274,10,"average",10,"exp3"
"607dc630d2d30aa7e8699c23",32,20,5.5,20,"average",20,"exp3"
"607dc630d2d30aa7e8699c23",33,10,5.9464274989274,10,"average",10,"exp3"
"607dc630d2d30aa7e8699c23",34,20,5.5,20,"average",20,"exp3"
"607dc630d2d30aa7e8699c23",35,20,5.5,20,"average",20,"exp3"
"607dc630d2d30aa7e8699c23",36,2,4,2,"average",2,"exp3"
"607dc630d2d30aa7e8699c23",37,2,4,2,"average",2,"exp3"
"607dc630d2d30aa7e8699c23",38,2,4,2,"average",2,"exp3"
"607dc630d2d30aa7e8699c23",39,10,5.9464274989274,10,"average",10,"exp3"
"607dc630d2d30aa7e8699c23",40,10,5.9464274989274,10,"average",10,"exp3"
"607dc630d2d30aa7e8699c23",41,20,5.5,20,"average",20,"exp3"
"607dc630d2d30aa7e8699c23",42,20,5.5,20,"average",20,"exp3"
"607dc630d2d30aa7e8699c23",43,20,5.5,20,"average",20,"exp3"
"607dc630d2d30aa7e8699c23",44,2,4,2,"average",2,"exp3"
"607dc630d2d30aa7e8699c23",45,20,5.5,20,"average",20,"exp3"
"607dc630d2d30aa7e8699c23",46,2,4,2,"average",2,"exp3"
"607dc630d2d30aa7e8699c23",47,2,4,2,"average",2,"exp3"
"607dc630d2d30aa7e8699c23",48,10,5.9464274989274,10,"average",10,"exp3"
"607dc630d2d30aa7e8699c23",49,20,5.5,20,"average",20,"exp3"
"607dc630d2d30aa7e8699c23",50,2,4,2,"average",2,"exp3"
"607dc630d2d30aa7e8699c23",51,2,4,2,"average",2,"exp3"
"607dc630d2d30aa7e8699c23",52,2,4,2,"average",2,"exp3"
"607dc630d2d30aa7e8699c23",53,2,4,2,"average",2,"exp3"
"607dc630d2d30aa7e8699c23",54,10,5.9464274989274,10,"average",10,"exp3"
"607dc630d2d30aa7e8699c23",55,20,5.5,20,"average",20,"exp3"
"607dc630d2d30aa7e8699c23",56,10,5.9464274989274,10,"average",10,"exp3"
"607dc630d2d30aa7e8699c23",57,2,4,2,"average",2,"exp3"
"607dc630d2d30aa7e8699c23",58,20,5.5,20,"average",20,"exp3"
"607dc630d2d30aa7e8699c23",59,20,5.5,20,"average",20,"exp3"
"607dc630d2d30aa7e8699c23",60,20,5.5,20,"average",20,"exp3"
"607dc630d2d30aa7e8699c23",61,2,4,2,"average",2,"exp3"
"607dc630d2d30aa7e8699c23",62,20,5.5,20,"average",20,"exp3"
"607dc630d2d30aa7e8699c23",63,10,5.9464274989274,10,"average",10,"exp3"
"607dc630d2d30aa7e8699c23",64,20,5.5,20,"average",20,"exp3"
"607dc630d2d30aa7e8699c23",65,20,5.5,20,"average",20,"exp3"
"607dc630d2d30aa7e8699c23",66,20,5.5,20,"average",20,"exp3"
"607dc630d2d30aa7e8699c23",67,20,5.5,20,"average",20,"exp3"
"607dc630d2d30aa7e8699c23",68,2,4,2,"average",2,"exp3"
"607dc630d2d30aa7e8699c23",69,2,4,2,"average",2,"exp3"
"607dc630d2d30aa7e8699c23",70,2,4,2,"average",2,"exp3"
"607dc630d2d30aa7e8699c23",71,10,5.9464274989274,10,"average",10,"exp3"
"607dc630d2d30aa7e8699c23",72,2,4,2,"average",2,"exp3"
"607dc630d2d30aa7e8699c23",73,10,5.9464274989274,10,"average",10,"exp3"
"607dc630d2d30aa7e8699c23",74,2,4,2,"average",2,"exp3"
"607dc630d2d30aa7e8699c23",75,10,5.9464274989274,10,"average",10,"exp3"
"607dc630d2d30aa7e8699c23",76,10,5.9464274989274,10,"average",10,"exp3"
"607dc630d2d30aa7e8699c23",77,10,5.9464274989274,10,"average",10,"exp3"
"607dc630d2d30aa7e8699c23",78,2,4,2,"average",2,"exp3"
"607dc630d2d30aa7e8699c23",79,2,4,2,"average",2,"exp3"
"607dc630d2d30aa7e8699c23",80,2,4,2,"average",2,"exp3"
"607dc630d2d30aa7e8699c23",81,20,5.5,20,"average",20,"exp3"
"607dc630d2d30aa7e8699c23",82,2,4,2,"average",2,"exp3"
"607dc630d2d30aa7e8699c23",83,10,5.9464274989274,10,"average",10,"exp3"
"607dc630d2d30aa7e8699c23",84,10,5.9464274989274,10,"average",10,"exp3"
"607dc630d2d30aa7e8699c23",85,2,4,2,"average",2,"exp3"
"607dc630d2d30aa7e8699c23",86,10,5.9464274989274,10,"average",10,"exp3"
"607dc630d2d30aa7e8699c23",87,2,4,2,"average",2,"exp3"
"607dc630d2d30aa7e8699c23",88,20,5.5,20,"average",20,"exp3"
"607dc630d2d30aa7e8699c23",89,10,5.9464274989274,10,"average",10,"exp3"
"607dc630d2d30aa7e8699c23",90,20,5.5,20,"average",20,"exp3"
"607dc630d2d30aa7e8699c23",91,20,5.5,20,"average",20,"exp3"
"607dc630d2d30aa7e8699c23",92,2,4,2,"average",2,"exp3"
"607dc630d2d30aa7e8699c23",93,20,5.5,20,"average",20,"exp3"
"607dc630d2d30aa7e8699c23",94,10,5.9464274989274,10,"average",10,"exp3"
"607dc630d2d30aa7e8699c23",95,2,4,2,"average",2,"exp3"
"607dc630d2d30aa7e8699c23",96,2,4,2,"average",2,"exp3"
"607dc630d2d30aa7e8699c23",97,10,5.9464274989274,10,"average",10,"exp3"
"607dc630d2d30aa7e8699c23",98,10,5.9464274989274,10,"average",10,"exp3"
"607dc630d2d30aa7e8699c23",99,2,4,2,"average",2,"exp3"
"607dc630d2d30aa7e8699c23",100,20,5.5,20,"average",20,"exp3"
"607dc630d2d30aa7e8699c23",101,20,5.5,20,"average",20,"exp3"
"607dc630d2d30aa7e8699c23",102,20,5.5,20,"average",20,"exp3"
"607dc630d2d30aa7e8699c23",103,20,5.5,20,"average",20,"exp3"
"607dc630d2d30aa7e8699c23",104,20,5.5,20,"average",20,"exp3"
"607dc630d2d30aa7e8699c23",105,10,5.9464274989274,10,"average",10,"exp3"
"607dc630d2d30aa7e8699c23",106,10,5.9464274989274,10,"average",10,"exp3"
"607dc630d2d30aa7e8699c23",107,20,5.5,20,"average",20,"exp3"
"607dc630d2d30aa7e8699c23",108,10,5.9464274989274,10,"average",10,"exp3"
"6766deef2e4e127d7fc3c293",4,10,6.81835757349231,10,"average",10,"exp3"
"6766deef2e4e127d7fc3c293",6,2,1,2,"average",2,"exp3"
"6766deef2e4e127d7fc3c293",13,20,5.5,20,"average",20,"exp3"
"6766deef2e4e127d7fc3c293",14,10,5.9464274989274,10,"average",10,"exp3"
"6766deef2e4e127d7fc3c293",15,10,5.9464274989274,10,"average",10,"exp3"
"6766deef2e4e127d7fc3c293",16,2,4,2,"average",2,"exp3"
"6766deef2e4e127d7fc3c293",17,10,5.9464274989274,10,"average",10,"exp3"
"6766deef2e4e127d7fc3c293",18,2,4,2,"average",2,"exp3"
"6766deef2e4e127d7fc3c293",19,2,4,2,"average",2,"exp3"
"6766deef2e4e127d7fc3c293",20,2,4,2,"average",2,"exp3"
"6766deef2e4e127d7fc3c293",21,2,4,2,"average",2,"exp3"
"6766deef2e4e127d7fc3c293",22,20,5.5,20,"average",20,"exp3"
"6766deef2e4e127d7fc3c293",23,2,4,2,"average",2,"exp3"
"6766deef2e4e127d7fc3c293",24,2,4,2,"average",2,"exp3"
"6766deef2e4e127d7fc3c293",25,2,4,2,"average",2,"exp3"
"6766deef2e4e127d7fc3c293",26,10,5.9464274989274,10,"average",10,"exp3"
"6766deef2e4e127d7fc3c293",27,10,5.9464274989274,10,"average",10,"exp3"
"6766deef2e4e127d7fc3c293",28,2,4,2,"average",2,"exp3"
"6766deef2e4e127d7fc3c293",29,20,5.5,20,"average",20,"exp3"
"6766deef2e4e127d7fc3c293",30,20,5.5,20,"average",20,"exp3"
"6766deef2e4e127d7fc3c293",31,2,4,2,"average",2,"exp3"
"6766deef2e4e127d7fc3c293",32,20,5.5,20,"average",20,"exp3"
"6766deef2e4e127d7fc3c293",33,20,5.5,20,"average",20,"exp3"
"6766deef2e4e127d7fc3c293",34,20,5.5,20,"average",20,"exp3"
"6766deef2e4e127d7fc3c293",35,20,5.5,20,"average",20,"exp3"
"6766deef2e4e127d7fc3c293",36,2,4,2,"average",2,"exp3"
"6766deef2e4e127d7fc3c293",37,20,5.5,20,"average",20,"exp3"
"6766deef2e4e127d7fc3c293",38,20,5.5,20,"average",20,"exp3"
"6766deef2e4e127d7fc3c293",39,10,5.9464274989274,10,"average",10,"exp3"
"6766deef2e4e127d7fc3c293",40,10,5.9464274989274,10,"average",10,"exp3"
"6766deef2e4e127d7fc3c293",41,2,4,2,"average",2,"exp3"
"6766deef2e4e127d7fc3c293",42,10,5.9464274989274,10,"average",10,"exp3"
"6766deef2e4e127d7fc3c293",43,10,5.9464274989274,10,"average",10,"exp3"
"6766deef2e4e127d7fc3c293",44,2,4,2,"average",2,"exp3"
"6766deef2e4e127d7fc3c293",45,2,4,2,"average",2,"exp3"
"6766deef2e4e127d7fc3c293",46,20,5.5,20,"average",20,"exp3"
"6766deef2e4e127d7fc3c293",47,10,5.9464274989274,10,"average",10,"exp3"
"6766deef2e4e127d7fc3c293",48,20,5.5,20,"average",20,"exp3"
"6766deef2e4e127d7fc3c293",49,10,5.9464274989274,10,"average",10,"exp3"
"6766deef2e4e127d7fc3c293",50,10,5.9464274989274,10,"average",10,"exp3"
"6766deef2e4e127d7fc3c293",51,2,4,2,"average",2,"exp3"
"6766deef2e4e127d7fc3c293",52,20,5.5,20,"average",20,"exp3"
"6766deef2e4e127d7fc3c293",53,2,4,2,"average",2,"exp3"
"6766deef2e4e127d7fc3c293",54,10,5.9464274989274,10,"average",10,"exp3"
"6766deef2e4e127d7fc3c293",55,20,5.5,20,"average",20,"exp3"
"6766deef2e4e127d7fc3c293",56,20,5.5,20,"average",20,"exp3"
"6766deef2e4e127d7fc3c293",57,10,5.9464274989274,10,"average",10,"exp3"
"6766deef2e4e127d7fc3c293",58,10,5.9464274989274,10,"average",10,"exp3"
"6766deef2e4e127d7fc3c293",59,20,5.5,20,"average",20,"exp3"
"6766deef2e4e127d7fc3c293",60,10,5.9464274989274,10,"average",10,"exp3"
"6766deef2e4e127d7fc3c293",61,10,5.9464274989274,10,"average",10,"exp3"
"6766deef2e4e127d7fc3c293",62,2,4,2,"average",2,"exp3"
"6766deef2e4e127d7fc3c293",63,20,5.5,20,"average",20,"exp3"
"6766deef2e4e127d7fc3c293",64,10,5.9464274989274,10,"average",10,"exp3"
"6766deef2e4e127d7fc3c293",65,20,5.5,20,"average",20,"exp3"
"6766deef2e4e127d7fc3c293",66,20,5.5,20,"average",20,"exp3"
"6766deef2e4e127d7fc3c293",67,2,4,2,"average",2,"exp3"
"6766deef2e4e127d7fc3c293",68,10,5.9464274989274,10,"average",10,"exp3"
"6766deef2e4e127d7fc3c293",69,2,4,2,"average",2,"exp3"
"6766deef2e4e127d7fc3c293",70,20,5.5,20,"average",20,"exp3"
"6766deef2e4e127d7fc3c293",71,2,4,2,"average",2,"exp3"
"6766deef2e4e127d7fc3c293",72,10,5.9464274989274,10,"average",10,"exp3"
"6766deef2e4e127d7fc3c293",73,2,4,2,"average",2,"exp3"
"6766deef2e4e127d7fc3c293",74,2,4,2,"average",2,"exp3"
"6766deef2e4e127d7fc3c293",75,20,5.5,20,"average",20,"exp3"
"6766deef2e4e127d7fc3c293",76,2,4,2,"average",2,"exp3"
"6766deef2e4e127d7fc3c293",77,10,5.9464274989274,10,"average",10,"exp3"
"6766deef2e4e127d7fc3c293",78,2,4,2,"average",2,"exp3"
"6766deef2e4e127d7fc3c293",79,2,4,2,"average",2,"exp3"
"6766deef2e4e127d7fc3c293",80,20,5.5,20,"average",20,"exp3"
"6766deef2e4e127d7fc3c293",81,2,4,2,"average",2,"exp3"
"6766deef2e4e127d7fc3c293",82,2,4,2,"average",2,"exp3"
"6766deef2e4e127d7fc3c293",83,2,4,2,"average",2,"exp3"
"6766deef2e4e127d7fc3c293",84,2,4,2,"average",2,"exp3"
"6766deef2e4e127d7fc3c293",85,20,5.5,20,"average",20,"exp3"
"6766deef2e4e127d7fc3c293",86,10,5.9464274989274,10,"average",10,"exp3"
"6766deef2e4e127d7fc3c293",87,2,4,2,"average",2,"exp3"
"6766deef2e4e127d7fc3c293",88,10,5.9464274989274,10,"average",10,"exp3"
"6766deef2e4e127d7fc3c293",89,20,5.5,20,"average",20,"exp3"
"6766deef2e4e127d7fc3c293",90,10,5.9464274989274,10,"average",10,"exp3"
"6766deef2e4e127d7fc3c293",91,20,5.5,20,"average",20,"exp3"
"6766deef2e4e127d7fc3c293",92,20,5.5,20,"average",20,"exp3"
"6766deef2e4e127d7fc3c293",93,10,5.9464274989274,10,"average",10,"exp3"
"6766deef2e4e127d7fc3c293",94,2,4,2,"average",2,"exp3"
"6766deef2e4e127d7fc3c293",95,10,5.9464274989274,10,"average",10,"exp3"
"6766deef2e4e127d7fc3c293",96,10,5.9464274989274,10,"average",10,"exp3"
"6766deef2e4e127d7fc3c293",97,10,5.9464274989274,10,"average",10,"exp3"
"6766deef2e4e127d7fc3c293",98,10,5.9464274989274,10,"average",10,"exp3"
"6766deef2e4e127d7fc3c293",99,20,5.5,20,"average",20,"exp3"
"6766deef2e4e127d7fc3c293",100,10,5.9464274989274,10,"average",10,"exp3"
"6766deef2e4e127d7fc3c293",101,10,5.9464274989274,10,"average",10,"exp3"
"6766deef2e4e127d7fc3c293",102,20,5.5,20,"average",20,"exp3"
"6766deef2e4e127d7fc3c293",103,20,5.5,20,"average",20,"exp3"
"6766deef2e4e127d7fc3c293",104,2,4,2,"average",2,"exp3"
"6766deef2e4e127d7fc3c293",105,20,5.5,20,"average",20,"exp3"
"6766deef2e4e127d7fc3c293",106,20,5.5,20,"average",20,"exp3"
"6766deef2e4e127d7fc3c293",107,10,5.9464274989274,10,"average",10,"exp3"
"6766deef2e4e127d7fc3c293",108,20,5.5,20,"average",20,"exp3"
"64a6e31ef9a471c4f100c91f",1,2,3,2,"average",2,"exp3"
"64a6e31ef9a471c4f100c91f",13,10,5.9464274989274,10,"average",10,"exp3"
"64a6e31ef9a471c4f100c91f",14,2,4,2,"average",2,"exp3"
"64a6e31ef9a471c4f100c91f",15,2,4,2,"average",2,"exp3"
"64a6e31ef9a471c4f100c91f",16,2,4,2,"average",2,"exp3"
"64a6e31ef9a471c4f100c91f",17,10,5.9464274989274,10,"average",10,"exp3"
"64a6e31ef9a471c4f100c91f",18,10,5.9464274989274,10,"average",10,"exp3"
"64a6e31ef9a471c4f100c91f",19,10,5.9464274989274,10,"average",10,"exp3"
"64a6e31ef9a471c4f100c91f",20,10,5.9464274989274,10,"average",10,"exp3"
"64a6e31ef9a471c4f100c91f",21,10,5.9464274989274,10,"average",10,"exp3"
"64a6e31ef9a471c4f100c91f",22,2,4,2,"average",2,"exp3"
"64a6e31ef9a471c4f100c91f",23,20,5.5,20,"average",20,"exp3"
"64a6e31ef9a471c4f100c91f",24,10,5.9464274989274,10,"average",10,"exp3"
"64a6e31ef9a471c4f100c91f",25,10,5.9464274989274,10,"average",10,"exp3"
"64a6e31ef9a471c4f100c91f",26,20,5.5,20,"average",20,"exp3"
"64a6e31ef9a471c4f100c91f",27,20,5.5,20,"average",20,"exp3"
"64a6e31ef9a471c4f100c91f",28,10,5.9464274989274,10,"average",10,"exp3"
"64a6e31ef9a471c4f100c91f",29,2,4,2,"average",2,"exp3"
"64a6e31ef9a471c4f100c91f",30,2,4,2,"average",2,"exp3"
"64a6e31ef9a471c4f100c91f",31,20,5.5,20,"average",20,"exp3"
"64a6e31ef9a471c4f100c91f",32,2,4,2,"average",2,"exp3"
"64a6e31ef9a471c4f100c91f",33,10,5.9464274989274,10,"average",10,"exp3"
"64a6e31ef9a471c4f100c91f",34,20,5.5,20,"average",20,"exp3"
"64a6e31ef9a471c4f100c91f",35,2,4,2,"average",2,"exp3"
"64a6e31ef9a471c4f100c91f",36,10,5.9464274989274,10,"average",10,"exp3"
"64a6e31ef9a471c4f100c91f",37,20,5.5,20,"average",20,"exp3"
"64a6e31ef9a471c4f100c91f",38,2,4,2,"average",2,"exp3"
"64a6e31ef9a471c4f100c91f",39,20,5.5,20,"average",20,"exp3"
"64a6e31ef9a471c4f100c91f",40,20,5.5,20,"average",20,"exp3"
"64a6e31ef9a471c4f100c91f",41,20,5.5,20,"average",20,"exp3"
"64a6e31ef9a471c4f100c91f",42,2,4,2,"average",2,"exp3"
"64a6e31ef9a471c4f100c91f",43,10,5.9464274989274,10,"average",10,"exp3"
"64a6e31ef9a471c4f100c91f",44,10,5.9464274989274,10,"average",10,"exp3"
"64a6e31ef9a471c4f100c91f",45,10,5.9464274989274,10,"average",10,"exp3"
"64a6e31ef9a471c4f100c91f",46,20,5.5,20,"average",20,"exp3"
"64a6e31ef9a471c4f100c91f",47,10,5.9464274989274,10,"average",10,"exp3"
"64a6e31ef9a471c4f100c91f",48,20,5.5,20,"average",20,"exp3"
"64a6e31ef9a471c4f100c91f",49,20,5.5,20,"average",20,"exp3"
"64a6e31ef9a471c4f100c91f",50,2,4,2,"average",2,"exp3"
"64a6e31ef9a471c4f100c91f",51,2,4,2,"average",2,"exp3"
"64a6e31ef9a471c4f100c91f",52,2,4,2,"average",2,"exp3"
"64a6e31ef9a471c4f100c91f",53,2,4,2,"average",2,"exp3"
"64a6e31ef9a471c4f100c91f",54,20,5.5,20,"average",20,"exp3"
"64a6e31ef9a471c4f100c91f",55,10,5.9464274989274,10,"average",10,"exp3"
"64a6e31ef9a471c4f100c91f",56,20,5.5,20,"average",20,"exp3"
"64a6e31ef9a471c4f100c91f",57,2,4,2,"average",2,"exp3"
"64a6e31ef9a471c4f100c91f",58,2,4,2,"average",2,"exp3"
"64a6e31ef9a471c4f100c91f",59,20,5.5,20,"average",20,"exp3"
"64a6e31ef9a471c4f100c91f",60,20,5.5,20,"average",20,"exp3"
"64a6e31ef9a471c4f100c91f",61,10,5.9464274989274,10,"average",10,"exp3"
"64a6e31ef9a471c4f100c91f",62,20,5.5,20,"average",20,"exp3"
"64a6e31ef9a471c4f100c91f",63,2,4,2,"average",2,"exp3"
"64a6e31ef9a471c4f100c91f",64,2,4,2,"average",2,"exp3"
"64a6e31ef9a471c4f100c91f",65,2,4,2,"average",2,"exp3"
"64a6e31ef9a471c4f100c91f",66,20,5.5,20,"average",20,"exp3"
"64a6e31ef9a471c4f100c91f",67,20,5.5,20,"average",20,"exp3"
"64a6e31ef9a471c4f100c91f",68,2,4,2,"average",2,"exp3"
"64a6e31ef9a471c4f100c91f",69,10,5.9464274989274,10,"average",10,"exp3"
"64a6e31ef9a471c4f100c91f",70,10,5.9464274989274,10,"average",10,"exp3"
"64a6e31ef9a471c4f100c91f",71,2,4,2,"average",2,"exp3"
"64a6e31ef9a471c4f100c91f",72,20,5.5,20,"average",20,"exp3"
"64a6e31ef9a471c4f100c91f",73,2,4,2,"average",2,"exp3"
"64a6e31ef9a471c4f100c91f",74,2,4,2,"average",2,"exp3"
"64a6e31ef9a471c4f100c91f",75,2,4,2,"average",2,"exp3"
"64a6e31ef9a471c4f100c91f",76,20,5.5,20,"average",20,"exp3"
"64a6e31ef9a471c4f100c91f",77,20,5.5,20,"average",20,"exp3"
"64a6e31ef9a471c4f100c91f",78,10,5.9464274989274,10,"average",10,"exp3"
"64a6e31ef9a471c4f100c91f",79,10,5.9464274989274,10,"average",10,"exp3"
"64a6e31ef9a471c4f100c91f",80,20,5.5,20,"average",20,"exp3"
"64a6e31ef9a471c4f100c91f",81,20,5.5,20,"average",20,"exp3"
"64a6e31ef9a471c4f100c91f",82,20,5.5,20,"average",20,"exp3"
"64a6e31ef9a471c4f100c91f",83,20,5.5,20,"average",20,"exp3"
"64a6e31ef9a471c4f100c91f",84,10,5.9464274989274,10,"average",10,"exp3"
"64a6e31ef9a471c4f100c91f",85,2,4,2,"average",2,"exp3"
"64a6e31ef9a471c4f100c91f",86,20,5.5,20,"average",20,"exp3"
"64a6e31ef9a471c4f100c91f",87,10,5.9464274989274,10,"average",10,"exp3"
"64a6e31ef9a471c4f100c91f",88,10,5.9464274989274,10,"average",10,"exp3"
"64a6e31ef9a471c4f100c91f",89,10,5.9464274989274,10,"average",10,"exp3"
"64a6e31ef9a471c4f100c91f",90,2,4,2,"average",2,"exp3"
"64a6e31ef9a471c4f100c91f",91,10,5.9464274989274,10,"average",10,"exp3"
"64a6e31ef9a471c4f100c91f",92,20,5.5,20,"average",20,"exp3"
"64a6e31ef9a471c4f100c91f",93,2,4,2,"average",2,"exp3"
"64a6e31ef9a471c4f100c91f",94,2,4,2,"average",2,"exp3"
"64a6e31ef9a471c4f100c91f",95,20,5.5,20,"average",20,"exp3"
"64a6e31ef9a471c4f100c91f",96,2,4,2,"average",2,"exp3"
"64a6e31ef9a471c4f100c91f",97,10,5.9464274989274,10,"average",10,"exp3"
"64a6e31ef9a471c4f100c91f",98,20,5.5,20,"average",20,"exp3"
"64a6e31ef9a471c4f100c91f",99,10,5.9464274989274,10,"average",10,"exp3"
"64a6e31ef9a471c4f100c91f",100,2,4,2,"average",2,"exp3"
"64a6e31ef9a471c4f100c91f",101,10,5.9464274989274,10,"average",10,"exp3"
"64a6e31ef9a471c4f100c91f",102,2,4,2,"average",2,"exp3"
"64a6e31ef9a471c4f100c91f",103,10,5.9464274989274,10,"average",10,"exp3"
"64a6e31ef9a471c4f100c91f",104,2,4,2,"average",2,"exp3"
"64a6e31ef9a471c4f100c91f",105,20,5.5,20,"average",20,"exp3"
"64a6e31ef9a471c4f100c91f",106,20,5.5,20,"average",20,"exp3"
"64a6e31ef9a471c4f100c91f",107,10,5.9464274989274,10,"average",10,"exp3"
"64a6e31ef9a471c4f100c91f",108,10,5.9464274989274,10,"average",10,"exp3"
"676e13e5655cf7cc40923c54",3,2,2.5,2,"average",2,"exp3"
"676e13e5655cf7cc40923c54",8,2,3,2,"average",2,"exp3"
"676e13e5655cf7cc40923c54",10,10,5.41202365109392,10,"average",10,"exp3"
"676e13e5655cf7cc40923c54",13,20,5.5,20,"average",20,"exp3"
"676e13e5655cf7cc40923c54",14,2,4,2,"average",2,"exp3"
"676e13e5655cf7cc40923c54",15,10,5.9464274989274,10,"average",10,"exp3"
"676e13e5655cf7cc40923c54",16,10,5.9464274989274,10,"average",10,"exp3"
"676e13e5655cf7cc40923c54",17,2,4,2,"average",2,"exp3"
"676e13e5655cf7cc40923c54",18,10,5.9464274989274,10,"average",10,"exp3"
"676e13e5655cf7cc40923c54",19,2,4,2,"average",2,"exp3"
"676e13e5655cf7cc40923c54",20,2,4,2,"average",2,"exp3"
"676e13e5655cf7cc40923c54",21,10,5.9464274989274,10,"average",10,"exp3"
"676e13e5655cf7cc40923c54",22,10,5.9464274989274,10,"average",10,"exp3"
"676e13e5655cf7cc40923c54",23,2,4,2,"average",2,"exp3"
"676e13e5655cf7cc40923c54",24,20,5.5,20,"average",20,"exp3"
"676e13e5655cf7cc40923c54",25,2,4,2,"average",2,"exp3"
"676e13e5655cf7cc40923c54",26,20,5.5,20,"average",20,"exp3"
"676e13e5655cf7cc40923c54",27,20,5.5,20,"average",20,"exp3"
"676e13e5655cf7cc40923c54",28,10,5.9464274989274,10,"average",10,"exp3"
"676e13e5655cf7cc40923c54",29,10,5.9464274989274,10,"average",10,"exp3"
"676e13e5655cf7cc40923c54",30,10,5.9464274989274,10,"average",10,"exp3"
"676e13e5655cf7cc40923c54",31,10,5.9464274989274,10,"average",10,"exp3"
"676e13e5655cf7cc40923c54",32,20,5.5,20,"average",20,"exp3"
"676e13e5655cf7cc40923c54",33,10,5.9464274989274,10,"average",10,"exp3"
"676e13e5655cf7cc40923c54",34,10,5.9464274989274,10,"average",10,"exp3"
"676e13e5655cf7cc40923c54",35,20,5.5,20,"average",20,"exp3"
"676e13e5655cf7cc40923c54",36,2,4,2,"average",2,"exp3"
"676e13e5655cf7cc40923c54",37,10,5.9464274989274,10,"average",10,"exp3"
"676e13e5655cf7cc40923c54",38,20,5.5,20,"average",20,"exp3"
"676e13e5655cf7cc40923c54",39,20,5.5,20,"average",20,"exp3"
"676e13e5655cf7cc40923c54",40,2,4,2,"average",2,"exp3"
"676e13e5655cf7cc40923c54",41,2,4,2,"average",2,"exp3"
"676e13e5655cf7cc40923c54",42,2,4,2,"average",2,"exp3"
"676e13e5655cf7cc40923c54",43,20,5.5,20,"average",20,"exp3"
"676e13e5655cf7cc40923c54",44,2,4,2,"average",2,"exp3"
"676e13e5655cf7cc40923c54",45,20,5.5,20,"average",20,"exp3"
"676e13e5655cf7cc40923c54",46,20,5.5,20,"average",20,"exp3"
"676e13e5655cf7cc40923c54",47,10,5.9464274989274,10,"average",10,"exp3"
"676e13e5655cf7cc40923c54",48,2,4,2,"average",2,"exp3"
"676e13e5655cf7cc40923c54",49,2,4,2,"average",2,"exp3"
"676e13e5655cf7cc40923c54",50,20,5.5,20,"average",20,"exp3"
"676e13e5655cf7cc40923c54",51,20,5.5,20,"average",20,"exp3"
"676e13e5655cf7cc40923c54",52,20,5.5,20,"average",20,"exp3"
"676e13e5655cf7cc40923c54",53,2,4,2,"average",2,"exp3"
"676e13e5655cf7cc40923c54",54,2,4,2,"average",2,"exp3"
"676e13e5655cf7cc40923c54",55,10,5.9464274989274,10,"average",10,"exp3"
"676e13e5655cf7cc40923c54",56,20,5.5,20,"average",20,"exp3"
"676e13e5655cf7cc40923c54",57,20,5.5,20,"average",20,"exp3"
"676e13e5655cf7cc40923c54",58,10,5.9464274989274,10,"average",10,"exp3"
"676e13e5655cf7cc40923c54",59,10,5.9464274989274,10,"average",10,"exp3"
"676e13e5655cf7cc40923c54",60,2,4,2,"average",2,"exp3"
"676e13e5655cf7cc40923c54",61,2,4,2,"average",2,"exp3"
"676e13e5655cf7cc40923c54",62,2,4,2,"average",2,"exp3"
"676e13e5655cf7cc40923c54",63,2,4,2,"average",2,"exp3"
"676e13e5655cf7cc40923c54",64,20,5.5,20,"average",20,"exp3"
"676e13e5655cf7cc40923c54",65,10,5.9464274989274,10,"average",10,"exp3"
"676e13e5655cf7cc40923c54",66,2,4,2,"average",2,"exp3"
"676e13e5655cf7cc40923c54",67,2,4,2,"average",2,"exp3"
"676e13e5655cf7cc40923c54",68,20,5.5,20,"average",20,"exp3"
"676e13e5655cf7cc40923c54",69,20,5.5,20,"average",20,"exp3"
"676e13e5655cf7cc40923c54",70,20,5.5,20,"average",20,"exp3"
"676e13e5655cf7cc40923c54",71,20,5.5,20,"average",20,"exp3"
"676e13e5655cf7cc40923c54",72,20,5.5,20,"average",20,"exp3"
"676e13e5655cf7cc40923c54",73,20,5.5,20,"average",20,"exp3"
"676e13e5655cf7cc40923c54",74,20,5.5,20,"average",20,"exp3"
"676e13e5655cf7cc40923c54",75,10,5.9464274989274,10,"average",10,"exp3"
"676e13e5655cf7cc40923c54",76,2,4,2,"average",2,"exp3"
"676e13e5655cf7cc40923c54",77,2,4,2,"average",2,"exp3"
"676e13e5655cf7cc40923c54",78,2,4,2,"average",2,"exp3"
"676e13e5655cf7cc40923c54",79,10,5.9464274989274,10,"average",10,"exp3"
"676e13e5655cf7cc40923c54",80,20,5.5,20,"average",20,"exp3"
"676e13e5655cf7cc40923c54",81,10,5.9464274989274,10,"average",10,"exp3"
"676e13e5655cf7cc40923c54",82,20,5.5,20,"average",20,"exp3"
"676e13e5655cf7cc40923c54",83,10,5.9464274989274,10,"average",10,"exp3"
"676e13e5655cf7cc40923c54",84,2,4,2,"average",2,"exp3"
"676e13e5655cf7cc40923c54",85,2,4,2,"average",2,"exp3"
"676e13e5655cf7cc40923c54",86,10,5.9464274989274,10,"average",10,"exp3"
"676e13e5655cf7cc40923c54",87,20,5.5,20,"average",20,"exp3"
"676e13e5655cf7cc40923c54",88,20,5.5,20,"average",20,"exp3"
"676e13e5655cf7cc40923c54",89,20,5.5,20,"average",20,"exp3"
"676e13e5655cf7cc40923c54",90,2,4,2,"average",2,"exp3"
"676e13e5655cf7cc40923c54",91,20,5.5,20,"average",20,"exp3"
"676e13e5655cf7cc40923c54",92,10,5.9464274989274,10,"average",10,"exp3"
"676e13e5655cf7cc40923c54",93,10,5.9464274989274,10,"average",10,"exp3"
"676e13e5655cf7cc40923c54",94,10,5.9464274989274,10,"average",10,"exp3"
"676e13e5655cf7cc40923c54",95,10,5.9464274989274,10,"average",10,"exp3"
"676e13e5655cf7cc40923c54",96,10,5.9464274989274,10,"average",10,"exp3"
"676e13e5655cf7cc40923c54",97,2,4,2,"average",2,"exp3"
"676e13e5655cf7cc40923c54",98,10,5.9464274989274,10,"average",10,"exp3"
"676e13e5655cf7cc40923c54",99,10,5.9464274989274,10,"average",10,"exp3"
"676e13e5655cf7cc40923c54",100,2,4,2,"average",2,"exp3"
"676e13e5655cf7cc40923c54",101,2,4,2,"average",2,"exp3"
"676e13e5655cf7cc40923c54",102,2,4,2,"average",2,"exp3"
"676e13e5655cf7cc40923c54",103,10,5.9464274989274,10,"average",10,"exp3"
"676e13e5655cf7cc40923c54",104,10,5.9464274989274,10,"average",10,"exp3"
"676e13e5655cf7cc40923c54",105,20,5.5,20,"average",20,"exp3"
"676e13e5655cf7cc40923c54",106,2,4,2,"average",2,"exp3"
"676e13e5655cf7cc40923c54",107,20,5.5,20,"average",20,"exp3"
"676e13e5655cf7cc40923c54",108,10,5.9464274989274,10,"average",10,"exp3"
"5d7ff85ffec5620017b07c40",1,10,5.93632883186233,10,"average",10,"exp3"
"5d7ff85ffec5620017b07c40",7,10,5.14684369298311,10,"average",10,"exp3"
"5d7ff85ffec5620017b07c40",13,2,4,2,"average",2,"exp3"
"5d7ff85ffec5620017b07c40",14,10,5.9464274989274,10,"average",10,"exp3"
"5d7ff85ffec5620017b07c40",15,2,4,2,"average",2,"exp3"
"5d7ff85ffec5620017b07c40",16,20,5.5,20,"average",20,"exp3"
"5d7ff85ffec5620017b07c40",17,10,5.9464274989274,10,"average",10,"exp3"
"5d7ff85ffec5620017b07c40",18,2,4,2,"average",2,"exp3"
"5d7ff85ffec5620017b07c40",19,10,5.9464274989274,10,"average",10,"exp3"
"5d7ff85ffec5620017b07c40",20,20,5.5,20,"average",20,"exp3"
"5d7ff85ffec5620017b07c40",21,10,5.9464274989274,10,"average",10,"exp3"
"5d7ff85ffec5620017b07c40",22,20,5.5,20,"average",20,"exp3"
"5d7ff85ffec5620017b07c40",23,20,5.5,20,"average",20,"exp3"
"5d7ff85ffec5620017b07c40",24,20,5.5,20,"average",20,"exp3"
"5d7ff85ffec5620017b07c40",25,10,5.9464274989274,10,"average",10,"exp3"
"5d7ff85ffec5620017b07c40",26,20,5.5,20,"average",20,"exp3"
"5d7ff85ffec5620017b07c40",27,20,5.5,20,"average",20,"exp3"
"5d7ff85ffec5620017b07c40",28,10,5.9464274989274,10,"average",10,"exp3"
"5d7ff85ffec5620017b07c40",29,2,4,2,"average",2,"exp3"
"5d7ff85ffec5620017b07c40",30,10,5.9464274989274,10,"average",10,"exp3"
"5d7ff85ffec5620017b07c40",31,20,5.5,20,"average",20,"exp3"
"5d7ff85ffec5620017b07c40",32,10,5.9464274989274,10,"average",10,"exp3"
"5d7ff85ffec5620017b07c40",33,2,4,2,"average",2,"exp3"
"5d7ff85ffec5620017b07c40",34,20,5.5,20,"average",20,"exp3"
"5d7ff85ffec5620017b07c40",35,20,5.5,20,"average",20,"exp3"
"5d7ff85ffec5620017b07c40",36,20,5.5,20,"average",20,"exp3"
"5d7ff85ffec5620017b07c40",37,10,5.9464274989274,10,"average",10,"exp3"
"5d7ff85ffec5620017b07c40",38,2,4,2,"average",2,"exp3"
"5d7ff85ffec5620017b07c40",39,10,5.9464274989274,10,"average",10,"exp3"
"5d7ff85ffec5620017b07c40",40,2,4,2,"average",2,"exp3"
"5d7ff85ffec5620017b07c40",41,10,5.9464274989274,10,"average",10,"exp3"
"5d7ff85ffec5620017b07c40",42,10,5.9464274989274,10,"average",10,"exp3"
"5d7ff85ffec5620017b07c40",43,10,5.9464274989274,10,"average",10,"exp3"
"5d7ff85ffec5620017b07c40",44,10,5.9464274989274,10,"average",10,"exp3"
"5d7ff85ffec5620017b07c40",45,2,4,2,"average",2,"exp3"
"5d7ff85ffec5620017b07c40",46,2,4,2,"average",2,"exp3"
"5d7ff85ffec5620017b07c40",47,20,5.5,20,"average",20,"exp3"
"5d7ff85ffec5620017b07c40",48,2,4,2,"average",2,"exp3"
"5d7ff85ffec5620017b07c40",49,2,4,2,"average",2,"exp3"
"5d7ff85ffec5620017b07c40",50,20,5.5,20,"average",20,"exp3"
"5d7ff85ffec5620017b07c40",51,2,4,2,"average",2,"exp3"
"5d7ff85ffec5620017b07c40",52,2,4,2,"average",2,"exp3"
"5d7ff85ffec5620017b07c40",53,2,4,2,"average",2,"exp3"
"5d7ff85ffec5620017b07c40",54,20,5.5,20,"average",20,"exp3"
"5d7ff85ffec5620017b07c40",55,20,5.5,20,"average",20,"exp3"
"5d7ff85ffec5620017b07c40",56,20,5.5,20,"average",20,"exp3"
"5d7ff85ffec5620017b07c40",57,2,4,2,"average",2,"exp3"
"5d7ff85ffec5620017b07c40",58,10,5.9464274989274,10,"average",10,"exp3"
"5d7ff85ffec5620017b07c40",59,2,4,2,"average",2,"exp3"
"5d7ff85ffec5620017b07c40",60,10,5.9464274989274,10,"average",10,"exp3"
"5d7ff85ffec5620017b07c40",61,10,5.9464274989274,10,"average",10,"exp3"
"5d7ff85ffec5620017b07c40",62,2,4,2,"average",2,"exp3"
"5d7ff85ffec5620017b07c40",63,20,5.5,20,"average",20,"exp3"
"5d7ff85ffec5620017b07c40",64,2,4,2,"average",2,"exp3"
"5d7ff85ffec5620017b07c40",65,10,5.9464274989274,10,"average",10,"exp3"
"5d7ff85ffec5620017b07c40",66,10,5.9464274989274,10,"average",10,"exp3"
"5d7ff85ffec5620017b07c40",67,20,5.5,20,"average",20,"exp3"
"5d7ff85ffec5620017b07c40",68,2,4,2,"average",2,"exp3"
"5d7ff85ffec5620017b07c40",69,2,4,2,"average",2,"exp3"
"5d7ff85ffec5620017b07c40",70,10,5.9464274989274,10,"average",10,"exp3"
"5d7ff85ffec5620017b07c40",71,20,5.5,20,"average",20,"exp3"
"5d7ff85ffec5620017b07c40",72,20,5.5,20,"average",20,"exp3"
"5d7ff85ffec5620017b07c40",73,10,5.9464274989274,10,"average",10,"exp3"
"5d7ff85ffec5620017b07c40",74,20,5.5,20,"average",20,"exp3"
"5d7ff85ffec5620017b07c40",75,10,5.9464274989274,10,"average",10,"exp3"
"5d7ff85ffec5620017b07c40",76,20,5.5,20,"average",20,"exp3"
"5d7ff85ffec5620017b07c40",77,2,4,2,"average",2,"exp3"
"5d7ff85ffec5620017b07c40",78,10,5.9464274989274,10,"average",10,"exp3"
"5d7ff85ffec5620017b07c40",79,10,5.9464274989274,10,"average",10,"exp3"
"5d7ff85ffec5620017b07c40",80,2,4,2,"average",2,"exp3"
"5d7ff85ffec5620017b07c40",81,2,4,2,"average",2,"exp3"
"5d7ff85ffec5620017b07c40",82,10,5.9464274989274,10,"average",10,"exp3"
"5d7ff85ffec5620017b07c40",83,20,5.5,20,"average",20,"exp3"
"5d7ff85ffec5620017b07c40",84,2,4,2,"average",2,"exp3"
"5d7ff85ffec5620017b07c40",85,2,4,2,"average",2,"exp3"
"5d7ff85ffec5620017b07c40",86,20,5.5,20,"average",20,"exp3"
"5d7ff85ffec5620017b07c40",87,20,5.5,20,"average",20,"exp3"
"5d7ff85ffec5620017b07c40",88,10,5.9464274989274,10,"average",10,"exp3"
"5d7ff85ffec5620017b07c40",89,2,4,2,"average",2,"exp3"
"5d7ff85ffec5620017b07c40",90,2,4,2,"average",2,"exp3"
"5d7ff85ffec5620017b07c40",91,2,4,2,"average",2,"exp3"
"5d7ff85ffec5620017b07c40",92,20,5.5,20,"average",20,"exp3"
"5d7ff85ffec5620017b07c40",93,10,5.9464274989274,10,"average",10,"exp3"
"5d7ff85ffec5620017b07c40",94,20,5.5,20,"average",20,"exp3"
"5d7ff85ffec5620017b07c40",95,2,4,2,"average",2,"exp3"
"5d7ff85ffec5620017b07c40",96,2,4,2,"average",2,"exp3"
"5d7ff85ffec5620017b07c40",97,20,5.5,20,"average",20,"exp3"
"5d7ff85ffec5620017b07c40",98,10,5.9464274989274,10,"average",10,"exp3"
"5d7ff85ffec5620017b07c40",99,2,4,2,"average",2,"exp3"
"5d7ff85ffec5620017b07c40",100,10,5.9464274989274,10,"average",10,"exp3"
"5d7ff85ffec5620017b07c40",101,10,5.9464274989274,10,"average",10,"exp3"
"5d7ff85ffec5620017b07c40",102,20,5.5,20,"average",20,"exp3"
"5d7ff85ffec5620017b07c40",103,20,5.5,20,"average",20,"exp3"
"5d7ff85ffec5620017b07c40",104,10,5.9464274989274,10,"average",10,"exp3"
"5d7ff85ffec5620017b07c40",105,20,5.5,20,"average",20,"exp3"
"5d7ff85ffec5620017b07c40",106,20,5.5,20,"average",20,"exp3"
"5d7ff85ffec5620017b07c40",107,2,4,2,"average",2,"exp3"
"5d7ff85ffec5620017b07c40",108,10,5.9464274989274,10,"average",10,"exp3"
"5a907927873cda0001dc4719",3,2,3,2,"average",2,"exp3"
"5a907927873cda0001dc4719",9,10,6.46606526413088,10,"average",10,"exp3"
"5a907927873cda0001dc4719",13,2,4,2,"average",2,"exp3"
"5a907927873cda0001dc4719",14,10,5.9464274989274,10,"average",10,"exp3"
"5a907927873cda0001dc4719",15,10,5.9464274989274,10,"average",10,"exp3"
"5a907927873cda0001dc4719",16,2,4,2,"average",2,"exp3"
"5a907927873cda0001dc4719",17,2,4,2,"average",2,"exp3"
"5a907927873cda0001dc4719",18,2,4,2,"average",2,"exp3"
"5a907927873cda0001dc4719",19,10,5.9464274989274,10,"average",10,"exp3"
"5a907927873cda0001dc4719",20,10,5.9464274989274,10,"average",10,"exp3"
"5a907927873cda0001dc4719",21,20,5.5,20,"average",20,"exp3"
"5a907927873cda0001dc4719",22,20,5.5,20,"average",20,"exp3"
"5a907927873cda0001dc4719",23,10,5.9464274989274,10,"average",10,"exp3"
"5a907927873cda0001dc4719",24,20,5.5,20,"average",20,"exp3"
"5a907927873cda0001dc4719",25,2,4,2,"average",2,"exp3"
"5a907927873cda0001dc4719",26,20,5.5,20,"average",20,"exp3"
"5a907927873cda0001dc4719",27,10,5.9464274989274,10,"average",10,"exp3"
"5a907927873cda0001dc4719",28,2,4,2,"average",2,"exp3"
"5a907927873cda0001dc4719",29,10,5.9464274989274,10,"average",10,"exp3"
"5a907927873cda0001dc4719",30,10,5.9464274989274,10,"average",10,"exp3"
"5a907927873cda0001dc4719",31,20,5.5,20,"average",20,"exp3"
"5a907927873cda0001dc4719",32,10,5.9464274989274,10,"average",10,"exp3"
"5a907927873cda0001dc4719",33,2,4,2,"average",2,"exp3"
"5a907927873cda0001dc4719",34,2,4,2,"average",2,"exp3"
"5a907927873cda0001dc4719",35,20,5.5,20,"average",20,"exp3"
"5a907927873cda0001dc4719",36,20,5.5,20,"average",20,"exp3"
"5a907927873cda0001dc4719",37,20,5.5,20,"average",20,"exp3"
"5a907927873cda0001dc4719",38,20,5.5,20,"average",20,"exp3"
"5a907927873cda0001dc4719",39,2,4,2,"average",2,"exp3"
"5a907927873cda0001dc4719",40,20,5.5,20,"average",20,"exp3"
"5a907927873cda0001dc4719",41,10,5.9464274989274,10,"average",10,"exp3"
"5a907927873cda0001dc4719",42,2,4,2,"average",2,"exp3"
"5a907927873cda0001dc4719",43,2,4,2,"average",2,"exp3"
"5a907927873cda0001dc4719",44,2,4,2,"average",2,"exp3"
"5a907927873cda0001dc4719",45,10,5.9464274989274,10,"average",10,"exp3"
"5a907927873cda0001dc4719",46,2,4,2,"average",2,"exp3"
"5a907927873cda0001dc4719",47,10,5.9464274989274,10,"average",10,"exp3"
"5a907927873cda0001dc4719",48,10,5.9464274989274,10,"average",10,"exp3"
"5a907927873cda0001dc4719",49,10,5.9464274989274,10,"average",10,"exp3"
"5a907927873cda0001dc4719",50,20,5.5,20,"average",20,"exp3"
"5a907927873cda0001dc4719",51,2,4,2,"average",2,"exp3"
"5a907927873cda0001dc4719",52,10,5.9464274989274,10,"average",10,"exp3"
"5a907927873cda0001dc4719",53,2,4,2,"average",2,"exp3"
"5a907927873cda0001dc4719",54,20,5.5,20,"average",20,"exp3"
"5a907927873cda0001dc4719",55,20,5.5,20,"average",20,"exp3"
"5a907927873cda0001dc4719",56,20,5.5,20,"average",20,"exp3"
"5a907927873cda0001dc4719",57,20,5.5,20,"average",20,"exp3"
"5a907927873cda0001dc4719",58,2,4,2,"average",2,"exp3"
"5a907927873cda0001dc4719",59,20,5.5,20,"average",20,"exp3"
"5a907927873cda0001dc4719",60,10,5.9464274989274,10,"average",10,"exp3"
"5a907927873cda0001dc4719",61,10,5.9464274989274,10,"average",10,"exp3"
"5a907927873cda0001dc4719",62,10,5.9464274989274,10,"average",10,"exp3"
"5a907927873cda0001dc4719",63,2,4,2,"average",2,"exp3"
"5a907927873cda0001dc4719",64,10,5.9464274989274,10,"average",10,"exp3"
"5a907927873cda0001dc4719",65,10,5.9464274989274,10,"average",10,"exp3"
"5a907927873cda0001dc4719",66,2,4,2,"average",2,"exp3"
"5a907927873cda0001dc4719",67,20,5.5,20,"average",20,"exp3"
"5a907927873cda0001dc4719",68,20,5.5,20,"average",20,"exp3"
"5a907927873cda0001dc4719",69,20,5.5,20,"average",20,"exp3"
"5a907927873cda0001dc4719",70,10,5.9464274989274,10,"average",10,"exp3"
"5a907927873cda0001dc4719",71,20,5.5,20,"average",20,"exp3"
"5a907927873cda0001dc4719",72,10,5.9464274989274,10,"average",10,"exp3"
"5a907927873cda0001dc4719",73,2,4,2,"average",2,"exp3"
"5a907927873cda0001dc4719",74,2,4,2,"average",2,"exp3"
"5a907927873cda0001dc4719",75,10,5.9464274989274,10,"average",10,"exp3"
"5a907927873cda0001dc4719",76,20,5.5,20,"average",20,"exp3"
"5a907927873cda0001dc4719",77,2,4,2,"average",2,"exp3"
"5a907927873cda0001dc4719",78,2,4,2,"average",2,"exp3"
"5a907927873cda0001dc4719",79,20,5.5,20,"average",20,"exp3"
"5a907927873cda0001dc4719",80,2,4,2,"average",2,"exp3"
"5a907927873cda0001dc4719",81,2,4,2,"average",2,"exp3"
"5a907927873cda0001dc4719",82,20,5.5,20,"average",20,"exp3"
"5a907927873cda0001dc4719",83,20,5.5,20,"average",20,"exp3"
"5a907927873cda0001dc4719",84,10,5.9464274989274,10,"average",10,"exp3"
"5a907927873cda0001dc4719",85,2,4,2,"average",2,"exp3"
"5a907927873cda0001dc4719",86,10,5.9464274989274,10,"average",10,"exp3"
"5a907927873cda0001dc4719",87,2,4,2,"average",2,"exp3"
"5a907927873cda0001dc4719",88,10,5.9464274989274,10,"average",10,"exp3"
"5a907927873cda0001dc4719",89,2,4,2,"average",2,"exp3"
"5a907927873cda0001dc4719",90,10,5.9464274989274,10,"average",10,"exp3"
"5a907927873cda0001dc4719",91,10,5.9464274989274,10,"average",10,"exp3"
"5a907927873cda0001dc4719",92,2,4,2,"average",2,"exp3"
"5a907927873cda0001dc4719",93,20,5.5,20,"average",20,"exp3"
"5a907927873cda0001dc4719",94,20,5.5,20,"average",20,"exp3"
"5a907927873cda0001dc4719",95,2,4,2,"average",2,"exp3"
"5a907927873cda0001dc4719",96,20,5.5,20,"average",20,"exp3"
"5a907927873cda0001dc4719",97,2,4,2,"average",2,"exp3"
"5a907927873cda0001dc4719",98,20,5.5,20,"average",20,"exp3"
"5a907927873cda0001dc4719",99,20,5.5,20,"average",20,"exp3"
"5a907927873cda0001dc4719",100,2,4,2,"average",2,"exp3"
"5a907927873cda0001dc4719",101,10,5.9464274989274,10,"average",10,"exp3"
"5a907927873cda0001dc4719",102,20,5.5,20,"average",20,"exp3"
"5a907927873cda0001dc4719",103,10,5.9464274989274,10,"average",10,"exp3"
"5a907927873cda0001dc4719",104,10,5.9464274989274,10,"average",10,"exp3"
"5a907927873cda0001dc4719",105,10,5.9464274989274,10,"average",10,"exp3"
"5a907927873cda0001dc4719",106,20,5.5,20,"average",20,"exp3"
"5a907927873cda0001dc4719",107,20,5.5,20,"average",20,"exp3"
"5a907927873cda0001dc4719",108,2,4,2,"average",2,"exp3"
"67620128f5496ea07672039c",12,10,5.80430874437258,10,"average",10,"exp3"
"67620128f5496ea07672039c",13,2,4,2,"average",2,"exp3"
"67620128f5496ea07672039c",14,10,5.9464274989274,10,"average",10,"exp3"
"67620128f5496ea07672039c",15,20,5.5,20,"average",20,"exp3"
"67620128f5496ea07672039c",16,10,5.9464274989274,10,"average",10,"exp3"
"67620128f5496ea07672039c",17,20,5.5,20,"average",20,"exp3"
"67620128f5496ea07672039c",18,20,5.5,20,"average",20,"exp3"
"67620128f5496ea07672039c",19,2,4,2,"average",2,"exp3"
"67620128f5496ea07672039c",20,2,4,2,"average",2,"exp3"
"67620128f5496ea07672039c",21,2,4,2,"average",2,"exp3"
"67620128f5496ea07672039c",22,20,5.5,20,"average",20,"exp3"
"67620128f5496ea07672039c",23,10,5.9464274989274,10,"average",10,"exp3"
"67620128f5496ea07672039c",24,10,5.9464274989274,10,"average",10,"exp3"
"67620128f5496ea07672039c",25,10,5.9464274989274,10,"average",10,"exp3"
"67620128f5496ea07672039c",26,10,5.9464274989274,10,"average",10,"exp3"
"67620128f5496ea07672039c",27,10,5.9464274989274,10,"average",10,"exp3"
"67620128f5496ea07672039c",28,20,5.5,20,"average",20,"exp3"
"67620128f5496ea07672039c",29,2,4,2,"average",2,"exp3"
"67620128f5496ea07672039c",30,20,5.5,20,"average",20,"exp3"
"67620128f5496ea07672039c",31,20,5.5,20,"average",20,"exp3"
"67620128f5496ea07672039c",32,2,4,2,"average",2,"exp3"
"67620128f5496ea07672039c",33,2,4,2,"average",2,"exp3"
"67620128f5496ea07672039c",34,2,4,2,"average",2,"exp3"
"67620128f5496ea07672039c",35,2,4,2,"average",2,"exp3"
"67620128f5496ea07672039c",36,10,5.9464274989274,10,"average",10,"exp3"
"67620128f5496ea07672039c",37,2,4,2,"average",2,"exp3"
"67620128f5496ea07672039c",38,20,5.5,20,"average",20,"exp3"
"67620128f5496ea07672039c",39,10,5.9464274989274,10,"average",10,"exp3"
"67620128f5496ea07672039c",40,10,5.9464274989274,10,"average",10,"exp3"
"67620128f5496ea07672039c",41,2,4,2,"average",2,"exp3"
"67620128f5496ea07672039c",42,20,5.5,20,"average",20,"exp3"
"67620128f5496ea07672039c",43,20,5.5,20,"average",20,"exp3"
"67620128f5496ea07672039c",44,2,4,2,"average",2,"exp3"
"67620128f5496ea07672039c",45,10,5.9464274989274,10,"average",10,"exp3"
"67620128f5496ea07672039c",46,10,5.9464274989274,10,"average",10,"exp3"
"67620128f5496ea07672039c",47,20,5.5,20,"average",20,"exp3"
"67620128f5496ea07672039c",48,2,4,2,"average",2,"exp3"
"67620128f5496ea07672039c",49,2,4,2,"average",2,"exp3"
"67620128f5496ea07672039c",50,2,4,2,"average",2,"exp3"
"67620128f5496ea07672039c",51,10,5.9464274989274,10,"average",10,"exp3"
"67620128f5496ea07672039c",52,10,5.9464274989274,10,"average",10,"exp3"
"67620128f5496ea07672039c",53,20,5.5,20,"average",20,"exp3"
"67620128f5496ea07672039c",54,10,5.9464274989274,10,"average",10,"exp3"
"67620128f5496ea07672039c",55,2,4,2,"average",2,"exp3"
"67620128f5496ea07672039c",56,20,5.5,20,"average",20,"exp3"
"67620128f5496ea07672039c",57,10,5.9464274989274,10,"average",10,"exp3"
"67620128f5496ea07672039c",58,20,5.5,20,"average",20,"exp3"
"67620128f5496ea07672039c",59,20,5.5,20,"average",20,"exp3"
"67620128f5496ea07672039c",60,20,5.5,20,"average",20,"exp3"
"67620128f5496ea07672039c",61,10,5.9464274989274,10,"average",10,"exp3"
"67620128f5496ea07672039c",62,10,5.9464274989274,10,"average",10,"exp3"
"67620128f5496ea07672039c",63,20,5.5,20,"average",20,"exp3"
"67620128f5496ea07672039c",64,20,5.5,20,"average",20,"exp3"
"67620128f5496ea07672039c",65,20,5.5,20,"average",20,"exp3"
"67620128f5496ea07672039c",66,2,4,2,"average",2,"exp3"
"67620128f5496ea07672039c",67,10,5.9464274989274,10,"average",10,"exp3"
"67620128f5496ea07672039c",68,10,5.9464274989274,10,"average",10,"exp3"
"67620128f5496ea07672039c",69,2,4,2,"average",2,"exp3"
"67620128f5496ea07672039c",70,20,5.5,20,"average",20,"exp3"
"67620128f5496ea07672039c",71,2,4,2,"average",2,"exp3"
"67620128f5496ea07672039c",72,20,5.5,20,"average",20,"exp3"
"67620128f5496ea07672039c",73,2,4,2,"average",2,"exp3"
"67620128f5496ea07672039c",74,2,4,2,"average",2,"exp3"
"67620128f5496ea07672039c",75,20,5.5,20,"average",20,"exp3"
"67620128f5496ea07672039c",76,20,5.5,20,"average",20,"exp3"
"67620128f5496ea07672039c",77,10,5.9464274989274,10,"average",10,"exp3"
"67620128f5496ea07672039c",78,10,5.9464274989274,10,"average",10,"exp3"
"67620128f5496ea07672039c",79,2,4,2,"average",2,"exp3"
"67620128f5496ea07672039c",80,20,5.5,20,"average",20,"exp3"
"67620128f5496ea07672039c",81,20,5.5,20,"average",20,"exp3"
"67620128f5496ea07672039c",82,2,4,2,"average",2,"exp3"
"67620128f5496ea07672039c",83,10,5.9464274989274,10,"average",10,"exp3"
"67620128f5496ea07672039c",84,20,5.5,20,"average",20,"exp3"
"67620128f5496ea07672039c",85,20,5.5,20,"average",20,"exp3"
"67620128f5496ea07672039c",86,2,4,2,"average",2,"exp3"
"67620128f5496ea07672039c",87,10,5.9464274989274,10,"average",10,"exp3"
"67620128f5496ea07672039c",88,2,4,2,"average",2,"exp3"
"67620128f5496ea07672039c",89,10,5.9464274989274,10,"average",10,"exp3"
"67620128f5496ea07672039c",90,2,4,2,"average",2,"exp3"
"67620128f5496ea07672039c",91,2,4,2,"average",2,"exp3"
"67620128f5496ea07672039c",92,20,5.5,20,"average",20,"exp3"
"67620128f5496ea07672039c",93,10,5.9464274989274,10,"average",10,"exp3"
"67620128f5496ea07672039c",94,20,5.5,20,"average",20,"exp3"
"67620128f5496ea07672039c",95,10,5.9464274989274,10,"average",10,"exp3"
"67620128f5496ea07672039c",96,2,4,2,"average",2,"exp3"
"67620128f5496ea07672039c",97,20,5.5,20,"average",20,"exp3"
"67620128f5496ea07672039c",98,2,4,2,"average",2,"exp3"
"67620128f5496ea07672039c",99,2,4,2,"average",2,"exp3"
"67620128f5496ea07672039c",100,10,5.9464274989274,10,"average",10,"exp3"
"67620128f5496ea07672039c",101,2,4,2,"average",2,"exp3"
"67620128f5496ea07672039c",102,10,5.9464274989274,10,"average",10,"exp3"
"67620128f5496ea07672039c",103,10,5.9464274989274,10,"average",10,"exp3"
"67620128f5496ea07672039c",104,2,4,2,"average",2,"exp3"
"67620128f5496ea07672039c",105,20,5.5,20,"average",20,"exp3"
"67620128f5496ea07672039c",106,10,5.9464274989274,10,"average",10,"exp3"
"67620128f5496ea07672039c",107,20,5.5,20,"average",20,"exp3"
"67620128f5496ea07672039c",108,10,5.9464274989274,10,"average",10,"exp3"
"650b695bf3b3d34f9c461926",6,10,5.47813836992094,10,"average",10,"exp3"
"650b695bf3b3d34f9c461926",9,10,5.31883445878888,10,"average",10,"exp3"
"650b695bf3b3d34f9c461926",10,10,6.06959636219741,10,"average",10,"exp3"
"650b695bf3b3d34f9c461926",13,2,4,2,"average",2,"exp3"
"650b695bf3b3d34f9c461926",14,2,4,2,"average",2,"exp3"
"650b695bf3b3d34f9c461926",15,10,5.9464274989274,10,"average",10,"exp3"
"650b695bf3b3d34f9c461926",16,10,5.9464274989274,10,"average",10,"exp3"
"650b695bf3b3d34f9c461926",17,2,4,2,"average",2,"exp3"
"650b695bf3b3d34f9c461926",18,2,4,2,"average",2,"exp3"
"650b695bf3b3d34f9c461926",19,20,5.5,20,"average",20,"exp3"
"650b695bf3b3d34f9c461926",20,2,4,2,"average",2,"exp3"
"650b695bf3b3d34f9c461926",21,20,5.5,20,"average",20,"exp3"
"650b695bf3b3d34f9c461926",22,2,4,2,"average",2,"exp3"
"650b695bf3b3d34f9c461926",23,10,5.9464274989274,10,"average",10,"exp3"
"650b695bf3b3d34f9c461926",24,20,5.5,20,"average",20,"exp3"
"650b695bf3b3d34f9c461926",25,20,5.5,20,"average",20,"exp3"
"650b695bf3b3d34f9c461926",26,2,4,2,"average",2,"exp3"
"650b695bf3b3d34f9c461926",27,10,5.9464274989274,10,"average",10,"exp3"
"650b695bf3b3d34f9c461926",28,20,5.5,20,"average",20,"exp3"
"650b695bf3b3d34f9c461926",29,20,5.5,20,"average",20,"exp3"
"650b695bf3b3d34f9c461926",30,2,4,2,"average",2,"exp3"
"650b695bf3b3d34f9c461926",31,20,5.5,20,"average",20,"exp3"
"650b695bf3b3d34f9c461926",32,2,4,2,"average",2,"exp3"
"650b695bf3b3d34f9c461926",33,2,4,2,"average",2,"exp3"
"650b695bf3b3d34f9c461926",34,2,4,2,"average",2,"exp3"
"650b695bf3b3d34f9c461926",35,2,4,2,"average",2,"exp3"
"650b695bf3b3d34f9c461926",36,20,5.5,20,"average",20,"exp3"
"650b695bf3b3d34f9c461926",37,10,5.9464274989274,10,"average",10,"exp3"
"650b695bf3b3d34f9c461926",38,10,5.9464274989274,10,"average",10,"exp3"
"650b695bf3b3d34f9c461926",39,2,4,2,"average",2,"exp3"
"650b695bf3b3d34f9c461926",40,10,5.9464274989274,10,"average",10,"exp3"
"650b695bf3b3d34f9c461926",41,20,5.5,20,"average",20,"exp3"
"650b695bf3b3d34f9c461926",42,10,5.9464274989274,10,"average",10,"exp3"
"650b695bf3b3d34f9c461926",43,10,5.9464274989274,10,"average",10,"exp3"
"650b695bf3b3d34f9c461926",44,10,5.9464274989274,10,"average",10,"exp3"
"650b695bf3b3d34f9c461926",45,10,5.9464274989274,10,"average",10,"exp3"
"650b695bf3b3d34f9c461926",46,20,5.5,20,"average",20,"exp3"
"650b695bf3b3d34f9c461926",47,20,5.5,20,"average",20,"exp3"
"650b695bf3b3d34f9c461926",48,10,5.9464274989274,10,"average",10,"exp3"
"650b695bf3b3d34f9c461926",49,20,5.5,20,"average",20,"exp3"
"650b695bf3b3d34f9c461926",50,10,5.9464274989274,10,"average",10,"exp3"
"650b695bf3b3d34f9c461926",51,2,4,2,"average",2,"exp3"
"650b695bf3b3d34f9c461926",52,10,5.9464274989274,10,"average",10,"exp3"
"650b695bf3b3d34f9c461926",53,2,4,2,"average",2,"exp3"
"650b695bf3b3d34f9c461926",54,20,5.5,20,"average",20,"exp3"
"650b695bf3b3d34f9c461926",55,20,5.5,20,"average",20,"exp3"
"650b695bf3b3d34f9c461926",56,20,5.5,20,"average",20,"exp3"
"650b695bf3b3d34f9c461926",57,10,5.9464274989274,10,"average",10,"exp3"
"650b695bf3b3d34f9c461926",58,2,4,2,"average",2,"exp3"
"650b695bf3b3d34f9c461926",59,20,5.5,20,"average",20,"exp3"
"650b695bf3b3d34f9c461926",60,10,5.9464274989274,10,"average",10,"exp3"
"650b695bf3b3d34f9c461926",61,2,4,2,"average",2,"exp3"
"650b695bf3b3d34f9c461926",62,10,5.9464274989274,10,"average",10,"exp3"
"650b695bf3b3d34f9c461926",63,10,5.9464274989274,10,"average",10,"exp3"
"650b695bf3b3d34f9c461926",64,2,4,2,"average",2,"exp3"
"650b695bf3b3d34f9c461926",65,2,4,2,"average",2,"exp3"
"650b695bf3b3d34f9c461926",66,2,4,2,"average",2,"exp3"
"650b695bf3b3d34f9c461926",67,10,5.9464274989274,10,"average",10,"exp3"
"650b695bf3b3d34f9c461926",68,2,4,2,"average",2,"exp3"
"650b695bf3b3d34f9c461926",69,20,5.5,20,"average",20,"exp3"
"650b695bf3b3d34f9c461926",70,2,4,2,"average",2,"exp3"
"650b695bf3b3d34f9c461926",71,10,5.9464274989274,10,"average",10,"exp3"
"650b695bf3b3d34f9c461926",72,2,4,2,"average",2,"exp3"
"650b695bf3b3d34f9c461926",73,20,5.5,20,"average",20,"exp3"
"650b695bf3b3d34f9c461926",74,2,4,2,"average",2,"exp3"
"650b695bf3b3d34f9c461926",75,10,5.9464274989274,10,"average",10,"exp3"
"650b695bf3b3d34f9c461926",76,2,4,2,"average",2,"exp3"
"650b695bf3b3d34f9c461926",77,2,4,2,"average",2,"exp3"
"650b695bf3b3d34f9c461926",78,2,4,2,"average",2,"exp3"
"650b695bf3b3d34f9c461926",79,20,5.5,20,"average",20,"exp3"
"650b695bf3b3d34f9c461926",80,2,4,2,"average",2,"exp3"
"650b695bf3b3d34f9c461926",81,20,5.5,20,"average",20,"exp3"
"650b695bf3b3d34f9c461926",82,2,4,2,"average",2,"exp3"
"650b695bf3b3d34f9c461926",83,20,5.5,20,"average",20,"exp3"
"650b695bf3b3d34f9c461926",84,20,5.5,20,"average",20,"exp3"
"650b695bf3b3d34f9c461926",85,10,5.9464274989274,10,"average",10,"exp3"
"650b695bf3b3d34f9c461926",86,10,5.9464274989274,10,"average",10,"exp3"
"650b695bf3b3d34f9c461926",87,20,5.5,20,"average",20,"exp3"
"650b695bf3b3d34f9c461926",88,20,5.5,20,"average",20,"exp3"
"650b695bf3b3d34f9c461926",89,10,5.9464274989274,10,"average",10,"exp3"
"650b695bf3b3d34f9c461926",90,10,5.9464274989274,10,"average",10,"exp3"
"650b695bf3b3d34f9c461926",91,20,5.5,20,"average",20,"exp3"
"650b695bf3b3d34f9c461926",92,20,5.5,20,"average",20,"exp3"
"650b695bf3b3d34f9c461926",93,20,5.5,20,"average",20,"exp3"
"650b695bf3b3d34f9c461926",94,20,5.5,20,"average",20,"exp3"
"650b695bf3b3d34f9c461926",95,10,5.9464274989274,10,"average",10,"exp3"
"650b695bf3b3d34f9c461926",96,2,4,2,"average",2,"exp3"
"650b695bf3b3d34f9c461926",97,10,5.9464274989274,10,"average",10,"exp3"
"650b695bf3b3d34f9c461926",98,2,4,2,"average",2,"exp3"
"650b695bf3b3d34f9c461926",99,20,5.5,20,"average",20,"exp3"
"650b695bf3b3d34f9c461926",100,20,5.5,20,"average",20,"exp3"
"650b695bf3b3d34f9c461926",101,2,4,2,"average",2,"exp3"
"650b695bf3b3d34f9c461926",102,10,5.9464274989274,10,"average",10,"exp3"
"650b695bf3b3d34f9c461926",103,10,5.9464274989274,10,"average",10,"exp3"
"650b695bf3b3d34f9c461926",104,20,5.5,20,"average",20,"exp3"
"650b695bf3b3d34f9c461926",105,20,5.5,20,"average",20,"exp3"
"650b695bf3b3d34f9c461926",106,10,5.9464274989274,10,"average",10,"exp3"
"650b695bf3b3d34f9c461926",107,10,5.9464274989274,10,"average",10,"exp3"
"650b695bf3b3d34f9c461926",108,10,5.9464274989274,10,"average",10,"exp3"
"628a4816764d2f993ee7493d",12,10,6.08276253029822,10,"average",10,"exp3"
"628a4816764d2f993ee7493d",13,10,5.9464274989274,10,"average",10,"exp3"
"628a4816764d2f993ee7493d",14,2,4,2,"average",2,"exp3"
"628a4816764d2f993ee7493d",15,20,5.5,20,"average",20,"exp3"
"628a4816764d2f993ee7493d",16,2,4,2,"average",2,"exp3"
"628a4816764d2f993ee7493d",17,10,5.9464274989274,10,"average",10,"exp3"
"628a4816764d2f993ee7493d",18,10,5.9464274989274,10,"average",10,"exp3"
"628a4816764d2f993ee7493d",19,20,5.5,20,"average",20,"exp3"
"628a4816764d2f993ee7493d",20,2,4,2,"average",2,"exp3"
"628a4816764d2f993ee7493d",21,2,4,2,"average",2,"exp3"
"628a4816764d2f993ee7493d",22,20,5.5,20,"average",20,"exp3"
"628a4816764d2f993ee7493d",23,10,5.9464274989274,10,"average",10,"exp3"
"628a4816764d2f993ee7493d",24,20,5.5,20,"average",20,"exp3"
"628a4816764d2f993ee7493d",25,2,4,2,"average",2,"exp3"
"628a4816764d2f993ee7493d",26,2,4,2,"average",2,"exp3"
"628a4816764d2f993ee7493d",27,10,5.9464274989274,10,"average",10,"exp3"
"628a4816764d2f993ee7493d",28,10,5.9464274989274,10,"average",10,"exp3"
"628a4816764d2f993ee7493d",29,2,4,2,"average",2,"exp3"
"628a4816764d2f993ee7493d",30,2,4,2,"average",2,"exp3"
"628a4816764d2f993ee7493d",31,10,5.9464274989274,10,"average",10,"exp3"
"628a4816764d2f993ee7493d",32,20,5.5,20,"average",20,"exp3"
"628a4816764d2f993ee7493d",33,2,4,2,"average",2,"exp3"
"628a4816764d2f993ee7493d",34,20,5.5,20,"average",20,"exp3"
"628a4816764d2f993ee7493d",35,20,5.5,20,"average",20,"exp3"
"628a4816764d2f993ee7493d",36,20,5.5,20,"average",20,"exp3"
"628a4816764d2f993ee7493d",37,20,5.5,20,"average",20,"exp3"
"628a4816764d2f993ee7493d",38,2,4,2,"average",2,"exp3"
"628a4816764d2f993ee7493d",39,20,5.5,20,"average",20,"exp3"
"628a4816764d2f993ee7493d",40,10,5.9464274989274,10,"average",10,"exp3"
"628a4816764d2f993ee7493d",41,10,5.9464274989274,10,"average",10,"exp3"
"628a4816764d2f993ee7493d",42,2,4,2,"average",2,"exp3"
"628a4816764d2f993ee7493d",43,10,5.9464274989274,10,"average",10,"exp3"
"628a4816764d2f993ee7493d",44,20,5.5,20,"average",20,"exp3"
"628a4816764d2f993ee7493d",45,20,5.5,20,"average",20,"exp3"
"628a4816764d2f993ee7493d",46,10,5.9464274989274,10,"average",10,"exp3"
"628a4816764d2f993ee7493d",47,10,5.9464274989274,10,"average",10,"exp3"
"628a4816764d2f993ee7493d",48,2,4,2,"average",2,"exp3"
"628a4816764d2f993ee7493d",49,2,4,2,"average",2,"exp3"
"628a4816764d2f993ee7493d",50,20,5.5,20,"average",20,"exp3"
"628a4816764d2f993ee7493d",51,20,5.5,20,"average",20,"exp3"
"628a4816764d2f993ee7493d",52,2,4,2,"average",2,"exp3"
"628a4816764d2f993ee7493d",53,10,5.9464274989274,10,"average",10,"exp3"
"628a4816764d2f993ee7493d",54,20,5.5,20,"average",20,"exp3"
"628a4816764d2f993ee7493d",55,10,5.9464274989274,10,"average",10,"exp3"
"628a4816764d2f993ee7493d",56,2,4,2,"average",2,"exp3"
"628a4816764d2f993ee7493d",57,10,5.9464274989274,10,"average",10,"exp3"
"628a4816764d2f993ee7493d",58,10,5.9464274989274,10,"average",10,"exp3"
"628a4816764d2f993ee7493d",59,2,4,2,"average",2,"exp3"
"628a4816764d2f993ee7493d",60,20,5.5,20,"average",20,"exp3"
"628a4816764d2f993ee7493d",61,20,5.5,20,"average",20,"exp3"
"628a4816764d2f993ee7493d",62,10,5.9464274989274,10,"average",10,"exp3"
"628a4816764d2f993ee7493d",63,10,5.9464274989274,10,"average",10,"exp3"
"628a4816764d2f993ee7493d",64,2,4,2,"average",2,"exp3"
"628a4816764d2f993ee7493d",65,2,4,2,"average",2,"exp3"
"628a4816764d2f993ee7493d",66,20,5.5,20,"average",20,"exp3"
"628a4816764d2f993ee7493d",67,2,4,2,"average",2,"exp3"
"628a4816764d2f993ee7493d",68,20,5.5,20,"average",20,"exp3"
"628a4816764d2f993ee7493d",69,20,5.5,20,"average",20,"exp3"
"628a4816764d2f993ee7493d",70,20,5.5,20,"average",20,"exp3"
"628a4816764d2f993ee7493d",71,2,4,2,"average",2,"exp3"
"628a4816764d2f993ee7493d",72,20,5.5,20,"average",20,"exp3"
"628a4816764d2f993ee7493d",73,2,4,2,"average",2,"exp3"
"628a4816764d2f993ee7493d",74,20,5.5,20,"average",20,"exp3"
"628a4816764d2f993ee7493d",75,2,4,2,"average",2,"exp3"
"628a4816764d2f993ee7493d",76,10,5.9464274989274,10,"average",10,"exp3"
"628a4816764d2f993ee7493d",77,20,5.5,20,"average",20,"exp3"
"628a4816764d2f993ee7493d",78,20,5.5,20,"average",20,"exp3"
"628a4816764d2f993ee7493d",79,2,4,2,"average",2,"exp3"
"628a4816764d2f993ee7493d",80,10,5.9464274989274,10,"average",10,"exp3"
"628a4816764d2f993ee7493d",81,20,5.5,20,"average",20,"exp3"
"628a4816764d2f993ee7493d",82,10,5.9464274989274,10,"average",10,"exp3"
"628a4816764d2f993ee7493d",83,20,5.5,20,"average",20,"exp3"
"628a4816764d2f993ee7493d",84,2,4,2,"average",2,"exp3"
"628a4816764d2f993ee7493d",85,10,5.9464274989274,10,"average",10,"exp3"
"628a4816764d2f993ee7493d",86,2,4,2,"average",2,"exp3"
"628a4816764d2f993ee7493d",87,20,5.5,20,"average",20,"exp3"
"628a4816764d2f993ee7493d",88,2,4,2,"average",2,"exp3"
"628a4816764d2f993ee7493d",89,20,5.5,20,"average",20,"exp3"
"628a4816764d2f993ee7493d",90,10,5.9464274989274,10,"average",10,"exp3"
"628a4816764d2f993ee7493d",91,2,4,2,"average",2,"exp3"
"628a4816764d2f993ee7493d",92,2,4,2,"average",2,"exp3"
"628a4816764d2f993ee7493d",93,10,5.9464274989274,10,"average",10,"exp3"
"628a4816764d2f993ee7493d",94,20,5.5,20,"average",20,"exp3"
"628a4816764d2f993ee7493d",95,10,5.9464274989274,10,"average",10,"exp3"
"628a4816764d2f993ee7493d",96,10,5.9464274989274,10,"average",10,"exp3"
"628a4816764d2f993ee7493d",97,10,5.9464274989274,10,"average",10,"exp3"
"628a4816764d2f993ee7493d",98,2,4,2,"average",2,"exp3"
"628a4816764d2f993ee7493d",99,10,5.9464274989274,10,"average",10,"exp3"
"628a4816764d2f993ee7493d",100,10,5.9464274989274,10,"average",10,"exp3"
"628a4816764d2f993ee7493d",101,20,5.5,20,"average",20,"exp3"
"628a4816764d2f993ee7493d",102,10,5.9464274989274,10,"average",10,"exp3"
"628a4816764d2f993ee7493d",103,2,4,2,"average",2,"exp3"
"628a4816764d2f993ee7493d",104,2,4,2,"average",2,"exp3"
"628a4816764d2f993ee7493d",105,20,5.5,20,"average",20,"exp3"
"628a4816764d2f993ee7493d",106,10,5.9464274989274,10,"average",10,"exp3"
"628a4816764d2f993ee7493d",107,10,5.9464274989274,10,"average",10,"exp3"
"628a4816764d2f993ee7493d",108,2,4,2,"average",2,"exp3"
"66c3366a3b5834b89124e85a",2,10,6.2201286160336,10,"average",10,"exp3"
"66c3366a3b5834b89124e85a",13,2,4,2,"average",2,"exp3"
"66c3366a3b5834b89124e85a",14,10,5.9464274989274,10,"average",10,"exp3"
"66c3366a3b5834b89124e85a",15,20,5.5,20,"average",20,"exp3"
"66c3366a3b5834b89124e85a",16,10,5.9464274989274,10,"average",10,"exp3"
"66c3366a3b5834b89124e85a",17,2,4,2,"average",2,"exp3"
"66c3366a3b5834b89124e85a",18,2,4,2,"average",2,"exp3"
"66c3366a3b5834b89124e85a",19,20,5.5,20,"average",20,"exp3"
"66c3366a3b5834b89124e85a",20,2,4,2,"average",2,"exp3"
"66c3366a3b5834b89124e85a",21,20,5.5,20,"average",20,"exp3"
"66c3366a3b5834b89124e85a",22,10,5.9464274989274,10,"average",10,"exp3"
"66c3366a3b5834b89124e85a",23,2,4,2,"average",2,"exp3"
"66c3366a3b5834b89124e85a",24,10,5.9464274989274,10,"average",10,"exp3"
"66c3366a3b5834b89124e85a",25,10,5.9464274989274,10,"average",10,"exp3"
"66c3366a3b5834b89124e85a",26,20,5.5,20,"average",20,"exp3"
"66c3366a3b5834b89124e85a",27,2,4,2,"average",2,"exp3"
"66c3366a3b5834b89124e85a",28,10,5.9464274989274,10,"average",10,"exp3"
"66c3366a3b5834b89124e85a",29,20,5.5,20,"average",20,"exp3"
"66c3366a3b5834b89124e85a",30,20,5.5,20,"average",20,"exp3"
"66c3366a3b5834b89124e85a",31,2,4,2,"average",2,"exp3"
"66c3366a3b5834b89124e85a",32,20,5.5,20,"average",20,"exp3"
"66c3366a3b5834b89124e85a",33,10,5.9464274989274,10,"average",10,"exp3"
"66c3366a3b5834b89124e85a",34,20,5.5,20,"average",20,"exp3"
"66c3366a3b5834b89124e85a",35,2,4,2,"average",2,"exp3"
"66c3366a3b5834b89124e85a",36,2,4,2,"average",2,"exp3"
"66c3366a3b5834b89124e85a",37,2,4,2,"average",2,"exp3"
"66c3366a3b5834b89124e85a",38,2,4,2,"average",2,"exp3"
"66c3366a3b5834b89124e85a",39,10,5.9464274989274,10,"average",10,"exp3"
"66c3366a3b5834b89124e85a",40,2,4,2,"average",2,"exp3"
"66c3366a3b5834b89124e85a",41,10,5.9464274989274,10,"average",10,"exp3"
"66c3366a3b5834b89124e85a",42,2,4,2,"average",2,"exp3"
"66c3366a3b5834b89124e85a",43,2,4,2,"average",2,"exp3"
"66c3366a3b5834b89124e85a",44,20,5.5,20,"average",20,"exp3"
"66c3366a3b5834b89124e85a",45,10,5.9464274989274,10,"average",10,"exp3"
"66c3366a3b5834b89124e85a",46,10,5.9464274989274,10,"average",10,"exp3"
"66c3366a3b5834b89124e85a",47,20,5.5,20,"average",20,"exp3"
"66c3366a3b5834b89124e85a",48,20,5.5,20,"average",20,"exp3"
"66c3366a3b5834b89124e85a",49,2,4,2,"average",2,"exp3"
"66c3366a3b5834b89124e85a",50,20,5.5,20,"average",20,"exp3"
"66c3366a3b5834b89124e85a",51,20,5.5,20,"average",20,"exp3"
"66c3366a3b5834b89124e85a",52,10,5.9464274989274,10,"average",10,"exp3"
"66c3366a3b5834b89124e85a",53,10,5.9464274989274,10,"average",10,"exp3"
"66c3366a3b5834b89124e85a",54,20,5.5,20,"average",20,"exp3"
"66c3366a3b5834b89124e85a",55,10,5.9464274989274,10,"average",10,"exp3"
"66c3366a3b5834b89124e85a",56,2,4,2,"average",2,"exp3"
"66c3366a3b5834b89124e85a",57,10,5.9464274989274,10,"average",10,"exp3"
"66c3366a3b5834b89124e85a",58,10,5.9464274989274,10,"average",10,"exp3"
"66c3366a3b5834b89124e85a",59,20,5.5,20,"average",20,"exp3"
"66c3366a3b5834b89124e85a",60,20,5.5,20,"average",20,"exp3"
"66c3366a3b5834b89124e85a",61,2,4,2,"average",2,"exp3"
"66c3366a3b5834b89124e85a",62,2,4,2,"average",2,"exp3"
"66c3366a3b5834b89124e85a",63,10,5.9464274989274,10,"average",10,"exp3"
"66c3366a3b5834b89124e85a",64,20,5.5,20,"average",20,"exp3"
"66c3366a3b5834b89124e85a",65,10,5.9464274989274,10,"average",10,"exp3"
"66c3366a3b5834b89124e85a",66,10,5.9464274989274,10,"average",10,"exp3"
"66c3366a3b5834b89124e85a",67,20,5.5,20,"average",20,"exp3"
"66c3366a3b5834b89124e85a",68,20,5.5,20,"average",20,"exp3"
"66c3366a3b5834b89124e85a",69,2,4,2,"average",2,"exp3"
"66c3366a3b5834b89124e85a",70,2,4,2,"average",2,"exp3"
"66c3366a3b5834b89124e85a",71,2,4,2,"average",2,"exp3"
"66c3366a3b5834b89124e85a",72,2,4,2,"average",2,"exp3"
"66c3366a3b5834b89124e85a",73,2,4,2,"average",2,"exp3"
"66c3366a3b5834b89124e85a",74,20,5.5,20,"average",20,"exp3"
"66c3366a3b5834b89124e85a",75,20,5.5,20,"average",20,"exp3"
"66c3366a3b5834b89124e85a",76,10,5.9464274989274,10,"average",10,"exp3"
"66c3366a3b5834b89124e85a",77,2,4,2,"average",2,"exp3"
"66c3366a3b5834b89124e85a",78,10,5.9464274989274,10,"average",10,"exp3"
"66c3366a3b5834b89124e85a",79,20,5.5,20,"average",20,"exp3"
"66c3366a3b5834b89124e85a",80,10,5.9464274989274,10,"average",10,"exp3"
"66c3366a3b5834b89124e85a",81,20,5.5,20,"average",20,"exp3"
"66c3366a3b5834b89124e85a",82,10,5.9464274989274,10,"average",10,"exp3"
"66c3366a3b5834b89124e85a",83,10,5.9464274989274,10,"average",10,"exp3"
"66c3366a3b5834b89124e85a",84,2,4,2,"average",2,"exp3"
"66c3366a3b5834b89124e85a",85,20,5.5,20,"average",20,"exp3"
"66c3366a3b5834b89124e85a",86,2,4,2,"average",2,"exp3"
"66c3366a3b5834b89124e85a",87,2,4,2,"average",2,"exp3"
"66c3366a3b5834b89124e85a",88,20,5.5,20,"average",20,"exp3"
"66c3366a3b5834b89124e85a",89,20,5.5,20,"average",20,"exp3"
"66c3366a3b5834b89124e85a",90,20,5.5,20,"average",20,"exp3"
"66c3366a3b5834b89124e85a",91,10,5.9464274989274,10,"average",10,"exp3"
"66c3366a3b5834b89124e85a",92,10,5.9464274989274,10,"average",10,"exp3"
"66c3366a3b5834b89124e85a",93,10,5.9464274989274,10,"average",10,"exp3"
"66c3366a3b5834b89124e85a",94,10,5.9464274989274,10,"average",10,"exp3"
"66c3366a3b5834b89124e85a",95,10,5.9464274989274,10,"average",10,"exp3"
"66c3366a3b5834b89124e85a",96,10,5.9464274989274,10,"average",10,"exp3"
"66c3366a3b5834b89124e85a",97,20,5.5,20,"average",20,"exp3"
"66c3366a3b5834b89124e85a",98,20,5.5,20,"average",20,"exp3"
"66c3366a3b5834b89124e85a",99,2,4,2,"average",2,"exp3"
"66c3366a3b5834b89124e85a",100,20,5.5,20,"average",20,"exp3"
"66c3366a3b5834b89124e85a",101,2,4,2,"average",2,"exp3"
"66c3366a3b5834b89124e85a",102,20,5.5,20,"average",20,"exp3"
"66c3366a3b5834b89124e85a",103,2,4,2,"average",2,"exp3"
"66c3366a3b5834b89124e85a",104,2,4,2,"average",2,"exp3"
"66c3366a3b5834b89124e85a",105,2,4,2,"average",2,"exp3"
"66c3366a3b5834b89124e85a",106,20,5.5,20,"average",20,"exp3"
"66c3366a3b5834b89124e85a",107,10,5.9464274989274,10,"average",10,"exp3"
"66c3366a3b5834b89124e85a",108,10,5.9464274989274,10,"average",10,"exp3"
"5c6c597c42e33400019c72a5",4,2,5.5,2,"average",2,"exp3"
"5c6c597c42e33400019c72a5",9,2,5,2,"average",2,"exp3"
"5c6c597c42e33400019c72a5",10,2,1.5,2,"average",2,"exp3"
"5c6c597c42e33400019c72a5",13,20,5.5,20,"average",20,"exp3"
"5c6c597c42e33400019c72a5",14,20,5.5,20,"average",20,"exp3"
"5c6c597c42e33400019c72a5",15,2,4,2,"average",2,"exp3"
"5c6c597c42e33400019c72a5",16,2,4,2,"average",2,"exp3"
"5c6c597c42e33400019c72a5",17,10,5.9464274989274,10,"average",10,"exp3"
"5c6c597c42e33400019c72a5",18,20,5.5,20,"average",20,"exp3"
"5c6c597c42e33400019c72a5",19,2,4,2,"average",2,"exp3"
"5c6c597c42e33400019c72a5",20,2,4,2,"average",2,"exp3"
"5c6c597c42e33400019c72a5",21,2,4,2,"average",2,"exp3"
"5c6c597c42e33400019c72a5",22,20,5.5,20,"average",20,"exp3"
"5c6c597c42e33400019c72a5",23,10,5.9464274989274,10,"average",10,"exp3"
"5c6c597c42e33400019c72a5",24,2,4,2,"average",2,"exp3"
"5c6c597c42e33400019c72a5",25,20,5.5,20,"average",20,"exp3"
"5c6c597c42e33400019c72a5",26,20,5.5,20,"average",20,"exp3"
"5c6c597c42e33400019c72a5",27,20,5.5,20,"average",20,"exp3"
"5c6c597c42e33400019c72a5",28,2,4,2,"average",2,"exp3"
"5c6c597c42e33400019c72a5",29,2,4,2,"average",2,"exp3"
"5c6c597c42e33400019c72a5",30,20,5.5,20,"average",20,"exp3"
"5c6c597c42e33400019c72a5",31,10,5.9464274989274,10,"average",10,"exp3"
"5c6c597c42e33400019c72a5",32,20,5.5,20,"average",20,"exp3"
"5c6c597c42e33400019c72a5",33,2,4,2,"average",2,"exp3"
"5c6c597c42e33400019c72a5",34,20,5.5,20,"average",20,"exp3"
"5c6c597c42e33400019c72a5",35,10,5.9464274989274,10,"average",10,"exp3"
"5c6c597c42e33400019c72a5",36,2,4,2,"average",2,"exp3"
"5c6c597c42e33400019c72a5",37,10,5.9464274989274,10,"average",10,"exp3"
"5c6c597c42e33400019c72a5",38,20,5.5,20,"average",20,"exp3"
"5c6c597c42e33400019c72a5",39,10,5.9464274989274,10,"average",10,"exp3"
"5c6c597c42e33400019c72a5",40,20,5.5,20,"average",20,"exp3"
"5c6c597c42e33400019c72a5",41,2,4,2,"average",2,"exp3"
"5c6c597c42e33400019c72a5",42,10,5.9464274989274,10,"average",10,"exp3"
"5c6c597c42e33400019c72a5",43,10,5.9464274989274,10,"average",10,"exp3"
"5c6c597c42e33400019c72a5",44,10,5.9464274989274,10,"average",10,"exp3"
"5c6c597c42e33400019c72a5",45,2,4,2,"average",2,"exp3"
"5c6c597c42e33400019c72a5",46,2,4,2,"average",2,"exp3"
"5c6c597c42e33400019c72a5",47,10,5.9464274989274,10,"average",10,"exp3"
"5c6c597c42e33400019c72a5",48,2,4,2,"average",2,"exp3"
"5c6c597c42e33400019c72a5",49,20,5.5,20,"average",20,"exp3"
"5c6c597c42e33400019c72a5",50,2,4,2,"average",2,"exp3"
"5c6c597c42e33400019c72a5",51,20,5.5,20,"average",20,"exp3"
"5c6c597c42e33400019c72a5",52,10,5.9464274989274,10,"average",10,"exp3"
"5c6c597c42e33400019c72a5",53,10,5.9464274989274,10,"average",10,"exp3"
"5c6c597c42e33400019c72a5",54,20,5.5,20,"average",20,"exp3"
"5c6c597c42e33400019c72a5",55,20,5.5,20,"average",20,"exp3"
"5c6c597c42e33400019c72a5",56,10,5.9464274989274,10,"average",10,"exp3"
"5c6c597c42e33400019c72a5",57,10,5.9464274989274,10,"average",10,"exp3"
"5c6c597c42e33400019c72a5",58,2,4,2,"average",2,"exp3"
"5c6c597c42e33400019c72a5",59,10,5.9464274989274,10,"average",10,"exp3"
"5c6c597c42e33400019c72a5",60,10,5.9464274989274,10,"average",10,"exp3"
"5c6c597c42e33400019c72a5",61,2,4,2,"average",2,"exp3"
"5c6c597c42e33400019c72a5",62,2,4,2,"average",2,"exp3"
"5c6c597c42e33400019c72a5",63,2,4,2,"average",2,"exp3"
"5c6c597c42e33400019c72a5",64,20,5.5,20,"average",20,"exp3"
"5c6c597c42e33400019c72a5",65,20,5.5,20,"average",20,"exp3"
"5c6c597c42e33400019c72a5",66,10,5.9464274989274,10,"average",10,"exp3"
"5c6c597c42e33400019c72a5",67,10,5.9464274989274,10,"average",10,"exp3"
"5c6c597c42e33400019c72a5",68,2,4,2,"average",2,"exp3"
"5c6c597c42e33400019c72a5",69,2,4,2,"average",2,"exp3"
"5c6c597c42e33400019c72a5",70,10,5.9464274989274,10,"average",10,"exp3"
"5c6c597c42e33400019c72a5",71,2,4,2,"average",2,"exp3"
"5c6c597c42e33400019c72a5",72,10,5.9464274989274,10,"average",10,"exp3"
"5c6c597c42e33400019c72a5",73,2,4,2,"average",2,"exp3"
"5c6c597c42e33400019c72a5",74,10,5.9464274989274,10,"average",10,"exp3"
"5c6c597c42e33400019c72a5",75,20,5.5,20,"average",20,"exp3"
"5c6c597c42e33400019c72a5",76,2,4,2,"average",2,"exp3"
"5c6c597c42e33400019c72a5",77,10,5.9464274989274,10,"average",10,"exp3"
"5c6c597c42e33400019c72a5",78,10,5.9464274989274,10,"average",10,"exp3"
"5c6c597c42e33400019c72a5",79,20,5.5,20,"average",20,"exp3"
"5c6c597c42e33400019c72a5",80,10,5.9464274989274,10,"average",10,"exp3"
"5c6c597c42e33400019c72a5",81,20,5.5,20,"average",20,"exp3"
"5c6c597c42e33400019c72a5",82,10,5.9464274989274,10,"average",10,"exp3"
"5c6c597c42e33400019c72a5",83,2,4,2,"average",2,"exp3"
"5c6c597c42e33400019c72a5",84,2,4,2,"average",2,"exp3"
"5c6c597c42e33400019c72a5",85,20,5.5,20,"average",20,"exp3"
"5c6c597c42e33400019c72a5",86,10,5.9464274989274,10,"average",10,"exp3"
"5c6c597c42e33400019c72a5",87,20,5.5,20,"average",20,"exp3"
"5c6c597c42e33400019c72a5",88,2,4,2,"average",2,"exp3"
"5c6c597c42e33400019c72a5",89,20,5.5,20,"average",20,"exp3"
"5c6c597c42e33400019c72a5",90,2,4,2,"average",2,"exp3"
"5c6c597c42e33400019c72a5",91,10,5.9464274989274,10,"average",10,"exp3"
"5c6c597c42e33400019c72a5",92,20,5.5,20,"average",20,"exp3"
"5c6c597c42e33400019c72a5",93,2,4,2,"average",2,"exp3"
"5c6c597c42e33400019c72a5",94,2,4,2,"average",2,"exp3"
"5c6c597c42e33400019c72a5",95,10,5.9464274989274,10,"average",10,"exp3"
"5c6c597c42e33400019c72a5",96,2,4,2,"average",2,"exp3"
"5c6c597c42e33400019c72a5",97,20,5.5,20,"average",20,"exp3"
"5c6c597c42e33400019c72a5",98,20,5.5,20,"average",20,"exp3"
"5c6c597c42e33400019c72a5",99,20,5.5,20,"average",20,"exp3"
"5c6c597c42e33400019c72a5",100,10,5.9464274989274,10,"average",10,"exp3"
"5c6c597c42e33400019c72a5",101,20,5.5,20,"average",20,"exp3"
"5c6c597c42e33400019c72a5",102,10,5.9464274989274,10,"average",10,"exp3"
"5c6c597c42e33400019c72a5",103,10,5.9464274989274,10,"average",10,"exp3"
"5c6c597c42e33400019c72a5",104,2,4,2,"average",2,"exp3"
"5c6c597c42e33400019c72a5",105,20,5.5,20,"average",20,"exp3"
"5c6c597c42e33400019c72a5",106,20,5.5,20,"average",20,"exp3"
"5c6c597c42e33400019c72a5",107,20,5.5,20,"average",20,"exp3"
"5c6c597c42e33400019c72a5",108,10,5.9464274989274,10,"average",10,"exp3"
"67e0a1a0f697d75087b7050d",8,2,1,2,"average",2,"exp3"
"67e0a1a0f697d75087b7050d",9,2,0.5,2,"average",2,"exp3"
"67e0a1a0f697d75087b7050d",13,10,5.9464274989274,10,"average",10,"exp3"
"67e0a1a0f697d75087b7050d",14,10,5.9464274989274,10,"average",10,"exp3"
"67e0a1a0f697d75087b7050d",15,2,4,2,"average",2,"exp3"
"67e0a1a0f697d75087b7050d",16,2,4,2,"average",2,"exp3"
"67e0a1a0f697d75087b7050d",17,20,5.5,20,"average",20,"exp3"
"67e0a1a0f697d75087b7050d",18,20,5.5,20,"average",20,"exp3"
"67e0a1a0f697d75087b7050d",19,2,4,2,"average",2,"exp3"
"67e0a1a0f697d75087b7050d",20,10,5.9464274989274,10,"average",10,"exp3"
"67e0a1a0f697d75087b7050d",21,10,5.9464274989274,10,"average",10,"exp3"
"67e0a1a0f697d75087b7050d",22,20,5.5,20,"average",20,"exp3"
"67e0a1a0f697d75087b7050d",23,20,5.5,20,"average",20,"exp3"
"67e0a1a0f697d75087b7050d",24,20,5.5,20,"average",20,"exp3"
"67e0a1a0f697d75087b7050d",25,20,5.5,20,"average",20,"exp3"
"67e0a1a0f697d75087b7050d",26,10,5.9464274989274,10,"average",10,"exp3"
"67e0a1a0f697d75087b7050d",27,10,5.9464274989274,10,"average",10,"exp3"
"67e0a1a0f697d75087b7050d",28,10,5.9464274989274,10,"average",10,"exp3"
"67e0a1a0f697d75087b7050d",29,2,4,2,"average",2,"exp3"
"67e0a1a0f697d75087b7050d",30,20,5.5,20,"average",20,"exp3"
"67e0a1a0f697d75087b7050d",31,20,5.5,20,"average",20,"exp3"
"67e0a1a0f697d75087b7050d",32,10,5.9464274989274,10,"average",10,"exp3"
"67e0a1a0f697d75087b7050d",33,2,4,2,"average",2,"exp3"
"67e0a1a0f697d75087b7050d",34,10,5.9464274989274,10,"average",10,"exp3"
"67e0a1a0f697d75087b7050d",35,2,4,2,"average",2,"exp3"
"67e0a1a0f697d75087b7050d",36,10,5.9464274989274,10,"average",10,"exp3"
"67e0a1a0f697d75087b7050d",37,20,5.5,20,"average",20,"exp3"
"67e0a1a0f697d75087b7050d",38,2,4,2,"average",2,"exp3"
"67e0a1a0f697d75087b7050d",39,10,5.9464274989274,10,"average",10,"exp3"
"67e0a1a0f697d75087b7050d",40,2,4,2,"average",2,"exp3"
"67e0a1a0f697d75087b7050d",41,2,4,2,"average",2,"exp3"
"67e0a1a0f697d75087b7050d",42,2,4,2,"average",2,"exp3"
"67e0a1a0f697d75087b7050d",43,2,4,2,"average",2,"exp3"
"67e0a1a0f697d75087b7050d",44,20,5.5,20,"average",20,"exp3"
"67e0a1a0f697d75087b7050d",45,10,5.9464274989274,10,"average",10,"exp3"
"67e0a1a0f697d75087b7050d",46,20,5.5,20,"average",20,"exp3"
"67e0a1a0f697d75087b7050d",47,20,5.5,20,"average",20,"exp3"
"67e0a1a0f697d75087b7050d",48,20,5.5,20,"average",20,"exp3"
"67e0a1a0f697d75087b7050d",49,10,5.9464274989274,10,"average",10,"exp3"
"67e0a1a0f697d75087b7050d",50,2,4,2,"average",2,"exp3"
"67e0a1a0f697d75087b7050d",51,10,5.9464274989274,10,"average",10,"exp3"
"67e0a1a0f697d75087b7050d",52,20,5.5,20,"average",20,"exp3"
"67e0a1a0f697d75087b7050d",53,2,4,2,"average",2,"exp3"
"67e0a1a0f697d75087b7050d",54,20,5.5,20,"average",20,"exp3"
"67e0a1a0f697d75087b7050d",55,10,5.9464274989274,10,"average",10,"exp3"
"67e0a1a0f697d75087b7050d",56,2,4,2,"average",2,"exp3"
"67e0a1a0f697d75087b7050d",57,2,4,2,"average",2,"exp3"
"67e0a1a0f697d75087b7050d",58,2,4,2,"average",2,"exp3"
"67e0a1a0f697d75087b7050d",59,10,5.9464274989274,10,"average",10,"exp3"
"67e0a1a0f697d75087b7050d",60,20,5.5,20,"average",20,"exp3"
"67e0a1a0f697d75087b7050d",61,10,5.9464274989274,10,"average",10,"exp3"
"67e0a1a0f697d75087b7050d",62,10,5.9464274989274,10,"average",10,"exp3"
"67e0a1a0f697d75087b7050d",63,2,4,2,"average",2,"exp3"
"67e0a1a0f697d75087b7050d",64,10,5.9464274989274,10,"average",10,"exp3"
"67e0a1a0f697d75087b7050d",65,2,4,2,"average",2,"exp3"
"67e0a1a0f697d75087b7050d",66,2,4,2,"average",2,"exp3"
"67e0a1a0f697d75087b7050d",67,20,5.5,20,"average",20,"exp3"
"67e0a1a0f697d75087b7050d",68,20,5.5,20,"average",20,"exp3"
"67e0a1a0f697d75087b7050d",69,10,5.9464274989274,10,"average",10,"exp3"
"67e0a1a0f697d75087b7050d",70,2,4,2,"average",2,"exp3"
"67e0a1a0f697d75087b7050d",71,10,5.9464274989274,10,"average",10,"exp3"
"67e0a1a0f697d75087b7050d",72,2,4,2,"average",2,"exp3"
"67e0a1a0f697d75087b7050d",73,20,5.5,20,"average",20,"exp3"
"67e0a1a0f697d75087b7050d",74,2,4,2,"average",2,"exp3"
"67e0a1a0f697d75087b7050d",75,10,5.9464274989274,10,"average",10,"exp3"
"67e0a1a0f697d75087b7050d",76,10,5.9464274989274,10,"average",10,"exp3"
"67e0a1a0f697d75087b7050d",77,10,5.9464274989274,10,"average",10,"exp3"
"67e0a1a0f697d75087b7050d",78,20,5.5,20,"average",20,"exp3"
"67e0a1a0f697d75087b7050d",79,2,4,2,"average",2,"exp3"
"67e0a1a0f697d75087b7050d",80,20,5.5,20,"average",20,"exp3"
"67e0a1a0f697d75087b7050d",81,20,5.5,20,"average",20,"exp3"
"67e0a1a0f697d75087b7050d",82,20,5.5,20,"average",20,"exp3"
"67e0a1a0f697d75087b7050d",83,20,5.5,20,"average",20,"exp3"
"67e0a1a0f697d75087b7050d",84,10,5.9464274989274,10,"average",10,"exp3"
"67e0a1a0f697d75087b7050d",85,20,5.5,20,"average",20,"exp3"
"67e0a1a0f697d75087b7050d",86,2,4,2,"average",2,"exp3"
"67e0a1a0f697d75087b7050d",87,10,5.9464274989274,10,"average",10,"exp3"
"67e0a1a0f697d75087b7050d",88,20,5.5,20,"average",20,"exp3"
"67e0a1a0f697d75087b7050d",89,10,5.9464274989274,10,"average",10,"exp3"
"67e0a1a0f697d75087b7050d",90,10,5.9464274989274,10,"average",10,"exp3"
"67e0a1a0f697d75087b7050d",91,2,4,2,"average",2,"exp3"
"67e0a1a0f697d75087b7050d",92,10,5.9464274989274,10,"average",10,"exp3"
"67e0a1a0f697d75087b7050d",93,10,5.9464274989274,10,"average",10,"exp3"
"67e0a1a0f697d75087b7050d",94,2,4,2,"average",2,"exp3"
"67e0a1a0f697d75087b7050d",95,20,5.5,20,"average",20,"exp3"
"67e0a1a0f697d75087b7050d",96,20,5.5,20,"average",20,"exp3"
"67e0a1a0f697d75087b7050d",97,2,4,2,"average",2,"exp3"
"67e0a1a0f697d75087b7050d",98,20,5.5,20,"average",20,"exp3"
"67e0a1a0f697d75087b7050d",99,10,5.9464274989274,10,"average",10,"exp3"
"67e0a1a0f697d75087b7050d",100,20,5.5,20,"average",20,"exp3"
"67e0a1a0f697d75087b7050d",101,2,4,2,"average",2,"exp3"
"67e0a1a0f697d75087b7050d",102,2,4,2,"average",2,"exp3"
"67e0a1a0f697d75087b7050d",103,2,4,2,"average",2,"exp3"
"67e0a1a0f697d75087b7050d",104,10,5.9464274989274,10,"average",10,"exp3"
"67e0a1a0f697d75087b7050d",105,2,4,2,"average",2,"exp3"
"67e0a1a0f697d75087b7050d",106,2,4,2,"average",2,"exp3"
"67e0a1a0f697d75087b7050d",107,20,5.5,20,"average",20,"exp3"
"67e0a1a0f697d75087b7050d",108,20,5.5,20,"average",20,"exp3"
"66463e4efb99fba5a67a010a",13,2,4,2,"average",2,"exp3"
"66463e4efb99fba5a67a010a",14,20,5.5,20,"average",20,"exp3"
"66463e4efb99fba5a67a010a",15,10,5.9464274989274,10,"average",10,"exp3"
"66463e4efb99fba5a67a010a",16,2,4,2,"average",2,"exp3"
"66463e4efb99fba5a67a010a",17,20,5.5,20,"average",20,"exp3"
"66463e4efb99fba5a67a010a",18,10,5.9464274989274,10,"average",10,"exp3"
"66463e4efb99fba5a67a010a",19,2,4,2,"average",2,"exp3"
"66463e4efb99fba5a67a010a",20,10,5.9464274989274,10,"average",10,"exp3"
"66463e4efb99fba5a67a010a",21,2,4,2,"average",2,"exp3"
"66463e4efb99fba5a67a010a",22,20,5.5,20,"average",20,"exp3"
"66463e4efb99fba5a67a010a",23,20,5.5,20,"average",20,"exp3"
"66463e4efb99fba5a67a010a",24,2,4,2,"average",2,"exp3"
"66463e4efb99fba5a67a010a",25,2,4,2,"average",2,"exp3"
"66463e4efb99fba5a67a010a",26,10,5.9464274989274,10,"average",10,"exp3"
"66463e4efb99fba5a67a010a",27,20,5.5,20,"average",20,"exp3"
"66463e4efb99fba5a67a010a",28,10,5.9464274989274,10,"average",10,"exp3"
"66463e4efb99fba5a67a010a",29,2,4,2,"average",2,"exp3"
"66463e4efb99fba5a67a010a",30,20,5.5,20,"average",20,"exp3"
"66463e4efb99fba5a67a010a",31,10,5.9464274989274,10,"average",10,"exp3"
"66463e4efb99fba5a67a010a",32,2,4,2,"average",2,"exp3"
"66463e4efb99fba5a67a010a",33,20,5.5,20,"average",20,"exp3"
"66463e4efb99fba5a67a010a",34,10,5.9464274989274,10,"average",10,"exp3"
"66463e4efb99fba5a67a010a",35,20,5.5,20,"average",20,"exp3"
"66463e4efb99fba5a67a010a",36,10,5.9464274989274,10,"average",10,"exp3"
"66463e4efb99fba5a67a010a",37,20,5.5,20,"average",20,"exp3"
"66463e4efb99fba5a67a010a",38,20,5.5,20,"average",20,"exp3"
"66463e4efb99fba5a67a010a",39,10,5.9464274989274,10,"average",10,"exp3"
"66463e4efb99fba5a67a010a",40,10,5.9464274989274,10,"average",10,"exp3"
"66463e4efb99fba5a67a010a",41,10,5.9464274989274,10,"average",10,"exp3"
"66463e4efb99fba5a67a010a",42,20,5.5,20,"average",20,"exp3"
"66463e4efb99fba5a67a010a",43,2,4,2,"average",2,"exp3"
"66463e4efb99fba5a67a010a",44,2,4,2,"average",2,"exp3"
"66463e4efb99fba5a67a010a",45,2,4,2,"average",2,"exp3"
"66463e4efb99fba5a67a010a",46,10,5.9464274989274,10,"average",10,"exp3"
"66463e4efb99fba5a67a010a",47,2,4,2,"average",2,"exp3"
"66463e4efb99fba5a67a010a",48,20,5.5,20,"average",20,"exp3"
"66463e4efb99fba5a67a010a",49,20,5.5,20,"average",20,"exp3"
"66463e4efb99fba5a67a010a",50,10,5.9464274989274,10,"average",10,"exp3"
"66463e4efb99fba5a67a010a",51,20,5.5,20,"average",20,"exp3"
"66463e4efb99fba5a67a010a",52,20,5.5,20,"average",20,"exp3"
"66463e4efb99fba5a67a010a",53,2,4,2,"average",2,"exp3"
"66463e4efb99fba5a67a010a",54,10,5.9464274989274,10,"average",10,"exp3"
"66463e4efb99fba5a67a010a",55,2,4,2,"average",2,"exp3"
"66463e4efb99fba5a67a010a",56,2,4,2,"average",2,"exp3"
"66463e4efb99fba5a67a010a",57,2,4,2,"average",2,"exp3"
"66463e4efb99fba5a67a010a",58,10,5.9464274989274,10,"average",10,"exp3"
"66463e4efb99fba5a67a010a",59,20,5.5,20,"average",20,"exp3"
"66463e4efb99fba5a67a010a",60,10,5.9464274989274,10,"average",10,"exp3"
"66463e4efb99fba5a67a010a",61,10,5.9464274989274,10,"average",10,"exp3"
"66463e4efb99fba5a67a010a",62,2,4,2,"average",2,"exp3"
"66463e4efb99fba5a67a010a",63,2,4,2,"average",2,"exp3"
"66463e4efb99fba5a67a010a",64,2,4,2,"average",2,"exp3"
"66463e4efb99fba5a67a010a",65,20,5.5,20,"average",20,"exp3"
"66463e4efb99fba5a67a010a",66,20,5.5,20,"average",20,"exp3"
"66463e4efb99fba5a67a010a",67,10,5.9464274989274,10,"average",10,"exp3"
"66463e4efb99fba5a67a010a",68,2,4,2,"average",2,"exp3"
"66463e4efb99fba5a67a010a",69,20,5.5,20,"average",20,"exp3"
"66463e4efb99fba5a67a010a",70,10,5.9464274989274,10,"average",10,"exp3"
"66463e4efb99fba5a67a010a",71,2,4,2,"average",2,"exp3"
"66463e4efb99fba5a67a010a",72,20,5.5,20,"average",20,"exp3"
"66463e4efb99fba5a67a010a",73,20,5.5,20,"average",20,"exp3"
"66463e4efb99fba5a67a010a",74,2,4,2,"average",2,"exp3"
"66463e4efb99fba5a67a010a",75,2,4,2,"average",2,"exp3"
"66463e4efb99fba5a67a010a",76,20,5.5,20,"average",20,"exp3"
"66463e4efb99fba5a67a010a",77,2,4,2,"average",2,"exp3"
"66463e4efb99fba5a67a010a",78,10,5.9464274989274,10,"average",10,"exp3"
"66463e4efb99fba5a67a010a",79,2,4,2,"average",2,"exp3"
"66463e4efb99fba5a67a010a",80,2,4,2,"average",2,"exp3"
"66463e4efb99fba5a67a010a",81,10,5.9464274989274,10,"average",10,"exp3"
"66463e4efb99fba5a67a010a",82,20,5.5,20,"average",20,"exp3"
"66463e4efb99fba5a67a010a",83,2,4,2,"average",2,"exp3"
"66463e4efb99fba5a67a010a",84,10,5.9464274989274,10,"average",10,"exp3"
"66463e4efb99fba5a67a010a",85,2,4,2,"average",2,"exp3"
"66463e4efb99fba5a67a010a",86,10,5.9464274989274,10,"average",10,"exp3"
"66463e4efb99fba5a67a010a",87,20,5.5,20,"average",20,"exp3"
"66463e4efb99fba5a67a010a",88,20,5.5,20,"average",20,"exp3"
"66463e4efb99fba5a67a010a",89,2,4,2,"average",2,"exp3"
"66463e4efb99fba5a67a010a",90,20,5.5,20,"average",20,"exp3"
"66463e4efb99fba5a67a010a",91,10,5.9464274989274,10,"average",10,"exp3"
"66463e4efb99fba5a67a010a",92,2,4,2,"average",2,"exp3"
"66463e4efb99fba5a67a010a",93,20,5.5,20,"average",20,"exp3"
"66463e4efb99fba5a67a010a",94,10,5.9464274989274,10,"average",10,"exp3"
"66463e4efb99fba5a67a010a",95,2,4,2,"average",2,"exp3"
"66463e4efb99fba5a67a010a",96,2,4,2,"average",2,"exp3"
"66463e4efb99fba5a67a010a",97,10,5.9464274989274,10,"average",10,"exp3"
"66463e4efb99fba5a67a010a",98,10,5.9464274989274,10,"average",10,"exp3"
"66463e4efb99fba5a67a010a",99,20,5.5,20,"average",20,"exp3"
"66463e4efb99fba5a67a010a",100,10,5.9464274989274,10,"average",10,"exp3"
"66463e4efb99fba5a67a010a",101,20,5.5,20,"average",20,"exp3"
"66463e4efb99fba5a67a010a",102,20,5.5,20,"average",20,"exp3"
"66463e4efb99fba5a67a010a",103,20,5.5,20,"average",20,"exp3"
"66463e4efb99fba5a67a010a",104,10,5.9464274989274,10,"average",10,"exp3"
"66463e4efb99fba5a67a010a",105,10,5.9464274989274,10,"average",10,"exp3"
"66463e4efb99fba5a67a010a",106,10,5.9464274989274,10,"average",10,"exp3"
"66463e4efb99fba5a67a010a",107,10,5.9464274989274,10,"average",10,"exp3"
"66463e4efb99fba5a67a010a",108,20,5.5,20,"average",20,"exp3"
"6544fd4daeb0e81889e217f7",13,2,4,2,"average",2,"exp3"
"6544fd4daeb0e81889e217f7",14,2,4,2,"average",2,"exp3"
"6544fd4daeb0e81889e217f7",15,10,5.9464274989274,10,"average",10,"exp3"
"6544fd4daeb0e81889e217f7",16,10,5.9464274989274,10,"average",10,"exp3"
"6544fd4daeb0e81889e217f7",17,20,5.5,20,"average",20,"exp3"
"6544fd4daeb0e81889e217f7",18,20,5.5,20,"average",20,"exp3"
"6544fd4daeb0e81889e217f7",19,20,5.5,20,"average",20,"exp3"
"6544fd4daeb0e81889e217f7",20,2,4,2,"average",2,"exp3"
"6544fd4daeb0e81889e217f7",21,20,5.5,20,"average",20,"exp3"
"6544fd4daeb0e81889e217f7",22,10,5.9464274989274,10,"average",10,"exp3"
"6544fd4daeb0e81889e217f7",23,2,4,2,"average",2,"exp3"
"6544fd4daeb0e81889e217f7",24,20,5.5,20,"average",20,"exp3"
"6544fd4daeb0e81889e217f7",25,20,5.5,20,"average",20,"exp3"
"6544fd4daeb0e81889e217f7",26,10,5.9464274989274,10,"average",10,"exp3"
"6544fd4daeb0e81889e217f7",27,2,4,2,"average",2,"exp3"
"6544fd4daeb0e81889e217f7",28,2,4,2,"average",2,"exp3"
"6544fd4daeb0e81889e217f7",29,10,5.9464274989274,10,"average",10,"exp3"
"6544fd4daeb0e81889e217f7",30,10,5.9464274989274,10,"average",10,"exp3"
"6544fd4daeb0e81889e217f7",31,20,5.5,20,"average",20,"exp3"
"6544fd4daeb0e81889e217f7",32,2,4,2,"average",2,"exp3"
"6544fd4daeb0e81889e217f7",33,20,5.5,20,"average",20,"exp3"
"6544fd4daeb0e81889e217f7",34,10,5.9464274989274,10,"average",10,"exp3"
"6544fd4daeb0e81889e217f7",35,2,4,2,"average",2,"exp3"
"6544fd4daeb0e81889e217f7",36,2,4,2,"average",2,"exp3"
"6544fd4daeb0e81889e217f7",37,10,5.9464274989274,10,"average",10,"exp3"
"6544fd4daeb0e81889e217f7",38,10,5.9464274989274,10,"average",10,"exp3"
"6544fd4daeb0e81889e217f7",39,20,5.5,20,"average",20,"exp3"
"6544fd4daeb0e81889e217f7",40,20,5.5,20,"average",20,"exp3"
"6544fd4daeb0e81889e217f7",41,10,5.9464274989274,10,"average",10,"exp3"
"6544fd4daeb0e81889e217f7",42,10,5.9464274989274,10,"average",10,"exp3"
"6544fd4daeb0e81889e217f7",43,2,4,2,"average",2,"exp3"
"6544fd4daeb0e81889e217f7",44,20,5.5,20,"average",20,"exp3"
"6544fd4daeb0e81889e217f7",45,2,4,2,"average",2,"exp3"
"6544fd4daeb0e81889e217f7",46,20,5.5,20,"average",20,"exp3"
"6544fd4daeb0e81889e217f7",47,10,5.9464274989274,10,"average",10,"exp3"
"6544fd4daeb0e81889e217f7",48,10,5.9464274989274,10,"average",10,"exp3"
"6544fd4daeb0e81889e217f7",49,2,4,2,"average",2,"exp3"
"6544fd4daeb0e81889e217f7",50,2,4,2,"average",2,"exp3"
"6544fd4daeb0e81889e217f7",51,2,4,2,"average",2,"exp3"
"6544fd4daeb0e81889e217f7",52,20,5.5,20,"average",20,"exp3"
"6544fd4daeb0e81889e217f7",53,20,5.5,20,"average",20,"exp3"
"6544fd4daeb0e81889e217f7",54,2,4,2,"average",2,"exp3"
"6544fd4daeb0e81889e217f7",55,20,5.5,20,"average",20,"exp3"
"6544fd4daeb0e81889e217f7",56,10,5.9464274989274,10,"average",10,"exp3"
"6544fd4daeb0e81889e217f7",57,10,5.9464274989274,10,"average",10,"exp3"
"6544fd4daeb0e81889e217f7",58,20,5.5,20,"average",20,"exp3"
"6544fd4daeb0e81889e217f7",59,2,4,2,"average",2,"exp3"
"6544fd4daeb0e81889e217f7",60,10,5.9464274989274,10,"average",10,"exp3"
"6544fd4daeb0e81889e217f7",61,2,4,2,"average",2,"exp3"
"6544fd4daeb0e81889e217f7",62,20,5.5,20,"average",20,"exp3"
"6544fd4daeb0e81889e217f7",63,2,4,2,"average",2,"exp3"
"6544fd4daeb0e81889e217f7",64,2,4,2,"average",2,"exp3"
"6544fd4daeb0e81889e217f7",65,2,4,2,"average",2,"exp3"
"6544fd4daeb0e81889e217f7",66,20,5.5,20,"average",20,"exp3"
"6544fd4daeb0e81889e217f7",67,20,5.5,20,"average",20,"exp3"
"6544fd4daeb0e81889e217f7",68,20,5.5,20,"average",20,"exp3"
"6544fd4daeb0e81889e217f7",69,2,4,2,"average",2,"exp3"
"6544fd4daeb0e81889e217f7",70,10,5.9464274989274,10,"average",10,"exp3"
"6544fd4daeb0e81889e217f7",71,10,5.9464274989274,10,"average",10,"exp3"
"6544fd4daeb0e81889e217f7",72,10,5.9464274989274,10,"average",10,"exp3"
"6544fd4daeb0e81889e217f7",73,2,4,2,"average",2,"exp3"
"6544fd4daeb0e81889e217f7",74,10,5.9464274989274,10,"average",10,"exp3"
"6544fd4daeb0e81889e217f7",75,20,5.5,20,"average",20,"exp3"
"6544fd4daeb0e81889e217f7",76,2,4,2,"average",2,"exp3"
"6544fd4daeb0e81889e217f7",77,10,5.9464274989274,10,"average",10,"exp3"
"6544fd4daeb0e81889e217f7",78,2,4,2,"average",2,"exp3"
"6544fd4daeb0e81889e217f7",79,2,4,2,"average",2,"exp3"
"6544fd4daeb0e81889e217f7",80,20,5.5,20,"average",20,"exp3"
"6544fd4daeb0e81889e217f7",81,10,5.9464274989274,10,"average",10,"exp3"
"6544fd4daeb0e81889e217f7",82,10,5.9464274989274,10,"average",10,"exp3"
"6544fd4daeb0e81889e217f7",83,20,5.5,20,"average",20,"exp3"
"6544fd4daeb0e81889e217f7",84,2,4,2,"average",2,"exp3"
"6544fd4daeb0e81889e217f7",85,20,5.5,20,"average",20,"exp3"
"6544fd4daeb0e81889e217f7",86,2,4,2,"average",2,"exp3"
"6544fd4daeb0e81889e217f7",87,20,5.5,20,"average",20,"exp3"
"6544fd4daeb0e81889e217f7",88,2,4,2,"average",2,"exp3"
"6544fd4daeb0e81889e217f7",89,20,5.5,20,"average",20,"exp3"
"6544fd4daeb0e81889e217f7",90,20,5.5,20,"average",20,"exp3"
"6544fd4daeb0e81889e217f7",91,10,5.9464274989274,10,"average",10,"exp3"
"6544fd4daeb0e81889e217f7",92,10,5.9464274989274,10,"average",10,"exp3"
"6544fd4daeb0e81889e217f7",93,10,5.9464274989274,10,"average",10,"exp3"
"6544fd4daeb0e81889e217f7",94,20,5.5,20,"average",20,"exp3"
"6544fd4daeb0e81889e217f7",95,2,4,2,"average",2,"exp3"
"6544fd4daeb0e81889e217f7",96,10,5.9464274989274,10,"average",10,"exp3"
"6544fd4daeb0e81889e217f7",97,20,5.5,20,"average",20,"exp3"
"6544fd4daeb0e81889e217f7",98,10,5.9464274989274,10,"average",10,"exp3"
"6544fd4daeb0e81889e217f7",99,10,5.9464274989274,10,"average",10,"exp3"
"6544fd4daeb0e81889e217f7",100,2,4,2,"average",2,"exp3"
"6544fd4daeb0e81889e217f7",101,20,5.5,20,"average",20,"exp3"
"6544fd4daeb0e81889e217f7",102,20,5.5,20,"average",20,"exp3"
"6544fd4daeb0e81889e217f7",103,10,5.9464274989274,10,"average",10,"exp3"
"6544fd4daeb0e81889e217f7",104,2,4,2,"average",2,"exp3"
"6544fd4daeb0e81889e217f7",105,10,5.9464274989274,10,"average",10,"exp3"
"6544fd4daeb0e81889e217f7",106,2,4,2,"average",2,"exp3"
"6544fd4daeb0e81889e217f7",107,20,5.5,20,"average",20,"exp3"
"6544fd4daeb0e81889e217f7",108,10,5.9464274989274,10,"average",10,"exp3"
"60fcc2322b3777e4020465cb",3,2,4.5,2,"average",2,"exp3"
"60fcc2322b3777e4020465cb",5,10,6.16846820531645,10,"average",10,"exp3"
"60fcc2322b3777e4020465cb",6,2,4,2,"average",2,"exp3"
"60fcc2322b3777e4020465cb",13,20,5.5,20,"average",20,"exp3"
"60fcc2322b3777e4020465cb",14,10,5.9464274989274,10,"average",10,"exp3"
"60fcc2322b3777e4020465cb",15,10,5.9464274989274,10,"average",10,"exp3"
"60fcc2322b3777e4020465cb",16,2,4,2,"average",2,"exp3"
"60fcc2322b3777e4020465cb",17,20,5.5,20,"average",20,"exp3"
"60fcc2322b3777e4020465cb",18,20,5.5,20,"average",20,"exp3"
"60fcc2322b3777e4020465cb",19,10,5.9464274989274,10,"average",10,"exp3"
"60fcc2322b3777e4020465cb",20,20,5.5,20,"average",20,"exp3"
"60fcc2322b3777e4020465cb",21,20,5.5,20,"average",20,"exp3"
"60fcc2322b3777e4020465cb",22,20,5.5,20,"average",20,"exp3"
"60fcc2322b3777e4020465cb",23,10,5.9464274989274,10,"average",10,"exp3"
"60fcc2322b3777e4020465cb",24,10,5.9464274989274,10,"average",10,"exp3"
"60fcc2322b3777e4020465cb",25,20,5.5,20,"average",20,"exp3"
"60fcc2322b3777e4020465cb",26,10,5.9464274989274,10,"average",10,"exp3"
"60fcc2322b3777e4020465cb",27,2,4,2,"average",2,"exp3"
"60fcc2322b3777e4020465cb",28,2,4,2,"average",2,"exp3"
"60fcc2322b3777e4020465cb",29,10,5.9464274989274,10,"average",10,"exp3"
"60fcc2322b3777e4020465cb",30,10,5.9464274989274,10,"average",10,"exp3"
"60fcc2322b3777e4020465cb",31,10,5.9464274989274,10,"average",10,"exp3"
"60fcc2322b3777e4020465cb",32,10,5.9464274989274,10,"average",10,"exp3"
"60fcc2322b3777e4020465cb",33,2,4,2,"average",2,"exp3"
"60fcc2322b3777e4020465cb",34,20,5.5,20,"average",20,"exp3"
"60fcc2322b3777e4020465cb",35,2,4,2,"average",2,"exp3"
"60fcc2322b3777e4020465cb",36,2,4,2,"average",2,"exp3"
"60fcc2322b3777e4020465cb",37,2,4,2,"average",2,"exp3"
"60fcc2322b3777e4020465cb",38,20,5.5,20,"average",20,"exp3"
"60fcc2322b3777e4020465cb",39,10,5.9464274989274,10,"average",10,"exp3"
"60fcc2322b3777e4020465cb",40,10,5.9464274989274,10,"average",10,"exp3"
"60fcc2322b3777e4020465cb",41,20,5.5,20,"average",20,"exp3"
"60fcc2322b3777e4020465cb",42,20,5.5,20,"average",20,"exp3"
"60fcc2322b3777e4020465cb",43,10,5.9464274989274,10,"average",10,"exp3"
"60fcc2322b3777e4020465cb",44,20,5.5,20,"average",20,"exp3"
"60fcc2322b3777e4020465cb",45,10,5.9464274989274,10,"average",10,"exp3"
"60fcc2322b3777e4020465cb",46,20,5.5,20,"average",20,"exp3"
"60fcc2322b3777e4020465cb",47,2,4,2,"average",2,"exp3"
"60fcc2322b3777e4020465cb",48,10,5.9464274989274,10,"average",10,"exp3"
"60fcc2322b3777e4020465cb",49,20,5.5,20,"average",20,"exp3"
"60fcc2322b3777e4020465cb",50,10,5.9464274989274,10,"average",10,"exp3"
"60fcc2322b3777e4020465cb",51,2,4,2,"average",2,"exp3"
"60fcc2322b3777e4020465cb",52,2,4,2,"average",2,"exp3"
"60fcc2322b3777e4020465cb",53,20,5.5,20,"average",20,"exp3"
"60fcc2322b3777e4020465cb",54,2,4,2,"average",2,"exp3"
"60fcc2322b3777e4020465cb",55,20,5.5,20,"average",20,"exp3"
"60fcc2322b3777e4020465cb",56,2,4,2,"average",2,"exp3"
"60fcc2322b3777e4020465cb",57,2,4,2,"average",2,"exp3"
"60fcc2322b3777e4020465cb",58,2,4,2,"average",2,"exp3"
"60fcc2322b3777e4020465cb",59,2,4,2,"average",2,"exp3"
"60fcc2322b3777e4020465cb",60,2,4,2,"average",2,"exp3"
"60fcc2322b3777e4020465cb",61,2,4,2,"average",2,"exp3"
"60fcc2322b3777e4020465cb",62,2,4,2,"average",2,"exp3"
"60fcc2322b3777e4020465cb",63,20,5.5,20,"average",20,"exp3"
"60fcc2322b3777e4020465cb",64,20,5.5,20,"average",20,"exp3"
"60fcc2322b3777e4020465cb",65,2,4,2,"average",2,"exp3"
"60fcc2322b3777e4020465cb",66,10,5.9464274989274,10,"average",10,"exp3"
"60fcc2322b3777e4020465cb",67,2,4,2,"average",2,"exp3"
"60fcc2322b3777e4020465cb",68,10,5.9464274989274,10,"average",10,"exp3"
"60fcc2322b3777e4020465cb",69,10,5.9464274989274,10,"average",10,"exp3"
"60fcc2322b3777e4020465cb",70,10,5.9464274989274,10,"average",10,"exp3"
"60fcc2322b3777e4020465cb",71,2,4,2,"average",2,"exp3"
"60fcc2322b3777e4020465cb",72,2,4,2,"average",2,"exp3"
"60fcc2322b3777e4020465cb",73,10,5.9464274989274,10,"average",10,"exp3"
"60fcc2322b3777e4020465cb",74,2,4,2,"average",2,"exp3"
"60fcc2322b3777e4020465cb",75,10,5.9464274989274,10,"average",10,"exp3"
"60fcc2322b3777e4020465cb",76,20,5.5,20,"average",20,"exp3"
"60fcc2322b3777e4020465cb",77,10,5.9464274989274,10,"average",10,"exp3"
"60fcc2322b3777e4020465cb",78,20,5.5,20,"average",20,"exp3"
"60fcc2322b3777e4020465cb",79,20,5.5,20,"average",20,"exp3"
"60fcc2322b3777e4020465cb",80,20,5.5,20,"average",20,"exp3"
"60fcc2322b3777e4020465cb",81,10,5.9464274989274,10,"average",10,"exp3"
"60fcc2322b3777e4020465cb",82,20,5.5,20,"average",20,"exp3"
"60fcc2322b3777e4020465cb",83,2,4,2,"average",2,"exp3"
"60fcc2322b3777e4020465cb",84,2,4,2,"average",2,"exp3"
"60fcc2322b3777e4020465cb",85,2,4,2,"average",2,"exp3"
"60fcc2322b3777e4020465cb",86,2,4,2,"average",2,"exp3"
"60fcc2322b3777e4020465cb",87,20,5.5,20,"average",20,"exp3"
"60fcc2322b3777e4020465cb",88,2,4,2,"average",2,"exp3"
"60fcc2322b3777e4020465cb",89,20,5.5,20,"average",20,"exp3"
"60fcc2322b3777e4020465cb",90,20,5.5,20,"average",20,"exp3"
"60fcc2322b3777e4020465cb",91,2,4,2,"average",2,"exp3"
"60fcc2322b3777e4020465cb",92,10,5.9464274989274,10,"average",10,"exp3"
"60fcc2322b3777e4020465cb",93,10,5.9464274989274,10,"average",10,"exp3"
"60fcc2322b3777e4020465cb",94,10,5.9464274989274,10,"average",10,"exp3"
"60fcc2322b3777e4020465cb",95,10,5.9464274989274,10,"average",10,"exp3"
"60fcc2322b3777e4020465cb",96,20,5.5,20,"average",20,"exp3"
"60fcc2322b3777e4020465cb",97,10,5.9464274989274,10,"average",10,"exp3"
"60fcc2322b3777e4020465cb",98,20,5.5,20,"average",20,"exp3"
"60fcc2322b3777e4020465cb",99,20,5.5,20,"average",20,"exp3"
"60fcc2322b3777e4020465cb",100,20,5.5,20,"average",20,"exp3"
"60fcc2322b3777e4020465cb",101,2,4,2,"average",2,"exp3"
"60fcc2322b3777e4020465cb",102,20,5.5,20,"average",20,"exp3"
"60fcc2322b3777e4020465cb",103,10,5.9464274989274,10,"average",10,"exp3"
"60fcc2322b3777e4020465cb",104,20,5.5,20,"average",20,"exp3"
"60fcc2322b3777e4020465cb",105,2,4,2,"average",2,"exp3"
"60fcc2322b3777e4020465cb",106,2,4,2,"average",2,"exp3"
"60fcc2322b3777e4020465cb",107,10,5.9464274989274,10,"average",10,"exp3"
"60fcc2322b3777e4020465cb",108,10,5.9464274989274,10,"average",10,"exp3"
"62733b8ee687326d23d970ea",2,2,4,2,"average",2,"exp3"
"62733b8ee687326d23d970ea",11,10,5.86856030044848,10,"average",10,"exp3"
"62733b8ee687326d23d970ea",13,2,4,2,"average",2,"exp3"
"62733b8ee687326d23d970ea",14,2,4,2,"average",2,"exp3"
"62733b8ee687326d23d970ea",15,2,4,2,"average",2,"exp3"
"62733b8ee687326d23d970ea",16,10,5.9464274989274,10,"average",10,"exp3"
"62733b8ee687326d23d970ea",17,10,5.9464274989274,10,"average",10,"exp3"
"62733b8ee687326d23d970ea",18,20,5.5,20,"average",20,"exp3"
"62733b8ee687326d23d970ea",19,2,4,2,"average",2,"exp3"
"62733b8ee687326d23d970ea",20,10,5.9464274989274,10,"average",10,"exp3"
"62733b8ee687326d23d970ea",21,20,5.5,20,"average",20,"exp3"
"62733b8ee687326d23d970ea",22,2,4,2,"average",2,"exp3"
"62733b8ee687326d23d970ea",23,20,5.5,20,"average",20,"exp3"
"62733b8ee687326d23d970ea",24,2,4,2,"average",2,"exp3"
"62733b8ee687326d23d970ea",25,10,5.9464274989274,10,"average",10,"exp3"
"62733b8ee687326d23d970ea",26,20,5.5,20,"average",20,"exp3"
"62733b8ee687326d23d970ea",27,10,5.9464274989274,10,"average",10,"exp3"
"62733b8ee687326d23d970ea",28,10,5.9464274989274,10,"average",10,"exp3"
"62733b8ee687326d23d970ea",29,10,5.9464274989274,10,"average",10,"exp3"
"62733b8ee687326d23d970ea",30,20,5.5,20,"average",20,"exp3"
"62733b8ee687326d23d970ea",31,2,4,2,"average",2,"exp3"
"62733b8ee687326d23d970ea",32,20,5.5,20,"average",20,"exp3"
"62733b8ee687326d23d970ea",33,10,5.9464274989274,10,"average",10,"exp3"
"62733b8ee687326d23d970ea",34,10,5.9464274989274,10,"average",10,"exp3"
"62733b8ee687326d23d970ea",35,20,5.5,20,"average",20,"exp3"
"62733b8ee687326d23d970ea",36,2,4,2,"average",2,"exp3"
"62733b8ee687326d23d970ea",37,10,5.9464274989274,10,"average",10,"exp3"
"62733b8ee687326d23d970ea",38,10,5.9464274989274,10,"average",10,"exp3"
"62733b8ee687326d23d970ea",39,20,5.5,20,"average",20,"exp3"
"62733b8ee687326d23d970ea",40,2,4,2,"average",2,"exp3"
"62733b8ee687326d23d970ea",41,2,4,2,"average",2,"exp3"
"62733b8ee687326d23d970ea",42,2,4,2,"average",2,"exp3"
"62733b8ee687326d23d970ea",43,10,5.9464274989274,10,"average",10,"exp3"
"62733b8ee687326d23d970ea",44,2,4,2,"average",2,"exp3"
"62733b8ee687326d23d970ea",45,10,5.9464274989274,10,"average",10,"exp3"
"62733b8ee687326d23d970ea",46,20,5.5,20,"average",20,"exp3"
"62733b8ee687326d23d970ea",47,2,4,2,"average",2,"exp3"
"62733b8ee687326d23d970ea",48,20,5.5,20,"average",20,"exp3"
"62733b8ee687326d23d970ea",49,10,5.9464274989274,10,"average",10,"exp3"
"62733b8ee687326d23d970ea",50,20,5.5,20,"average",20,"exp3"
"62733b8ee687326d23d970ea",51,20,5.5,20,"average",20,"exp3"
"62733b8ee687326d23d970ea",52,20,5.5,20,"average",20,"exp3"
"62733b8ee687326d23d970ea",53,2,4,2,"average",2,"exp3"
"62733b8ee687326d23d970ea",54,10,5.9464274989274,10,"average",10,"exp3"
"62733b8ee687326d23d970ea",55,10,5.9464274989274,10,"average",10,"exp3"
"62733b8ee687326d23d970ea",56,20,5.5,20,"average",20,"exp3"
"62733b8ee687326d23d970ea",57,20,5.5,20,"average",20,"exp3"
"62733b8ee687326d23d970ea",58,20,5.5,20,"average",20,"exp3"
"62733b8ee687326d23d970ea",59,2,4,2,"average",2,"exp3"
"62733b8ee687326d23d970ea",60,2,4,2,"average",2,"exp3"
"62733b8ee687326d23d970ea",61,10,5.9464274989274,10,"average",10,"exp3"
"62733b8ee687326d23d970ea",62,2,4,2,"average",2,"exp3"
"62733b8ee687326d23d970ea",63,2,4,2,"average",2,"exp3"
"62733b8ee687326d23d970ea",64,2,4,2,"average",2,"exp3"
"62733b8ee687326d23d970ea",65,20,5.5,20,"average",20,"exp3"
"62733b8ee687326d23d970ea",66,2,4,2,"average",2,"exp3"
"62733b8ee687326d23d970ea",67,10,5.9464274989274,10,"average",10,"exp3"
"62733b8ee687326d23d970ea",68,2,4,2,"average",2,"exp3"
"62733b8ee687326d23d970ea",69,10,5.9464274989274,10,"average",10,"exp3"
"62733b8ee687326d23d970ea",70,10,5.9464274989274,10,"average",10,"exp3"
"62733b8ee687326d23d970ea",71,10,5.9464274989274,10,"average",10,"exp3"
"62733b8ee687326d23d970ea",72,20,5.5,20,"average",20,"exp3"
"62733b8ee687326d23d970ea",73,20,5.5,20,"average",20,"exp3"
"62733b8ee687326d23d970ea",74,10,5.9464274989274,10,"average",10,"exp3"
"62733b8ee687326d23d970ea",75,20,5.5,20,"average",20,"exp3"
"62733b8ee687326d23d970ea",76,2,4,2,"average",2,"exp3"
"62733b8ee687326d23d970ea",77,10,5.9464274989274,10,"average",10,"exp3"
"62733b8ee687326d23d970ea",78,2,4,2,"average",2,"exp3"
"62733b8ee687326d23d970ea",79,10,5.9464274989274,10,"average",10,"exp3"
"62733b8ee687326d23d970ea",80,20,5.5,20,"average",20,"exp3"
"62733b8ee687326d23d970ea",81,20,5.5,20,"average",20,"exp3"
"62733b8ee687326d23d970ea",82,10,5.9464274989274,10,"average",10,"exp3"
"62733b8ee687326d23d970ea",83,2,4,2,"average",2,"exp3"
"62733b8ee687326d23d970ea",84,2,4,2,"average",2,"exp3"
"62733b8ee687326d23d970ea",85,20,5.5,20,"average",20,"exp3"
"62733b8ee687326d23d970ea",86,20,5.5,20,"average",20,"exp3"
"62733b8ee687326d23d970ea",87,2,4,2,"average",2,"exp3"
"62733b8ee687326d23d970ea",88,2,4,2,"average",2,"exp3"
"62733b8ee687326d23d970ea",89,2,4,2,"average",2,"exp3"
"62733b8ee687326d23d970ea",90,20,5.5,20,"average",20,"exp3"
"62733b8ee687326d23d970ea",91,20,5.5,20,"average",20,"exp3"
"62733b8ee687326d23d970ea",92,20,5.5,20,"average",20,"exp3"
"62733b8ee687326d23d970ea",93,2,4,2,"average",2,"exp3"
"62733b8ee687326d23d970ea",94,2,4,2,"average",2,"exp3"
"62733b8ee687326d23d970ea",95,10,5.9464274989274,10,"average",10,"exp3"
"62733b8ee687326d23d970ea",96,20,5.5,20,"average",20,"exp3"
"62733b8ee687326d23d970ea",97,10,5.9464274989274,10,"average",10,"exp3"
"62733b8ee687326d23d970ea",98,20,5.5,20,"average",20,"exp3"
"62733b8ee687326d23d970ea",99,10,5.9464274989274,10,"average",10,"exp3"
"62733b8ee687326d23d970ea",100,10,5.9464274989274,10,"average",10,"exp3"
"62733b8ee687326d23d970ea",101,10,5.9464274989274,10,"average",10,"exp3"
"62733b8ee687326d23d970ea",102,10,5.9464274989274,10,"average",10,"exp3"
"62733b8ee687326d23d970ea",103,2,4,2,"average",2,"exp3"
"62733b8ee687326d23d970ea",104,20,5.5,20,"average",20,"exp3"
"62733b8ee687326d23d970ea",105,10,5.9464274989274,10,"average",10,"exp3"
"62733b8ee687326d23d970ea",106,20,5.5,20,"average",20,"exp3"
"62733b8ee687326d23d970ea",107,20,5.5,20,"average",20,"exp3"
"62733b8ee687326d23d970ea",108,2,4,2,"average",2,"exp3"
"6151e479b4ee16668948c7f2",13,20,5.5,20,"average",20,"exp3"
"6151e479b4ee16668948c7f2",14,10,5.9464274989274,10,"average",10,"exp3"
"6151e479b4ee16668948c7f2",15,10,5.9464274989274,10,"average",10,"exp3"
"6151e479b4ee16668948c7f2",16,20,5.5,20,"average",20,"exp3"
"6151e479b4ee16668948c7f2",17,20,5.5,20,"average",20,"exp3"
"6151e479b4ee16668948c7f2",18,2,4,2,"average",2,"exp3"
"6151e479b4ee16668948c7f2",19,20,5.5,20,"average",20,"exp3"
"6151e479b4ee16668948c7f2",20,2,4,2,"average",2,"exp3"
"6151e479b4ee16668948c7f2",21,2,4,2,"average",2,"exp3"
"6151e479b4ee16668948c7f2",22,2,4,2,"average",2,"exp3"
"6151e479b4ee16668948c7f2",23,2,4,2,"average",2,"exp3"
"6151e479b4ee16668948c7f2",24,20,5.5,20,"average",20,"exp3"
"6151e479b4ee16668948c7f2",25,2,4,2,"average",2,"exp3"
"6151e479b4ee16668948c7f2",26,2,4,2,"average",2,"exp3"
"6151e479b4ee16668948c7f2",27,2,4,2,"average",2,"exp3"
"6151e479b4ee16668948c7f2",28,20,5.5,20,"average",20,"exp3"
"6151e479b4ee16668948c7f2",29,2,4,2,"average",2,"exp3"
"6151e479b4ee16668948c7f2",30,10,5.9464274989274,10,"average",10,"exp3"
"6151e479b4ee16668948c7f2",31,20,5.5,20,"average",20,"exp3"
"6151e479b4ee16668948c7f2",32,10,5.9464274989274,10,"average",10,"exp3"
"6151e479b4ee16668948c7f2",33,2,4,2,"average",2,"exp3"
"6151e479b4ee16668948c7f2",34,20,5.5,20,"average",20,"exp3"
"6151e479b4ee16668948c7f2",35,2,4,2,"average",2,"exp3"
"6151e479b4ee16668948c7f2",36,10,5.9464274989274,10,"average",10,"exp3"
"6151e479b4ee16668948c7f2",37,20,5.5,20,"average",20,"exp3"
"6151e479b4ee16668948c7f2",38,10,5.9464274989274,10,"average",10,"exp3"
"6151e479b4ee16668948c7f2",39,10,5.9464274989274,10,"average",10,"exp3"
"6151e479b4ee16668948c7f2",40,20,5.5,20,"average",20,"exp3"
"6151e479b4ee16668948c7f2",41,10,5.9464274989274,10,"average",10,"exp3"
"6151e479b4ee16668948c7f2",42,20,5.5,20,"average",20,"exp3"
"6151e479b4ee16668948c7f2",43,10,5.9464274989274,10,"average",10,"exp3"
"6151e479b4ee16668948c7f2",44,2,4,2,"average",2,"exp3"
"6151e479b4ee16668948c7f2",45,2,4,2,"average",2,"exp3"
"6151e479b4ee16668948c7f2",46,10,5.9464274989274,10,"average",10,"exp3"
"6151e479b4ee16668948c7f2",47,20,5.5,20,"average",20,"exp3"
"6151e479b4ee16668948c7f2",48,20,5.5,20,"average",20,"exp3"
"6151e479b4ee16668948c7f2",49,10,5.9464274989274,10,"average",10,"exp3"
"6151e479b4ee16668948c7f2",50,2,4,2,"average",2,"exp3"
"6151e479b4ee16668948c7f2",51,20,5.5,20,"average",20,"exp3"
"6151e479b4ee16668948c7f2",52,10,5.9464274989274,10,"average",10,"exp3"
"6151e479b4ee16668948c7f2",53,10,5.9464274989274,10,"average",10,"exp3"
"6151e479b4ee16668948c7f2",54,10,5.9464274989274,10,"average",10,"exp3"
"6151e479b4ee16668948c7f2",55,2,4,2,"average",2,"exp3"
"6151e479b4ee16668948c7f2",56,2,4,2,"average",2,"exp3"
"6151e479b4ee16668948c7f2",57,20,5.5,20,"average",20,"exp3"
"6151e479b4ee16668948c7f2",58,10,5.9464274989274,10,"average",10,"exp3"
"6151e479b4ee16668948c7f2",59,20,5.5,20,"average",20,"exp3"
"6151e479b4ee16668948c7f2",60,10,5.9464274989274,10,"average",10,"exp3"
"6151e479b4ee16668948c7f2",61,2,4,2,"average",2,"exp3"
"6151e479b4ee16668948c7f2",62,20,5.5,20,"average",20,"exp3"
"6151e479b4ee16668948c7f2",63,2,4,2,"average",2,"exp3"
"6151e479b4ee16668948c7f2",64,20,5.5,20,"average",20,"exp3"
"6151e479b4ee16668948c7f2",65,10,5.9464274989274,10,"average",10,"exp3"
"6151e479b4ee16668948c7f2",66,2,4,2,"average",2,"exp3"
"6151e479b4ee16668948c7f2",67,10,5.9464274989274,10,"average",10,"exp3"
"6151e479b4ee16668948c7f2",68,10,5.9464274989274,10,"average",10,"exp3"
"6151e479b4ee16668948c7f2",69,20,5.5,20,"average",20,"exp3"
"6151e479b4ee16668948c7f2",70,2,4,2,"average",2,"exp3"
"6151e479b4ee16668948c7f2",71,10,5.9464274989274,10,"average",10,"exp3"
"6151e479b4ee16668948c7f2",72,2,4,2,"average",2,"exp3"
"6151e479b4ee16668948c7f2",73,2,4,2,"average",2,"exp3"
"6151e479b4ee16668948c7f2",74,2,4,2,"average",2,"exp3"
"6151e479b4ee16668948c7f2",75,20,5.5,20,"average",20,"exp3"
"6151e479b4ee16668948c7f2",76,20,5.5,20,"average",20,"exp3"
"6151e479b4ee16668948c7f2",77,10,5.9464274989274,10,"average",10,"exp3"
"6151e479b4ee16668948c7f2",78,10,5.9464274989274,10,"average",10,"exp3"
"6151e479b4ee16668948c7f2",79,20,5.5,20,"average",20,"exp3"
"6151e479b4ee16668948c7f2",80,2,4,2,"average",2,"exp3"
"6151e479b4ee16668948c7f2",81,20,5.5,20,"average",20,"exp3"
"6151e479b4ee16668948c7f2",82,10,5.9464274989274,10,"average",10,"exp3"
"6151e479b4ee16668948c7f2",83,2,4,2,"average",2,"exp3"
"6151e479b4ee16668948c7f2",84,10,5.9464274989274,10,"average",10,"exp3"
"6151e479b4ee16668948c7f2",85,2,4,2,"average",2,"exp3"
"6151e479b4ee16668948c7f2",86,10,5.9464274989274,10,"average",10,"exp3"
"6151e479b4ee16668948c7f2",87,2,4,2,"average",2,"exp3"
"6151e479b4ee16668948c7f2",88,10,5.9464274989274,10,"average",10,"exp3"
"6151e479b4ee16668948c7f2",89,10,5.9464274989274,10,"average",10,"exp3"
"6151e479b4ee16668948c7f2",90,2,4,2,"average",2,"exp3"
"6151e479b4ee16668948c7f2",91,20,5.5,20,"average",20,"exp3"
"6151e479b4ee16668948c7f2",92,2,4,2,"average",2,"exp3"
"6151e479b4ee16668948c7f2",93,2,4,2,"average",2,"exp3"
"6151e479b4ee16668948c7f2",94,20,5.5,20,"average",20,"exp3"
"6151e479b4ee16668948c7f2",95,2,4,2,"average",2,"exp3"
"6151e479b4ee16668948c7f2",96,10,5.9464274989274,10,"average",10,"exp3"
"6151e479b4ee16668948c7f2",97,10,5.9464274989274,10,"average",10,"exp3"
"6151e479b4ee16668948c7f2",98,10,5.9464274989274,10,"average",10,"exp3"
"6151e479b4ee16668948c7f2",99,20,5.5,20,"average",20,"exp3"
"6151e479b4ee16668948c7f2",100,20,5.5,20,"average",20,"exp3"
"6151e479b4ee16668948c7f2",101,20,5.5,20,"average",20,"exp3"
"6151e479b4ee16668948c7f2",102,2,4,2,"average",2,"exp3"
"6151e479b4ee16668948c7f2",103,20,5.5,20,"average",20,"exp3"
"6151e479b4ee16668948c7f2",104,10,5.9464274989274,10,"average",10,"exp3"
"6151e479b4ee16668948c7f2",105,20,5.5,20,"average",20,"exp3"
"6151e479b4ee16668948c7f2",106,20,5.5,20,"average",20,"exp3"
"6151e479b4ee16668948c7f2",107,10,5.9464274989274,10,"average",10,"exp3"
"6151e479b4ee16668948c7f2",108,20,5.5,20,"average",20,"exp3"
"65fa95fafeda35caf378b6f9",1,10,6.7349832961931,10,"average",10,"exp3"
"65fa95fafeda35caf378b6f9",2,10,6.62117814289874,10,"average",10,"exp3"
"65fa95fafeda35caf378b6f9",8,10,5.44150714416512,10,"average",10,"exp3"
"65fa95fafeda35caf378b6f9",13,2,4,2,"average",2,"exp3"
"65fa95fafeda35caf378b6f9",14,10,5.9464274989274,10,"average",10,"exp3"
"65fa95fafeda35caf378b6f9",15,2,4,2,"average",2,"exp3"
"65fa95fafeda35caf378b6f9",16,2,4,2,"average",2,"exp3"
"65fa95fafeda35caf378b6f9",17,2,4,2,"average",2,"exp3"
"65fa95fafeda35caf378b6f9",18,2,4,2,"average",2,"exp3"
"65fa95fafeda35caf378b6f9",19,2,4,2,"average",2,"exp3"
"65fa95fafeda35caf378b6f9",20,10,5.9464274989274,10,"average",10,"exp3"
"65fa95fafeda35caf378b6f9",21,10,5.9464274989274,10,"average",10,"exp3"
"65fa95fafeda35caf378b6f9",22,10,5.9464274989274,10,"average",10,"exp3"
"65fa95fafeda35caf378b6f9",23,2,4,2,"average",2,"exp3"
"65fa95fafeda35caf378b6f9",24,10,5.9464274989274,10,"average",10,"exp3"
"65fa95fafeda35caf378b6f9",25,10,5.9464274989274,10,"average",10,"exp3"
"65fa95fafeda35caf378b6f9",26,10,5.9464274989274,10,"average",10,"exp3"
"65fa95fafeda35caf378b6f9",27,2,4,2,"average",2,"exp3"
"65fa95fafeda35caf378b6f9",28,2,4,2,"average",2,"exp3"
"65fa95fafeda35caf378b6f9",29,2,4,2,"average",2,"exp3"
"65fa95fafeda35caf378b6f9",30,10,5.9464274989274,10,"average",10,"exp3"
"65fa95fafeda35caf378b6f9",31,10,5.9464274989274,10,"average",10,"exp3"
"65fa95fafeda35caf378b6f9",32,2,4,2,"average",2,"exp3"
"65fa95fafeda35caf378b6f9",33,10,5.9464274989274,10,"average",10,"exp3"
"65fa95fafeda35caf378b6f9",34,2,4,2,"average",2,"exp3"
"65fa95fafeda35caf378b6f9",35,10,5.9464274989274,10,"average",10,"exp3"
"65fa95fafeda35caf378b6f9",36,2,4,2,"average",2,"exp3"
"65fa95fafeda35caf378b6f9",37,2,4,2,"average",2,"exp3"
"65fa95fafeda35caf378b6f9",38,2,4,2,"average",2,"exp3"
"65fa95fafeda35caf378b6f9",39,2,4,2,"average",2,"exp3"
"65fa95fafeda35caf378b6f9",40,10,5.9464274989274,10,"average",10,"exp3"
"65fa95fafeda35caf378b6f9",41,10,5.9464274989274,10,"average",10,"exp3"
"65fa95fafeda35caf378b6f9",42,10,5.9464274989274,10,"average",10,"exp3"
"65fa95fafeda35caf378b6f9",43,10,5.9464274989274,10,"average",10,"exp3"
"65fa95fafeda35caf378b6f9",44,10,5.9464274989274,10,"average",10,"exp3"
"65fa95fafeda35caf378b6f9",45,20,5.5,20,"average",20,"exp3"
"65fa95fafeda35caf378b6f9",46,20,5.5,20,"average",20,"exp3"
"65fa95fafeda35caf378b6f9",47,20,5.5,20,"average",20,"exp3"
"65fa95fafeda35caf378b6f9",48,20,5.5,20,"average",20,"exp3"
"65fa95fafeda35caf378b6f9",49,20,5.5,20,"average",20,"exp3"
"65fa95fafeda35caf378b6f9",50,20,5.5,20,"average",20,"exp3"
"65fa95fafeda35caf378b6f9",51,20,5.5,20,"average",20,"exp3"
"65fa95fafeda35caf378b6f9",52,20,5.5,20,"average",20,"exp3"
"65fa95fafeda35caf378b6f9",53,20,5.5,20,"average",20,"exp3"
"65fa95fafeda35caf378b6f9",54,20,5.5,20,"average",20,"exp3"
"65fa95fafeda35caf378b6f9",55,20,5.5,20,"average",20,"exp3"
"65fa95fafeda35caf378b6f9",56,20,5.5,20,"average",20,"exp3"
"65fa95fafeda35caf378b6f9",57,20,5.5,20,"average",20,"exp3"
"65fa95fafeda35caf378b6f9",58,20,5.5,20,"average",20,"exp3"
"65fa95fafeda35caf378b6f9",59,20,5.5,20,"average",20,"exp3"
"65fa95fafeda35caf378b6f9",60,20,5.5,20,"average",20,"exp3"
"65fa95fafeda35caf378b6f9",61,2,4,2,"average",2,"exp3"
"65fa95fafeda35caf378b6f9",62,2,4,2,"average",2,"exp3"
"65fa95fafeda35caf378b6f9",63,2,4,2,"average",2,"exp3"
"65fa95fafeda35caf378b6f9",64,2,4,2,"average",2,"exp3"
"65fa95fafeda35caf378b6f9",65,2,4,2,"average",2,"exp3"
"65fa95fafeda35caf378b6f9",66,2,4,2,"average",2,"exp3"
"65fa95fafeda35caf378b6f9",67,2,4,2,"average",2,"exp3"
"65fa95fafeda35caf378b6f9",68,2,4,2,"average",2,"exp3"
"65fa95fafeda35caf378b6f9",69,2,4,2,"average",2,"exp3"
"65fa95fafeda35caf378b6f9",70,2,4,2,"average",2,"exp3"
"65fa95fafeda35caf378b6f9",71,2,4,2,"average",2,"exp3"
"65fa95fafeda35caf378b6f9",72,2,4,2,"average",2,"exp3"
"65fa95fafeda35caf378b6f9",73,2,4,2,"average",2,"exp3"
"65fa95fafeda35caf378b6f9",74,2,4,2,"average",2,"exp3"
"65fa95fafeda35caf378b6f9",75,2,4,2,"average",2,"exp3"
"65fa95fafeda35caf378b6f9",76,2,4,2,"average",2,"exp3"
"65fa95fafeda35caf378b6f9",77,10,5.9464274989274,10,"average",10,"exp3"
"65fa95fafeda35caf378b6f9",78,10,5.9464274989274,10,"average",10,"exp3"
"65fa95fafeda35caf378b6f9",79,10,5.9464274989274,10,"average",10,"exp3"
"65fa95fafeda35caf378b6f9",80,10,5.9464274989274,10,"average",10,"exp3"
"65fa95fafeda35caf378b6f9",81,10,5.9464274989274,10,"average",10,"exp3"
"65fa95fafeda35caf378b6f9",82,10,5.9464274989274,10,"average",10,"exp3"
"65fa95fafeda35caf378b6f9",83,10,5.9464274989274,10,"average",10,"exp3"
"65fa95fafeda35caf378b6f9",84,10,5.9464274989274,10,"average",10,"exp3"
"65fa95fafeda35caf378b6f9",85,10,5.9464274989274,10,"average",10,"exp3"
"65fa95fafeda35caf378b6f9",86,10,5.9464274989274,10,"average",10,"exp3"
"65fa95fafeda35caf378b6f9",87,10,5.9464274989274,10,"average",10,"exp3"
"65fa95fafeda35caf378b6f9",88,10,5.9464274989274,10,"average",10,"exp3"
"65fa95fafeda35caf378b6f9",89,10,5.9464274989274,10,"average",10,"exp3"
"65fa95fafeda35caf378b6f9",90,10,5.9464274989274,10,"average",10,"exp3"
"65fa95fafeda35caf378b6f9",91,10,5.9464274989274,10,"average",10,"exp3"
"65fa95fafeda35caf378b6f9",92,10,5.9464274989274,10,"average",10,"exp3"
"65fa95fafeda35caf378b6f9",93,20,5.5,20,"average",20,"exp3"
"65fa95fafeda35caf378b6f9",94,20,5.5,20,"average",20,"exp3"
"65fa95fafeda35caf378b6f9",95,20,5.5,20,"average",20,"exp3"
"65fa95fafeda35caf378b6f9",96,20,5.5,20,"average",20,"exp3"
"65fa95fafeda35caf378b6f9",97,20,5.5,20,"average",20,"exp3"
"65fa95fafeda35caf378b6f9",98,20,5.5,20,"average",20,"exp3"
"65fa95fafeda35caf378b6f9",99,20,5.5,20,"average",20,"exp3"
"65fa95fafeda35caf378b6f9",100,20,5.5,20,"average",20,"exp3"
"65fa95fafeda35caf378b6f9",101,20,5.5,20,"average",20,"exp3"
"65fa95fafeda35caf378b6f9",102,20,5.5,20,"average",20,"exp3"
"65fa95fafeda35caf378b6f9",103,20,5.5,20,"average",20,"exp3"
"65fa95fafeda35caf378b6f9",104,20,5.5,20,"average",20,"exp3"
"65fa95fafeda35caf378b6f9",105,20,5.5,20,"average",20,"exp3"
"65fa95fafeda35caf378b6f9",106,20,5.5,20,"average",20,"exp3"
"65fa95fafeda35caf378b6f9",107,20,5.5,20,"average",20,"exp3"
"65fa95fafeda35caf378b6f9",108,20,5.5,20,"average",20,"exp3"
"671f12c5d2543b67c0f12e57",1,10,4.6743983570081,10,"average",10,"exp3"
"671f12c5d2543b67c0f12e57",10,10,5.87281874401041,10,"average",10,"exp3"
"671f12c5d2543b67c0f12e57",12,10,4.70744091837593,10,"average",10,"exp3"
"671f12c5d2543b67c0f12e57",13,2,4,2,"average",2,"exp3"
"671f12c5d2543b67c0f12e57",14,20,5.5,20,"average",20,"exp3"
"671f12c5d2543b67c0f12e57",15,2,4,2,"average",2,"exp3"
"671f12c5d2543b67c0f12e57",16,2,4,2,"average",2,"exp3"
"671f12c5d2543b67c0f12e57",17,10,5.9464274989274,10,"average",10,"exp3"
"671f12c5d2543b67c0f12e57",18,10,5.9464274989274,10,"average",10,"exp3"
"671f12c5d2543b67c0f12e57",19,10,5.9464274989274,10,"average",10,"exp3"
"671f12c5d2543b67c0f12e57",20,2,4,2,"average",2,"exp3"
"671f12c5d2543b67c0f12e57",21,2,4,2,"average",2,"exp3"
"671f12c5d2543b67c0f12e57",22,10,5.9464274989274,10,"average",10,"exp3"
"671f12c5d2543b67c0f12e57",23,20,5.5,20,"average",20,"exp3"
"671f12c5d2543b67c0f12e57",24,20,5.5,20,"average",20,"exp3"
"671f12c5d2543b67c0f12e57",25,20,5.5,20,"average",20,"exp3"
"671f12c5d2543b67c0f12e57",26,2,4,2,"average",2,"exp3"
"671f12c5d2543b67c0f12e57",27,2,4,2,"average",2,"exp3"
"671f12c5d2543b67c0f12e57",28,20,5.5,20,"average",20,"exp3"
"671f12c5d2543b67c0f12e57",29,2,4,2,"average",2,"exp3"
"671f12c5d2543b67c0f12e57",30,20,5.5,20,"average",20,"exp3"
"671f12c5d2543b67c0f12e57",31,2,4,2,"average",2,"exp3"
"671f12c5d2543b67c0f12e57",32,2,4,2,"average",2,"exp3"
"671f12c5d2543b67c0f12e57",33,10,5.9464274989274,10,"average",10,"exp3"
"671f12c5d2543b67c0f12e57",34,20,5.5,20,"average",20,"exp3"
"671f12c5d2543b67c0f12e57",35,20,5.5,20,"average",20,"exp3"
"671f12c5d2543b67c0f12e57",36,2,4,2,"average",2,"exp3"
"671f12c5d2543b67c0f12e57",37,20,5.5,20,"average",20,"exp3"
"671f12c5d2543b67c0f12e57",38,10,5.9464274989274,10,"average",10,"exp3"
"671f12c5d2543b67c0f12e57",39,20,5.5,20,"average",20,"exp3"
"671f12c5d2543b67c0f12e57",40,2,4,2,"average",2,"exp3"
"671f12c5d2543b67c0f12e57",41,10,5.9464274989274,10,"average",10,"exp3"
"671f12c5d2543b67c0f12e57",42,10,5.9464274989274,10,"average",10,"exp3"
"671f12c5d2543b67c0f12e57",43,10,5.9464274989274,10,"average",10,"exp3"
"671f12c5d2543b67c0f12e57",44,10,5.9464274989274,10,"average",10,"exp3"
"671f12c5d2543b67c0f12e57",45,10,5.9464274989274,10,"average",10,"exp3"
"671f12c5d2543b67c0f12e57",46,10,5.9464274989274,10,"average",10,"exp3"
"671f12c5d2543b67c0f12e57",47,2,4,2,"average",2,"exp3"
"671f12c5d2543b67c0f12e57",48,20,5.5,20,"average",20,"exp3"
"671f12c5d2543b67c0f12e57",49,20,5.5,20,"average",20,"exp3"
"671f12c5d2543b67c0f12e57",50,10,5.9464274989274,10,"average",10,"exp3"
"671f12c5d2543b67c0f12e57",51,20,5.5,20,"average",20,"exp3"
"671f12c5d2543b67c0f12e57",52,20,5.5,20,"average",20,"exp3"
"671f12c5d2543b67c0f12e57",53,2,4,2,"average",2,"exp3"
"671f12c5d2543b67c0f12e57",54,20,5.5,20,"average",20,"exp3"
"671f12c5d2543b67c0f12e57",55,2,4,2,"average",2,"exp3"
"671f12c5d2543b67c0f12e57",56,20,5.5,20,"average",20,"exp3"
"671f12c5d2543b67c0f12e57",57,2,4,2,"average",2,"exp3"
"671f12c5d2543b67c0f12e57",58,10,5.9464274989274,10,"average",10,"exp3"
"671f12c5d2543b67c0f12e57",59,10,5.9464274989274,10,"average",10,"exp3"
"671f12c5d2543b67c0f12e57",60,10,5.9464274989274,10,"average",10,"exp3"
"671f12c5d2543b67c0f12e57",61,20,5.5,20,"average",20,"exp3"
"671f12c5d2543b67c0f12e57",62,10,5.9464274989274,10,"average",10,"exp3"
"671f12c5d2543b67c0f12e57",63,2,4,2,"average",2,"exp3"
"671f12c5d2543b67c0f12e57",64,20,5.5,20,"average",20,"exp3"
"671f12c5d2543b67c0f12e57",65,10,5.9464274989274,10,"average",10,"exp3"
"671f12c5d2543b67c0f12e57",66,2,4,2,"average",2,"exp3"
"671f12c5d2543b67c0f12e57",67,20,5.5,20,"average",20,"exp3"
"671f12c5d2543b67c0f12e57",68,2,4,2,"average",2,"exp3"
"671f12c5d2543b67c0f12e57",69,2,4,2,"average",2,"exp3"
"671f12c5d2543b67c0f12e57",70,20,5.5,20,"average",20,"exp3"
"671f12c5d2543b67c0f12e57",71,2,4,2,"average",2,"exp3"
"671f12c5d2543b67c0f12e57",72,2,4,2,"average",2,"exp3"
"671f12c5d2543b67c0f12e57",73,20,5.5,20,"average",20,"exp3"
"671f12c5d2543b67c0f12e57",74,10,5.9464274989274,10,"average",10,"exp3"
"671f12c5d2543b67c0f12e57",75,2,4,2,"average",2,"exp3"
"671f12c5d2543b67c0f12e57",76,10,5.9464274989274,10,"average",10,"exp3"
"671f12c5d2543b67c0f12e57",77,20,5.5,20,"average",20,"exp3"
"671f12c5d2543b67c0f12e57",78,2,4,2,"average",2,"exp3"
"671f12c5d2543b67c0f12e57",79,20,5.5,20,"average",20,"exp3"
"671f12c5d2543b67c0f12e57",80,2,4,2,"average",2,"exp3"
"671f12c5d2543b67c0f12e57",81,10,5.9464274989274,10,"average",10,"exp3"
"671f12c5d2543b67c0f12e57",82,20,5.5,20,"average",20,"exp3"
"671f12c5d2543b67c0f12e57",83,20,5.5,20,"average",20,"exp3"
"671f12c5d2543b67c0f12e57",84,20,5.5,20,"average",20,"exp3"
"671f12c5d2543b67c0f12e57",85,2,4,2,"average",2,"exp3"
"671f12c5d2543b67c0f12e57",86,20,5.5,20,"average",20,"exp3"
"671f12c5d2543b67c0f12e57",87,10,5.9464274989274,10,"average",10,"exp3"
"671f12c5d2543b67c0f12e57",88,2,4,2,"average",2,"exp3"
"671f12c5d2543b67c0f12e57",89,2,4,2,"average",2,"exp3"
"671f12c5d2543b67c0f12e57",90,2,4,2,"average",2,"exp3"
"671f12c5d2543b67c0f12e57",91,10,5.9464274989274,10,"average",10,"exp3"
"671f12c5d2543b67c0f12e57",92,2,4,2,"average",2,"exp3"
"671f12c5d2543b67c0f12e57",93,10,5.9464274989274,10,"average",10,"exp3"
"671f12c5d2543b67c0f12e57",94,20,5.5,20,"average",20,"exp3"
"671f12c5d2543b67c0f12e57",95,10,5.9464274989274,10,"average",10,"exp3"
"671f12c5d2543b67c0f12e57",96,10,5.9464274989274,10,"average",10,"exp3"
"671f12c5d2543b67c0f12e57",97,10,5.9464274989274,10,"average",10,"exp3"
"671f12c5d2543b67c0f12e57",98,10,5.9464274989274,10,"average",10,"exp3"
"671f12c5d2543b67c0f12e57",99,10,5.9464274989274,10,"average",10,"exp3"
"671f12c5d2543b67c0f12e57",100,2,4,2,"average",2,"exp3"
"671f12c5d2543b67c0f12e57",101,20,5.5,20,"average",20,"exp3"
"671f12c5d2543b67c0f12e57",102,10,5.9464274989274,10,"average",10,"exp3"
"671f12c5d2543b67c0f12e57",103,2,4,2,"average",2,"exp3"
"671f12c5d2543b67c0f12e57",104,10,5.9464274989274,10,"average",10,"exp3"
"671f12c5d2543b67c0f12e57",105,20,5.5,20,"average",20,"exp3"
"671f12c5d2543b67c0f12e57",106,20,5.5,20,"average",20,"exp3"
"671f12c5d2543b67c0f12e57",107,10,5.9464274989274,10,"average",10,"exp3"
"671f12c5d2543b67c0f12e57",108,20,5.5,20,"average",20,"exp3"
"59f224ce40333e00017edfe8",2,10,6.15548535860496,10,"average",10,"exp3"
"59f224ce40333e00017edfe8",9,2,1.5,2,"average",2,"exp3"
"59f224ce40333e00017edfe8",13,2,4,2,"average",2,"exp3"
"59f224ce40333e00017edfe8",14,10,5.9464274989274,10,"average",10,"exp3"
"59f224ce40333e00017edfe8",15,20,5.5,20,"average",20,"exp3"
"59f224ce40333e00017edfe8",16,2,4,2,"average",2,"exp3"
"59f224ce40333e00017edfe8",17,20,5.5,20,"average",20,"exp3"
"59f224ce40333e00017edfe8",18,20,5.5,20,"average",20,"exp3"
"59f224ce40333e00017edfe8",19,20,5.5,20,"average",20,"exp3"
"59f224ce40333e00017edfe8",20,2,4,2,"average",2,"exp3"
"59f224ce40333e00017edfe8",21,20,5.5,20,"average",20,"exp3"
"59f224ce40333e00017edfe8",22,10,5.9464274989274,10,"average",10,"exp3"
"59f224ce40333e00017edfe8",23,10,5.9464274989274,10,"average",10,"exp3"
"59f224ce40333e00017edfe8",24,20,5.5,20,"average",20,"exp3"
"59f224ce40333e00017edfe8",25,2,4,2,"average",2,"exp3"
"59f224ce40333e00017edfe8",26,2,4,2,"average",2,"exp3"
"59f224ce40333e00017edfe8",27,20,5.5,20,"average",20,"exp3"
"59f224ce40333e00017edfe8",28,10,5.9464274989274,10,"average",10,"exp3"
"59f224ce40333e00017edfe8",29,20,5.5,20,"average",20,"exp3"
"59f224ce40333e00017edfe8",30,10,5.9464274989274,10,"average",10,"exp3"
"59f224ce40333e00017edfe8",31,20,5.5,20,"average",20,"exp3"
"59f224ce40333e00017edfe8",32,2,4,2,"average",2,"exp3"
"59f224ce40333e00017edfe8",33,20,5.5,20,"average",20,"exp3"
"59f224ce40333e00017edfe8",34,10,5.9464274989274,10,"average",10,"exp3"
"59f224ce40333e00017edfe8",35,2,4,2,"average",2,"exp3"
"59f224ce40333e00017edfe8",36,20,5.5,20,"average",20,"exp3"
"59f224ce40333e00017edfe8",37,10,5.9464274989274,10,"average",10,"exp3"
"59f224ce40333e00017edfe8",38,10,5.9464274989274,10,"average",10,"exp3"
"59f224ce40333e00017edfe8",39,2,4,2,"average",2,"exp3"
"59f224ce40333e00017edfe8",40,20,5.5,20,"average",20,"exp3"
"59f224ce40333e00017edfe8",41,2,4,2,"average",2,"exp3"
"59f224ce40333e00017edfe8",42,2,4,2,"average",2,"exp3"
"59f224ce40333e00017edfe8",43,20,5.5,20,"average",20,"exp3"
"59f224ce40333e00017edfe8",44,10,5.9464274989274,10,"average",10,"exp3"
"59f224ce40333e00017edfe8",45,10,5.9464274989274,10,"average",10,"exp3"
"59f224ce40333e00017edfe8",46,2,4,2,"average",2,"exp3"
"59f224ce40333e00017edfe8",47,2,4,2,"average",2,"exp3"
"59f224ce40333e00017edfe8",48,2,4,2,"average",2,"exp3"
"59f224ce40333e00017edfe8",49,10,5.9464274989274,10,"average",10,"exp3"
"59f224ce40333e00017edfe8",50,20,5.5,20,"average",20,"exp3"
"59f224ce40333e00017edfe8",51,10,5.9464274989274,10,"average",10,"exp3"
"59f224ce40333e00017edfe8",52,10,5.9464274989274,10,"average",10,"exp3"
"59f224ce40333e00017edfe8",53,10,5.9464274989274,10,"average",10,"exp3"
"59f224ce40333e00017edfe8",54,10,5.9464274989274,10,"average",10,"exp3"
"59f224ce40333e00017edfe8",55,2,4,2,"average",2,"exp3"
"59f224ce40333e00017edfe8",56,20,5.5,20,"average",20,"exp3"
"59f224ce40333e00017edfe8",57,2,4,2,"average",2,"exp3"
"59f224ce40333e00017edfe8",58,10,5.9464274989274,10,"average",10,"exp3"
"59f224ce40333e00017edfe8",59,20,5.5,20,"average",20,"exp3"
"59f224ce40333e00017edfe8",60,2,4,2,"average",2,"exp3"
"59f224ce40333e00017edfe8",61,20,5.5,20,"average",20,"exp3"
"59f224ce40333e00017edfe8",62,20,5.5,20,"average",20,"exp3"
"59f224ce40333e00017edfe8",63,20,5.5,20,"average",20,"exp3"
"59f224ce40333e00017edfe8",64,10,5.9464274989274,10,"average",10,"exp3"
"59f224ce40333e00017edfe8",65,2,4,2,"average",2,"exp3"
"59f224ce40333e00017edfe8",66,2,4,2,"average",2,"exp3"
"59f224ce40333e00017edfe8",67,2,4,2,"average",2,"exp3"
"59f224ce40333e00017edfe8",68,10,5.9464274989274,10,"average",10,"exp3"
"59f224ce40333e00017edfe8",69,10,5.9464274989274,10,"average",10,"exp3"
"59f224ce40333e00017edfe8",70,2,4,2,"average",2,"exp3"
"59f224ce40333e00017edfe8",71,20,5.5,20,"average",20,"exp3"
"59f224ce40333e00017edfe8",72,20,5.5,20,"average",20,"exp3"
"59f224ce40333e00017edfe8",73,2,4,2,"average",2,"exp3"
"59f224ce40333e00017edfe8",74,2,4,2,"average",2,"exp3"
"59f224ce40333e00017edfe8",75,20,5.5,20,"average",20,"exp3"
"59f224ce40333e00017edfe8",76,20,5.5,20,"average",20,"exp3"
"59f224ce40333e00017edfe8",77,2,4,2,"average",2,"exp3"
"59f224ce40333e00017edfe8",78,10,5.9464274989274,10,"average",10,"exp3"
"59f224ce40333e00017edfe8",79,20,5.5,20,"average",20,"exp3"
"59f224ce40333e00017edfe8",80,10,5.9464274989274,10,"average",10,"exp3"
"59f224ce40333e00017edfe8",81,2,4,2,"average",2,"exp3"
"59f224ce40333e00017edfe8",82,10,5.9464274989274,10,"average",10,"exp3"
"59f224ce40333e00017edfe8",83,2,4,2,"average",2,"exp3"
"59f224ce40333e00017edfe8",84,20,5.5,20,"average",20,"exp3"
"59f224ce40333e00017edfe8",85,10,5.9464274989274,10,"average",10,"exp3"
"59f224ce40333e00017edfe8",86,2,4,2,"average",2,"exp3"
"59f224ce40333e00017edfe8",87,10,5.9464274989274,10,"average",10,"exp3"
"59f224ce40333e00017edfe8",88,2,4,2,"average",2,"exp3"
"59f224ce40333e00017edfe8",89,10,5.9464274989274,10,"average",10,"exp3"
"59f224ce40333e00017edfe8",90,20,5.5,20,"average",20,"exp3"
"59f224ce40333e00017edfe8",91,10,5.9464274989274,10,"average",10,"exp3"
"59f224ce40333e00017edfe8",92,10,5.9464274989274,10,"average",10,"exp3"
"59f224ce40333e00017edfe8",93,10,5.9464274989274,10,"average",10,"exp3"
"59f224ce40333e00017edfe8",94,10,5.9464274989274,10,"average",10,"exp3"
"59f224ce40333e00017edfe8",95,20,5.5,20,"average",20,"exp3"
"59f224ce40333e00017edfe8",96,2,4,2,"average",2,"exp3"
"59f224ce40333e00017edfe8",97,10,5.9464274989274,10,"average",10,"exp3"
"59f224ce40333e00017edfe8",98,20,5.5,20,"average",20,"exp3"
"59f224ce40333e00017edfe8",99,2,4,2,"average",2,"exp3"
"59f224ce40333e00017edfe8",100,2,4,2,"average",2,"exp3"
"59f224ce40333e00017edfe8",101,20,5.5,20,"average",20,"exp3"
"59f224ce40333e00017edfe8",102,2,4,2,"average",2,"exp3"
"59f224ce40333e00017edfe8",103,2,4,2,"average",2,"exp3"
"59f224ce40333e00017edfe8",104,20,5.5,20,"average",20,"exp3"
"59f224ce40333e00017edfe8",105,20,5.5,20,"average",20,"exp3"
"59f224ce40333e00017edfe8",106,10,5.9464274989274,10,"average",10,"exp3"
"59f224ce40333e00017edfe8",107,20,5.5,20,"average",20,"exp3"
"59f224ce40333e00017edfe8",108,10,5.9464274989274,10,"average",10,"exp3"
"5c7f489defd9e20015751167",1,2,0.5,2,"average",2,"exp3"
"5c7f489defd9e20015751167",2,10,5.42678542048605,10,"average",10,"exp3"
"5c7f489defd9e20015751167",3,10,5.20096144957834,10,"average",10,"exp3"
"5c7f489defd9e20015751167",5,2,6,2,"average",2,"exp3"
"5c7f489defd9e20015751167",13,20,5.5,20,"average",20,"exp3"
"5c7f489defd9e20015751167",14,10,5.9464274989274,10,"average",10,"exp3"
"5c7f489defd9e20015751167",15,10,5.9464274989274,10,"average",10,"exp3"
"5c7f489defd9e20015751167",16,2,4,2,"average",2,"exp3"
"5c7f489defd9e20015751167",17,20,5.5,20,"average",20,"exp3"
"5c7f489defd9e20015751167",18,2,4,2,"average",2,"exp3"
"5c7f489defd9e20015751167",19,20,5.5,20,"average",20,"exp3"
"5c7f489defd9e20015751167",20,10,5.9464274989274,10,"average",10,"exp3"
"5c7f489defd9e20015751167",21,20,5.5,20,"average",20,"exp3"
"5c7f489defd9e20015751167",22,10,5.9464274989274,10,"average",10,"exp3"
"5c7f489defd9e20015751167",23,2,4,2,"average",2,"exp3"
"5c7f489defd9e20015751167",24,20,5.5,20,"average",20,"exp3"
"5c7f489defd9e20015751167",25,20,5.5,20,"average",20,"exp3"
"5c7f489defd9e20015751167",26,10,5.9464274989274,10,"average",10,"exp3"
"5c7f489defd9e20015751167",27,10,5.9464274989274,10,"average",10,"exp3"
"5c7f489defd9e20015751167",28,10,5.9464274989274,10,"average",10,"exp3"
"5c7f489defd9e20015751167",29,20,5.5,20,"average",20,"exp3"
"5c7f489defd9e20015751167",30,10,5.9464274989274,10,"average",10,"exp3"
"5c7f489defd9e20015751167",31,20,5.5,20,"average",20,"exp3"
"5c7f489defd9e20015751167",32,20,5.5,20,"average",20,"exp3"
"5c7f489defd9e20015751167",33,10,5.9464274989274,10,"average",10,"exp3"
"5c7f489defd9e20015751167",34,20,5.5,20,"average",20,"exp3"
"5c7f489defd9e20015751167",35,10,5.9464274989274,10,"average",10,"exp3"
"5c7f489defd9e20015751167",36,20,5.5,20,"average",20,"exp3"
"5c7f489defd9e20015751167",37,2,4,2,"average",2,"exp3"
"5c7f489defd9e20015751167",38,20,5.5,20,"average",20,"exp3"
"5c7f489defd9e20015751167",39,2,4,2,"average",2,"exp3"
"5c7f489defd9e20015751167",40,2,4,2,"average",2,"exp3"
"5c7f489defd9e20015751167",41,2,4,2,"average",2,"exp3"
"5c7f489defd9e20015751167",42,2,4,2,"average",2,"exp3"
"5c7f489defd9e20015751167",43,2,4,2,"average",2,"exp3"
"5c7f489defd9e20015751167",44,10,5.9464274989274,10,"average",10,"exp3"
"5c7f489defd9e20015751167",45,20,5.5,20,"average",20,"exp3"
"5c7f489defd9e20015751167",46,10,5.9464274989274,10,"average",10,"exp3"
"5c7f489defd9e20015751167",47,2,4,2,"average",2,"exp3"
"5c7f489defd9e20015751167",48,10,5.9464274989274,10,"average",10,"exp3"
"5c7f489defd9e20015751167",49,10,5.9464274989274,10,"average",10,"exp3"
"5c7f489defd9e20015751167",50,2,4,2,"average",2,"exp3"
"5c7f489defd9e20015751167",51,20,5.5,20,"average",20,"exp3"
"5c7f489defd9e20015751167",52,2,4,2,"average",2,"exp3"
"5c7f489defd9e20015751167",53,2,4,2,"average",2,"exp3"
"5c7f489defd9e20015751167",54,2,4,2,"average",2,"exp3"
"5c7f489defd9e20015751167",55,10,5.9464274989274,10,"average",10,"exp3"
"5c7f489defd9e20015751167",56,20,5.5,20,"average",20,"exp3"
"5c7f489defd9e20015751167",57,20,5.5,20,"average",20,"exp3"
"5c7f489defd9e20015751167",58,2,4,2,"average",2,"exp3"
"5c7f489defd9e20015751167",59,10,5.9464274989274,10,"average",10,"exp3"
"5c7f489defd9e20015751167",60,2,4,2,"average",2,"exp3"
"5c7f489defd9e20015751167",61,20,5.5,20,"average",20,"exp3"
"5c7f489defd9e20015751167",62,10,5.9464274989274,10,"average",10,"exp3"
"5c7f489defd9e20015751167",63,10,5.9464274989274,10,"average",10,"exp3"
"5c7f489defd9e20015751167",64,20,5.5,20,"average",20,"exp3"
"5c7f489defd9e20015751167",65,2,4,2,"average",2,"exp3"
"5c7f489defd9e20015751167",66,20,5.5,20,"average",20,"exp3"
"5c7f489defd9e20015751167",67,2,4,2,"average",2,"exp3"
"5c7f489defd9e20015751167",68,10,5.9464274989274,10,"average",10,"exp3"
"5c7f489defd9e20015751167",69,20,5.5,20,"average",20,"exp3"
"5c7f489defd9e20015751167",70,10,5.9464274989274,10,"average",10,"exp3"
"5c7f489defd9e20015751167",71,2,4,2,"average",2,"exp3"
"5c7f489defd9e20015751167",72,10,5.9464274989274,10,"average",10,"exp3"
"5c7f489defd9e20015751167",73,20,5.5,20,"average",20,"exp3"
"5c7f489defd9e20015751167",74,10,5.9464274989274,10,"average",10,"exp3"
"5c7f489defd9e20015751167",75,20,5.5,20,"average",20,"exp3"
"5c7f489defd9e20015751167",76,2,4,2,"average",2,"exp3"
"5c7f489defd9e20015751167",77,20,5.5,20,"average",20,"exp3"
"5c7f489defd9e20015751167",78,20,5.5,20,"average",20,"exp3"
"5c7f489defd9e20015751167",79,20,5.5,20,"average",20,"exp3"
"5c7f489defd9e20015751167",80,10,5.9464274989274,10,"average",10,"exp3"
"5c7f489defd9e20015751167",81,2,4,2,"average",2,"exp3"
"5c7f489defd9e20015751167",82,2,4,2,"average",2,"exp3"
"5c7f489defd9e20015751167",83,10,5.9464274989274,10,"average",10,"exp3"
"5c7f489defd9e20015751167",84,20,5.5,20,"average",20,"exp3"
"5c7f489defd9e20015751167",85,20,5.5,20,"average",20,"exp3"
"5c7f489defd9e20015751167",86,10,5.9464274989274,10,"average",10,"exp3"
"5c7f489defd9e20015751167",87,2,4,2,"average",2,"exp3"
"5c7f489defd9e20015751167",88,10,5.9464274989274,10,"average",10,"exp3"
"5c7f489defd9e20015751167",89,10,5.9464274989274,10,"average",10,"exp3"
"5c7f489defd9e20015751167",90,20,5.5,20,"average",20,"exp3"
"5c7f489defd9e20015751167",91,10,5.9464274989274,10,"average",10,"exp3"
"5c7f489defd9e20015751167",92,10,5.9464274989274,10,"average",10,"exp3"
"5c7f489defd9e20015751167",93,2,4,2,"average",2,"exp3"
"5c7f489defd9e20015751167",94,20,5.5,20,"average",20,"exp3"
"5c7f489defd9e20015751167",95,10,5.9464274989274,10,"average",10,"exp3"
"5c7f489defd9e20015751167",96,10,5.9464274989274,10,"average",10,"exp3"
"5c7f489defd9e20015751167",97,20,5.5,20,"average",20,"exp3"
"5c7f489defd9e20015751167",98,2,4,2,"average",2,"exp3"
"5c7f489defd9e20015751167",99,2,4,2,"average",2,"exp3"
"5c7f489defd9e20015751167",100,2,4,2,"average",2,"exp3"
"5c7f489defd9e20015751167",101,2,4,2,"average",2,"exp3"
"5c7f489defd9e20015751167",102,2,4,2,"average",2,"exp3"
"5c7f489defd9e20015751167",103,2,4,2,"average",2,"exp3"
"5c7f489defd9e20015751167",104,10,5.9464274989274,10,"average",10,"exp3"
"5c7f489defd9e20015751167",105,20,5.5,20,"average",20,"exp3"
"5c7f489defd9e20015751167",106,2,4,2,"average",2,"exp3"
"5c7f489defd9e20015751167",107,20,5.5,20,"average",20,"exp3"
"5c7f489defd9e20015751167",108,2,4,2,"average",2,"exp3"
"6784912ccf5664bd1c08be9f",2,2,3,2,"average",2,"exp3"
"6784912ccf5664bd1c08be9f",6,10,5.80430874437258,10,"average",10,"exp3"
"6784912ccf5664bd1c08be9f",7,10,5.30659966456864,10,"average",10,"exp3"
"6784912ccf5664bd1c08be9f",11,2,3,2,"average",2,"exp3"
"6784912ccf5664bd1c08be9f",13,2,4,2,"average",2,"exp3"
"6784912ccf5664bd1c08be9f",14,10,5.9464274989274,10,"average",10,"exp3"
"6784912ccf5664bd1c08be9f",15,2,4,2,"average",2,"exp3"
"6784912ccf5664bd1c08be9f",16,10,5.9464274989274,10,"average",10,"exp3"
"6784912ccf5664bd1c08be9f",17,10,5.9464274989274,10,"average",10,"exp3"
"6784912ccf5664bd1c08be9f",18,20,5.5,20,"average",20,"exp3"
"6784912ccf5664bd1c08be9f",19,10,5.9464274989274,10,"average",10,"exp3"
"6784912ccf5664bd1c08be9f",20,2,4,2,"average",2,"exp3"
"6784912ccf5664bd1c08be9f",21,10,5.9464274989274,10,"average",10,"exp3"
"6784912ccf5664bd1c08be9f",22,10,5.9464274989274,10,"average",10,"exp3"
"6784912ccf5664bd1c08be9f",23,20,5.5,20,"average",20,"exp3"
"6784912ccf5664bd1c08be9f",24,10,5.9464274989274,10,"average",10,"exp3"
"6784912ccf5664bd1c08be9f",25,2,4,2,"average",2,"exp3"
"6784912ccf5664bd1c08be9f",26,10,5.9464274989274,10,"average",10,"exp3"
"6784912ccf5664bd1c08be9f",27,2,4,2,"average",2,"exp3"
"6784912ccf5664bd1c08be9f",28,20,5.5,20,"average",20,"exp3"
"6784912ccf5664bd1c08be9f",29,20,5.5,20,"average",20,"exp3"
"6784912ccf5664bd1c08be9f",30,2,4,2,"average",2,"exp3"
"6784912ccf5664bd1c08be9f",31,20,5.5,20,"average",20,"exp3"
"6784912ccf5664bd1c08be9f",32,20,5.5,20,"average",20,"exp3"
"6784912ccf5664bd1c08be9f",33,2,4,2,"average",2,"exp3"
"6784912ccf5664bd1c08be9f",34,2,4,2,"average",2,"exp3"
"6784912ccf5664bd1c08be9f",35,10,5.9464274989274,10,"average",10,"exp3"
"6784912ccf5664bd1c08be9f",36,2,4,2,"average",2,"exp3"
"6784912ccf5664bd1c08be9f",37,20,5.5,20,"average",20,"exp3"
"6784912ccf5664bd1c08be9f",38,10,5.9464274989274,10,"average",10,"exp3"
"6784912ccf5664bd1c08be9f",39,10,5.9464274989274,10,"average",10,"exp3"
"6784912ccf5664bd1c08be9f",40,10,5.9464274989274,10,"average",10,"exp3"
"6784912ccf5664bd1c08be9f",41,2,4,2,"average",2,"exp3"
"6784912ccf5664bd1c08be9f",42,20,5.5,20,"average",20,"exp3"
"6784912ccf5664bd1c08be9f",43,20,5.5,20,"average",20,"exp3"
"6784912ccf5664bd1c08be9f",44,20,5.5,20,"average",20,"exp3"
"6784912ccf5664bd1c08be9f",45,2,4,2,"average",2,"exp3"
"6784912ccf5664bd1c08be9f",46,2,4,2,"average",2,"exp3"
"6784912ccf5664bd1c08be9f",47,20,5.5,20,"average",20,"exp3"
"6784912ccf5664bd1c08be9f",48,20,5.5,20,"average",20,"exp3"
"6784912ccf5664bd1c08be9f",49,2,4,2,"average",2,"exp3"
"6784912ccf5664bd1c08be9f",50,20,5.5,20,"average",20,"exp3"
"6784912ccf5664bd1c08be9f",51,2,4,2,"average",2,"exp3"
"6784912ccf5664bd1c08be9f",52,20,5.5,20,"average",20,"exp3"
"6784912ccf5664bd1c08be9f",53,20,5.5,20,"average",20,"exp3"
"6784912ccf5664bd1c08be9f",54,10,5.9464274989274,10,"average",10,"exp3"
"6784912ccf5664bd1c08be9f",55,10,5.9464274989274,10,"average",10,"exp3"
"6784912ccf5664bd1c08be9f",56,2,4,2,"average",2,"exp3"
"6784912ccf5664bd1c08be9f",57,20,5.5,20,"average",20,"exp3"
"6784912ccf5664bd1c08be9f",58,10,5.9464274989274,10,"average",10,"exp3"
"6784912ccf5664bd1c08be9f",59,2,4,2,"average",2,"exp3"
"6784912ccf5664bd1c08be9f",60,10,5.9464274989274,10,"average",10,"exp3"
"6784912ccf5664bd1c08be9f",61,2,4,2,"average",2,"exp3"
"6784912ccf5664bd1c08be9f",62,10,5.9464274989274,10,"average",10,"exp3"
"6784912ccf5664bd1c08be9f",63,20,5.5,20,"average",20,"exp3"
"6784912ccf5664bd1c08be9f",64,2,4,2,"average",2,"exp3"
"6784912ccf5664bd1c08be9f",65,20,5.5,20,"average",20,"exp3"
"6784912ccf5664bd1c08be9f",66,2,4,2,"average",2,"exp3"
"6784912ccf5664bd1c08be9f",67,20,5.5,20,"average",20,"exp3"
"6784912ccf5664bd1c08be9f",68,10,5.9464274989274,10,"average",10,"exp3"
"6784912ccf5664bd1c08be9f",69,10,5.9464274989274,10,"average",10,"exp3"
"6784912ccf5664bd1c08be9f",70,2,4,2,"average",2,"exp3"
"6784912ccf5664bd1c08be9f",71,20,5.5,20,"average",20,"exp3"
"6784912ccf5664bd1c08be9f",72,2,4,2,"average",2,"exp3"
"6784912ccf5664bd1c08be9f",73,20,5.5,20,"average",20,"exp3"
"6784912ccf5664bd1c08be9f",74,10,5.9464274989274,10,"average",10,"exp3"
"6784912ccf5664bd1c08be9f",75,2,4,2,"average",2,"exp3"
"6784912ccf5664bd1c08be9f",76,10,5.9464274989274,10,"average",10,"exp3"
"6784912ccf5664bd1c08be9f",77,2,4,2,"average",2,"exp3"
"6784912ccf5664bd1c08be9f",78,2,4,2,"average",2,"exp3"
"6784912ccf5664bd1c08be9f",79,20,5.5,20,"average",20,"exp3"
"6784912ccf5664bd1c08be9f",80,10,5.9464274989274,10,"average",10,"exp3"
"6784912ccf5664bd1c08be9f",81,10,5.9464274989274,10,"average",10,"exp3"
"6784912ccf5664bd1c08be9f",82,10,5.9464274989274,10,"average",10,"exp3"
"6784912ccf5664bd1c08be9f",83,2,4,2,"average",2,"exp3"
"6784912ccf5664bd1c08be9f",84,2,4,2,"average",2,"exp3"
"6784912ccf5664bd1c08be9f",85,2,4,2,"average",2,"exp3"
"6784912ccf5664bd1c08be9f",86,20,5.5,20,"average",20,"exp3"
"6784912ccf5664bd1c08be9f",87,20,5.5,20,"average",20,"exp3"
"6784912ccf5664bd1c08be9f",88,20,5.5,20,"average",20,"exp3"
"6784912ccf5664bd1c08be9f",89,10,5.9464274989274,10,"average",10,"exp3"
"6784912ccf5664bd1c08be9f",90,10,5.9464274989274,10,"average",10,"exp3"
"6784912ccf5664bd1c08be9f",91,2,4,2,"average",2,"exp3"
"6784912ccf5664bd1c08be9f",92,2,4,2,"average",2,"exp3"
"6784912ccf5664bd1c08be9f",93,10,5.9464274989274,10,"average",10,"exp3"
"6784912ccf5664bd1c08be9f",94,20,5.5,20,"average",20,"exp3"
"6784912ccf5664bd1c08be9f",95,10,5.9464274989274,10,"average",10,"exp3"
"6784912ccf5664bd1c08be9f",96,20,5.5,20,"average",20,"exp3"
"6784912ccf5664bd1c08be9f",97,20,5.5,20,"average",20,"exp3"
"6784912ccf5664bd1c08be9f",98,2,4,2,"average",2,"exp3"
"6784912ccf5664bd1c08be9f",99,10,5.9464274989274,10,"average",10,"exp3"
"6784912ccf5664bd1c08be9f",100,20,5.5,20,"average",20,"exp3"
"6784912ccf5664bd1c08be9f",101,10,5.9464274989274,10,"average",10,"exp3"
"6784912ccf5664bd1c08be9f",102,20,5.5,20,"average",20,"exp3"
"6784912ccf5664bd1c08be9f",103,2,4,2,"average",2,"exp3"
"6784912ccf5664bd1c08be9f",104,20,5.5,20,"average",20,"exp3"
"6784912ccf5664bd1c08be9f",105,20,5.5,20,"average",20,"exp3"
"6784912ccf5664bd1c08be9f",106,10,5.9464274989274,10,"average",10,"exp3"
"6784912ccf5664bd1c08be9f",107,10,5.9464274989274,10,"average",10,"exp3"
"6784912ccf5664bd1c08be9f",108,2,4,2,"average",2,"exp3"
"67e8e0c0be5802df7311d109",4,2,0.5,2,"average",2,"exp3"
"67e8e0c0be5802df7311d109",12,10,5.45527267879434,10,"average",10,"exp3"
"67e8e0c0be5802df7311d109",13,2,4,2,"average",2,"exp3"
"67e8e0c0be5802df7311d109",14,2,4,2,"average",2,"exp3"
"67e8e0c0be5802df7311d109",15,10,5.9464274989274,10,"average",10,"exp3"
"67e8e0c0be5802df7311d109",16,10,5.9464274989274,10,"average",10,"exp3"
"67e8e0c0be5802df7311d109",17,20,5.5,20,"average",20,"exp3"
"67e8e0c0be5802df7311d109",18,2,4,2,"average",2,"exp3"
"67e8e0c0be5802df7311d109",19,2,4,2,"average",2,"exp3"
"67e8e0c0be5802df7311d109",20,10,5.9464274989274,10,"average",10,"exp3"
"67e8e0c0be5802df7311d109",21,20,5.5,20,"average",20,"exp3"
"67e8e0c0be5802df7311d109",22,2,4,2,"average",2,"exp3"
"67e8e0c0be5802df7311d109",23,2,4,2,"average",2,"exp3"
"67e8e0c0be5802df7311d109",24,10,5.9464274989274,10,"average",10,"exp3"
"67e8e0c0be5802df7311d109",25,20,5.5,20,"average",20,"exp3"
"67e8e0c0be5802df7311d109",26,2,4,2,"average",2,"exp3"
"67e8e0c0be5802df7311d109",27,2,4,2,"average",2,"exp3"
"67e8e0c0be5802df7311d109",28,2,4,2,"average",2,"exp3"
"67e8e0c0be5802df7311d109",29,20,5.5,20,"average",20,"exp3"
"67e8e0c0be5802df7311d109",30,10,5.9464274989274,10,"average",10,"exp3"
"67e8e0c0be5802df7311d109",31,2,4,2,"average",2,"exp3"
"67e8e0c0be5802df7311d109",32,20,5.5,20,"average",20,"exp3"
"67e8e0c0be5802df7311d109",33,10,5.9464274989274,10,"average",10,"exp3"
"67e8e0c0be5802df7311d109",34,10,5.9464274989274,10,"average",10,"exp3"
"67e8e0c0be5802df7311d109",35,20,5.5,20,"average",20,"exp3"
"67e8e0c0be5802df7311d109",36,2,4,2,"average",2,"exp3"
"67e8e0c0be5802df7311d109",37,2,4,2,"average",2,"exp3"
"67e8e0c0be5802df7311d109",38,10,5.9464274989274,10,"average",10,"exp3"
"67e8e0c0be5802df7311d109",39,2,4,2,"average",2,"exp3"
"67e8e0c0be5802df7311d109",40,20,5.5,20,"average",20,"exp3"
"67e8e0c0be5802df7311d109",41,20,5.5,20,"average",20,"exp3"
"67e8e0c0be5802df7311d109",42,10,5.9464274989274,10,"average",10,"exp3"
"67e8e0c0be5802df7311d109",43,10,5.9464274989274,10,"average",10,"exp3"
"67e8e0c0be5802df7311d109",44,2,4,2,"average",2,"exp3"
"67e8e0c0be5802df7311d109",45,2,4,2,"average",2,"exp3"
"67e8e0c0be5802df7311d109",46,20,5.5,20,"average",20,"exp3"
"67e8e0c0be5802df7311d109",47,10,5.9464274989274,10,"average",10,"exp3"
"67e8e0c0be5802df7311d109",48,2,4,2,"average",2,"exp3"
"67e8e0c0be5802df7311d109",49,10,5.9464274989274,10,"average",10,"exp3"
"67e8e0c0be5802df7311d109",50,10,5.9464274989274,10,"average",10,"exp3"
"67e8e0c0be5802df7311d109",51,20,5.5,20,"average",20,"exp3"
"67e8e0c0be5802df7311d109",52,20,5.5,20,"average",20,"exp3"
"67e8e0c0be5802df7311d109",53,20,5.5,20,"average",20,"exp3"
"67e8e0c0be5802df7311d109",54,10,5.9464274989274,10,"average",10,"exp3"
"67e8e0c0be5802df7311d109",55,10,5.9464274989274,10,"average",10,"exp3"
"67e8e0c0be5802df7311d109",56,20,5.5,20,"average",20,"exp3"
"67e8e0c0be5802df7311d109",57,20,5.5,20,"average",20,"exp3"
"67e8e0c0be5802df7311d109",58,10,5.9464274989274,10,"average",10,"exp3"
"67e8e0c0be5802df7311d109",59,20,5.5,20,"average",20,"exp3"
"67e8e0c0be5802df7311d109",60,20,5.5,20,"average",20,"exp3"
"67e8e0c0be5802df7311d109",61,2,4,2,"average",2,"exp3"
"67e8e0c0be5802df7311d109",62,2,4,2,"average",2,"exp3"
"67e8e0c0be5802df7311d109",63,10,5.9464274989274,10,"average",10,"exp3"
"67e8e0c0be5802df7311d109",64,20,5.5,20,"average",20,"exp3"
"67e8e0c0be5802df7311d109",65,10,5.9464274989274,10,"average",10,"exp3"
"67e8e0c0be5802df7311d109",66,2,4,2,"average",2,"exp3"
"67e8e0c0be5802df7311d109",67,2,4,2,"average",2,"exp3"
"67e8e0c0be5802df7311d109",68,2,4,2,"average",2,"exp3"
"67e8e0c0be5802df7311d109",69,2,4,2,"average",2,"exp3"
"67e8e0c0be5802df7311d109",70,10,5.9464274989274,10,"average",10,"exp3"
"67e8e0c0be5802df7311d109",71,20,5.5,20,"average",20,"exp3"
"67e8e0c0be5802df7311d109",72,20,5.5,20,"average",20,"exp3"
"67e8e0c0be5802df7311d109",73,10,5.9464274989274,10,"average",10,"exp3"
"67e8e0c0be5802df7311d109",74,10,5.9464274989274,10,"average",10,"exp3"
"67e8e0c0be5802df7311d109",75,10,5.9464274989274,10,"average",10,"exp3"
"67e8e0c0be5802df7311d109",76,2,4,2,"average",2,"exp3"
"67e8e0c0be5802df7311d109",77,2,4,2,"average",2,"exp3"
"67e8e0c0be5802df7311d109",78,10,5.9464274989274,10,"average",10,"exp3"
"67e8e0c0be5802df7311d109",79,10,5.9464274989274,10,"average",10,"exp3"
"67e8e0c0be5802df7311d109",80,2,4,2,"average",2,"exp3"
"67e8e0c0be5802df7311d109",81,10,5.9464274989274,10,"average",10,"exp3"
"67e8e0c0be5802df7311d109",82,2,4,2,"average",2,"exp3"
"67e8e0c0be5802df7311d109",83,10,5.9464274989274,10,"average",10,"exp3"
"67e8e0c0be5802df7311d109",84,2,4,2,"average",2,"exp3"
"67e8e0c0be5802df7311d109",85,20,5.5,20,"average",20,"exp3"
"67e8e0c0be5802df7311d109",86,2,4,2,"average",2,"exp3"
"67e8e0c0be5802df7311d109",87,20,5.5,20,"average",20,"exp3"
"67e8e0c0be5802df7311d109",88,20,5.5,20,"average",20,"exp3"
"67e8e0c0be5802df7311d109",89,10,5.9464274989274,10,"average",10,"exp3"
"67e8e0c0be5802df7311d109",90,20,5.5,20,"average",20,"exp3"
"67e8e0c0be5802df7311d109",91,20,5.5,20,"average",20,"exp3"
"67e8e0c0be5802df7311d109",92,10,5.9464274989274,10,"average",10,"exp3"
"67e8e0c0be5802df7311d109",93,10,5.9464274989274,10,"average",10,"exp3"
"67e8e0c0be5802df7311d109",94,20,5.5,20,"average",20,"exp3"
"67e8e0c0be5802df7311d109",95,2,4,2,"average",2,"exp3"
"67e8e0c0be5802df7311d109",96,2,4,2,"average",2,"exp3"
"67e8e0c0be5802df7311d109",97,10,5.9464274989274,10,"average",10,"exp3"
"67e8e0c0be5802df7311d109",98,10,5.9464274989274,10,"average",10,"exp3"
"67e8e0c0be5802df7311d109",99,20,5.5,20,"average",20,"exp3"
"67e8e0c0be5802df7311d109",100,2,4,2,"average",2,"exp3"
"67e8e0c0be5802df7311d109",101,20,5.5,20,"average",20,"exp3"
"67e8e0c0be5802df7311d109",102,10,5.9464274989274,10,"average",10,"exp3"
"67e8e0c0be5802df7311d109",103,20,5.5,20,"average",20,"exp3"
"67e8e0c0be5802df7311d109",104,20,5.5,20,"average",20,"exp3"
"67e8e0c0be5802df7311d109",105,20,5.5,20,"average",20,"exp3"
"67e8e0c0be5802df7311d109",106,20,5.5,20,"average",20,"exp3"
"67e8e0c0be5802df7311d109",107,2,4,2,"average",2,"exp3"
"67e8e0c0be5802df7311d109",108,20,5.5,20,"average",20,"exp3"
"63dab0380b8791f9560fd329",4,2,1.5,2,"average",2,"exp3"
"63dab0380b8791f9560fd329",13,10,5.9464274989274,10,"average",10,"exp3"
"63dab0380b8791f9560fd329",14,20,5.5,20,"average",20,"exp3"
"63dab0380b8791f9560fd329",15,2,4,2,"average",2,"exp3"
"63dab0380b8791f9560fd329",16,2,4,2,"average",2,"exp3"
"63dab0380b8791f9560fd329",17,20,5.5,20,"average",20,"exp3"
"63dab0380b8791f9560fd329",18,2,4,2,"average",2,"exp3"
"63dab0380b8791f9560fd329",19,20,5.5,20,"average",20,"exp3"
"63dab0380b8791f9560fd329",20,10,5.9464274989274,10,"average",10,"exp3"
"63dab0380b8791f9560fd329",21,10,5.9464274989274,10,"average",10,"exp3"
"63dab0380b8791f9560fd329",22,2,4,2,"average",2,"exp3"
"63dab0380b8791f9560fd329",23,20,5.5,20,"average",20,"exp3"
"63dab0380b8791f9560fd329",24,2,4,2,"average",2,"exp3"
"63dab0380b8791f9560fd329",25,2,4,2,"average",2,"exp3"
"63dab0380b8791f9560fd329",26,2,4,2,"average",2,"exp3"
"63dab0380b8791f9560fd329",27,10,5.9464274989274,10,"average",10,"exp3"
"63dab0380b8791f9560fd329",28,2,4,2,"average",2,"exp3"
"63dab0380b8791f9560fd329",29,2,4,2,"average",2,"exp3"
"63dab0380b8791f9560fd329",30,20,5.5,20,"average",20,"exp3"
"63dab0380b8791f9560fd329",31,10,5.9464274989274,10,"average",10,"exp3"
"63dab0380b8791f9560fd329",32,20,5.5,20,"average",20,"exp3"
"63dab0380b8791f9560fd329",33,10,5.9464274989274,10,"average",10,"exp3"
"63dab0380b8791f9560fd329",34,2,4,2,"average",2,"exp3"
"63dab0380b8791f9560fd329",35,10,5.9464274989274,10,"average",10,"exp3"
"63dab0380b8791f9560fd329",36,10,5.9464274989274,10,"average",10,"exp3"
"63dab0380b8791f9560fd329",37,20,5.5,20,"average",20,"exp3"
"63dab0380b8791f9560fd329",38,2,4,2,"average",2,"exp3"
"63dab0380b8791f9560fd329",39,20,5.5,20,"average",20,"exp3"
"63dab0380b8791f9560fd329",40,2,4,2,"average",2,"exp3"
"63dab0380b8791f9560fd329",41,20,5.5,20,"average",20,"exp3"
"63dab0380b8791f9560fd329",42,20,5.5,20,"average",20,"exp3"
"63dab0380b8791f9560fd329",43,20,5.5,20,"average",20,"exp3"
"63dab0380b8791f9560fd329",44,10,5.9464274989274,10,"average",10,"exp3"
"63dab0380b8791f9560fd329",45,10,5.9464274989274,10,"average",10,"exp3"
"63dab0380b8791f9560fd329",46,20,5.5,20,"average",20,"exp3"
"63dab0380b8791f9560fd329",47,10,5.9464274989274,10,"average",10,"exp3"
"63dab0380b8791f9560fd329",48,20,5.5,20,"average",20,"exp3"
"63dab0380b8791f9560fd329",49,2,4,2,"average",2,"exp3"
"63dab0380b8791f9560fd329",50,2,4,2,"average",2,"exp3"
"63dab0380b8791f9560fd329",51,10,5.9464274989274,10,"average",10,"exp3"
"63dab0380b8791f9560fd329",52,2,4,2,"average",2,"exp3"
"63dab0380b8791f9560fd329",53,10,5.9464274989274,10,"average",10,"exp3"
"63dab0380b8791f9560fd329",54,10,5.9464274989274,10,"average",10,"exp3"
"63dab0380b8791f9560fd329",55,10,5.9464274989274,10,"average",10,"exp3"
"63dab0380b8791f9560fd329",56,2,4,2,"average",2,"exp3"
"63dab0380b8791f9560fd329",57,20,5.5,20,"average",20,"exp3"
"63dab0380b8791f9560fd329",58,20,5.5,20,"average",20,"exp3"
"63dab0380b8791f9560fd329",59,10,5.9464274989274,10,"average",10,"exp3"
"63dab0380b8791f9560fd329",60,20,5.5,20,"average",20,"exp3"
"63dab0380b8791f9560fd329",61,2,4,2,"average",2,"exp3"
"63dab0380b8791f9560fd329",62,2,4,2,"average",2,"exp3"
"63dab0380b8791f9560fd329",63,10,5.9464274989274,10,"average",10,"exp3"
"63dab0380b8791f9560fd329",64,2,4,2,"average",2,"exp3"
"63dab0380b8791f9560fd329",65,2,4,2,"average",2,"exp3"
"63dab0380b8791f9560fd329",66,10,5.9464274989274,10,"average",10,"exp3"
"63dab0380b8791f9560fd329",67,20,5.5,20,"average",20,"exp3"
"63dab0380b8791f9560fd329",68,20,5.5,20,"average",20,"exp3"
"63dab0380b8791f9560fd329",69,20,5.5,20,"average",20,"exp3"
"63dab0380b8791f9560fd329",70,20,5.5,20,"average",20,"exp3"
"63dab0380b8791f9560fd329",71,10,5.9464274989274,10,"average",10,"exp3"
"63dab0380b8791f9560fd329",72,20,5.5,20,"average",20,"exp3"
"63dab0380b8791f9560fd329",73,10,5.9464274989274,10,"average",10,"exp3"
"63dab0380b8791f9560fd329",74,2,4,2,"average",2,"exp3"
"63dab0380b8791f9560fd329",75,20,5.5,20,"average",20,"exp3"
"63dab0380b8791f9560fd329",76,10,5.9464274989274,10,"average",10,"exp3"
"63dab0380b8791f9560fd329",77,2,4,2,"average",2,"exp3"
"63dab0380b8791f9560fd329",78,10,5.9464274989274,10,"average",10,"exp3"
"63dab0380b8791f9560fd329",79,10,5.9464274989274,10,"average",10,"exp3"
"63dab0380b8791f9560fd329",80,20,5.5,20,"average",20,"exp3"
"63dab0380b8791f9560fd329",81,20,5.5,20,"average",20,"exp3"
"63dab0380b8791f9560fd329",82,2,4,2,"average",2,"exp3"
"63dab0380b8791f9560fd329",83,20,5.5,20,"average",20,"exp3"
"63dab0380b8791f9560fd329",84,2,4,2,"average",2,"exp3"
"63dab0380b8791f9560fd329",85,20,5.5,20,"average",20,"exp3"
"63dab0380b8791f9560fd329",86,10,5.9464274989274,10,"average",10,"exp3"
"63dab0380b8791f9560fd329",87,20,5.5,20,"average",20,"exp3"
"63dab0380b8791f9560fd329",88,2,4,2,"average",2,"exp3"
"63dab0380b8791f9560fd329",89,20,5.5,20,"average",20,"exp3"
"63dab0380b8791f9560fd329",90,2,4,2,"average",2,"exp3"
"63dab0380b8791f9560fd329",91,2,4,2,"average",2,"exp3"
"63dab0380b8791f9560fd329",92,2,4,2,"average",2,"exp3"
"63dab0380b8791f9560fd329",93,10,5.9464274989274,10,"average",10,"exp3"
"63dab0380b8791f9560fd329",94,2,4,2,"average",2,"exp3"
"63dab0380b8791f9560fd329",95,10,5.9464274989274,10,"average",10,"exp3"
"63dab0380b8791f9560fd329",96,20,5.5,20,"average",20,"exp3"
"63dab0380b8791f9560fd329",97,10,5.9464274989274,10,"average",10,"exp3"
"63dab0380b8791f9560fd329",98,2,4,2,"average",2,"exp3"
"63dab0380b8791f9560fd329",99,2,4,2,"average",2,"exp3"
"63dab0380b8791f9560fd329",100,20,5.5,20,"average",20,"exp3"
"63dab0380b8791f9560fd329",101,10,5.9464274989274,10,"average",10,"exp3"
"63dab0380b8791f9560fd329",102,10,5.9464274989274,10,"average",10,"exp3"
"63dab0380b8791f9560fd329",103,20,5.5,20,"average",20,"exp3"
"63dab0380b8791f9560fd329",104,10,5.9464274989274,10,"average",10,"exp3"
"63dab0380b8791f9560fd329",105,2,4,2,"average",2,"exp3"
"63dab0380b8791f9560fd329",106,20,5.5,20,"average",20,"exp3"
"63dab0380b8791f9560fd329",107,10,5.9464274989274,10,"average",10,"exp3"
"63dab0380b8791f9560fd329",108,10,5.9464274989274,10,"average",10,"exp3"
"6631a9caa7ecf621ae2ad49f",4,10,7.28628849277875,10,"average",10,"exp3"
"6631a9caa7ecf621ae2ad49f",6,10,5.93380147965872,10,"average",10,"exp3"
"6631a9caa7ecf621ae2ad49f",12,10,3.89358446678636,10,"average",10,"exp3"
"6631a9caa7ecf621ae2ad49f",13,20,5.5,20,"average",20,"exp3"
"6631a9caa7ecf621ae2ad49f",14,2,4,2,"average",2,"exp3"
"6631a9caa7ecf621ae2ad49f",15,2,4,2,"average",2,"exp3"
"6631a9caa7ecf621ae2ad49f",16,10,5.9464274989274,10,"average",10,"exp3"
"6631a9caa7ecf621ae2ad49f",17,20,5.5,20,"average",20,"exp3"
"6631a9caa7ecf621ae2ad49f",18,10,5.9464274989274,10,"average",10,"exp3"
"6631a9caa7ecf621ae2ad49f",19,10,5.9464274989274,10,"average",10,"exp3"
"6631a9caa7ecf621ae2ad49f",20,20,5.5,20,"average",20,"exp3"
"6631a9caa7ecf621ae2ad49f",21,10,5.9464274989274,10,"average",10,"exp3"
"6631a9caa7ecf621ae2ad49f",22,2,4,2,"average",2,"exp3"
"6631a9caa7ecf621ae2ad49f",23,2,4,2,"average",2,"exp3"
"6631a9caa7ecf621ae2ad49f",24,10,5.9464274989274,10,"average",10,"exp3"
"6631a9caa7ecf621ae2ad49f",25,2,4,2,"average",2,"exp3"
"6631a9caa7ecf621ae2ad49f",26,20,5.5,20,"average",20,"exp3"
"6631a9caa7ecf621ae2ad49f",27,2,4,2,"average",2,"exp3"
"6631a9caa7ecf621ae2ad49f",28,10,5.9464274989274,10,"average",10,"exp3"
"6631a9caa7ecf621ae2ad49f",29,10,5.9464274989274,10,"average",10,"exp3"
"6631a9caa7ecf621ae2ad49f",30,2,4,2,"average",2,"exp3"
"6631a9caa7ecf621ae2ad49f",31,10,5.9464274989274,10,"average",10,"exp3"
"6631a9caa7ecf621ae2ad49f",32,10,5.9464274989274,10,"average",10,"exp3"
"6631a9caa7ecf621ae2ad49f",33,2,4,2,"average",2,"exp3"
"6631a9caa7ecf621ae2ad49f",34,2,4,2,"average",2,"exp3"
"6631a9caa7ecf621ae2ad49f",35,20,5.5,20,"average",20,"exp3"
"6631a9caa7ecf621ae2ad49f",36,2,4,2,"average",2,"exp3"
"6631a9caa7ecf621ae2ad49f",37,2,4,2,"average",2,"exp3"
"6631a9caa7ecf621ae2ad49f",38,10,5.9464274989274,10,"average",10,"exp3"
"6631a9caa7ecf621ae2ad49f",39,10,5.9464274989274,10,"average",10,"exp3"
"6631a9caa7ecf621ae2ad49f",40,2,4,2,"average",2,"exp3"
"6631a9caa7ecf621ae2ad49f",41,10,5.9464274989274,10,"average",10,"exp3"
"6631a9caa7ecf621ae2ad49f",42,10,5.9464274989274,10,"average",10,"exp3"
"6631a9caa7ecf621ae2ad49f",43,20,5.5,20,"average",20,"exp3"
"6631a9caa7ecf621ae2ad49f",44,20,5.5,20,"average",20,"exp3"
"6631a9caa7ecf621ae2ad49f",45,20,5.5,20,"average",20,"exp3"
"6631a9caa7ecf621ae2ad49f",46,2,4,2,"average",2,"exp3"
"6631a9caa7ecf621ae2ad49f",47,20,5.5,20,"average",20,"exp3"
"6631a9caa7ecf621ae2ad49f",48,20,5.5,20,"average",20,"exp3"
"6631a9caa7ecf621ae2ad49f",49,10,5.9464274989274,10,"average",10,"exp3"
"6631a9caa7ecf621ae2ad49f",50,20,5.5,20,"average",20,"exp3"
"6631a9caa7ecf621ae2ad49f",51,20,5.5,20,"average",20,"exp3"
"6631a9caa7ecf621ae2ad49f",52,2,4,2,"average",2,"exp3"
"6631a9caa7ecf621ae2ad49f",53,2,4,2,"average",2,"exp3"
"6631a9caa7ecf621ae2ad49f",54,10,5.9464274989274,10,"average",10,"exp3"
"6631a9caa7ecf621ae2ad49f",55,2,4,2,"average",2,"exp3"
"6631a9caa7ecf621ae2ad49f",56,20,5.5,20,"average",20,"exp3"
"6631a9caa7ecf621ae2ad49f",57,20,5.5,20,"average",20,"exp3"
"6631a9caa7ecf621ae2ad49f",58,20,5.5,20,"average",20,"exp3"
"6631a9caa7ecf621ae2ad49f",59,20,5.5,20,"average",20,"exp3"
"6631a9caa7ecf621ae2ad49f",60,10,5.9464274989274,10,"average",10,"exp3"
"6631a9caa7ecf621ae2ad49f",61,20,5.5,20,"average",20,"exp3"
"6631a9caa7ecf621ae2ad49f",62,10,5.9464274989274,10,"average",10,"exp3"
"6631a9caa7ecf621ae2ad49f",63,20,5.5,20,"average",20,"exp3"
"6631a9caa7ecf621ae2ad49f",64,10,5.9464274989274,10,"average",10,"exp3"
"6631a9caa7ecf621ae2ad49f",65,2,4,2,"average",2,"exp3"
"6631a9caa7ecf621ae2ad49f",66,20,5.5,20,"average",20,"exp3"
"6631a9caa7ecf621ae2ad49f",67,10,5.9464274989274,10,"average",10,"exp3"
"6631a9caa7ecf621ae2ad49f",68,2,4,2,"average",2,"exp3"
"6631a9caa7ecf621ae2ad49f",69,20,5.5,20,"average",20,"exp3"
"6631a9caa7ecf621ae2ad49f",70,10,5.9464274989274,10,"average",10,"exp3"
"6631a9caa7ecf621ae2ad49f",71,2,4,2,"average",2,"exp3"
"6631a9caa7ecf621ae2ad49f",72,10,5.9464274989274,10,"average",10,"exp3"
"6631a9caa7ecf621ae2ad49f",73,2,4,2,"average",2,"exp3"
"6631a9caa7ecf621ae2ad49f",74,2,4,2,"average",2,"exp3"
"6631a9caa7ecf621ae2ad49f",75,20,5.5,20,"average",20,"exp3"
"6631a9caa7ecf621ae2ad49f",76,2,4,2,"average",2,"exp3"
"6631a9caa7ecf621ae2ad49f",77,20,5.5,20,"average",20,"exp3"
"6631a9caa7ecf621ae2ad49f",78,20,5.5,20,"average",20,"exp3"
"6631a9caa7ecf621ae2ad49f",79,10,5.9464274989274,10,"average",10,"exp3"
"6631a9caa7ecf621ae2ad49f",80,20,5.5,20,"average",20,"exp3"
"6631a9caa7ecf621ae2ad49f",81,2,4,2,"average",2,"exp3"
"6631a9caa7ecf621ae2ad49f",82,10,5.9464274989274,10,"average",10,"exp3"
"6631a9caa7ecf621ae2ad49f",83,20,5.5,20,"average",20,"exp3"
"6631a9caa7ecf621ae2ad49f",84,10,5.9464274989274,10,"average",10,"exp3"
"6631a9caa7ecf621ae2ad49f",85,10,5.9464274989274,10,"average",10,"exp3"
"6631a9caa7ecf621ae2ad49f",86,10,5.9464274989274,10,"average",10,"exp3"
"6631a9caa7ecf621ae2ad49f",87,20,5.5,20,"average",20,"exp3"
"6631a9caa7ecf621ae2ad49f",88,10,5.9464274989274,10,"average",10,"exp3"
"6631a9caa7ecf621ae2ad49f",89,20,5.5,20,"average",20,"exp3"
"6631a9caa7ecf621ae2ad49f",90,2,4,2,"average",2,"exp3"
"6631a9caa7ecf621ae2ad49f",91,2,4,2,"average",2,"exp3"
"6631a9caa7ecf621ae2ad49f",92,10,5.9464274989274,10,"average",10,"exp3"
"6631a9caa7ecf621ae2ad49f",93,20,5.5,20,"average",20,"exp3"
"6631a9caa7ecf621ae2ad49f",94,2,4,2,"average",2,"exp3"
"6631a9caa7ecf621ae2ad49f",95,10,5.9464274989274,10,"average",10,"exp3"
"6631a9caa7ecf621ae2ad49f",96,20,5.5,20,"average",20,"exp3"
"6631a9caa7ecf621ae2ad49f",97,20,5.5,20,"average",20,"exp3"
"6631a9caa7ecf621ae2ad49f",98,2,4,2,"average",2,"exp3"
"6631a9caa7ecf621ae2ad49f",99,2,4,2,"average",2,"exp3"
"6631a9caa7ecf621ae2ad49f",100,10,5.9464274989274,10,"average",10,"exp3"
"6631a9caa7ecf621ae2ad49f",101,2,4,2,"average",2,"exp3"
"6631a9caa7ecf621ae2ad49f",102,20,5.5,20,"average",20,"exp3"
"6631a9caa7ecf621ae2ad49f",103,2,4,2,"average",2,"exp3"
"6631a9caa7ecf621ae2ad49f",104,10,5.9464274989274,10,"average",10,"exp3"
"6631a9caa7ecf621ae2ad49f",105,10,5.9464274989274,10,"average",10,"exp3"
"6631a9caa7ecf621ae2ad49f",106,20,5.5,20,"average",20,"exp3"
"6631a9caa7ecf621ae2ad49f",107,2,4,2,"average",2,"exp3"
"6631a9caa7ecf621ae2ad49f",108,2,4,2,"average",2,"exp3"
"631a9f635762d2b83a53202b",1,10,5.27257053058563,10,"average",10,"exp3"
"631a9f635762d2b83a53202b",8,2,4,2,"average",2,"exp3"
"631a9f635762d2b83a53202b",11,10,6.06630035524124,10,"average",10,"exp3"
"631a9f635762d2b83a53202b",12,2,3.5,2,"average",2,"exp3"
"631a9f635762d2b83a53202b",13,10,5.9464274989274,10,"average",10,"exp3"
"631a9f635762d2b83a53202b",14,10,5.9464274989274,10,"average",10,"exp3"
"631a9f635762d2b83a53202b",15,10,5.9464274989274,10,"average",10,"exp3"
"631a9f635762d2b83a53202b",16,20,5.5,20,"average",20,"exp3"
"631a9f635762d2b83a53202b",17,2,4,2,"average",2,"exp3"
"631a9f635762d2b83a53202b",18,20,5.5,20,"average",20,"exp3"
"631a9f635762d2b83a53202b",19,20,5.5,20,"average",20,"exp3"
"631a9f635762d2b83a53202b",20,20,5.5,20,"average",20,"exp3"
"631a9f635762d2b83a53202b",21,10,5.9464274989274,10,"average",10,"exp3"
"631a9f635762d2b83a53202b",22,2,4,2,"average",2,"exp3"
"631a9f635762d2b83a53202b",23,10,5.9464274989274,10,"average",10,"exp3"
"631a9f635762d2b83a53202b",24,20,5.5,20,"average",20,"exp3"
"631a9f635762d2b83a53202b",25,20,5.5,20,"average",20,"exp3"
"631a9f635762d2b83a53202b",26,10,5.9464274989274,10,"average",10,"exp3"
"631a9f635762d2b83a53202b",27,2,4,2,"average",2,"exp3"
"631a9f635762d2b83a53202b",28,2,4,2,"average",2,"exp3"
"631a9f635762d2b83a53202b",29,2,4,2,"average",2,"exp3"
"631a9f635762d2b83a53202b",30,10,5.9464274989274,10,"average",10,"exp3"
"631a9f635762d2b83a53202b",31,20,5.5,20,"average",20,"exp3"
"631a9f635762d2b83a53202b",32,2,4,2,"average",2,"exp3"
"631a9f635762d2b83a53202b",33,20,5.5,20,"average",20,"exp3"
"631a9f635762d2b83a53202b",34,20,5.5,20,"average",20,"exp3"
"631a9f635762d2b83a53202b",35,2,4,2,"average",2,"exp3"
"631a9f635762d2b83a53202b",36,20,5.5,20,"average",20,"exp3"
"631a9f635762d2b83a53202b",37,2,4,2,"average",2,"exp3"
"631a9f635762d2b83a53202b",38,10,5.9464274989274,10,"average",10,"exp3"
"631a9f635762d2b83a53202b",39,2,4,2,"average",2,"exp3"
"631a9f635762d2b83a53202b",40,10,5.9464274989274,10,"average",10,"exp3"
"631a9f635762d2b83a53202b",41,20,5.5,20,"average",20,"exp3"
"631a9f635762d2b83a53202b",42,2,4,2,"average",2,"exp3"
"631a9f635762d2b83a53202b",43,2,4,2,"average",2,"exp3"
"631a9f635762d2b83a53202b",44,10,5.9464274989274,10,"average",10,"exp3"
"631a9f635762d2b83a53202b",45,20,5.5,20,"average",20,"exp3"
"631a9f635762d2b83a53202b",46,2,4,2,"average",2,"exp3"
"631a9f635762d2b83a53202b",47,10,5.9464274989274,10,"average",10,"exp3"
"631a9f635762d2b83a53202b",48,10,5.9464274989274,10,"average",10,"exp3"
"631a9f635762d2b83a53202b",49,10,5.9464274989274,10,"average",10,"exp3"
"631a9f635762d2b83a53202b",50,2,4,2,"average",2,"exp3"
"631a9f635762d2b83a53202b",51,2,4,2,"average",2,"exp3"
"631a9f635762d2b83a53202b",52,20,5.5,20,"average",20,"exp3"
"631a9f635762d2b83a53202b",53,2,4,2,"average",2,"exp3"
"631a9f635762d2b83a53202b",54,10,5.9464274989274,10,"average",10,"exp3"
"631a9f635762d2b83a53202b",55,10,5.9464274989274,10,"average",10,"exp3"
"631a9f635762d2b83a53202b",56,20,5.5,20,"average",20,"exp3"
"631a9f635762d2b83a53202b",57,20,5.5,20,"average",20,"exp3"
"631a9f635762d2b83a53202b",58,20,5.5,20,"average",20,"exp3"
"631a9f635762d2b83a53202b",59,2,4,2,"average",2,"exp3"
"631a9f635762d2b83a53202b",60,10,5.9464274989274,10,"average",10,"exp3"
"631a9f635762d2b83a53202b",61,2,4,2,"average",2,"exp3"
"631a9f635762d2b83a53202b",62,10,5.9464274989274,10,"average",10,"exp3"
"631a9f635762d2b83a53202b",63,2,4,2,"average",2,"exp3"
"631a9f635762d2b83a53202b",64,20,5.5,20,"average",20,"exp3"
"631a9f635762d2b83a53202b",65,2,4,2,"average",2,"exp3"
"631a9f635762d2b83a53202b",66,20,5.5,20,"average",20,"exp3"
"631a9f635762d2b83a53202b",67,2,4,2,"average",2,"exp3"
"631a9f635762d2b83a53202b",68,20,5.5,20,"average",20,"exp3"
"631a9f635762d2b83a53202b",69,2,4,2,"average",2,"exp3"
"631a9f635762d2b83a53202b",70,2,4,2,"average",2,"exp3"
"631a9f635762d2b83a53202b",71,20,5.5,20,"average",20,"exp3"
"631a9f635762d2b83a53202b",72,2,4,2,"average",2,"exp3"
"631a9f635762d2b83a53202b",73,10,5.9464274989274,10,"average",10,"exp3"
"631a9f635762d2b83a53202b",74,10,5.9464274989274,10,"average",10,"exp3"
"631a9f635762d2b83a53202b",75,2,4,2,"average",2,"exp3"
"631a9f635762d2b83a53202b",76,20,5.5,20,"average",20,"exp3"
"631a9f635762d2b83a53202b",77,10,5.9464274989274,10,"average",10,"exp3"
"631a9f635762d2b83a53202b",78,2,4,2,"average",2,"exp3"
"631a9f635762d2b83a53202b",79,2,4,2,"average",2,"exp3"
"631a9f635762d2b83a53202b",80,10,5.9464274989274,10,"average",10,"exp3"
"631a9f635762d2b83a53202b",81,10,5.9464274989274,10,"average",10,"exp3"
"631a9f635762d2b83a53202b",82,10,5.9464274989274,10,"average",10,"exp3"
"631a9f635762d2b83a53202b",83,20,5.5,20,"average",20,"exp3"
"631a9f635762d2b83a53202b",84,2,4,2,"average",2,"exp3"
"631a9f635762d2b83a53202b",85,20,5.5,20,"average",20,"exp3"
"631a9f635762d2b83a53202b",86,10,5.9464274989274,10,"average",10,"exp3"
"631a9f635762d2b83a53202b",87,2,4,2,"average",2,"exp3"
"631a9f635762d2b83a53202b",88,2,4,2,"average",2,"exp3"
"631a9f635762d2b83a53202b",89,10,5.9464274989274,10,"average",10,"exp3"
"631a9f635762d2b83a53202b",90,20,5.5,20,"average",20,"exp3"
"631a9f635762d2b83a53202b",91,20,5.5,20,"average",20,"exp3"
"631a9f635762d2b83a53202b",92,20,5.5,20,"average",20,"exp3"
"631a9f635762d2b83a53202b",93,2,4,2,"average",2,"exp3"
"631a9f635762d2b83a53202b",94,2,4,2,"average",2,"exp3"
"631a9f635762d2b83a53202b",95,10,5.9464274989274,10,"average",10,"exp3"
"631a9f635762d2b83a53202b",96,20,5.5,20,"average",20,"exp3"
"631a9f635762d2b83a53202b",97,20,5.5,20,"average",20,"exp3"
"631a9f635762d2b83a53202b",98,10,5.9464274989274,10,"average",10,"exp3"
"631a9f635762d2b83a53202b",99,10,5.9464274989274,10,"average",10,"exp3"
"631a9f635762d2b83a53202b",100,10,5.9464274989274,10,"average",10,"exp3"
"631a9f635762d2b83a53202b",101,10,5.9464274989274,10,"average",10,"exp3"
"631a9f635762d2b83a53202b",102,20,5.5,20,"average",20,"exp3"
"631a9f635762d2b83a53202b",103,2,4,2,"average",2,"exp3"
"631a9f635762d2b83a53202b",104,20,5.5,20,"average",20,"exp3"
"631a9f635762d2b83a53202b",105,20,5.5,20,"average",20,"exp3"
"631a9f635762d2b83a53202b",106,10,5.9464274989274,10,"average",10,"exp3"
"631a9f635762d2b83a53202b",107,10,5.9464274989274,10,"average",10,"exp3"
"631a9f635762d2b83a53202b",108,20,5.5,20,"average",20,"exp3"
"61074792728f0f9e791ad083",3,2,6.5,2,"average",2,"exp3"
"61074792728f0f9e791ad083",10,10,6.6332495807108,10,"average",10,"exp3"
"61074792728f0f9e791ad083",13,10,5.9464274989274,10,"average",10,"exp3"
"61074792728f0f9e791ad083",14,20,5.5,20,"average",20,"exp3"
"61074792728f0f9e791ad083",15,20,5.5,20,"average",20,"exp3"
"61074792728f0f9e791ad083",16,20,5.5,20,"average",20,"exp3"
"61074792728f0f9e791ad083",17,20,5.5,20,"average",20,"exp3"
"61074792728f0f9e791ad083",18,10,5.9464274989274,10,"average",10,"exp3"
"61074792728f0f9e791ad083",19,2,4,2,"average",2,"exp3"
"61074792728f0f9e791ad083",20,20,5.5,20,"average",20,"exp3"
"61074792728f0f9e791ad083",21,2,4,2,"average",2,"exp3"
"61074792728f0f9e791ad083",22,20,5.5,20,"average",20,"exp3"
"61074792728f0f9e791ad083",23,10,5.9464274989274,10,"average",10,"exp3"
"61074792728f0f9e791ad083",24,2,4,2,"average",2,"exp3"
"61074792728f0f9e791ad083",25,20,5.5,20,"average",20,"exp3"
"61074792728f0f9e791ad083",26,10,5.9464274989274,10,"average",10,"exp3"
"61074792728f0f9e791ad083",27,2,4,2,"average",2,"exp3"
"61074792728f0f9e791ad083",28,10,5.9464274989274,10,"average",10,"exp3"
"61074792728f0f9e791ad083",29,10,5.9464274989274,10,"average",10,"exp3"
"61074792728f0f9e791ad083",30,10,5.9464274989274,10,"average",10,"exp3"
"61074792728f0f9e791ad083",31,10,5.9464274989274,10,"average",10,"exp3"
"61074792728f0f9e791ad083",32,2,4,2,"average",2,"exp3"
"61074792728f0f9e791ad083",33,2,4,2,"average",2,"exp3"
"61074792728f0f9e791ad083",34,20,5.5,20,"average",20,"exp3"
"61074792728f0f9e791ad083",35,2,4,2,"average",2,"exp3"
"61074792728f0f9e791ad083",36,2,4,2,"average",2,"exp3"
"61074792728f0f9e791ad083",37,2,4,2,"average",2,"exp3"
"61074792728f0f9e791ad083",38,10,5.9464274989274,10,"average",10,"exp3"
"61074792728f0f9e791ad083",39,2,4,2,"average",2,"exp3"
"61074792728f0f9e791ad083",40,2,4,2,"average",2,"exp3"
"61074792728f0f9e791ad083",41,20,5.5,20,"average",20,"exp3"
"61074792728f0f9e791ad083",42,10,5.9464274989274,10,"average",10,"exp3"
"61074792728f0f9e791ad083",43,20,5.5,20,"average",20,"exp3"
"61074792728f0f9e791ad083",44,2,4,2,"average",2,"exp3"
"61074792728f0f9e791ad083",45,20,5.5,20,"average",20,"exp3"
"61074792728f0f9e791ad083",46,2,4,2,"average",2,"exp3"
"61074792728f0f9e791ad083",47,10,5.9464274989274,10,"average",10,"exp3"
"61074792728f0f9e791ad083",48,20,5.5,20,"average",20,"exp3"
"61074792728f0f9e791ad083",49,2,4,2,"average",2,"exp3"
"61074792728f0f9e791ad083",50,2,4,2,"average",2,"exp3"
"61074792728f0f9e791ad083",51,2,4,2,"average",2,"exp3"
"61074792728f0f9e791ad083",52,10,5.9464274989274,10,"average",10,"exp3"
"61074792728f0f9e791ad083",53,20,5.5,20,"average",20,"exp3"
"61074792728f0f9e791ad083",54,20,5.5,20,"average",20,"exp3"
"61074792728f0f9e791ad083",55,10,5.9464274989274,10,"average",10,"exp3"
"61074792728f0f9e791ad083",56,10,5.9464274989274,10,"average",10,"exp3"
"61074792728f0f9e791ad083",57,10,5.9464274989274,10,"average",10,"exp3"
"61074792728f0f9e791ad083",58,20,5.5,20,"average",20,"exp3"
"61074792728f0f9e791ad083",59,10,5.9464274989274,10,"average",10,"exp3"
"61074792728f0f9e791ad083",60,20,5.5,20,"average",20,"exp3"
"61074792728f0f9e791ad083",61,2,4,2,"average",2,"exp3"
"61074792728f0f9e791ad083",62,20,5.5,20,"average",20,"exp3"
"61074792728f0f9e791ad083",63,2,4,2,"average",2,"exp3"
"61074792728f0f9e791ad083",64,2,4,2,"average",2,"exp3"
"61074792728f0f9e791ad083",65,2,4,2,"average",2,"exp3"
"61074792728f0f9e791ad083",66,2,4,2,"average",2,"exp3"
"61074792728f0f9e791ad083",67,10,5.9464274989274,10,"average",10,"exp3"
"61074792728f0f9e791ad083",68,10,5.9464274989274,10,"average",10,"exp3"
"61074792728f0f9e791ad083",69,20,5.5,20,"average",20,"exp3"
"61074792728f0f9e791ad083",70,20,5.5,20,"average",20,"exp3"
"61074792728f0f9e791ad083",71,20,5.5,20,"average",20,"exp3"
"61074792728f0f9e791ad083",72,10,5.9464274989274,10,"average",10,"exp3"
"61074792728f0f9e791ad083",73,20,5.5,20,"average",20,"exp3"
"61074792728f0f9e791ad083",74,2,4,2,"average",2,"exp3"
"61074792728f0f9e791ad083",75,2,4,2,"average",2,"exp3"
"61074792728f0f9e791ad083",76,2,4,2,"average",2,"exp3"
"61074792728f0f9e791ad083",77,20,5.5,20,"average",20,"exp3"
"61074792728f0f9e791ad083",78,10,5.9464274989274,10,"average",10,"exp3"
"61074792728f0f9e791ad083",79,2,4,2,"average",2,"exp3"
"61074792728f0f9e791ad083",80,2,4,2,"average",2,"exp3"
"61074792728f0f9e791ad083",81,10,5.9464274989274,10,"average",10,"exp3"
"61074792728f0f9e791ad083",82,10,5.9464274989274,10,"average",10,"exp3"
"61074792728f0f9e791ad083",83,10,5.9464274989274,10,"average",10,"exp3"
"61074792728f0f9e791ad083",84,20,5.5,20,"average",20,"exp3"
"61074792728f0f9e791ad083",85,10,5.9464274989274,10,"average",10,"exp3"
"61074792728f0f9e791ad083",86,20,5.5,20,"average",20,"exp3"
"61074792728f0f9e791ad083",87,2,4,2,"average",2,"exp3"
"61074792728f0f9e791ad083",88,20,5.5,20,"average",20,"exp3"
"61074792728f0f9e791ad083",89,20,5.5,20,"average",20,"exp3"
"61074792728f0f9e791ad083",90,10,5.9464274989274,10,"average",10,"exp3"
"61074792728f0f9e791ad083",91,20,5.5,20,"average",20,"exp3"
"61074792728f0f9e791ad083",92,20,5.5,20,"average",20,"exp3"
"61074792728f0f9e791ad083",93,10,5.9464274989274,10,"average",10,"exp3"
"61074792728f0f9e791ad083",94,20,5.5,20,"average",20,"exp3"
"61074792728f0f9e791ad083",95,20,5.5,20,"average",20,"exp3"
"61074792728f0f9e791ad083",96,10,5.9464274989274,10,"average",10,"exp3"
"61074792728f0f9e791ad083",97,20,5.5,20,"average",20,"exp3"
"61074792728f0f9e791ad083",98,2,4,2,"average",2,"exp3"
"61074792728f0f9e791ad083",99,2,4,2,"average",2,"exp3"
"61074792728f0f9e791ad083",100,10,5.9464274989274,10,"average",10,"exp3"
"61074792728f0f9e791ad083",101,2,4,2,"average",2,"exp3"
"61074792728f0f9e791ad083",102,2,4,2,"average",2,"exp3"
"61074792728f0f9e791ad083",103,2,4,2,"average",2,"exp3"
"61074792728f0f9e791ad083",104,10,5.9464274989274,10,"average",10,"exp3"
"61074792728f0f9e791ad083",105,10,5.9464274989274,10,"average",10,"exp3"
"61074792728f0f9e791ad083",106,10,5.9464274989274,10,"average",10,"exp3"
"61074792728f0f9e791ad083",107,20,5.5,20,"average",20,"exp3"
"61074792728f0f9e791ad083",108,10,5.9464274989274,10,"average",10,"exp3"
"62e97dfea1a1ef00cb9f0b10",2,10,6.4621977685614,10,"average",10,"exp3"
"62e97dfea1a1ef00cb9f0b10",6,2,2.5,2,"average",2,"exp3"
"62e97dfea1a1ef00cb9f0b10",7,10,6.24819974072532,10,"average",10,"exp3"
"62e97dfea1a1ef00cb9f0b10",13,20,5.5,20,"average",20,"exp3"
"62e97dfea1a1ef00cb9f0b10",14,10,5.9464274989274,10,"average",10,"exp3"
"62e97dfea1a1ef00cb9f0b10",15,2,4,2,"average",2,"exp3"
"62e97dfea1a1ef00cb9f0b10",16,2,4,2,"average",2,"exp3"
"62e97dfea1a1ef00cb9f0b10",17,10,5.9464274989274,10,"average",10,"exp3"
"62e97dfea1a1ef00cb9f0b10",18,20,5.5,20,"average",20,"exp3"
"62e97dfea1a1ef00cb9f0b10",19,20,5.5,20,"average",20,"exp3"
"62e97dfea1a1ef00cb9f0b10",20,2,4,2,"average",2,"exp3"
"62e97dfea1a1ef00cb9f0b10",21,20,5.5,20,"average",20,"exp3"
"62e97dfea1a1ef00cb9f0b10",22,20,5.5,20,"average",20,"exp3"
"62e97dfea1a1ef00cb9f0b10",23,2,4,2,"average",2,"exp3"
"62e97dfea1a1ef00cb9f0b10",24,2,4,2,"average",2,"exp3"
"62e97dfea1a1ef00cb9f0b10",25,2,4,2,"average",2,"exp3"
"62e97dfea1a1ef00cb9f0b10",26,20,5.5,20,"average",20,"exp3"
"62e97dfea1a1ef00cb9f0b10",27,2,4,2,"average",2,"exp3"
"62e97dfea1a1ef00cb9f0b10",28,2,4,2,"average",2,"exp3"
"62e97dfea1a1ef00cb9f0b10",29,20,5.5,20,"average",20,"exp3"
"62e97dfea1a1ef00cb9f0b10",30,2,4,2,"average",2,"exp3"
"62e97dfea1a1ef00cb9f0b10",31,10,5.9464274989274,10,"average",10,"exp3"
"62e97dfea1a1ef00cb9f0b10",32,10,5.9464274989274,10,"average",10,"exp3"
"62e97dfea1a1ef00cb9f0b10",33,20,5.5,20,"average",20,"exp3"
"62e97dfea1a1ef00cb9f0b10",34,20,5.5,20,"average",20,"exp3"
"62e97dfea1a1ef00cb9f0b10",35,20,5.5,20,"average",20,"exp3"
"62e97dfea1a1ef00cb9f0b10",36,10,5.9464274989274,10,"average",10,"exp3"
"62e97dfea1a1ef00cb9f0b10",37,10,5.9464274989274,10,"average",10,"exp3"
"62e97dfea1a1ef00cb9f0b10",38,2,4,2,"average",2,"exp3"
"62e97dfea1a1ef00cb9f0b10",39,10,5.9464274989274,10,"average",10,"exp3"
"62e97dfea1a1ef00cb9f0b10",40,20,5.5,20,"average",20,"exp3"
"62e97dfea1a1ef00cb9f0b10",41,2,4,2,"average",2,"exp3"
"62e97dfea1a1ef00cb9f0b10",42,20,5.5,20,"average",20,"exp3"
"62e97dfea1a1ef00cb9f0b10",43,10,5.9464274989274,10,"average",10,"exp3"
"62e97dfea1a1ef00cb9f0b10",44,2,4,2,"average",2,"exp3"
"62e97dfea1a1ef00cb9f0b10",45,10,5.9464274989274,10,"average",10,"exp3"
"62e97dfea1a1ef00cb9f0b10",46,20,5.5,20,"average",20,"exp3"
"62e97dfea1a1ef00cb9f0b10",47,10,5.9464274989274,10,"average",10,"exp3"
"62e97dfea1a1ef00cb9f0b10",48,10,5.9464274989274,10,"average",10,"exp3"
"62e97dfea1a1ef00cb9f0b10",49,2,4,2,"average",2,"exp3"
"62e97dfea1a1ef00cb9f0b10",50,10,5.9464274989274,10,"average",10,"exp3"
"62e97dfea1a1ef00cb9f0b10",51,10,5.9464274989274,10,"average",10,"exp3"
"62e97dfea1a1ef00cb9f0b10",52,20,5.5,20,"average",20,"exp3"
"62e97dfea1a1ef00cb9f0b10",53,10,5.9464274989274,10,"average",10,"exp3"
"62e97dfea1a1ef00cb9f0b10",54,2,4,2,"average",2,"exp3"
"62e97dfea1a1ef00cb9f0b10",55,20,5.5,20,"average",20,"exp3"
"62e97dfea1a1ef00cb9f0b10",56,20,5.5,20,"average",20,"exp3"
"62e97dfea1a1ef00cb9f0b10",57,10,5.9464274989274,10,"average",10,"exp3"
"62e97dfea1a1ef00cb9f0b10",58,2,4,2,"average",2,"exp3"
"62e97dfea1a1ef00cb9f0b10",59,2,4,2,"average",2,"exp3"
"62e97dfea1a1ef00cb9f0b10",60,10,5.9464274989274,10,"average",10,"exp3"
"62e97dfea1a1ef00cb9f0b10",61,10,5.9464274989274,10,"average",10,"exp3"
"62e97dfea1a1ef00cb9f0b10",62,2,4,2,"average",2,"exp3"
"62e97dfea1a1ef00cb9f0b10",63,2,4,2,"average",2,"exp3"
"62e97dfea1a1ef00cb9f0b10",64,10,5.9464274989274,10,"average",10,"exp3"
"62e97dfea1a1ef00cb9f0b10",65,20,5.5,20,"average",20,"exp3"
"62e97dfea1a1ef00cb9f0b10",66,20,5.5,20,"average",20,"exp3"
"62e97dfea1a1ef00cb9f0b10",67,20,5.5,20,"average",20,"exp3"
"62e97dfea1a1ef00cb9f0b10",68,20,5.5,20,"average",20,"exp3"
"62e97dfea1a1ef00cb9f0b10",69,20,5.5,20,"average",20,"exp3"
"62e97dfea1a1ef00cb9f0b10",70,20,5.5,20,"average",20,"exp3"
"62e97dfea1a1ef00cb9f0b10",71,10,5.9464274989274,10,"average",10,"exp3"
"62e97dfea1a1ef00cb9f0b10",72,2,4,2,"average",2,"exp3"
"62e97dfea1a1ef00cb9f0b10",73,10,5.9464274989274,10,"average",10,"exp3"
"62e97dfea1a1ef00cb9f0b10",74,10,5.9464274989274,10,"average",10,"exp3"
"62e97dfea1a1ef00cb9f0b10",75,10,5.9464274989274,10,"average",10,"exp3"
"62e97dfea1a1ef00cb9f0b10",76,2,4,2,"average",2,"exp3"
"62e97dfea1a1ef00cb9f0b10",77,10,5.9464274989274,10,"average",10,"exp3"
"62e97dfea1a1ef00cb9f0b10",78,10,5.9464274989274,10,"average",10,"exp3"
"62e97dfea1a1ef00cb9f0b10",79,2,4,2,"average",2,"exp3"
"62e97dfea1a1ef00cb9f0b10",80,2,4,2,"average",2,"exp3"
"62e97dfea1a1ef00cb9f0b10",81,2,4,2,"average",2,"exp3"
"62e97dfea1a1ef00cb9f0b10",82,20,5.5,20,"average",20,"exp3"
"62e97dfea1a1ef00cb9f0b10",83,10,5.9464274989274,10,"average",10,"exp3"
"62e97dfea1a1ef00cb9f0b10",84,20,5.5,20,"average",20,"exp3"
"62e97dfea1a1ef00cb9f0b10",85,10,5.9464274989274,10,"average",10,"exp3"
"62e97dfea1a1ef00cb9f0b10",86,20,5.5,20,"average",20,"exp3"
"62e97dfea1a1ef00cb9f0b10",87,2,4,2,"average",2,"exp3"
"62e97dfea1a1ef00cb9f0b10",88,2,4,2,"average",2,"exp3"
"62e97dfea1a1ef00cb9f0b10",89,10,5.9464274989274,10,"average",10,"exp3"
"62e97dfea1a1ef00cb9f0b10",90,20,5.5,20,"average",20,"exp3"
"62e97dfea1a1ef00cb9f0b10",91,10,5.9464274989274,10,"average",10,"exp3"
"62e97dfea1a1ef00cb9f0b10",92,20,5.5,20,"average",20,"exp3"
"62e97dfea1a1ef00cb9f0b10",93,2,4,2,"average",2,"exp3"
"62e97dfea1a1ef00cb9f0b10",94,10,5.9464274989274,10,"average",10,"exp3"
"62e97dfea1a1ef00cb9f0b10",95,2,4,2,"average",2,"exp3"
"62e97dfea1a1ef00cb9f0b10",96,20,5.5,20,"average",20,"exp3"
"62e97dfea1a1ef00cb9f0b10",97,2,4,2,"average",2,"exp3"
"62e97dfea1a1ef00cb9f0b10",98,2,4,2,"average",2,"exp3"
"62e97dfea1a1ef00cb9f0b10",99,2,4,2,"average",2,"exp3"
"62e97dfea1a1ef00cb9f0b10",100,20,5.5,20,"average",20,"exp3"
"62e97dfea1a1ef00cb9f0b10",101,20,5.5,20,"average",20,"exp3"
"62e97dfea1a1ef00cb9f0b10",102,2,4,2,"average",2,"exp3"
"62e97dfea1a1ef00cb9f0b10",103,20,5.5,20,"average",20,"exp3"
"62e97dfea1a1ef00cb9f0b10",104,10,5.9464274989274,10,"average",10,"exp3"
"62e97dfea1a1ef00cb9f0b10",105,2,4,2,"average",2,"exp3"
"62e97dfea1a1ef00cb9f0b10",106,10,5.9464274989274,10,"average",10,"exp3"
"62e97dfea1a1ef00cb9f0b10",107,10,5.9464274989274,10,"average",10,"exp3"
"62e97dfea1a1ef00cb9f0b10",108,20,5.5,20,"average",20,"exp3"
"64509bfcd8d8b7e61f801e95",3,10,6.05061980296234,10,"average",10,"exp3"
"64509bfcd8d8b7e61f801e95",4,2,2,2,"average",2,"exp3"
"64509bfcd8d8b7e61f801e95",6,2,5,2,"average",2,"exp3"
"64509bfcd8d8b7e61f801e95",8,10,5.67890834580027,10,"average",10,"exp3"
"64509bfcd8d8b7e61f801e95",12,10,5.99666574022598,10,"average",10,"exp3"
"64509bfcd8d8b7e61f801e95",13,2,4,2,"average",2,"exp3"
"64509bfcd8d8b7e61f801e95",14,10,5.9464274989274,10,"average",10,"exp3"
"64509bfcd8d8b7e61f801e95",15,20,5.5,20,"average",20,"exp3"
"64509bfcd8d8b7e61f801e95",16,10,5.9464274989274,10,"average",10,"exp3"
"64509bfcd8d8b7e61f801e95",17,2,4,2,"average",2,"exp3"
"64509bfcd8d8b7e61f801e95",18,20,5.5,20,"average",20,"exp3"
"64509bfcd8d8b7e61f801e95",19,10,5.9464274989274,10,"average",10,"exp3"
"64509bfcd8d8b7e61f801e95",20,10,5.9464274989274,10,"average",10,"exp3"
"64509bfcd8d8b7e61f801e95",21,10,5.9464274989274,10,"average",10,"exp3"
"64509bfcd8d8b7e61f801e95",22,10,5.9464274989274,10,"average",10,"exp3"
"64509bfcd8d8b7e61f801e95",23,20,5.5,20,"average",20,"exp3"
"64509bfcd8d8b7e61f801e95",24,2,4,2,"average",2,"exp3"
"64509bfcd8d8b7e61f801e95",25,20,5.5,20,"average",20,"exp3"
"64509bfcd8d8b7e61f801e95",26,2,4,2,"average",2,"exp3"
"64509bfcd8d8b7e61f801e95",27,20,5.5,20,"average",20,"exp3"
"64509bfcd8d8b7e61f801e95",28,10,5.9464274989274,10,"average",10,"exp3"
"64509bfcd8d8b7e61f801e95",29,20,5.5,20,"average",20,"exp3"
"64509bfcd8d8b7e61f801e95",30,20,5.5,20,"average",20,"exp3"
"64509bfcd8d8b7e61f801e95",31,2,4,2,"average",2,"exp3"
"64509bfcd8d8b7e61f801e95",32,2,4,2,"average",2,"exp3"
"64509bfcd8d8b7e61f801e95",33,10,5.9464274989274,10,"average",10,"exp3"
"64509bfcd8d8b7e61f801e95",34,2,4,2,"average",2,"exp3"
"64509bfcd8d8b7e61f801e95",35,20,5.5,20,"average",20,"exp3"
"64509bfcd8d8b7e61f801e95",36,10,5.9464274989274,10,"average",10,"exp3"
"64509bfcd8d8b7e61f801e95",37,10,5.9464274989274,10,"average",10,"exp3"
"64509bfcd8d8b7e61f801e95",38,10,5.9464274989274,10,"average",10,"exp3"
"64509bfcd8d8b7e61f801e95",39,10,5.9464274989274,10,"average",10,"exp3"
"64509bfcd8d8b7e61f801e95",40,2,4,2,"average",2,"exp3"
"64509bfcd8d8b7e61f801e95",41,2,4,2,"average",2,"exp3"
"64509bfcd8d8b7e61f801e95",42,20,5.5,20,"average",20,"exp3"
"64509bfcd8d8b7e61f801e95",43,10,5.9464274989274,10,"average",10,"exp3"
"64509bfcd8d8b7e61f801e95",44,20,5.5,20,"average",20,"exp3"
"64509bfcd8d8b7e61f801e95",45,2,4,2,"average",2,"exp3"
"64509bfcd8d8b7e61f801e95",46,2,4,2,"average",2,"exp3"
"64509bfcd8d8b7e61f801e95",47,10,5.9464274989274,10,"average",10,"exp3"
"64509bfcd8d8b7e61f801e95",48,20,5.5,20,"average",20,"exp3"
"64509bfcd8d8b7e61f801e95",49,20,5.5,20,"average",20,"exp3"
"64509bfcd8d8b7e61f801e95",50,20,5.5,20,"average",20,"exp3"
"64509bfcd8d8b7e61f801e95",51,2,4,2,"average",2,"exp3"
"64509bfcd8d8b7e61f801e95",52,2,4,2,"average",2,"exp3"
"64509bfcd8d8b7e61f801e95",53,10,5.9464274989274,10,"average",10,"exp3"
"64509bfcd8d8b7e61f801e95",54,2,4,2,"average",2,"exp3"
"64509bfcd8d8b7e61f801e95",55,20,5.5,20,"average",20,"exp3"
"64509bfcd8d8b7e61f801e95",56,20,5.5,20,"average",20,"exp3"
"64509bfcd8d8b7e61f801e95",57,20,5.5,20,"average",20,"exp3"
"64509bfcd8d8b7e61f801e95",58,2,4,2,"average",2,"exp3"
"64509bfcd8d8b7e61f801e95",59,2,4,2,"average",2,"exp3"
"64509bfcd8d8b7e61f801e95",60,10,5.9464274989274,10,"average",10,"exp3"
"64509bfcd8d8b7e61f801e95",61,10,5.9464274989274,10,"average",10,"exp3"
"64509bfcd8d8b7e61f801e95",62,2,4,2,"average",2,"exp3"
"64509bfcd8d8b7e61f801e95",63,2,4,2,"average",2,"exp3"
"64509bfcd8d8b7e61f801e95",64,20,5.5,20,"average",20,"exp3"
"64509bfcd8d8b7e61f801e95",65,10,5.9464274989274,10,"average",10,"exp3"
"64509bfcd8d8b7e61f801e95",66,2,4,2,"average",2,"exp3"
"64509bfcd8d8b7e61f801e95",67,20,5.5,20,"average",20,"exp3"
"64509bfcd8d8b7e61f801e95",68,10,5.9464274989274,10,"average",10,"exp3"
"64509bfcd8d8b7e61f801e95",69,2,4,2,"average",2,"exp3"
"64509bfcd8d8b7e61f801e95",70,20,5.5,20,"average",20,"exp3"
"64509bfcd8d8b7e61f801e95",71,2,4,2,"average",2,"exp3"
"64509bfcd8d8b7e61f801e95",72,20,5.5,20,"average",20,"exp3"
"64509bfcd8d8b7e61f801e95",73,10,5.9464274989274,10,"average",10,"exp3"
"64509bfcd8d8b7e61f801e95",74,2,4,2,"average",2,"exp3"
"64509bfcd8d8b7e61f801e95",75,2,4,2,"average",2,"exp3"
"64509bfcd8d8b7e61f801e95",76,10,5.9464274989274,10,"average",10,"exp3"
"64509bfcd8d8b7e61f801e95",77,2,4,2,"average",2,"exp3"
"64509bfcd8d8b7e61f801e95",78,10,5.9464274989274,10,"average",10,"exp3"
"64509bfcd8d8b7e61f801e95",79,20,5.5,20,"average",20,"exp3"
"64509bfcd8d8b7e61f801e95",80,20,5.5,20,"average",20,"exp3"
"64509bfcd8d8b7e61f801e95",81,20,5.5,20,"average",20,"exp3"
"64509bfcd8d8b7e61f801e95",82,10,5.9464274989274,10,"average",10,"exp3"
"64509bfcd8d8b7e61f801e95",83,2,4,2,"average",2,"exp3"
"64509bfcd8d8b7e61f801e95",84,10,5.9464274989274,10,"average",10,"exp3"
"64509bfcd8d8b7e61f801e95",85,10,5.9464274989274,10,"average",10,"exp3"
"64509bfcd8d8b7e61f801e95",86,10,5.9464274989274,10,"average",10,"exp3"
"64509bfcd8d8b7e61f801e95",87,2,4,2,"average",2,"exp3"
"64509bfcd8d8b7e61f801e95",88,20,5.5,20,"average",20,"exp3"
"64509bfcd8d8b7e61f801e95",89,20,5.5,20,"average",20,"exp3"
"64509bfcd8d8b7e61f801e95",90,20,5.5,20,"average",20,"exp3"
"64509bfcd8d8b7e61f801e95",91,2,4,2,"average",2,"exp3"
"64509bfcd8d8b7e61f801e95",92,2,4,2,"average",2,"exp3"
"64509bfcd8d8b7e61f801e95",93,20,5.5,20,"average",20,"exp3"
"64509bfcd8d8b7e61f801e95",94,2,4,2,"average",2,"exp3"
"64509bfcd8d8b7e61f801e95",95,20,5.5,20,"average",20,"exp3"
"64509bfcd8d8b7e61f801e95",96,10,5.9464274989274,10,"average",10,"exp3"
"64509bfcd8d8b7e61f801e95",97,10,5.9464274989274,10,"average",10,"exp3"
"64509bfcd8d8b7e61f801e95",98,10,5.9464274989274,10,"average",10,"exp3"
"64509bfcd8d8b7e61f801e95",99,20,5.5,20,"average",20,"exp3"
"64509bfcd8d8b7e61f801e95",100,2,4,2,"average",2,"exp3"
"64509bfcd8d8b7e61f801e95",101,10,5.9464274989274,10,"average",10,"exp3"
"64509bfcd8d8b7e61f801e95",102,20,5.5,20,"average",20,"exp3"
"64509bfcd8d8b7e61f801e95",103,10,5.9464274989274,10,"average",10,"exp3"
"64509bfcd8d8b7e61f801e95",104,2,4,2,"average",2,"exp3"
"64509bfcd8d8b7e61f801e95",105,20,5.5,20,"average",20,"exp3"
"64509bfcd8d8b7e61f801e95",106,20,5.5,20,"average",20,"exp3"
"64509bfcd8d8b7e61f801e95",107,10,5.9464274989274,10,"average",10,"exp3"
"64509bfcd8d8b7e61f801e95",108,2,4,2,"average",2,"exp3"
"672e86a538b9e142805a426e",2,10,4.72863616701476,10,"average",10,"exp3"
"672e86a538b9e142805a426e",3,2,8,2,"average",2,"exp3"
"672e86a538b9e142805a426e",13,2,4,2,"average",2,"exp3"
"672e86a538b9e142805a426e",14,10,5.9464274989274,10,"average",10,"exp3"
"672e86a538b9e142805a426e",15,20,5.5,20,"average",20,"exp3"
"672e86a538b9e142805a426e",16,20,5.5,20,"average",20,"exp3"
"672e86a538b9e142805a426e",17,20,5.5,20,"average",20,"exp3"
"672e86a538b9e142805a426e",18,10,5.9464274989274,10,"average",10,"exp3"
"672e86a538b9e142805a426e",19,20,5.5,20,"average",20,"exp3"
"672e86a538b9e142805a426e",20,2,4,2,"average",2,"exp3"
"672e86a538b9e142805a426e",21,2,4,2,"average",2,"exp3"
"672e86a538b9e142805a426e",22,2,4,2,"average",2,"exp3"
"672e86a538b9e142805a426e",23,10,5.9464274989274,10,"average",10,"exp3"
"672e86a538b9e142805a426e",24,20,5.5,20,"average",20,"exp3"
"672e86a538b9e142805a426e",25,10,5.9464274989274,10,"average",10,"exp3"
"672e86a538b9e142805a426e",26,10,5.9464274989274,10,"average",10,"exp3"
"672e86a538b9e142805a426e",27,10,5.9464274989274,10,"average",10,"exp3"
"672e86a538b9e142805a426e",28,2,4,2,"average",2,"exp3"
"672e86a538b9e142805a426e",29,20,5.5,20,"average",20,"exp3"
"672e86a538b9e142805a426e",30,10,5.9464274989274,10,"average",10,"exp3"
"672e86a538b9e142805a426e",31,20,5.5,20,"average",20,"exp3"
"672e86a538b9e142805a426e",32,2,4,2,"average",2,"exp3"
"672e86a538b9e142805a426e",33,10,5.9464274989274,10,"average",10,"exp3"
"672e86a538b9e142805a426e",34,20,5.5,20,"average",20,"exp3"
"672e86a538b9e142805a426e",35,2,4,2,"average",2,"exp3"
"672e86a538b9e142805a426e",36,2,4,2,"average",2,"exp3"
"672e86a538b9e142805a426e",37,2,4,2,"average",2,"exp3"
"672e86a538b9e142805a426e",38,2,4,2,"average",2,"exp3"
"672e86a538b9e142805a426e",39,10,5.9464274989274,10,"average",10,"exp3"
"672e86a538b9e142805a426e",40,20,5.5,20,"average",20,"exp3"
"672e86a538b9e142805a426e",41,2,4,2,"average",2,"exp3"
"672e86a538b9e142805a426e",42,20,5.5,20,"average",20,"exp3"
"672e86a538b9e142805a426e",43,10,5.9464274989274,10,"average",10,"exp3"
"672e86a538b9e142805a426e",44,2,4,2,"average",2,"exp3"
"672e86a538b9e142805a426e",45,10,5.9464274989274,10,"average",10,"exp3"
"672e86a538b9e142805a426e",46,2,4,2,"average",2,"exp3"
"672e86a538b9e142805a426e",47,20,5.5,20,"average",20,"exp3"
"672e86a538b9e142805a426e",48,20,5.5,20,"average",20,"exp3"
"672e86a538b9e142805a426e",49,10,5.9464274989274,10,"average",10,"exp3"
"672e86a538b9e142805a426e",50,2,4,2,"average",2,"exp3"
"672e86a538b9e142805a426e",51,2,4,2,"average",2,"exp3"
"672e86a538b9e142805a426e",52,20,5.5,20,"average",20,"exp3"
"672e86a538b9e142805a426e",53,10,5.9464274989274,10,"average",10,"exp3"
"672e86a538b9e142805a426e",54,10,5.9464274989274,10,"average",10,"exp3"
"672e86a538b9e142805a426e",55,10,5.9464274989274,10,"average",10,"exp3"
"672e86a538b9e142805a426e",56,20,5.5,20,"average",20,"exp3"
"672e86a538b9e142805a426e",57,2,4,2,"average",2,"exp3"
"672e86a538b9e142805a426e",58,20,5.5,20,"average",20,"exp3"
"672e86a538b9e142805a426e",59,10,5.9464274989274,10,"average",10,"exp3"
"672e86a538b9e142805a426e",60,20,5.5,20,"average",20,"exp3"
"672e86a538b9e142805a426e",61,10,5.9464274989274,10,"average",10,"exp3"
"672e86a538b9e142805a426e",62,20,5.5,20,"average",20,"exp3"
"672e86a538b9e142805a426e",63,10,5.9464274989274,10,"average",10,"exp3"
"672e86a538b9e142805a426e",64,2,4,2,"average",2,"exp3"
"672e86a538b9e142805a426e",65,10,5.9464274989274,10,"average",10,"exp3"
"672e86a538b9e142805a426e",66,10,5.9464274989274,10,"average",10,"exp3"
"672e86a538b9e142805a426e",67,20,5.5,20,"average",20,"exp3"
"672e86a538b9e142805a426e",68,2,4,2,"average",2,"exp3"
"672e86a538b9e142805a426e",69,2,4,2,"average",2,"exp3"
"672e86a538b9e142805a426e",70,20,5.5,20,"average",20,"exp3"
"672e86a538b9e142805a426e",71,2,4,2,"average",2,"exp3"
"672e86a538b9e142805a426e",72,2,4,2,"average",2,"exp3"
"672e86a538b9e142805a426e",73,10,5.9464274989274,10,"average",10,"exp3"
"672e86a538b9e142805a426e",74,20,5.5,20,"average",20,"exp3"
"672e86a538b9e142805a426e",75,2,4,2,"average",2,"exp3"
"672e86a538b9e142805a426e",76,10,5.9464274989274,10,"average",10,"exp3"
"672e86a538b9e142805a426e",77,20,5.5,20,"average",20,"exp3"
"672e86a538b9e142805a426e",78,2,4,2,"average",2,"exp3"
"672e86a538b9e142805a426e",79,20,5.5,20,"average",20,"exp3"
"672e86a538b9e142805a426e",80,20,5.5,20,"average",20,"exp3"
"672e86a538b9e142805a426e",81,20,5.5,20,"average",20,"exp3"
"672e86a538b9e142805a426e",82,10,5.9464274989274,10,"average",10,"exp3"
"672e86a538b9e142805a426e",83,20,5.5,20,"average",20,"exp3"
"672e86a538b9e142805a426e",84,20,5.5,20,"average",20,"exp3"
"672e86a538b9e142805a426e",85,10,5.9464274989274,10,"average",10,"exp3"
"672e86a538b9e142805a426e",86,20,5.5,20,"average",20,"exp3"
"672e86a538b9e142805a426e",87,10,5.9464274989274,10,"average",10,"exp3"
"672e86a538b9e142805a426e",88,10,5.9464274989274,10,"average",10,"exp3"
"672e86a538b9e142805a426e",89,2,4,2,"average",2,"exp3"
"672e86a538b9e142805a426e",90,20,5.5,20,"average",20,"exp3"
"672e86a538b9e142805a426e",91,20,5.5,20,"average",20,"exp3"
"672e86a538b9e142805a426e",92,2,4,2,"average",2,"exp3"
"672e86a538b9e142805a426e",93,2,4,2,"average",2,"exp3"
"672e86a538b9e142805a426e",94,2,4,2,"average",2,"exp3"
"672e86a538b9e142805a426e",95,2,4,2,"average",2,"exp3"
"672e86a538b9e142805a426e",96,10,5.9464274989274,10,"average",10,"exp3"
"672e86a538b9e142805a426e",97,2,4,2,"average",2,"exp3"
"672e86a538b9e142805a426e",98,20,5.5,20,"average",20,"exp3"
"672e86a538b9e142805a426e",99,2,4,2,"average",2,"exp3"
"672e86a538b9e142805a426e",100,10,5.9464274989274,10,"average",10,"exp3"
"672e86a538b9e142805a426e",101,2,4,2,"average",2,"exp3"
"672e86a538b9e142805a426e",102,10,5.9464274989274,10,"average",10,"exp3"
"672e86a538b9e142805a426e",103,2,4,2,"average",2,"exp3"
"672e86a538b9e142805a426e",104,20,5.5,20,"average",20,"exp3"
"672e86a538b9e142805a426e",105,10,5.9464274989274,10,"average",10,"exp3"
"672e86a538b9e142805a426e",106,10,5.9464274989274,10,"average",10,"exp3"
"672e86a538b9e142805a426e",107,20,5.5,20,"average",20,"exp3"
"672e86a538b9e142805a426e",108,10,5.9464274989274,10,"average",10,"exp3"
"588f1a4f7f238e000133c03f",7,10,5.18555686498567,10,"average",10,"exp3"
"588f1a4f7f238e000133c03f",8,10,5.22398315464359,10,"average",10,"exp3"
"588f1a4f7f238e000133c03f",9,10,5.18555686498567,10,"average",10,"exp3"
"588f1a4f7f238e000133c03f",10,10,5.97996655509042,10,"average",10,"exp3"
"588f1a4f7f238e000133c03f",13,2,4,2,"average",2,"exp3"
"588f1a4f7f238e000133c03f",14,10,5.9464274989274,10,"average",10,"exp3"
"588f1a4f7f238e000133c03f",15,10,5.9464274989274,10,"average",10,"exp3"
"588f1a4f7f238e000133c03f",16,20,5.5,20,"average",20,"exp3"
"588f1a4f7f238e000133c03f",17,2,4,2,"average",2,"exp3"
"588f1a4f7f238e000133c03f",18,20,5.5,20,"average",20,"exp3"
"588f1a4f7f238e000133c03f",19,20,5.5,20,"average",20,"exp3"
"588f1a4f7f238e000133c03f",20,2,4,2,"average",2,"exp3"
"588f1a4f7f238e000133c03f",21,2,4,2,"average",2,"exp3"
"588f1a4f7f238e000133c03f",22,2,4,2,"average",2,"exp3"
"588f1a4f7f238e000133c03f",23,2,4,2,"average",2,"exp3"
"588f1a4f7f238e000133c03f",24,10,5.9464274989274,10,"average",10,"exp3"
"588f1a4f7f238e000133c03f",25,2,4,2,"average",2,"exp3"
"588f1a4f7f238e000133c03f",26,10,5.9464274989274,10,"average",10,"exp3"
"588f1a4f7f238e000133c03f",27,2,4,2,"average",2,"exp3"
"588f1a4f7f238e000133c03f",28,20,5.5,20,"average",20,"exp3"
"588f1a4f7f238e000133c03f",29,10,5.9464274989274,10,"average",10,"exp3"
"588f1a4f7f238e000133c03f",30,2,4,2,"average",2,"exp3"
"588f1a4f7f238e000133c03f",31,10,5.9464274989274,10,"average",10,"exp3"
"588f1a4f7f238e000133c03f",32,10,5.9464274989274,10,"average",10,"exp3"
"588f1a4f7f238e000133c03f",33,10,5.9464274989274,10,"average",10,"exp3"
"588f1a4f7f238e000133c03f",34,10,5.9464274989274,10,"average",10,"exp3"
"588f1a4f7f238e000133c03f",35,2,4,2,"average",2,"exp3"
"588f1a4f7f238e000133c03f",36,10,5.9464274989274,10,"average",10,"exp3"
"588f1a4f7f238e000133c03f",37,10,5.9464274989274,10,"average",10,"exp3"
"588f1a4f7f238e000133c03f",38,10,5.9464274989274,10,"average",10,"exp3"
"588f1a4f7f238e000133c03f",39,10,5.9464274989274,10,"average",10,"exp3"
"588f1a4f7f238e000133c03f",40,2,4,2,"average",2,"exp3"
"588f1a4f7f238e000133c03f",41,20,5.5,20,"average",20,"exp3"
"588f1a4f7f238e000133c03f",42,20,5.5,20,"average",20,"exp3"
"588f1a4f7f238e000133c03f",43,20,5.5,20,"average",20,"exp3"
"588f1a4f7f238e000133c03f",44,20,5.5,20,"average",20,"exp3"
"588f1a4f7f238e000133c03f",45,20,5.5,20,"average",20,"exp3"
"588f1a4f7f238e000133c03f",46,2,4,2,"average",2,"exp3"
"588f1a4f7f238e000133c03f",47,20,5.5,20,"average",20,"exp3"
"588f1a4f7f238e000133c03f",48,20,5.5,20,"average",20,"exp3"
"588f1a4f7f238e000133c03f",49,10,5.9464274989274,10,"average",10,"exp3"
"588f1a4f7f238e000133c03f",50,10,5.9464274989274,10,"average",10,"exp3"
"588f1a4f7f238e000133c03f",51,2,4,2,"average",2,"exp3"
"588f1a4f7f238e000133c03f",52,2,4,2,"average",2,"exp3"
"588f1a4f7f238e000133c03f",53,20,5.5,20,"average",20,"exp3"
"588f1a4f7f238e000133c03f",54,20,5.5,20,"average",20,"exp3"
"588f1a4f7f238e000133c03f",55,20,5.5,20,"average",20,"exp3"
"588f1a4f7f238e000133c03f",56,2,4,2,"average",2,"exp3"
"588f1a4f7f238e000133c03f",57,10,5.9464274989274,10,"average",10,"exp3"
"588f1a4f7f238e000133c03f",58,2,4,2,"average",2,"exp3"
"588f1a4f7f238e000133c03f",59,20,5.5,20,"average",20,"exp3"
"588f1a4f7f238e000133c03f",60,20,5.5,20,"average",20,"exp3"
"588f1a4f7f238e000133c03f",61,10,5.9464274989274,10,"average",10,"exp3"
"588f1a4f7f238e000133c03f",62,2,4,2,"average",2,"exp3"
"588f1a4f7f238e000133c03f",63,2,4,2,"average",2,"exp3"
"588f1a4f7f238e000133c03f",64,20,5.5,20,"average",20,"exp3"
"588f1a4f7f238e000133c03f",65,2,4,2,"average",2,"exp3"
"588f1a4f7f238e000133c03f",66,20,5.5,20,"average",20,"exp3"
"588f1a4f7f238e000133c03f",67,2,4,2,"average",2,"exp3"
"588f1a4f7f238e000133c03f",68,20,5.5,20,"average",20,"exp3"
"588f1a4f7f238e000133c03f",69,10,5.9464274989274,10,"average",10,"exp3"
"588f1a4f7f238e000133c03f",70,10,5.9464274989274,10,"average",10,"exp3"
"588f1a4f7f238e000133c03f",71,20,5.5,20,"average",20,"exp3"
"588f1a4f7f238e000133c03f",72,2,4,2,"average",2,"exp3"
"588f1a4f7f238e000133c03f",73,10,5.9464274989274,10,"average",10,"exp3"
"588f1a4f7f238e000133c03f",74,10,5.9464274989274,10,"average",10,"exp3"
"588f1a4f7f238e000133c03f",75,20,5.5,20,"average",20,"exp3"
"588f1a4f7f238e000133c03f",76,20,5.5,20,"average",20,"exp3"
"588f1a4f7f238e000133c03f",77,2,4,2,"average",2,"exp3"
"588f1a4f7f238e000133c03f",78,10,5.9464274989274,10,"average",10,"exp3"
"588f1a4f7f238e000133c03f",79,10,5.9464274989274,10,"average",10,"exp3"
"588f1a4f7f238e000133c03f",80,2,4,2,"average",2,"exp3"
"588f1a4f7f238e000133c03f",81,10,5.9464274989274,10,"average",10,"exp3"
"588f1a4f7f238e000133c03f",82,20,5.5,20,"average",20,"exp3"
"588f1a4f7f238e000133c03f",83,20,5.5,20,"average",20,"exp3"
"588f1a4f7f238e000133c03f",84,20,5.5,20,"average",20,"exp3"
"588f1a4f7f238e000133c03f",85,10,5.9464274989274,10,"average",10,"exp3"
"588f1a4f7f238e000133c03f",86,10,5.9464274989274,10,"average",10,"exp3"
"588f1a4f7f238e000133c03f",87,2,4,2,"average",2,"exp3"
"588f1a4f7f238e000133c03f",88,2,4,2,"average",2,"exp3"
"588f1a4f7f238e000133c03f",89,10,5.9464274989274,10,"average",10,"exp3"
"588f1a4f7f238e000133c03f",90,10,5.9464274989274,10,"average",10,"exp3"
"588f1a4f7f238e000133c03f",91,20,5.5,20,"average",20,"exp3"
"588f1a4f7f238e000133c03f",92,20,5.5,20,"average",20,"exp3"
"588f1a4f7f238e000133c03f",93,20,5.5,20,"average",20,"exp3"
"588f1a4f7f238e000133c03f",94,2,4,2,"average",2,"exp3"
"588f1a4f7f238e000133c03f",95,10,5.9464274989274,10,"average",10,"exp3"
"588f1a4f7f238e000133c03f",96,20,5.5,20,"average",20,"exp3"
"588f1a4f7f238e000133c03f",97,20,5.5,20,"average",20,"exp3"
"588f1a4f7f238e000133c03f",98,2,4,2,"average",2,"exp3"
"588f1a4f7f238e000133c03f",99,20,5.5,20,"average",20,"exp3"
"588f1a4f7f238e000133c03f",100,2,4,2,"average",2,"exp3"
"588f1a4f7f238e000133c03f",101,2,4,2,"average",2,"exp3"
"588f1a4f7f238e000133c03f",102,10,5.9464274989274,10,"average",10,"exp3"
"588f1a4f7f238e000133c03f",103,20,5.5,20,"average",20,"exp3"
"588f1a4f7f238e000133c03f",104,2,4,2,"average",2,"exp3"
"588f1a4f7f238e000133c03f",105,2,4,2,"average",2,"exp3"
"588f1a4f7f238e000133c03f",106,2,4,2,"average",2,"exp3"
"588f1a4f7f238e000133c03f",107,10,5.9464274989274,10,"average",10,"exp3"
"588f1a4f7f238e000133c03f",108,10,5.9464274989274,10,"average",10,"exp3"
"66707f3a4435f4e05d0940a1",1,2,2,2,"average",2,"exp3"
"66707f3a4435f4e05d0940a1",3,2,7.5,2,"average",2,"exp3"
"66707f3a4435f4e05d0940a1",7,2,0.5,2,"average",2,"exp3"
"66707f3a4435f4e05d0940a1",11,10,5.19711458407451,10,"average",10,"exp3"
"66707f3a4435f4e05d0940a1",13,10,5.9464274989274,10,"average",10,"exp3"
"66707f3a4435f4e05d0940a1",14,10,5.9464274989274,10,"average",10,"exp3"
"66707f3a4435f4e05d0940a1",15,20,5.5,20,"average",20,"exp3"
"66707f3a4435f4e05d0940a1",16,2,4,2,"average",2,"exp3"
"66707f3a4435f4e05d0940a1",17,2,4,2,"average",2,"exp3"
"66707f3a4435f4e05d0940a1",18,10,5.9464274989274,10,"average",10,"exp3"
"66707f3a4435f4e05d0940a1",19,2,4,2,"average",2,"exp3"
"66707f3a4435f4e05d0940a1",20,2,4,2,"average",2,"exp3"
"66707f3a4435f4e05d0940a1",21,2,4,2,"average",2,"exp3"
"66707f3a4435f4e05d0940a1",22,2,4,2,"average",2,"exp3"
"66707f3a4435f4e05d0940a1",23,2,4,2,"average",2,"exp3"
"66707f3a4435f4e05d0940a1",24,20,5.5,20,"average",20,"exp3"
"66707f3a4435f4e05d0940a1",25,10,5.9464274989274,10,"average",10,"exp3"
"66707f3a4435f4e05d0940a1",26,20,5.5,20,"average",20,"exp3"
"66707f3a4435f4e05d0940a1",27,20,5.5,20,"average",20,"exp3"
"66707f3a4435f4e05d0940a1",28,2,4,2,"average",2,"exp3"
"66707f3a4435f4e05d0940a1",29,20,5.5,20,"average",20,"exp3"
"66707f3a4435f4e05d0940a1",30,20,5.5,20,"average",20,"exp3"
"66707f3a4435f4e05d0940a1",31,2,4,2,"average",2,"exp3"
"66707f3a4435f4e05d0940a1",32,20,5.5,20,"average",20,"exp3"
"66707f3a4435f4e05d0940a1",33,10,5.9464274989274,10,"average",10,"exp3"
"66707f3a4435f4e05d0940a1",34,2,4,2,"average",2,"exp3"
"66707f3a4435f4e05d0940a1",35,10,5.9464274989274,10,"average",10,"exp3"
"66707f3a4435f4e05d0940a1",36,20,5.5,20,"average",20,"exp3"
"66707f3a4435f4e05d0940a1",37,20,5.5,20,"average",20,"exp3"
"66707f3a4435f4e05d0940a1",38,10,5.9464274989274,10,"average",10,"exp3"
"66707f3a4435f4e05d0940a1",39,10,5.9464274989274,10,"average",10,"exp3"
"66707f3a4435f4e05d0940a1",40,20,5.5,20,"average",20,"exp3"
"66707f3a4435f4e05d0940a1",41,10,5.9464274989274,10,"average",10,"exp3"
"66707f3a4435f4e05d0940a1",42,20,5.5,20,"average",20,"exp3"
"66707f3a4435f4e05d0940a1",43,10,5.9464274989274,10,"average",10,"exp3"
"66707f3a4435f4e05d0940a1",44,10,5.9464274989274,10,"average",10,"exp3"
"66707f3a4435f4e05d0940a1",45,20,5.5,20,"average",20,"exp3"
"66707f3a4435f4e05d0940a1",46,10,5.9464274989274,10,"average",10,"exp3"
"66707f3a4435f4e05d0940a1",47,2,4,2,"average",2,"exp3"
"66707f3a4435f4e05d0940a1",48,2,4,2,"average",2,"exp3"
"66707f3a4435f4e05d0940a1",49,2,4,2,"average",2,"exp3"
"66707f3a4435f4e05d0940a1",50,10,5.9464274989274,10,"average",10,"exp3"
"66707f3a4435f4e05d0940a1",51,2,4,2,"average",2,"exp3"
"66707f3a4435f4e05d0940a1",52,10,5.9464274989274,10,"average",10,"exp3"
"66707f3a4435f4e05d0940a1",53,20,5.5,20,"average",20,"exp3"
"66707f3a4435f4e05d0940a1",54,2,4,2,"average",2,"exp3"
"66707f3a4435f4e05d0940a1",55,20,5.5,20,"average",20,"exp3"
"66707f3a4435f4e05d0940a1",56,20,5.5,20,"average",20,"exp3"
"66707f3a4435f4e05d0940a1",57,2,4,2,"average",2,"exp3"
"66707f3a4435f4e05d0940a1",58,10,5.9464274989274,10,"average",10,"exp3"
"66707f3a4435f4e05d0940a1",59,20,5.5,20,"average",20,"exp3"
"66707f3a4435f4e05d0940a1",60,10,5.9464274989274,10,"average",10,"exp3"
"66707f3a4435f4e05d0940a1",61,2,4,2,"average",2,"exp3"
"66707f3a4435f4e05d0940a1",62,2,4,2,"average",2,"exp3"
"66707f3a4435f4e05d0940a1",63,20,5.5,20,"average",20,"exp3"
"66707f3a4435f4e05d0940a1",64,2,4,2,"average",2,"exp3"
"66707f3a4435f4e05d0940a1",65,10,5.9464274989274,10,"average",10,"exp3"
"66707f3a4435f4e05d0940a1",66,20,5.5,20,"average",20,"exp3"
"66707f3a4435f4e05d0940a1",67,2,4,2,"average",2,"exp3"
"66707f3a4435f4e05d0940a1",68,10,5.9464274989274,10,"average",10,"exp3"
"66707f3a4435f4e05d0940a1",69,20,5.5,20,"average",20,"exp3"
"66707f3a4435f4e05d0940a1",70,10,5.9464274989274,10,"average",10,"exp3"
"66707f3a4435f4e05d0940a1",71,10,5.9464274989274,10,"average",10,"exp3"
"66707f3a4435f4e05d0940a1",72,20,5.5,20,"average",20,"exp3"
"66707f3a4435f4e05d0940a1",73,10,5.9464274989274,10,"average",10,"exp3"
"66707f3a4435f4e05d0940a1",74,10,5.9464274989274,10,"average",10,"exp3"
"66707f3a4435f4e05d0940a1",75,2,4,2,"average",2,"exp3"
"66707f3a4435f4e05d0940a1",76,20,5.5,20,"average",20,"exp3"
"66707f3a4435f4e05d0940a1",77,2,4,2,"average",2,"exp3"
"66707f3a4435f4e05d0940a1",78,10,5.9464274989274,10,"average",10,"exp3"
"66707f3a4435f4e05d0940a1",79,20,5.5,20,"average",20,"exp3"
"66707f3a4435f4e05d0940a1",80,2,4,2,"average",2,"exp3"
"66707f3a4435f4e05d0940a1",81,10,5.9464274989274,10,"average",10,"exp3"
"66707f3a4435f4e05d0940a1",82,2,4,2,"average",2,"exp3"
"66707f3a4435f4e05d0940a1",83,10,5.9464274989274,10,"average",10,"exp3"
"66707f3a4435f4e05d0940a1",84,10,5.9464274989274,10,"average",10,"exp3"
"66707f3a4435f4e05d0940a1",85,2,4,2,"average",2,"exp3"
"66707f3a4435f4e05d0940a1",86,2,4,2,"average",2,"exp3"
"66707f3a4435f4e05d0940a1",87,10,5.9464274989274,10,"average",10,"exp3"
"66707f3a4435f4e05d0940a1",88,2,4,2,"average",2,"exp3"
"66707f3a4435f4e05d0940a1",89,10,5.9464274989274,10,"average",10,"exp3"
"66707f3a4435f4e05d0940a1",90,10,5.9464274989274,10,"average",10,"exp3"
"66707f3a4435f4e05d0940a1",91,20,5.5,20,"average",20,"exp3"
"66707f3a4435f4e05d0940a1",92,20,5.5,20,"average",20,"exp3"
"66707f3a4435f4e05d0940a1",93,2,4,2,"average",2,"exp3"
"66707f3a4435f4e05d0940a1",94,20,5.5,20,"average",20,"exp3"
"66707f3a4435f4e05d0940a1",95,20,5.5,20,"average",20,"exp3"
"66707f3a4435f4e05d0940a1",96,20,5.5,20,"average",20,"exp3"
"66707f3a4435f4e05d0940a1",97,20,5.5,20,"average",20,"exp3"
"66707f3a4435f4e05d0940a1",98,20,5.5,20,"average",20,"exp3"
"66707f3a4435f4e05d0940a1",99,20,5.5,20,"average",20,"exp3"
"66707f3a4435f4e05d0940a1",100,10,5.9464274989274,10,"average",10,"exp3"
"66707f3a4435f4e05d0940a1",101,2,4,2,"average",2,"exp3"
"66707f3a4435f4e05d0940a1",102,10,5.9464274989274,10,"average",10,"exp3"
"66707f3a4435f4e05d0940a1",103,2,4,2,"average",2,"exp3"
"66707f3a4435f4e05d0940a1",104,2,4,2,"average",2,"exp3"
"66707f3a4435f4e05d0940a1",105,10,5.9464274989274,10,"average",10,"exp3"
"66707f3a4435f4e05d0940a1",106,20,5.5,20,"average",20,"exp3"
"66707f3a4435f4e05d0940a1",107,2,4,2,"average",2,"exp3"
"66707f3a4435f4e05d0940a1",108,20,5.5,20,"average",20,"exp3"
"66450101a6a8f52f8b5db596",5,2,3,2,"average",2,"exp3"
"66450101a6a8f52f8b5db596",8,2,1.5,2,"average",2,"exp3"
"66450101a6a8f52f8b5db596",13,10,5.9464274989274,10,"average",10,"exp3"
"66450101a6a8f52f8b5db596",14,2,4,2,"average",2,"exp3"
"66450101a6a8f52f8b5db596",15,20,5.5,20,"average",20,"exp3"
"66450101a6a8f52f8b5db596",16,10,5.9464274989274,10,"average",10,"exp3"
"66450101a6a8f52f8b5db596",17,20,5.5,20,"average",20,"exp3"
"66450101a6a8f52f8b5db596",18,10,5.9464274989274,10,"average",10,"exp3"
"66450101a6a8f52f8b5db596",19,2,4,2,"average",2,"exp3"
"66450101a6a8f52f8b5db596",20,10,5.9464274989274,10,"average",10,"exp3"
"66450101a6a8f52f8b5db596",21,2,4,2,"average",2,"exp3"
"66450101a6a8f52f8b5db596",22,20,5.5,20,"average",20,"exp3"
"66450101a6a8f52f8b5db596",23,20,5.5,20,"average",20,"exp3"
"66450101a6a8f52f8b5db596",24,2,4,2,"average",2,"exp3"
"66450101a6a8f52f8b5db596",25,10,5.9464274989274,10,"average",10,"exp3"
"66450101a6a8f52f8b5db596",26,10,5.9464274989274,10,"average",10,"exp3"
"66450101a6a8f52f8b5db596",27,2,4,2,"average",2,"exp3"
"66450101a6a8f52f8b5db596",28,10,5.9464274989274,10,"average",10,"exp3"
"66450101a6a8f52f8b5db596",29,20,5.5,20,"average",20,"exp3"
"66450101a6a8f52f8b5db596",30,2,4,2,"average",2,"exp3"
"66450101a6a8f52f8b5db596",31,10,5.9464274989274,10,"average",10,"exp3"
"66450101a6a8f52f8b5db596",32,10,5.9464274989274,10,"average",10,"exp3"
"66450101a6a8f52f8b5db596",33,2,4,2,"average",2,"exp3"
"66450101a6a8f52f8b5db596",34,20,5.5,20,"average",20,"exp3"
"66450101a6a8f52f8b5db596",35,10,5.9464274989274,10,"average",10,"exp3"
"66450101a6a8f52f8b5db596",36,20,5.5,20,"average",20,"exp3"
"66450101a6a8f52f8b5db596",37,10,5.9464274989274,10,"average",10,"exp3"
"66450101a6a8f52f8b5db596",38,2,4,2,"average",2,"exp3"
"66450101a6a8f52f8b5db596",39,10,5.9464274989274,10,"average",10,"exp3"
"66450101a6a8f52f8b5db596",40,2,4,2,"average",2,"exp3"
"66450101a6a8f52f8b5db596",41,20,5.5,20,"average",20,"exp3"
"66450101a6a8f52f8b5db596",42,2,4,2,"average",2,"exp3"
"66450101a6a8f52f8b5db596",43,20,5.5,20,"average",20,"exp3"
"66450101a6a8f52f8b5db596",44,20,5.5,20,"average",20,"exp3"
"66450101a6a8f52f8b5db596",45,20,5.5,20,"average",20,"exp3"
"66450101a6a8f52f8b5db596",46,20,5.5,20,"average",20,"exp3"
"66450101a6a8f52f8b5db596",47,10,5.9464274989274,10,"average",10,"exp3"
"66450101a6a8f52f8b5db596",48,2,4,2,"average",2,"exp3"
"66450101a6a8f52f8b5db596",49,2,4,2,"average",2,"exp3"
"66450101a6a8f52f8b5db596",50,10,5.9464274989274,10,"average",10,"exp3"
"66450101a6a8f52f8b5db596",51,20,5.5,20,"average",20,"exp3"
"66450101a6a8f52f8b5db596",52,10,5.9464274989274,10,"average",10,"exp3"
"66450101a6a8f52f8b5db596",53,2,4,2,"average",2,"exp3"
"66450101a6a8f52f8b5db596",54,10,5.9464274989274,10,"average",10,"exp3"
"66450101a6a8f52f8b5db596",55,20,5.5,20,"average",20,"exp3"
"66450101a6a8f52f8b5db596",56,2,4,2,"average",2,"exp3"
"66450101a6a8f52f8b5db596",57,2,4,2,"average",2,"exp3"
"66450101a6a8f52f8b5db596",58,20,5.5,20,"average",20,"exp3"
"66450101a6a8f52f8b5db596",59,20,5.5,20,"average",20,"exp3"
"66450101a6a8f52f8b5db596",60,2,4,2,"average",2,"exp3"
"66450101a6a8f52f8b5db596",61,10,5.9464274989274,10,"average",10,"exp3"
"66450101a6a8f52f8b5db596",62,2,4,2,"average",2,"exp3"
"66450101a6a8f52f8b5db596",63,20,5.5,20,"average",20,"exp3"
"66450101a6a8f52f8b5db596",64,20,5.5,20,"average",20,"exp3"
"66450101a6a8f52f8b5db596",65,2,4,2,"average",2,"exp3"
"66450101a6a8f52f8b5db596",66,10,5.9464274989274,10,"average",10,"exp3"
"66450101a6a8f52f8b5db596",67,20,5.5,20,"average",20,"exp3"
"66450101a6a8f52f8b5db596",68,10,5.9464274989274,10,"average",10,"exp3"
"66450101a6a8f52f8b5db596",69,20,5.5,20,"average",20,"exp3"
"66450101a6a8f52f8b5db596",70,2,4,2,"average",2,"exp3"
"66450101a6a8f52f8b5db596",71,2,4,2,"average",2,"exp3"
"66450101a6a8f52f8b5db596",72,10,5.9464274989274,10,"average",10,"exp3"
"66450101a6a8f52f8b5db596",73,20,5.5,20,"average",20,"exp3"
"66450101a6a8f52f8b5db596",74,2,4,2,"average",2,"exp3"
"66450101a6a8f52f8b5db596",75,2,4,2,"average",2,"exp3"
"66450101a6a8f52f8b5db596",76,2,4,2,"average",2,"exp3"
"66450101a6a8f52f8b5db596",77,20,5.5,20,"average",20,"exp3"
"66450101a6a8f52f8b5db596",78,20,5.5,20,"average",20,"exp3"
"66450101a6a8f52f8b5db596",79,20,5.5,20,"average",20,"exp3"
"66450101a6a8f52f8b5db596",80,2,4,2,"average",2,"exp3"
"66450101a6a8f52f8b5db596",81,10,5.9464274989274,10,"average",10,"exp3"
"66450101a6a8f52f8b5db596",82,20,5.5,20,"average",20,"exp3"
"66450101a6a8f52f8b5db596",83,10,5.9464274989274,10,"average",10,"exp3"
"66450101a6a8f52f8b5db596",84,2,4,2,"average",2,"exp3"
"66450101a6a8f52f8b5db596",85,20,5.5,20,"average",20,"exp3"
"66450101a6a8f52f8b5db596",86,20,5.5,20,"average",20,"exp3"
"66450101a6a8f52f8b5db596",87,2,4,2,"average",2,"exp3"
"66450101a6a8f52f8b5db596",88,2,4,2,"average",2,"exp3"
"66450101a6a8f52f8b5db596",89,20,5.5,20,"average",20,"exp3"
"66450101a6a8f52f8b5db596",90,10,5.9464274989274,10,"average",10,"exp3"
"66450101a6a8f52f8b5db596",91,2,4,2,"average",2,"exp3"
"66450101a6a8f52f8b5db596",92,2,4,2,"average",2,"exp3"
"66450101a6a8f52f8b5db596",93,10,5.9464274989274,10,"average",10,"exp3"
"66450101a6a8f52f8b5db596",94,2,4,2,"average",2,"exp3"
"66450101a6a8f52f8b5db596",95,2,4,2,"average",2,"exp3"
"66450101a6a8f52f8b5db596",96,10,5.9464274989274,10,"average",10,"exp3"
"66450101a6a8f52f8b5db596",97,10,5.9464274989274,10,"average",10,"exp3"
"66450101a6a8f52f8b5db596",98,10,5.9464274989274,10,"average",10,"exp3"
"66450101a6a8f52f8b5db596",99,2,4,2,"average",2,"exp3"
"66450101a6a8f52f8b5db596",100,20,5.5,20,"average",20,"exp3"
"66450101a6a8f52f8b5db596",101,10,5.9464274989274,10,"average",10,"exp3"
"66450101a6a8f52f8b5db596",102,20,5.5,20,"average",20,"exp3"
"66450101a6a8f52f8b5db596",103,10,5.9464274989274,10,"average",10,"exp3"
"66450101a6a8f52f8b5db596",104,10,5.9464274989274,10,"average",10,"exp3"
"66450101a6a8f52f8b5db596",105,20,5.5,20,"average",20,"exp3"
"66450101a6a8f52f8b5db596",106,20,5.5,20,"average",20,"exp3"
"66450101a6a8f52f8b5db596",107,10,5.9464274989274,10,"average",10,"exp3"
"66450101a6a8f52f8b5db596",108,10,5.9464274989274,10,"average",10,"exp3"
"656c1adbdb298e7230d7b396",5,2,2.5,2,"average",2,"exp3"
"656c1adbdb298e7230d7b396",6,2,8,2,"average",2,"exp3"
"656c1adbdb298e7230d7b396",13,20,5.5,20,"average",20,"exp3"
"656c1adbdb298e7230d7b396",14,20,5.5,20,"average",20,"exp3"
"656c1adbdb298e7230d7b396",15,10,5.9464274989274,10,"average",10,"exp3"
"656c1adbdb298e7230d7b396",16,2,4,2,"average",2,"exp3"
"656c1adbdb298e7230d7b396",17,2,4,2,"average",2,"exp3"
"656c1adbdb298e7230d7b396",18,20,5.5,20,"average",20,"exp3"
"656c1adbdb298e7230d7b396",19,10,5.9464274989274,10,"average",10,"exp3"
"656c1adbdb298e7230d7b396",20,2,4,2,"average",2,"exp3"
"656c1adbdb298e7230d7b396",21,10,5.9464274989274,10,"average",10,"exp3"
"656c1adbdb298e7230d7b396",22,10,5.9464274989274,10,"average",10,"exp3"
"656c1adbdb298e7230d7b396",23,10,5.9464274989274,10,"average",10,"exp3"
"656c1adbdb298e7230d7b396",24,2,4,2,"average",2,"exp3"
"656c1adbdb298e7230d7b396",25,2,4,2,"average",2,"exp3"
"656c1adbdb298e7230d7b396",26,2,4,2,"average",2,"exp3"
"656c1adbdb298e7230d7b396",27,10,5.9464274989274,10,"average",10,"exp3"
"656c1adbdb298e7230d7b396",28,10,5.9464274989274,10,"average",10,"exp3"
"656c1adbdb298e7230d7b396",29,20,5.5,20,"average",20,"exp3"
"656c1adbdb298e7230d7b396",30,20,5.5,20,"average",20,"exp3"
"656c1adbdb298e7230d7b396",31,20,5.5,20,"average",20,"exp3"
"656c1adbdb298e7230d7b396",32,20,5.5,20,"average",20,"exp3"
"656c1adbdb298e7230d7b396",33,2,4,2,"average",2,"exp3"
"656c1adbdb298e7230d7b396",34,20,5.5,20,"average",20,"exp3"
"656c1adbdb298e7230d7b396",35,10,5.9464274989274,10,"average",10,"exp3"
"656c1adbdb298e7230d7b396",36,10,5.9464274989274,10,"average",10,"exp3"
"656c1adbdb298e7230d7b396",37,10,5.9464274989274,10,"average",10,"exp3"
"656c1adbdb298e7230d7b396",38,2,4,2,"average",2,"exp3"
"656c1adbdb298e7230d7b396",39,2,4,2,"average",2,"exp3"
"656c1adbdb298e7230d7b396",40,20,5.5,20,"average",20,"exp3"
"656c1adbdb298e7230d7b396",41,20,5.5,20,"average",20,"exp3"
"656c1adbdb298e7230d7b396",42,20,5.5,20,"average",20,"exp3"
"656c1adbdb298e7230d7b396",43,10,5.9464274989274,10,"average",10,"exp3"
"656c1adbdb298e7230d7b396",44,10,5.9464274989274,10,"average",10,"exp3"
"656c1adbdb298e7230d7b396",45,10,5.9464274989274,10,"average",10,"exp3"
"656c1adbdb298e7230d7b396",46,20,5.5,20,"average",20,"exp3"
"656c1adbdb298e7230d7b396",47,10,5.9464274989274,10,"average",10,"exp3"
"656c1adbdb298e7230d7b396",48,2,4,2,"average",2,"exp3"
"656c1adbdb298e7230d7b396",49,20,5.5,20,"average",20,"exp3"
"656c1adbdb298e7230d7b396",50,2,4,2,"average",2,"exp3"
"656c1adbdb298e7230d7b396",51,20,5.5,20,"average",20,"exp3"
"656c1adbdb298e7230d7b396",52,10,5.9464274989274,10,"average",10,"exp3"
"656c1adbdb298e7230d7b396",53,2,4,2,"average",2,"exp3"
"656c1adbdb298e7230d7b396",54,2,4,2,"average",2,"exp3"
"656c1adbdb298e7230d7b396",55,2,4,2,"average",2,"exp3"
"656c1adbdb298e7230d7b396",56,2,4,2,"average",2,"exp3"
"656c1adbdb298e7230d7b396",57,20,5.5,20,"average",20,"exp3"
"656c1adbdb298e7230d7b396",58,20,5.5,20,"average",20,"exp3"
"656c1adbdb298e7230d7b396",59,2,4,2,"average",2,"exp3"
"656c1adbdb298e7230d7b396",60,10,5.9464274989274,10,"average",10,"exp3"
"656c1adbdb298e7230d7b396",61,10,5.9464274989274,10,"average",10,"exp3"
"656c1adbdb298e7230d7b396",62,10,5.9464274989274,10,"average",10,"exp3"
"656c1adbdb298e7230d7b396",63,20,5.5,20,"average",20,"exp3"
"656c1adbdb298e7230d7b396",64,20,5.5,20,"average",20,"exp3"
"656c1adbdb298e7230d7b396",65,20,5.5,20,"average",20,"exp3"
"656c1adbdb298e7230d7b396",66,20,5.5,20,"average",20,"exp3"
"656c1adbdb298e7230d7b396",67,2,4,2,"average",2,"exp3"
"656c1adbdb298e7230d7b396",68,20,5.5,20,"average",20,"exp3"
"656c1adbdb298e7230d7b396",69,20,5.5,20,"average",20,"exp3"
"656c1adbdb298e7230d7b396",70,20,5.5,20,"average",20,"exp3"
"656c1adbdb298e7230d7b396",71,2,4,2,"average",2,"exp3"
"656c1adbdb298e7230d7b396",72,20,5.5,20,"average",20,"exp3"
"656c1adbdb298e7230d7b396",73,20,5.5,20,"average",20,"exp3"
"656c1adbdb298e7230d7b396",74,2,4,2,"average",2,"exp3"
"656c1adbdb298e7230d7b396",75,2,4,2,"average",2,"exp3"
"656c1adbdb298e7230d7b396",76,20,5.5,20,"average",20,"exp3"
"656c1adbdb298e7230d7b396",77,2,4,2,"average",2,"exp3"
"656c1adbdb298e7230d7b396",78,2,4,2,"average",2,"exp3"
"656c1adbdb298e7230d7b396",79,10,5.9464274989274,10,"average",10,"exp3"
"656c1adbdb298e7230d7b396",80,20,5.5,20,"average",20,"exp3"
"656c1adbdb298e7230d7b396",81,10,5.9464274989274,10,"average",10,"exp3"
"656c1adbdb298e7230d7b396",82,20,5.5,20,"average",20,"exp3"
"656c1adbdb298e7230d7b396",83,10,5.9464274989274,10,"average",10,"exp3"
"656c1adbdb298e7230d7b396",84,2,4,2,"average",2,"exp3"
"656c1adbdb298e7230d7b396",85,10,5.9464274989274,10,"average",10,"exp3"
"656c1adbdb298e7230d7b396",86,2,4,2,"average",2,"exp3"
"656c1adbdb298e7230d7b396",87,10,5.9464274989274,10,"average",10,"exp3"
"656c1adbdb298e7230d7b396",88,2,4,2,"average",2,"exp3"
"656c1adbdb298e7230d7b396",89,20,5.5,20,"average",20,"exp3"
"656c1adbdb298e7230d7b396",90,20,5.5,20,"average",20,"exp3"
"656c1adbdb298e7230d7b396",91,2,4,2,"average",2,"exp3"
"656c1adbdb298e7230d7b396",92,2,4,2,"average",2,"exp3"
"656c1adbdb298e7230d7b396",93,10,5.9464274989274,10,"average",10,"exp3"
"656c1adbdb298e7230d7b396",94,10,5.9464274989274,10,"average",10,"exp3"
"656c1adbdb298e7230d7b396",95,10,5.9464274989274,10,"average",10,"exp3"
"656c1adbdb298e7230d7b396",96,2,4,2,"average",2,"exp3"
"656c1adbdb298e7230d7b396",97,2,4,2,"average",2,"exp3"
"656c1adbdb298e7230d7b396",98,2,4,2,"average",2,"exp3"
"656c1adbdb298e7230d7b396",99,20,5.5,20,"average",20,"exp3"
"656c1adbdb298e7230d7b396",100,10,5.9464274989274,10,"average",10,"exp3"
"656c1adbdb298e7230d7b396",101,2,4,2,"average",2,"exp3"
"656c1adbdb298e7230d7b396",102,10,5.9464274989274,10,"average",10,"exp3"
"656c1adbdb298e7230d7b396",103,10,5.9464274989274,10,"average",10,"exp3"
"656c1adbdb298e7230d7b396",104,10,5.9464274989274,10,"average",10,"exp3"
"656c1adbdb298e7230d7b396",105,20,5.5,20,"average",20,"exp3"
"656c1adbdb298e7230d7b396",106,2,4,2,"average",2,"exp3"
"656c1adbdb298e7230d7b396",107,10,5.9464274989274,10,"average",10,"exp3"
"656c1adbdb298e7230d7b396",108,10,5.9464274989274,10,"average",10,"exp3"
"63b82398bbe6a599972413ad",1,10,6.47765389628066,10,"average",10,"exp3"
"63b82398bbe6a599972413ad",4,10,5.74804314527997,10,"average",10,"exp3"
"63b82398bbe6a599972413ad",5,10,4.79165942028438,10,"average",10,"exp3"
"63b82398bbe6a599972413ad",13,20,5.5,20,"average",20,"exp3"
"63b82398bbe6a599972413ad",14,20,5.5,20,"average",20,"exp3"
"63b82398bbe6a599972413ad",15,20,5.5,20,"average",20,"exp3"
"63b82398bbe6a599972413ad",16,2,4,2,"average",2,"exp3"
"63b82398bbe6a599972413ad",17,2,4,2,"average",2,"exp3"
"63b82398bbe6a599972413ad",18,2,4,2,"average",2,"exp3"
"63b82398bbe6a599972413ad",19,20,5.5,20,"average",20,"exp3"
"63b82398bbe6a599972413ad",20,2,4,2,"average",2,"exp3"
"63b82398bbe6a599972413ad",21,10,5.9464274989274,10,"average",10,"exp3"
"63b82398bbe6a599972413ad",22,20,5.5,20,"average",20,"exp3"
"63b82398bbe6a599972413ad",23,10,5.9464274989274,10,"average",10,"exp3"
"63b82398bbe6a599972413ad",24,20,5.5,20,"average",20,"exp3"
"63b82398bbe6a599972413ad",25,10,5.9464274989274,10,"average",10,"exp3"
"63b82398bbe6a599972413ad",26,20,5.5,20,"average",20,"exp3"
"63b82398bbe6a599972413ad",27,20,5.5,20,"average",20,"exp3"
"63b82398bbe6a599972413ad",28,10,5.9464274989274,10,"average",10,"exp3"
"63b82398bbe6a599972413ad",29,20,5.5,20,"average",20,"exp3"
"63b82398bbe6a599972413ad",30,2,4,2,"average",2,"exp3"
"63b82398bbe6a599972413ad",31,2,4,2,"average",2,"exp3"
"63b82398bbe6a599972413ad",32,20,5.5,20,"average",20,"exp3"
"63b82398bbe6a599972413ad",33,2,4,2,"average",2,"exp3"
"63b82398bbe6a599972413ad",34,20,5.5,20,"average",20,"exp3"
"63b82398bbe6a599972413ad",35,20,5.5,20,"average",20,"exp3"
"63b82398bbe6a599972413ad",36,20,5.5,20,"average",20,"exp3"
"63b82398bbe6a599972413ad",37,10,5.9464274989274,10,"average",10,"exp3"
"63b82398bbe6a599972413ad",38,20,5.5,20,"average",20,"exp3"
"63b82398bbe6a599972413ad",39,2,4,2,"average",2,"exp3"
"63b82398bbe6a599972413ad",40,20,5.5,20,"average",20,"exp3"
"63b82398bbe6a599972413ad",41,20,5.5,20,"average",20,"exp3"
"63b82398bbe6a599972413ad",42,10,5.9464274989274,10,"average",10,"exp3"
"63b82398bbe6a599972413ad",43,10,5.9464274989274,10,"average",10,"exp3"
"63b82398bbe6a599972413ad",44,2,4,2,"average",2,"exp3"
"63b82398bbe6a599972413ad",45,10,5.9464274989274,10,"average",10,"exp3"
"63b82398bbe6a599972413ad",46,2,4,2,"average",2,"exp3"
"63b82398bbe6a599972413ad",47,10,5.9464274989274,10,"average",10,"exp3"
"63b82398bbe6a599972413ad",48,10,5.9464274989274,10,"average",10,"exp3"
"63b82398bbe6a599972413ad",49,10,5.9464274989274,10,"average",10,"exp3"
"63b82398bbe6a599972413ad",50,10,5.9464274989274,10,"average",10,"exp3"
"63b82398bbe6a599972413ad",51,2,4,2,"average",2,"exp3"
"63b82398bbe6a599972413ad",52,10,5.9464274989274,10,"average",10,"exp3"
"63b82398bbe6a599972413ad",53,2,4,2,"average",2,"exp3"
"63b82398bbe6a599972413ad",54,10,5.9464274989274,10,"average",10,"exp3"
"63b82398bbe6a599972413ad",55,10,5.9464274989274,10,"average",10,"exp3"
"63b82398bbe6a599972413ad",56,2,4,2,"average",2,"exp3"
"63b82398bbe6a599972413ad",57,2,4,2,"average",2,"exp3"
"63b82398bbe6a599972413ad",58,10,5.9464274989274,10,"average",10,"exp3"
"63b82398bbe6a599972413ad",59,2,4,2,"average",2,"exp3"
"63b82398bbe6a599972413ad",60,2,4,2,"average",2,"exp3"
"63b82398bbe6a599972413ad",61,20,5.5,20,"average",20,"exp3"
"63b82398bbe6a599972413ad",62,20,5.5,20,"average",20,"exp3"
"63b82398bbe6a599972413ad",63,20,5.5,20,"average",20,"exp3"
"63b82398bbe6a599972413ad",64,2,4,2,"average",2,"exp3"
"63b82398bbe6a599972413ad",65,20,5.5,20,"average",20,"exp3"
"63b82398bbe6a599972413ad",66,20,5.5,20,"average",20,"exp3"
"63b82398bbe6a599972413ad",67,2,4,2,"average",2,"exp3"
"63b82398bbe6a599972413ad",68,20,5.5,20,"average",20,"exp3"
"63b82398bbe6a599972413ad",69,20,5.5,20,"average",20,"exp3"
"63b82398bbe6a599972413ad",70,20,5.5,20,"average",20,"exp3"
"63b82398bbe6a599972413ad",71,20,5.5,20,"average",20,"exp3"
"63b82398bbe6a599972413ad",72,20,5.5,20,"average",20,"exp3"
"63b82398bbe6a599972413ad",73,20,5.5,20,"average",20,"exp3"
"63b82398bbe6a599972413ad",74,20,5.5,20,"average",20,"exp3"
"63b82398bbe6a599972413ad",75,20,5.5,20,"average",20,"exp3"
"63b82398bbe6a599972413ad",76,2,4,2,"average",2,"exp3"
"63b82398bbe6a599972413ad",77,2,4,2,"average",2,"exp3"
"63b82398bbe6a599972413ad",78,20,5.5,20,"average",20,"exp3"
"63b82398bbe6a599972413ad",79,2,4,2,"average",2,"exp3"
"63b82398bbe6a599972413ad",80,2,4,2,"average",2,"exp3"
"63b82398bbe6a599972413ad",81,20,5.5,20,"average",20,"exp3"
"63b82398bbe6a599972413ad",82,20,5.5,20,"average",20,"exp3"
"63b82398bbe6a599972413ad",83,2,4,2,"average",2,"exp3"
"63b82398bbe6a599972413ad",84,2,4,2,"average",2,"exp3"
"63b82398bbe6a599972413ad",85,2,4,2,"average",2,"exp3"
"63b82398bbe6a599972413ad",86,2,4,2,"average",2,"exp3"
"63b82398bbe6a599972413ad",87,2,4,2,"average",2,"exp3"
"63b82398bbe6a599972413ad",88,2,4,2,"average",2,"exp3"
"63b82398bbe6a599972413ad",89,2,4,2,"average",2,"exp3"
"63b82398bbe6a599972413ad",90,2,4,2,"average",2,"exp3"
"63b82398bbe6a599972413ad",91,2,4,2,"average",2,"exp3"
"63b82398bbe6a599972413ad",92,2,4,2,"average",2,"exp3"
"63b82398bbe6a599972413ad",93,10,5.9464274989274,10,"average",10,"exp3"
"63b82398bbe6a599972413ad",94,10,5.9464274989274,10,"average",10,"exp3"
"63b82398bbe6a599972413ad",95,10,5.9464274989274,10,"average",10,"exp3"
"63b82398bbe6a599972413ad",96,10,5.9464274989274,10,"average",10,"exp3"
"63b82398bbe6a599972413ad",97,10,5.9464274989274,10,"average",10,"exp3"
"63b82398bbe6a599972413ad",98,10,5.9464274989274,10,"average",10,"exp3"
"63b82398bbe6a599972413ad",99,10,5.9464274989274,10,"average",10,"exp3"
"63b82398bbe6a599972413ad",100,10,5.9464274989274,10,"average",10,"exp3"
"63b82398bbe6a599972413ad",101,10,5.9464274989274,10,"average",10,"exp3"
"63b82398bbe6a599972413ad",102,10,5.9464274989274,10,"average",10,"exp3"
"63b82398bbe6a599972413ad",103,10,5.9464274989274,10,"average",10,"exp3"
"63b82398bbe6a599972413ad",104,10,5.9464274989274,10,"average",10,"exp3"
"63b82398bbe6a599972413ad",105,10,5.9464274989274,10,"average",10,"exp3"
"63b82398bbe6a599972413ad",106,10,5.9464274989274,10,"average",10,"exp3"
"63b82398bbe6a599972413ad",107,10,5.9464274989274,10,"average",10,"exp3"
"63b82398bbe6a599972413ad",108,10,5.9464274989274,10,"average",10,"exp3"
NA,4,2,5,2,"experience",2,"exp3"
"67e081d172ca42eb59502aef",4,10,5.46351535185909,10,"experience",10,"exp3"
"67e081d172ca42eb59502aef",5,10,5.55067563455117,10,"experience",10,"exp3"
"67e081d172ca42eb59502aef",8,10,5.68242905807015,10,"experience",10,"exp3"
"67e081d172ca42eb59502aef",13,10,5.9464274989274,10,"experience",10,"exp3"
"67e081d172ca42eb59502aef",14,2,4,2,"experience",2,"exp3"
"67e081d172ca42eb59502aef",15,20,5.5,20,"experience",20,"exp3"
"67e081d172ca42eb59502aef",16,20,5.5,20,"experience",20,"exp3"
"67e081d172ca42eb59502aef",17,2,4,2,"experience",2,"exp3"
"67e081d172ca42eb59502aef",18,2,4,2,"experience",2,"exp3"
"67e081d172ca42eb59502aef",19,20,5.5,20,"experience",20,"exp3"
"67e081d172ca42eb59502aef",20,10,5.9464274989274,10,"experience",10,"exp3"
"68423451060859f8ce31ee5a",7,10,5.81807528311554,10,"experience",10,"exp3"
"68423451060859f8ce31ee5a",9,2,8.5,2,"experience",2,"exp3"
"68423451060859f8ce31ee5a",12,2,4.5,2,"experience",2,"exp3"
"68423451060859f8ce31ee5a",13,2,4,2,"experience",2,"exp3"
"68423451060859f8ce31ee5a",14,10,5.9464274989274,10,"experience",10,"exp3"
"68423451060859f8ce31ee5a",15,2,4,2,"experience",2,"exp3"
"68423451060859f8ce31ee5a",16,10,5.9464274989274,10,"experience",10,"exp3"
"68423451060859f8ce31ee5a",17,10,5.9464274989274,10,"experience",10,"exp3"
"68423451060859f8ce31ee5a",18,2,4,2,"experience",2,"exp3"
"68423451060859f8ce31ee5a",19,2,4,2,"experience",2,"exp3"
"68423451060859f8ce31ee5a",20,20,5.5,20,"experience",20,"exp3"
"68423451060859f8ce31ee5a",21,20,5.5,20,"experience",20,"exp3"
"68423451060859f8ce31ee5a",22,20,5.5,20,"experience",20,"exp3"
"68423451060859f8ce31ee5a",23,20,5.5,20,"experience",20,"exp3"
"68423451060859f8ce31ee5a",24,20,5.5,20,"experience",20,"exp3"
"68423451060859f8ce31ee5a",25,20,5.5,20,"experience",20,"exp3"
"68423451060859f8ce31ee5a",26,2,4,2,"experience",2,"exp3"
"68423451060859f8ce31ee5a",27,2,4,2,"experience",2,"exp3"
"68423451060859f8ce31ee5a",28,10,5.9464274989274,10,"experience",10,"exp3"
"68423451060859f8ce31ee5a",29,10,5.9464274989274,10,"experience",10,"exp3"
"68423451060859f8ce31ee5a",30,2,4,2,"experience",2,"exp3"
"68423451060859f8ce31ee5a",31,10,5.9464274989274,10,"experience",10,"exp3"
"68423451060859f8ce31ee5a",32,20,5.5,20,"experience",20,"exp3"
"68423451060859f8ce31ee5a",33,2,4,2,"experience",2,"exp3"
"68423451060859f8ce31ee5a",34,10,5.9464274989274,10,"experience",10,"exp3"
"68423451060859f8ce31ee5a",35,10,5.9464274989274,10,"experience",10,"exp3"
"68423451060859f8ce31ee5a",36,20,5.5,20,"experience",20,"exp3"
"68423451060859f8ce31ee5a",37,2,4,2,"experience",2,"exp3"
"68423451060859f8ce31ee5a",38,2,4,2,"experience",2,"exp3"
"68423451060859f8ce31ee5a",39,10,5.9464274989274,10,"experience",10,"exp3"
"68423451060859f8ce31ee5a",40,2,4,2,"experience",2,"exp3"
"68423451060859f8ce31ee5a",41,10,5.9464274989274,10,"experience",10,"exp3"
"68423451060859f8ce31ee5a",42,10,5.9464274989274,10,"experience",10,"exp3"
"68423451060859f8ce31ee5a",43,20,5.5,20,"experience",20,"exp3"
"68423451060859f8ce31ee5a",44,2,4,2,"experience",2,"exp3"
"68423451060859f8ce31ee5a",45,20,5.5,20,"experience",20,"exp3"
"68423451060859f8ce31ee5a",46,10,5.9464274989274,10,"experience",10,"exp3"
"68423451060859f8ce31ee5a",47,20,5.5,20,"experience",20,"exp3"
"68423451060859f8ce31ee5a",48,2,4,2,"experience",2,"exp3"
"68423451060859f8ce31ee5a",49,20,5.5,20,"experience",20,"exp3"
"68423451060859f8ce31ee5a",50,10,5.9464274989274,10,"experience",10,"exp3"
"68423451060859f8ce31ee5a",51,20,5.5,20,"experience",20,"exp3"
"68423451060859f8ce31ee5a",52,10,5.9464274989274,10,"experience",10,"exp3"
"68423451060859f8ce31ee5a",53,20,5.5,20,"experience",20,"exp3"
"68423451060859f8ce31ee5a",54,20,5.5,20,"experience",20,"exp3"
"68423451060859f8ce31ee5a",55,10,5.9464274989274,10,"experience",10,"exp3"
"68423451060859f8ce31ee5a",56,2,4,2,"experience",2,"exp3"
"68423451060859f8ce31ee5a",57,2,4,2,"experience",2,"exp3"
"68423451060859f8ce31ee5a",58,10,5.9464274989274,10,"experience",10,"exp3"
"68423451060859f8ce31ee5a",59,20,5.5,20,"experience",20,"exp3"
"68423451060859f8ce31ee5a",60,2,4,2,"experience",2,"exp3"
"68423451060859f8ce31ee5a",61,20,5.5,20,"experience",20,"exp3"
"68423451060859f8ce31ee5a",62,2,4,2,"experience",2,"exp3"
"68423451060859f8ce31ee5a",63,10,5.9464274989274,10,"experience",10,"exp3"
"68423451060859f8ce31ee5a",64,20,5.5,20,"experience",20,"exp3"
"68423451060859f8ce31ee5a",65,2,4,2,"experience",2,"exp3"
"68423451060859f8ce31ee5a",66,20,5.5,20,"experience",20,"exp3"
"68423451060859f8ce31ee5a",67,10,5.9464274989274,10,"experience",10,"exp3"
"68423451060859f8ce31ee5a",68,2,4,2,"experience",2,"exp3"
"68423451060859f8ce31ee5a",69,20,5.5,20,"experience",20,"exp3"
"68423451060859f8ce31ee5a",70,2,4,2,"experience",2,"exp3"
"68423451060859f8ce31ee5a",71,10,5.9464274989274,10,"experience",10,"exp3"
"68423451060859f8ce31ee5a",72,20,5.5,20,"experience",20,"exp3"
"68423451060859f8ce31ee5a",73,10,5.9464274989274,10,"experience",10,"exp3"
"68423451060859f8ce31ee5a",74,2,4,2,"experience",2,"exp3"
"68423451060859f8ce31ee5a",75,2,4,2,"experience",2,"exp3"
"68423451060859f8ce31ee5a",76,10,5.9464274989274,10,"experience",10,"exp3"
"68423451060859f8ce31ee5a",77,2,4,2,"experience",2,"exp3"
"68423451060859f8ce31ee5a",78,20,5.5,20,"experience",20,"exp3"
"68423451060859f8ce31ee5a",79,20,5.5,20,"experience",20,"exp3"
"68423451060859f8ce31ee5a",80,10,5.9464274989274,10,"experience",10,"exp3"
"68423451060859f8ce31ee5a",81,2,4,2,"experience",2,"exp3"
"68423451060859f8ce31ee5a",82,10,5.9464274989274,10,"experience",10,"exp3"
"68423451060859f8ce31ee5a",83,20,5.5,20,"experience",20,"exp3"
"68423451060859f8ce31ee5a",84,20,5.5,20,"experience",20,"exp3"
"68423451060859f8ce31ee5a",85,10,5.9464274989274,10,"experience",10,"exp3"
"68423451060859f8ce31ee5a",86,20,5.5,20,"experience",20,"exp3"
"68423451060859f8ce31ee5a",87,10,5.9464274989274,10,"experience",10,"exp3"
"68423451060859f8ce31ee5a",88,20,5.5,20,"experience",20,"exp3"
"68423451060859f8ce31ee5a",89,20,5.5,20,"experience",20,"exp3"
"68423451060859f8ce31ee5a",90,10,5.9464274989274,10,"experience",10,"exp3"
"68423451060859f8ce31ee5a",91,10,5.9464274989274,10,"experience",10,"exp3"
"68423451060859f8ce31ee5a",92,2,4,2,"experience",2,"exp3"
"68423451060859f8ce31ee5a",93,2,4,2,"experience",2,"exp3"
"68423451060859f8ce31ee5a",94,20,5.5,20,"experience",20,"exp3"
"68423451060859f8ce31ee5a",95,20,5.5,20,"experience",20,"exp3"
"68423451060859f8ce31ee5a",96,10,5.9464274989274,10,"experience",10,"exp3"
"68423451060859f8ce31ee5a",97,2,4,2,"experience",2,"exp3"
"68423451060859f8ce31ee5a",98,10,5.9464274989274,10,"experience",10,"exp3"
"68423451060859f8ce31ee5a",99,2,4,2,"experience",2,"exp3"
"68423451060859f8ce31ee5a",100,2,4,2,"experience",2,"exp3"
"68423451060859f8ce31ee5a",101,2,4,2,"experience",2,"exp3"
"68423451060859f8ce31ee5a",102,2,4,2,"experience",2,"exp3"
"68423451060859f8ce31ee5a",103,2,4,2,"experience",2,"exp3"
"68423451060859f8ce31ee5a",104,10,5.9464274989274,10,"experience",10,"exp3"
"68423451060859f8ce31ee5a",105,20,5.5,20,"experience",20,"exp3"
"68423451060859f8ce31ee5a",106,10,5.9464274989274,10,"experience",10,"exp3"
"68423451060859f8ce31ee5a",107,20,5.5,20,"experience",20,"exp3"
"68423451060859f8ce31ee5a",108,10,5.9464274989274,10,"experience",10,"exp3"
NA,2,2,5.5,2,"experience",2,"exp3"
NA,1,10,5.67802782663136,10,"experience",10,"exp3"
NA,3,10,5.42217668469038,10,"experience",10,"exp3"
"566a17d07da0350012b3e876",3,10,4.64327470649756,10,"experience",10,"exp3"
"566a17d07da0350012b3e876",4,10,6.24819974072532,10,"experience",10,"exp3"
"5ef4d8b87faaa00c0dea0c4e",7,2,2.5,2,"experience",2,"exp3"
"5ef4d8b87faaa00c0dea0c4e",12,2,2,2,"experience",2,"exp3"
"5ef4d8b87faaa00c0dea0c4e",13,20,5.5,20,"experience",20,"exp3"
"5ef4d8b87faaa00c0dea0c4e",14,10,5.9464274989274,10,"experience",10,"exp3"
"5ef4d8b87faaa00c0dea0c4e",15,2,4,2,"experience",2,"exp3"
"5ef4d8b87faaa00c0dea0c4e",16,2,4,2,"experience",2,"exp3"
"5ef4d8b87faaa00c0dea0c4e",17,2,4,2,"experience",2,"exp3"
"5ef4d8b87faaa00c0dea0c4e",18,2,4,2,"experience",2,"exp3"
"5ef4d8b87faaa00c0dea0c4e",19,20,5.5,20,"experience",20,"exp3"
"5ef4d8b87faaa00c0dea0c4e",20,2,4,2,"experience",2,"exp3"
"5ef4d8b87faaa00c0dea0c4e",21,10,5.9464274989274,10,"experience",10,"exp3"
"5ef4d8b87faaa00c0dea0c4e",22,20,5.5,20,"experience",20,"exp3"
"5ef4d8b87faaa00c0dea0c4e",23,10,5.9464274989274,10,"experience",10,"exp3"
"5ef4d8b87faaa00c0dea0c4e",24,20,5.5,20,"experience",20,"exp3"
"5ef4d8b87faaa00c0dea0c4e",25,20,5.5,20,"experience",20,"exp3"
"5ef4d8b87faaa00c0dea0c4e",26,10,5.9464274989274,10,"experience",10,"exp3"
"5ef4d8b87faaa00c0dea0c4e",27,2,4,2,"experience",2,"exp3"
"5ef4d8b87faaa00c0dea0c4e",28,20,5.5,20,"experience",20,"exp3"
"5ef4d8b87faaa00c0dea0c4e",29,2,4,2,"experience",2,"exp3"
"5ef4d8b87faaa00c0dea0c4e",30,10,5.9464274989274,10,"experience",10,"exp3"
"5ef4d8b87faaa00c0dea0c4e",31,10,5.9464274989274,10,"experience",10,"exp3"
"5ef4d8b87faaa00c0dea0c4e",32,10,5.9464274989274,10,"experience",10,"exp3"
"5ef4d8b87faaa00c0dea0c4e",33,10,5.9464274989274,10,"experience",10,"exp3"
"5ef4d8b87faaa00c0dea0c4e",34,20,5.5,20,"experience",20,"exp3"
"5ef4d8b87faaa00c0dea0c4e",35,2,4,2,"experience",2,"exp3"
"5ef4d8b87faaa00c0dea0c4e",36,10,5.9464274989274,10,"experience",10,"exp3"
"5ef4d8b87faaa00c0dea0c4e",37,10,5.9464274989274,10,"experience",10,"exp3"
"5ef4d8b87faaa00c0dea0c4e",38,2,4,2,"experience",2,"exp3"
"5ef4d8b87faaa00c0dea0c4e",39,20,5.5,20,"experience",20,"exp3"
"5ef4d8b87faaa00c0dea0c4e",40,2,4,2,"experience",2,"exp3"
"5ef4d8b87faaa00c0dea0c4e",41,20,5.5,20,"experience",20,"exp3"
"5ef4d8b87faaa00c0dea0c4e",42,2,4,2,"experience",2,"exp3"
"5ef4d8b87faaa00c0dea0c4e",43,20,5.5,20,"experience",20,"exp3"
"5ef4d8b87faaa00c0dea0c4e",44,20,5.5,20,"experience",20,"exp3"
"5ef4d8b87faaa00c0dea0c4e",45,10,5.9464274989274,10,"experience",10,"exp3"
"5ef4d8b87faaa00c0dea0c4e",46,10,5.9464274989274,10,"experience",10,"exp3"
"5ef4d8b87faaa00c0dea0c4e",47,2,4,2,"experience",2,"exp3"
"5ef4d8b87faaa00c0dea0c4e",48,10,5.9464274989274,10,"experience",10,"exp3"
"5ef4d8b87faaa00c0dea0c4e",49,10,5.9464274989274,10,"experience",10,"exp3"
"5ef4d8b87faaa00c0dea0c4e",50,20,5.5,20,"experience",20,"exp3"
"5ef4d8b87faaa00c0dea0c4e",51,10,5.9464274989274,10,"experience",10,"exp3"
"5ef4d8b87faaa00c0dea0c4e",52,2,4,2,"experience",2,"exp3"
"5ef4d8b87faaa00c0dea0c4e",53,10,5.9464274989274,10,"experience",10,"exp3"
"5ef4d8b87faaa00c0dea0c4e",54,20,5.5,20,"experience",20,"exp3"
"5ef4d8b87faaa00c0dea0c4e",55,2,4,2,"experience",2,"exp3"
"5ef4d8b87faaa00c0dea0c4e",56,20,5.5,20,"experience",20,"exp3"
"5ef4d8b87faaa00c0dea0c4e",57,20,5.5,20,"experience",20,"exp3"
"5ef4d8b87faaa00c0dea0c4e",58,20,5.5,20,"experience",20,"exp3"
"5ef4d8b87faaa00c0dea0c4e",59,2,4,2,"experience",2,"exp3"
"5ef4d8b87faaa00c0dea0c4e",60,2,4,2,"experience",2,"exp3"
"5ef4d8b87faaa00c0dea0c4e",61,2,4,2,"experience",2,"exp3"
"5ef4d8b87faaa00c0dea0c4e",62,10,5.9464274989274,10,"experience",10,"exp3"
"5ef4d8b87faaa00c0dea0c4e",63,2,4,2,"experience",2,"exp3"
"5ef4d8b87faaa00c0dea0c4e",64,10,5.9464274989274,10,"experience",10,"exp3"
"5ef4d8b87faaa00c0dea0c4e",65,2,4,2,"experience",2,"exp3"
"5ef4d8b87faaa00c0dea0c4e",66,2,4,2,"experience",2,"exp3"
"5ef4d8b87faaa00c0dea0c4e",67,20,5.5,20,"experience",20,"exp3"
"5ef4d8b87faaa00c0dea0c4e",68,10,5.9464274989274,10,"experience",10,"exp3"
"5ef4d8b87faaa00c0dea0c4e",69,2,4,2,"experience",2,"exp3"
"5ef4d8b87faaa00c0dea0c4e",70,2,4,2,"experience",2,"exp3"
"5ef4d8b87faaa00c0dea0c4e",71,10,5.9464274989274,10,"experience",10,"exp3"
"5ef4d8b87faaa00c0dea0c4e",72,20,5.5,20,"experience",20,"exp3"
"5ef4d8b87faaa00c0dea0c4e",73,20,5.5,20,"experience",20,"exp3"
"5ef4d8b87faaa00c0dea0c4e",74,20,5.5,20,"experience",20,"exp3"
"5ef4d8b87faaa00c0dea0c4e",75,20,5.5,20,"experience",20,"exp3"
"5ef4d8b87faaa00c0dea0c4e",76,2,4,2,"experience",2,"exp3"
"5ef4d8b87faaa00c0dea0c4e",77,20,5.5,20,"experience",20,"exp3"
"5ef4d8b87faaa00c0dea0c4e",78,10,5.9464274989274,10,"experience",10,"exp3"
"5ef4d8b87faaa00c0dea0c4e",79,20,5.5,20,"experience",20,"exp3"
"5ef4d8b87faaa00c0dea0c4e",80,20,5.5,20,"experience",20,"exp3"
"5ef4d8b87faaa00c0dea0c4e",81,10,5.9464274989274,10,"experience",10,"exp3"
"5ef4d8b87faaa00c0dea0c4e",82,2,4,2,"experience",2,"exp3"
"5ef4d8b87faaa00c0dea0c4e",83,10,5.9464274989274,10,"experience",10,"exp3"
"5ef4d8b87faaa00c0dea0c4e",84,10,5.9464274989274,10,"experience",10,"exp3"
"5ef4d8b87faaa00c0dea0c4e",85,2,4,2,"experience",2,"exp3"
"5ef4d8b87faaa00c0dea0c4e",86,10,5.9464274989274,10,"experience",10,"exp3"
"5ef4d8b87faaa00c0dea0c4e",87,2,4,2,"experience",2,"exp3"
"5ef4d8b87faaa00c0dea0c4e",88,20,5.5,20,"experience",20,"exp3"
"5ef4d8b87faaa00c0dea0c4e",89,20,5.5,20,"experience",20,"exp3"
"5ef4d8b87faaa00c0dea0c4e",90,20,5.5,20,"experience",20,"exp3"
"5ef4d8b87faaa00c0dea0c4e",91,2,4,2,"experience",2,"exp3"
"5ef4d8b87faaa00c0dea0c4e",92,20,5.5,20,"experience",20,"exp3"
"5ef4d8b87faaa00c0dea0c4e",93,10,5.9464274989274,10,"experience",10,"exp3"
"5ef4d8b87faaa00c0dea0c4e",94,20,5.5,20,"experience",20,"exp3"
"5ef4d8b87faaa00c0dea0c4e",95,20,5.5,20,"experience",20,"exp3"
"5ef4d8b87faaa00c0dea0c4e",96,2,4,2,"experience",2,"exp3"
"5ef4d8b87faaa00c0dea0c4e",97,10,5.9464274989274,10,"experience",10,"exp3"
"5ef4d8b87faaa00c0dea0c4e",98,10,5.9464274989274,10,"experience",10,"exp3"
"5ef4d8b87faaa00c0dea0c4e",99,20,5.5,20,"experience",20,"exp3"
"5ef4d8b87faaa00c0dea0c4e",100,2,4,2,"experience",2,"exp3"
"5ef4d8b87faaa00c0dea0c4e",101,2,4,2,"experience",2,"exp3"
"5ef4d8b87faaa00c0dea0c4e",102,10,5.9464274989274,10,"experience",10,"exp3"
"5ef4d8b87faaa00c0dea0c4e",103,20,5.5,20,"experience",20,"exp3"
"5ef4d8b87faaa00c0dea0c4e",104,10,5.9464274989274,10,"experience",10,"exp3"
"5ef4d8b87faaa00c0dea0c4e",105,10,5.9464274989274,10,"experience",10,"exp3"
"5ef4d8b87faaa00c0dea0c4e",106,2,4,2,"experience",2,"exp3"
"5ef4d8b87faaa00c0dea0c4e",107,10,5.9464274989274,10,"experience",10,"exp3"
"5ef4d8b87faaa00c0dea0c4e",108,2,4,2,"experience",2,"exp3"
"615dd5ed4fd5b2c64eee7e99",6,2,4.5,2,"experience",2,"exp3"
"615dd5ed4fd5b2c64eee7e99",10,10,5.40740233383831,10,"experience",10,"exp3"
"615dd5ed4fd5b2c64eee7e99",13,2,4,2,"experience",2,"exp3"
"615dd5ed4fd5b2c64eee7e99",14,2,4,2,"experience",2,"exp3"
"615dd5ed4fd5b2c64eee7e99",15,2,4,2,"experience",2,"exp3"
"615dd5ed4fd5b2c64eee7e99",16,2,4,2,"experience",2,"exp3"
"615dd5ed4fd5b2c64eee7e99",17,2,4,2,"experience",2,"exp3"
"615dd5ed4fd5b2c64eee7e99",18,20,5.5,20,"experience",20,"exp3"
"615dd5ed4fd5b2c64eee7e99",19,20,5.5,20,"experience",20,"exp3"
"615dd5ed4fd5b2c64eee7e99",20,2,4,2,"experience",2,"exp3"
"615dd5ed4fd5b2c64eee7e99",21,10,5.9464274989274,10,"experience",10,"exp3"
"615dd5ed4fd5b2c64eee7e99",22,20,5.5,20,"experience",20,"exp3"
"615dd5ed4fd5b2c64eee7e99",23,2,4,2,"experience",2,"exp3"
"615dd5ed4fd5b2c64eee7e99",24,10,5.9464274989274,10,"experience",10,"exp3"
"615dd5ed4fd5b2c64eee7e99",25,2,4,2,"experience",2,"exp3"
"615dd5ed4fd5b2c64eee7e99",26,20,5.5,20,"experience",20,"exp3"
"615dd5ed4fd5b2c64eee7e99",27,10,5.9464274989274,10,"experience",10,"exp3"
"615dd5ed4fd5b2c64eee7e99",28,20,5.5,20,"experience",20,"exp3"
"615dd5ed4fd5b2c64eee7e99",29,20,5.5,20,"experience",20,"exp3"
"615dd5ed4fd5b2c64eee7e99",30,2,4,2,"experience",2,"exp3"
"615dd5ed4fd5b2c64eee7e99",31,20,5.5,20,"experience",20,"exp3"
"615dd5ed4fd5b2c64eee7e99",32,2,4,2,"experience",2,"exp3"
"615dd5ed4fd5b2c64eee7e99",33,10,5.9464274989274,10,"experience",10,"exp3"
"615dd5ed4fd5b2c64eee7e99",34,2,4,2,"experience",2,"exp3"
"615dd5ed4fd5b2c64eee7e99",35,20,5.5,20,"experience",20,"exp3"
"615dd5ed4fd5b2c64eee7e99",36,20,5.5,20,"experience",20,"exp3"
"615dd5ed4fd5b2c64eee7e99",37,20,5.5,20,"experience",20,"exp3"
"615dd5ed4fd5b2c64eee7e99",38,10,5.9464274989274,10,"experience",10,"exp3"
"615dd5ed4fd5b2c64eee7e99",39,10,5.9464274989274,10,"experience",10,"exp3"
"615dd5ed4fd5b2c64eee7e99",40,20,5.5,20,"experience",20,"exp3"
"615dd5ed4fd5b2c64eee7e99",41,2,4,2,"experience",2,"exp3"
"615dd5ed4fd5b2c64eee7e99",42,20,5.5,20,"experience",20,"exp3"
"615dd5ed4fd5b2c64eee7e99",43,10,5.9464274989274,10,"experience",10,"exp3"
"615dd5ed4fd5b2c64eee7e99",44,2,4,2,"experience",2,"exp3"
"615dd5ed4fd5b2c64eee7e99",45,10,5.9464274989274,10,"experience",10,"exp3"
"615dd5ed4fd5b2c64eee7e99",46,2,4,2,"experience",2,"exp3"
"615dd5ed4fd5b2c64eee7e99",47,10,5.9464274989274,10,"experience",10,"exp3"
"615dd5ed4fd5b2c64eee7e99",48,10,5.9464274989274,10,"experience",10,"exp3"
"615dd5ed4fd5b2c64eee7e99",49,20,5.5,20,"experience",20,"exp3"
"615dd5ed4fd5b2c64eee7e99",50,10,5.9464274989274,10,"experience",10,"exp3"
"615dd5ed4fd5b2c64eee7e99",51,10,5.9464274989274,10,"experience",10,"exp3"
"615dd5ed4fd5b2c64eee7e99",52,20,5.5,20,"experience",20,"exp3"
"615dd5ed4fd5b2c64eee7e99",53,2,4,2,"experience",2,"exp3"
"615dd5ed4fd5b2c64eee7e99",54,10,5.9464274989274,10,"experience",10,"exp3"
"615dd5ed4fd5b2c64eee7e99",55,10,5.9464274989274,10,"experience",10,"exp3"
"615dd5ed4fd5b2c64eee7e99",56,20,5.5,20,"experience",20,"exp3"
"615dd5ed4fd5b2c64eee7e99",57,2,4,2,"experience",2,"exp3"
"615dd5ed4fd5b2c64eee7e99",58,20,5.5,20,"experience",20,"exp3"
"615dd5ed4fd5b2c64eee7e99",59,10,5.9464274989274,10,"experience",10,"exp3"
"615dd5ed4fd5b2c64eee7e99",60,10,5.9464274989274,10,"experience",10,"exp3"
"615dd5ed4fd5b2c64eee7e99",61,2,4,2,"experience",2,"exp3"
"615dd5ed4fd5b2c64eee7e99",62,2,4,2,"experience",2,"exp3"
"615dd5ed4fd5b2c64eee7e99",63,10,5.9464274989274,10,"experience",10,"exp3"
"615dd5ed4fd5b2c64eee7e99",64,20,5.5,20,"experience",20,"exp3"
"615dd5ed4fd5b2c64eee7e99",65,2,4,2,"experience",2,"exp3"
"615dd5ed4fd5b2c64eee7e99",66,20,5.5,20,"experience",20,"exp3"
"615dd5ed4fd5b2c64eee7e99",67,2,4,2,"experience",2,"exp3"
"615dd5ed4fd5b2c64eee7e99",68,2,4,2,"experience",2,"exp3"
"615dd5ed4fd5b2c64eee7e99",69,10,5.9464274989274,10,"experience",10,"exp3"
"615dd5ed4fd5b2c64eee7e99",70,2,4,2,"experience",2,"exp3"
"615dd5ed4fd5b2c64eee7e99",71,20,5.5,20,"experience",20,"exp3"
"615dd5ed4fd5b2c64eee7e99",72,20,5.5,20,"experience",20,"exp3"
"615dd5ed4fd5b2c64eee7e99",73,20,5.5,20,"experience",20,"exp3"
"615dd5ed4fd5b2c64eee7e99",74,2,4,2,"experience",2,"exp3"
"615dd5ed4fd5b2c64eee7e99",75,2,4,2,"experience",2,"exp3"
"615dd5ed4fd5b2c64eee7e99",76,10,5.9464274989274,10,"experience",10,"exp3"
"615dd5ed4fd5b2c64eee7e99",77,10,5.9464274989274,10,"experience",10,"exp3"
"615dd5ed4fd5b2c64eee7e99",78,10,5.9464274989274,10,"experience",10,"exp3"
"615dd5ed4fd5b2c64eee7e99",79,10,5.9464274989274,10,"experience",10,"exp3"
"615dd5ed4fd5b2c64eee7e99",80,20,5.5,20,"experience",20,"exp3"
"615dd5ed4fd5b2c64eee7e99",81,2,4,2,"experience",2,"exp3"
"615dd5ed4fd5b2c64eee7e99",82,10,5.9464274989274,10,"experience",10,"exp3"
"615dd5ed4fd5b2c64eee7e99",83,20,5.5,20,"experience",20,"exp3"
"615dd5ed4fd5b2c64eee7e99",84,20,5.5,20,"experience",20,"exp3"
"615dd5ed4fd5b2c64eee7e99",85,2,4,2,"experience",2,"exp3"
"615dd5ed4fd5b2c64eee7e99",86,10,5.9464274989274,10,"experience",10,"exp3"
"615dd5ed4fd5b2c64eee7e99",87,20,5.5,20,"experience",20,"exp3"
"615dd5ed4fd5b2c64eee7e99",88,2,4,2,"experience",2,"exp3"
"615dd5ed4fd5b2c64eee7e99",89,10,5.9464274989274,10,"experience",10,"exp3"
"615dd5ed4fd5b2c64eee7e99",90,20,5.5,20,"experience",20,"exp3"
"615dd5ed4fd5b2c64eee7e99",91,10,5.9464274989274,10,"experience",10,"exp3"
"615dd5ed4fd5b2c64eee7e99",92,2,4,2,"experience",2,"exp3"
"615dd5ed4fd5b2c64eee7e99",93,10,5.9464274989274,10,"experience",10,"exp3"
"615dd5ed4fd5b2c64eee7e99",94,20,5.5,20,"experience",20,"exp3"
"615dd5ed4fd5b2c64eee7e99",95,2,4,2,"experience",2,"exp3"
"615dd5ed4fd5b2c64eee7e99",96,10,5.9464274989274,10,"experience",10,"exp3"
"615dd5ed4fd5b2c64eee7e99",97,20,5.5,20,"experience",20,"exp3"
"615dd5ed4fd5b2c64eee7e99",98,2,4,2,"experience",2,"exp3"
"615dd5ed4fd5b2c64eee7e99",99,20,5.5,20,"experience",20,"exp3"
"615dd5ed4fd5b2c64eee7e99",100,2,4,2,"experience",2,"exp3"
"615dd5ed4fd5b2c64eee7e99",101,10,5.9464274989274,10,"experience",10,"exp3"
"615dd5ed4fd5b2c64eee7e99",102,10,5.9464274989274,10,"experience",10,"exp3"
"615dd5ed4fd5b2c64eee7e99",103,10,5.9464274989274,10,"experience",10,"exp3"
"615dd5ed4fd5b2c64eee7e99",104,20,5.5,20,"experience",20,"exp3"
"615dd5ed4fd5b2c64eee7e99",105,20,5.5,20,"experience",20,"exp3"
"615dd5ed4fd5b2c64eee7e99",106,2,4,2,"experience",2,"exp3"
"615dd5ed4fd5b2c64eee7e99",107,10,5.9464274989274,10,"experience",10,"exp3"
"615dd5ed4fd5b2c64eee7e99",108,20,5.5,20,"experience",20,"exp3"
"62b146e365eca239ef0dbbfb",10,2,3.5,2,"experience",2,"exp3"
"62b146e365eca239ef0dbbfb",13,2,4,2,"experience",2,"exp3"
"62b146e365eca239ef0dbbfb",14,10,5.9464274989274,10,"experience",10,"exp3"
"62b146e365eca239ef0dbbfb",15,20,5.5,20,"experience",20,"exp3"
"62b146e365eca239ef0dbbfb",16,20,5.5,20,"experience",20,"exp3"
"62b146e365eca239ef0dbbfb",17,10,5.9464274989274,10,"experience",10,"exp3"
"62b146e365eca239ef0dbbfb",18,10,5.9464274989274,10,"experience",10,"exp3"
"62b146e365eca239ef0dbbfb",19,2,4,2,"experience",2,"exp3"
"62b146e365eca239ef0dbbfb",20,20,5.5,20,"experience",20,"exp3"
"62b146e365eca239ef0dbbfb",21,20,5.5,20,"experience",20,"exp3"
"62b146e365eca239ef0dbbfb",22,20,5.5,20,"experience",20,"exp3"
"62b146e365eca239ef0dbbfb",23,20,5.5,20,"experience",20,"exp3"
"62b146e365eca239ef0dbbfb",24,20,5.5,20,"experience",20,"exp3"
"62b146e365eca239ef0dbbfb",25,20,5.5,20,"experience",20,"exp3"
"62b146e365eca239ef0dbbfb",26,2,4,2,"experience",2,"exp3"
"62b146e365eca239ef0dbbfb",27,10,5.9464274989274,10,"experience",10,"exp3"
"62b146e365eca239ef0dbbfb",28,2,4,2,"experience",2,"exp3"
"62b146e365eca239ef0dbbfb",29,2,4,2,"experience",2,"exp3"
"62b146e365eca239ef0dbbfb",30,2,4,2,"experience",2,"exp3"
"62b146e365eca239ef0dbbfb",31,20,5.5,20,"experience",20,"exp3"
"62b146e365eca239ef0dbbfb",32,10,5.9464274989274,10,"experience",10,"exp3"
"62b146e365eca239ef0dbbfb",33,2,4,2,"experience",2,"exp3"
"62b146e365eca239ef0dbbfb",34,10,5.9464274989274,10,"experience",10,"exp3"
"62b146e365eca239ef0dbbfb",35,2,4,2,"experience",2,"exp3"
"62b146e365eca239ef0dbbfb",36,20,5.5,20,"experience",20,"exp3"
"62b146e365eca239ef0dbbfb",37,2,4,2,"experience",2,"exp3"
"62b146e365eca239ef0dbbfb",38,20,5.5,20,"experience",20,"exp3"
"62b146e365eca239ef0dbbfb",39,20,5.5,20,"experience",20,"exp3"
"62b146e365eca239ef0dbbfb",40,2,4,2,"experience",2,"exp3"
"62b146e365eca239ef0dbbfb",41,10,5.9464274989274,10,"experience",10,"exp3"
"62b146e365eca239ef0dbbfb",42,2,4,2,"experience",2,"exp3"
"62b146e365eca239ef0dbbfb",43,2,4,2,"experience",2,"exp3"
"62b146e365eca239ef0dbbfb",44,10,5.9464274989274,10,"experience",10,"exp3"
"62b146e365eca239ef0dbbfb",45,10,5.9464274989274,10,"experience",10,"exp3"
"62b146e365eca239ef0dbbfb",46,10,5.9464274989274,10,"experience",10,"exp3"
"62b146e365eca239ef0dbbfb",47,10,5.9464274989274,10,"experience",10,"exp3"
"62b146e365eca239ef0dbbfb",48,20,5.5,20,"experience",20,"exp3"
"62b146e365eca239ef0dbbfb",49,2,4,2,"experience",2,"exp3"
"62b146e365eca239ef0dbbfb",50,20,5.5,20,"experience",20,"exp3"
"62b146e365eca239ef0dbbfb",51,20,5.5,20,"experience",20,"exp3"
"62b146e365eca239ef0dbbfb",52,10,5.9464274989274,10,"experience",10,"exp3"
"62b146e365eca239ef0dbbfb",53,20,5.5,20,"experience",20,"exp3"
"62b146e365eca239ef0dbbfb",54,10,5.9464274989274,10,"experience",10,"exp3"
"62b146e365eca239ef0dbbfb",55,2,4,2,"experience",2,"exp3"
"62b146e365eca239ef0dbbfb",56,2,4,2,"experience",2,"exp3"
"62b146e365eca239ef0dbbfb",57,10,5.9464274989274,10,"experience",10,"exp3"
"62b146e365eca239ef0dbbfb",58,10,5.9464274989274,10,"experience",10,"exp3"
"62b146e365eca239ef0dbbfb",59,10,5.9464274989274,10,"experience",10,"exp3"
"62b146e365eca239ef0dbbfb",60,2,4,2,"experience",2,"exp3"
"62b146e365eca239ef0dbbfb",61,20,5.5,20,"experience",20,"exp3"
"62b146e365eca239ef0dbbfb",62,10,5.9464274989274,10,"experience",10,"exp3"
"62b146e365eca239ef0dbbfb",63,2,4,2,"experience",2,"exp3"
"62b146e365eca239ef0dbbfb",64,10,5.9464274989274,10,"experience",10,"exp3"
"62b146e365eca239ef0dbbfb",65,2,4,2,"experience",2,"exp3"
"62b146e365eca239ef0dbbfb",66,20,5.5,20,"experience",20,"exp3"
"62b146e365eca239ef0dbbfb",67,20,5.5,20,"experience",20,"exp3"
"62b146e365eca239ef0dbbfb",68,20,5.5,20,"experience",20,"exp3"
"62b146e365eca239ef0dbbfb",69,2,4,2,"experience",2,"exp3"
"62b146e365eca239ef0dbbfb",70,2,4,2,"experience",2,"exp3"
"62b146e365eca239ef0dbbfb",71,20,5.5,20,"experience",20,"exp3"
"62b146e365eca239ef0dbbfb",72,20,5.5,20,"experience",20,"exp3"
"62b146e365eca239ef0dbbfb",73,2,4,2,"experience",2,"exp3"
"62b146e365eca239ef0dbbfb",74,20,5.5,20,"experience",20,"exp3"
"62b146e365eca239ef0dbbfb",75,20,5.5,20,"experience",20,"exp3"
"62b146e365eca239ef0dbbfb",76,20,5.5,20,"experience",20,"exp3"
"62b146e365eca239ef0dbbfb",77,2,4,2,"experience",2,"exp3"
"62b146e365eca239ef0dbbfb",78,2,4,2,"experience",2,"exp3"
"62b146e365eca239ef0dbbfb",79,2,4,2,"experience",2,"exp3"
"62b146e365eca239ef0dbbfb",80,2,4,2,"experience",2,"exp3"
"62b146e365eca239ef0dbbfb",81,2,4,2,"experience",2,"exp3"
"62b146e365eca239ef0dbbfb",82,20,5.5,20,"experience",20,"exp3"
"62b146e365eca239ef0dbbfb",83,10,5.9464274989274,10,"experience",10,"exp3"
"62b146e365eca239ef0dbbfb",84,10,5.9464274989274,10,"experience",10,"exp3"
"62b146e365eca239ef0dbbfb",85,10,5.9464274989274,10,"experience",10,"exp3"
"62b146e365eca239ef0dbbfb",86,10,5.9464274989274,10,"experience",10,"exp3"
"62b146e365eca239ef0dbbfb",87,2,4,2,"experience",2,"exp3"
"62b146e365eca239ef0dbbfb",88,10,5.9464274989274,10,"experience",10,"exp3"
"62b146e365eca239ef0dbbfb",89,10,5.9464274989274,10,"experience",10,"exp3"
"62b146e365eca239ef0dbbfb",90,2,4,2,"experience",2,"exp3"
"62b146e365eca239ef0dbbfb",91,10,5.9464274989274,10,"experience",10,"exp3"
"62b146e365eca239ef0dbbfb",92,20,5.5,20,"experience",20,"exp3"
"62b146e365eca239ef0dbbfb",93,10,5.9464274989274,10,"experience",10,"exp3"
"62b146e365eca239ef0dbbfb",94,20,5.5,20,"experience",20,"exp3"
"62b146e365eca239ef0dbbfb",95,20,5.5,20,"experience",20,"exp3"
"62b146e365eca239ef0dbbfb",96,20,5.5,20,"experience",20,"exp3"
"62b146e365eca239ef0dbbfb",97,20,5.5,20,"experience",20,"exp3"
"62b146e365eca239ef0dbbfb",98,2,4,2,"experience",2,"exp3"
"62b146e365eca239ef0dbbfb",99,20,5.5,20,"experience",20,"exp3"
"62b146e365eca239ef0dbbfb",100,2,4,2,"experience",2,"exp3"
"62b146e365eca239ef0dbbfb",101,10,5.9464274989274,10,"experience",10,"exp3"
"62b146e365eca239ef0dbbfb",102,2,4,2,"experience",2,"exp3"
"62b146e365eca239ef0dbbfb",103,10,5.9464274989274,10,"experience",10,"exp3"
"62b146e365eca239ef0dbbfb",104,2,4,2,"experience",2,"exp3"
"62b146e365eca239ef0dbbfb",105,10,5.9464274989274,10,"experience",10,"exp3"
"62b146e365eca239ef0dbbfb",106,10,5.9464274989274,10,"experience",10,"exp3"
"62b146e365eca239ef0dbbfb",107,10,5.9464274989274,10,"experience",10,"exp3"
"62b146e365eca239ef0dbbfb",108,10,5.9464274989274,10,"experience",10,"exp3"
"6677878aeb0f9e2e3f5fcc28",13,10,5.9464274989274,10,"experience",10,"exp3"
"6677878aeb0f9e2e3f5fcc28",14,20,5.5,20,"experience",20,"exp3"
"6677878aeb0f9e2e3f5fcc28",15,2,4,2,"experience",2,"exp3"
"6677878aeb0f9e2e3f5fcc28",16,20,5.5,20,"experience",20,"exp3"
"6677878aeb0f9e2e3f5fcc28",17,10,5.9464274989274,10,"experience",10,"exp3"
"6677878aeb0f9e2e3f5fcc28",18,10,5.9464274989274,10,"experience",10,"exp3"
"6677878aeb0f9e2e3f5fcc28",19,20,5.5,20,"experience",20,"exp3"
"6677878aeb0f9e2e3f5fcc28",20,10,5.9464274989274,10,"experience",10,"exp3"
"6677878aeb0f9e2e3f5fcc28",21,2,4,2,"experience",2,"exp3"
"6677878aeb0f9e2e3f5fcc28",22,10,5.9464274989274,10,"experience",10,"exp3"
"6677878aeb0f9e2e3f5fcc28",23,20,5.5,20,"experience",20,"exp3"
"6677878aeb0f9e2e3f5fcc28",24,10,5.9464274989274,10,"experience",10,"exp3"
"6677878aeb0f9e2e3f5fcc28",25,10,5.9464274989274,10,"experience",10,"exp3"
"6677878aeb0f9e2e3f5fcc28",26,20,5.5,20,"experience",20,"exp3"
"6677878aeb0f9e2e3f5fcc28",27,2,4,2,"experience",2,"exp3"
"6677878aeb0f9e2e3f5fcc28",28,20,5.5,20,"experience",20,"exp3"
"6677878aeb0f9e2e3f5fcc28",29,10,5.9464274989274,10,"experience",10,"exp3"
"6677878aeb0f9e2e3f5fcc28",30,20,5.5,20,"experience",20,"exp3"
"6677878aeb0f9e2e3f5fcc28",31,2,4,2,"experience",2,"exp3"
"6677878aeb0f9e2e3f5fcc28",32,10,5.9464274989274,10,"experience",10,"exp3"
"6677878aeb0f9e2e3f5fcc28",33,10,5.9464274989274,10,"experience",10,"exp3"
"6677878aeb0f9e2e3f5fcc28",34,2,4,2,"experience",2,"exp3"
"6677878aeb0f9e2e3f5fcc28",35,2,4,2,"experience",2,"exp3"
"6677878aeb0f9e2e3f5fcc28",36,20,5.5,20,"experience",20,"exp3"
"6677878aeb0f9e2e3f5fcc28",37,10,5.9464274989274,10,"experience",10,"exp3"
"6677878aeb0f9e2e3f5fcc28",38,2,4,2,"experience",2,"exp3"
"6677878aeb0f9e2e3f5fcc28",39,2,4,2,"experience",2,"exp3"
"6677878aeb0f9e2e3f5fcc28",40,10,5.9464274989274,10,"experience",10,"exp3"
"6677878aeb0f9e2e3f5fcc28",41,20,5.5,20,"experience",20,"exp3"
"6677878aeb0f9e2e3f5fcc28",42,20,5.5,20,"experience",20,"exp3"
"6677878aeb0f9e2e3f5fcc28",43,2,4,2,"experience",2,"exp3"
"6677878aeb0f9e2e3f5fcc28",44,2,4,2,"experience",2,"exp3"
"6677878aeb0f9e2e3f5fcc28",45,20,5.5,20,"experience",20,"exp3"
"6677878aeb0f9e2e3f5fcc28",46,2,4,2,"experience",2,"exp3"
"6677878aeb0f9e2e3f5fcc28",47,2,4,2,"experience",2,"exp3"
"6677878aeb0f9e2e3f5fcc28",48,20,5.5,20,"experience",20,"exp3"
"6677878aeb0f9e2e3f5fcc28",49,20,5.5,20,"experience",20,"exp3"
"6677878aeb0f9e2e3f5fcc28",50,10,5.9464274989274,10,"experience",10,"exp3"
"6677878aeb0f9e2e3f5fcc28",51,2,4,2,"experience",2,"exp3"
"6677878aeb0f9e2e3f5fcc28",52,2,4,2,"experience",2,"exp3"
"6677878aeb0f9e2e3f5fcc28",53,20,5.5,20,"experience",20,"exp3"
"6677878aeb0f9e2e3f5fcc28",54,2,4,2,"experience",2,"exp3"
"6677878aeb0f9e2e3f5fcc28",55,20,5.5,20,"experience",20,"exp3"
"6677878aeb0f9e2e3f5fcc28",56,2,4,2,"experience",2,"exp3"
"6677878aeb0f9e2e3f5fcc28",57,10,5.9464274989274,10,"experience",10,"exp3"
"6677878aeb0f9e2e3f5fcc28",58,20,5.5,20,"experience",20,"exp3"
"6677878aeb0f9e2e3f5fcc28",59,10,5.9464274989274,10,"experience",10,"exp3"
"6677878aeb0f9e2e3f5fcc28",60,10,5.9464274989274,10,"experience",10,"exp3"
"6677878aeb0f9e2e3f5fcc28",61,10,5.9464274989274,10,"experience",10,"exp3"
"6677878aeb0f9e2e3f5fcc28",62,2,4,2,"experience",2,"exp3"
"6677878aeb0f9e2e3f5fcc28",63,2,4,2,"experience",2,"exp3"
"6677878aeb0f9e2e3f5fcc28",64,2,4,2,"experience",2,"exp3"
"6677878aeb0f9e2e3f5fcc28",65,2,4,2,"experience",2,"exp3"
"6677878aeb0f9e2e3f5fcc28",66,10,5.9464274989274,10,"experience",10,"exp3"
"6677878aeb0f9e2e3f5fcc28",67,10,5.9464274989274,10,"experience",10,"exp3"
"6677878aeb0f9e2e3f5fcc28",68,20,5.5,20,"experience",20,"exp3"
"6677878aeb0f9e2e3f5fcc28",69,20,5.5,20,"experience",20,"exp3"
"6677878aeb0f9e2e3f5fcc28",70,10,5.9464274989274,10,"experience",10,"exp3"
"6677878aeb0f9e2e3f5fcc28",71,10,5.9464274989274,10,"experience",10,"exp3"
"6677878aeb0f9e2e3f5fcc28",72,20,5.5,20,"experience",20,"exp3"
"6677878aeb0f9e2e3f5fcc28",73,2,4,2,"experience",2,"exp3"
"6677878aeb0f9e2e3f5fcc28",74,10,5.9464274989274,10,"experience",10,"exp3"
"6677878aeb0f9e2e3f5fcc28",75,2,4,2,"experience",2,"exp3"
"6677878aeb0f9e2e3f5fcc28",76,20,5.5,20,"experience",20,"exp3"
"6677878aeb0f9e2e3f5fcc28",77,10,5.9464274989274,10,"experience",10,"exp3"
"6677878aeb0f9e2e3f5fcc28",78,20,5.5,20,"experience",20,"exp3"
"6677878aeb0f9e2e3f5fcc28",79,20,5.5,20,"experience",20,"exp3"
"6677878aeb0f9e2e3f5fcc28",80,20,5.5,20,"experience",20,"exp3"
"6677878aeb0f9e2e3f5fcc28",81,20,5.5,20,"experience",20,"exp3"
"6677878aeb0f9e2e3f5fcc28",82,2,4,2,"experience",2,"exp3"
"6677878aeb0f9e2e3f5fcc28",83,10,5.9464274989274,10,"experience",10,"exp3"
"6677878aeb0f9e2e3f5fcc28",84,20,5.5,20,"experience",20,"exp3"
"6677878aeb0f9e2e3f5fcc28",85,2,4,2,"experience",2,"exp3"
"6677878aeb0f9e2e3f5fcc28",86,2,4,2,"experience",2,"exp3"
"6677878aeb0f9e2e3f5fcc28",87,10,5.9464274989274,10,"experience",10,"exp3"
"6677878aeb0f9e2e3f5fcc28",88,20,5.5,20,"experience",20,"exp3"
"6677878aeb0f9e2e3f5fcc28",89,2,4,2,"experience",2,"exp3"
"6677878aeb0f9e2e3f5fcc28",90,20,5.5,20,"experience",20,"exp3"
"6677878aeb0f9e2e3f5fcc28",91,2,4,2,"experience",2,"exp3"
"6677878aeb0f9e2e3f5fcc28",92,2,4,2,"experience",2,"exp3"
"6677878aeb0f9e2e3f5fcc28",93,10,5.9464274989274,10,"experience",10,"exp3"
"6677878aeb0f9e2e3f5fcc28",94,20,5.5,20,"experience",20,"exp3"
"6677878aeb0f9e2e3f5fcc28",95,10,5.9464274989274,10,"experience",10,"exp3"
"6677878aeb0f9e2e3f5fcc28",96,10,5.9464274989274,10,"experience",10,"exp3"
"6677878aeb0f9e2e3f5fcc28",97,10,5.9464274989274,10,"experience",10,"exp3"
"6677878aeb0f9e2e3f5fcc28",98,10,5.9464274989274,10,"experience",10,"exp3"
"6677878aeb0f9e2e3f5fcc28",99,2,4,2,"experience",2,"exp3"
"6677878aeb0f9e2e3f5fcc28",100,10,5.9464274989274,10,"experience",10,"exp3"
"6677878aeb0f9e2e3f5fcc28",101,20,5.5,20,"experience",20,"exp3"
"6677878aeb0f9e2e3f5fcc28",102,2,4,2,"experience",2,"exp3"
"6677878aeb0f9e2e3f5fcc28",103,10,5.9464274989274,10,"experience",10,"exp3"
"6677878aeb0f9e2e3f5fcc28",104,20,5.5,20,"experience",20,"exp3"
"6677878aeb0f9e2e3f5fcc28",105,20,5.5,20,"experience",20,"exp3"
"6677878aeb0f9e2e3f5fcc28",106,2,4,2,"experience",2,"exp3"
"6677878aeb0f9e2e3f5fcc28",107,2,4,2,"experience",2,"exp3"
"6677878aeb0f9e2e3f5fcc28",108,20,5.5,20,"experience",20,"exp3"
"5d17ce93ac37cd0019535088",6,10,5.66480361530742,10,"experience",10,"exp3"
"5d17ce93ac37cd0019535088",8,2,5.5,2,"experience",2,"exp3"
"5d17ce93ac37cd0019535088",12,2,5,2,"experience",2,"exp3"
"5d17ce93ac37cd0019535088",13,20,5.5,20,"experience",20,"exp3"
"5d17ce93ac37cd0019535088",14,2,4,2,"experience",2,"exp3"
"5d17ce93ac37cd0019535088",15,20,5.5,20,"experience",20,"exp3"
"5d17ce93ac37cd0019535088",16,2,4,2,"experience",2,"exp3"
"5d17ce93ac37cd0019535088",17,20,5.5,20,"experience",20,"exp3"
"5d17ce93ac37cd0019535088",18,20,5.5,20,"experience",20,"exp3"
"5d17ce93ac37cd0019535088",19,20,5.5,20,"experience",20,"exp3"
"5d17ce93ac37cd0019535088",20,2,4,2,"experience",2,"exp3"
"5d17ce93ac37cd0019535088",21,2,4,2,"experience",2,"exp3"
"5d17ce93ac37cd0019535088",22,2,4,2,"experience",2,"exp3"
"5d17ce93ac37cd0019535088",23,2,4,2,"experience",2,"exp3"
"5d17ce93ac37cd0019535088",24,20,5.5,20,"experience",20,"exp3"
"5d17ce93ac37cd0019535088",25,2,4,2,"experience",2,"exp3"
"5d17ce93ac37cd0019535088",26,20,5.5,20,"experience",20,"exp3"
"5d17ce93ac37cd0019535088",27,20,5.5,20,"experience",20,"exp3"
"5d17ce93ac37cd0019535088",28,20,5.5,20,"experience",20,"exp3"
"5d17ce93ac37cd0019535088",29,20,5.5,20,"experience",20,"exp3"
"5d17ce93ac37cd0019535088",30,20,5.5,20,"experience",20,"exp3"
"5d17ce93ac37cd0019535088",31,20,5.5,20,"experience",20,"exp3"
"5d17ce93ac37cd0019535088",32,20,5.5,20,"experience",20,"exp3"
"5d17ce93ac37cd0019535088",33,20,5.5,20,"experience",20,"exp3"
"5d17ce93ac37cd0019535088",34,2,4,2,"experience",2,"exp3"
"5d17ce93ac37cd0019535088",35,20,5.5,20,"experience",20,"exp3"
"5d17ce93ac37cd0019535088",36,2,4,2,"experience",2,"exp3"
"5d17ce93ac37cd0019535088",37,2,4,2,"experience",2,"exp3"
"5d17ce93ac37cd0019535088",38,20,5.5,20,"experience",20,"exp3"
"5d17ce93ac37cd0019535088",39,2,4,2,"experience",2,"exp3"
"5d17ce93ac37cd0019535088",40,2,4,2,"experience",2,"exp3"
"5d17ce93ac37cd0019535088",41,2,4,2,"experience",2,"exp3"
"5d17ce93ac37cd0019535088",42,2,4,2,"experience",2,"exp3"
"5d17ce93ac37cd0019535088",43,2,4,2,"experience",2,"exp3"
"5d17ce93ac37cd0019535088",44,2,4,2,"experience",2,"exp3"
"5d17ce93ac37cd0019535088",45,10,5.9464274989274,10,"experience",10,"exp3"
"5d17ce93ac37cd0019535088",46,10,5.9464274989274,10,"experience",10,"exp3"
"5d17ce93ac37cd0019535088",47,10,5.9464274989274,10,"experience",10,"exp3"
"5d17ce93ac37cd0019535088",48,10,5.9464274989274,10,"experience",10,"exp3"
"5d17ce93ac37cd0019535088",49,10,5.9464274989274,10,"experience",10,"exp3"
"5d17ce93ac37cd0019535088",50,10,5.9464274989274,10,"experience",10,"exp3"
"5d17ce93ac37cd0019535088",51,10,5.9464274989274,10,"experience",10,"exp3"
"5d17ce93ac37cd0019535088",52,10,5.9464274989274,10,"experience",10,"exp3"
"5d17ce93ac37cd0019535088",53,10,5.9464274989274,10,"experience",10,"exp3"
"5d17ce93ac37cd0019535088",54,10,5.9464274989274,10,"experience",10,"exp3"
"5d17ce93ac37cd0019535088",55,10,5.9464274989274,10,"experience",10,"exp3"
"5d17ce93ac37cd0019535088",56,10,5.9464274989274,10,"experience",10,"exp3"
"5d17ce93ac37cd0019535088",57,10,5.9464274989274,10,"experience",10,"exp3"
"5d17ce93ac37cd0019535088",58,10,5.9464274989274,10,"experience",10,"exp3"
"5d17ce93ac37cd0019535088",59,10,5.9464274989274,10,"experience",10,"exp3"
"5d17ce93ac37cd0019535088",60,10,5.9464274989274,10,"experience",10,"exp3"
"5d17ce93ac37cd0019535088",61,2,4,2,"experience",2,"exp3"
"5d17ce93ac37cd0019535088",62,2,4,2,"experience",2,"exp3"
"5d17ce93ac37cd0019535088",63,2,4,2,"experience",2,"exp3"
"5d17ce93ac37cd0019535088",64,2,4,2,"experience",2,"exp3"
"5d17ce93ac37cd0019535088",65,10,5.9464274989274,10,"experience",10,"exp3"
"5d17ce93ac37cd0019535088",66,10,5.9464274989274,10,"experience",10,"exp3"
"5d17ce93ac37cd0019535088",67,10,5.9464274989274,10,"experience",10,"exp3"
"5d17ce93ac37cd0019535088",68,10,5.9464274989274,10,"experience",10,"exp3"
"5d17ce93ac37cd0019535088",69,2,4,2,"experience",2,"exp3"
"5d17ce93ac37cd0019535088",70,10,5.9464274989274,10,"experience",10,"exp3"
"5d17ce93ac37cd0019535088",71,10,5.9464274989274,10,"experience",10,"exp3"
"5d17ce93ac37cd0019535088",72,2,4,2,"experience",2,"exp3"
"5d17ce93ac37cd0019535088",73,2,4,2,"experience",2,"exp3"
"5d17ce93ac37cd0019535088",74,2,4,2,"experience",2,"exp3"
"5d17ce93ac37cd0019535088",75,10,5.9464274989274,10,"experience",10,"exp3"
"5d17ce93ac37cd0019535088",76,2,4,2,"experience",2,"exp3"
"5d17ce93ac37cd0019535088",77,10,5.9464274989274,10,"experience",10,"exp3"
"5d17ce93ac37cd0019535088",78,2,4,2,"experience",2,"exp3"
"5d17ce93ac37cd0019535088",79,2,4,2,"experience",2,"exp3"
"5d17ce93ac37cd0019535088",80,10,5.9464274989274,10,"experience",10,"exp3"
"5d17ce93ac37cd0019535088",81,10,5.9464274989274,10,"experience",10,"exp3"
"5d17ce93ac37cd0019535088",82,2,4,2,"experience",2,"exp3"
"5d17ce93ac37cd0019535088",83,10,5.9464274989274,10,"experience",10,"exp3"
"5d17ce93ac37cd0019535088",84,10,5.9464274989274,10,"experience",10,"exp3"
"5d17ce93ac37cd0019535088",85,2,4,2,"experience",2,"exp3"
"5d17ce93ac37cd0019535088",86,10,5.9464274989274,10,"experience",10,"exp3"
"5d17ce93ac37cd0019535088",87,10,5.9464274989274,10,"experience",10,"exp3"
"5d17ce93ac37cd0019535088",88,10,5.9464274989274,10,"experience",10,"exp3"
"5d17ce93ac37cd0019535088",89,10,5.9464274989274,10,"experience",10,"exp3"
"5d17ce93ac37cd0019535088",90,2,4,2,"experience",2,"exp3"
"5d17ce93ac37cd0019535088",91,2,4,2,"experience",2,"exp3"
"5d17ce93ac37cd0019535088",92,2,4,2,"experience",2,"exp3"
"5d17ce93ac37cd0019535088",93,20,5.5,20,"experience",20,"exp3"
"5d17ce93ac37cd0019535088",94,20,5.5,20,"experience",20,"exp3"
"5d17ce93ac37cd0019535088",95,20,5.5,20,"experience",20,"exp3"
"5d17ce93ac37cd0019535088",96,20,5.5,20,"experience",20,"exp3"
"5d17ce93ac37cd0019535088",97,20,5.5,20,"experience",20,"exp3"
"5d17ce93ac37cd0019535088",98,20,5.5,20,"experience",20,"exp3"
"5d17ce93ac37cd0019535088",99,20,5.5,20,"experience",20,"exp3"
"5d17ce93ac37cd0019535088",100,20,5.5,20,"experience",20,"exp3"
"5d17ce93ac37cd0019535088",101,20,5.5,20,"experience",20,"exp3"
"5d17ce93ac37cd0019535088",102,20,5.5,20,"experience",20,"exp3"
"5d17ce93ac37cd0019535088",103,20,5.5,20,"experience",20,"exp3"
"5d17ce93ac37cd0019535088",104,20,5.5,20,"experience",20,"exp3"
"5d17ce93ac37cd0019535088",105,20,5.5,20,"experience",20,"exp3"
"5d17ce93ac37cd0019535088",106,20,5.5,20,"experience",20,"exp3"
"5d17ce93ac37cd0019535088",107,20,5.5,20,"experience",20,"exp3"
"5d17ce93ac37cd0019535088",108,20,5.5,20,"experience",20,"exp3"
"5d17ce93ac37cd0019535088",6,10,5.66480361530742,10,"experience",10,"exp3"
"5d17ce93ac37cd0019535088",8,2,5.5,2,"experience",2,"exp3"
"5d17ce93ac37cd0019535088",12,2,5,2,"experience",2,"exp3"
"5d17ce93ac37cd0019535088",13,20,5.5,20,"experience",20,"exp3"
"5d17ce93ac37cd0019535088",14,2,4,2,"experience",2,"exp3"
"5d17ce93ac37cd0019535088",15,20,5.5,20,"experience",20,"exp3"
"5d17ce93ac37cd0019535088",16,2,4,2,"experience",2,"exp3"
"5d17ce93ac37cd0019535088",17,20,5.5,20,"experience",20,"exp3"
"5d17ce93ac37cd0019535088",18,20,5.5,20,"experience",20,"exp3"
"5d17ce93ac37cd0019535088",19,20,5.5,20,"experience",20,"exp3"
"5d17ce93ac37cd0019535088",20,2,4,2,"experience",2,"exp3"
"5d17ce93ac37cd0019535088",21,2,4,2,"experience",2,"exp3"
"5d17ce93ac37cd0019535088",22,2,4,2,"experience",2,"exp3"
"5d17ce93ac37cd0019535088",23,2,4,2,"experience",2,"exp3"
"5d17ce93ac37cd0019535088",24,20,5.5,20,"experience",20,"exp3"
"5d17ce93ac37cd0019535088",25,2,4,2,"experience",2,"exp3"
"5d17ce93ac37cd0019535088",26,20,5.5,20,"experience",20,"exp3"
"5d17ce93ac37cd0019535088",27,20,5.5,20,"experience",20,"exp3"
"5d17ce93ac37cd0019535088",28,20,5.5,20,"experience",20,"exp3"
"5d17ce93ac37cd0019535088",29,20,5.5,20,"experience",20,"exp3"
"5d17ce93ac37cd0019535088",30,20,5.5,20,"experience",20,"exp3"
"5d17ce93ac37cd0019535088",31,20,5.5,20,"experience",20,"exp3"
"5d17ce93ac37cd0019535088",32,20,5.5,20,"experience",20,"exp3"
"5d17ce93ac37cd0019535088",33,20,5.5,20,"experience",20,"exp3"
"5d17ce93ac37cd0019535088",34,2,4,2,"experience",2,"exp3"
"5d17ce93ac37cd0019535088",35,20,5.5,20,"experience",20,"exp3"
"5d17ce93ac37cd0019535088",36,2,4,2,"experience",2,"exp3"
"5d17ce93ac37cd0019535088",37,2,4,2,"experience",2,"exp3"
"5d17ce93ac37cd0019535088",38,20,5.5,20,"experience",20,"exp3"
"5d17ce93ac37cd0019535088",39,2,4,2,"experience",2,"exp3"
"5d17ce93ac37cd0019535088",40,2,4,2,"experience",2,"exp3"
"5d17ce93ac37cd0019535088",41,2,4,2,"experience",2,"exp3"
"5d17ce93ac37cd0019535088",42,2,4,2,"experience",2,"exp3"
"5d17ce93ac37cd0019535088",43,2,4,2,"experience",2,"exp3"
"5d17ce93ac37cd0019535088",44,2,4,2,"experience",2,"exp3"
"5d17ce93ac37cd0019535088",45,10,5.9464274989274,10,"experience",10,"exp3"
"5d17ce93ac37cd0019535088",46,10,5.9464274989274,10,"experience",10,"exp3"
"5d17ce93ac37cd0019535088",47,10,5.9464274989274,10,"experience",10,"exp3"
"5d17ce93ac37cd0019535088",48,10,5.9464274989274,10,"experience",10,"exp3"
"5d17ce93ac37cd0019535088",49,10,5.9464274989274,10,"experience",10,"exp3"
"5d17ce93ac37cd0019535088",50,10,5.9464274989274,10,"experience",10,"exp3"
"5d17ce93ac37cd0019535088",51,10,5.9464274989274,10,"experience",10,"exp3"
"5d17ce93ac37cd0019535088",52,10,5.9464274989274,10,"experience",10,"exp3"
"5d17ce93ac37cd0019535088",53,10,5.9464274989274,10,"experience",10,"exp3"
"5d17ce93ac37cd0019535088",54,10,5.9464274989274,10,"experience",10,"exp3"
"5d17ce93ac37cd0019535088",55,10,5.9464274989274,10,"experience",10,"exp3"
"5d17ce93ac37cd0019535088",56,10,5.9464274989274,10,"experience",10,"exp3"
"5d17ce93ac37cd0019535088",57,10,5.9464274989274,10,"experience",10,"exp3"
"5d17ce93ac37cd0019535088",58,10,5.9464274989274,10,"experience",10,"exp3"
"5d17ce93ac37cd0019535088",59,10,5.9464274989274,10,"experience",10,"exp3"
"5d17ce93ac37cd0019535088",60,10,5.9464274989274,10,"experience",10,"exp3"
"5d17ce93ac37cd0019535088",61,2,4,2,"experience",2,"exp3"
"5d17ce93ac37cd0019535088",62,2,4,2,"experience",2,"exp3"
"5d17ce93ac37cd0019535088",63,2,4,2,"experience",2,"exp3"
"5d17ce93ac37cd0019535088",64,2,4,2,"experience",2,"exp3"
"5d17ce93ac37cd0019535088",65,10,5.9464274989274,10,"experience",10,"exp3"
"5d17ce93ac37cd0019535088",66,10,5.9464274989274,10,"experience",10,"exp3"
"5d17ce93ac37cd0019535088",67,10,5.9464274989274,10,"experience",10,"exp3"
"5d17ce93ac37cd0019535088",68,10,5.9464274989274,10,"experience",10,"exp3"
"5d17ce93ac37cd0019535088",69,2,4,2,"experience",2,"exp3"
"5d17ce93ac37cd0019535088",70,10,5.9464274989274,10,"experience",10,"exp3"
"5d17ce93ac37cd0019535088",71,10,5.9464274989274,10,"experience",10,"exp3"
"5d17ce93ac37cd0019535088",72,2,4,2,"experience",2,"exp3"
"5d17ce93ac37cd0019535088",73,2,4,2,"experience",2,"exp3"
"5d17ce93ac37cd0019535088",74,2,4,2,"experience",2,"exp3"
"5d17ce93ac37cd0019535088",75,10,5.9464274989274,10,"experience",10,"exp3"
"5d17ce93ac37cd0019535088",76,2,4,2,"experience",2,"exp3"
"5d17ce93ac37cd0019535088",77,10,5.9464274989274,10,"experience",10,"exp3"
"5d17ce93ac37cd0019535088",78,2,4,2,"experience",2,"exp3"
"5d17ce93ac37cd0019535088",79,2,4,2,"experience",2,"exp3"
"5d17ce93ac37cd0019535088",80,10,5.9464274989274,10,"experience",10,"exp3"
"5d17ce93ac37cd0019535088",81,10,5.9464274989274,10,"experience",10,"exp3"
"5d17ce93ac37cd0019535088",82,2,4,2,"experience",2,"exp3"
"5d17ce93ac37cd0019535088",83,10,5.9464274989274,10,"experience",10,"exp3"
"5d17ce93ac37cd0019535088",84,10,5.9464274989274,10,"experience",10,"exp3"
"5d17ce93ac37cd0019535088",85,2,4,2,"experience",2,"exp3"
"5d17ce93ac37cd0019535088",86,10,5.9464274989274,10,"experience",10,"exp3"
"5d17ce93ac37cd0019535088",87,10,5.9464274989274,10,"experience",10,"exp3"
"5d17ce93ac37cd0019535088",88,10,5.9464274989274,10,"experience",10,"exp3"
"5d17ce93ac37cd0019535088",89,10,5.9464274989274,10,"experience",10,"exp3"
"5d17ce93ac37cd0019535088",90,2,4,2,"experience",2,"exp3"
"5d17ce93ac37cd0019535088",91,2,4,2,"experience",2,"exp3"
"5d17ce93ac37cd0019535088",92,2,4,2,"experience",2,"exp3"
"5d17ce93ac37cd0019535088",93,20,5.5,20,"experience",20,"exp3"
"5d17ce93ac37cd0019535088",94,20,5.5,20,"experience",20,"exp3"
"5d17ce93ac37cd0019535088",95,20,5.5,20,"experience",20,"exp3"
"5d17ce93ac37cd0019535088",96,20,5.5,20,"experience",20,"exp3"
"5d17ce93ac37cd0019535088",97,20,5.5,20,"experience",20,"exp3"
"5d17ce93ac37cd0019535088",98,20,5.5,20,"experience",20,"exp3"
"5d17ce93ac37cd0019535088",99,20,5.5,20,"experience",20,"exp3"
"5d17ce93ac37cd0019535088",100,20,5.5,20,"experience",20,"exp3"
"5d17ce93ac37cd0019535088",101,20,5.5,20,"experience",20,"exp3"
"5d17ce93ac37cd0019535088",102,20,5.5,20,"experience",20,"exp3"
"5d17ce93ac37cd0019535088",103,20,5.5,20,"experience",20,"exp3"
"5d17ce93ac37cd0019535088",104,20,5.5,20,"experience",20,"exp3"
"5d17ce93ac37cd0019535088",105,20,5.5,20,"experience",20,"exp3"
"5d17ce93ac37cd0019535088",106,20,5.5,20,"experience",20,"exp3"
"5d17ce93ac37cd0019535088",107,20,5.5,20,"experience",20,"exp3"
"5d17ce93ac37cd0019535088",108,20,5.5,20,"experience",20,"exp3"
"67322550bd5dfa0cd2958366",2,10,5.88642506110457,10,"experience",10,"exp3"
"67322550bd5dfa0cd2958366",11,2,1.5,2,"experience",2,"exp3"
"67322550bd5dfa0cd2958366",12,2,5.5,2,"experience",2,"exp3"
"67322550bd5dfa0cd2958366",13,20,5.5,20,"experience",20,"exp3"
"67322550bd5dfa0cd2958366",14,20,5.5,20,"experience",20,"exp3"
"67322550bd5dfa0cd2958366",15,10,5.9464274989274,10,"experience",10,"exp3"
"67322550bd5dfa0cd2958366",16,2,4,2,"experience",2,"exp3"
"67322550bd5dfa0cd2958366",17,10,5.9464274989274,10,"experience",10,"exp3"
"67322550bd5dfa0cd2958366",18,2,4,2,"experience",2,"exp3"
"67322550bd5dfa0cd2958366",19,20,5.5,20,"experience",20,"exp3"
"67322550bd5dfa0cd2958366",20,2,4,2,"experience",2,"exp3"
"67322550bd5dfa0cd2958366",21,10,5.9464274989274,10,"experience",10,"exp3"
"67322550bd5dfa0cd2958366",22,10,5.9464274989274,10,"experience",10,"exp3"
"67322550bd5dfa0cd2958366",23,20,5.5,20,"experience",20,"exp3"
"67322550bd5dfa0cd2958366",24,10,5.9464274989274,10,"experience",10,"exp3"
"67322550bd5dfa0cd2958366",25,10,5.9464274989274,10,"experience",10,"exp3"
"67322550bd5dfa0cd2958366",26,2,4,2,"experience",2,"exp3"
"67322550bd5dfa0cd2958366",27,2,4,2,"experience",2,"exp3"
"67322550bd5dfa0cd2958366",28,2,4,2,"experience",2,"exp3"
"67322550bd5dfa0cd2958366",29,20,5.5,20,"experience",20,"exp3"
"67322550bd5dfa0cd2958366",30,20,5.5,20,"experience",20,"exp3"
"67322550bd5dfa0cd2958366",31,2,4,2,"experience",2,"exp3"
"67322550bd5dfa0cd2958366",32,10,5.9464274989274,10,"experience",10,"exp3"
"67322550bd5dfa0cd2958366",33,20,5.5,20,"experience",20,"exp3"
"67322550bd5dfa0cd2958366",34,10,5.9464274989274,10,"experience",10,"exp3"
"67322550bd5dfa0cd2958366",35,2,4,2,"experience",2,"exp3"
"67322550bd5dfa0cd2958366",36,10,5.9464274989274,10,"experience",10,"exp3"
"67322550bd5dfa0cd2958366",37,2,4,2,"experience",2,"exp3"
"67322550bd5dfa0cd2958366",38,20,5.5,20,"experience",20,"exp3"
"67322550bd5dfa0cd2958366",39,20,5.5,20,"experience",20,"exp3"
"67322550bd5dfa0cd2958366",40,20,5.5,20,"experience",20,"exp3"
"67322550bd5dfa0cd2958366",41,10,5.9464274989274,10,"experience",10,"exp3"
"67322550bd5dfa0cd2958366",42,20,5.5,20,"experience",20,"exp3"
"67322550bd5dfa0cd2958366",43,20,5.5,20,"experience",20,"exp3"
"67322550bd5dfa0cd2958366",44,10,5.9464274989274,10,"experience",10,"exp3"
"67322550bd5dfa0cd2958366",45,2,4,2,"experience",2,"exp3"
"67322550bd5dfa0cd2958366",46,20,5.5,20,"experience",20,"exp3"
"67322550bd5dfa0cd2958366",47,10,5.9464274989274,10,"experience",10,"exp3"
"67322550bd5dfa0cd2958366",48,2,4,2,"experience",2,"exp3"
"67322550bd5dfa0cd2958366",49,2,4,2,"experience",2,"exp3"
"67322550bd5dfa0cd2958366",50,2,4,2,"experience",2,"exp3"
"67322550bd5dfa0cd2958366",51,10,5.9464274989274,10,"experience",10,"exp3"
"67322550bd5dfa0cd2958366",52,20,5.5,20,"experience",20,"exp3"
"67322550bd5dfa0cd2958366",53,2,4,2,"experience",2,"exp3"
"67322550bd5dfa0cd2958366",54,2,4,2,"experience",2,"exp3"
"67322550bd5dfa0cd2958366",55,20,5.5,20,"experience",20,"exp3"
"67322550bd5dfa0cd2958366",56,20,5.5,20,"experience",20,"exp3"
"67322550bd5dfa0cd2958366",57,10,5.9464274989274,10,"experience",10,"exp3"
"67322550bd5dfa0cd2958366",58,2,4,2,"experience",2,"exp3"
"67322550bd5dfa0cd2958366",59,10,5.9464274989274,10,"experience",10,"exp3"
"67322550bd5dfa0cd2958366",60,10,5.9464274989274,10,"experience",10,"exp3"
"67322550bd5dfa0cd2958366",61,10,5.9464274989274,10,"experience",10,"exp3"
"67322550bd5dfa0cd2958366",62,10,5.9464274989274,10,"experience",10,"exp3"
"67322550bd5dfa0cd2958366",63,20,5.5,20,"experience",20,"exp3"
"67322550bd5dfa0cd2958366",64,2,4,2,"experience",2,"exp3"
"67322550bd5dfa0cd2958366",65,10,5.9464274989274,10,"experience",10,"exp3"
"67322550bd5dfa0cd2958366",66,2,4,2,"experience",2,"exp3"
"67322550bd5dfa0cd2958366",67,2,4,2,"experience",2,"exp3"
"67322550bd5dfa0cd2958366",68,10,5.9464274989274,10,"experience",10,"exp3"
"67322550bd5dfa0cd2958366",69,2,4,2,"experience",2,"exp3"
"67322550bd5dfa0cd2958366",70,10,5.9464274989274,10,"experience",10,"exp3"
"67322550bd5dfa0cd2958366",71,20,5.5,20,"experience",20,"exp3"
"67322550bd5dfa0cd2958366",72,2,4,2,"experience",2,"exp3"
"67322550bd5dfa0cd2958366",73,10,5.9464274989274,10,"experience",10,"exp3"
"67322550bd5dfa0cd2958366",74,20,5.5,20,"experience",20,"exp3"
"67322550bd5dfa0cd2958366",75,10,5.9464274989274,10,"experience",10,"exp3"
"67322550bd5dfa0cd2958366",76,10,5.9464274989274,10,"experience",10,"exp3"
"67322550bd5dfa0cd2958366",77,20,5.5,20,"experience",20,"exp3"
"67322550bd5dfa0cd2958366",78,2,4,2,"experience",2,"exp3"
"67322550bd5dfa0cd2958366",79,20,5.5,20,"experience",20,"exp3"
"67322550bd5dfa0cd2958366",80,20,5.5,20,"experience",20,"exp3"
"67322550bd5dfa0cd2958366",81,2,4,2,"experience",2,"exp3"
"67322550bd5dfa0cd2958366",82,20,5.5,20,"experience",20,"exp3"
"67322550bd5dfa0cd2958366",83,10,5.9464274989274,10,"experience",10,"exp3"
"67322550bd5dfa0cd2958366",84,20,5.5,20,"experience",20,"exp3"
"67322550bd5dfa0cd2958366",85,2,4,2,"experience",2,"exp3"
"67322550bd5dfa0cd2958366",86,10,5.9464274989274,10,"experience",10,"exp3"
"67322550bd5dfa0cd2958366",87,2,4,2,"experience",2,"exp3"
"67322550bd5dfa0cd2958366",88,10,5.9464274989274,10,"experience",10,"exp3"
"67322550bd5dfa0cd2958366",89,10,5.9464274989274,10,"experience",10,"exp3"
"67322550bd5dfa0cd2958366",90,2,4,2,"experience",2,"exp3"
"67322550bd5dfa0cd2958366",91,20,5.5,20,"experience",20,"exp3"
"67322550bd5dfa0cd2958366",92,2,4,2,"experience",2,"exp3"
"67322550bd5dfa0cd2958366",93,10,5.9464274989274,10,"experience",10,"exp3"
"67322550bd5dfa0cd2958366",94,20,5.5,20,"experience",20,"exp3"
"67322550bd5dfa0cd2958366",95,20,5.5,20,"experience",20,"exp3"
"67322550bd5dfa0cd2958366",96,2,4,2,"experience",2,"exp3"
"67322550bd5dfa0cd2958366",97,10,5.9464274989274,10,"experience",10,"exp3"
"67322550bd5dfa0cd2958366",98,20,5.5,20,"experience",20,"exp3"
"67322550bd5dfa0cd2958366",99,2,4,2,"experience",2,"exp3"
"67322550bd5dfa0cd2958366",100,20,5.5,20,"experience",20,"exp3"
"67322550bd5dfa0cd2958366",101,2,4,2,"experience",2,"exp3"
"67322550bd5dfa0cd2958366",102,10,5.9464274989274,10,"experience",10,"exp3"
"67322550bd5dfa0cd2958366",103,10,5.9464274989274,10,"experience",10,"exp3"
"67322550bd5dfa0cd2958366",104,20,5.5,20,"experience",20,"exp3"
"67322550bd5dfa0cd2958366",105,20,5.5,20,"experience",20,"exp3"
"67322550bd5dfa0cd2958366",106,2,4,2,"experience",2,"exp3"
"67322550bd5dfa0cd2958366",107,2,4,2,"experience",2,"exp3"
"67322550bd5dfa0cd2958366",108,20,5.5,20,"experience",20,"exp3"
"65fb1a5882c2d4825dab5e81",1,2,1.5,2,"experience",2,"exp3"
"65fb1a5882c2d4825dab5e81",6,2,6,2,"experience",2,"exp3"
"65fb1a5882c2d4825dab5e81",11,10,6.50845603810919,10,"experience",10,"exp3"
"65fb1a5882c2d4825dab5e81",13,2,4,2,"experience",2,"exp3"
"65fb1a5882c2d4825dab5e81",14,10,5.9464274989274,10,"experience",10,"exp3"
"65fb1a5882c2d4825dab5e81",15,2,4,2,"experience",2,"exp3"
"65fb1a5882c2d4825dab5e81",16,20,5.5,20,"experience",20,"exp3"
"65fb1a5882c2d4825dab5e81",17,10,5.9464274989274,10,"experience",10,"exp3"
"65fb1a5882c2d4825dab5e81",18,2,4,2,"experience",2,"exp3"
"65fb1a5882c2d4825dab5e81",19,10,5.9464274989274,10,"experience",10,"exp3"
"65fb1a5882c2d4825dab5e81",20,10,5.9464274989274,10,"experience",10,"exp3"
"65fb1a5882c2d4825dab5e81",21,10,5.9464274989274,10,"experience",10,"exp3"
"65fb1a5882c2d4825dab5e81",22,2,4,2,"experience",2,"exp3"
"65fb1a5882c2d4825dab5e81",23,20,5.5,20,"experience",20,"exp3"
"65fb1a5882c2d4825dab5e81",24,20,5.5,20,"experience",20,"exp3"
"65fb1a5882c2d4825dab5e81",25,20,5.5,20,"experience",20,"exp3"
"65fb1a5882c2d4825dab5e81",26,10,5.9464274989274,10,"experience",10,"exp3"
"65fb1a5882c2d4825dab5e81",27,10,5.9464274989274,10,"experience",10,"exp3"
"65fb1a5882c2d4825dab5e81",28,2,4,2,"experience",2,"exp3"
"65fb1a5882c2d4825dab5e81",29,2,4,2,"experience",2,"exp3"
"65fb1a5882c2d4825dab5e81",30,2,4,2,"experience",2,"exp3"
"65fb1a5882c2d4825dab5e81",31,2,4,2,"experience",2,"exp3"
"65fb1a5882c2d4825dab5e81",32,20,5.5,20,"experience",20,"exp3"
"65fb1a5882c2d4825dab5e81",33,10,5.9464274989274,10,"experience",10,"exp3"
"65fb1a5882c2d4825dab5e81",34,2,4,2,"experience",2,"exp3"
"65fb1a5882c2d4825dab5e81",35,20,5.5,20,"experience",20,"exp3"
"65fb1a5882c2d4825dab5e81",36,2,4,2,"experience",2,"exp3"
"65fb1a5882c2d4825dab5e81",37,20,5.5,20,"experience",20,"exp3"
"65fb1a5882c2d4825dab5e81",38,10,5.9464274989274,10,"experience",10,"exp3"
"65fb1a5882c2d4825dab5e81",39,2,4,2,"experience",2,"exp3"
"65fb1a5882c2d4825dab5e81",40,10,5.9464274989274,10,"experience",10,"exp3"
"65fb1a5882c2d4825dab5e81",41,10,5.9464274989274,10,"experience",10,"exp3"
"65fb1a5882c2d4825dab5e81",42,20,5.5,20,"experience",20,"exp3"
"65fb1a5882c2d4825dab5e81",43,10,5.9464274989274,10,"experience",10,"exp3"
"65fb1a5882c2d4825dab5e81",44,10,5.9464274989274,10,"experience",10,"exp3"
"65fb1a5882c2d4825dab5e81",45,20,5.5,20,"experience",20,"exp3"
"65fb1a5882c2d4825dab5e81",46,20,5.5,20,"experience",20,"exp3"
"65fb1a5882c2d4825dab5e81",47,2,4,2,"experience",2,"exp3"
"65fb1a5882c2d4825dab5e81",48,20,5.5,20,"experience",20,"exp3"
"65fb1a5882c2d4825dab5e81",49,2,4,2,"experience",2,"exp3"
"65fb1a5882c2d4825dab5e81",50,2,4,2,"experience",2,"exp3"
"65fb1a5882c2d4825dab5e81",51,20,5.5,20,"experience",20,"exp3"
"65fb1a5882c2d4825dab5e81",52,10,5.9464274989274,10,"experience",10,"exp3"
"65fb1a5882c2d4825dab5e81",53,2,4,2,"experience",2,"exp3"
"65fb1a5882c2d4825dab5e81",54,20,5.5,20,"experience",20,"exp3"
"65fb1a5882c2d4825dab5e81",55,2,4,2,"experience",2,"exp3"
"65fb1a5882c2d4825dab5e81",56,20,5.5,20,"experience",20,"exp3"
"65fb1a5882c2d4825dab5e81",57,10,5.9464274989274,10,"experience",10,"exp3"
"65fb1a5882c2d4825dab5e81",58,10,5.9464274989274,10,"experience",10,"exp3"
"65fb1a5882c2d4825dab5e81",59,20,5.5,20,"experience",20,"exp3"
"65fb1a5882c2d4825dab5e81",60,20,5.5,20,"experience",20,"exp3"
"65fb1a5882c2d4825dab5e81",61,2,4,2,"experience",2,"exp3"
"65fb1a5882c2d4825dab5e81",62,2,4,2,"experience",2,"exp3"
"65fb1a5882c2d4825dab5e81",63,10,5.9464274989274,10,"experience",10,"exp3"
"65fb1a5882c2d4825dab5e81",64,10,5.9464274989274,10,"experience",10,"exp3"
"65fb1a5882c2d4825dab5e81",65,2,4,2,"experience",2,"exp3"
"65fb1a5882c2d4825dab5e81",66,20,5.5,20,"experience",20,"exp3"
"65fb1a5882c2d4825dab5e81",67,10,5.9464274989274,10,"experience",10,"exp3"
"65fb1a5882c2d4825dab5e81",68,20,5.5,20,"experience",20,"exp3"
"65fb1a5882c2d4825dab5e81",69,20,5.5,20,"experience",20,"exp3"
"65fb1a5882c2d4825dab5e81",70,2,4,2,"experience",2,"exp3"
"65fb1a5882c2d4825dab5e81",71,10,5.9464274989274,10,"experience",10,"exp3"
"65fb1a5882c2d4825dab5e81",72,20,5.5,20,"experience",20,"exp3"
"65fb1a5882c2d4825dab5e81",73,2,4,2,"experience",2,"exp3"
"65fb1a5882c2d4825dab5e81",74,20,5.5,20,"experience",20,"exp3"
"65fb1a5882c2d4825dab5e81",75,2,4,2,"experience",2,"exp3"
"65fb1a5882c2d4825dab5e81",76,20,5.5,20,"experience",20,"exp3"
"65fb1a5882c2d4825dab5e81",77,10,5.9464274989274,10,"experience",10,"exp3"
"65fb1a5882c2d4825dab5e81",78,2,4,2,"experience",2,"exp3"
"65fb1a5882c2d4825dab5e81",79,10,5.9464274989274,10,"experience",10,"exp3"
"65fb1a5882c2d4825dab5e81",80,20,5.5,20,"experience",20,"exp3"
"65fb1a5882c2d4825dab5e81",81,10,5.9464274989274,10,"experience",10,"exp3"
"65fb1a5882c2d4825dab5e81",82,20,5.5,20,"experience",20,"exp3"
"65fb1a5882c2d4825dab5e81",83,10,5.9464274989274,10,"experience",10,"exp3"
"65fb1a5882c2d4825dab5e81",84,20,5.5,20,"experience",20,"exp3"
"65fb1a5882c2d4825dab5e81",85,2,4,2,"experience",2,"exp3"
"65fb1a5882c2d4825dab5e81",86,2,4,2,"experience",2,"exp3"
"65fb1a5882c2d4825dab5e81",87,2,4,2,"experience",2,"exp3"
"65fb1a5882c2d4825dab5e81",88,2,4,2,"experience",2,"exp3"
"65fb1a5882c2d4825dab5e81",89,20,5.5,20,"experience",20,"exp3"
"65fb1a5882c2d4825dab5e81",90,10,5.9464274989274,10,"experience",10,"exp3"
"65fb1a5882c2d4825dab5e81",91,10,5.9464274989274,10,"experience",10,"exp3"
"65fb1a5882c2d4825dab5e81",92,2,4,2,"experience",2,"exp3"
"65fb1a5882c2d4825dab5e81",93,20,5.5,20,"experience",20,"exp3"
"65fb1a5882c2d4825dab5e81",94,2,4,2,"experience",2,"exp3"
"65fb1a5882c2d4825dab5e81",95,20,5.5,20,"experience",20,"exp3"
"65fb1a5882c2d4825dab5e81",96,20,5.5,20,"experience",20,"exp3"
"65fb1a5882c2d4825dab5e81",97,20,5.5,20,"experience",20,"exp3"
"65fb1a5882c2d4825dab5e81",98,10,5.9464274989274,10,"experience",10,"exp3"
"65fb1a5882c2d4825dab5e81",99,10,5.9464274989274,10,"experience",10,"exp3"
"65fb1a5882c2d4825dab5e81",100,2,4,2,"experience",2,"exp3"
"65fb1a5882c2d4825dab5e81",101,10,5.9464274989274,10,"experience",10,"exp3"
"65fb1a5882c2d4825dab5e81",102,10,5.9464274989274,10,"experience",10,"exp3"
"65fb1a5882c2d4825dab5e81",103,2,4,2,"experience",2,"exp3"
"65fb1a5882c2d4825dab5e81",104,10,5.9464274989274,10,"experience",10,"exp3"
"65fb1a5882c2d4825dab5e81",105,20,5.5,20,"experience",20,"exp3"
"65fb1a5882c2d4825dab5e81",106,2,4,2,"experience",2,"exp3"
"65fb1a5882c2d4825dab5e81",107,10,5.9464274989274,10,"experience",10,"exp3"
"65fb1a5882c2d4825dab5e81",108,20,5.5,20,"experience",20,"exp3"
"60a2a8570a0f9cc00d6b9d1a",2,2,7,2,"experience",2,"exp3"
"60a2a8570a0f9cc00d6b9d1a",5,10,6.66633332499958,10,"experience",10,"exp3"
"60a2a8570a0f9cc00d6b9d1a",8,2,3.5,2,"experience",2,"exp3"
"60a2a8570a0f9cc00d6b9d1a",10,10,5.74891294072192,10,"experience",10,"exp3"
"60a2a8570a0f9cc00d6b9d1a",13,2,4,2,"experience",2,"exp3"
"60a2a8570a0f9cc00d6b9d1a",14,2,4,2,"experience",2,"exp3"
"60a2a8570a0f9cc00d6b9d1a",15,20,5.5,20,"experience",20,"exp3"
"60a2a8570a0f9cc00d6b9d1a",16,20,5.5,20,"experience",20,"exp3"
"60a2a8570a0f9cc00d6b9d1a",17,20,5.5,20,"experience",20,"exp3"
"60a2a8570a0f9cc00d6b9d1a",18,20,5.5,20,"experience",20,"exp3"
"60a2a8570a0f9cc00d6b9d1a",19,10,5.9464274989274,10,"experience",10,"exp3"
"60a2a8570a0f9cc00d6b9d1a",20,10,5.9464274989274,10,"experience",10,"exp3"
"60a2a8570a0f9cc00d6b9d1a",21,20,5.5,20,"experience",20,"exp3"
"60a2a8570a0f9cc00d6b9d1a",22,20,5.5,20,"experience",20,"exp3"
"60a2a8570a0f9cc00d6b9d1a",23,2,4,2,"experience",2,"exp3"
"60a2a8570a0f9cc00d6b9d1a",24,20,5.5,20,"experience",20,"exp3"
"60a2a8570a0f9cc00d6b9d1a",25,10,5.9464274989274,10,"experience",10,"exp3"
"60a2a8570a0f9cc00d6b9d1a",26,10,5.9464274989274,10,"experience",10,"exp3"
"60a2a8570a0f9cc00d6b9d1a",27,2,4,2,"experience",2,"exp3"
"60a2a8570a0f9cc00d6b9d1a",28,2,4,2,"experience",2,"exp3"
"60a2a8570a0f9cc00d6b9d1a",29,2,4,2,"experience",2,"exp3"
"60a2a8570a0f9cc00d6b9d1a",30,10,5.9464274989274,10,"experience",10,"exp3"
"60a2a8570a0f9cc00d6b9d1a",31,10,5.9464274989274,10,"experience",10,"exp3"
"60a2a8570a0f9cc00d6b9d1a",32,2,4,2,"experience",2,"exp3"
"60a2a8570a0f9cc00d6b9d1a",33,2,4,2,"experience",2,"exp3"
"60a2a8570a0f9cc00d6b9d1a",34,20,5.5,20,"experience",20,"exp3"
"60a2a8570a0f9cc00d6b9d1a",35,10,5.9464274989274,10,"experience",10,"exp3"
"60a2a8570a0f9cc00d6b9d1a",36,2,4,2,"experience",2,"exp3"
"60a2a8570a0f9cc00d6b9d1a",37,20,5.5,20,"experience",20,"exp3"
"60a2a8570a0f9cc00d6b9d1a",38,10,5.9464274989274,10,"experience",10,"exp3"
"60a2a8570a0f9cc00d6b9d1a",39,10,5.9464274989274,10,"experience",10,"exp3"
"60a2a8570a0f9cc00d6b9d1a",40,2,4,2,"experience",2,"exp3"
"60a2a8570a0f9cc00d6b9d1a",41,10,5.9464274989274,10,"experience",10,"exp3"
"60a2a8570a0f9cc00d6b9d1a",42,10,5.9464274989274,10,"experience",10,"exp3"
"60a2a8570a0f9cc00d6b9d1a",43,20,5.5,20,"experience",20,"exp3"
"60a2a8570a0f9cc00d6b9d1a",44,20,5.5,20,"experience",20,"exp3"
"60a2a8570a0f9cc00d6b9d1a",45,10,5.9464274989274,10,"experience",10,"exp3"
"60a2a8570a0f9cc00d6b9d1a",46,10,5.9464274989274,10,"experience",10,"exp3"
"60a2a8570a0f9cc00d6b9d1a",47,2,4,2,"experience",2,"exp3"
"60a2a8570a0f9cc00d6b9d1a",48,20,5.5,20,"experience",20,"exp3"
"60a2a8570a0f9cc00d6b9d1a",49,2,4,2,"experience",2,"exp3"
"60a2a8570a0f9cc00d6b9d1a",50,10,5.9464274989274,10,"experience",10,"exp3"
"60a2a8570a0f9cc00d6b9d1a",51,10,5.9464274989274,10,"experience",10,"exp3"
"60a2a8570a0f9cc00d6b9d1a",52,2,4,2,"experience",2,"exp3"
"60a2a8570a0f9cc00d6b9d1a",53,20,5.5,20,"experience",20,"exp3"
"60a2a8570a0f9cc00d6b9d1a",54,20,5.5,20,"experience",20,"exp3"
"60a2a8570a0f9cc00d6b9d1a",55,20,5.5,20,"experience",20,"exp3"
"60a2a8570a0f9cc00d6b9d1a",56,2,4,2,"experience",2,"exp3"
"60a2a8570a0f9cc00d6b9d1a",57,2,4,2,"experience",2,"exp3"
"60a2a8570a0f9cc00d6b9d1a",58,2,4,2,"experience",2,"exp3"
"60a2a8570a0f9cc00d6b9d1a",59,10,5.9464274989274,10,"experience",10,"exp3"
"60a2a8570a0f9cc00d6b9d1a",60,20,5.5,20,"experience",20,"exp3"
"60a2a8570a0f9cc00d6b9d1a",61,2,4,2,"experience",2,"exp3"
"60a2a8570a0f9cc00d6b9d1a",62,2,4,2,"experience",2,"exp3"
"60a2a8570a0f9cc00d6b9d1a",63,20,5.5,20,"experience",20,"exp3"
"60a2a8570a0f9cc00d6b9d1a",64,20,5.5,20,"experience",20,"exp3"
"60a2a8570a0f9cc00d6b9d1a",65,10,5.9464274989274,10,"experience",10,"exp3"
"60a2a8570a0f9cc00d6b9d1a",66,20,5.5,20,"experience",20,"exp3"
"60a2a8570a0f9cc00d6b9d1a",67,20,5.5,20,"experience",20,"exp3"
"60a2a8570a0f9cc00d6b9d1a",68,2,4,2,"experience",2,"exp3"
"60a2a8570a0f9cc00d6b9d1a",69,10,5.9464274989274,10,"experience",10,"exp3"
"60a2a8570a0f9cc00d6b9d1a",70,2,4,2,"experience",2,"exp3"
"60a2a8570a0f9cc00d6b9d1a",71,20,5.5,20,"experience",20,"exp3"
"60a2a8570a0f9cc00d6b9d1a",72,10,5.9464274989274,10,"experience",10,"exp3"
"60a2a8570a0f9cc00d6b9d1a",73,2,4,2,"experience",2,"exp3"
"60a2a8570a0f9cc00d6b9d1a",74,20,5.5,20,"experience",20,"exp3"
"60a2a8570a0f9cc00d6b9d1a",75,2,4,2,"experience",2,"exp3"
"60a2a8570a0f9cc00d6b9d1a",76,20,5.5,20,"experience",20,"exp3"
"60a2a8570a0f9cc00d6b9d1a",77,2,4,2,"experience",2,"exp3"
"60a2a8570a0f9cc00d6b9d1a",78,10,5.9464274989274,10,"experience",10,"exp3"
"60a2a8570a0f9cc00d6b9d1a",79,20,5.5,20,"experience",20,"exp3"
"60a2a8570a0f9cc00d6b9d1a",80,10,5.9464274989274,10,"experience",10,"exp3"
"60a2a8570a0f9cc00d6b9d1a",81,2,4,2,"experience",2,"exp3"
"60a2a8570a0f9cc00d6b9d1a",82,10,5.9464274989274,10,"experience",10,"exp3"
"60a2a8570a0f9cc00d6b9d1a",83,2,4,2,"experience",2,"exp3"
"60a2a8570a0f9cc00d6b9d1a",84,20,5.5,20,"experience",20,"exp3"
"60a2a8570a0f9cc00d6b9d1a",85,20,5.5,20,"experience",20,"exp3"
"60a2a8570a0f9cc00d6b9d1a",86,20,5.5,20,"experience",20,"exp3"
"60a2a8570a0f9cc00d6b9d1a",87,20,5.5,20,"experience",20,"exp3"
"60a2a8570a0f9cc00d6b9d1a",88,10,5.9464274989274,10,"experience",10,"exp3"
"60a2a8570a0f9cc00d6b9d1a",89,10,5.9464274989274,10,"experience",10,"exp3"
"60a2a8570a0f9cc00d6b9d1a",90,20,5.5,20,"experience",20,"exp3"
"60a2a8570a0f9cc00d6b9d1a",91,10,5.9464274989274,10,"experience",10,"exp3"
"60a2a8570a0f9cc00d6b9d1a",92,10,5.9464274989274,10,"experience",10,"exp3"
"60a2a8570a0f9cc00d6b9d1a",93,10,5.9464274989274,10,"experience",10,"exp3"
"60a2a8570a0f9cc00d6b9d1a",94,2,4,2,"experience",2,"exp3"
"60a2a8570a0f9cc00d6b9d1a",95,2,4,2,"experience",2,"exp3"
"60a2a8570a0f9cc00d6b9d1a",96,20,5.5,20,"experience",20,"exp3"
"60a2a8570a0f9cc00d6b9d1a",97,2,4,2,"experience",2,"exp3"
"60a2a8570a0f9cc00d6b9d1a",98,10,5.9464274989274,10,"experience",10,"exp3"
"60a2a8570a0f9cc00d6b9d1a",99,10,5.9464274989274,10,"experience",10,"exp3"
"60a2a8570a0f9cc00d6b9d1a",100,10,5.9464274989274,10,"experience",10,"exp3"
"60a2a8570a0f9cc00d6b9d1a",101,10,5.9464274989274,10,"experience",10,"exp3"
"60a2a8570a0f9cc00d6b9d1a",102,20,5.5,20,"experience",20,"exp3"
"60a2a8570a0f9cc00d6b9d1a",103,20,5.5,20,"experience",20,"exp3"
"60a2a8570a0f9cc00d6b9d1a",104,2,4,2,"experience",2,"exp3"
"60a2a8570a0f9cc00d6b9d1a",105,2,4,2,"experience",2,"exp3"
"60a2a8570a0f9cc00d6b9d1a",106,2,4,2,"experience",2,"exp3"
"60a2a8570a0f9cc00d6b9d1a",107,2,4,2,"experience",2,"exp3"
"60a2a8570a0f9cc00d6b9d1a",108,10,5.9464274989274,10,"experience",10,"exp3"
"5e84bd7c34d5d9072128fac1",2,2,1.5,2,"experience",2,"exp3"
"5e84bd7c34d5d9072128fac1",9,10,4.33704968844029,10,"experience",10,"exp3"
"5e84bd7c34d5d9072128fac1",13,10,5.9464274989274,10,"experience",10,"exp3"
"5e84bd7c34d5d9072128fac1",14,2,4,2,"experience",2,"exp3"
"5e84bd7c34d5d9072128fac1",15,2,4,2,"experience",2,"exp3"
"5e84bd7c34d5d9072128fac1",16,10,5.9464274989274,10,"experience",10,"exp3"
"5e84bd7c34d5d9072128fac1",17,10,5.9464274989274,10,"experience",10,"exp3"
"5e84bd7c34d5d9072128fac1",18,10,5.9464274989274,10,"experience",10,"exp3"
"5e84bd7c34d5d9072128fac1",19,10,5.9464274989274,10,"experience",10,"exp3"
"5e84bd7c34d5d9072128fac1",20,10,5.9464274989274,10,"experience",10,"exp3"
"5e84bd7c34d5d9072128fac1",21,10,5.9464274989274,10,"experience",10,"exp3"
"5e84bd7c34d5d9072128fac1",22,10,5.9464274989274,10,"experience",10,"exp3"
"5e84bd7c34d5d9072128fac1",23,10,5.9464274989274,10,"experience",10,"exp3"
"5e84bd7c34d5d9072128fac1",24,2,4,2,"experience",2,"exp3"
"5e84bd7c34d5d9072128fac1",25,2,4,2,"experience",2,"exp3"
"5e84bd7c34d5d9072128fac1",26,2,4,2,"experience",2,"exp3"
"5e84bd7c34d5d9072128fac1",27,10,5.9464274989274,10,"experience",10,"exp3"
"5e84bd7c34d5d9072128fac1",28,2,4,2,"experience",2,"exp3"
"5e84bd7c34d5d9072128fac1",29,2,4,2,"experience",2,"exp3"
"5e84bd7c34d5d9072128fac1",30,2,4,2,"experience",2,"exp3"
"5e84bd7c34d5d9072128fac1",31,2,4,2,"experience",2,"exp3"
"5e84bd7c34d5d9072128fac1",32,10,5.9464274989274,10,"experience",10,"exp3"
"5e84bd7c34d5d9072128fac1",33,2,4,2,"experience",2,"exp3"
"5e84bd7c34d5d9072128fac1",34,10,5.9464274989274,10,"experience",10,"exp3"
"5e84bd7c34d5d9072128fac1",35,10,5.9464274989274,10,"experience",10,"exp3"
"5e84bd7c34d5d9072128fac1",36,2,4,2,"experience",2,"exp3"
"5e84bd7c34d5d9072128fac1",37,10,5.9464274989274,10,"experience",10,"exp3"
"5e84bd7c34d5d9072128fac1",38,2,4,2,"experience",2,"exp3"
"5e84bd7c34d5d9072128fac1",39,10,5.9464274989274,10,"experience",10,"exp3"
"5e84bd7c34d5d9072128fac1",40,2,4,2,"experience",2,"exp3"
"5e84bd7c34d5d9072128fac1",41,10,5.9464274989274,10,"experience",10,"exp3"
"5e84bd7c34d5d9072128fac1",42,2,4,2,"experience",2,"exp3"
"5e84bd7c34d5d9072128fac1",43,2,4,2,"experience",2,"exp3"
"5e84bd7c34d5d9072128fac1",44,2,4,2,"experience",2,"exp3"
"5e84bd7c34d5d9072128fac1",45,20,5.5,20,"experience",20,"exp3"
"5e84bd7c34d5d9072128fac1",46,20,5.5,20,"experience",20,"exp3"
"5e84bd7c34d5d9072128fac1",47,20,5.5,20,"experience",20,"exp3"
"5e84bd7c34d5d9072128fac1",48,20,5.5,20,"experience",20,"exp3"
"5e84bd7c34d5d9072128fac1",49,20,5.5,20,"experience",20,"exp3"
"5e84bd7c34d5d9072128fac1",50,20,5.5,20,"experience",20,"exp3"
"5e84bd7c34d5d9072128fac1",51,20,5.5,20,"experience",20,"exp3"
"5e84bd7c34d5d9072128fac1",52,20,5.5,20,"experience",20,"exp3"
"5e84bd7c34d5d9072128fac1",53,20,5.5,20,"experience",20,"exp3"
"5e84bd7c34d5d9072128fac1",54,20,5.5,20,"experience",20,"exp3"
"5e84bd7c34d5d9072128fac1",55,20,5.5,20,"experience",20,"exp3"
"5e84bd7c34d5d9072128fac1",56,20,5.5,20,"experience",20,"exp3"
"5e84bd7c34d5d9072128fac1",57,20,5.5,20,"experience",20,"exp3"
"5e84bd7c34d5d9072128fac1",58,20,5.5,20,"experience",20,"exp3"
"5e84bd7c34d5d9072128fac1",59,20,5.5,20,"experience",20,"exp3"
"5e84bd7c34d5d9072128fac1",60,20,5.5,20,"experience",20,"exp3"
"5e84bd7c34d5d9072128fac1",61,2,4,2,"experience",2,"exp3"
"5e84bd7c34d5d9072128fac1",62,2,4,2,"experience",2,"exp3"
"5e84bd7c34d5d9072128fac1",63,2,4,2,"experience",2,"exp3"
"5e84bd7c34d5d9072128fac1",64,2,4,2,"experience",2,"exp3"
"5e84bd7c34d5d9072128fac1",65,2,4,2,"experience",2,"exp3"
"5e84bd7c34d5d9072128fac1",66,2,4,2,"experience",2,"exp3"
"5e84bd7c34d5d9072128fac1",67,2,4,2,"experience",2,"exp3"
"5e84bd7c34d5d9072128fac1",68,2,4,2,"experience",2,"exp3"
"5e84bd7c34d5d9072128fac1",69,2,4,2,"experience",2,"exp3"
"5e84bd7c34d5d9072128fac1",70,2,4,2,"experience",2,"exp3"
"5e84bd7c34d5d9072128fac1",71,2,4,2,"experience",2,"exp3"
"5e84bd7c34d5d9072128fac1",72,2,4,2,"experience",2,"exp3"
"5e84bd7c34d5d9072128fac1",73,2,4,2,"experience",2,"exp3"
"5e84bd7c34d5d9072128fac1",74,2,4,2,"experience",2,"exp3"
"5e84bd7c34d5d9072128fac1",75,2,4,2,"experience",2,"exp3"
"5e84bd7c34d5d9072128fac1",76,2,4,2,"experience",2,"exp3"
"5e84bd7c34d5d9072128fac1",77,10,5.9464274989274,10,"experience",10,"exp3"
"5e84bd7c34d5d9072128fac1",78,10,5.9464274989274,10,"experience",10,"exp3"
"5e84bd7c34d5d9072128fac1",79,10,5.9464274989274,10,"experience",10,"exp3"
"5e84bd7c34d5d9072128fac1",80,10,5.9464274989274,10,"experience",10,"exp3"
"5e84bd7c34d5d9072128fac1",81,10,5.9464274989274,10,"experience",10,"exp3"
"5e84bd7c34d5d9072128fac1",82,10,5.9464274989274,10,"experience",10,"exp3"
"5e84bd7c34d5d9072128fac1",83,10,5.9464274989274,10,"experience",10,"exp3"
"5e84bd7c34d5d9072128fac1",84,10,5.9464274989274,10,"experience",10,"exp3"
"5e84bd7c34d5d9072128fac1",85,10,5.9464274989274,10,"experience",10,"exp3"
"5e84bd7c34d5d9072128fac1",86,10,5.9464274989274,10,"experience",10,"exp3"
"5e84bd7c34d5d9072128fac1",87,10,5.9464274989274,10,"experience",10,"exp3"
"5e84bd7c34d5d9072128fac1",88,10,5.9464274989274,10,"experience",10,"exp3"
"5e84bd7c34d5d9072128fac1",89,10,5.9464274989274,10,"experience",10,"exp3"
"5e84bd7c34d5d9072128fac1",90,10,5.9464274989274,10,"experience",10,"exp3"
"5e84bd7c34d5d9072128fac1",91,10,5.9464274989274,10,"experience",10,"exp3"
"5e84bd7c34d5d9072128fac1",92,10,5.9464274989274,10,"experience",10,"exp3"
"5e84bd7c34d5d9072128fac1",93,20,5.5,20,"experience",20,"exp3"
"5e84bd7c34d5d9072128fac1",94,20,5.5,20,"experience",20,"exp3"
"5e84bd7c34d5d9072128fac1",95,20,5.5,20,"experience",20,"exp3"
"5e84bd7c34d5d9072128fac1",96,20,5.5,20,"experience",20,"exp3"
"5e84bd7c34d5d9072128fac1",97,20,5.5,20,"experience",20,"exp3"
"5e84bd7c34d5d9072128fac1",98,20,5.5,20,"experience",20,"exp3"
"5e84bd7c34d5d9072128fac1",99,20,5.5,20,"experience",20,"exp3"
"5e84bd7c34d5d9072128fac1",100,20,5.5,20,"experience",20,"exp3"
"5e84bd7c34d5d9072128fac1",101,20,5.5,20,"experience",20,"exp3"
"5e84bd7c34d5d9072128fac1",102,20,5.5,20,"experience",20,"exp3"
"5e84bd7c34d5d9072128fac1",103,20,5.5,20,"experience",20,"exp3"
"5e84bd7c34d5d9072128fac1",104,20,5.5,20,"experience",20,"exp3"
"5e84bd7c34d5d9072128fac1",105,20,5.5,20,"experience",20,"exp3"
"5e84bd7c34d5d9072128fac1",106,20,5.5,20,"experience",20,"exp3"
"5e84bd7c34d5d9072128fac1",107,20,5.5,20,"experience",20,"exp3"
"5e84bd7c34d5d9072128fac1",108,20,5.5,20,"experience",20,"exp3"
"5e84bd7c34d5d9072128fac1",2,2,1.5,2,"experience",2,"exp3"
"5e84bd7c34d5d9072128fac1",9,10,4.33704968844029,10,"experience",10,"exp3"
"5e84bd7c34d5d9072128fac1",13,10,5.9464274989274,10,"experience",10,"exp3"
"5e84bd7c34d5d9072128fac1",14,2,4,2,"experience",2,"exp3"
"5e84bd7c34d5d9072128fac1",15,2,4,2,"experience",2,"exp3"
"5e84bd7c34d5d9072128fac1",16,10,5.9464274989274,10,"experience",10,"exp3"
"5e84bd7c34d5d9072128fac1",17,10,5.9464274989274,10,"experience",10,"exp3"
"5e84bd7c34d5d9072128fac1",18,10,5.9464274989274,10,"experience",10,"exp3"
"5e84bd7c34d5d9072128fac1",19,10,5.9464274989274,10,"experience",10,"exp3"
"5e84bd7c34d5d9072128fac1",20,10,5.9464274989274,10,"experience",10,"exp3"
"5e84bd7c34d5d9072128fac1",21,10,5.9464274989274,10,"experience",10,"exp3"
"5e84bd7c34d5d9072128fac1",22,10,5.9464274989274,10,"experience",10,"exp3"
"5e84bd7c34d5d9072128fac1",23,10,5.9464274989274,10,"experience",10,"exp3"
"5e84bd7c34d5d9072128fac1",24,2,4,2,"experience",2,"exp3"
"5e84bd7c34d5d9072128fac1",25,2,4,2,"experience",2,"exp3"
"5e84bd7c34d5d9072128fac1",26,2,4,2,"experience",2,"exp3"
"5e84bd7c34d5d9072128fac1",27,10,5.9464274989274,10,"experience",10,"exp3"
"5e84bd7c34d5d9072128fac1",28,2,4,2,"experience",2,"exp3"
"5e84bd7c34d5d9072128fac1",29,2,4,2,"experience",2,"exp3"
"5e84bd7c34d5d9072128fac1",30,2,4,2,"experience",2,"exp3"
"5e84bd7c34d5d9072128fac1",31,2,4,2,"experience",2,"exp3"
"5e84bd7c34d5d9072128fac1",32,10,5.9464274989274,10,"experience",10,"exp3"
"5e84bd7c34d5d9072128fac1",33,2,4,2,"experience",2,"exp3"
"5e84bd7c34d5d9072128fac1",34,10,5.9464274989274,10,"experience",10,"exp3"
"5e84bd7c34d5d9072128fac1",35,10,5.9464274989274,10,"experience",10,"exp3"
"5e84bd7c34d5d9072128fac1",36,2,4,2,"experience",2,"exp3"
"5e84bd7c34d5d9072128fac1",37,10,5.9464274989274,10,"experience",10,"exp3"
"5e84bd7c34d5d9072128fac1",38,2,4,2,"experience",2,"exp3"
"5e84bd7c34d5d9072128fac1",39,10,5.9464274989274,10,"experience",10,"exp3"
"5e84bd7c34d5d9072128fac1",40,2,4,2,"experience",2,"exp3"
"5e84bd7c34d5d9072128fac1",41,10,5.9464274989274,10,"experience",10,"exp3"
"5e84bd7c34d5d9072128fac1",42,2,4,2,"experience",2,"exp3"
"5e84bd7c34d5d9072128fac1",43,2,4,2,"experience",2,"exp3"
"5e84bd7c34d5d9072128fac1",44,2,4,2,"experience",2,"exp3"
"5e84bd7c34d5d9072128fac1",45,20,5.5,20,"experience",20,"exp3"
"5e84bd7c34d5d9072128fac1",46,20,5.5,20,"experience",20,"exp3"
"5e84bd7c34d5d9072128fac1",47,20,5.5,20,"experience",20,"exp3"
"5e84bd7c34d5d9072128fac1",48,20,5.5,20,"experience",20,"exp3"
"5e84bd7c34d5d9072128fac1",49,20,5.5,20,"experience",20,"exp3"
"5e84bd7c34d5d9072128fac1",50,20,5.5,20,"experience",20,"exp3"
"5e84bd7c34d5d9072128fac1",51,20,5.5,20,"experience",20,"exp3"
"5e84bd7c34d5d9072128fac1",52,20,5.5,20,"experience",20,"exp3"
"5e84bd7c34d5d9072128fac1",53,20,5.5,20,"experience",20,"exp3"
"5e84bd7c34d5d9072128fac1",54,20,5.5,20,"experience",20,"exp3"
"5e84bd7c34d5d9072128fac1",55,20,5.5,20,"experience",20,"exp3"
"5e84bd7c34d5d9072128fac1",56,20,5.5,20,"experience",20,"exp3"
"5e84bd7c34d5d9072128fac1",57,20,5.5,20,"experience",20,"exp3"
"5e84bd7c34d5d9072128fac1",58,20,5.5,20,"experience",20,"exp3"
"5e84bd7c34d5d9072128fac1",59,20,5.5,20,"experience",20,"exp3"
"5e84bd7c34d5d9072128fac1",60,20,5.5,20,"experience",20,"exp3"
"5e84bd7c34d5d9072128fac1",61,2,4,2,"experience",2,"exp3"
"5e84bd7c34d5d9072128fac1",62,2,4,2,"experience",2,"exp3"
"5e84bd7c34d5d9072128fac1",63,2,4,2,"experience",2,"exp3"
"5e84bd7c34d5d9072128fac1",64,2,4,2,"experience",2,"exp3"
"5e84bd7c34d5d9072128fac1",65,2,4,2,"experience",2,"exp3"
"5e84bd7c34d5d9072128fac1",66,2,4,2,"experience",2,"exp3"
"5e84bd7c34d5d9072128fac1",67,2,4,2,"experience",2,"exp3"
"5e84bd7c34d5d9072128fac1",68,2,4,2,"experience",2,"exp3"
"5e84bd7c34d5d9072128fac1",69,2,4,2,"experience",2,"exp3"
"5e84bd7c34d5d9072128fac1",70,2,4,2,"experience",2,"exp3"
"5e84bd7c34d5d9072128fac1",71,2,4,2,"experience",2,"exp3"
"5e84bd7c34d5d9072128fac1",72,2,4,2,"experience",2,"exp3"
"5e84bd7c34d5d9072128fac1",73,2,4,2,"experience",2,"exp3"
"5e84bd7c34d5d9072128fac1",74,2,4,2,"experience",2,"exp3"
"5e84bd7c34d5d9072128fac1",75,2,4,2,"experience",2,"exp3"
"5e84bd7c34d5d9072128fac1",76,2,4,2,"experience",2,"exp3"
"5e84bd7c34d5d9072128fac1",77,10,5.9464274989274,10,"experience",10,"exp3"
"5e84bd7c34d5d9072128fac1",78,10,5.9464274989274,10,"experience",10,"exp3"
"5e84bd7c34d5d9072128fac1",79,10,5.9464274989274,10,"experience",10,"exp3"
"5e84bd7c34d5d9072128fac1",80,10,5.9464274989274,10,"experience",10,"exp3"
"5e84bd7c34d5d9072128fac1",81,10,5.9464274989274,10,"experience",10,"exp3"
"5e84bd7c34d5d9072128fac1",82,10,5.9464274989274,10,"experience",10,"exp3"
"5e84bd7c34d5d9072128fac1",83,10,5.9464274989274,10,"experience",10,"exp3"
"5e84bd7c34d5d9072128fac1",84,10,5.9464274989274,10,"experience",10,"exp3"
"5e84bd7c34d5d9072128fac1",85,10,5.9464274989274,10,"experience",10,"exp3"
"5e84bd7c34d5d9072128fac1",86,10,5.9464274989274,10,"experience",10,"exp3"
"5e84bd7c34d5d9072128fac1",87,10,5.9464274989274,10,"experience",10,"exp3"
"5e84bd7c34d5d9072128fac1",88,10,5.9464274989274,10,"experience",10,"exp3"
"5e84bd7c34d5d9072128fac1",89,10,5.9464274989274,10,"experience",10,"exp3"
"5e84bd7c34d5d9072128fac1",90,10,5.9464274989274,10,"experience",10,"exp3"
"5e84bd7c34d5d9072128fac1",91,10,5.9464274989274,10,"experience",10,"exp3"
"5e84bd7c34d5d9072128fac1",92,10,5.9464274989274,10,"experience",10,"exp3"
"5e84bd7c34d5d9072128fac1",93,20,5.5,20,"experience",20,"exp3"
"5e84bd7c34d5d9072128fac1",94,20,5.5,20,"experience",20,"exp3"
"5e84bd7c34d5d9072128fac1",95,20,5.5,20,"experience",20,"exp3"
"5e84bd7c34d5d9072128fac1",96,20,5.5,20,"experience",20,"exp3"
"5e84bd7c34d5d9072128fac1",97,20,5.5,20,"experience",20,"exp3"
"5e84bd7c34d5d9072128fac1",98,20,5.5,20,"experience",20,"exp3"
"5e84bd7c34d5d9072128fac1",99,20,5.5,20,"experience",20,"exp3"
"5e84bd7c34d5d9072128fac1",100,20,5.5,20,"experience",20,"exp3"
"5e84bd7c34d5d9072128fac1",101,20,5.5,20,"experience",20,"exp3"
"5e84bd7c34d5d9072128fac1",102,20,5.5,20,"experience",20,"exp3"
"5e84bd7c34d5d9072128fac1",103,20,5.5,20,"experience",20,"exp3"
"5e84bd7c34d5d9072128fac1",104,20,5.5,20,"experience",20,"exp3"
"5e84bd7c34d5d9072128fac1",105,20,5.5,20,"experience",20,"exp3"
"5e84bd7c34d5d9072128fac1",106,20,5.5,20,"experience",20,"exp3"
"5e84bd7c34d5d9072128fac1",107,20,5.5,20,"experience",20,"exp3"
"5e84bd7c34d5d9072128fac1",108,20,5.5,20,"experience",20,"exp3"
"641dfbd1cf0e57384c37a037",6,10,5.95399025864168,10,"experience",10,"exp3"
"641dfbd1cf0e57384c37a037",12,2,0.5,2,"experience",2,"exp3"
"641dfbd1cf0e57384c37a037",13,2,4,2,"experience",2,"exp3"
"641dfbd1cf0e57384c37a037",14,2,4,2,"experience",2,"exp3"
"641dfbd1cf0e57384c37a037",15,20,5.5,20,"experience",20,"exp3"
"641dfbd1cf0e57384c37a037",16,2,4,2,"experience",2,"exp3"
"641dfbd1cf0e57384c37a037",17,2,4,2,"experience",2,"exp3"
"641dfbd1cf0e57384c37a037",18,2,4,2,"experience",2,"exp3"
"641dfbd1cf0e57384c37a037",19,10,5.9464274989274,10,"experience",10,"exp3"
"641dfbd1cf0e57384c37a037",20,10,5.9464274989274,10,"experience",10,"exp3"
"641dfbd1cf0e57384c37a037",21,2,4,2,"experience",2,"exp3"
"641dfbd1cf0e57384c37a037",22,10,5.9464274989274,10,"experience",10,"exp3"
"641dfbd1cf0e57384c37a037",23,10,5.9464274989274,10,"experience",10,"exp3"
"641dfbd1cf0e57384c37a037",24,2,4,2,"experience",2,"exp3"
"641dfbd1cf0e57384c37a037",25,10,5.9464274989274,10,"experience",10,"exp3"
"641dfbd1cf0e57384c37a037",26,20,5.5,20,"experience",20,"exp3"
"641dfbd1cf0e57384c37a037",27,2,4,2,"experience",2,"exp3"
"641dfbd1cf0e57384c37a037",28,2,4,2,"experience",2,"exp3"
"641dfbd1cf0e57384c37a037",29,20,5.5,20,"experience",20,"exp3"
"641dfbd1cf0e57384c37a037",30,20,5.5,20,"experience",20,"exp3"
"641dfbd1cf0e57384c37a037",31,20,5.5,20,"experience",20,"exp3"
"641dfbd1cf0e57384c37a037",32,10,5.9464274989274,10,"experience",10,"exp3"
"641dfbd1cf0e57384c37a037",33,20,5.5,20,"experience",20,"exp3"
"641dfbd1cf0e57384c37a037",34,20,5.5,20,"experience",20,"exp3"
"641dfbd1cf0e57384c37a037",35,10,5.9464274989274,10,"experience",10,"exp3"
"641dfbd1cf0e57384c37a037",36,2,4,2,"experience",2,"exp3"
"641dfbd1cf0e57384c37a037",37,20,5.5,20,"experience",20,"exp3"
"641dfbd1cf0e57384c37a037",38,20,5.5,20,"experience",20,"exp3"
"641dfbd1cf0e57384c37a037",39,2,4,2,"experience",2,"exp3"
"641dfbd1cf0e57384c37a037",40,2,4,2,"experience",2,"exp3"
"641dfbd1cf0e57384c37a037",41,20,5.5,20,"experience",20,"exp3"
"641dfbd1cf0e57384c37a037",42,20,5.5,20,"experience",20,"exp3"
"641dfbd1cf0e57384c37a037",43,10,5.9464274989274,10,"experience",10,"exp3"
"641dfbd1cf0e57384c37a037",44,20,5.5,20,"experience",20,"exp3"
"641dfbd1cf0e57384c37a037",45,10,5.9464274989274,10,"experience",10,"exp3"
"641dfbd1cf0e57384c37a037",46,10,5.9464274989274,10,"experience",10,"exp3"
"641dfbd1cf0e57384c37a037",47,10,5.9464274989274,10,"experience",10,"exp3"
"641dfbd1cf0e57384c37a037",48,2,4,2,"experience",2,"exp3"
"641dfbd1cf0e57384c37a037",49,10,5.9464274989274,10,"experience",10,"exp3"
"641dfbd1cf0e57384c37a037",50,2,4,2,"experience",2,"exp3"
"641dfbd1cf0e57384c37a037",51,20,5.5,20,"experience",20,"exp3"
"641dfbd1cf0e57384c37a037",52,2,4,2,"experience",2,"exp3"
"641dfbd1cf0e57384c37a037",53,20,5.5,20,"experience",20,"exp3"
"641dfbd1cf0e57384c37a037",54,10,5.9464274989274,10,"experience",10,"exp3"
"641dfbd1cf0e57384c37a037",55,2,4,2,"experience",2,"exp3"
"641dfbd1cf0e57384c37a037",56,20,5.5,20,"experience",20,"exp3"
"641dfbd1cf0e57384c37a037",57,10,5.9464274989274,10,"experience",10,"exp3"
"641dfbd1cf0e57384c37a037",58,10,5.9464274989274,10,"experience",10,"exp3"
"641dfbd1cf0e57384c37a037",59,10,5.9464274989274,10,"experience",10,"exp3"
"641dfbd1cf0e57384c37a037",60,20,5.5,20,"experience",20,"exp3"
"641dfbd1cf0e57384c37a037",61,2,4,2,"experience",2,"exp3"
"641dfbd1cf0e57384c37a037",62,2,4,2,"experience",2,"exp3"
"641dfbd1cf0e57384c37a037",63,2,4,2,"experience",2,"exp3"
"641dfbd1cf0e57384c37a037",64,2,4,2,"experience",2,"exp3"
"641dfbd1cf0e57384c37a037",65,2,4,2,"experience",2,"exp3"
"641dfbd1cf0e57384c37a037",66,20,5.5,20,"experience",20,"exp3"
"641dfbd1cf0e57384c37a037",67,10,5.9464274989274,10,"experience",10,"exp3"
"641dfbd1cf0e57384c37a037",68,10,5.9464274989274,10,"experience",10,"exp3"
"641dfbd1cf0e57384c37a037",69,2,4,2,"experience",2,"exp3"
"641dfbd1cf0e57384c37a037",70,10,5.9464274989274,10,"experience",10,"exp3"
"641dfbd1cf0e57384c37a037",71,20,5.5,20,"experience",20,"exp3"
"641dfbd1cf0e57384c37a037",72,2,4,2,"experience",2,"exp3"
"641dfbd1cf0e57384c37a037",73,2,4,2,"experience",2,"exp3"
"641dfbd1cf0e57384c37a037",74,2,4,2,"experience",2,"exp3"
"641dfbd1cf0e57384c37a037",75,2,4,2,"experience",2,"exp3"
"641dfbd1cf0e57384c37a037",76,2,4,2,"experience",2,"exp3"
"641dfbd1cf0e57384c37a037",77,2,4,2,"experience",2,"exp3"
"641dfbd1cf0e57384c37a037",78,10,5.9464274989274,10,"experience",10,"exp3"
"641dfbd1cf0e57384c37a037",79,20,5.5,20,"experience",20,"exp3"
"641dfbd1cf0e57384c37a037",80,2,4,2,"experience",2,"exp3"
"641dfbd1cf0e57384c37a037",81,10,5.9464274989274,10,"experience",10,"exp3"
"641dfbd1cf0e57384c37a037",82,20,5.5,20,"experience",20,"exp3"
"641dfbd1cf0e57384c37a037",83,10,5.9464274989274,10,"experience",10,"exp3"
"641dfbd1cf0e57384c37a037",84,20,5.5,20,"experience",20,"exp3"
"641dfbd1cf0e57384c37a037",85,20,5.5,20,"experience",20,"exp3"
"641dfbd1cf0e57384c37a037",86,2,4,2,"experience",2,"exp3"
"641dfbd1cf0e57384c37a037",87,10,5.9464274989274,10,"experience",10,"exp3"
"641dfbd1cf0e57384c37a037",88,20,5.5,20,"experience",20,"exp3"
"641dfbd1cf0e57384c37a037",89,10,5.9464274989274,10,"experience",10,"exp3"
"641dfbd1cf0e57384c37a037",90,20,5.5,20,"experience",20,"exp3"
"641dfbd1cf0e57384c37a037",91,20,5.5,20,"experience",20,"exp3"
"641dfbd1cf0e57384c37a037",92,2,4,2,"experience",2,"exp3"
"641dfbd1cf0e57384c37a037",93,10,5.9464274989274,10,"experience",10,"exp3"
"641dfbd1cf0e57384c37a037",94,20,5.5,20,"experience",20,"exp3"
"641dfbd1cf0e57384c37a037",95,20,5.5,20,"experience",20,"exp3"
"641dfbd1cf0e57384c37a037",96,20,5.5,20,"experience",20,"exp3"
"641dfbd1cf0e57384c37a037",97,10,5.9464274989274,10,"experience",10,"exp3"
"641dfbd1cf0e57384c37a037",98,10,5.9464274989274,10,"experience",10,"exp3"
"641dfbd1cf0e57384c37a037",99,10,5.9464274989274,10,"experience",10,"exp3"
"641dfbd1cf0e57384c37a037",100,10,5.9464274989274,10,"experience",10,"exp3"
"641dfbd1cf0e57384c37a037",101,20,5.5,20,"experience",20,"exp3"
"641dfbd1cf0e57384c37a037",102,20,5.5,20,"experience",20,"exp3"
"641dfbd1cf0e57384c37a037",103,10,5.9464274989274,10,"experience",10,"exp3"
"641dfbd1cf0e57384c37a037",104,20,5.5,20,"experience",20,"exp3"
"641dfbd1cf0e57384c37a037",105,2,4,2,"experience",2,"exp3"
"641dfbd1cf0e57384c37a037",106,10,5.9464274989274,10,"experience",10,"exp3"
"641dfbd1cf0e57384c37a037",107,20,5.5,20,"experience",20,"exp3"
"641dfbd1cf0e57384c37a037",108,10,5.9464274989274,10,"experience",10,"exp3"
"672268205351c30413c9837e",3,10,5.31883445878888,10,"experience",10,"exp3"
"672268205351c30413c9837e",5,10,4.92442890089805,10,"experience",10,"exp3"
"672268205351c30413c9837e",13,2,4,2,"experience",2,"exp3"
"672268205351c30413c9837e",14,20,5.5,20,"experience",20,"exp3"
"672268205351c30413c9837e",15,10,5.9464274989274,10,"experience",10,"exp3"
"672268205351c30413c9837e",16,20,5.5,20,"experience",20,"exp3"
"672268205351c30413c9837e",17,20,5.5,20,"experience",20,"exp3"
"672268205351c30413c9837e",18,20,5.5,20,"experience",20,"exp3"
"672268205351c30413c9837e",19,10,5.9464274989274,10,"experience",10,"exp3"
"672268205351c30413c9837e",20,20,5.5,20,"experience",20,"exp3"
"672268205351c30413c9837e",21,20,5.5,20,"experience",20,"exp3"
"672268205351c30413c9837e",22,10,5.9464274989274,10,"experience",10,"exp3"
"672268205351c30413c9837e",23,2,4,2,"experience",2,"exp3"
"672268205351c30413c9837e",24,20,5.5,20,"experience",20,"exp3"
"672268205351c30413c9837e",25,20,5.5,20,"experience",20,"exp3"
"672268205351c30413c9837e",26,2,4,2,"experience",2,"exp3"
"672268205351c30413c9837e",27,20,5.5,20,"experience",20,"exp3"
"672268205351c30413c9837e",28,2,4,2,"experience",2,"exp3"
"672268205351c30413c9837e",29,20,5.5,20,"experience",20,"exp3"
"672268205351c30413c9837e",30,20,5.5,20,"experience",20,"exp3"
"672268205351c30413c9837e",31,20,5.5,20,"experience",20,"exp3"
"672268205351c30413c9837e",32,20,5.5,20,"experience",20,"exp3"
"672268205351c30413c9837e",33,2,4,2,"experience",2,"exp3"
"672268205351c30413c9837e",34,20,5.5,20,"experience",20,"exp3"
"672268205351c30413c9837e",35,20,5.5,20,"experience",20,"exp3"
"672268205351c30413c9837e",36,20,5.5,20,"experience",20,"exp3"
"672268205351c30413c9837e",37,10,5.9464274989274,10,"experience",10,"exp3"
"672268205351c30413c9837e",38,2,4,2,"experience",2,"exp3"
"672268205351c30413c9837e",39,2,4,2,"experience",2,"exp3"
"672268205351c30413c9837e",40,2,4,2,"experience",2,"exp3"
"672268205351c30413c9837e",41,10,5.9464274989274,10,"experience",10,"exp3"
"672268205351c30413c9837e",42,2,4,2,"experience",2,"exp3"
"672268205351c30413c9837e",43,2,4,2,"experience",2,"exp3"
"672268205351c30413c9837e",44,10,5.9464274989274,10,"experience",10,"exp3"
"672268205351c30413c9837e",45,10,5.9464274989274,10,"experience",10,"exp3"
"672268205351c30413c9837e",46,10,5.9464274989274,10,"experience",10,"exp3"
"672268205351c30413c9837e",47,2,4,2,"experience",2,"exp3"
"672268205351c30413c9837e",48,10,5.9464274989274,10,"experience",10,"exp3"
"672268205351c30413c9837e",49,10,5.9464274989274,10,"experience",10,"exp3"
"672268205351c30413c9837e",50,2,4,2,"experience",2,"exp3"
"672268205351c30413c9837e",51,2,4,2,"experience",2,"exp3"
"672268205351c30413c9837e",52,10,5.9464274989274,10,"experience",10,"exp3"
"672268205351c30413c9837e",53,2,4,2,"experience",2,"exp3"
"672268205351c30413c9837e",54,2,4,2,"experience",2,"exp3"
"672268205351c30413c9837e",55,2,4,2,"experience",2,"exp3"
"672268205351c30413c9837e",56,10,5.9464274989274,10,"experience",10,"exp3"
"672268205351c30413c9837e",57,10,5.9464274989274,10,"experience",10,"exp3"
"672268205351c30413c9837e",58,10,5.9464274989274,10,"experience",10,"exp3"
"672268205351c30413c9837e",59,10,5.9464274989274,10,"experience",10,"exp3"
"672268205351c30413c9837e",60,10,5.9464274989274,10,"experience",10,"exp3"
"672268205351c30413c9837e",61,2,4,2,"experience",2,"exp3"
"672268205351c30413c9837e",62,20,5.5,20,"experience",20,"exp3"
"672268205351c30413c9837e",63,2,4,2,"experience",2,"exp3"
"672268205351c30413c9837e",64,10,5.9464274989274,10,"experience",10,"exp3"
"672268205351c30413c9837e",65,10,5.9464274989274,10,"experience",10,"exp3"
"672268205351c30413c9837e",66,2,4,2,"experience",2,"exp3"
"672268205351c30413c9837e",67,20,5.5,20,"experience",20,"exp3"
"672268205351c30413c9837e",68,20,5.5,20,"experience",20,"exp3"
"672268205351c30413c9837e",69,20,5.5,20,"experience",20,"exp3"
"672268205351c30413c9837e",70,2,4,2,"experience",2,"exp3"
"672268205351c30413c9837e",71,10,5.9464274989274,10,"experience",10,"exp3"
"672268205351c30413c9837e",72,20,5.5,20,"experience",20,"exp3"
"672268205351c30413c9837e",73,2,4,2,"experience",2,"exp3"
"672268205351c30413c9837e",74,2,4,2,"experience",2,"exp3"
"672268205351c30413c9837e",75,20,5.5,20,"experience",20,"exp3"
"672268205351c30413c9837e",76,20,5.5,20,"experience",20,"exp3"
"672268205351c30413c9837e",77,20,5.5,20,"experience",20,"exp3"
"672268205351c30413c9837e",78,20,5.5,20,"experience",20,"exp3"
"672268205351c30413c9837e",79,10,5.9464274989274,10,"experience",10,"exp3"
"672268205351c30413c9837e",80,2,4,2,"experience",2,"exp3"
"672268205351c30413c9837e",81,20,5.5,20,"experience",20,"exp3"
"672268205351c30413c9837e",82,20,5.5,20,"experience",20,"exp3"
"672268205351c30413c9837e",83,10,5.9464274989274,10,"experience",10,"exp3"
"672268205351c30413c9837e",84,10,5.9464274989274,10,"experience",10,"exp3"
"672268205351c30413c9837e",85,20,5.5,20,"experience",20,"exp3"
"672268205351c30413c9837e",86,10,5.9464274989274,10,"experience",10,"exp3"
"672268205351c30413c9837e",87,10,5.9464274989274,10,"experience",10,"exp3"
"672268205351c30413c9837e",88,10,5.9464274989274,10,"experience",10,"exp3"
"672268205351c30413c9837e",89,10,5.9464274989274,10,"experience",10,"exp3"
"672268205351c30413c9837e",90,20,5.5,20,"experience",20,"exp3"
"672268205351c30413c9837e",91,20,5.5,20,"experience",20,"exp3"
"672268205351c30413c9837e",92,20,5.5,20,"experience",20,"exp3"
"672268205351c30413c9837e",93,10,5.9464274989274,10,"experience",10,"exp3"
"672268205351c30413c9837e",94,20,5.5,20,"experience",20,"exp3"
"672268205351c30413c9837e",95,2,4,2,"experience",2,"exp3"
"672268205351c30413c9837e",96,10,5.9464274989274,10,"experience",10,"exp3"
"672268205351c30413c9837e",97,10,5.9464274989274,10,"experience",10,"exp3"
"672268205351c30413c9837e",98,10,5.9464274989274,10,"experience",10,"exp3"
"672268205351c30413c9837e",99,2,4,2,"experience",2,"exp3"
"672268205351c30413c9837e",100,10,5.9464274989274,10,"experience",10,"exp3"
"672268205351c30413c9837e",101,2,4,2,"experience",2,"exp3"
"672268205351c30413c9837e",102,2,4,2,"experience",2,"exp3"
"672268205351c30413c9837e",103,2,4,2,"experience",2,"exp3"
"672268205351c30413c9837e",104,10,5.9464274989274,10,"experience",10,"exp3"
"672268205351c30413c9837e",105,2,4,2,"experience",2,"exp3"
"672268205351c30413c9837e",106,2,4,2,"experience",2,"exp3"
"672268205351c30413c9837e",107,2,4,2,"experience",2,"exp3"
"672268205351c30413c9837e",108,2,4,2,"experience",2,"exp3"
"5d88db42c1d06e001a1fdcab",10,10,4.65725240887801,10,"experience",10,"exp3"
"5d88db42c1d06e001a1fdcab",12,2,2,2,"experience",2,"exp3"
"5d88db42c1d06e001a1fdcab",13,2,4,2,"experience",2,"exp3"
"5d88db42c1d06e001a1fdcab",14,2,4,2,"experience",2,"exp3"
"5d88db42c1d06e001a1fdcab",15,20,5.5,20,"experience",20,"exp3"
"5d88db42c1d06e001a1fdcab",16,20,5.5,20,"experience",20,"exp3"
"5d88db42c1d06e001a1fdcab",17,20,5.5,20,"experience",20,"exp3"
"5d88db42c1d06e001a1fdcab",18,20,5.5,20,"experience",20,"exp3"
"5d88db42c1d06e001a1fdcab",19,2,4,2,"experience",2,"exp3"
"5d88db42c1d06e001a1fdcab",20,10,5.9464274989274,10,"experience",10,"exp3"
"5d88db42c1d06e001a1fdcab",21,2,4,2,"experience",2,"exp3"
"5d88db42c1d06e001a1fdcab",22,2,4,2,"experience",2,"exp3"
"5d88db42c1d06e001a1fdcab",23,20,5.5,20,"experience",20,"exp3"
"5d88db42c1d06e001a1fdcab",24,20,5.5,20,"experience",20,"exp3"
"5d88db42c1d06e001a1fdcab",25,10,5.9464274989274,10,"experience",10,"exp3"
"5d88db42c1d06e001a1fdcab",26,20,5.5,20,"experience",20,"exp3"
"5d88db42c1d06e001a1fdcab",27,20,5.5,20,"experience",20,"exp3"
"5d88db42c1d06e001a1fdcab",28,2,4,2,"experience",2,"exp3"
"5d88db42c1d06e001a1fdcab",29,2,4,2,"experience",2,"exp3"
"5d88db42c1d06e001a1fdcab",30,10,5.9464274989274,10,"experience",10,"exp3"
"5d88db42c1d06e001a1fdcab",31,10,5.9464274989274,10,"experience",10,"exp3"
"5d88db42c1d06e001a1fdcab",32,2,4,2,"experience",2,"exp3"
"5d88db42c1d06e001a1fdcab",33,20,5.5,20,"experience",20,"exp3"
"5d88db42c1d06e001a1fdcab",34,10,5.9464274989274,10,"experience",10,"exp3"
"5d88db42c1d06e001a1fdcab",35,2,4,2,"experience",2,"exp3"
"5d88db42c1d06e001a1fdcab",36,2,4,2,"experience",2,"exp3"
"5d88db42c1d06e001a1fdcab",37,2,4,2,"experience",2,"exp3"
"5d88db42c1d06e001a1fdcab",38,10,5.9464274989274,10,"experience",10,"exp3"
"5d88db42c1d06e001a1fdcab",39,10,5.9464274989274,10,"experience",10,"exp3"
"5d88db42c1d06e001a1fdcab",40,20,5.5,20,"experience",20,"exp3"
"5d88db42c1d06e001a1fdcab",41,10,5.9464274989274,10,"experience",10,"exp3"
"5d88db42c1d06e001a1fdcab",42,2,4,2,"experience",2,"exp3"
"5d88db42c1d06e001a1fdcab",43,10,5.9464274989274,10,"experience",10,"exp3"
"5d88db42c1d06e001a1fdcab",44,10,5.9464274989274,10,"experience",10,"exp3"
"5d88db42c1d06e001a1fdcab",45,10,5.9464274989274,10,"experience",10,"exp3"
"5d88db42c1d06e001a1fdcab",46,10,5.9464274989274,10,"experience",10,"exp3"
"5d88db42c1d06e001a1fdcab",47,10,5.9464274989274,10,"experience",10,"exp3"
"5d88db42c1d06e001a1fdcab",48,20,5.5,20,"experience",20,"exp3"
"5d88db42c1d06e001a1fdcab",49,2,4,2,"experience",2,"exp3"
"5d88db42c1d06e001a1fdcab",50,2,4,2,"experience",2,"exp3"
"5d88db42c1d06e001a1fdcab",51,2,4,2,"experience",2,"exp3"
"5d88db42c1d06e001a1fdcab",52,20,5.5,20,"experience",20,"exp3"
"5d88db42c1d06e001a1fdcab",53,2,4,2,"experience",2,"exp3"
"5d88db42c1d06e001a1fdcab",54,10,5.9464274989274,10,"experience",10,"exp3"
"5d88db42c1d06e001a1fdcab",55,10,5.9464274989274,10,"experience",10,"exp3"
"5d88db42c1d06e001a1fdcab",56,20,5.5,20,"experience",20,"exp3"
"5d88db42c1d06e001a1fdcab",57,20,5.5,20,"experience",20,"exp3"
"5d88db42c1d06e001a1fdcab",58,20,5.5,20,"experience",20,"exp3"
"5d88db42c1d06e001a1fdcab",59,10,5.9464274989274,10,"experience",10,"exp3"
"5d88db42c1d06e001a1fdcab",60,20,5.5,20,"experience",20,"exp3"
"5d88db42c1d06e001a1fdcab",61,2,4,2,"experience",2,"exp3"
"5d88db42c1d06e001a1fdcab",62,10,5.9464274989274,10,"experience",10,"exp3"
"5d88db42c1d06e001a1fdcab",63,10,5.9464274989274,10,"experience",10,"exp3"
"5d88db42c1d06e001a1fdcab",64,2,4,2,"experience",2,"exp3"
"5d88db42c1d06e001a1fdcab",65,2,4,2,"experience",2,"exp3"
"5d88db42c1d06e001a1fdcab",66,10,5.9464274989274,10,"experience",10,"exp3"
"5d88db42c1d06e001a1fdcab",67,10,5.9464274989274,10,"experience",10,"exp3"
"5d88db42c1d06e001a1fdcab",68,10,5.9464274989274,10,"experience",10,"exp3"
"5d88db42c1d06e001a1fdcab",69,20,5.5,20,"experience",20,"exp3"
"5d88db42c1d06e001a1fdcab",70,10,5.9464274989274,10,"experience",10,"exp3"
"5d88db42c1d06e001a1fdcab",71,2,4,2,"experience",2,"exp3"
"5d88db42c1d06e001a1fdcab",72,2,4,2,"experience",2,"exp3"
"5d88db42c1d06e001a1fdcab",73,2,4,2,"experience",2,"exp3"
"5d88db42c1d06e001a1fdcab",74,20,5.5,20,"experience",20,"exp3"
"5d88db42c1d06e001a1fdcab",75,20,5.5,20,"experience",20,"exp3"
"5d88db42c1d06e001a1fdcab",76,2,4,2,"experience",2,"exp3"
"5d88db42c1d06e001a1fdcab",77,10,5.9464274989274,10,"experience",10,"exp3"
"5d88db42c1d06e001a1fdcab",78,20,5.5,20,"experience",20,"exp3"
"5d88db42c1d06e001a1fdcab",79,20,5.5,20,"experience",20,"exp3"
"5d88db42c1d06e001a1fdcab",80,10,5.9464274989274,10,"experience",10,"exp3"
"5d88db42c1d06e001a1fdcab",81,20,5.5,20,"experience",20,"exp3"
"5d88db42c1d06e001a1fdcab",82,20,5.5,20,"experience",20,"exp3"
"5d88db42c1d06e001a1fdcab",83,2,4,2,"experience",2,"exp3"
"5d88db42c1d06e001a1fdcab",84,10,5.9464274989274,10,"experience",10,"exp3"
"5d88db42c1d06e001a1fdcab",85,2,4,2,"experience",2,"exp3"
"5d88db42c1d06e001a1fdcab",86,10,5.9464274989274,10,"experience",10,"exp3"
"5d88db42c1d06e001a1fdcab",87,2,4,2,"experience",2,"exp3"
"5d88db42c1d06e001a1fdcab",88,2,4,2,"experience",2,"exp3"
"5d88db42c1d06e001a1fdcab",89,10,5.9464274989274,10,"experience",10,"exp3"
"5d88db42c1d06e001a1fdcab",90,10,5.9464274989274,10,"experience",10,"exp3"
"5d88db42c1d06e001a1fdcab",91,20,5.5,20,"experience",20,"exp3"
"5d88db42c1d06e001a1fdcab",92,10,5.9464274989274,10,"experience",10,"exp3"
"5d88db42c1d06e001a1fdcab",93,20,5.5,20,"experience",20,"exp3"
"5d88db42c1d06e001a1fdcab",94,10,5.9464274989274,10,"experience",10,"exp3"
"5d88db42c1d06e001a1fdcab",95,2,4,2,"experience",2,"exp3"
"5d88db42c1d06e001a1fdcab",96,20,5.5,20,"experience",20,"exp3"
"5d88db42c1d06e001a1fdcab",97,2,4,2,"experience",2,"exp3"
"5d88db42c1d06e001a1fdcab",98,2,4,2,"experience",2,"exp3"
"5d88db42c1d06e001a1fdcab",99,20,5.5,20,"experience",20,"exp3"
"5d88db42c1d06e001a1fdcab",100,10,5.9464274989274,10,"experience",10,"exp3"
"5d88db42c1d06e001a1fdcab",101,20,5.5,20,"experience",20,"exp3"
"5d88db42c1d06e001a1fdcab",102,2,4,2,"experience",2,"exp3"
"5d88db42c1d06e001a1fdcab",103,2,4,2,"experience",2,"exp3"
"5d88db42c1d06e001a1fdcab",104,20,5.5,20,"experience",20,"exp3"
"5d88db42c1d06e001a1fdcab",105,20,5.5,20,"experience",20,"exp3"
"5d88db42c1d06e001a1fdcab",106,20,5.5,20,"experience",20,"exp3"
"5d88db42c1d06e001a1fdcab",107,10,5.9464274989274,10,"experience",10,"exp3"
"5d88db42c1d06e001a1fdcab",108,20,5.5,20,"experience",20,"exp3"
"66a02d45a7db35d93c9f6a81",4,10,5.75847201955519,10,"experience",10,"exp3"
"66a02d45a7db35d93c9f6a81",7,2,7.5,2,"experience",2,"exp3"
"66a02d45a7db35d93c9f6a81",13,2,4,2,"experience",2,"exp3"
"66a02d45a7db35d93c9f6a81",14,2,4,2,"experience",2,"exp3"
"66a02d45a7db35d93c9f6a81",15,20,5.5,20,"experience",20,"exp3"
"66a02d45a7db35d93c9f6a81",16,2,4,2,"experience",2,"exp3"
"66a02d45a7db35d93c9f6a81",17,2,4,2,"experience",2,"exp3"
"66a02d45a7db35d93c9f6a81",18,2,4,2,"experience",2,"exp3"
"66a02d45a7db35d93c9f6a81",19,20,5.5,20,"experience",20,"exp3"
"66a02d45a7db35d93c9f6a81",20,20,5.5,20,"experience",20,"exp3"
"66a02d45a7db35d93c9f6a81",21,10,5.9464274989274,10,"experience",10,"exp3"
"66a02d45a7db35d93c9f6a81",22,20,5.5,20,"experience",20,"exp3"
"66a02d45a7db35d93c9f6a81",23,20,5.5,20,"experience",20,"exp3"
"66a02d45a7db35d93c9f6a81",24,10,5.9464274989274,10,"experience",10,"exp3"
"66a02d45a7db35d93c9f6a81",25,10,5.9464274989274,10,"experience",10,"exp3"
"66a02d45a7db35d93c9f6a81",26,10,5.9464274989274,10,"experience",10,"exp3"
"66a02d45a7db35d93c9f6a81",27,10,5.9464274989274,10,"experience",10,"exp3"
"66a02d45a7db35d93c9f6a81",28,10,5.9464274989274,10,"experience",10,"exp3"
"66a02d45a7db35d93c9f6a81",29,20,5.5,20,"experience",20,"exp3"
"66a02d45a7db35d93c9f6a81",30,2,4,2,"experience",2,"exp3"
"66a02d45a7db35d93c9f6a81",31,20,5.5,20,"experience",20,"exp3"
"66a02d45a7db35d93c9f6a81",32,10,5.9464274989274,10,"experience",10,"exp3"
"66a02d45a7db35d93c9f6a81",33,2,4,2,"experience",2,"exp3"
"66a02d45a7db35d93c9f6a81",34,10,5.9464274989274,10,"experience",10,"exp3"
"66a02d45a7db35d93c9f6a81",35,2,4,2,"experience",2,"exp3"
"66a02d45a7db35d93c9f6a81",36,20,5.5,20,"experience",20,"exp3"
"66a02d45a7db35d93c9f6a81",37,2,4,2,"experience",2,"exp3"
"66a02d45a7db35d93c9f6a81",38,2,4,2,"experience",2,"exp3"
"66a02d45a7db35d93c9f6a81",39,20,5.5,20,"experience",20,"exp3"
"66a02d45a7db35d93c9f6a81",40,2,4,2,"experience",2,"exp3"
"66a02d45a7db35d93c9f6a81",41,10,5.9464274989274,10,"experience",10,"exp3"
"66a02d45a7db35d93c9f6a81",42,20,5.5,20,"experience",20,"exp3"
"66a02d45a7db35d93c9f6a81",43,2,4,2,"experience",2,"exp3"
"66a02d45a7db35d93c9f6a81",44,20,5.5,20,"experience",20,"exp3"
"66a02d45a7db35d93c9f6a81",45,20,5.5,20,"experience",20,"exp3"
"66a02d45a7db35d93c9f6a81",46,10,5.9464274989274,10,"experience",10,"exp3"
"66a02d45a7db35d93c9f6a81",47,2,4,2,"experience",2,"exp3"
"66a02d45a7db35d93c9f6a81",48,10,5.9464274989274,10,"experience",10,"exp3"
"66a02d45a7db35d93c9f6a81",49,10,5.9464274989274,10,"experience",10,"exp3"
"66a02d45a7db35d93c9f6a81",50,2,4,2,"experience",2,"exp3"
"66a02d45a7db35d93c9f6a81",51,10,5.9464274989274,10,"experience",10,"exp3"
"66a02d45a7db35d93c9f6a81",52,20,5.5,20,"experience",20,"exp3"
"66a02d45a7db35d93c9f6a81",53,20,5.5,20,"experience",20,"exp3"
"66a02d45a7db35d93c9f6a81",54,2,4,2,"experience",2,"exp3"
"66a02d45a7db35d93c9f6a81",55,20,5.5,20,"experience",20,"exp3"
"66a02d45a7db35d93c9f6a81",56,10,5.9464274989274,10,"experience",10,"exp3"
"66a02d45a7db35d93c9f6a81",57,10,5.9464274989274,10,"experience",10,"exp3"
"66a02d45a7db35d93c9f6a81",58,10,5.9464274989274,10,"experience",10,"exp3"
"66a02d45a7db35d93c9f6a81",59,2,4,2,"experience",2,"exp3"
"66a02d45a7db35d93c9f6a81",60,20,5.5,20,"experience",20,"exp3"
"66a02d45a7db35d93c9f6a81",61,10,5.9464274989274,10,"experience",10,"exp3"
"66a02d45a7db35d93c9f6a81",62,20,5.5,20,"experience",20,"exp3"
"66a02d45a7db35d93c9f6a81",63,10,5.9464274989274,10,"experience",10,"exp3"
"66a02d45a7db35d93c9f6a81",64,10,5.9464274989274,10,"experience",10,"exp3"
"66a02d45a7db35d93c9f6a81",65,20,5.5,20,"experience",20,"exp3"
"66a02d45a7db35d93c9f6a81",66,20,5.5,20,"experience",20,"exp3"
"66a02d45a7db35d93c9f6a81",67,10,5.9464274989274,10,"experience",10,"exp3"
"66a02d45a7db35d93c9f6a81",68,2,4,2,"experience",2,"exp3"
"66a02d45a7db35d93c9f6a81",69,2,4,2,"experience",2,"exp3"
"66a02d45a7db35d93c9f6a81",70,2,4,2,"experience",2,"exp3"
"66a02d45a7db35d93c9f6a81",71,10,5.9464274989274,10,"experience",10,"exp3"
"66a02d45a7db35d93c9f6a81",72,10,5.9464274989274,10,"experience",10,"exp3"
"66a02d45a7db35d93c9f6a81",73,10,5.9464274989274,10,"experience",10,"exp3"
"66a02d45a7db35d93c9f6a81",74,10,5.9464274989274,10,"experience",10,"exp3"
"66a02d45a7db35d93c9f6a81",75,20,5.5,20,"experience",20,"exp3"
"66a02d45a7db35d93c9f6a81",76,2,4,2,"experience",2,"exp3"
"66a02d45a7db35d93c9f6a81",77,20,5.5,20,"experience",20,"exp3"
"66a02d45a7db35d93c9f6a81",78,20,5.5,20,"experience",20,"exp3"
"66a02d45a7db35d93c9f6a81",79,10,5.9464274989274,10,"experience",10,"exp3"
"66a02d45a7db35d93c9f6a81",80,2,4,2,"experience",2,"exp3"
"66a02d45a7db35d93c9f6a81",81,20,5.5,20,"experience",20,"exp3"
"66a02d45a7db35d93c9f6a81",82,20,5.5,20,"experience",20,"exp3"
"66a02d45a7db35d93c9f6a81",83,2,4,2,"experience",2,"exp3"
"66a02d45a7db35d93c9f6a81",84,2,4,2,"experience",2,"exp3"
"66a02d45a7db35d93c9f6a81",85,2,4,2,"experience",2,"exp3"
"66a02d45a7db35d93c9f6a81",86,10,5.9464274989274,10,"experience",10,"exp3"
"66a02d45a7db35d93c9f6a81",87,20,5.5,20,"experience",20,"exp3"
"66a02d45a7db35d93c9f6a81",88,20,5.5,20,"experience",20,"exp3"
"66a02d45a7db35d93c9f6a81",89,2,4,2,"experience",2,"exp3"
"66a02d45a7db35d93c9f6a81",90,20,5.5,20,"experience",20,"exp3"
"66a02d45a7db35d93c9f6a81",91,20,5.5,20,"experience",20,"exp3"
"66a02d45a7db35d93c9f6a81",92,10,5.9464274989274,10,"experience",10,"exp3"
"66a02d45a7db35d93c9f6a81",93,2,4,2,"experience",2,"exp3"
"66a02d45a7db35d93c9f6a81",94,2,4,2,"experience",2,"exp3"
"66a02d45a7db35d93c9f6a81",95,20,5.5,20,"experience",20,"exp3"
"66a02d45a7db35d93c9f6a81",96,10,5.9464274989274,10,"experience",10,"exp3"
"66a02d45a7db35d93c9f6a81",97,2,4,2,"experience",2,"exp3"
"66a02d45a7db35d93c9f6a81",98,2,4,2,"experience",2,"exp3"
"66a02d45a7db35d93c9f6a81",99,2,4,2,"experience",2,"exp3"
"66a02d45a7db35d93c9f6a81",100,2,4,2,"experience",2,"exp3"
"66a02d45a7db35d93c9f6a81",101,10,5.9464274989274,10,"experience",10,"exp3"
"66a02d45a7db35d93c9f6a81",102,10,5.9464274989274,10,"experience",10,"exp3"
"66a02d45a7db35d93c9f6a81",103,20,5.5,20,"experience",20,"exp3"
"66a02d45a7db35d93c9f6a81",104,20,5.5,20,"experience",20,"exp3"
"66a02d45a7db35d93c9f6a81",105,10,5.9464274989274,10,"experience",10,"exp3"
"66a02d45a7db35d93c9f6a81",106,20,5.5,20,"experience",20,"exp3"
"66a02d45a7db35d93c9f6a81",107,10,5.9464274989274,10,"experience",10,"exp3"
"66a02d45a7db35d93c9f6a81",108,2,4,2,"experience",2,"exp3"
"6475e3b08c14ba10d9e6f70f",3,10,6.20403094769844,10,"experience",10,"exp3"
"6475e3b08c14ba10d9e6f70f",7,2,4.5,2,"experience",2,"exp3"
"6475e3b08c14ba10d9e6f70f",9,2,4.5,2,"experience",2,"exp3"
"6475e3b08c14ba10d9e6f70f",10,10,6.30555310817378,10,"experience",10,"exp3"
"6475e3b08c14ba10d9e6f70f",13,2,4,2,"experience",2,"exp3"
"6475e3b08c14ba10d9e6f70f",14,20,5.5,20,"experience",20,"exp3"
"6475e3b08c14ba10d9e6f70f",15,10,5.9464274989274,10,"experience",10,"exp3"
"6475e3b08c14ba10d9e6f70f",16,10,5.9464274989274,10,"experience",10,"exp3"
"6475e3b08c14ba10d9e6f70f",17,20,5.5,20,"experience",20,"exp3"
"6475e3b08c14ba10d9e6f70f",18,2,4,2,"experience",2,"exp3"
"6475e3b08c14ba10d9e6f70f",19,20,5.5,20,"experience",20,"exp3"
"6475e3b08c14ba10d9e6f70f",20,2,4,2,"experience",2,"exp3"
"67ee52fbbc516336cfa87256",2,10,6.49307323229917,10,"experience",10,"exp3"
"67ee52fbbc516336cfa87256",4,2,2,2,"experience",2,"exp3"
"67ee52fbbc516336cfa87256",13,10,5.9464274989274,10,"experience",10,"exp3"
"67ee52fbbc516336cfa87256",14,10,5.9464274989274,10,"experience",10,"exp3"
"67ee52fbbc516336cfa87256",15,20,5.5,20,"experience",20,"exp3"
"67ee52fbbc516336cfa87256",16,20,5.5,20,"experience",20,"exp3"
"67ee52fbbc516336cfa87256",17,10,5.9464274989274,10,"experience",10,"exp3"
"67ee52fbbc516336cfa87256",18,20,5.5,20,"experience",20,"exp3"
"59296fb2e8a7ff000163f033",4,10,4.43170396123207,10,"experience",10,"exp3"
"59296fb2e8a7ff000163f033",13,2,4,2,"experience",2,"exp3"
"59296fb2e8a7ff000163f033",14,10,5.9464274989274,10,"experience",10,"exp3"
"59296fb2e8a7ff000163f033",15,20,5.5,20,"experience",20,"exp3"
"59296fb2e8a7ff000163f033",16,2,4,2,"experience",2,"exp3"
"59296fb2e8a7ff000163f033",17,2,4,2,"experience",2,"exp3"
"59296fb2e8a7ff000163f033",18,2,4,2,"experience",2,"exp3"
"59296fb2e8a7ff000163f033",19,10,5.9464274989274,10,"experience",10,"exp3"
"59296fb2e8a7ff000163f033",20,10,5.9464274989274,10,"experience",10,"exp3"
"59296fb2e8a7ff000163f033",21,2,4,2,"experience",2,"exp3"
"59296fb2e8a7ff000163f033",22,2,4,2,"experience",2,"exp3"
"59296fb2e8a7ff000163f033",23,2,4,2,"experience",2,"exp3"
"59296fb2e8a7ff000163f033",24,10,5.9464274989274,10,"experience",10,"exp3"
"59296fb2e8a7ff000163f033",25,10,5.9464274989274,10,"experience",10,"exp3"
"59296fb2e8a7ff000163f033",26,2,4,2,"experience",2,"exp3"
"59296fb2e8a7ff000163f033",27,2,4,2,"experience",2,"exp3"
"59296fb2e8a7ff000163f033",28,20,5.5,20,"experience",20,"exp3"
"59296fb2e8a7ff000163f033",29,20,5.5,20,"experience",20,"exp3"
"59296fb2e8a7ff000163f033",30,10,5.9464274989274,10,"experience",10,"exp3"
"59296fb2e8a7ff000163f033",31,20,5.5,20,"experience",20,"exp3"
"59296fb2e8a7ff000163f033",32,20,5.5,20,"experience",20,"exp3"
"59296fb2e8a7ff000163f033",33,20,5.5,20,"experience",20,"exp3"
"59296fb2e8a7ff000163f033",34,10,5.9464274989274,10,"experience",10,"exp3"
"59296fb2e8a7ff000163f033",35,2,4,2,"experience",2,"exp3"
"59296fb2e8a7ff000163f033",36,10,5.9464274989274,10,"experience",10,"exp3"
"59296fb2e8a7ff000163f033",37,10,5.9464274989274,10,"experience",10,"exp3"
"59296fb2e8a7ff000163f033",38,20,5.5,20,"experience",20,"exp3"
"59296fb2e8a7ff000163f033",39,2,4,2,"experience",2,"exp3"
"59296fb2e8a7ff000163f033",40,20,5.5,20,"experience",20,"exp3"
"59296fb2e8a7ff000163f033",41,10,5.9464274989274,10,"experience",10,"exp3"
"59296fb2e8a7ff000163f033",42,20,5.5,20,"experience",20,"exp3"
"59296fb2e8a7ff000163f033",43,20,5.5,20,"experience",20,"exp3"
"59296fb2e8a7ff000163f033",44,20,5.5,20,"experience",20,"exp3"
"59296fb2e8a7ff000163f033",45,10,5.9464274989274,10,"experience",10,"exp3"
"59296fb2e8a7ff000163f033",46,10,5.9464274989274,10,"experience",10,"exp3"
"59296fb2e8a7ff000163f033",47,20,5.5,20,"experience",20,"exp3"
"59296fb2e8a7ff000163f033",48,2,4,2,"experience",2,"exp3"
"59296fb2e8a7ff000163f033",49,2,4,2,"experience",2,"exp3"
"59296fb2e8a7ff000163f033",50,10,5.9464274989274,10,"experience",10,"exp3"
"59296fb2e8a7ff000163f033",51,2,4,2,"experience",2,"exp3"
"59296fb2e8a7ff000163f033",52,10,5.9464274989274,10,"experience",10,"exp3"
"59296fb2e8a7ff000163f033",53,20,5.5,20,"experience",20,"exp3"
"59296fb2e8a7ff000163f033",54,2,4,2,"experience",2,"exp3"
"59296fb2e8a7ff000163f033",55,2,4,2,"experience",2,"exp3"
"59296fb2e8a7ff000163f033",56,10,5.9464274989274,10,"experience",10,"exp3"
"59296fb2e8a7ff000163f033",57,10,5.9464274989274,10,"experience",10,"exp3"
"59296fb2e8a7ff000163f033",58,20,5.5,20,"experience",20,"exp3"
"59296fb2e8a7ff000163f033",59,20,5.5,20,"experience",20,"exp3"
"59296fb2e8a7ff000163f033",60,20,5.5,20,"experience",20,"exp3"
"59296fb2e8a7ff000163f033",61,20,5.5,20,"experience",20,"exp3"
"59296fb2e8a7ff000163f033",62,2,4,2,"experience",2,"exp3"
"59296fb2e8a7ff000163f033",63,20,5.5,20,"experience",20,"exp3"
"59296fb2e8a7ff000163f033",64,2,4,2,"experience",2,"exp3"
"59296fb2e8a7ff000163f033",65,10,5.9464274989274,10,"experience",10,"exp3"
"59296fb2e8a7ff000163f033",66,10,5.9464274989274,10,"experience",10,"exp3"
"59296fb2e8a7ff000163f033",67,2,4,2,"experience",2,"exp3"
"59296fb2e8a7ff000163f033",68,10,5.9464274989274,10,"experience",10,"exp3"
"59296fb2e8a7ff000163f033",69,2,4,2,"experience",2,"exp3"
"59296fb2e8a7ff000163f033",70,20,5.5,20,"experience",20,"exp3"
"59296fb2e8a7ff000163f033",71,2,4,2,"experience",2,"exp3"
"59296fb2e8a7ff000163f033",72,10,5.9464274989274,10,"experience",10,"exp3"
"59296fb2e8a7ff000163f033",73,10,5.9464274989274,10,"experience",10,"exp3"
"59296fb2e8a7ff000163f033",74,10,5.9464274989274,10,"experience",10,"exp3"
"59296fb2e8a7ff000163f033",75,20,5.5,20,"experience",20,"exp3"
"59296fb2e8a7ff000163f033",76,20,5.5,20,"experience",20,"exp3"
"59296fb2e8a7ff000163f033",77,20,5.5,20,"experience",20,"exp3"
"59296fb2e8a7ff000163f033",78,20,5.5,20,"experience",20,"exp3"
"59296fb2e8a7ff000163f033",79,20,5.5,20,"experience",20,"exp3"
"59296fb2e8a7ff000163f033",80,20,5.5,20,"experience",20,"exp3"
"59296fb2e8a7ff000163f033",81,10,5.9464274989274,10,"experience",10,"exp3"
"59296fb2e8a7ff000163f033",82,2,4,2,"experience",2,"exp3"
"59296fb2e8a7ff000163f033",83,2,4,2,"experience",2,"exp3"
"59296fb2e8a7ff000163f033",84,10,5.9464274989274,10,"experience",10,"exp3"
"59296fb2e8a7ff000163f033",85,20,5.5,20,"experience",20,"exp3"
"59296fb2e8a7ff000163f033",86,10,5.9464274989274,10,"experience",10,"exp3"
"59296fb2e8a7ff000163f033",87,20,5.5,20,"experience",20,"exp3"
"59296fb2e8a7ff000163f033",88,20,5.5,20,"experience",20,"exp3"
"59296fb2e8a7ff000163f033",89,10,5.9464274989274,10,"experience",10,"exp3"
"59296fb2e8a7ff000163f033",90,20,5.5,20,"experience",20,"exp3"
"59296fb2e8a7ff000163f033",91,10,5.9464274989274,10,"experience",10,"exp3"
"59296fb2e8a7ff000163f033",92,2,4,2,"experience",2,"exp3"
"59296fb2e8a7ff000163f033",93,2,4,2,"experience",2,"exp3"
"59296fb2e8a7ff000163f033",94,10,5.9464274989274,10,"experience",10,"exp3"
"59296fb2e8a7ff000163f033",95,10,5.9464274989274,10,"experience",10,"exp3"
"59296fb2e8a7ff000163f033",96,2,4,2,"experience",2,"exp3"
"59296fb2e8a7ff000163f033",97,10,5.9464274989274,10,"experience",10,"exp3"
"59296fb2e8a7ff000163f033",98,20,5.5,20,"experience",20,"exp3"
"59296fb2e8a7ff000163f033",99,10,5.9464274989274,10,"experience",10,"exp3"
"59296fb2e8a7ff000163f033",100,2,4,2,"experience",2,"exp3"
"59296fb2e8a7ff000163f033",101,20,5.5,20,"experience",20,"exp3"
"59296fb2e8a7ff000163f033",102,10,5.9464274989274,10,"experience",10,"exp3"
"59296fb2e8a7ff000163f033",103,20,5.5,20,"experience",20,"exp3"
"59296fb2e8a7ff000163f033",104,2,4,2,"experience",2,"exp3"
"59296fb2e8a7ff000163f033",105,2,4,2,"experience",2,"exp3"
"59296fb2e8a7ff000163f033",106,2,4,2,"experience",2,"exp3"
"59296fb2e8a7ff000163f033",107,2,4,2,"experience",2,"exp3"
"59296fb2e8a7ff000163f033",108,2,4,2,"experience",2,"exp3"
"64f9db6943940e98c173b596",8,2,4.5,2,"experience",2,"exp3"
"64f9db6943940e98c173b596",13,2,4,2,"experience",2,"exp3"
"64f9db6943940e98c173b596",14,2,4,2,"experience",2,"exp3"
"64f9db6943940e98c173b596",15,20,5.5,20,"experience",20,"exp3"
"64f9db6943940e98c173b596",16,2,4,2,"experience",2,"exp3"
"64f9db6943940e98c173b596",17,10,5.9464274989274,10,"experience",10,"exp3"
"64f9db6943940e98c173b596",18,20,5.5,20,"experience",20,"exp3"
"64f9db6943940e98c173b596",19,20,5.5,20,"experience",20,"exp3"
"64f9db6943940e98c173b596",20,10,5.9464274989274,10,"experience",10,"exp3"
"64f9db6943940e98c173b596",21,20,5.5,20,"experience",20,"exp3"
"64f9db6943940e98c173b596",22,20,5.5,20,"experience",20,"exp3"
"64f9db6943940e98c173b596",23,2,4,2,"experience",2,"exp3"
"64f9db6943940e98c173b596",24,10,5.9464274989274,10,"experience",10,"exp3"
"64f9db6943940e98c173b596",25,2,4,2,"experience",2,"exp3"
"64f9db6943940e98c173b596",26,2,4,2,"experience",2,"exp3"
"64f9db6943940e98c173b596",27,2,4,2,"experience",2,"exp3"
"64f9db6943940e98c173b596",28,10,5.9464274989274,10,"experience",10,"exp3"
"64f9db6943940e98c173b596",29,10,5.9464274989274,10,"experience",10,"exp3"
"64f9db6943940e98c173b596",30,2,4,2,"experience",2,"exp3"
"64f9db6943940e98c173b596",31,2,4,2,"experience",2,"exp3"
"64f9db6943940e98c173b596",32,20,5.5,20,"experience",20,"exp3"
"64f9db6943940e98c173b596",33,2,4,2,"experience",2,"exp3"
"64f9db6943940e98c173b596",34,20,5.5,20,"experience",20,"exp3"
"64f9db6943940e98c173b596",35,2,4,2,"experience",2,"exp3"
"64f9db6943940e98c173b596",36,2,4,2,"experience",2,"exp3"
"64f9db6943940e98c173b596",37,20,5.5,20,"experience",20,"exp3"
"64f9db6943940e98c173b596",38,10,5.9464274989274,10,"experience",10,"exp3"
"64f9db6943940e98c173b596",39,20,5.5,20,"experience",20,"exp3"
"64f9db6943940e98c173b596",40,10,5.9464274989274,10,"experience",10,"exp3"
"64f9db6943940e98c173b596",41,20,5.5,20,"experience",20,"exp3"
"64f9db6943940e98c173b596",42,10,5.9464274989274,10,"experience",10,"exp3"
"64f9db6943940e98c173b596",43,20,5.5,20,"experience",20,"exp3"
"64f9db6943940e98c173b596",44,10,5.9464274989274,10,"experience",10,"exp3"
"64f9db6943940e98c173b596",45,2,4,2,"experience",2,"exp3"
"64f9db6943940e98c173b596",46,2,4,2,"experience",2,"exp3"
"64f9db6943940e98c173b596",47,2,4,2,"experience",2,"exp3"
"64f9db6943940e98c173b596",48,2,4,2,"experience",2,"exp3"
"64f9db6943940e98c173b596",49,20,5.5,20,"experience",20,"exp3"
"64f9db6943940e98c173b596",50,10,5.9464274989274,10,"experience",10,"exp3"
"64f9db6943940e98c173b596",51,10,5.9464274989274,10,"experience",10,"exp3"
"64f9db6943940e98c173b596",52,10,5.9464274989274,10,"experience",10,"exp3"
"64f9db6943940e98c173b596",53,20,5.5,20,"experience",20,"exp3"
"64f9db6943940e98c173b596",54,20,5.5,20,"experience",20,"exp3"
"64f9db6943940e98c173b596",55,10,5.9464274989274,10,"experience",10,"exp3"
"64f9db6943940e98c173b596",56,20,5.5,20,"experience",20,"exp3"
"64f9db6943940e98c173b596",57,10,5.9464274989274,10,"experience",10,"exp3"
"64f9db6943940e98c173b596",58,10,5.9464274989274,10,"experience",10,"exp3"
"64f9db6943940e98c173b596",59,20,5.5,20,"experience",20,"exp3"
"64f9db6943940e98c173b596",60,10,5.9464274989274,10,"experience",10,"exp3"
"64f9db6943940e98c173b596",61,10,5.9464274989274,10,"experience",10,"exp3"
"64f9db6943940e98c173b596",62,20,5.5,20,"experience",20,"exp3"
"64f9db6943940e98c173b596",63,2,4,2,"experience",2,"exp3"
"64f9db6943940e98c173b596",64,20,5.5,20,"experience",20,"exp3"
"64f9db6943940e98c173b596",65,20,5.5,20,"experience",20,"exp3"
"64f9db6943940e98c173b596",66,10,5.9464274989274,10,"experience",10,"exp3"
"64f9db6943940e98c173b596",67,2,4,2,"experience",2,"exp3"
"64f9db6943940e98c173b596",68,20,5.5,20,"experience",20,"exp3"
"64f9db6943940e98c173b596",69,10,5.9464274989274,10,"experience",10,"exp3"
"64f9db6943940e98c173b596",70,10,5.9464274989274,10,"experience",10,"exp3"
"64f9db6943940e98c173b596",71,10,5.9464274989274,10,"experience",10,"exp3"
"64f9db6943940e98c173b596",72,20,5.5,20,"experience",20,"exp3"
"64f9db6943940e98c173b596",73,10,5.9464274989274,10,"experience",10,"exp3"
"64f9db6943940e98c173b596",74,20,5.5,20,"experience",20,"exp3"
"64f9db6943940e98c173b596",75,2,4,2,"experience",2,"exp3"
"64f9db6943940e98c173b596",76,20,5.5,20,"experience",20,"exp3"
"64f9db6943940e98c173b596",77,2,4,2,"experience",2,"exp3"
"64f9db6943940e98c173b596",78,20,5.5,20,"experience",20,"exp3"
"64f9db6943940e98c173b596",79,2,4,2,"experience",2,"exp3"
"64f9db6943940e98c173b596",80,10,5.9464274989274,10,"experience",10,"exp3"
"64f9db6943940e98c173b596",81,2,4,2,"experience",2,"exp3"
"64f9db6943940e98c173b596",82,2,4,2,"experience",2,"exp3"
"64f9db6943940e98c173b596",83,2,4,2,"experience",2,"exp3"
"64f9db6943940e98c173b596",84,2,4,2,"experience",2,"exp3"
"64f9db6943940e98c173b596",85,10,5.9464274989274,10,"experience",10,"exp3"
"64f9db6943940e98c173b596",86,20,5.5,20,"experience",20,"exp3"
"64f9db6943940e98c173b596",87,10,5.9464274989274,10,"experience",10,"exp3"
"64f9db6943940e98c173b596",88,20,5.5,20,"experience",20,"exp3"
"64f9db6943940e98c173b596",89,20,5.5,20,"experience",20,"exp3"
"64f9db6943940e98c173b596",90,10,5.9464274989274,10,"experience",10,"exp3"
"64f9db6943940e98c173b596",91,2,4,2,"experience",2,"exp3"
"64f9db6943940e98c173b596",92,20,5.5,20,"experience",20,"exp3"
"64f9db6943940e98c173b596",93,2,4,2,"experience",2,"exp3"
"64f9db6943940e98c173b596",94,20,5.5,20,"experience",20,"exp3"
"64f9db6943940e98c173b596",95,10,5.9464274989274,10,"experience",10,"exp3"
"64f9db6943940e98c173b596",96,10,5.9464274989274,10,"experience",10,"exp3"
"64f9db6943940e98c173b596",97,10,5.9464274989274,10,"experience",10,"exp3"
"64f9db6943940e98c173b596",98,2,4,2,"experience",2,"exp3"
"64f9db6943940e98c173b596",99,20,5.5,20,"experience",20,"exp3"
"64f9db6943940e98c173b596",100,2,4,2,"experience",2,"exp3"
"64f9db6943940e98c173b596",101,10,5.9464274989274,10,"experience",10,"exp3"
"64f9db6943940e98c173b596",102,20,5.5,20,"experience",20,"exp3"
"64f9db6943940e98c173b596",103,2,4,2,"experience",2,"exp3"
"64f9db6943940e98c173b596",104,10,5.9464274989274,10,"experience",10,"exp3"
"64f9db6943940e98c173b596",105,2,4,2,"experience",2,"exp3"
"64f9db6943940e98c173b596",106,10,5.9464274989274,10,"experience",10,"exp3"
"64f9db6943940e98c173b596",107,20,5.5,20,"experience",20,"exp3"
"64f9db6943940e98c173b596",108,2,4,2,"experience",2,"exp3"
"65465ac216a26bebcc8d8b02",4,10,5.96741149913428,10,"experience",10,"exp3"
"65465ac216a26bebcc8d8b02",11,2,0.5,2,"experience",2,"exp3"
"65465ac216a26bebcc8d8b02",13,2,4,2,"experience",2,"exp3"
"65465ac216a26bebcc8d8b02",14,20,5.5,20,"experience",20,"exp3"
"65465ac216a26bebcc8d8b02",15,20,5.5,20,"experience",20,"exp3"
"65465ac216a26bebcc8d8b02",16,2,4,2,"experience",2,"exp3"
"65465ac216a26bebcc8d8b02",17,10,5.9464274989274,10,"experience",10,"exp3"
"65465ac216a26bebcc8d8b02",18,10,5.9464274989274,10,"experience",10,"exp3"
"65465ac216a26bebcc8d8b02",19,20,5.5,20,"experience",20,"exp3"
"65465ac216a26bebcc8d8b02",20,10,5.9464274989274,10,"experience",10,"exp3"
"65465ac216a26bebcc8d8b02",21,20,5.5,20,"experience",20,"exp3"
"65465ac216a26bebcc8d8b02",22,2,4,2,"experience",2,"exp3"
"65465ac216a26bebcc8d8b02",23,10,5.9464274989274,10,"experience",10,"exp3"
"65465ac216a26bebcc8d8b02",24,20,5.5,20,"experience",20,"exp3"
"65465ac216a26bebcc8d8b02",25,20,5.5,20,"experience",20,"exp3"
"65465ac216a26bebcc8d8b02",26,20,5.5,20,"experience",20,"exp3"
"65465ac216a26bebcc8d8b02",27,10,5.9464274989274,10,"experience",10,"exp3"
"65465ac216a26bebcc8d8b02",28,20,5.5,20,"experience",20,"exp3"
"65465ac216a26bebcc8d8b02",29,20,5.5,20,"experience",20,"exp3"
"65465ac216a26bebcc8d8b02",30,10,5.9464274989274,10,"experience",10,"exp3"
"65465ac216a26bebcc8d8b02",31,20,5.5,20,"experience",20,"exp3"
"65465ac216a26bebcc8d8b02",32,20,5.5,20,"experience",20,"exp3"
"65465ac216a26bebcc8d8b02",33,20,5.5,20,"experience",20,"exp3"
"65465ac216a26bebcc8d8b02",34,20,5.5,20,"experience",20,"exp3"
"65465ac216a26bebcc8d8b02",35,10,5.9464274989274,10,"experience",10,"exp3"
"65465ac216a26bebcc8d8b02",36,20,5.5,20,"experience",20,"exp3"
"65465ac216a26bebcc8d8b02",37,20,5.5,20,"experience",20,"exp3"
"65465ac216a26bebcc8d8b02",38,20,5.5,20,"experience",20,"exp3"
"65465ac216a26bebcc8d8b02",39,10,5.9464274989274,10,"experience",10,"exp3"
"65465ac216a26bebcc8d8b02",40,10,5.9464274989274,10,"experience",10,"exp3"
"65465ac216a26bebcc8d8b02",41,10,5.9464274989274,10,"experience",10,"exp3"
"65465ac216a26bebcc8d8b02",42,10,5.9464274989274,10,"experience",10,"exp3"
"65465ac216a26bebcc8d8b02",43,2,4,2,"experience",2,"exp3"
"65465ac216a26bebcc8d8b02",44,2,4,2,"experience",2,"exp3"
"65465ac216a26bebcc8d8b02",45,2,4,2,"experience",2,"exp3"
"65465ac216a26bebcc8d8b02",46,2,4,2,"experience",2,"exp3"
"65465ac216a26bebcc8d8b02",47,10,5.9464274989274,10,"experience",10,"exp3"
"65465ac216a26bebcc8d8b02",48,2,4,2,"experience",2,"exp3"
"65465ac216a26bebcc8d8b02",49,2,4,2,"experience",2,"exp3"
"65465ac216a26bebcc8d8b02",50,10,5.9464274989274,10,"experience",10,"exp3"
"65465ac216a26bebcc8d8b02",51,2,4,2,"experience",2,"exp3"
"65465ac216a26bebcc8d8b02",52,10,5.9464274989274,10,"experience",10,"exp3"
"65465ac216a26bebcc8d8b02",53,10,5.9464274989274,10,"experience",10,"exp3"
"65465ac216a26bebcc8d8b02",54,10,5.9464274989274,10,"experience",10,"exp3"
"65465ac216a26bebcc8d8b02",55,2,4,2,"experience",2,"exp3"
"65465ac216a26bebcc8d8b02",56,2,4,2,"experience",2,"exp3"
"65465ac216a26bebcc8d8b02",57,2,4,2,"experience",2,"exp3"
"65465ac216a26bebcc8d8b02",58,2,4,2,"experience",2,"exp3"
"65465ac216a26bebcc8d8b02",59,2,4,2,"experience",2,"exp3"
"65465ac216a26bebcc8d8b02",60,2,4,2,"experience",2,"exp3"
"65465ac216a26bebcc8d8b02",61,10,5.9464274989274,10,"experience",10,"exp3"
"65465ac216a26bebcc8d8b02",62,10,5.9464274989274,10,"experience",10,"exp3"
"65465ac216a26bebcc8d8b02",63,20,5.5,20,"experience",20,"exp3"
"65465ac216a26bebcc8d8b02",64,20,5.5,20,"experience",20,"exp3"
"65465ac216a26bebcc8d8b02",65,10,5.9464274989274,10,"experience",10,"exp3"
"65465ac216a26bebcc8d8b02",66,20,5.5,20,"experience",20,"exp3"
"65465ac216a26bebcc8d8b02",67,20,5.5,20,"experience",20,"exp3"
"65465ac216a26bebcc8d8b02",68,2,4,2,"experience",2,"exp3"
"65465ac216a26bebcc8d8b02",69,20,5.5,20,"experience",20,"exp3"
"65465ac216a26bebcc8d8b02",70,20,5.5,20,"experience",20,"exp3"
"65465ac216a26bebcc8d8b02",71,2,4,2,"experience",2,"exp3"
"65465ac216a26bebcc8d8b02",72,20,5.5,20,"experience",20,"exp3"
"65465ac216a26bebcc8d8b02",73,2,4,2,"experience",2,"exp3"
"65465ac216a26bebcc8d8b02",74,20,5.5,20,"experience",20,"exp3"
"65465ac216a26bebcc8d8b02",75,20,5.5,20,"experience",20,"exp3"
"65465ac216a26bebcc8d8b02",76,2,4,2,"experience",2,"exp3"
"65465ac216a26bebcc8d8b02",77,10,5.9464274989274,10,"experience",10,"exp3"
"65465ac216a26bebcc8d8b02",78,20,5.5,20,"experience",20,"exp3"
"65465ac216a26bebcc8d8b02",79,2,4,2,"experience",2,"exp3"
"65465ac216a26bebcc8d8b02",80,20,5.5,20,"experience",20,"exp3"
"65465ac216a26bebcc8d8b02",81,20,5.5,20,"experience",20,"exp3"
"65465ac216a26bebcc8d8b02",82,20,5.5,20,"experience",20,"exp3"
"65465ac216a26bebcc8d8b02",83,20,5.5,20,"experience",20,"exp3"
"65465ac216a26bebcc8d8b02",84,10,5.9464274989274,10,"experience",10,"exp3"
"65465ac216a26bebcc8d8b02",85,20,5.5,20,"experience",20,"exp3"
"65465ac216a26bebcc8d8b02",86,20,5.5,20,"experience",20,"exp3"
"65465ac216a26bebcc8d8b02",87,10,5.9464274989274,10,"experience",10,"exp3"
"65465ac216a26bebcc8d8b02",88,2,4,2,"experience",2,"exp3"
"65465ac216a26bebcc8d8b02",89,2,4,2,"experience",2,"exp3"
"65465ac216a26bebcc8d8b02",90,2,4,2,"experience",2,"exp3"
"65465ac216a26bebcc8d8b02",91,2,4,2,"experience",2,"exp3"
"65465ac216a26bebcc8d8b02",92,2,4,2,"experience",2,"exp3"
"65465ac216a26bebcc8d8b02",93,2,4,2,"experience",2,"exp3"
"65465ac216a26bebcc8d8b02",94,10,5.9464274989274,10,"experience",10,"exp3"
"65465ac216a26bebcc8d8b02",95,10,5.9464274989274,10,"experience",10,"exp3"
"65465ac216a26bebcc8d8b02",96,2,4,2,"experience",2,"exp3"
"65465ac216a26bebcc8d8b02",97,10,5.9464274989274,10,"experience",10,"exp3"
"65465ac216a26bebcc8d8b02",98,10,5.9464274989274,10,"experience",10,"exp3"
"65465ac216a26bebcc8d8b02",99,2,4,2,"experience",2,"exp3"
"65465ac216a26bebcc8d8b02",100,2,4,2,"experience",2,"exp3"
"65465ac216a26bebcc8d8b02",101,2,4,2,"experience",2,"exp3"
"65465ac216a26bebcc8d8b02",102,2,4,2,"experience",2,"exp3"
"65465ac216a26bebcc8d8b02",103,10,5.9464274989274,10,"experience",10,"exp3"
"65465ac216a26bebcc8d8b02",104,10,5.9464274989274,10,"experience",10,"exp3"
"65465ac216a26bebcc8d8b02",105,10,5.9464274989274,10,"experience",10,"exp3"
"65465ac216a26bebcc8d8b02",106,10,5.9464274989274,10,"experience",10,"exp3"
"65465ac216a26bebcc8d8b02",107,10,5.9464274989274,10,"experience",10,"exp3"
"65465ac216a26bebcc8d8b02",108,10,5.9464274989274,10,"experience",10,"exp3"
"5e8a1827052175000938eb91",2,2,3.5,2,"experience",2,"exp3"
"5e8a1827052175000938eb91",13,2,4,2,"experience",2,"exp3"
"5e8a1827052175000938eb91",14,2,4,2,"experience",2,"exp3"
"5e8a1827052175000938eb91",15,2,4,2,"experience",2,"exp3"
"5e8a1827052175000938eb91",16,2,4,2,"experience",2,"exp3"
"5e8a1827052175000938eb91",17,20,5.5,20,"experience",20,"exp3"
"5e8a1827052175000938eb91",18,2,4,2,"experience",2,"exp3"
"5e8a1827052175000938eb91",19,20,5.5,20,"experience",20,"exp3"
"5e8a1827052175000938eb91",20,20,5.5,20,"experience",20,"exp3"
"5e8a1827052175000938eb91",21,2,4,2,"experience",2,"exp3"
"5e8a1827052175000938eb91",22,2,4,2,"experience",2,"exp3"
"5e8a1827052175000938eb91",23,20,5.5,20,"experience",20,"exp3"
"5e8a1827052175000938eb91",24,2,4,2,"experience",2,"exp3"
"5e8a1827052175000938eb91",25,20,5.5,20,"experience",20,"exp3"
"5e8a1827052175000938eb91",26,2,4,2,"experience",2,"exp3"
"5e8a1827052175000938eb91",27,20,5.5,20,"experience",20,"exp3"
"5e8a1827052175000938eb91",28,20,5.5,20,"experience",20,"exp3"
"5e8a1827052175000938eb91",29,2,4,2,"experience",2,"exp3"
"5e8a1827052175000938eb91",30,20,5.5,20,"experience",20,"exp3"
"5e8a1827052175000938eb91",31,2,4,2,"experience",2,"exp3"
"5e8a1827052175000938eb91",32,2,4,2,"experience",2,"exp3"
"5e8a1827052175000938eb91",33,20,5.5,20,"experience",20,"exp3"
"5e8a1827052175000938eb91",34,20,5.5,20,"experience",20,"exp3"
"5e8a1827052175000938eb91",35,2,4,2,"experience",2,"exp3"
"5e8a1827052175000938eb91",36,20,5.5,20,"experience",20,"exp3"
"5e8a1827052175000938eb91",37,2,4,2,"experience",2,"exp3"
"5e8a1827052175000938eb91",38,2,4,2,"experience",2,"exp3"
"5e8a1827052175000938eb91",39,2,4,2,"experience",2,"exp3"
"5e8a1827052175000938eb91",40,10,5.9464274989274,10,"experience",10,"exp3"
"5e8a1827052175000938eb91",41,20,5.5,20,"experience",20,"exp3"
"5e8a1827052175000938eb91",42,10,5.9464274989274,10,"experience",10,"exp3"
"5e8a1827052175000938eb91",43,20,5.5,20,"experience",20,"exp3"
"5e8a1827052175000938eb91",44,10,5.9464274989274,10,"experience",10,"exp3"
"5e8a1827052175000938eb91",45,10,5.9464274989274,10,"experience",10,"exp3"
"5e8a1827052175000938eb91",46,20,5.5,20,"experience",20,"exp3"
"5e8a1827052175000938eb91",47,20,5.5,20,"experience",20,"exp3"
"5e8a1827052175000938eb91",48,20,5.5,20,"experience",20,"exp3"
"5e8a1827052175000938eb91",49,10,5.9464274989274,10,"experience",10,"exp3"
"5e8a1827052175000938eb91",50,10,5.9464274989274,10,"experience",10,"exp3"
"5e8a1827052175000938eb91",51,10,5.9464274989274,10,"experience",10,"exp3"
"5e8a1827052175000938eb91",52,10,5.9464274989274,10,"experience",10,"exp3"
"5e8a1827052175000938eb91",53,10,5.9464274989274,10,"experience",10,"exp3"
"5e8a1827052175000938eb91",54,10,5.9464274989274,10,"experience",10,"exp3"
"5e8a1827052175000938eb91",55,10,5.9464274989274,10,"experience",10,"exp3"
"5e8a1827052175000938eb91",56,10,5.9464274989274,10,"experience",10,"exp3"
"5e8a1827052175000938eb91",57,10,5.9464274989274,10,"experience",10,"exp3"
"5e8a1827052175000938eb91",58,10,5.9464274989274,10,"experience",10,"exp3"
"5e8a1827052175000938eb91",59,10,5.9464274989274,10,"experience",10,"exp3"
"5e8a1827052175000938eb91",60,10,5.9464274989274,10,"experience",10,"exp3"
"5e8a1827052175000938eb91",61,2,4,2,"experience",2,"exp3"
"5e8a1827052175000938eb91",62,2,4,2,"experience",2,"exp3"
"5e8a1827052175000938eb91",63,2,4,2,"experience",2,"exp3"
"5e8a1827052175000938eb91",64,2,4,2,"experience",2,"exp3"
"5e8a1827052175000938eb91",65,2,4,2,"experience",2,"exp3"
"5e8a1827052175000938eb91",66,2,4,2,"experience",2,"exp3"
"5e8a1827052175000938eb91",67,2,4,2,"experience",2,"exp3"
"5e8a1827052175000938eb91",68,2,4,2,"experience",2,"exp3"
"5e8a1827052175000938eb91",69,2,4,2,"experience",2,"exp3"
"5e8a1827052175000938eb91",70,2,4,2,"experience",2,"exp3"
"5e8a1827052175000938eb91",71,2,4,2,"experience",2,"exp3"
"5e8a1827052175000938eb91",72,2,4,2,"experience",2,"exp3"
"5e8a1827052175000938eb91",73,2,4,2,"experience",2,"exp3"
"5e8a1827052175000938eb91",74,2,4,2,"experience",2,"exp3"
"5e8a1827052175000938eb91",75,2,4,2,"experience",2,"exp3"
"5e8a1827052175000938eb91",76,2,4,2,"experience",2,"exp3"
"5e8a1827052175000938eb91",77,10,5.9464274989274,10,"experience",10,"exp3"
"5e8a1827052175000938eb91",78,10,5.9464274989274,10,"experience",10,"exp3"
"5e8a1827052175000938eb91",79,10,5.9464274989274,10,"experience",10,"exp3"
"5e8a1827052175000938eb91",80,10,5.9464274989274,10,"experience",10,"exp3"
"5e8a1827052175000938eb91",81,10,5.9464274989274,10,"experience",10,"exp3"
"5e8a1827052175000938eb91",82,10,5.9464274989274,10,"experience",10,"exp3"
"5e8a1827052175000938eb91",83,10,5.9464274989274,10,"experience",10,"exp3"
"5e8a1827052175000938eb91",84,10,5.9464274989274,10,"experience",10,"exp3"
"5e8a1827052175000938eb91",85,10,5.9464274989274,10,"experience",10,"exp3"
"5e8a1827052175000938eb91",86,10,5.9464274989274,10,"experience",10,"exp3"
"5e8a1827052175000938eb91",87,10,5.9464274989274,10,"experience",10,"exp3"
"5e8a1827052175000938eb91",88,10,5.9464274989274,10,"experience",10,"exp3"
"5e8a1827052175000938eb91",89,10,5.9464274989274,10,"experience",10,"exp3"
"5e8a1827052175000938eb91",90,10,5.9464274989274,10,"experience",10,"exp3"
"5e8a1827052175000938eb91",91,10,5.9464274989274,10,"experience",10,"exp3"
"5e8a1827052175000938eb91",92,10,5.9464274989274,10,"experience",10,"exp3"
"5e8a1827052175000938eb91",93,20,5.5,20,"experience",20,"exp3"
"5e8a1827052175000938eb91",94,20,5.5,20,"experience",20,"exp3"
"5e8a1827052175000938eb91",95,20,5.5,20,"experience",20,"exp3"
"5e8a1827052175000938eb91",96,20,5.5,20,"experience",20,"exp3"
"5e8a1827052175000938eb91",97,20,5.5,20,"experience",20,"exp3"
"5e8a1827052175000938eb91",98,20,5.5,20,"experience",20,"exp3"
"5e8a1827052175000938eb91",99,20,5.5,20,"experience",20,"exp3"
"5e8a1827052175000938eb91",100,20,5.5,20,"experience",20,"exp3"
"5e8a1827052175000938eb91",101,20,5.5,20,"experience",20,"exp3"
"5e8a1827052175000938eb91",102,20,5.5,20,"experience",20,"exp3"
"5e8a1827052175000938eb91",103,20,5.5,20,"experience",20,"exp3"
"5e8a1827052175000938eb91",104,20,5.5,20,"experience",20,"exp3"
"5e8a1827052175000938eb91",105,20,5.5,20,"experience",20,"exp3"
"5e8a1827052175000938eb91",106,20,5.5,20,"experience",20,"exp3"
"5e8a1827052175000938eb91",107,20,5.5,20,"experience",20,"exp3"
"5e8a1827052175000938eb91",108,20,5.5,20,"experience",20,"exp3"
"67db7e4c396dc0b285673810",8,2,2,2,"experience",2,"exp3"
"67db7e4c396dc0b285673810",13,2,4,2,"experience",2,"exp3"
"67db7e4c396dc0b285673810",14,10,5.9464274989274,10,"experience",10,"exp3"
"67db7e4c396dc0b285673810",15,20,5.5,20,"experience",20,"exp3"
"67db7e4c396dc0b285673810",16,10,5.9464274989274,10,"experience",10,"exp3"
"67db7e4c396dc0b285673810",17,2,4,2,"experience",2,"exp3"
"67db7e4c396dc0b285673810",18,2,4,2,"experience",2,"exp3"
"67db7e4c396dc0b285673810",19,10,5.9464274989274,10,"experience",10,"exp3"
"67db7e4c396dc0b285673810",20,10,5.9464274989274,10,"experience",10,"exp3"
"67db7e4c396dc0b285673810",21,20,5.5,20,"experience",20,"exp3"
"67db7e4c396dc0b285673810",22,20,5.5,20,"experience",20,"exp3"
"67db7e4c396dc0b285673810",23,10,5.9464274989274,10,"experience",10,"exp3"
"67db7e4c396dc0b285673810",24,2,4,2,"experience",2,"exp3"
"67db7e4c396dc0b285673810",25,20,5.5,20,"experience",20,"exp3"
"67db7e4c396dc0b285673810",26,20,5.5,20,"experience",20,"exp3"
"67db7e4c396dc0b285673810",27,2,4,2,"experience",2,"exp3"
"67db7e4c396dc0b285673810",28,2,4,2,"experience",2,"exp3"
"67db7e4c396dc0b285673810",29,10,5.9464274989274,10,"experience",10,"exp3"
"67db7e4c396dc0b285673810",30,10,5.9464274989274,10,"experience",10,"exp3"
"67db7e4c396dc0b285673810",31,20,5.5,20,"experience",20,"exp3"
"67db7e4c396dc0b285673810",32,2,4,2,"experience",2,"exp3"
"67db7e4c396dc0b285673810",33,10,5.9464274989274,10,"experience",10,"exp3"
"67db7e4c396dc0b285673810",34,2,4,2,"experience",2,"exp3"
"67db7e4c396dc0b285673810",35,2,4,2,"experience",2,"exp3"
"67db7e4c396dc0b285673810",36,10,5.9464274989274,10,"experience",10,"exp3"
"67db7e4c396dc0b285673810",37,20,5.5,20,"experience",20,"exp3"
"67db7e4c396dc0b285673810",38,20,5.5,20,"experience",20,"exp3"
"67db7e4c396dc0b285673810",39,2,4,2,"experience",2,"exp3"
"67db7e4c396dc0b285673810",40,20,5.5,20,"experience",20,"exp3"
"67db7e4c396dc0b285673810",41,20,5.5,20,"experience",20,"exp3"
"67db7e4c396dc0b285673810",42,2,4,2,"experience",2,"exp3"
"67db7e4c396dc0b285673810",43,10,5.9464274989274,10,"experience",10,"exp3"
"67db7e4c396dc0b285673810",44,10,5.9464274989274,10,"experience",10,"exp3"
"67db7e4c396dc0b285673810",45,20,5.5,20,"experience",20,"exp3"
"67db7e4c396dc0b285673810",46,20,5.5,20,"experience",20,"exp3"
"67db7e4c396dc0b285673810",47,10,5.9464274989274,10,"experience",10,"exp3"
"67db7e4c396dc0b285673810",48,10,5.9464274989274,10,"experience",10,"exp3"
"67db7e4c396dc0b285673810",49,20,5.5,20,"experience",20,"exp3"
"67db7e4c396dc0b285673810",50,20,5.5,20,"experience",20,"exp3"
"67db7e4c396dc0b285673810",51,2,4,2,"experience",2,"exp3"
"67db7e4c396dc0b285673810",52,10,5.9464274989274,10,"experience",10,"exp3"
"67db7e4c396dc0b285673810",53,20,5.5,20,"experience",20,"exp3"
"67db7e4c396dc0b285673810",54,2,4,2,"experience",2,"exp3"
"67db7e4c396dc0b285673810",55,10,5.9464274989274,10,"experience",10,"exp3"
"67db7e4c396dc0b285673810",56,2,4,2,"experience",2,"exp3"
"67db7e4c396dc0b285673810",57,2,4,2,"experience",2,"exp3"
"67db7e4c396dc0b285673810",58,20,5.5,20,"experience",20,"exp3"
"67db7e4c396dc0b285673810",59,10,5.9464274989274,10,"experience",10,"exp3"
"67db7e4c396dc0b285673810",60,2,4,2,"experience",2,"exp3"
"67db7e4c396dc0b285673810",61,20,5.5,20,"experience",20,"exp3"
"67db7e4c396dc0b285673810",62,2,4,2,"experience",2,"exp3"
"67db7e4c396dc0b285673810",63,2,4,2,"experience",2,"exp3"
"67db7e4c396dc0b285673810",64,10,5.9464274989274,10,"experience",10,"exp3"
"67db7e4c396dc0b285673810",65,2,4,2,"experience",2,"exp3"
"67db7e4c396dc0b285673810",66,10,5.9464274989274,10,"experience",10,"exp3"
"67db7e4c396dc0b285673810",67,10,5.9464274989274,10,"experience",10,"exp3"
"67db7e4c396dc0b285673810",68,10,5.9464274989274,10,"experience",10,"exp3"
"67db7e4c396dc0b285673810",69,20,5.5,20,"experience",20,"exp3"
"67db7e4c396dc0b285673810",70,20,5.5,20,"experience",20,"exp3"
"67db7e4c396dc0b285673810",71,10,5.9464274989274,10,"experience",10,"exp3"
"67db7e4c396dc0b285673810",72,10,5.9464274989274,10,"experience",10,"exp3"
"67db7e4c396dc0b285673810",73,2,4,2,"experience",2,"exp3"
"67db7e4c396dc0b285673810",74,2,4,2,"experience",2,"exp3"
"67db7e4c396dc0b285673810",75,20,5.5,20,"experience",20,"exp3"
"67db7e4c396dc0b285673810",76,2,4,2,"experience",2,"exp3"
"67db7e4c396dc0b285673810",77,20,5.5,20,"experience",20,"exp3"
"67db7e4c396dc0b285673810",78,10,5.9464274989274,10,"experience",10,"exp3"
"67db7e4c396dc0b285673810",79,10,5.9464274989274,10,"experience",10,"exp3"
"67db7e4c396dc0b285673810",80,2,4,2,"experience",2,"exp3"
"67db7e4c396dc0b285673810",81,20,5.5,20,"experience",20,"exp3"
"67db7e4c396dc0b285673810",82,2,4,2,"experience",2,"exp3"
"67db7e4c396dc0b285673810",83,2,4,2,"experience",2,"exp3"
"67db7e4c396dc0b285673810",84,20,5.5,20,"experience",20,"exp3"
"67db7e4c396dc0b285673810",85,10,5.9464274989274,10,"experience",10,"exp3"
"67db7e4c396dc0b285673810",86,2,4,2,"experience",2,"exp3"
"67db7e4c396dc0b285673810",87,10,5.9464274989274,10,"experience",10,"exp3"
"67db7e4c396dc0b285673810",88,20,5.5,20,"experience",20,"exp3"
"67db7e4c396dc0b285673810",89,10,5.9464274989274,10,"experience",10,"exp3"
"67db7e4c396dc0b285673810",90,10,5.9464274989274,10,"experience",10,"exp3"
"67db7e4c396dc0b285673810",91,10,5.9464274989274,10,"experience",10,"exp3"
"67db7e4c396dc0b285673810",92,20,5.5,20,"experience",20,"exp3"
"67db7e4c396dc0b285673810",93,2,4,2,"experience",2,"exp3"
"67db7e4c396dc0b285673810",94,20,5.5,20,"experience",20,"exp3"
"67db7e4c396dc0b285673810",95,10,5.9464274989274,10,"experience",10,"exp3"
"67db7e4c396dc0b285673810",96,10,5.9464274989274,10,"experience",10,"exp3"
"67db7e4c396dc0b285673810",97,20,5.5,20,"experience",20,"exp3"
"67db7e4c396dc0b285673810",98,20,5.5,20,"experience",20,"exp3"
"67db7e4c396dc0b285673810",99,20,5.5,20,"experience",20,"exp3"
"67db7e4c396dc0b285673810",100,20,5.5,20,"experience",20,"exp3"
"67db7e4c396dc0b285673810",101,2,4,2,"experience",2,"exp3"
"67db7e4c396dc0b285673810",102,2,4,2,"experience",2,"exp3"
"67db7e4c396dc0b285673810",103,2,4,2,"experience",2,"exp3"
"67db7e4c396dc0b285673810",104,2,4,2,"experience",2,"exp3"
"67db7e4c396dc0b285673810",105,20,5.5,20,"experience",20,"exp3"
"67db7e4c396dc0b285673810",106,2,4,2,"experience",2,"exp3"
"67db7e4c396dc0b285673810",107,10,5.9464274989274,10,"experience",10,"exp3"
"67db7e4c396dc0b285673810",108,20,5.5,20,"experience",20,"exp3"
"67164c92298409e37c670b3d",1,10,5.35630469633683,10,"experience",10,"exp3"
"67164c92298409e37c670b3d",3,10,6.48151216923952,10,"experience",10,"exp3"
"67164c92298409e37c670b3d",13,20,5.5,20,"experience",20,"exp3"
"67164c92298409e37c670b3d",14,10,5.9464274989274,10,"experience",10,"exp3"
"67164c92298409e37c670b3d",15,20,5.5,20,"experience",20,"exp3"
"67164c92298409e37c670b3d",16,10,5.9464274989274,10,"experience",10,"exp3"
"67164c92298409e37c670b3d",17,20,5.5,20,"experience",20,"exp3"
"67164c92298409e37c670b3d",18,10,5.9464274989274,10,"experience",10,"exp3"
"67164c92298409e37c670b3d",19,10,5.9464274989274,10,"experience",10,"exp3"
"67164c92298409e37c670b3d",20,2,4,2,"experience",2,"exp3"
"67164c92298409e37c670b3d",21,10,5.9464274989274,10,"experience",10,"exp3"
"67164c92298409e37c670b3d",22,20,5.5,20,"experience",20,"exp3"
"67164c92298409e37c670b3d",23,2,4,2,"experience",2,"exp3"
"67164c92298409e37c670b3d",24,2,4,2,"experience",2,"exp3"
"67164c92298409e37c670b3d",25,20,5.5,20,"experience",20,"exp3"
"67164c92298409e37c670b3d",26,10,5.9464274989274,10,"experience",10,"exp3"
"67164c92298409e37c670b3d",27,2,4,2,"experience",2,"exp3"
"67164c92298409e37c670b3d",28,10,5.9464274989274,10,"experience",10,"exp3"
"67164c92298409e37c670b3d",29,20,5.5,20,"experience",20,"exp3"
"67164c92298409e37c670b3d",30,20,5.5,20,"experience",20,"exp3"
"67164c92298409e37c670b3d",31,20,5.5,20,"experience",20,"exp3"
"67164c92298409e37c670b3d",32,2,4,2,"experience",2,"exp3"
"67164c92298409e37c670b3d",33,20,5.5,20,"experience",20,"exp3"
"67164c92298409e37c670b3d",34,20,5.5,20,"experience",20,"exp3"
"67164c92298409e37c670b3d",35,10,5.9464274989274,10,"experience",10,"exp3"
"67164c92298409e37c670b3d",36,10,5.9464274989274,10,"experience",10,"exp3"
"67164c92298409e37c670b3d",37,2,4,2,"experience",2,"exp3"
"67164c92298409e37c670b3d",38,20,5.5,20,"experience",20,"exp3"
"67164c92298409e37c670b3d",39,2,4,2,"experience",2,"exp3"
"67164c92298409e37c670b3d",40,10,5.9464274989274,10,"experience",10,"exp3"
"67164c92298409e37c670b3d",41,10,5.9464274989274,10,"experience",10,"exp3"
"67164c92298409e37c670b3d",42,2,4,2,"experience",2,"exp3"
"67164c92298409e37c670b3d",43,2,4,2,"experience",2,"exp3"
"67164c92298409e37c670b3d",44,2,4,2,"experience",2,"exp3"
"67164c92298409e37c670b3d",45,10,5.9464274989274,10,"experience",10,"exp3"
"67164c92298409e37c670b3d",46,10,5.9464274989274,10,"experience",10,"exp3"
"67164c92298409e37c670b3d",47,2,4,2,"experience",2,"exp3"
"67164c92298409e37c670b3d",48,20,5.5,20,"experience",20,"exp3"
"67164c92298409e37c670b3d",49,2,4,2,"experience",2,"exp3"
"67164c92298409e37c670b3d",50,2,4,2,"experience",2,"exp3"
"67164c92298409e37c670b3d",51,2,4,2,"experience",2,"exp3"
"67164c92298409e37c670b3d",52,2,4,2,"experience",2,"exp3"
"67164c92298409e37c670b3d",53,10,5.9464274989274,10,"experience",10,"exp3"
"67164c92298409e37c670b3d",54,10,5.9464274989274,10,"experience",10,"exp3"
"67164c92298409e37c670b3d",55,20,5.5,20,"experience",20,"exp3"
"67164c92298409e37c670b3d",56,2,4,2,"experience",2,"exp3"
"67164c92298409e37c670b3d",57,20,5.5,20,"experience",20,"exp3"
"67164c92298409e37c670b3d",58,20,5.5,20,"experience",20,"exp3"
"67164c92298409e37c670b3d",59,10,5.9464274989274,10,"experience",10,"exp3"
"67164c92298409e37c670b3d",60,20,5.5,20,"experience",20,"exp3"
"67164c92298409e37c670b3d",61,2,4,2,"experience",2,"exp3"
"67164c92298409e37c670b3d",62,2,4,2,"experience",2,"exp3"
"67164c92298409e37c670b3d",63,2,4,2,"experience",2,"exp3"
"67164c92298409e37c670b3d",64,20,5.5,20,"experience",20,"exp3"
"67164c92298409e37c670b3d",65,2,4,2,"experience",2,"exp3"
"67164c92298409e37c670b3d",66,2,4,2,"experience",2,"exp3"
"67164c92298409e37c670b3d",67,10,5.9464274989274,10,"experience",10,"exp3"
"67164c92298409e37c670b3d",68,20,5.5,20,"experience",20,"exp3"
"67164c92298409e37c670b3d",69,2,4,2,"experience",2,"exp3"
"67164c92298409e37c670b3d",70,20,5.5,20,"experience",20,"exp3"
"67164c92298409e37c670b3d",71,20,5.5,20,"experience",20,"exp3"
"67164c92298409e37c670b3d",72,20,5.5,20,"experience",20,"exp3"
"67164c92298409e37c670b3d",73,2,4,2,"experience",2,"exp3"
"67164c92298409e37c670b3d",74,20,5.5,20,"experience",20,"exp3"
"67164c92298409e37c670b3d",75,10,5.9464274989274,10,"experience",10,"exp3"
"67164c92298409e37c670b3d",76,20,5.5,20,"experience",20,"exp3"
"67164c92298409e37c670b3d",77,10,5.9464274989274,10,"experience",10,"exp3"
"67164c92298409e37c670b3d",78,2,4,2,"experience",2,"exp3"
"67164c92298409e37c670b3d",79,2,4,2,"experience",2,"exp3"
"67164c92298409e37c670b3d",80,10,5.9464274989274,10,"experience",10,"exp3"
"67164c92298409e37c670b3d",81,10,5.9464274989274,10,"experience",10,"exp3"
"67164c92298409e37c670b3d",82,10,5.9464274989274,10,"experience",10,"exp3"
"67164c92298409e37c670b3d",83,20,5.5,20,"experience",20,"exp3"
"67164c92298409e37c670b3d",84,10,5.9464274989274,10,"experience",10,"exp3"
"67164c92298409e37c670b3d",85,2,4,2,"experience",2,"exp3"
"67164c92298409e37c670b3d",86,10,5.9464274989274,10,"experience",10,"exp3"
"67164c92298409e37c670b3d",87,10,5.9464274989274,10,"experience",10,"exp3"
"67164c92298409e37c670b3d",88,20,5.5,20,"experience",20,"exp3"
"67164c92298409e37c670b3d",89,2,4,2,"experience",2,"exp3"
"67164c92298409e37c670b3d",90,10,5.9464274989274,10,"experience",10,"exp3"
"67164c92298409e37c670b3d",91,2,4,2,"experience",2,"exp3"
"67164c92298409e37c670b3d",92,10,5.9464274989274,10,"experience",10,"exp3"
"67164c92298409e37c670b3d",93,2,4,2,"experience",2,"exp3"
"67164c92298409e37c670b3d",94,2,4,2,"experience",2,"exp3"
"67164c92298409e37c670b3d",95,20,5.5,20,"experience",20,"exp3"
"67164c92298409e37c670b3d",96,20,5.5,20,"experience",20,"exp3"
"67164c92298409e37c670b3d",97,10,5.9464274989274,10,"experience",10,"exp3"
"67164c92298409e37c670b3d",98,20,5.5,20,"experience",20,"exp3"
"67164c92298409e37c670b3d",99,10,5.9464274989274,10,"experience",10,"exp3"
"67164c92298409e37c670b3d",100,10,5.9464274989274,10,"experience",10,"exp3"
"67164c92298409e37c670b3d",101,10,5.9464274989274,10,"experience",10,"exp3"
"67164c92298409e37c670b3d",102,20,5.5,20,"experience",20,"exp3"
"67164c92298409e37c670b3d",103,20,5.5,20,"experience",20,"exp3"
"67164c92298409e37c670b3d",104,2,4,2,"experience",2,"exp3"
"67164c92298409e37c670b3d",105,20,5.5,20,"experience",20,"exp3"
"67164c92298409e37c670b3d",106,2,4,2,"experience",2,"exp3"
"67164c92298409e37c670b3d",107,10,5.9464274989274,10,"experience",10,"exp3"
"67164c92298409e37c670b3d",108,20,5.5,20,"experience",20,"exp3"
"67dd46602623d4bf857f7fa2",9,10,6.44127316607517,10,"experience",10,"exp3"
"67dd46602623d4bf857f7fa2",10,2,2.5,2,"experience",2,"exp3"
"67dd46602623d4bf857f7fa2",13,20,5.5,20,"experience",20,"exp3"
"67dd46602623d4bf857f7fa2",14,20,5.5,20,"experience",20,"exp3"
"67dd46602623d4bf857f7fa2",15,10,5.9464274989274,10,"experience",10,"exp3"
"67dd46602623d4bf857f7fa2",16,20,5.5,20,"experience",20,"exp3"
"67dd46602623d4bf857f7fa2",17,2,4,2,"experience",2,"exp3"
"67dd46602623d4bf857f7fa2",18,20,5.5,20,"experience",20,"exp3"
"67dd46602623d4bf857f7fa2",19,20,5.5,20,"experience",20,"exp3"
"67dd46602623d4bf857f7fa2",20,20,5.5,20,"experience",20,"exp3"
"67dd46602623d4bf857f7fa2",21,2,4,2,"experience",2,"exp3"
"67dd46602623d4bf857f7fa2",22,2,4,2,"experience",2,"exp3"
"67dd46602623d4bf857f7fa2",23,20,5.5,20,"experience",20,"exp3"
"67dd46602623d4bf857f7fa2",24,10,5.9464274989274,10,"experience",10,"exp3"
"67dd46602623d4bf857f7fa2",25,10,5.9464274989274,10,"experience",10,"exp3"
"67dd46602623d4bf857f7fa2",26,20,5.5,20,"experience",20,"exp3"
"67dd46602623d4bf857f7fa2",27,20,5.5,20,"experience",20,"exp3"
"67dd46602623d4bf857f7fa2",28,10,5.9464274989274,10,"experience",10,"exp3"
"67dd46602623d4bf857f7fa2",29,10,5.9464274989274,10,"experience",10,"exp3"
"67dd46602623d4bf857f7fa2",30,2,4,2,"experience",2,"exp3"
"67dd46602623d4bf857f7fa2",31,10,5.9464274989274,10,"experience",10,"exp3"
"67dd46602623d4bf857f7fa2",32,2,4,2,"experience",2,"exp3"
"67dd46602623d4bf857f7fa2",33,2,4,2,"experience",2,"exp3"
"67dd46602623d4bf857f7fa2",34,2,4,2,"experience",2,"exp3"
"67dd46602623d4bf857f7fa2",35,2,4,2,"experience",2,"exp3"
"67dd46602623d4bf857f7fa2",36,10,5.9464274989274,10,"experience",10,"exp3"
"67dd46602623d4bf857f7fa2",37,20,5.5,20,"experience",20,"exp3"
"67dd46602623d4bf857f7fa2",38,20,5.5,20,"experience",20,"exp3"
"67dd46602623d4bf857f7fa2",39,10,5.9464274989274,10,"experience",10,"exp3"
"67dd46602623d4bf857f7fa2",40,20,5.5,20,"experience",20,"exp3"
"67dd46602623d4bf857f7fa2",41,2,4,2,"experience",2,"exp3"
"67dd46602623d4bf857f7fa2",42,10,5.9464274989274,10,"experience",10,"exp3"
"67dd46602623d4bf857f7fa2",43,10,5.9464274989274,10,"experience",10,"exp3"
"67dd46602623d4bf857f7fa2",44,20,5.5,20,"experience",20,"exp3"
"67dd46602623d4bf857f7fa2",45,20,5.5,20,"experience",20,"exp3"
"67dd46602623d4bf857f7fa2",46,10,5.9464274989274,10,"experience",10,"exp3"
"67dd46602623d4bf857f7fa2",47,10,5.9464274989274,10,"experience",10,"exp3"
"67dd46602623d4bf857f7fa2",48,20,5.5,20,"experience",20,"exp3"
"67dd46602623d4bf857f7fa2",49,10,5.9464274989274,10,"experience",10,"exp3"
"67dd46602623d4bf857f7fa2",50,2,4,2,"experience",2,"exp3"
"67dd46602623d4bf857f7fa2",51,10,5.9464274989274,10,"experience",10,"exp3"
"67dd46602623d4bf857f7fa2",52,10,5.9464274989274,10,"experience",10,"exp3"
"67dd46602623d4bf857f7fa2",53,10,5.9464274989274,10,"experience",10,"exp3"
"67dd46602623d4bf857f7fa2",54,2,4,2,"experience",2,"exp3"
"67dd46602623d4bf857f7fa2",55,2,4,2,"experience",2,"exp3"
"67dd46602623d4bf857f7fa2",56,2,4,2,"experience",2,"exp3"
"67dd46602623d4bf857f7fa2",57,2,4,2,"experience",2,"exp3"
"67dd46602623d4bf857f7fa2",58,2,4,2,"experience",2,"exp3"
"67dd46602623d4bf857f7fa2",59,20,5.5,20,"experience",20,"exp3"
"67dd46602623d4bf857f7fa2",60,2,4,2,"experience",2,"exp3"
"67dd46602623d4bf857f7fa2",61,10,5.9464274989274,10,"experience",10,"exp3"
"67dd46602623d4bf857f7fa2",62,2,4,2,"experience",2,"exp3"
"67dd46602623d4bf857f7fa2",63,20,5.5,20,"experience",20,"exp3"
"67dd46602623d4bf857f7fa2",64,20,5.5,20,"experience",20,"exp3"
"67dd46602623d4bf857f7fa2",65,20,5.5,20,"experience",20,"exp3"
"67dd46602623d4bf857f7fa2",66,20,5.5,20,"experience",20,"exp3"
"67dd46602623d4bf857f7fa2",67,10,5.9464274989274,10,"experience",10,"exp3"
"67dd46602623d4bf857f7fa2",68,20,5.5,20,"experience",20,"exp3"
"67dd46602623d4bf857f7fa2",69,2,4,2,"experience",2,"exp3"
"67dd46602623d4bf857f7fa2",70,20,5.5,20,"experience",20,"exp3"
"67dd46602623d4bf857f7fa2",71,2,4,2,"experience",2,"exp3"
"67dd46602623d4bf857f7fa2",72,10,5.9464274989274,10,"experience",10,"exp3"
"67dd46602623d4bf857f7fa2",73,2,4,2,"experience",2,"exp3"
"67dd46602623d4bf857f7fa2",74,2,4,2,"experience",2,"exp3"
"67dd46602623d4bf857f7fa2",75,20,5.5,20,"experience",20,"exp3"
"67dd46602623d4bf857f7fa2",76,10,5.9464274989274,10,"experience",10,"exp3"
"67dd46602623d4bf857f7fa2",77,10,5.9464274989274,10,"experience",10,"exp3"
"67dd46602623d4bf857f7fa2",78,2,4,2,"experience",2,"exp3"
"67dd46602623d4bf857f7fa2",79,10,5.9464274989274,10,"experience",10,"exp3"
"67dd46602623d4bf857f7fa2",80,20,5.5,20,"experience",20,"exp3"
"67dd46602623d4bf857f7fa2",81,10,5.9464274989274,10,"experience",10,"exp3"
"67dd46602623d4bf857f7fa2",82,2,4,2,"experience",2,"exp3"
"67dd46602623d4bf857f7fa2",83,20,5.5,20,"experience",20,"exp3"
"67dd46602623d4bf857f7fa2",84,2,4,2,"experience",2,"exp3"
"67dd46602623d4bf857f7fa2",85,20,5.5,20,"experience",20,"exp3"
"67dd46602623d4bf857f7fa2",86,10,5.9464274989274,10,"experience",10,"exp3"
"67dd46602623d4bf857f7fa2",87,2,4,2,"experience",2,"exp3"
"67dd46602623d4bf857f7fa2",88,10,5.9464274989274,10,"experience",10,"exp3"
"67dd46602623d4bf857f7fa2",89,2,4,2,"experience",2,"exp3"
"67dd46602623d4bf857f7fa2",90,2,4,2,"experience",2,"exp3"
"67dd46602623d4bf857f7fa2",91,10,5.9464274989274,10,"experience",10,"exp3"
"67dd46602623d4bf857f7fa2",92,20,5.5,20,"experience",20,"exp3"
"67dd46602623d4bf857f7fa2",93,10,5.9464274989274,10,"experience",10,"exp3"
"67dd46602623d4bf857f7fa2",94,10,5.9464274989274,10,"experience",10,"exp3"
"67dd46602623d4bf857f7fa2",95,2,4,2,"experience",2,"exp3"
"67dd46602623d4bf857f7fa2",96,20,5.5,20,"experience",20,"exp3"
"67dd46602623d4bf857f7fa2",97,2,4,2,"experience",2,"exp3"
"67dd46602623d4bf857f7fa2",98,10,5.9464274989274,10,"experience",10,"exp3"
"67dd46602623d4bf857f7fa2",99,2,4,2,"experience",2,"exp3"
"67dd46602623d4bf857f7fa2",100,20,5.5,20,"experience",20,"exp3"
"67dd46602623d4bf857f7fa2",101,20,5.5,20,"experience",20,"exp3"
"67dd46602623d4bf857f7fa2",102,2,4,2,"experience",2,"exp3"
"67dd46602623d4bf857f7fa2",103,10,5.9464274989274,10,"experience",10,"exp3"
"67dd46602623d4bf857f7fa2",104,20,5.5,20,"experience",20,"exp3"
"67dd46602623d4bf857f7fa2",105,2,4,2,"experience",2,"exp3"
"67dd46602623d4bf857f7fa2",106,20,5.5,20,"experience",20,"exp3"
"67dd46602623d4bf857f7fa2",107,10,5.9464274989274,10,"experience",10,"exp3"
"67dd46602623d4bf857f7fa2",108,10,5.9464274989274,10,"experience",10,"exp3"
"612517df29cd32c6632b4a44",12,2,7,2,"experience",2,"exp3"
"612517df29cd32c6632b4a44",13,2,4,2,"experience",2,"exp3"
"612517df29cd32c6632b4a44",14,10,5.9464274989274,10,"experience",10,"exp3"
"612517df29cd32c6632b4a44",15,20,5.5,20,"experience",20,"exp3"
"612517df29cd32c6632b4a44",16,10,5.9464274989274,10,"experience",10,"exp3"
"612517df29cd32c6632b4a44",17,10,5.9464274989274,10,"experience",10,"exp3"
"612517df29cd32c6632b4a44",18,20,5.5,20,"experience",20,"exp3"
"612517df29cd32c6632b4a44",19,20,5.5,20,"experience",20,"exp3"
"612517df29cd32c6632b4a44",20,2,4,2,"experience",2,"exp3"
"612517df29cd32c6632b4a44",21,20,5.5,20,"experience",20,"exp3"
"612517df29cd32c6632b4a44",22,20,5.5,20,"experience",20,"exp3"
"612517df29cd32c6632b4a44",23,20,5.5,20,"experience",20,"exp3"
"612517df29cd32c6632b4a44",24,10,5.9464274989274,10,"experience",10,"exp3"
"612517df29cd32c6632b4a44",25,10,5.9464274989274,10,"experience",10,"exp3"
"612517df29cd32c6632b4a44",26,20,5.5,20,"experience",20,"exp3"
"612517df29cd32c6632b4a44",27,10,5.9464274989274,10,"experience",10,"exp3"
"612517df29cd32c6632b4a44",28,2,4,2,"experience",2,"exp3"
"612517df29cd32c6632b4a44",29,10,5.9464274989274,10,"experience",10,"exp3"
"612517df29cd32c6632b4a44",30,2,4,2,"experience",2,"exp3"
"612517df29cd32c6632b4a44",31,20,5.5,20,"experience",20,"exp3"
"612517df29cd32c6632b4a44",32,2,4,2,"experience",2,"exp3"
"612517df29cd32c6632b4a44",33,10,5.9464274989274,10,"experience",10,"exp3"
"612517df29cd32c6632b4a44",34,2,4,2,"experience",2,"exp3"
"612517df29cd32c6632b4a44",35,10,5.9464274989274,10,"experience",10,"exp3"
"612517df29cd32c6632b4a44",36,2,4,2,"experience",2,"exp3"
"612517df29cd32c6632b4a44",37,2,4,2,"experience",2,"exp3"
"612517df29cd32c6632b4a44",38,10,5.9464274989274,10,"experience",10,"exp3"
"612517df29cd32c6632b4a44",39,2,4,2,"experience",2,"exp3"
"612517df29cd32c6632b4a44",40,10,5.9464274989274,10,"experience",10,"exp3"
"612517df29cd32c6632b4a44",41,2,4,2,"experience",2,"exp3"
"612517df29cd32c6632b4a44",42,20,5.5,20,"experience",20,"exp3"
"612517df29cd32c6632b4a44",43,2,4,2,"experience",2,"exp3"
"612517df29cd32c6632b4a44",44,2,4,2,"experience",2,"exp3"
"612517df29cd32c6632b4a44",45,2,4,2,"experience",2,"exp3"
"612517df29cd32c6632b4a44",46,2,4,2,"experience",2,"exp3"
"612517df29cd32c6632b4a44",47,20,5.5,20,"experience",20,"exp3"
"612517df29cd32c6632b4a44",48,2,4,2,"experience",2,"exp3"
"612517df29cd32c6632b4a44",49,10,5.9464274989274,10,"experience",10,"exp3"
"612517df29cd32c6632b4a44",50,20,5.5,20,"experience",20,"exp3"
"612517df29cd32c6632b4a44",51,20,5.5,20,"experience",20,"exp3"
"612517df29cd32c6632b4a44",52,20,5.5,20,"experience",20,"exp3"
"612517df29cd32c6632b4a44",53,10,5.9464274989274,10,"experience",10,"exp3"
"612517df29cd32c6632b4a44",54,20,5.5,20,"experience",20,"exp3"
"612517df29cd32c6632b4a44",55,10,5.9464274989274,10,"experience",10,"exp3"
"612517df29cd32c6632b4a44",56,20,5.5,20,"experience",20,"exp3"
"612517df29cd32c6632b4a44",57,20,5.5,20,"experience",20,"exp3"
"612517df29cd32c6632b4a44",58,10,5.9464274989274,10,"experience",10,"exp3"
"612517df29cd32c6632b4a44",59,2,4,2,"experience",2,"exp3"
"612517df29cd32c6632b4a44",60,10,5.9464274989274,10,"experience",10,"exp3"
"612517df29cd32c6632b4a44",61,2,4,2,"experience",2,"exp3"
"612517df29cd32c6632b4a44",62,10,5.9464274989274,10,"experience",10,"exp3"
"612517df29cd32c6632b4a44",63,20,5.5,20,"experience",20,"exp3"
"612517df29cd32c6632b4a44",64,20,5.5,20,"experience",20,"exp3"
"612517df29cd32c6632b4a44",65,2,4,2,"experience",2,"exp3"
"612517df29cd32c6632b4a44",66,10,5.9464274989274,10,"experience",10,"exp3"
"612517df29cd32c6632b4a44",67,20,5.5,20,"experience",20,"exp3"
"612517df29cd32c6632b4a44",68,2,4,2,"experience",2,"exp3"
"612517df29cd32c6632b4a44",69,20,5.5,20,"experience",20,"exp3"
"612517df29cd32c6632b4a44",70,20,5.5,20,"experience",20,"exp3"
"612517df29cd32c6632b4a44",71,2,4,2,"experience",2,"exp3"
"612517df29cd32c6632b4a44",72,2,4,2,"experience",2,"exp3"
"612517df29cd32c6632b4a44",73,20,5.5,20,"experience",20,"exp3"
"612517df29cd32c6632b4a44",74,20,5.5,20,"experience",20,"exp3"
"612517df29cd32c6632b4a44",75,20,5.5,20,"experience",20,"exp3"
"612517df29cd32c6632b4a44",76,2,4,2,"experience",2,"exp3"
"612517df29cd32c6632b4a44",77,10,5.9464274989274,10,"experience",10,"exp3"
"612517df29cd32c6632b4a44",78,20,5.5,20,"experience",20,"exp3"
"612517df29cd32c6632b4a44",79,20,5.5,20,"experience",20,"exp3"
"612517df29cd32c6632b4a44",80,10,5.9464274989274,10,"experience",10,"exp3"
"612517df29cd32c6632b4a44",81,20,5.5,20,"experience",20,"exp3"
"612517df29cd32c6632b4a44",82,20,5.5,20,"experience",20,"exp3"
"612517df29cd32c6632b4a44",83,10,5.9464274989274,10,"experience",10,"exp3"
"612517df29cd32c6632b4a44",84,10,5.9464274989274,10,"experience",10,"exp3"
"612517df29cd32c6632b4a44",85,2,4,2,"experience",2,"exp3"
"612517df29cd32c6632b4a44",86,10,5.9464274989274,10,"experience",10,"exp3"
"612517df29cd32c6632b4a44",87,2,4,2,"experience",2,"exp3"
"612517df29cd32c6632b4a44",88,10,5.9464274989274,10,"experience",10,"exp3"
"612517df29cd32c6632b4a44",89,2,4,2,"experience",2,"exp3"
"612517df29cd32c6632b4a44",90,10,5.9464274989274,10,"experience",10,"exp3"
"612517df29cd32c6632b4a44",91,2,4,2,"experience",2,"exp3"
"612517df29cd32c6632b4a44",92,2,4,2,"experience",2,"exp3"
"612517df29cd32c6632b4a44",93,20,5.5,20,"experience",20,"exp3"
"612517df29cd32c6632b4a44",94,2,4,2,"experience",2,"exp3"
"612517df29cd32c6632b4a44",95,10,5.9464274989274,10,"experience",10,"exp3"
"612517df29cd32c6632b4a44",96,20,5.5,20,"experience",20,"exp3"
"612517df29cd32c6632b4a44",97,10,5.9464274989274,10,"experience",10,"exp3"
"612517df29cd32c6632b4a44",98,10,5.9464274989274,10,"experience",10,"exp3"
"612517df29cd32c6632b4a44",99,2,4,2,"experience",2,"exp3"
"612517df29cd32c6632b4a44",100,20,5.5,20,"experience",20,"exp3"
"612517df29cd32c6632b4a44",101,2,4,2,"experience",2,"exp3"
"612517df29cd32c6632b4a44",102,2,4,2,"experience",2,"exp3"
"612517df29cd32c6632b4a44",103,10,5.9464274989274,10,"experience",10,"exp3"
"612517df29cd32c6632b4a44",104,2,4,2,"experience",2,"exp3"
"612517df29cd32c6632b4a44",105,10,5.9464274989274,10,"experience",10,"exp3"
"612517df29cd32c6632b4a44",106,20,5.5,20,"experience",20,"exp3"
"612517df29cd32c6632b4a44",107,10,5.9464274989274,10,"experience",10,"exp3"
"612517df29cd32c6632b4a44",108,10,5.9464274989274,10,"experience",10,"exp3"
"66562875b665d8e2b1b6fc66",13,10,5.9464274989274,10,"experience",10,"exp3"
"66562875b665d8e2b1b6fc66",14,2,4,2,"experience",2,"exp3"
"66562875b665d8e2b1b6fc66",15,10,5.9464274989274,10,"experience",10,"exp3"
"66562875b665d8e2b1b6fc66",16,2,4,2,"experience",2,"exp3"
"66562875b665d8e2b1b6fc66",17,20,5.5,20,"experience",20,"exp3"
"66562875b665d8e2b1b6fc66",18,20,5.5,20,"experience",20,"exp3"
"66562875b665d8e2b1b6fc66",19,10,5.9464274989274,10,"experience",10,"exp3"
"66562875b665d8e2b1b6fc66",20,2,4,2,"experience",2,"exp3"
"66562875b665d8e2b1b6fc66",21,20,5.5,20,"experience",20,"exp3"
"66562875b665d8e2b1b6fc66",22,2,4,2,"experience",2,"exp3"
"66562875b665d8e2b1b6fc66",23,2,4,2,"experience",2,"exp3"
"66562875b665d8e2b1b6fc66",24,10,5.9464274989274,10,"experience",10,"exp3"
"66562875b665d8e2b1b6fc66",25,10,5.9464274989274,10,"experience",10,"exp3"
"66562875b665d8e2b1b6fc66",26,20,5.5,20,"experience",20,"exp3"
"66562875b665d8e2b1b6fc66",27,10,5.9464274989274,10,"experience",10,"exp3"
"66562875b665d8e2b1b6fc66",28,20,5.5,20,"experience",20,"exp3"
"66562875b665d8e2b1b6fc66",29,2,4,2,"experience",2,"exp3"
"66562875b665d8e2b1b6fc66",30,20,5.5,20,"experience",20,"exp3"
"66562875b665d8e2b1b6fc66",31,10,5.9464274989274,10,"experience",10,"exp3"
"66562875b665d8e2b1b6fc66",32,10,5.9464274989274,10,"experience",10,"exp3"
"66562875b665d8e2b1b6fc66",33,2,4,2,"experience",2,"exp3"
"66562875b665d8e2b1b6fc66",34,20,5.5,20,"experience",20,"exp3"
"66562875b665d8e2b1b6fc66",35,20,5.5,20,"experience",20,"exp3"
"66562875b665d8e2b1b6fc66",36,10,5.9464274989274,10,"experience",10,"exp3"
"66562875b665d8e2b1b6fc66",37,2,4,2,"experience",2,"exp3"
"66562875b665d8e2b1b6fc66",38,10,5.9464274989274,10,"experience",10,"exp3"
"66562875b665d8e2b1b6fc66",39,2,4,2,"experience",2,"exp3"
"66562875b665d8e2b1b6fc66",40,20,5.5,20,"experience",20,"exp3"
"66562875b665d8e2b1b6fc66",41,20,5.5,20,"experience",20,"exp3"
"66562875b665d8e2b1b6fc66",42,2,4,2,"experience",2,"exp3"
"66562875b665d8e2b1b6fc66",43,2,4,2,"experience",2,"exp3"
"66562875b665d8e2b1b6fc66",44,2,4,2,"experience",2,"exp3"
"66562875b665d8e2b1b6fc66",45,20,5.5,20,"experience",20,"exp3"
"66562875b665d8e2b1b6fc66",46,20,5.5,20,"experience",20,"exp3"
"66562875b665d8e2b1b6fc66",47,10,5.9464274989274,10,"experience",10,"exp3"
"66562875b665d8e2b1b6fc66",48,20,5.5,20,"experience",20,"exp3"
"66562875b665d8e2b1b6fc66",49,2,4,2,"experience",2,"exp3"
"66562875b665d8e2b1b6fc66",50,2,4,2,"experience",2,"exp3"
"66562875b665d8e2b1b6fc66",51,2,4,2,"experience",2,"exp3"
"66562875b665d8e2b1b6fc66",52,10,5.9464274989274,10,"experience",10,"exp3"
"66562875b665d8e2b1b6fc66",53,10,5.9464274989274,10,"experience",10,"exp3"
"66562875b665d8e2b1b6fc66",54,20,5.5,20,"experience",20,"exp3"
"66562875b665d8e2b1b6fc66",55,20,5.5,20,"experience",20,"exp3"
"66562875b665d8e2b1b6fc66",56,10,5.9464274989274,10,"experience",10,"exp3"
"66562875b665d8e2b1b6fc66",57,10,5.9464274989274,10,"experience",10,"exp3"
"66562875b665d8e2b1b6fc66",58,20,5.5,20,"experience",20,"exp3"
"66562875b665d8e2b1b6fc66",59,2,4,2,"experience",2,"exp3"
"66562875b665d8e2b1b6fc66",60,10,5.9464274989274,10,"experience",10,"exp3"
"66562875b665d8e2b1b6fc66",61,10,5.9464274989274,10,"experience",10,"exp3"
"66562875b665d8e2b1b6fc66",62,2,4,2,"experience",2,"exp3"
"66562875b665d8e2b1b6fc66",63,20,5.5,20,"experience",20,"exp3"
"66562875b665d8e2b1b6fc66",64,2,4,2,"experience",2,"exp3"
"66562875b665d8e2b1b6fc66",65,2,4,2,"experience",2,"exp3"
"66562875b665d8e2b1b6fc66",66,10,5.9464274989274,10,"experience",10,"exp3"
"66562875b665d8e2b1b6fc66",67,20,5.5,20,"experience",20,"exp3"
"66562875b665d8e2b1b6fc66",68,10,5.9464274989274,10,"experience",10,"exp3"
"66562875b665d8e2b1b6fc66",69,10,5.9464274989274,10,"experience",10,"exp3"
"66562875b665d8e2b1b6fc66",70,2,4,2,"experience",2,"exp3"
"66562875b665d8e2b1b6fc66",71,10,5.9464274989274,10,"experience",10,"exp3"
"66562875b665d8e2b1b6fc66",72,2,4,2,"experience",2,"exp3"
"66562875b665d8e2b1b6fc66",73,20,5.5,20,"experience",20,"exp3"
"66562875b665d8e2b1b6fc66",74,10,5.9464274989274,10,"experience",10,"exp3"
"66562875b665d8e2b1b6fc66",75,20,5.5,20,"experience",20,"exp3"
"66562875b665d8e2b1b6fc66",76,10,5.9464274989274,10,"experience",10,"exp3"
"66562875b665d8e2b1b6fc66",77,20,5.5,20,"experience",20,"exp3"
"66562875b665d8e2b1b6fc66",78,20,5.5,20,"experience",20,"exp3"
"66562875b665d8e2b1b6fc66",79,2,4,2,"experience",2,"exp3"
"66562875b665d8e2b1b6fc66",80,20,5.5,20,"experience",20,"exp3"
"66562875b665d8e2b1b6fc66",81,20,5.5,20,"experience",20,"exp3"
"66562875b665d8e2b1b6fc66",82,2,4,2,"experience",2,"exp3"
"66562875b665d8e2b1b6fc66",83,20,5.5,20,"experience",20,"exp3"
"66562875b665d8e2b1b6fc66",84,20,5.5,20,"experience",20,"exp3"
"66562875b665d8e2b1b6fc66",85,20,5.5,20,"experience",20,"exp3"
"66562875b665d8e2b1b6fc66",86,2,4,2,"experience",2,"exp3"
"66562875b665d8e2b1b6fc66",87,10,5.9464274989274,10,"experience",10,"exp3"
"66562875b665d8e2b1b6fc66",88,10,5.9464274989274,10,"experience",10,"exp3"
"66562875b665d8e2b1b6fc66",89,2,4,2,"experience",2,"exp3"
"66562875b665d8e2b1b6fc66",90,20,5.5,20,"experience",20,"exp3"
"66562875b665d8e2b1b6fc66",91,2,4,2,"experience",2,"exp3"
"66562875b665d8e2b1b6fc66",92,10,5.9464274989274,10,"experience",10,"exp3"
"66562875b665d8e2b1b6fc66",93,20,5.5,20,"experience",20,"exp3"
"66562875b665d8e2b1b6fc66",94,20,5.5,20,"experience",20,"exp3"
"66562875b665d8e2b1b6fc66",95,2,4,2,"experience",2,"exp3"
"66562875b665d8e2b1b6fc66",96,10,5.9464274989274,10,"experience",10,"exp3"
"66562875b665d8e2b1b6fc66",97,20,5.5,20,"experience",20,"exp3"
"66562875b665d8e2b1b6fc66",98,2,4,2,"experience",2,"exp3"
"66562875b665d8e2b1b6fc66",99,10,5.9464274989274,10,"experience",10,"exp3"
"66562875b665d8e2b1b6fc66",100,2,4,2,"experience",2,"exp3"
"66562875b665d8e2b1b6fc66",101,10,5.9464274989274,10,"experience",10,"exp3"
"66562875b665d8e2b1b6fc66",102,2,4,2,"experience",2,"exp3"
"66562875b665d8e2b1b6fc66",103,10,5.9464274989274,10,"experience",10,"exp3"
"66562875b665d8e2b1b6fc66",104,2,4,2,"experience",2,"exp3"
"66562875b665d8e2b1b6fc66",105,10,5.9464274989274,10,"experience",10,"exp3"
"66562875b665d8e2b1b6fc66",106,2,4,2,"experience",2,"exp3"
"66562875b665d8e2b1b6fc66",107,20,5.5,20,"experience",20,"exp3"
"66562875b665d8e2b1b6fc66",108,10,5.9464274989274,10,"experience",10,"exp3"
"5d982c7ef65bb80019cc6731",6,2,6,2,"experience",2,"exp3"
"5d982c7ef65bb80019cc6731",9,2,1,2,"experience",2,"exp3"
"5d982c7ef65bb80019cc6731",13,2,4,2,"experience",2,"exp3"
"5d982c7ef65bb80019cc6731",14,10,5.9464274989274,10,"experience",10,"exp3"
"5d982c7ef65bb80019cc6731",15,20,5.5,20,"experience",20,"exp3"
"5d982c7ef65bb80019cc6731",16,2,4,2,"experience",2,"exp3"
"5d982c7ef65bb80019cc6731",17,2,4,2,"experience",2,"exp3"
"5d982c7ef65bb80019cc6731",18,20,5.5,20,"experience",20,"exp3"
"5d982c7ef65bb80019cc6731",19,2,4,2,"experience",2,"exp3"
"5d982c7ef65bb80019cc6731",20,10,5.9464274989274,10,"experience",10,"exp3"
"5d982c7ef65bb80019cc6731",21,10,5.9464274989274,10,"experience",10,"exp3"
"5d982c7ef65bb80019cc6731",22,10,5.9464274989274,10,"experience",10,"exp3"
"5d982c7ef65bb80019cc6731",23,10,5.9464274989274,10,"experience",10,"exp3"
"5d982c7ef65bb80019cc6731",24,10,5.9464274989274,10,"experience",10,"exp3"
"5d982c7ef65bb80019cc6731",25,20,5.5,20,"experience",20,"exp3"
"5d982c7ef65bb80019cc6731",26,2,4,2,"experience",2,"exp3"
"5d982c7ef65bb80019cc6731",27,10,5.9464274989274,10,"experience",10,"exp3"
"5d982c7ef65bb80019cc6731",28,2,4,2,"experience",2,"exp3"
"5d982c7ef65bb80019cc6731",29,2,4,2,"experience",2,"exp3"
"5d982c7ef65bb80019cc6731",30,10,5.9464274989274,10,"experience",10,"exp3"
"5d982c7ef65bb80019cc6731",31,20,5.5,20,"experience",20,"exp3"
"5d982c7ef65bb80019cc6731",32,20,5.5,20,"experience",20,"exp3"
"5d982c7ef65bb80019cc6731",33,10,5.9464274989274,10,"experience",10,"exp3"
"5d982c7ef65bb80019cc6731",34,2,4,2,"experience",2,"exp3"
"5d982c7ef65bb80019cc6731",35,20,5.5,20,"experience",20,"exp3"
"5d982c7ef65bb80019cc6731",36,20,5.5,20,"experience",20,"exp3"
"5d982c7ef65bb80019cc6731",37,20,5.5,20,"experience",20,"exp3"
"5d982c7ef65bb80019cc6731",38,20,5.5,20,"experience",20,"exp3"
"5d982c7ef65bb80019cc6731",39,20,5.5,20,"experience",20,"exp3"
"5d982c7ef65bb80019cc6731",40,2,4,2,"experience",2,"exp3"
"5d982c7ef65bb80019cc6731",41,10,5.9464274989274,10,"experience",10,"exp3"
"5d982c7ef65bb80019cc6731",42,2,4,2,"experience",2,"exp3"
"5d982c7ef65bb80019cc6731",43,10,5.9464274989274,10,"experience",10,"exp3"
"5d982c7ef65bb80019cc6731",44,2,4,2,"experience",2,"exp3"
"5d982c7ef65bb80019cc6731",45,20,5.5,20,"experience",20,"exp3"
"5d982c7ef65bb80019cc6731",46,10,5.9464274989274,10,"experience",10,"exp3"
"5d982c7ef65bb80019cc6731",47,20,5.5,20,"experience",20,"exp3"
"5d982c7ef65bb80019cc6731",48,10,5.9464274989274,10,"experience",10,"exp3"
"5d982c7ef65bb80019cc6731",49,20,5.5,20,"experience",20,"exp3"
"5d982c7ef65bb80019cc6731",50,20,5.5,20,"experience",20,"exp3"
"5d982c7ef65bb80019cc6731",51,2,4,2,"experience",2,"exp3"
"5d982c7ef65bb80019cc6731",52,2,4,2,"experience",2,"exp3"
"5d982c7ef65bb80019cc6731",53,10,5.9464274989274,10,"experience",10,"exp3"
"5d982c7ef65bb80019cc6731",54,20,5.5,20,"experience",20,"exp3"
"5d982c7ef65bb80019cc6731",55,10,5.9464274989274,10,"experience",10,"exp3"
"5d982c7ef65bb80019cc6731",56,2,4,2,"experience",2,"exp3"
"5d982c7ef65bb80019cc6731",57,2,4,2,"experience",2,"exp3"
"5d982c7ef65bb80019cc6731",58,20,5.5,20,"experience",20,"exp3"
"5d982c7ef65bb80019cc6731",59,2,4,2,"experience",2,"exp3"
"5d982c7ef65bb80019cc6731",60,10,5.9464274989274,10,"experience",10,"exp3"
"5d982c7ef65bb80019cc6731",61,20,5.5,20,"experience",20,"exp3"
"5d982c7ef65bb80019cc6731",62,10,5.9464274989274,10,"experience",10,"exp3"
"5d982c7ef65bb80019cc6731",63,20,5.5,20,"experience",20,"exp3"
"5d982c7ef65bb80019cc6731",64,2,4,2,"experience",2,"exp3"
"5d982c7ef65bb80019cc6731",65,10,5.9464274989274,10,"experience",10,"exp3"
"5d982c7ef65bb80019cc6731",66,2,4,2,"experience",2,"exp3"
"5d982c7ef65bb80019cc6731",67,20,5.5,20,"experience",20,"exp3"
"5d982c7ef65bb80019cc6731",68,20,5.5,20,"experience",20,"exp3"
"5d982c7ef65bb80019cc6731",69,10,5.9464274989274,10,"experience",10,"exp3"
"5d982c7ef65bb80019cc6731",70,10,5.9464274989274,10,"experience",10,"exp3"
"5d982c7ef65bb80019cc6731",71,10,5.9464274989274,10,"experience",10,"exp3"
"5d982c7ef65bb80019cc6731",72,2,4,2,"experience",2,"exp3"
"5d982c7ef65bb80019cc6731",73,20,5.5,20,"experience",20,"exp3"
"5d982c7ef65bb80019cc6731",74,10,5.9464274989274,10,"experience",10,"exp3"
"5d982c7ef65bb80019cc6731",75,20,5.5,20,"experience",20,"exp3"
"5d982c7ef65bb80019cc6731",76,2,4,2,"experience",2,"exp3"
"5d982c7ef65bb80019cc6731",77,2,4,2,"experience",2,"exp3"
"5d982c7ef65bb80019cc6731",78,2,4,2,"experience",2,"exp3"
"5d982c7ef65bb80019cc6731",79,10,5.9464274989274,10,"experience",10,"exp3"
"5d982c7ef65bb80019cc6731",80,10,5.9464274989274,10,"experience",10,"exp3"
"5d982c7ef65bb80019cc6731",81,20,5.5,20,"experience",20,"exp3"
"5d982c7ef65bb80019cc6731",82,2,4,2,"experience",2,"exp3"
"5d982c7ef65bb80019cc6731",83,20,5.5,20,"experience",20,"exp3"
"5d982c7ef65bb80019cc6731",84,20,5.5,20,"experience",20,"exp3"
"5d982c7ef65bb80019cc6731",85,10,5.9464274989274,10,"experience",10,"exp3"
"5d982c7ef65bb80019cc6731",86,10,5.9464274989274,10,"experience",10,"exp3"
"5d982c7ef65bb80019cc6731",87,2,4,2,"experience",2,"exp3"
"5d982c7ef65bb80019cc6731",88,20,5.5,20,"experience",20,"exp3"
"5d982c7ef65bb80019cc6731",89,2,4,2,"experience",2,"exp3"
"5d982c7ef65bb80019cc6731",90,10,5.9464274989274,10,"experience",10,"exp3"
"5d982c7ef65bb80019cc6731",91,2,4,2,"experience",2,"exp3"
"5d982c7ef65bb80019cc6731",92,10,5.9464274989274,10,"experience",10,"exp3"
"5d982c7ef65bb80019cc6731",93,10,5.9464274989274,10,"experience",10,"exp3"
"5d982c7ef65bb80019cc6731",94,2,4,2,"experience",2,"exp3"
"5d982c7ef65bb80019cc6731",95,2,4,2,"experience",2,"exp3"
"5d982c7ef65bb80019cc6731",96,20,5.5,20,"experience",20,"exp3"
"5d982c7ef65bb80019cc6731",97,2,4,2,"experience",2,"exp3"
"5d982c7ef65bb80019cc6731",98,10,5.9464274989274,10,"experience",10,"exp3"
"5d982c7ef65bb80019cc6731",99,20,5.5,20,"experience",20,"exp3"
"5d982c7ef65bb80019cc6731",100,2,4,2,"experience",2,"exp3"
"5d982c7ef65bb80019cc6731",101,20,5.5,20,"experience",20,"exp3"
"5d982c7ef65bb80019cc6731",102,10,5.9464274989274,10,"experience",10,"exp3"
"5d982c7ef65bb80019cc6731",103,20,5.5,20,"experience",20,"exp3"
"5d982c7ef65bb80019cc6731",104,10,5.9464274989274,10,"experience",10,"exp3"
"5d982c7ef65bb80019cc6731",105,2,4,2,"experience",2,"exp3"
"5d982c7ef65bb80019cc6731",106,20,5.5,20,"experience",20,"exp3"
"5d982c7ef65bb80019cc6731",107,2,4,2,"experience",2,"exp3"
"5d982c7ef65bb80019cc6731",108,20,5.5,20,"experience",20,"exp3"
"668ebf594982c57c983cd910",6,10,5.86174035590114,10,"experience",10,"exp3"
"668ebf594982c57c983cd910",8,2,7.5,2,"experience",2,"exp3"
"668ebf594982c57c983cd910",10,2,5,2,"experience",2,"exp3"
"668ebf594982c57c983cd910",13,20,5.5,20,"experience",20,"exp3"
"668ebf594982c57c983cd910",14,10,5.9464274989274,10,"experience",10,"exp3"
"668ebf594982c57c983cd910",15,10,5.9464274989274,10,"experience",10,"exp3"
"668ebf594982c57c983cd910",16,10,5.9464274989274,10,"experience",10,"exp3"
"668ebf594982c57c983cd910",17,10,5.9464274989274,10,"experience",10,"exp3"
"668ebf594982c57c983cd910",18,20,5.5,20,"experience",20,"exp3"
"668ebf594982c57c983cd910",19,2,4,2,"experience",2,"exp3"
"668ebf594982c57c983cd910",20,20,5.5,20,"experience",20,"exp3"
"668ebf594982c57c983cd910",21,2,4,2,"experience",2,"exp3"
"668ebf594982c57c983cd910",22,2,4,2,"experience",2,"exp3"
"668ebf594982c57c983cd910",23,2,4,2,"experience",2,"exp3"
"668ebf594982c57c983cd910",24,10,5.9464274989274,10,"experience",10,"exp3"
"668ebf594982c57c983cd910",25,20,5.5,20,"experience",20,"exp3"
"668ebf594982c57c983cd910",26,20,5.5,20,"experience",20,"exp3"
"668ebf594982c57c983cd910",27,2,4,2,"experience",2,"exp3"
"668ebf594982c57c983cd910",28,2,4,2,"experience",2,"exp3"
"668ebf594982c57c983cd910",29,20,5.5,20,"experience",20,"exp3"
"668ebf594982c57c983cd910",30,10,5.9464274989274,10,"experience",10,"exp3"
"668ebf594982c57c983cd910",31,2,4,2,"experience",2,"exp3"
"668ebf594982c57c983cd910",32,20,5.5,20,"experience",20,"exp3"
"668ebf594982c57c983cd910",33,20,5.5,20,"experience",20,"exp3"
"668ebf594982c57c983cd910",34,10,5.9464274989274,10,"experience",10,"exp3"
"668ebf594982c57c983cd910",35,10,5.9464274989274,10,"experience",10,"exp3"
"668ebf594982c57c983cd910",36,20,5.5,20,"experience",20,"exp3"
"668ebf594982c57c983cd910",37,10,5.9464274989274,10,"experience",10,"exp3"
"668ebf594982c57c983cd910",38,20,5.5,20,"experience",20,"exp3"
"668ebf594982c57c983cd910",39,10,5.9464274989274,10,"experience",10,"exp3"
"668ebf594982c57c983cd910",40,2,4,2,"experience",2,"exp3"
"668ebf594982c57c983cd910",41,2,4,2,"experience",2,"exp3"
"668ebf594982c57c983cd910",42,2,4,2,"experience",2,"exp3"
"668ebf594982c57c983cd910",43,2,4,2,"experience",2,"exp3"
"668ebf594982c57c983cd910",44,10,5.9464274989274,10,"experience",10,"exp3"
"668ebf594982c57c983cd910",45,2,4,2,"experience",2,"exp3"
"668ebf594982c57c983cd910",46,20,5.5,20,"experience",20,"exp3"
"668ebf594982c57c983cd910",47,2,4,2,"experience",2,"exp3"
"668ebf594982c57c983cd910",48,2,4,2,"experience",2,"exp3"
"668ebf594982c57c983cd910",49,20,5.5,20,"experience",20,"exp3"
"668ebf594982c57c983cd910",50,10,5.9464274989274,10,"experience",10,"exp3"
"668ebf594982c57c983cd910",51,20,5.5,20,"experience",20,"exp3"
"668ebf594982c57c983cd910",52,2,4,2,"experience",2,"exp3"
"668ebf594982c57c983cd910",53,10,5.9464274989274,10,"experience",10,"exp3"
"668ebf594982c57c983cd910",54,10,5.9464274989274,10,"experience",10,"exp3"
"668ebf594982c57c983cd910",55,10,5.9464274989274,10,"experience",10,"exp3"
"668ebf594982c57c983cd910",56,10,5.9464274989274,10,"experience",10,"exp3"
"668ebf594982c57c983cd910",57,20,5.5,20,"experience",20,"exp3"
"668ebf594982c57c983cd910",58,20,5.5,20,"experience",20,"exp3"
"668ebf594982c57c983cd910",59,20,5.5,20,"experience",20,"exp3"
"668ebf594982c57c983cd910",60,2,4,2,"experience",2,"exp3"
"668ebf594982c57c983cd910",61,2,4,2,"experience",2,"exp3"
"668ebf594982c57c983cd910",62,10,5.9464274989274,10,"experience",10,"exp3"
"668ebf594982c57c983cd910",63,20,5.5,20,"experience",20,"exp3"
"668ebf594982c57c983cd910",64,20,5.5,20,"experience",20,"exp3"
"668ebf594982c57c983cd910",65,20,5.5,20,"experience",20,"exp3"
"668ebf594982c57c983cd910",66,10,5.9464274989274,10,"experience",10,"exp3"
"668ebf594982c57c983cd910",67,2,4,2,"experience",2,"exp3"
"668ebf594982c57c983cd910",68,10,5.9464274989274,10,"experience",10,"exp3"
"668ebf594982c57c983cd910",69,2,4,2,"experience",2,"exp3"
"668ebf594982c57c983cd910",70,2,4,2,"experience",2,"exp3"
"668ebf594982c57c983cd910",71,20,5.5,20,"experience",20,"exp3"
"668ebf594982c57c983cd910",72,2,4,2,"experience",2,"exp3"
"668ebf594982c57c983cd910",73,20,5.5,20,"experience",20,"exp3"
"668ebf594982c57c983cd910",74,10,5.9464274989274,10,"experience",10,"exp3"
"668ebf594982c57c983cd910",75,10,5.9464274989274,10,"experience",10,"exp3"
"668ebf594982c57c983cd910",76,10,5.9464274989274,10,"experience",10,"exp3"
"668ebf594982c57c983cd910",77,2,4,2,"experience",2,"exp3"
"668ebf594982c57c983cd910",78,2,4,2,"experience",2,"exp3"
"668ebf594982c57c983cd910",79,10,5.9464274989274,10,"experience",10,"exp3"
"668ebf594982c57c983cd910",80,10,5.9464274989274,10,"experience",10,"exp3"
"668ebf594982c57c983cd910",81,20,5.5,20,"experience",20,"exp3"
"668ebf594982c57c983cd910",82,20,5.5,20,"experience",20,"exp3"
"668ebf594982c57c983cd910",83,2,4,2,"experience",2,"exp3"
"668ebf594982c57c983cd910",84,2,4,2,"experience",2,"exp3"
"668ebf594982c57c983cd910",85,20,5.5,20,"experience",20,"exp3"
"668ebf594982c57c983cd910",86,10,5.9464274989274,10,"experience",10,"exp3"
"668ebf594982c57c983cd910",87,2,4,2,"experience",2,"exp3"
"668ebf594982c57c983cd910",88,10,5.9464274989274,10,"experience",10,"exp3"
"668ebf594982c57c983cd910",89,20,5.5,20,"experience",20,"exp3"
"668ebf594982c57c983cd910",90,2,4,2,"experience",2,"exp3"
"668ebf594982c57c983cd910",91,20,5.5,20,"experience",20,"exp3"
"668ebf594982c57c983cd910",92,10,5.9464274989274,10,"experience",10,"exp3"
"668ebf594982c57c983cd910",93,2,4,2,"experience",2,"exp3"
"668ebf594982c57c983cd910",94,2,4,2,"experience",2,"exp3"
"668ebf594982c57c983cd910",95,10,5.9464274989274,10,"experience",10,"exp3"
"668ebf594982c57c983cd910",96,10,5.9464274989274,10,"experience",10,"exp3"
"668ebf594982c57c983cd910",97,2,4,2,"experience",2,"exp3"
"668ebf594982c57c983cd910",98,20,5.5,20,"experience",20,"exp3"
"668ebf594982c57c983cd910",99,20,5.5,20,"experience",20,"exp3"
"668ebf594982c57c983cd910",100,2,4,2,"experience",2,"exp3"
"668ebf594982c57c983cd910",101,20,5.5,20,"experience",20,"exp3"
"668ebf594982c57c983cd910",102,10,5.9464274989274,10,"experience",10,"exp3"
"668ebf594982c57c983cd910",103,10,5.9464274989274,10,"experience",10,"exp3"
"668ebf594982c57c983cd910",104,20,5.5,20,"experience",20,"exp3"
"668ebf594982c57c983cd910",105,20,5.5,20,"experience",20,"exp3"
"668ebf594982c57c983cd910",106,2,4,2,"experience",2,"exp3"
"668ebf594982c57c983cd910",107,20,5.5,20,"experience",20,"exp3"
"668ebf594982c57c983cd910",108,10,5.9464274989274,10,"experience",10,"exp3"
"663bc254f4b7b1bf2cdd0a70",4,10,4.62168800331654,10,"experience",10,"exp3"
"663bc254f4b7b1bf2cdd0a70",5,2,4,2,"experience",2,"exp3"
"663bc254f4b7b1bf2cdd0a70",10,2,3.5,2,"experience",2,"exp3"
"663bc254f4b7b1bf2cdd0a70",13,2,4,2,"experience",2,"exp3"
"663bc254f4b7b1bf2cdd0a70",14,10,5.9464274989274,10,"experience",10,"exp3"
"663bc254f4b7b1bf2cdd0a70",15,2,4,2,"experience",2,"exp3"
"663bc254f4b7b1bf2cdd0a70",16,2,4,2,"experience",2,"exp3"
"663bc254f4b7b1bf2cdd0a70",17,2,4,2,"experience",2,"exp3"
"663bc254f4b7b1bf2cdd0a70",18,2,4,2,"experience",2,"exp3"
"663bc254f4b7b1bf2cdd0a70",19,20,5.5,20,"experience",20,"exp3"
"663bc254f4b7b1bf2cdd0a70",20,20,5.5,20,"experience",20,"exp3"
"663bc254f4b7b1bf2cdd0a70",21,20,5.5,20,"experience",20,"exp3"
"663bc254f4b7b1bf2cdd0a70",22,20,5.5,20,"experience",20,"exp3"
"663bc254f4b7b1bf2cdd0a70",23,20,5.5,20,"experience",20,"exp3"
"663bc254f4b7b1bf2cdd0a70",24,10,5.9464274989274,10,"experience",10,"exp3"
"663bc254f4b7b1bf2cdd0a70",25,10,5.9464274989274,10,"experience",10,"exp3"
"663bc254f4b7b1bf2cdd0a70",26,10,5.9464274989274,10,"experience",10,"exp3"
"663bc254f4b7b1bf2cdd0a70",27,2,4,2,"experience",2,"exp3"
"663bc254f4b7b1bf2cdd0a70",28,20,5.5,20,"experience",20,"exp3"
"663bc254f4b7b1bf2cdd0a70",29,20,5.5,20,"experience",20,"exp3"
"663bc254f4b7b1bf2cdd0a70",30,20,5.5,20,"experience",20,"exp3"
"663bc254f4b7b1bf2cdd0a70",31,10,5.9464274989274,10,"experience",10,"exp3"
"663bc254f4b7b1bf2cdd0a70",32,20,5.5,20,"experience",20,"exp3"
"663bc254f4b7b1bf2cdd0a70",33,2,4,2,"experience",2,"exp3"
"663bc254f4b7b1bf2cdd0a70",34,10,5.9464274989274,10,"experience",10,"exp3"
"663bc254f4b7b1bf2cdd0a70",35,2,4,2,"experience",2,"exp3"
"663bc254f4b7b1bf2cdd0a70",36,10,5.9464274989274,10,"experience",10,"exp3"
"663bc254f4b7b1bf2cdd0a70",37,20,5.5,20,"experience",20,"exp3"
"663bc254f4b7b1bf2cdd0a70",38,2,4,2,"experience",2,"exp3"
"663bc254f4b7b1bf2cdd0a70",39,2,4,2,"experience",2,"exp3"
"663bc254f4b7b1bf2cdd0a70",40,10,5.9464274989274,10,"experience",10,"exp3"
"663bc254f4b7b1bf2cdd0a70",41,2,4,2,"experience",2,"exp3"
"663bc254f4b7b1bf2cdd0a70",42,20,5.5,20,"experience",20,"exp3"
"663bc254f4b7b1bf2cdd0a70",43,20,5.5,20,"experience",20,"exp3"
"663bc254f4b7b1bf2cdd0a70",44,10,5.9464274989274,10,"experience",10,"exp3"
"663bc254f4b7b1bf2cdd0a70",45,10,5.9464274989274,10,"experience",10,"exp3"
"663bc254f4b7b1bf2cdd0a70",46,2,4,2,"experience",2,"exp3"
"663bc254f4b7b1bf2cdd0a70",47,10,5.9464274989274,10,"experience",10,"exp3"
"663bc254f4b7b1bf2cdd0a70",48,10,5.9464274989274,10,"experience",10,"exp3"
"663bc254f4b7b1bf2cdd0a70",49,2,4,2,"experience",2,"exp3"
"663bc254f4b7b1bf2cdd0a70",50,20,5.5,20,"experience",20,"exp3"
"663bc254f4b7b1bf2cdd0a70",51,20,5.5,20,"experience",20,"exp3"
"663bc254f4b7b1bf2cdd0a70",52,10,5.9464274989274,10,"experience",10,"exp3"
"663bc254f4b7b1bf2cdd0a70",53,20,5.5,20,"experience",20,"exp3"
"663bc254f4b7b1bf2cdd0a70",54,10,5.9464274989274,10,"experience",10,"exp3"
"663bc254f4b7b1bf2cdd0a70",55,2,4,2,"experience",2,"exp3"
"663bc254f4b7b1bf2cdd0a70",56,10,5.9464274989274,10,"experience",10,"exp3"
"663bc254f4b7b1bf2cdd0a70",57,2,4,2,"experience",2,"exp3"
"663bc254f4b7b1bf2cdd0a70",58,20,5.5,20,"experience",20,"exp3"
"663bc254f4b7b1bf2cdd0a70",59,10,5.9464274989274,10,"experience",10,"exp3"
"663bc254f4b7b1bf2cdd0a70",60,2,4,2,"experience",2,"exp3"
"663bc254f4b7b1bf2cdd0a70",61,2,4,2,"experience",2,"exp3"
"663bc254f4b7b1bf2cdd0a70",62,2,4,2,"experience",2,"exp3"
"663bc254f4b7b1bf2cdd0a70",63,2,4,2,"experience",2,"exp3"
"663bc254f4b7b1bf2cdd0a70",64,10,5.9464274989274,10,"experience",10,"exp3"
"663bc254f4b7b1bf2cdd0a70",65,10,5.9464274989274,10,"experience",10,"exp3"
"663bc254f4b7b1bf2cdd0a70",66,10,5.9464274989274,10,"experience",10,"exp3"
"663bc254f4b7b1bf2cdd0a70",67,20,5.5,20,"experience",20,"exp3"
"663bc254f4b7b1bf2cdd0a70",68,10,5.9464274989274,10,"experience",10,"exp3"
"663bc254f4b7b1bf2cdd0a70",69,20,5.5,20,"experience",20,"exp3"
"663bc254f4b7b1bf2cdd0a70",70,10,5.9464274989274,10,"experience",10,"exp3"
"663bc254f4b7b1bf2cdd0a70",71,2,4,2,"experience",2,"exp3"
"663bc254f4b7b1bf2cdd0a70",72,10,5.9464274989274,10,"experience",10,"exp3"
"663bc254f4b7b1bf2cdd0a70",73,20,5.5,20,"experience",20,"exp3"
"663bc254f4b7b1bf2cdd0a70",74,20,5.5,20,"experience",20,"exp3"
"663bc254f4b7b1bf2cdd0a70",75,10,5.9464274989274,10,"experience",10,"exp3"
"663bc254f4b7b1bf2cdd0a70",76,2,4,2,"experience",2,"exp3"
"663bc254f4b7b1bf2cdd0a70",77,2,4,2,"experience",2,"exp3"
"663bc254f4b7b1bf2cdd0a70",78,10,5.9464274989274,10,"experience",10,"exp3"
"663bc254f4b7b1bf2cdd0a70",79,20,5.5,20,"experience",20,"exp3"
"663bc254f4b7b1bf2cdd0a70",80,10,5.9464274989274,10,"experience",10,"exp3"
"663bc254f4b7b1bf2cdd0a70",81,20,5.5,20,"experience",20,"exp3"
"663bc254f4b7b1bf2cdd0a70",82,20,5.5,20,"experience",20,"exp3"
"663bc254f4b7b1bf2cdd0a70",83,10,5.9464274989274,10,"experience",10,"exp3"
"663bc254f4b7b1bf2cdd0a70",84,10,5.9464274989274,10,"experience",10,"exp3"
"663bc254f4b7b1bf2cdd0a70",85,20,5.5,20,"experience",20,"exp3"
"663bc254f4b7b1bf2cdd0a70",86,10,5.9464274989274,10,"experience",10,"exp3"
"663bc254f4b7b1bf2cdd0a70",87,20,5.5,20,"experience",20,"exp3"
"663bc254f4b7b1bf2cdd0a70",88,10,5.9464274989274,10,"experience",10,"exp3"
"663bc254f4b7b1bf2cdd0a70",89,2,4,2,"experience",2,"exp3"
"663bc254f4b7b1bf2cdd0a70",90,2,4,2,"experience",2,"exp3"
"663bc254f4b7b1bf2cdd0a70",91,20,5.5,20,"experience",20,"exp3"
"663bc254f4b7b1bf2cdd0a70",92,2,4,2,"experience",2,"exp3"
"663bc254f4b7b1bf2cdd0a70",93,2,4,2,"experience",2,"exp3"
"663bc254f4b7b1bf2cdd0a70",94,10,5.9464274989274,10,"experience",10,"exp3"
"663bc254f4b7b1bf2cdd0a70",95,20,5.5,20,"experience",20,"exp3"
"663bc254f4b7b1bf2cdd0a70",96,2,4,2,"experience",2,"exp3"
"663bc254f4b7b1bf2cdd0a70",97,2,4,2,"experience",2,"exp3"
"663bc254f4b7b1bf2cdd0a70",98,10,5.9464274989274,10,"experience",10,"exp3"
"663bc254f4b7b1bf2cdd0a70",99,20,5.5,20,"experience",20,"exp3"
"663bc254f4b7b1bf2cdd0a70",100,2,4,2,"experience",2,"exp3"
"663bc254f4b7b1bf2cdd0a70",101,20,5.5,20,"experience",20,"exp3"
"663bc254f4b7b1bf2cdd0a70",102,20,5.5,20,"experience",20,"exp3"
"663bc254f4b7b1bf2cdd0a70",103,20,5.5,20,"experience",20,"exp3"
"663bc254f4b7b1bf2cdd0a70",104,10,5.9464274989274,10,"experience",10,"exp3"
"663bc254f4b7b1bf2cdd0a70",105,2,4,2,"experience",2,"exp3"
"663bc254f4b7b1bf2cdd0a70",106,20,5.5,20,"experience",20,"exp3"
"663bc254f4b7b1bf2cdd0a70",107,2,4,2,"experience",2,"exp3"
"663bc254f4b7b1bf2cdd0a70",108,2,4,2,"experience",2,"exp3"
"67f054713cbdd6e7fdab28d4",4,2,1,2,"experience",2,"exp3"
"67f054713cbdd6e7fdab28d4",7,2,0.5,2,"experience",2,"exp3"
"67f054713cbdd6e7fdab28d4",8,2,3,2,"experience",2,"exp3"
"67f054713cbdd6e7fdab28d4",13,10,5.9464274989274,10,"experience",10,"exp3"
"67f054713cbdd6e7fdab28d4",14,20,5.5,20,"experience",20,"exp3"
"67f054713cbdd6e7fdab28d4",15,2,4,2,"experience",2,"exp3"
"67f054713cbdd6e7fdab28d4",16,2,4,2,"experience",2,"exp3"
"67f054713cbdd6e7fdab28d4",17,2,4,2,"experience",2,"exp3"
"67f054713cbdd6e7fdab28d4",18,2,4,2,"experience",2,"exp3"
"67f054713cbdd6e7fdab28d4",19,2,4,2,"experience",2,"exp3"
"67f054713cbdd6e7fdab28d4",20,2,4,2,"experience",2,"exp3"
"67f054713cbdd6e7fdab28d4",21,10,5.9464274989274,10,"experience",10,"exp3"
"67f054713cbdd6e7fdab28d4",22,10,5.9464274989274,10,"experience",10,"exp3"
"67f054713cbdd6e7fdab28d4",23,10,5.9464274989274,10,"experience",10,"exp3"
"67f054713cbdd6e7fdab28d4",24,2,4,2,"experience",2,"exp3"
"67f054713cbdd6e7fdab28d4",25,10,5.9464274989274,10,"experience",10,"exp3"
"67f054713cbdd6e7fdab28d4",26,2,4,2,"experience",2,"exp3"
"67f054713cbdd6e7fdab28d4",27,2,4,2,"experience",2,"exp3"
"67f054713cbdd6e7fdab28d4",28,10,5.9464274989274,10,"experience",10,"exp3"
"67f054713cbdd6e7fdab28d4",29,20,5.5,20,"experience",20,"exp3"
"67f054713cbdd6e7fdab28d4",30,20,5.5,20,"experience",20,"exp3"
"67f054713cbdd6e7fdab28d4",31,20,5.5,20,"experience",20,"exp3"
"67f054713cbdd6e7fdab28d4",32,10,5.9464274989274,10,"experience",10,"exp3"
"67f054713cbdd6e7fdab28d4",33,2,4,2,"experience",2,"exp3"
"67f054713cbdd6e7fdab28d4",34,2,4,2,"experience",2,"exp3"
"67f054713cbdd6e7fdab28d4",35,2,4,2,"experience",2,"exp3"
"67f054713cbdd6e7fdab28d4",36,10,5.9464274989274,10,"experience",10,"exp3"
"67f054713cbdd6e7fdab28d4",37,10,5.9464274989274,10,"experience",10,"exp3"
"67f054713cbdd6e7fdab28d4",38,2,4,2,"experience",2,"exp3"
"67f054713cbdd6e7fdab28d4",39,20,5.5,20,"experience",20,"exp3"
"67f054713cbdd6e7fdab28d4",40,10,5.9464274989274,10,"experience",10,"exp3"
"67f054713cbdd6e7fdab28d4",41,20,5.5,20,"experience",20,"exp3"
"67f054713cbdd6e7fdab28d4",42,10,5.9464274989274,10,"experience",10,"exp3"
"67f054713cbdd6e7fdab28d4",43,10,5.9464274989274,10,"experience",10,"exp3"
"67f054713cbdd6e7fdab28d4",44,20,5.5,20,"experience",20,"exp3"
"67f054713cbdd6e7fdab28d4",45,20,5.5,20,"experience",20,"exp3"
"67f054713cbdd6e7fdab28d4",46,20,5.5,20,"experience",20,"exp3"
"67f054713cbdd6e7fdab28d4",47,20,5.5,20,"experience",20,"exp3"
"67f054713cbdd6e7fdab28d4",48,10,5.9464274989274,10,"experience",10,"exp3"
"67f054713cbdd6e7fdab28d4",49,20,5.5,20,"experience",20,"exp3"
"67f054713cbdd6e7fdab28d4",50,10,5.9464274989274,10,"experience",10,"exp3"
"67f054713cbdd6e7fdab28d4",51,10,5.9464274989274,10,"experience",10,"exp3"
"67f054713cbdd6e7fdab28d4",52,2,4,2,"experience",2,"exp3"
"67f054713cbdd6e7fdab28d4",53,20,5.5,20,"experience",20,"exp3"
"67f054713cbdd6e7fdab28d4",54,10,5.9464274989274,10,"experience",10,"exp3"
"67f054713cbdd6e7fdab28d4",55,2,4,2,"experience",2,"exp3"
"67f054713cbdd6e7fdab28d4",56,20,5.5,20,"experience",20,"exp3"
"67f054713cbdd6e7fdab28d4",57,20,5.5,20,"experience",20,"exp3"
"67f054713cbdd6e7fdab28d4",58,20,5.5,20,"experience",20,"exp3"
"67f054713cbdd6e7fdab28d4",59,2,4,2,"experience",2,"exp3"
"67f054713cbdd6e7fdab28d4",60,20,5.5,20,"experience",20,"exp3"
"67f054713cbdd6e7fdab28d4",61,2,4,2,"experience",2,"exp3"
"67f054713cbdd6e7fdab28d4",62,2,4,2,"experience",2,"exp3"
"67f054713cbdd6e7fdab28d4",63,20,5.5,20,"experience",20,"exp3"
"67f054713cbdd6e7fdab28d4",64,10,5.9464274989274,10,"experience",10,"exp3"
"67f054713cbdd6e7fdab28d4",65,2,4,2,"experience",2,"exp3"
"67f054713cbdd6e7fdab28d4",66,20,5.5,20,"experience",20,"exp3"
"67f054713cbdd6e7fdab28d4",67,10,5.9464274989274,10,"experience",10,"exp3"
"67f054713cbdd6e7fdab28d4",68,20,5.5,20,"experience",20,"exp3"
"67f054713cbdd6e7fdab28d4",69,10,5.9464274989274,10,"experience",10,"exp3"
"67f054713cbdd6e7fdab28d4",70,10,5.9464274989274,10,"experience",10,"exp3"
"67f054713cbdd6e7fdab28d4",71,10,5.9464274989274,10,"experience",10,"exp3"
"67f054713cbdd6e7fdab28d4",72,10,5.9464274989274,10,"experience",10,"exp3"
"67f054713cbdd6e7fdab28d4",73,2,4,2,"experience",2,"exp3"
"67f054713cbdd6e7fdab28d4",74,2,4,2,"experience",2,"exp3"
"67f054713cbdd6e7fdab28d4",75,20,5.5,20,"experience",20,"exp3"
"67f054713cbdd6e7fdab28d4",76,20,5.5,20,"experience",20,"exp3"
"67f054713cbdd6e7fdab28d4",77,2,4,2,"experience",2,"exp3"
"67f054713cbdd6e7fdab28d4",78,10,5.9464274989274,10,"experience",10,"exp3"
"67f054713cbdd6e7fdab28d4",79,20,5.5,20,"experience",20,"exp3"
"67f054713cbdd6e7fdab28d4",80,2,4,2,"experience",2,"exp3"
"67f054713cbdd6e7fdab28d4",81,10,5.9464274989274,10,"experience",10,"exp3"
"67f054713cbdd6e7fdab28d4",82,20,5.5,20,"experience",20,"exp3"
"67f054713cbdd6e7fdab28d4",83,2,4,2,"experience",2,"exp3"
"67f054713cbdd6e7fdab28d4",84,10,5.9464274989274,10,"experience",10,"exp3"
"67f054713cbdd6e7fdab28d4",85,20,5.5,20,"experience",20,"exp3"
"67f054713cbdd6e7fdab28d4",86,20,5.5,20,"experience",20,"exp3"
"67f054713cbdd6e7fdab28d4",87,20,5.5,20,"experience",20,"exp3"
"67f054713cbdd6e7fdab28d4",88,2,4,2,"experience",2,"exp3"
"67f054713cbdd6e7fdab28d4",89,20,5.5,20,"experience",20,"exp3"
"67f054713cbdd6e7fdab28d4",90,2,4,2,"experience",2,"exp3"
"67f054713cbdd6e7fdab28d4",91,10,5.9464274989274,10,"experience",10,"exp3"
"67f054713cbdd6e7fdab28d4",92,10,5.9464274989274,10,"experience",10,"exp3"
"67f054713cbdd6e7fdab28d4",93,2,4,2,"experience",2,"exp3"
"67f054713cbdd6e7fdab28d4",94,10,5.9464274989274,10,"experience",10,"exp3"
"67f054713cbdd6e7fdab28d4",95,20,5.5,20,"experience",20,"exp3"
"67f054713cbdd6e7fdab28d4",96,20,5.5,20,"experience",20,"exp3"
"67f054713cbdd6e7fdab28d4",97,2,4,2,"experience",2,"exp3"
"67f054713cbdd6e7fdab28d4",98,2,4,2,"experience",2,"exp3"
"67f054713cbdd6e7fdab28d4",99,10,5.9464274989274,10,"experience",10,"exp3"
"67f054713cbdd6e7fdab28d4",100,20,5.5,20,"experience",20,"exp3"
"67f054713cbdd6e7fdab28d4",101,2,4,2,"experience",2,"exp3"
"67f054713cbdd6e7fdab28d4",102,10,5.9464274989274,10,"experience",10,"exp3"
"67f054713cbdd6e7fdab28d4",103,10,5.9464274989274,10,"experience",10,"exp3"
"67f054713cbdd6e7fdab28d4",104,2,4,2,"experience",2,"exp3"
"67f054713cbdd6e7fdab28d4",105,10,5.9464274989274,10,"experience",10,"exp3"
"67f054713cbdd6e7fdab28d4",106,20,5.5,20,"experience",20,"exp3"
"67f054713cbdd6e7fdab28d4",107,20,5.5,20,"experience",20,"exp3"
"67f054713cbdd6e7fdab28d4",108,2,4,2,"experience",2,"exp3"
"6667a6558073abc1cd0e6daf",3,2,1.5,2,"experience",2,"exp3"
"6667a6558073abc1cd0e6daf",5,2,3.5,2,"experience",2,"exp3"
"6667a6558073abc1cd0e6daf",11,2,1.5,2,"experience",2,"exp3"
"6667a6558073abc1cd0e6daf",13,10,5.9464274989274,10,"experience",10,"exp3"
"6667a6558073abc1cd0e6daf",14,10,5.9464274989274,10,"experience",10,"exp3"
"6667a6558073abc1cd0e6daf",15,2,4,2,"experience",2,"exp3"
"6667a6558073abc1cd0e6daf",16,20,5.5,20,"experience",20,"exp3"
"6667a6558073abc1cd0e6daf",17,2,4,2,"experience",2,"exp3"
"6667a6558073abc1cd0e6daf",18,10,5.9464274989274,10,"experience",10,"exp3"
"6667a6558073abc1cd0e6daf",19,2,4,2,"experience",2,"exp3"
"6667a6558073abc1cd0e6daf",20,10,5.9464274989274,10,"experience",10,"exp3"
"6667a6558073abc1cd0e6daf",21,10,5.9464274989274,10,"experience",10,"exp3"
"6667a6558073abc1cd0e6daf",22,20,5.5,20,"experience",20,"exp3"
"6667a6558073abc1cd0e6daf",23,20,5.5,20,"experience",20,"exp3"
"6667a6558073abc1cd0e6daf",24,2,4,2,"experience",2,"exp3"
"6667a6558073abc1cd0e6daf",25,2,4,2,"experience",2,"exp3"
"6667a6558073abc1cd0e6daf",26,10,5.9464274989274,10,"experience",10,"exp3"
"6667a6558073abc1cd0e6daf",27,10,5.9464274989274,10,"experience",10,"exp3"
"6667a6558073abc1cd0e6daf",28,20,5.5,20,"experience",20,"exp3"
"6667a6558073abc1cd0e6daf",29,2,4,2,"experience",2,"exp3"
"6667a6558073abc1cd0e6daf",30,10,5.9464274989274,10,"experience",10,"exp3"
"6667a6558073abc1cd0e6daf",31,2,4,2,"experience",2,"exp3"
"6667a6558073abc1cd0e6daf",32,20,5.5,20,"experience",20,"exp3"
"6667a6558073abc1cd0e6daf",33,10,5.9464274989274,10,"experience",10,"exp3"
"6667a6558073abc1cd0e6daf",34,10,5.9464274989274,10,"experience",10,"exp3"
"6667a6558073abc1cd0e6daf",35,10,5.9464274989274,10,"experience",10,"exp3"
"6667a6558073abc1cd0e6daf",36,2,4,2,"experience",2,"exp3"
"6667a6558073abc1cd0e6daf",37,2,4,2,"experience",2,"exp3"
"6667a6558073abc1cd0e6daf",38,20,5.5,20,"experience",20,"exp3"
"6667a6558073abc1cd0e6daf",39,2,4,2,"experience",2,"exp3"
"6667a6558073abc1cd0e6daf",40,20,5.5,20,"experience",20,"exp3"
"6667a6558073abc1cd0e6daf",41,2,4,2,"experience",2,"exp3"
"6667a6558073abc1cd0e6daf",42,2,4,2,"experience",2,"exp3"
"6667a6558073abc1cd0e6daf",43,10,5.9464274989274,10,"experience",10,"exp3"
"6667a6558073abc1cd0e6daf",44,2,4,2,"experience",2,"exp3"
"6667a6558073abc1cd0e6daf",45,20,5.5,20,"experience",20,"exp3"
"6667a6558073abc1cd0e6daf",46,20,5.5,20,"experience",20,"exp3"
"6667a6558073abc1cd0e6daf",47,10,5.9464274989274,10,"experience",10,"exp3"
"6667a6558073abc1cd0e6daf",48,10,5.9464274989274,10,"experience",10,"exp3"
"6667a6558073abc1cd0e6daf",49,10,5.9464274989274,10,"experience",10,"exp3"
"6667a6558073abc1cd0e6daf",50,20,5.5,20,"experience",20,"exp3"
"6667a6558073abc1cd0e6daf",51,20,5.5,20,"experience",20,"exp3"
"6667a6558073abc1cd0e6daf",52,2,4,2,"experience",2,"exp3"
"6667a6558073abc1cd0e6daf",53,20,5.5,20,"experience",20,"exp3"
"6667a6558073abc1cd0e6daf",54,20,5.5,20,"experience",20,"exp3"
"6667a6558073abc1cd0e6daf",55,2,4,2,"experience",2,"exp3"
"6667a6558073abc1cd0e6daf",56,20,5.5,20,"experience",20,"exp3"
"6667a6558073abc1cd0e6daf",57,2,4,2,"experience",2,"exp3"
"6667a6558073abc1cd0e6daf",58,20,5.5,20,"experience",20,"exp3"
"6667a6558073abc1cd0e6daf",59,10,5.9464274989274,10,"experience",10,"exp3"
"6667a6558073abc1cd0e6daf",60,20,5.5,20,"experience",20,"exp3"
"6667a6558073abc1cd0e6daf",61,10,5.9464274989274,10,"experience",10,"exp3"
"6667a6558073abc1cd0e6daf",62,10,5.9464274989274,10,"experience",10,"exp3"
"6667a6558073abc1cd0e6daf",63,20,5.5,20,"experience",20,"exp3"
"6667a6558073abc1cd0e6daf",64,2,4,2,"experience",2,"exp3"
"6667a6558073abc1cd0e6daf",65,10,5.9464274989274,10,"experience",10,"exp3"
"6667a6558073abc1cd0e6daf",66,2,4,2,"experience",2,"exp3"
"6667a6558073abc1cd0e6daf",67,10,5.9464274989274,10,"experience",10,"exp3"
"6667a6558073abc1cd0e6daf",68,10,5.9464274989274,10,"experience",10,"exp3"
"6667a6558073abc1cd0e6daf",69,2,4,2,"experience",2,"exp3"
"6667a6558073abc1cd0e6daf",70,10,5.9464274989274,10,"experience",10,"exp3"
"6667a6558073abc1cd0e6daf",71,2,4,2,"experience",2,"exp3"
"6667a6558073abc1cd0e6daf",72,2,4,2,"experience",2,"exp3"
"6667a6558073abc1cd0e6daf",73,20,5.5,20,"experience",20,"exp3"
"6667a6558073abc1cd0e6daf",74,2,4,2,"experience",2,"exp3"
"6667a6558073abc1cd0e6daf",75,10,5.9464274989274,10,"experience",10,"exp3"
"6667a6558073abc1cd0e6daf",76,20,5.5,20,"experience",20,"exp3"
"6667a6558073abc1cd0e6daf",77,20,5.5,20,"experience",20,"exp3"
"6667a6558073abc1cd0e6daf",78,20,5.5,20,"experience",20,"exp3"
"6667a6558073abc1cd0e6daf",79,10,5.9464274989274,10,"experience",10,"exp3"
"6667a6558073abc1cd0e6daf",80,2,4,2,"experience",2,"exp3"
"6667a6558073abc1cd0e6daf",81,10,5.9464274989274,10,"experience",10,"exp3"
"6667a6558073abc1cd0e6daf",82,2,4,2,"experience",2,"exp3"
"6667a6558073abc1cd0e6daf",83,2,4,2,"experience",2,"exp3"
"6667a6558073abc1cd0e6daf",84,10,5.9464274989274,10,"experience",10,"exp3"
"6667a6558073abc1cd0e6daf",85,2,4,2,"experience",2,"exp3"
"6667a6558073abc1cd0e6daf",86,2,4,2,"experience",2,"exp3"
"6667a6558073abc1cd0e6daf",87,20,5.5,20,"experience",20,"exp3"
"6667a6558073abc1cd0e6daf",88,20,5.5,20,"experience",20,"exp3"
"6667a6558073abc1cd0e6daf",89,10,5.9464274989274,10,"experience",10,"exp3"
"6667a6558073abc1cd0e6daf",90,20,5.5,20,"experience",20,"exp3"
"6667a6558073abc1cd0e6daf",91,20,5.5,20,"experience",20,"exp3"
"6667a6558073abc1cd0e6daf",92,20,5.5,20,"experience",20,"exp3"
"6667a6558073abc1cd0e6daf",93,10,5.9464274989274,10,"experience",10,"exp3"
"6667a6558073abc1cd0e6daf",94,2,4,2,"experience",2,"exp3"
"6667a6558073abc1cd0e6daf",95,20,5.5,20,"experience",20,"exp3"
"6667a6558073abc1cd0e6daf",96,20,5.5,20,"experience",20,"exp3"
"6667a6558073abc1cd0e6daf",97,10,5.9464274989274,10,"experience",10,"exp3"
"6667a6558073abc1cd0e6daf",98,2,4,2,"experience",2,"exp3"
"6667a6558073abc1cd0e6daf",99,2,4,2,"experience",2,"exp3"
"6667a6558073abc1cd0e6daf",100,2,4,2,"experience",2,"exp3"
"6667a6558073abc1cd0e6daf",101,10,5.9464274989274,10,"experience",10,"exp3"
"6667a6558073abc1cd0e6daf",102,20,5.5,20,"experience",20,"exp3"
"6667a6558073abc1cd0e6daf",103,20,5.5,20,"experience",20,"exp3"
"6667a6558073abc1cd0e6daf",104,2,4,2,"experience",2,"exp3"
"6667a6558073abc1cd0e6daf",105,10,5.9464274989274,10,"experience",10,"exp3"
"6667a6558073abc1cd0e6daf",106,20,5.5,20,"experience",20,"exp3"
"6667a6558073abc1cd0e6daf",107,20,5.5,20,"experience",20,"exp3"
"6667a6558073abc1cd0e6daf",108,10,5.9464274989274,10,"experience",10,"exp3"
"67246794a85893f571f01fcc",1,2,5.5,2,"experience",2,"exp3"
"67246794a85893f571f01fcc",2,10,6.6,10,"experience",10,"exp3"
"67246794a85893f571f01fcc",11,2,1.5,2,"experience",2,"exp3"
"67246794a85893f571f01fcc",12,2,2,2,"experience",2,"exp3"
"67246794a85893f571f01fcc",13,20,5.5,20,"experience",20,"exp3"
"67246794a85893f571f01fcc",14,2,4,2,"experience",2,"exp3"
"67246794a85893f571f01fcc",15,2,4,2,"experience",2,"exp3"
"67246794a85893f571f01fcc",16,20,5.5,20,"experience",20,"exp3"
"67246794a85893f571f01fcc",17,20,5.5,20,"experience",20,"exp3"
"67246794a85893f571f01fcc",18,10,5.9464274989274,10,"experience",10,"exp3"
"67246794a85893f571f01fcc",19,2,4,2,"experience",2,"exp3"
"67246794a85893f571f01fcc",20,20,5.5,20,"experience",20,"exp3"
"67246794a85893f571f01fcc",21,20,5.5,20,"experience",20,"exp3"
"67246794a85893f571f01fcc",22,2,4,2,"experience",2,"exp3"
"67246794a85893f571f01fcc",23,10,5.9464274989274,10,"experience",10,"exp3"
"67246794a85893f571f01fcc",24,10,5.9464274989274,10,"experience",10,"exp3"
"67246794a85893f571f01fcc",25,20,5.5,20,"experience",20,"exp3"
"67246794a85893f571f01fcc",26,10,5.9464274989274,10,"experience",10,"exp3"
"67246794a85893f571f01fcc",27,20,5.5,20,"experience",20,"exp3"
"67246794a85893f571f01fcc",28,10,5.9464274989274,10,"experience",10,"exp3"
"67246794a85893f571f01fcc",29,2,4,2,"experience",2,"exp3"
"67246794a85893f571f01fcc",30,10,5.9464274989274,10,"experience",10,"exp3"
"67246794a85893f571f01fcc",31,10,5.9464274989274,10,"experience",10,"exp3"
"67246794a85893f571f01fcc",32,10,5.9464274989274,10,"experience",10,"exp3"
"67246794a85893f571f01fcc",33,10,5.9464274989274,10,"experience",10,"exp3"
"67246794a85893f571f01fcc",34,10,5.9464274989274,10,"experience",10,"exp3"
"67246794a85893f571f01fcc",35,20,5.5,20,"experience",20,"exp3"
"67246794a85893f571f01fcc",36,2,4,2,"experience",2,"exp3"
"67246794a85893f571f01fcc",37,10,5.9464274989274,10,"experience",10,"exp3"
"67246794a85893f571f01fcc",38,20,5.5,20,"experience",20,"exp3"
"67246794a85893f571f01fcc",39,2,4,2,"experience",2,"exp3"
"67246794a85893f571f01fcc",40,10,5.9464274989274,10,"experience",10,"exp3"
"67246794a85893f571f01fcc",41,2,4,2,"experience",2,"exp3"
"67246794a85893f571f01fcc",42,20,5.5,20,"experience",20,"exp3"
"67246794a85893f571f01fcc",43,10,5.9464274989274,10,"experience",10,"exp3"
"67246794a85893f571f01fcc",44,10,5.9464274989274,10,"experience",10,"exp3"
"67246794a85893f571f01fcc",45,10,5.9464274989274,10,"experience",10,"exp3"
"67246794a85893f571f01fcc",46,2,4,2,"experience",2,"exp3"
"67246794a85893f571f01fcc",47,20,5.5,20,"experience",20,"exp3"
"67246794a85893f571f01fcc",48,2,4,2,"experience",2,"exp3"
"67246794a85893f571f01fcc",49,2,4,2,"experience",2,"exp3"
"67246794a85893f571f01fcc",50,2,4,2,"experience",2,"exp3"
"67246794a85893f571f01fcc",51,20,5.5,20,"experience",20,"exp3"
"67246794a85893f571f01fcc",52,10,5.9464274989274,10,"experience",10,"exp3"
"67246794a85893f571f01fcc",53,2,4,2,"experience",2,"exp3"
"67246794a85893f571f01fcc",54,20,5.5,20,"experience",20,"exp3"
"67246794a85893f571f01fcc",55,2,4,2,"experience",2,"exp3"
"67246794a85893f571f01fcc",56,20,5.5,20,"experience",20,"exp3"
"67246794a85893f571f01fcc",57,2,4,2,"experience",2,"exp3"
"67246794a85893f571f01fcc",58,20,5.5,20,"experience",20,"exp3"
"67246794a85893f571f01fcc",59,2,4,2,"experience",2,"exp3"
"67246794a85893f571f01fcc",60,20,5.5,20,"experience",20,"exp3"
"67246794a85893f571f01fcc",61,2,4,2,"experience",2,"exp3"
"67246794a85893f571f01fcc",62,20,5.5,20,"experience",20,"exp3"
"67246794a85893f571f01fcc",63,20,5.5,20,"experience",20,"exp3"
"67246794a85893f571f01fcc",64,2,4,2,"experience",2,"exp3"
"67246794a85893f571f01fcc",65,10,5.9464274989274,10,"experience",10,"exp3"
"67246794a85893f571f01fcc",66,20,5.5,20,"experience",20,"exp3"
"67246794a85893f571f01fcc",67,2,4,2,"experience",2,"exp3"
"67246794a85893f571f01fcc",68,10,5.9464274989274,10,"experience",10,"exp3"
"67246794a85893f571f01fcc",69,10,5.9464274989274,10,"experience",10,"exp3"
"67246794a85893f571f01fcc",70,2,4,2,"experience",2,"exp3"
"67246794a85893f571f01fcc",71,2,4,2,"experience",2,"exp3"
"67246794a85893f571f01fcc",72,20,5.5,20,"experience",20,"exp3"
"67246794a85893f571f01fcc",73,10,5.9464274989274,10,"experience",10,"exp3"
"67246794a85893f571f01fcc",74,2,4,2,"experience",2,"exp3"
"67246794a85893f571f01fcc",75,20,5.5,20,"experience",20,"exp3"
"67246794a85893f571f01fcc",76,10,5.9464274989274,10,"experience",10,"exp3"
"67246794a85893f571f01fcc",77,2,4,2,"experience",2,"exp3"
"67246794a85893f571f01fcc",78,20,5.5,20,"experience",20,"exp3"
"67246794a85893f571f01fcc",79,20,5.5,20,"experience",20,"exp3"
"67246794a85893f571f01fcc",80,10,5.9464274989274,10,"experience",10,"exp3"
"67246794a85893f571f01fcc",81,10,5.9464274989274,10,"experience",10,"exp3"
"67246794a85893f571f01fcc",82,2,4,2,"experience",2,"exp3"
"67246794a85893f571f01fcc",83,2,4,2,"experience",2,"exp3"
"67246794a85893f571f01fcc",84,20,5.5,20,"experience",20,"exp3"
"67246794a85893f571f01fcc",85,10,5.9464274989274,10,"experience",10,"exp3"
"67246794a85893f571f01fcc",86,20,5.5,20,"experience",20,"exp3"
"67246794a85893f571f01fcc",87,10,5.9464274989274,10,"experience",10,"exp3"
"67246794a85893f571f01fcc",88,20,5.5,20,"experience",20,"exp3"
"67246794a85893f571f01fcc",89,10,5.9464274989274,10,"experience",10,"exp3"
"67246794a85893f571f01fcc",90,20,5.5,20,"experience",20,"exp3"
"67246794a85893f571f01fcc",91,20,5.5,20,"experience",20,"exp3"
"67246794a85893f571f01fcc",92,2,4,2,"experience",2,"exp3"
"67246794a85893f571f01fcc",93,2,4,2,"experience",2,"exp3"
"67246794a85893f571f01fcc",94,20,5.5,20,"experience",20,"exp3"
"67246794a85893f571f01fcc",95,10,5.9464274989274,10,"experience",10,"exp3"
"67246794a85893f571f01fcc",96,2,4,2,"experience",2,"exp3"
"67246794a85893f571f01fcc",97,2,4,2,"experience",2,"exp3"
"67246794a85893f571f01fcc",98,2,4,2,"experience",2,"exp3"
"67246794a85893f571f01fcc",99,10,5.9464274989274,10,"experience",10,"exp3"
"67246794a85893f571f01fcc",100,2,4,2,"experience",2,"exp3"
"67246794a85893f571f01fcc",101,10,5.9464274989274,10,"experience",10,"exp3"
"67246794a85893f571f01fcc",102,20,5.5,20,"experience",20,"exp3"
"67246794a85893f571f01fcc",103,10,5.9464274989274,10,"experience",10,"exp3"
"67246794a85893f571f01fcc",104,2,4,2,"experience",2,"exp3"
"67246794a85893f571f01fcc",105,20,5.5,20,"experience",20,"exp3"
"67246794a85893f571f01fcc",106,10,5.9464274989274,10,"experience",10,"exp3"
"67246794a85893f571f01fcc",107,20,5.5,20,"experience",20,"exp3"
"67246794a85893f571f01fcc",108,10,5.9464274989274,10,"experience",10,"exp3"
"60c770aa2d2928bfda4c7cd4",1,10,5.86174035590114,10,"experience",10,"exp3"
"60c770aa2d2928bfda4c7cd4",2,2,6.5,2,"experience",2,"exp3"
"60c770aa2d2928bfda4c7cd4",3,10,5.74891294072192,10,"experience",10,"exp3"
"60c770aa2d2928bfda4c7cd4",7,2,1,2,"experience",2,"exp3"
"60c770aa2d2928bfda4c7cd4",13,2,4,2,"experience",2,"exp3"
"60c770aa2d2928bfda4c7cd4",14,20,5.5,20,"experience",20,"exp3"
"60c770aa2d2928bfda4c7cd4",15,20,5.5,20,"experience",20,"exp3"
"60c770aa2d2928bfda4c7cd4",16,20,5.5,20,"experience",20,"exp3"
"60c770aa2d2928bfda4c7cd4",17,20,5.5,20,"experience",20,"exp3"
"60c770aa2d2928bfda4c7cd4",18,20,5.5,20,"experience",20,"exp3"
"60c770aa2d2928bfda4c7cd4",19,2,4,2,"experience",2,"exp3"
"60c770aa2d2928bfda4c7cd4",20,2,4,2,"experience",2,"exp3"
"60c770aa2d2928bfda4c7cd4",21,20,5.5,20,"experience",20,"exp3"
"60c770aa2d2928bfda4c7cd4",22,2,4,2,"experience",2,"exp3"
"60c770aa2d2928bfda4c7cd4",23,2,4,2,"experience",2,"exp3"
"60c770aa2d2928bfda4c7cd4",24,2,4,2,"experience",2,"exp3"
"60c770aa2d2928bfda4c7cd4",25,2,4,2,"experience",2,"exp3"
"60c770aa2d2928bfda4c7cd4",26,20,5.5,20,"experience",20,"exp3"
"60c770aa2d2928bfda4c7cd4",27,2,4,2,"experience",2,"exp3"
"60c770aa2d2928bfda4c7cd4",28,20,5.5,20,"experience",20,"exp3"
"60c770aa2d2928bfda4c7cd4",29,20,5.5,20,"experience",20,"exp3"
"60c770aa2d2928bfda4c7cd4",30,2,4,2,"experience",2,"exp3"
"60c770aa2d2928bfda4c7cd4",31,2,4,2,"experience",2,"exp3"
"60c770aa2d2928bfda4c7cd4",32,20,5.5,20,"experience",20,"exp3"
"60c770aa2d2928bfda4c7cd4",33,2,4,2,"experience",2,"exp3"
"60c770aa2d2928bfda4c7cd4",34,20,5.5,20,"experience",20,"exp3"
"60c770aa2d2928bfda4c7cd4",35,2,4,2,"experience",2,"exp3"
"60c770aa2d2928bfda4c7cd4",36,2,4,2,"experience",2,"exp3"
"60c770aa2d2928bfda4c7cd4",37,2,4,2,"experience",2,"exp3"
"60c770aa2d2928bfda4c7cd4",38,2,4,2,"experience",2,"exp3"
"60c770aa2d2928bfda4c7cd4",39,20,5.5,20,"experience",20,"exp3"
"60c770aa2d2928bfda4c7cd4",40,20,5.5,20,"experience",20,"exp3"
"60c770aa2d2928bfda4c7cd4",41,2,4,2,"experience",2,"exp3"
"60c770aa2d2928bfda4c7cd4",42,20,5.5,20,"experience",20,"exp3"
"60c770aa2d2928bfda4c7cd4",43,20,5.5,20,"experience",20,"exp3"
"60c770aa2d2928bfda4c7cd4",44,20,5.5,20,"experience",20,"exp3"
"60c770aa2d2928bfda4c7cd4",45,10,5.9464274989274,10,"experience",10,"exp3"
"60c770aa2d2928bfda4c7cd4",46,10,5.9464274989274,10,"experience",10,"exp3"
"60c770aa2d2928bfda4c7cd4",47,10,5.9464274989274,10,"experience",10,"exp3"
"60c770aa2d2928bfda4c7cd4",48,10,5.9464274989274,10,"experience",10,"exp3"
"60c770aa2d2928bfda4c7cd4",49,10,5.9464274989274,10,"experience",10,"exp3"
"60c770aa2d2928bfda4c7cd4",50,10,5.9464274989274,10,"experience",10,"exp3"
"60c770aa2d2928bfda4c7cd4",51,10,5.9464274989274,10,"experience",10,"exp3"
"60c770aa2d2928bfda4c7cd4",52,10,5.9464274989274,10,"experience",10,"exp3"
"60c770aa2d2928bfda4c7cd4",53,10,5.9464274989274,10,"experience",10,"exp3"
"60c770aa2d2928bfda4c7cd4",54,10,5.9464274989274,10,"experience",10,"exp3"
"60c770aa2d2928bfda4c7cd4",55,10,5.9464274989274,10,"experience",10,"exp3"
"60c770aa2d2928bfda4c7cd4",56,10,5.9464274989274,10,"experience",10,"exp3"
"60c770aa2d2928bfda4c7cd4",57,10,5.9464274989274,10,"experience",10,"exp3"
"60c770aa2d2928bfda4c7cd4",58,10,5.9464274989274,10,"experience",10,"exp3"
"60c770aa2d2928bfda4c7cd4",59,10,5.9464274989274,10,"experience",10,"exp3"
"60c770aa2d2928bfda4c7cd4",60,10,5.9464274989274,10,"experience",10,"exp3"
"60c770aa2d2928bfda4c7cd4",61,10,5.9464274989274,10,"experience",10,"exp3"
"60c770aa2d2928bfda4c7cd4",62,2,4,2,"experience",2,"exp3"
"60c770aa2d2928bfda4c7cd4",63,2,4,2,"experience",2,"exp3"
"60c770aa2d2928bfda4c7cd4",64,10,5.9464274989274,10,"experience",10,"exp3"
"60c770aa2d2928bfda4c7cd4",65,10,5.9464274989274,10,"experience",10,"exp3"
"60c770aa2d2928bfda4c7cd4",66,10,5.9464274989274,10,"experience",10,"exp3"
"60c770aa2d2928bfda4c7cd4",67,2,4,2,"experience",2,"exp3"
"60c770aa2d2928bfda4c7cd4",68,10,5.9464274989274,10,"experience",10,"exp3"
"60c770aa2d2928bfda4c7cd4",69,10,5.9464274989274,10,"experience",10,"exp3"
"60c770aa2d2928bfda4c7cd4",70,10,5.9464274989274,10,"experience",10,"exp3"
"60c770aa2d2928bfda4c7cd4",71,2,4,2,"experience",2,"exp3"
"60c770aa2d2928bfda4c7cd4",72,2,4,2,"experience",2,"exp3"
"60c770aa2d2928bfda4c7cd4",73,10,5.9464274989274,10,"experience",10,"exp3"
"60c770aa2d2928bfda4c7cd4",74,2,4,2,"experience",2,"exp3"
"60c770aa2d2928bfda4c7cd4",75,2,4,2,"experience",2,"exp3"
"60c770aa2d2928bfda4c7cd4",76,10,5.9464274989274,10,"experience",10,"exp3"
"60c770aa2d2928bfda4c7cd4",77,10,5.9464274989274,10,"experience",10,"exp3"
"60c770aa2d2928bfda4c7cd4",78,2,4,2,"experience",2,"exp3"
"60c770aa2d2928bfda4c7cd4",79,10,5.9464274989274,10,"experience",10,"exp3"
"60c770aa2d2928bfda4c7cd4",80,10,5.9464274989274,10,"experience",10,"exp3"
"60c770aa2d2928bfda4c7cd4",81,10,5.9464274989274,10,"experience",10,"exp3"
"60c770aa2d2928bfda4c7cd4",82,10,5.9464274989274,10,"experience",10,"exp3"
"60c770aa2d2928bfda4c7cd4",83,2,4,2,"experience",2,"exp3"
"60c770aa2d2928bfda4c7cd4",84,2,4,2,"experience",2,"exp3"
"60c770aa2d2928bfda4c7cd4",85,10,5.9464274989274,10,"experience",10,"exp3"
"60c770aa2d2928bfda4c7cd4",86,2,4,2,"experience",2,"exp3"
"60c770aa2d2928bfda4c7cd4",87,2,4,2,"experience",2,"exp3"
"60c770aa2d2928bfda4c7cd4",88,2,4,2,"experience",2,"exp3"
"60c770aa2d2928bfda4c7cd4",89,10,5.9464274989274,10,"experience",10,"exp3"
"60c770aa2d2928bfda4c7cd4",90,2,4,2,"experience",2,"exp3"
"60c770aa2d2928bfda4c7cd4",91,2,4,2,"experience",2,"exp3"
"60c770aa2d2928bfda4c7cd4",92,2,4,2,"experience",2,"exp3"
"60c770aa2d2928bfda4c7cd4",93,20,5.5,20,"experience",20,"exp3"
"60c770aa2d2928bfda4c7cd4",94,20,5.5,20,"experience",20,"exp3"
"60c770aa2d2928bfda4c7cd4",95,20,5.5,20,"experience",20,"exp3"
"60c770aa2d2928bfda4c7cd4",96,20,5.5,20,"experience",20,"exp3"
"60c770aa2d2928bfda4c7cd4",97,20,5.5,20,"experience",20,"exp3"
"60c770aa2d2928bfda4c7cd4",98,20,5.5,20,"experience",20,"exp3"
"60c770aa2d2928bfda4c7cd4",99,20,5.5,20,"experience",20,"exp3"
"60c770aa2d2928bfda4c7cd4",100,20,5.5,20,"experience",20,"exp3"
"60c770aa2d2928bfda4c7cd4",101,20,5.5,20,"experience",20,"exp3"
"60c770aa2d2928bfda4c7cd4",102,20,5.5,20,"experience",20,"exp3"
"60c770aa2d2928bfda4c7cd4",103,20,5.5,20,"experience",20,"exp3"
"60c770aa2d2928bfda4c7cd4",104,20,5.5,20,"experience",20,"exp3"
"60c770aa2d2928bfda4c7cd4",105,20,5.5,20,"experience",20,"exp3"
"60c770aa2d2928bfda4c7cd4",106,20,5.5,20,"experience",20,"exp3"
"60c770aa2d2928bfda4c7cd4",107,20,5.5,20,"experience",20,"exp3"
"60c770aa2d2928bfda4c7cd4",108,20,5.5,20,"experience",20,"exp3"
"60c770aa2d2928bfda4c7cd4",1,10,5.86174035590114,10,"experience",10,"exp3"
"60c770aa2d2928bfda4c7cd4",2,2,6.5,2,"experience",2,"exp3"
"60c770aa2d2928bfda4c7cd4",3,10,5.74891294072192,10,"experience",10,"exp3"
"60c770aa2d2928bfda4c7cd4",7,2,1,2,"experience",2,"exp3"
"60c770aa2d2928bfda4c7cd4",13,2,4,2,"experience",2,"exp3"
"60c770aa2d2928bfda4c7cd4",14,20,5.5,20,"experience",20,"exp3"
"60c770aa2d2928bfda4c7cd4",15,20,5.5,20,"experience",20,"exp3"
"60c770aa2d2928bfda4c7cd4",16,20,5.5,20,"experience",20,"exp3"
"60c770aa2d2928bfda4c7cd4",17,20,5.5,20,"experience",20,"exp3"
"60c770aa2d2928bfda4c7cd4",18,20,5.5,20,"experience",20,"exp3"
"60c770aa2d2928bfda4c7cd4",19,2,4,2,"experience",2,"exp3"
"60c770aa2d2928bfda4c7cd4",20,2,4,2,"experience",2,"exp3"
"60c770aa2d2928bfda4c7cd4",21,20,5.5,20,"experience",20,"exp3"
"60c770aa2d2928bfda4c7cd4",22,2,4,2,"experience",2,"exp3"
"60c770aa2d2928bfda4c7cd4",23,2,4,2,"experience",2,"exp3"
"60c770aa2d2928bfda4c7cd4",24,2,4,2,"experience",2,"exp3"
"60c770aa2d2928bfda4c7cd4",25,2,4,2,"experience",2,"exp3"
"60c770aa2d2928bfda4c7cd4",26,20,5.5,20,"experience",20,"exp3"
"60c770aa2d2928bfda4c7cd4",27,2,4,2,"experience",2,"exp3"
"60c770aa2d2928bfda4c7cd4",28,20,5.5,20,"experience",20,"exp3"
"60c770aa2d2928bfda4c7cd4",29,20,5.5,20,"experience",20,"exp3"
"60c770aa2d2928bfda4c7cd4",30,2,4,2,"experience",2,"exp3"
"60c770aa2d2928bfda4c7cd4",31,2,4,2,"experience",2,"exp3"
"60c770aa2d2928bfda4c7cd4",32,20,5.5,20,"experience",20,"exp3"
"60c770aa2d2928bfda4c7cd4",33,2,4,2,"experience",2,"exp3"
"60c770aa2d2928bfda4c7cd4",34,20,5.5,20,"experience",20,"exp3"
"60c770aa2d2928bfda4c7cd4",35,2,4,2,"experience",2,"exp3"
"60c770aa2d2928bfda4c7cd4",36,2,4,2,"experience",2,"exp3"
"60c770aa2d2928bfda4c7cd4",37,2,4,2,"experience",2,"exp3"
"60c770aa2d2928bfda4c7cd4",38,2,4,2,"experience",2,"exp3"
"60c770aa2d2928bfda4c7cd4",39,20,5.5,20,"experience",20,"exp3"
"60c770aa2d2928bfda4c7cd4",40,20,5.5,20,"experience",20,"exp3"
"60c770aa2d2928bfda4c7cd4",41,2,4,2,"experience",2,"exp3"
"60c770aa2d2928bfda4c7cd4",42,20,5.5,20,"experience",20,"exp3"
"60c770aa2d2928bfda4c7cd4",43,20,5.5,20,"experience",20,"exp3"
"60c770aa2d2928bfda4c7cd4",44,20,5.5,20,"experience",20,"exp3"
"60c770aa2d2928bfda4c7cd4",45,10,5.9464274989274,10,"experience",10,"exp3"
"60c770aa2d2928bfda4c7cd4",46,10,5.9464274989274,10,"experience",10,"exp3"
"60c770aa2d2928bfda4c7cd4",47,10,5.9464274989274,10,"experience",10,"exp3"
"60c770aa2d2928bfda4c7cd4",48,10,5.9464274989274,10,"experience",10,"exp3"
"60c770aa2d2928bfda4c7cd4",49,10,5.9464274989274,10,"experience",10,"exp3"
"60c770aa2d2928bfda4c7cd4",50,10,5.9464274989274,10,"experience",10,"exp3"
"60c770aa2d2928bfda4c7cd4",51,10,5.9464274989274,10,"experience",10,"exp3"
"60c770aa2d2928bfda4c7cd4",52,10,5.9464274989274,10,"experience",10,"exp3"
"60c770aa2d2928bfda4c7cd4",53,10,5.9464274989274,10,"experience",10,"exp3"
"60c770aa2d2928bfda4c7cd4",54,10,5.9464274989274,10,"experience",10,"exp3"
"60c770aa2d2928bfda4c7cd4",55,10,5.9464274989274,10,"experience",10,"exp3"
"60c770aa2d2928bfda4c7cd4",56,10,5.9464274989274,10,"experience",10,"exp3"
"60c770aa2d2928bfda4c7cd4",57,10,5.9464274989274,10,"experience",10,"exp3"
"60c770aa2d2928bfda4c7cd4",58,10,5.9464274989274,10,"experience",10,"exp3"
"60c770aa2d2928bfda4c7cd4",59,10,5.9464274989274,10,"experience",10,"exp3"
"60c770aa2d2928bfda4c7cd4",60,10,5.9464274989274,10,"experience",10,"exp3"
"60c770aa2d2928bfda4c7cd4",61,10,5.9464274989274,10,"experience",10,"exp3"
"60c770aa2d2928bfda4c7cd4",62,2,4,2,"experience",2,"exp3"
"60c770aa2d2928bfda4c7cd4",63,2,4,2,"experience",2,"exp3"
"60c770aa2d2928bfda4c7cd4",64,10,5.9464274989274,10,"experience",10,"exp3"
"60c770aa2d2928bfda4c7cd4",65,10,5.9464274989274,10,"experience",10,"exp3"
"60c770aa2d2928bfda4c7cd4",66,10,5.9464274989274,10,"experience",10,"exp3"
"60c770aa2d2928bfda4c7cd4",67,2,4,2,"experience",2,"exp3"
"60c770aa2d2928bfda4c7cd4",68,10,5.9464274989274,10,"experience",10,"exp3"
"60c770aa2d2928bfda4c7cd4",69,10,5.9464274989274,10,"experience",10,"exp3"
"60c770aa2d2928bfda4c7cd4",70,10,5.9464274989274,10,"experience",10,"exp3"
"60c770aa2d2928bfda4c7cd4",71,2,4,2,"experience",2,"exp3"
"60c770aa2d2928bfda4c7cd4",72,2,4,2,"experience",2,"exp3"
"60c770aa2d2928bfda4c7cd4",73,10,5.9464274989274,10,"experience",10,"exp3"
"60c770aa2d2928bfda4c7cd4",74,2,4,2,"experience",2,"exp3"
"60c770aa2d2928bfda4c7cd4",75,2,4,2,"experience",2,"exp3"
"60c770aa2d2928bfda4c7cd4",76,10,5.9464274989274,10,"experience",10,"exp3"
"60c770aa2d2928bfda4c7cd4",77,10,5.9464274989274,10,"experience",10,"exp3"
"60c770aa2d2928bfda4c7cd4",78,2,4,2,"experience",2,"exp3"
"60c770aa2d2928bfda4c7cd4",79,10,5.9464274989274,10,"experience",10,"exp3"
"60c770aa2d2928bfda4c7cd4",80,10,5.9464274989274,10,"experience",10,"exp3"
"60c770aa2d2928bfda4c7cd4",81,10,5.9464274989274,10,"experience",10,"exp3"
"60c770aa2d2928bfda4c7cd4",82,10,5.9464274989274,10,"experience",10,"exp3"
"60c770aa2d2928bfda4c7cd4",83,2,4,2,"experience",2,"exp3"
"60c770aa2d2928bfda4c7cd4",84,2,4,2,"experience",2,"exp3"
"60c770aa2d2928bfda4c7cd4",85,10,5.9464274989274,10,"experience",10,"exp3"
"60c770aa2d2928bfda4c7cd4",86,2,4,2,"experience",2,"exp3"
"60c770aa2d2928bfda4c7cd4",87,2,4,2,"experience",2,"exp3"
"60c770aa2d2928bfda4c7cd4",88,2,4,2,"experience",2,"exp3"
"60c770aa2d2928bfda4c7cd4",89,10,5.9464274989274,10,"experience",10,"exp3"
"60c770aa2d2928bfda4c7cd4",90,2,4,2,"experience",2,"exp3"
"60c770aa2d2928bfda4c7cd4",91,2,4,2,"experience",2,"exp3"
"60c770aa2d2928bfda4c7cd4",92,2,4,2,"experience",2,"exp3"
"60c770aa2d2928bfda4c7cd4",93,20,5.5,20,"experience",20,"exp3"
"60c770aa2d2928bfda4c7cd4",94,20,5.5,20,"experience",20,"exp3"
"60c770aa2d2928bfda4c7cd4",95,20,5.5,20,"experience",20,"exp3"
"60c770aa2d2928bfda4c7cd4",96,20,5.5,20,"experience",20,"exp3"
"60c770aa2d2928bfda4c7cd4",97,20,5.5,20,"experience",20,"exp3"
"60c770aa2d2928bfda4c7cd4",98,20,5.5,20,"experience",20,"exp3"
"60c770aa2d2928bfda4c7cd4",99,20,5.5,20,"experience",20,"exp3"
"60c770aa2d2928bfda4c7cd4",100,20,5.5,20,"experience",20,"exp3"
"60c770aa2d2928bfda4c7cd4",101,20,5.5,20,"experience",20,"exp3"
"60c770aa2d2928bfda4c7cd4",102,20,5.5,20,"experience",20,"exp3"
"60c770aa2d2928bfda4c7cd4",103,20,5.5,20,"experience",20,"exp3"
"60c770aa2d2928bfda4c7cd4",104,20,5.5,20,"experience",20,"exp3"
"60c770aa2d2928bfda4c7cd4",105,20,5.5,20,"experience",20,"exp3"
"60c770aa2d2928bfda4c7cd4",106,20,5.5,20,"experience",20,"exp3"
"60c770aa2d2928bfda4c7cd4",107,20,5.5,20,"experience",20,"exp3"
"60c770aa2d2928bfda4c7cd4",108,20,5.5,20,"experience",20,"exp3"
"657f8d99678be2d216a85c3d",2,2,1,2,"experience",2,"exp3"
"657f8d99678be2d216a85c3d",3,2,5.5,2,"experience",2,"exp3"
"657f8d99678be2d216a85c3d",4,2,9.5,2,"experience",2,"exp3"
"657f8d99678be2d216a85c3d",13,10,5.9464274989274,10,"experience",10,"exp3"
"657f8d99678be2d216a85c3d",14,10,5.9464274989274,10,"experience",10,"exp3"
"657f8d99678be2d216a85c3d",15,20,5.5,20,"experience",20,"exp3"
"657f8d99678be2d216a85c3d",16,10,5.9464274989274,10,"experience",10,"exp3"
"657f8d99678be2d216a85c3d",17,20,5.5,20,"experience",20,"exp3"
"657f8d99678be2d216a85c3d",18,10,5.9464274989274,10,"experience",10,"exp3"
"657f8d99678be2d216a85c3d",19,10,5.9464274989274,10,"experience",10,"exp3"
"657f8d99678be2d216a85c3d",20,2,4,2,"experience",2,"exp3"
"657f8d99678be2d216a85c3d",21,20,5.5,20,"experience",20,"exp3"
"657f8d99678be2d216a85c3d",22,10,5.9464274989274,10,"experience",10,"exp3"
"657f8d99678be2d216a85c3d",23,20,5.5,20,"experience",20,"exp3"
"657f8d99678be2d216a85c3d",24,20,5.5,20,"experience",20,"exp3"
"657f8d99678be2d216a85c3d",25,20,5.5,20,"experience",20,"exp3"
"657f8d99678be2d216a85c3d",26,2,4,2,"experience",2,"exp3"
"657f8d99678be2d216a85c3d",27,2,4,2,"experience",2,"exp3"
"657f8d99678be2d216a85c3d",28,2,4,2,"experience",2,"exp3"
"657f8d99678be2d216a85c3d",29,10,5.9464274989274,10,"experience",10,"exp3"
"657f8d99678be2d216a85c3d",30,20,5.5,20,"experience",20,"exp3"
"657f8d99678be2d216a85c3d",31,2,4,2,"experience",2,"exp3"
"657f8d99678be2d216a85c3d",32,2,4,2,"experience",2,"exp3"
"657f8d99678be2d216a85c3d",33,10,5.9464274989274,10,"experience",10,"exp3"
"657f8d99678be2d216a85c3d",34,20,5.5,20,"experience",20,"exp3"
"657f8d99678be2d216a85c3d",35,2,4,2,"experience",2,"exp3"
"657f8d99678be2d216a85c3d",36,2,4,2,"experience",2,"exp3"
"657f8d99678be2d216a85c3d",37,10,5.9464274989274,10,"experience",10,"exp3"
"657f8d99678be2d216a85c3d",38,10,5.9464274989274,10,"experience",10,"exp3"
"657f8d99678be2d216a85c3d",39,20,5.5,20,"experience",20,"exp3"
"657f8d99678be2d216a85c3d",40,2,4,2,"experience",2,"exp3"
"657f8d99678be2d216a85c3d",41,10,5.9464274989274,10,"experience",10,"exp3"
"657f8d99678be2d216a85c3d",42,10,5.9464274989274,10,"experience",10,"exp3"
"657f8d99678be2d216a85c3d",43,20,5.5,20,"experience",20,"exp3"
"657f8d99678be2d216a85c3d",44,2,4,2,"experience",2,"exp3"
"657f8d99678be2d216a85c3d",45,10,5.9464274989274,10,"experience",10,"exp3"
"657f8d99678be2d216a85c3d",46,20,5.5,20,"experience",20,"exp3"
"657f8d99678be2d216a85c3d",47,20,5.5,20,"experience",20,"exp3"
"657f8d99678be2d216a85c3d",48,2,4,2,"experience",2,"exp3"
"657f8d99678be2d216a85c3d",49,10,5.9464274989274,10,"experience",10,"exp3"
"657f8d99678be2d216a85c3d",50,2,4,2,"experience",2,"exp3"
"657f8d99678be2d216a85c3d",51,20,5.5,20,"experience",20,"exp3"
"657f8d99678be2d216a85c3d",52,20,5.5,20,"experience",20,"exp3"
"657f8d99678be2d216a85c3d",53,20,5.5,20,"experience",20,"exp3"
"657f8d99678be2d216a85c3d",54,2,4,2,"experience",2,"exp3"
"657f8d99678be2d216a85c3d",55,10,5.9464274989274,10,"experience",10,"exp3"
"657f8d99678be2d216a85c3d",56,2,4,2,"experience",2,"exp3"
"657f8d99678be2d216a85c3d",57,2,4,2,"experience",2,"exp3"
"657f8d99678be2d216a85c3d",58,10,5.9464274989274,10,"experience",10,"exp3"
"657f8d99678be2d216a85c3d",59,2,4,2,"experience",2,"exp3"
"657f8d99678be2d216a85c3d",60,20,5.5,20,"experience",20,"exp3"
"657f8d99678be2d216a85c3d",61,20,5.5,20,"experience",20,"exp3"
"657f8d99678be2d216a85c3d",62,10,5.9464274989274,10,"experience",10,"exp3"
"657f8d99678be2d216a85c3d",63,10,5.9464274989274,10,"experience",10,"exp3"
"657f8d99678be2d216a85c3d",64,2,4,2,"experience",2,"exp3"
"657f8d99678be2d216a85c3d",65,10,5.9464274989274,10,"experience",10,"exp3"
"657f8d99678be2d216a85c3d",66,2,4,2,"experience",2,"exp3"
"657f8d99678be2d216a85c3d",67,10,5.9464274989274,10,"experience",10,"exp3"
"657f8d99678be2d216a85c3d",68,20,5.5,20,"experience",20,"exp3"
"657f8d99678be2d216a85c3d",69,20,5.5,20,"experience",20,"exp3"
"657f8d99678be2d216a85c3d",70,20,5.5,20,"experience",20,"exp3"
"657f8d99678be2d216a85c3d",71,10,5.9464274989274,10,"experience",10,"exp3"
"657f8d99678be2d216a85c3d",72,20,5.5,20,"experience",20,"exp3"
"657f8d99678be2d216a85c3d",73,2,4,2,"experience",2,"exp3"
"657f8d99678be2d216a85c3d",74,20,5.5,20,"experience",20,"exp3"
"657f8d99678be2d216a85c3d",75,20,5.5,20,"experience",20,"exp3"
"657f8d99678be2d216a85c3d",76,2,4,2,"experience",2,"exp3"
"657f8d99678be2d216a85c3d",77,20,5.5,20,"experience",20,"exp3"
"657f8d99678be2d216a85c3d",78,10,5.9464274989274,10,"experience",10,"exp3"
"657f8d99678be2d216a85c3d",79,2,4,2,"experience",2,"exp3"
"657f8d99678be2d216a85c3d",80,10,5.9464274989274,10,"experience",10,"exp3"
"657f8d99678be2d216a85c3d",81,20,5.5,20,"experience",20,"exp3"
"657f8d99678be2d216a85c3d",82,20,5.5,20,"experience",20,"exp3"
"657f8d99678be2d216a85c3d",83,2,4,2,"experience",2,"exp3"
"657f8d99678be2d216a85c3d",84,2,4,2,"experience",2,"exp3"
"657f8d99678be2d216a85c3d",85,20,5.5,20,"experience",20,"exp3"
"657f8d99678be2d216a85c3d",86,10,5.9464274989274,10,"experience",10,"exp3"
"657f8d99678be2d216a85c3d",87,10,5.9464274989274,10,"experience",10,"exp3"
"657f8d99678be2d216a85c3d",88,2,4,2,"experience",2,"exp3"
"657f8d99678be2d216a85c3d",89,2,4,2,"experience",2,"exp3"
"657f8d99678be2d216a85c3d",90,2,4,2,"experience",2,"exp3"
"657f8d99678be2d216a85c3d",91,10,5.9464274989274,10,"experience",10,"exp3"
"657f8d99678be2d216a85c3d",92,20,5.5,20,"experience",20,"exp3"
"657f8d99678be2d216a85c3d",93,10,5.9464274989274,10,"experience",10,"exp3"
"657f8d99678be2d216a85c3d",94,10,5.9464274989274,10,"experience",10,"exp3"
"657f8d99678be2d216a85c3d",95,2,4,2,"experience",2,"exp3"
"657f8d99678be2d216a85c3d",96,2,4,2,"experience",2,"exp3"
"657f8d99678be2d216a85c3d",97,10,5.9464274989274,10,"experience",10,"exp3"
"657f8d99678be2d216a85c3d",98,2,4,2,"experience",2,"exp3"
"657f8d99678be2d216a85c3d",99,2,4,2,"experience",2,"exp3"
"657f8d99678be2d216a85c3d",100,20,5.5,20,"experience",20,"exp3"
"657f8d99678be2d216a85c3d",101,10,5.9464274989274,10,"experience",10,"exp3"
"657f8d99678be2d216a85c3d",102,20,5.5,20,"experience",20,"exp3"
"657f8d99678be2d216a85c3d",103,2,4,2,"experience",2,"exp3"
"657f8d99678be2d216a85c3d",104,20,5.5,20,"experience",20,"exp3"
"657f8d99678be2d216a85c3d",105,10,5.9464274989274,10,"experience",10,"exp3"
"657f8d99678be2d216a85c3d",106,20,5.5,20,"experience",20,"exp3"
"657f8d99678be2d216a85c3d",107,2,4,2,"experience",2,"exp3"
"657f8d99678be2d216a85c3d",108,10,5.9464274989274,10,"experience",10,"exp3"
"583ec287ad2f4300014b355a",9,10,5.62227711874824,10,"experience",10,"exp3"
"583ec287ad2f4300014b355a",11,10,5.36283507111677,10,"experience",10,"exp3"
"583ec287ad2f4300014b355a",13,2,4,2,"experience",2,"exp3"
"583ec287ad2f4300014b355a",14,2,4,2,"experience",2,"exp3"
"583ec287ad2f4300014b355a",15,20,5.5,20,"experience",20,"exp3"
"583ec287ad2f4300014b355a",16,10,5.9464274989274,10,"experience",10,"exp3"
"583ec287ad2f4300014b355a",17,2,4,2,"experience",2,"exp3"
"583ec287ad2f4300014b355a",18,10,5.9464274989274,10,"experience",10,"exp3"
"583ec287ad2f4300014b355a",19,10,5.9464274989274,10,"experience",10,"exp3"
"583ec287ad2f4300014b355a",20,2,4,2,"experience",2,"exp3"
"583ec287ad2f4300014b355a",21,20,5.5,20,"experience",20,"exp3"
"583ec287ad2f4300014b355a",22,20,5.5,20,"experience",20,"exp3"
"583ec287ad2f4300014b355a",23,20,5.5,20,"experience",20,"exp3"
"583ec287ad2f4300014b355a",24,2,4,2,"experience",2,"exp3"
"583ec287ad2f4300014b355a",25,2,4,2,"experience",2,"exp3"
"583ec287ad2f4300014b355a",26,10,5.9464274989274,10,"experience",10,"exp3"
"583ec287ad2f4300014b355a",27,20,5.5,20,"experience",20,"exp3"
"583ec287ad2f4300014b355a",28,10,5.9464274989274,10,"experience",10,"exp3"
"583ec287ad2f4300014b355a",29,20,5.5,20,"experience",20,"exp3"
"583ec287ad2f4300014b355a",30,2,4,2,"experience",2,"exp3"
"583ec287ad2f4300014b355a",31,20,5.5,20,"experience",20,"exp3"
"583ec287ad2f4300014b355a",32,10,5.9464274989274,10,"experience",10,"exp3"
"583ec287ad2f4300014b355a",33,2,4,2,"experience",2,"exp3"
"583ec287ad2f4300014b355a",34,20,5.5,20,"experience",20,"exp3"
"583ec287ad2f4300014b355a",35,10,5.9464274989274,10,"experience",10,"exp3"
"583ec287ad2f4300014b355a",36,20,5.5,20,"experience",20,"exp3"
"583ec287ad2f4300014b355a",37,10,5.9464274989274,10,"experience",10,"exp3"
"583ec287ad2f4300014b355a",38,2,4,2,"experience",2,"exp3"
"583ec287ad2f4300014b355a",39,10,5.9464274989274,10,"experience",10,"exp3"
"583ec287ad2f4300014b355a",40,10,5.9464274989274,10,"experience",10,"exp3"
"583ec287ad2f4300014b355a",41,2,4,2,"experience",2,"exp3"
"583ec287ad2f4300014b355a",42,20,5.5,20,"experience",20,"exp3"
"583ec287ad2f4300014b355a",43,10,5.9464274989274,10,"experience",10,"exp3"
"583ec287ad2f4300014b355a",44,2,4,2,"experience",2,"exp3"
"583ec287ad2f4300014b355a",45,20,5.5,20,"experience",20,"exp3"
"583ec287ad2f4300014b355a",46,2,4,2,"experience",2,"exp3"
"583ec287ad2f4300014b355a",47,20,5.5,20,"experience",20,"exp3"
"583ec287ad2f4300014b355a",48,10,5.9464274989274,10,"experience",10,"exp3"
"583ec287ad2f4300014b355a",49,10,5.9464274989274,10,"experience",10,"exp3"
"583ec287ad2f4300014b355a",50,20,5.5,20,"experience",20,"exp3"
"583ec287ad2f4300014b355a",51,20,5.5,20,"experience",20,"exp3"
"583ec287ad2f4300014b355a",52,2,4,2,"experience",2,"exp3"
"583ec287ad2f4300014b355a",53,20,5.5,20,"experience",20,"exp3"
"583ec287ad2f4300014b355a",54,2,4,2,"experience",2,"exp3"
"583ec287ad2f4300014b355a",55,20,5.5,20,"experience",20,"exp3"
"583ec287ad2f4300014b355a",56,10,5.9464274989274,10,"experience",10,"exp3"
"583ec287ad2f4300014b355a",57,10,5.9464274989274,10,"experience",10,"exp3"
"583ec287ad2f4300014b355a",58,10,5.9464274989274,10,"experience",10,"exp3"
"583ec287ad2f4300014b355a",59,2,4,2,"experience",2,"exp3"
"583ec287ad2f4300014b355a",60,2,4,2,"experience",2,"exp3"
"583ec287ad2f4300014b355a",61,2,4,2,"experience",2,"exp3"
"583ec287ad2f4300014b355a",62,2,4,2,"experience",2,"exp3"
"583ec287ad2f4300014b355a",63,10,5.9464274989274,10,"experience",10,"exp3"
"583ec287ad2f4300014b355a",64,10,5.9464274989274,10,"experience",10,"exp3"
"583ec287ad2f4300014b355a",65,2,4,2,"experience",2,"exp3"
"583ec287ad2f4300014b355a",66,2,4,2,"experience",2,"exp3"
"583ec287ad2f4300014b355a",67,2,4,2,"experience",2,"exp3"
"583ec287ad2f4300014b355a",68,20,5.5,20,"experience",20,"exp3"
"583ec287ad2f4300014b355a",69,10,5.9464274989274,10,"experience",10,"exp3"
"583ec287ad2f4300014b355a",70,10,5.9464274989274,10,"experience",10,"exp3"
"583ec287ad2f4300014b355a",71,10,5.9464274989274,10,"experience",10,"exp3"
"583ec287ad2f4300014b355a",72,2,4,2,"experience",2,"exp3"
"583ec287ad2f4300014b355a",73,10,5.9464274989274,10,"experience",10,"exp3"
"583ec287ad2f4300014b355a",74,20,5.5,20,"experience",20,"exp3"
"583ec287ad2f4300014b355a",75,2,4,2,"experience",2,"exp3"
"583ec287ad2f4300014b355a",76,2,4,2,"experience",2,"exp3"
"583ec287ad2f4300014b355a",77,10,5.9464274989274,10,"experience",10,"exp3"
"583ec287ad2f4300014b355a",78,10,5.9464274989274,10,"experience",10,"exp3"
"583ec287ad2f4300014b355a",79,10,5.9464274989274,10,"experience",10,"exp3"
"583ec287ad2f4300014b355a",80,10,5.9464274989274,10,"experience",10,"exp3"
"583ec287ad2f4300014b355a",81,20,5.5,20,"experience",20,"exp3"
"583ec287ad2f4300014b355a",82,20,5.5,20,"experience",20,"exp3"
"583ec287ad2f4300014b355a",83,2,4,2,"experience",2,"exp3"
"583ec287ad2f4300014b355a",84,2,4,2,"experience",2,"exp3"
"583ec287ad2f4300014b355a",85,20,5.5,20,"experience",20,"exp3"
"583ec287ad2f4300014b355a",86,2,4,2,"experience",2,"exp3"
"583ec287ad2f4300014b355a",87,10,5.9464274989274,10,"experience",10,"exp3"
"583ec287ad2f4300014b355a",88,2,4,2,"experience",2,"exp3"
"583ec287ad2f4300014b355a",89,20,5.5,20,"experience",20,"exp3"
"583ec287ad2f4300014b355a",90,2,4,2,"experience",2,"exp3"
"583ec287ad2f4300014b355a",91,2,4,2,"experience",2,"exp3"
"583ec287ad2f4300014b355a",92,10,5.9464274989274,10,"experience",10,"exp3"
"583ec287ad2f4300014b355a",93,2,4,2,"experience",2,"exp3"
"583ec287ad2f4300014b355a",94,20,5.5,20,"experience",20,"exp3"
"583ec287ad2f4300014b355a",95,10,5.9464274989274,10,"experience",10,"exp3"
"583ec287ad2f4300014b355a",96,20,5.5,20,"experience",20,"exp3"
"583ec287ad2f4300014b355a",97,20,5.5,20,"experience",20,"exp3"
"583ec287ad2f4300014b355a",98,10,5.9464274989274,10,"experience",10,"exp3"
"583ec287ad2f4300014b355a",99,20,5.5,20,"experience",20,"exp3"
"583ec287ad2f4300014b355a",100,20,5.5,20,"experience",20,"exp3"
"583ec287ad2f4300014b355a",101,20,5.5,20,"experience",20,"exp3"
"583ec287ad2f4300014b355a",102,20,5.5,20,"experience",20,"exp3"
"583ec287ad2f4300014b355a",103,10,5.9464274989274,10,"experience",10,"exp3"
"583ec287ad2f4300014b355a",104,20,5.5,20,"experience",20,"exp3"
"583ec287ad2f4300014b355a",105,10,5.9464274989274,10,"experience",10,"exp3"
"583ec287ad2f4300014b355a",106,20,5.5,20,"experience",20,"exp3"
"583ec287ad2f4300014b355a",107,2,4,2,"experience",2,"exp3"
"583ec287ad2f4300014b355a",108,20,5.5,20,"experience",20,"exp3"
"6643b0fe98e091c70e7988e4",12,10,5.94053869611166,10,"experience",10,"exp3"
"6643b0fe98e091c70e7988e4",13,10,5.9464274989274,10,"experience",10,"exp3"
"6643b0fe98e091c70e7988e4",14,10,5.9464274989274,10,"experience",10,"exp3"
"6643b0fe98e091c70e7988e4",15,20,5.5,20,"experience",20,"exp3"
"6643b0fe98e091c70e7988e4",16,20,5.5,20,"experience",20,"exp3"
"6643b0fe98e091c70e7988e4",17,10,5.9464274989274,10,"experience",10,"exp3"
"6643b0fe98e091c70e7988e4",18,10,5.9464274989274,10,"experience",10,"exp3"
"6643b0fe98e091c70e7988e4",19,2,4,2,"experience",2,"exp3"
"6643b0fe98e091c70e7988e4",20,2,4,2,"experience",2,"exp3"
"6643b0fe98e091c70e7988e4",21,2,4,2,"experience",2,"exp3"
"6643b0fe98e091c70e7988e4",22,10,5.9464274989274,10,"experience",10,"exp3"
"6643b0fe98e091c70e7988e4",23,10,5.9464274989274,10,"experience",10,"exp3"
"6643b0fe98e091c70e7988e4",24,20,5.5,20,"experience",20,"exp3"
"6643b0fe98e091c70e7988e4",25,20,5.5,20,"experience",20,"exp3"
"6643b0fe98e091c70e7988e4",26,20,5.5,20,"experience",20,"exp3"
"6643b0fe98e091c70e7988e4",27,2,4,2,"experience",2,"exp3"
"6643b0fe98e091c70e7988e4",28,2,4,2,"experience",2,"exp3"
"6643b0fe98e091c70e7988e4",29,20,5.5,20,"experience",20,"exp3"
"6643b0fe98e091c70e7988e4",30,10,5.9464274989274,10,"experience",10,"exp3"
"6643b0fe98e091c70e7988e4",31,2,4,2,"experience",2,"exp3"
"6643b0fe98e091c70e7988e4",32,20,5.5,20,"experience",20,"exp3"
"6643b0fe98e091c70e7988e4",33,2,4,2,"experience",2,"exp3"
"6643b0fe98e091c70e7988e4",34,20,5.5,20,"experience",20,"exp3"
"6643b0fe98e091c70e7988e4",35,20,5.5,20,"experience",20,"exp3"
"6643b0fe98e091c70e7988e4",36,20,5.5,20,"experience",20,"exp3"
"6643b0fe98e091c70e7988e4",37,2,4,2,"experience",2,"exp3"
"6643b0fe98e091c70e7988e4",38,2,4,2,"experience",2,"exp3"
"6643b0fe98e091c70e7988e4",39,20,5.5,20,"experience",20,"exp3"
"6643b0fe98e091c70e7988e4",40,2,4,2,"experience",2,"exp3"
"6643b0fe98e091c70e7988e4",41,10,5.9464274989274,10,"experience",10,"exp3"
"6643b0fe98e091c70e7988e4",42,20,5.5,20,"experience",20,"exp3"
"6643b0fe98e091c70e7988e4",43,10,5.9464274989274,10,"experience",10,"exp3"
"6643b0fe98e091c70e7988e4",44,20,5.5,20,"experience",20,"exp3"
"6643b0fe98e091c70e7988e4",45,2,4,2,"experience",2,"exp3"
"6643b0fe98e091c70e7988e4",46,2,4,2,"experience",2,"exp3"
"6643b0fe98e091c70e7988e4",47,10,5.9464274989274,10,"experience",10,"exp3"
"6643b0fe98e091c70e7988e4",48,10,5.9464274989274,10,"experience",10,"exp3"
"6643b0fe98e091c70e7988e4",49,2,4,2,"experience",2,"exp3"
"6643b0fe98e091c70e7988e4",50,10,5.9464274989274,10,"experience",10,"exp3"
"6643b0fe98e091c70e7988e4",51,2,4,2,"experience",2,"exp3"
"6643b0fe98e091c70e7988e4",52,2,4,2,"experience",2,"exp3"
"6643b0fe98e091c70e7988e4",53,20,5.5,20,"experience",20,"exp3"
"6643b0fe98e091c70e7988e4",54,20,5.5,20,"experience",20,"exp3"
"6643b0fe98e091c70e7988e4",55,10,5.9464274989274,10,"experience",10,"exp3"
"6643b0fe98e091c70e7988e4",56,2,4,2,"experience",2,"exp3"
"6643b0fe98e091c70e7988e4",57,10,5.9464274989274,10,"experience",10,"exp3"
"6643b0fe98e091c70e7988e4",58,10,5.9464274989274,10,"experience",10,"exp3"
"6643b0fe98e091c70e7988e4",59,10,5.9464274989274,10,"experience",10,"exp3"
"6643b0fe98e091c70e7988e4",60,20,5.5,20,"experience",20,"exp3"
"6643b0fe98e091c70e7988e4",61,10,5.9464274989274,10,"experience",10,"exp3"
"6643b0fe98e091c70e7988e4",62,20,5.5,20,"experience",20,"exp3"
"6643b0fe98e091c70e7988e4",63,2,4,2,"experience",2,"exp3"
"6643b0fe98e091c70e7988e4",64,2,4,2,"experience",2,"exp3"
"6643b0fe98e091c70e7988e4",65,2,4,2,"experience",2,"exp3"
"6643b0fe98e091c70e7988e4",66,2,4,2,"experience",2,"exp3"
"6643b0fe98e091c70e7988e4",67,20,5.5,20,"experience",20,"exp3"
"6643b0fe98e091c70e7988e4",68,2,4,2,"experience",2,"exp3"
"6643b0fe98e091c70e7988e4",69,10,5.9464274989274,10,"experience",10,"exp3"
"6643b0fe98e091c70e7988e4",70,20,5.5,20,"experience",20,"exp3"
"6643b0fe98e091c70e7988e4",71,20,5.5,20,"experience",20,"exp3"
"6643b0fe98e091c70e7988e4",72,20,5.5,20,"experience",20,"exp3"
"6643b0fe98e091c70e7988e4",73,20,5.5,20,"experience",20,"exp3"
"6643b0fe98e091c70e7988e4",74,10,5.9464274989274,10,"experience",10,"exp3"
"6643b0fe98e091c70e7988e4",75,20,5.5,20,"experience",20,"exp3"
"6643b0fe98e091c70e7988e4",76,20,5.5,20,"experience",20,"exp3"
"6643b0fe98e091c70e7988e4",77,2,4,2,"experience",2,"exp3"
"6643b0fe98e091c70e7988e4",78,10,5.9464274989274,10,"experience",10,"exp3"
"6643b0fe98e091c70e7988e4",79,2,4,2,"experience",2,"exp3"
"6643b0fe98e091c70e7988e4",80,20,5.5,20,"experience",20,"exp3"
"6643b0fe98e091c70e7988e4",81,2,4,2,"experience",2,"exp3"
"6643b0fe98e091c70e7988e4",82,2,4,2,"experience",2,"exp3"
"6643b0fe98e091c70e7988e4",83,10,5.9464274989274,10,"experience",10,"exp3"
"6643b0fe98e091c70e7988e4",84,20,5.5,20,"experience",20,"exp3"
"6643b0fe98e091c70e7988e4",85,10,5.9464274989274,10,"experience",10,"exp3"
"6643b0fe98e091c70e7988e4",86,10,5.9464274989274,10,"experience",10,"exp3"
"6643b0fe98e091c70e7988e4",87,10,5.9464274989274,10,"experience",10,"exp3"
"6643b0fe98e091c70e7988e4",88,10,5.9464274989274,10,"experience",10,"exp3"
"6643b0fe98e091c70e7988e4",89,20,5.5,20,"experience",20,"exp3"
"6643b0fe98e091c70e7988e4",90,2,4,2,"experience",2,"exp3"
"6643b0fe98e091c70e7988e4",91,10,5.9464274989274,10,"experience",10,"exp3"
"6643b0fe98e091c70e7988e4",92,10,5.9464274989274,10,"experience",10,"exp3"
"6643b0fe98e091c70e7988e4",93,20,5.5,20,"experience",20,"exp3"
"6643b0fe98e091c70e7988e4",94,10,5.9464274989274,10,"experience",10,"exp3"
"6643b0fe98e091c70e7988e4",95,2,4,2,"experience",2,"exp3"
"6643b0fe98e091c70e7988e4",96,10,5.9464274989274,10,"experience",10,"exp3"
"6643b0fe98e091c70e7988e4",97,20,5.5,20,"experience",20,"exp3"
"6643b0fe98e091c70e7988e4",98,2,4,2,"experience",2,"exp3"
"6643b0fe98e091c70e7988e4",99,10,5.9464274989274,10,"experience",10,"exp3"
"6643b0fe98e091c70e7988e4",100,10,5.9464274989274,10,"experience",10,"exp3"
"6643b0fe98e091c70e7988e4",101,2,4,2,"experience",2,"exp3"
"6643b0fe98e091c70e7988e4",102,2,4,2,"experience",2,"exp3"
"6643b0fe98e091c70e7988e4",103,2,4,2,"experience",2,"exp3"
"6643b0fe98e091c70e7988e4",104,20,5.5,20,"experience",20,"exp3"
"6643b0fe98e091c70e7988e4",105,20,5.5,20,"experience",20,"exp3"
"6643b0fe98e091c70e7988e4",106,10,5.9464274989274,10,"experience",10,"exp3"
"6643b0fe98e091c70e7988e4",107,2,4,2,"experience",2,"exp3"
"6643b0fe98e091c70e7988e4",108,20,5.5,20,"experience",20,"exp3"
"5ee92b925f0f482bb1e73668",8,2,9,2,"experience",2,"exp3"
"5ee92b925f0f482bb1e73668",12,10,4.06078810084939,10,"experience",10,"exp3"
"5ee92b925f0f482bb1e73668",13,10,5.9464274989274,10,"experience",10,"exp3"
"5ee92b925f0f482bb1e73668",14,10,5.9464274989274,10,"experience",10,"exp3"
"5ee92b925f0f482bb1e73668",15,2,4,2,"experience",2,"exp3"
"5ee92b925f0f482bb1e73668",16,10,5.9464274989274,10,"experience",10,"exp3"
"5ee92b925f0f482bb1e73668",17,10,5.9464274989274,10,"experience",10,"exp3"
"5ee92b925f0f482bb1e73668",18,10,5.9464274989274,10,"experience",10,"exp3"
"5ee92b925f0f482bb1e73668",19,10,5.9464274989274,10,"experience",10,"exp3"
"5ee92b925f0f482bb1e73668",20,2,4,2,"experience",2,"exp3"
"5ee92b925f0f482bb1e73668",21,10,5.9464274989274,10,"experience",10,"exp3"
"5ee92b925f0f482bb1e73668",22,10,5.9464274989274,10,"experience",10,"exp3"
"5ee92b925f0f482bb1e73668",23,2,4,2,"experience",2,"exp3"
"5ee92b925f0f482bb1e73668",24,10,5.9464274989274,10,"experience",10,"exp3"
"5ee92b925f0f482bb1e73668",25,2,4,2,"experience",2,"exp3"
"5ee92b925f0f482bb1e73668",26,10,5.9464274989274,10,"experience",10,"exp3"
"5ee92b925f0f482bb1e73668",27,2,4,2,"experience",2,"exp3"
"5ee92b925f0f482bb1e73668",28,10,5.9464274989274,10,"experience",10,"exp3"
"5ee92b925f0f482bb1e73668",29,2,4,2,"experience",2,"exp3"
"5ee92b925f0f482bb1e73668",30,10,5.9464274989274,10,"experience",10,"exp3"
"5ee92b925f0f482bb1e73668",31,10,5.9464274989274,10,"experience",10,"exp3"
"5ee92b925f0f482bb1e73668",32,2,4,2,"experience",2,"exp3"
"5ee92b925f0f482bb1e73668",33,2,4,2,"experience",2,"exp3"
"5ee92b925f0f482bb1e73668",34,10,5.9464274989274,10,"experience",10,"exp3"
"5ee92b925f0f482bb1e73668",35,2,4,2,"experience",2,"exp3"
"5ee92b925f0f482bb1e73668",36,2,4,2,"experience",2,"exp3"
"5ee92b925f0f482bb1e73668",37,2,4,2,"experience",2,"exp3"
"5ee92b925f0f482bb1e73668",38,2,4,2,"experience",2,"exp3"
"5ee92b925f0f482bb1e73668",39,10,5.9464274989274,10,"experience",10,"exp3"
"5ee92b925f0f482bb1e73668",40,10,5.9464274989274,10,"experience",10,"exp3"
"5ee92b925f0f482bb1e73668",41,2,4,2,"experience",2,"exp3"
"5ee92b925f0f482bb1e73668",42,2,4,2,"experience",2,"exp3"
"5ee92b925f0f482bb1e73668",43,2,4,2,"experience",2,"exp3"
"5ee92b925f0f482bb1e73668",44,2,4,2,"experience",2,"exp3"
"5ee92b925f0f482bb1e73668",45,20,5.5,20,"experience",20,"exp3"
"5ee92b925f0f482bb1e73668",46,20,5.5,20,"experience",20,"exp3"
"5ee92b925f0f482bb1e73668",47,20,5.5,20,"experience",20,"exp3"
"5ee92b925f0f482bb1e73668",48,20,5.5,20,"experience",20,"exp3"
"5ee92b925f0f482bb1e73668",49,20,5.5,20,"experience",20,"exp3"
"5ee92b925f0f482bb1e73668",50,20,5.5,20,"experience",20,"exp3"
"5ee92b925f0f482bb1e73668",51,20,5.5,20,"experience",20,"exp3"
"5ee92b925f0f482bb1e73668",52,20,5.5,20,"experience",20,"exp3"
"5ee92b925f0f482bb1e73668",53,20,5.5,20,"experience",20,"exp3"
"5ee92b925f0f482bb1e73668",54,20,5.5,20,"experience",20,"exp3"
"5ee92b925f0f482bb1e73668",55,20,5.5,20,"experience",20,"exp3"
"5ee92b925f0f482bb1e73668",56,20,5.5,20,"experience",20,"exp3"
"5ee92b925f0f482bb1e73668",57,20,5.5,20,"experience",20,"exp3"
"5ee92b925f0f482bb1e73668",58,20,5.5,20,"experience",20,"exp3"
"5ee92b925f0f482bb1e73668",59,20,5.5,20,"experience",20,"exp3"
"5ee92b925f0f482bb1e73668",60,20,5.5,20,"experience",20,"exp3"
"5ee92b925f0f482bb1e73668",61,2,4,2,"experience",2,"exp3"
"5ee92b925f0f482bb1e73668",62,2,4,2,"experience",2,"exp3"
"5ee92b925f0f482bb1e73668",63,2,4,2,"experience",2,"exp3"
"5ee92b925f0f482bb1e73668",64,2,4,2,"experience",2,"exp3"
"5ee92b925f0f482bb1e73668",65,2,4,2,"experience",2,"exp3"
"5ee92b925f0f482bb1e73668",66,2,4,2,"experience",2,"exp3"
"5ee92b925f0f482bb1e73668",67,2,4,2,"experience",2,"exp3"
"5ee92b925f0f482bb1e73668",68,2,4,2,"experience",2,"exp3"
"5ee92b925f0f482bb1e73668",69,2,4,2,"experience",2,"exp3"
"5ee92b925f0f482bb1e73668",70,2,4,2,"experience",2,"exp3"
"5ee92b925f0f482bb1e73668",71,2,4,2,"experience",2,"exp3"
"5ee92b925f0f482bb1e73668",72,2,4,2,"experience",2,"exp3"
"5ee92b925f0f482bb1e73668",73,2,4,2,"experience",2,"exp3"
"5ee92b925f0f482bb1e73668",74,2,4,2,"experience",2,"exp3"
"5ee92b925f0f482bb1e73668",75,2,4,2,"experience",2,"exp3"
"5ee92b925f0f482bb1e73668",76,2,4,2,"experience",2,"exp3"
"5ee92b925f0f482bb1e73668",77,10,5.9464274989274,10,"experience",10,"exp3"
"5ee92b925f0f482bb1e73668",78,10,5.9464274989274,10,"experience",10,"exp3"
"5ee92b925f0f482bb1e73668",79,10,5.9464274989274,10,"experience",10,"exp3"
"5ee92b925f0f482bb1e73668",80,10,5.9464274989274,10,"experience",10,"exp3"
"5ee92b925f0f482bb1e73668",81,10,5.9464274989274,10,"experience",10,"exp3"
"5ee92b925f0f482bb1e73668",82,10,5.9464274989274,10,"experience",10,"exp3"
"5ee92b925f0f482bb1e73668",83,10,5.9464274989274,10,"experience",10,"exp3"
"5ee92b925f0f482bb1e73668",84,10,5.9464274989274,10,"experience",10,"exp3"
"5ee92b925f0f482bb1e73668",85,10,5.9464274989274,10,"experience",10,"exp3"
"5ee92b925f0f482bb1e73668",86,10,5.9464274989274,10,"experience",10,"exp3"
"5ee92b925f0f482bb1e73668",87,10,5.9464274989274,10,"experience",10,"exp3"
"5ee92b925f0f482bb1e73668",88,10,5.9464274989274,10,"experience",10,"exp3"
"5ee92b925f0f482bb1e73668",89,10,5.9464274989274,10,"experience",10,"exp3"
"5ee92b925f0f482bb1e73668",90,10,5.9464274989274,10,"experience",10,"exp3"
"5ee92b925f0f482bb1e73668",91,10,5.9464274989274,10,"experience",10,"exp3"
"5ee92b925f0f482bb1e73668",92,10,5.9464274989274,10,"experience",10,"exp3"
"5ee92b925f0f482bb1e73668",93,20,5.5,20,"experience",20,"exp3"
"5ee92b925f0f482bb1e73668",94,20,5.5,20,"experience",20,"exp3"
"5ee92b925f0f482bb1e73668",95,20,5.5,20,"experience",20,"exp3"
"5ee92b925f0f482bb1e73668",96,20,5.5,20,"experience",20,"exp3"
"5ee92b925f0f482bb1e73668",97,20,5.5,20,"experience",20,"exp3"
"5ee92b925f0f482bb1e73668",98,20,5.5,20,"experience",20,"exp3"
"5ee92b925f0f482bb1e73668",99,20,5.5,20,"experience",20,"exp3"
"5ee92b925f0f482bb1e73668",100,20,5.5,20,"experience",20,"exp3"
"5ee92b925f0f482bb1e73668",101,20,5.5,20,"experience",20,"exp3"
"5ee92b925f0f482bb1e73668",102,20,5.5,20,"experience",20,"exp3"
"5ee92b925f0f482bb1e73668",103,20,5.5,20,"experience",20,"exp3"
"5ee92b925f0f482bb1e73668",104,20,5.5,20,"experience",20,"exp3"
"5ee92b925f0f482bb1e73668",105,20,5.5,20,"experience",20,"exp3"
"5ee92b925f0f482bb1e73668",106,20,5.5,20,"experience",20,"exp3"
"5ee92b925f0f482bb1e73668",107,20,5.5,20,"experience",20,"exp3"
"5ee92b925f0f482bb1e73668",108,20,5.5,20,"experience",20,"exp3"
"5ee92b925f0f482bb1e73668",8,2,9,2,"experience",2,"exp3"
"5ee92b925f0f482bb1e73668",12,10,4.06078810084939,10,"experience",10,"exp3"
"5ee92b925f0f482bb1e73668",13,10,5.9464274989274,10,"experience",10,"exp3"
"5ee92b925f0f482bb1e73668",14,10,5.9464274989274,10,"experience",10,"exp3"
"5ee92b925f0f482bb1e73668",15,2,4,2,"experience",2,"exp3"
"5ee92b925f0f482bb1e73668",16,10,5.9464274989274,10,"experience",10,"exp3"
"5ee92b925f0f482bb1e73668",17,10,5.9464274989274,10,"experience",10,"exp3"
"5ee92b925f0f482bb1e73668",18,10,5.9464274989274,10,"experience",10,"exp3"
"5ee92b925f0f482bb1e73668",19,10,5.9464274989274,10,"experience",10,"exp3"
"5ee92b925f0f482bb1e73668",20,2,4,2,"experience",2,"exp3"
"5ee92b925f0f482bb1e73668",21,10,5.9464274989274,10,"experience",10,"exp3"
"5ee92b925f0f482bb1e73668",22,10,5.9464274989274,10,"experience",10,"exp3"
"5ee92b925f0f482bb1e73668",23,2,4,2,"experience",2,"exp3"
"5ee92b925f0f482bb1e73668",24,10,5.9464274989274,10,"experience",10,"exp3"
"5ee92b925f0f482bb1e73668",25,2,4,2,"experience",2,"exp3"
"5ee92b925f0f482bb1e73668",26,10,5.9464274989274,10,"experience",10,"exp3"
"5ee92b925f0f482bb1e73668",27,2,4,2,"experience",2,"exp3"
"5ee92b925f0f482bb1e73668",28,10,5.9464274989274,10,"experience",10,"exp3"
"5ee92b925f0f482bb1e73668",29,2,4,2,"experience",2,"exp3"
"5ee92b925f0f482bb1e73668",30,10,5.9464274989274,10,"experience",10,"exp3"
"5ee92b925f0f482bb1e73668",31,10,5.9464274989274,10,"experience",10,"exp3"
"5ee92b925f0f482bb1e73668",32,2,4,2,"experience",2,"exp3"
"5ee92b925f0f482bb1e73668",33,2,4,2,"experience",2,"exp3"
"5ee92b925f0f482bb1e73668",34,10,5.9464274989274,10,"experience",10,"exp3"
"5ee92b925f0f482bb1e73668",35,2,4,2,"experience",2,"exp3"
"5ee92b925f0f482bb1e73668",36,2,4,2,"experience",2,"exp3"
"5ee92b925f0f482bb1e73668",37,2,4,2,"experience",2,"exp3"
"5ee92b925f0f482bb1e73668",38,2,4,2,"experience",2,"exp3"
"5ee92b925f0f482bb1e73668",39,10,5.9464274989274,10,"experience",10,"exp3"
"5ee92b925f0f482bb1e73668",40,10,5.9464274989274,10,"experience",10,"exp3"
"5ee92b925f0f482bb1e73668",41,2,4,2,"experience",2,"exp3"
"5ee92b925f0f482bb1e73668",42,2,4,2,"experience",2,"exp3"
"5ee92b925f0f482bb1e73668",43,2,4,2,"experience",2,"exp3"
"5ee92b925f0f482bb1e73668",44,2,4,2,"experience",2,"exp3"
"5ee92b925f0f482bb1e73668",45,20,5.5,20,"experience",20,"exp3"
"5ee92b925f0f482bb1e73668",46,20,5.5,20,"experience",20,"exp3"
"5ee92b925f0f482bb1e73668",47,20,5.5,20,"experience",20,"exp3"
"5ee92b925f0f482bb1e73668",48,20,5.5,20,"experience",20,"exp3"
"5ee92b925f0f482bb1e73668",49,20,5.5,20,"experience",20,"exp3"
"5ee92b925f0f482bb1e73668",50,20,5.5,20,"experience",20,"exp3"
"5ee92b925f0f482bb1e73668",51,20,5.5,20,"experience",20,"exp3"
"5ee92b925f0f482bb1e73668",52,20,5.5,20,"experience",20,"exp3"
"5ee92b925f0f482bb1e73668",53,20,5.5,20,"experience",20,"exp3"
"5ee92b925f0f482bb1e73668",54,20,5.5,20,"experience",20,"exp3"
"5ee92b925f0f482bb1e73668",55,20,5.5,20,"experience",20,"exp3"
"5ee92b925f0f482bb1e73668",56,20,5.5,20,"experience",20,"exp3"
"5ee92b925f0f482bb1e73668",57,20,5.5,20,"experience",20,"exp3"
"5ee92b925f0f482bb1e73668",58,20,5.5,20,"experience",20,"exp3"
"5ee92b925f0f482bb1e73668",59,20,5.5,20,"experience",20,"exp3"
"5ee92b925f0f482bb1e73668",60,20,5.5,20,"experience",20,"exp3"
"5ee92b925f0f482bb1e73668",61,2,4,2,"experience",2,"exp3"
"5ee92b925f0f482bb1e73668",62,2,4,2,"experience",2,"exp3"
"5ee92b925f0f482bb1e73668",63,2,4,2,"experience",2,"exp3"
"5ee92b925f0f482bb1e73668",64,2,4,2,"experience",2,"exp3"
"5ee92b925f0f482bb1e73668",65,2,4,2,"experience",2,"exp3"
"5ee92b925f0f482bb1e73668",66,2,4,2,"experience",2,"exp3"
"5ee92b925f0f482bb1e73668",67,2,4,2,"experience",2,"exp3"
"5ee92b925f0f482bb1e73668",68,2,4,2,"experience",2,"exp3"
"5ee92b925f0f482bb1e73668",69,2,4,2,"experience",2,"exp3"
"5ee92b925f0f482bb1e73668",70,2,4,2,"experience",2,"exp3"
"5ee92b925f0f482bb1e73668",71,2,4,2,"experience",2,"exp3"
"5ee92b925f0f482bb1e73668",72,2,4,2,"experience",2,"exp3"
"5ee92b925f0f482bb1e73668",73,2,4,2,"experience",2,"exp3"
"5ee92b925f0f482bb1e73668",74,2,4,2,"experience",2,"exp3"
"5ee92b925f0f482bb1e73668",75,2,4,2,"experience",2,"exp3"
"5ee92b925f0f482bb1e73668",76,2,4,2,"experience",2,"exp3"
"5ee92b925f0f482bb1e73668",77,10,5.9464274989274,10,"experience",10,"exp3"
"5ee92b925f0f482bb1e73668",78,10,5.9464274989274,10,"experience",10,"exp3"
"5ee92b925f0f482bb1e73668",79,10,5.9464274989274,10,"experience",10,"exp3"
"5ee92b925f0f482bb1e73668",80,10,5.9464274989274,10,"experience",10,"exp3"
"5ee92b925f0f482bb1e73668",81,10,5.9464274989274,10,"experience",10,"exp3"
"5ee92b925f0f482bb1e73668",82,10,5.9464274989274,10,"experience",10,"exp3"
"5ee92b925f0f482bb1e73668",83,10,5.9464274989274,10,"experience",10,"exp3"
"5ee92b925f0f482bb1e73668",84,10,5.9464274989274,10,"experience",10,"exp3"
"5ee92b925f0f482bb1e73668",85,10,5.9464274989274,10,"experience",10,"exp3"
"5ee92b925f0f482bb1e73668",86,10,5.9464274989274,10,"experience",10,"exp3"
"5ee92b925f0f482bb1e73668",87,10,5.9464274989274,10,"experience",10,"exp3"
"5ee92b925f0f482bb1e73668",88,10,5.9464274989274,10,"experience",10,"exp3"
"5ee92b925f0f482bb1e73668",89,10,5.9464274989274,10,"experience",10,"exp3"
"5ee92b925f0f482bb1e73668",90,10,5.9464274989274,10,"experience",10,"exp3"
"5ee92b925f0f482bb1e73668",91,10,5.9464274989274,10,"experience",10,"exp3"
"5ee92b925f0f482bb1e73668",92,10,5.9464274989274,10,"experience",10,"exp3"
"5ee92b925f0f482bb1e73668",93,20,5.5,20,"experience",20,"exp3"
"5ee92b925f0f482bb1e73668",94,20,5.5,20,"experience",20,"exp3"
"5ee92b925f0f482bb1e73668",95,20,5.5,20,"experience",20,"exp3"
"5ee92b925f0f482bb1e73668",96,20,5.5,20,"experience",20,"exp3"
"5ee92b925f0f482bb1e73668",97,20,5.5,20,"experience",20,"exp3"
"5ee92b925f0f482bb1e73668",98,20,5.5,20,"experience",20,"exp3"
"5ee92b925f0f482bb1e73668",99,20,5.5,20,"experience",20,"exp3"
"5ee92b925f0f482bb1e73668",100,20,5.5,20,"experience",20,"exp3"
"5ee92b925f0f482bb1e73668",101,20,5.5,20,"experience",20,"exp3"
"5ee92b925f0f482bb1e73668",102,20,5.5,20,"experience",20,"exp3"
"5ee92b925f0f482bb1e73668",103,20,5.5,20,"experience",20,"exp3"
"5ee92b925f0f482bb1e73668",104,20,5.5,20,"experience",20,"exp3"
"5ee92b925f0f482bb1e73668",105,20,5.5,20,"experience",20,"exp3"
"5ee92b925f0f482bb1e73668",106,20,5.5,20,"experience",20,"exp3"
"5ee92b925f0f482bb1e73668",107,20,5.5,20,"experience",20,"exp3"
"5ee92b925f0f482bb1e73668",108,20,5.5,20,"experience",20,"exp3"
"66a6bbb40b48d0e4f326767e",6,2,7.5,2,"experience",2,"exp3"
"66a6bbb40b48d0e4f326767e",13,10,5.9464274989274,10,"experience",10,"exp3"
"66a6bbb40b48d0e4f326767e",14,20,5.5,20,"experience",20,"exp3"
"66a6bbb40b48d0e4f326767e",15,2,4,2,"experience",2,"exp3"
"66a6bbb40b48d0e4f326767e",16,10,5.9464274989274,10,"experience",10,"exp3"
"66a6bbb40b48d0e4f326767e",17,2,4,2,"experience",2,"exp3"
"66a6bbb40b48d0e4f326767e",18,2,4,2,"experience",2,"exp3"
"66a6bbb40b48d0e4f326767e",19,20,5.5,20,"experience",20,"exp3"
"66a6bbb40b48d0e4f326767e",20,2,4,2,"experience",2,"exp3"
"66a6bbb40b48d0e4f326767e",21,10,5.9464274989274,10,"experience",10,"exp3"
"66a6bbb40b48d0e4f326767e",22,10,5.9464274989274,10,"experience",10,"exp3"
"66a6bbb40b48d0e4f326767e",23,10,5.9464274989274,10,"experience",10,"exp3"
"66a6bbb40b48d0e4f326767e",24,10,5.9464274989274,10,"experience",10,"exp3"
"66a6bbb40b48d0e4f326767e",25,2,4,2,"experience",2,"exp3"
"66a6bbb40b48d0e4f326767e",26,2,4,2,"experience",2,"exp3"
"66a6bbb40b48d0e4f326767e",27,2,4,2,"experience",2,"exp3"
"66a6bbb40b48d0e4f326767e",28,10,5.9464274989274,10,"experience",10,"exp3"
"66a6bbb40b48d0e4f326767e",29,2,4,2,"experience",2,"exp3"
"66a6bbb40b48d0e4f326767e",30,2,4,2,"experience",2,"exp3"
"66a6bbb40b48d0e4f326767e",31,10,5.9464274989274,10,"experience",10,"exp3"
"66a6bbb40b48d0e4f326767e",32,2,4,2,"experience",2,"exp3"
"66a6bbb40b48d0e4f326767e",33,10,5.9464274989274,10,"experience",10,"exp3"
"66a6bbb40b48d0e4f326767e",34,20,5.5,20,"experience",20,"exp3"
"66a6bbb40b48d0e4f326767e",35,10,5.9464274989274,10,"experience",10,"exp3"
"66a6bbb40b48d0e4f326767e",36,20,5.5,20,"experience",20,"exp3"
"66a6bbb40b48d0e4f326767e",37,10,5.9464274989274,10,"experience",10,"exp3"
"66a6bbb40b48d0e4f326767e",38,20,5.5,20,"experience",20,"exp3"
"66a6bbb40b48d0e4f326767e",39,2,4,2,"experience",2,"exp3"
"66a6bbb40b48d0e4f326767e",40,20,5.5,20,"experience",20,"exp3"
"66a6bbb40b48d0e4f326767e",41,2,4,2,"experience",2,"exp3"
"66a6bbb40b48d0e4f326767e",42,2,4,2,"experience",2,"exp3"
"66a6bbb40b48d0e4f326767e",43,10,5.9464274989274,10,"experience",10,"exp3"
"66a6bbb40b48d0e4f326767e",44,10,5.9464274989274,10,"experience",10,"exp3"
"66a6bbb40b48d0e4f326767e",45,20,5.5,20,"experience",20,"exp3"
"66a6bbb40b48d0e4f326767e",46,20,5.5,20,"experience",20,"exp3"
"66a6bbb40b48d0e4f326767e",47,2,4,2,"experience",2,"exp3"
"66a6bbb40b48d0e4f326767e",48,20,5.5,20,"experience",20,"exp3"
"66a6bbb40b48d0e4f326767e",49,20,5.5,20,"experience",20,"exp3"
"66a6bbb40b48d0e4f326767e",50,10,5.9464274989274,10,"experience",10,"exp3"
"66a6bbb40b48d0e4f326767e",51,2,4,2,"experience",2,"exp3"
"66a6bbb40b48d0e4f326767e",52,10,5.9464274989274,10,"experience",10,"exp3"
"66a6bbb40b48d0e4f326767e",53,10,5.9464274989274,10,"experience",10,"exp3"
"66a6bbb40b48d0e4f326767e",54,20,5.5,20,"experience",20,"exp3"
"66a6bbb40b48d0e4f326767e",55,20,5.5,20,"experience",20,"exp3"
"66a6bbb40b48d0e4f326767e",56,20,5.5,20,"experience",20,"exp3"
"66a6bbb40b48d0e4f326767e",57,20,5.5,20,"experience",20,"exp3"
"66a6bbb40b48d0e4f326767e",58,20,5.5,20,"experience",20,"exp3"
"66a6bbb40b48d0e4f326767e",59,2,4,2,"experience",2,"exp3"
"66a6bbb40b48d0e4f326767e",60,20,5.5,20,"experience",20,"exp3"
"66a6bbb40b48d0e4f326767e",61,20,5.5,20,"experience",20,"exp3"
"66a6bbb40b48d0e4f326767e",62,10,5.9464274989274,10,"experience",10,"exp3"
"66a6bbb40b48d0e4f326767e",63,20,5.5,20,"experience",20,"exp3"
"66a6bbb40b48d0e4f326767e",64,2,4,2,"experience",2,"exp3"
"66a6bbb40b48d0e4f326767e",65,10,5.9464274989274,10,"experience",10,"exp3"
"66a6bbb40b48d0e4f326767e",66,20,5.5,20,"experience",20,"exp3"
"66a6bbb40b48d0e4f326767e",67,10,5.9464274989274,10,"experience",10,"exp3"
"66a6bbb40b48d0e4f326767e",68,10,5.9464274989274,10,"experience",10,"exp3"
"66a6bbb40b48d0e4f326767e",69,20,5.5,20,"experience",20,"exp3"
"66a6bbb40b48d0e4f326767e",70,2,4,2,"experience",2,"exp3"
"66a6bbb40b48d0e4f326767e",71,20,5.5,20,"experience",20,"exp3"
"66a6bbb40b48d0e4f326767e",72,2,4,2,"experience",2,"exp3"
"66a6bbb40b48d0e4f326767e",73,2,4,2,"experience",2,"exp3"
"66a6bbb40b48d0e4f326767e",74,2,4,2,"experience",2,"exp3"
"66a6bbb40b48d0e4f326767e",75,10,5.9464274989274,10,"experience",10,"exp3"
"66a6bbb40b48d0e4f326767e",76,20,5.5,20,"experience",20,"exp3"
"66a6bbb40b48d0e4f326767e",77,10,5.9464274989274,10,"experience",10,"exp3"
"66a6bbb40b48d0e4f326767e",78,2,4,2,"experience",2,"exp3"
"66a6bbb40b48d0e4f326767e",79,20,5.5,20,"experience",20,"exp3"
"66a6bbb40b48d0e4f326767e",80,2,4,2,"experience",2,"exp3"
"66a6bbb40b48d0e4f326767e",81,2,4,2,"experience",2,"exp3"
"66a6bbb40b48d0e4f326767e",82,20,5.5,20,"experience",20,"exp3"
"66a6bbb40b48d0e4f326767e",83,20,5.5,20,"experience",20,"exp3"
"66a6bbb40b48d0e4f326767e",84,2,4,2,"experience",2,"exp3"
"66a6bbb40b48d0e4f326767e",85,10,5.9464274989274,10,"experience",10,"exp3"
"66a6bbb40b48d0e4f326767e",86,2,4,2,"experience",2,"exp3"
"66a6bbb40b48d0e4f326767e",87,20,5.5,20,"experience",20,"exp3"
"66a6bbb40b48d0e4f326767e",88,10,5.9464274989274,10,"experience",10,"exp3"
"66a6bbb40b48d0e4f326767e",89,2,4,2,"experience",2,"exp3"
"66a6bbb40b48d0e4f326767e",90,10,5.9464274989274,10,"experience",10,"exp3"
"66a6bbb40b48d0e4f326767e",91,2,4,2,"experience",2,"exp3"
"66a6bbb40b48d0e4f326767e",92,10,5.9464274989274,10,"experience",10,"exp3"
"66a6bbb40b48d0e4f326767e",93,20,5.5,20,"experience",20,"exp3"
"66a6bbb40b48d0e4f326767e",94,2,4,2,"experience",2,"exp3"
"66a6bbb40b48d0e4f326767e",95,2,4,2,"experience",2,"exp3"
"66a6bbb40b48d0e4f326767e",96,20,5.5,20,"experience",20,"exp3"
"66a6bbb40b48d0e4f326767e",97,10,5.9464274989274,10,"experience",10,"exp3"
"66a6bbb40b48d0e4f326767e",98,2,4,2,"experience",2,"exp3"
"66a6bbb40b48d0e4f326767e",99,2,4,2,"experience",2,"exp3"
"66a6bbb40b48d0e4f326767e",100,10,5.9464274989274,10,"experience",10,"exp3"
"66a6bbb40b48d0e4f326767e",101,10,5.9464274989274,10,"experience",10,"exp3"
"66a6bbb40b48d0e4f326767e",102,20,5.5,20,"experience",20,"exp3"
"66a6bbb40b48d0e4f326767e",103,20,5.5,20,"experience",20,"exp3"
"66a6bbb40b48d0e4f326767e",104,20,5.5,20,"experience",20,"exp3"
"66a6bbb40b48d0e4f326767e",105,10,5.9464274989274,10,"experience",10,"exp3"
"66a6bbb40b48d0e4f326767e",106,20,5.5,20,"experience",20,"exp3"
"66a6bbb40b48d0e4f326767e",107,10,5.9464274989274,10,"experience",10,"exp3"
"66a6bbb40b48d0e4f326767e",108,10,5.9464274989274,10,"experience",10,"exp3"
"656a02c7b6729e5b80412a8f",11,2,0.5,2,"experience",2,"exp3"
"656a02c7b6729e5b80412a8f",13,2,4,2,"experience",2,"exp3"
"656a02c7b6729e5b80412a8f",14,2,4,2,"experience",2,"exp3"
"656a02c7b6729e5b80412a8f",15,10,5.9464274989274,10,"experience",10,"exp3"
"656a02c7b6729e5b80412a8f",16,20,5.5,20,"experience",20,"exp3"
"656a02c7b6729e5b80412a8f",17,2,4,2,"experience",2,"exp3"
"656a02c7b6729e5b80412a8f",18,20,5.5,20,"experience",20,"exp3"
"656a02c7b6729e5b80412a8f",19,20,5.5,20,"experience",20,"exp3"
"656a02c7b6729e5b80412a8f",20,2,4,2,"experience",2,"exp3"
"656a02c7b6729e5b80412a8f",21,20,5.5,20,"experience",20,"exp3"
"656a02c7b6729e5b80412a8f",22,2,4,2,"experience",2,"exp3"
"656a02c7b6729e5b80412a8f",23,10,5.9464274989274,10,"experience",10,"exp3"
"656a02c7b6729e5b80412a8f",24,20,5.5,20,"experience",20,"exp3"
"656a02c7b6729e5b80412a8f",25,10,5.9464274989274,10,"experience",10,"exp3"
"656a02c7b6729e5b80412a8f",26,10,5.9464274989274,10,"experience",10,"exp3"
"656a02c7b6729e5b80412a8f",27,20,5.5,20,"experience",20,"exp3"
"656a02c7b6729e5b80412a8f",28,10,5.9464274989274,10,"experience",10,"exp3"
"656a02c7b6729e5b80412a8f",29,10,5.9464274989274,10,"experience",10,"exp3"
"656a02c7b6729e5b80412a8f",30,10,5.9464274989274,10,"experience",10,"exp3"
"656a02c7b6729e5b80412a8f",31,2,4,2,"experience",2,"exp3"
"656a02c7b6729e5b80412a8f",32,2,4,2,"experience",2,"exp3"
"656a02c7b6729e5b80412a8f",33,10,5.9464274989274,10,"experience",10,"exp3"
"656a02c7b6729e5b80412a8f",34,2,4,2,"experience",2,"exp3"
"656a02c7b6729e5b80412a8f",35,2,4,2,"experience",2,"exp3"
"656a02c7b6729e5b80412a8f",36,10,5.9464274989274,10,"experience",10,"exp3"
"656a02c7b6729e5b80412a8f",37,10,5.9464274989274,10,"experience",10,"exp3"
"656a02c7b6729e5b80412a8f",38,2,4,2,"experience",2,"exp3"
"656a02c7b6729e5b80412a8f",39,2,4,2,"experience",2,"exp3"
"656a02c7b6729e5b80412a8f",40,2,4,2,"experience",2,"exp3"
"656a02c7b6729e5b80412a8f",41,10,5.9464274989274,10,"experience",10,"exp3"
"656a02c7b6729e5b80412a8f",42,20,5.5,20,"experience",20,"exp3"
"656a02c7b6729e5b80412a8f",43,10,5.9464274989274,10,"experience",10,"exp3"
"656a02c7b6729e5b80412a8f",44,2,4,2,"experience",2,"exp3"
"656a02c7b6729e5b80412a8f",45,20,5.5,20,"experience",20,"exp3"
"656a02c7b6729e5b80412a8f",46,2,4,2,"experience",2,"exp3"
"656a02c7b6729e5b80412a8f",47,10,5.9464274989274,10,"experience",10,"exp3"
"656a02c7b6729e5b80412a8f",48,2,4,2,"experience",2,"exp3"
"656a02c7b6729e5b80412a8f",49,20,5.5,20,"experience",20,"exp3"
"656a02c7b6729e5b80412a8f",50,20,5.5,20,"experience",20,"exp3"
"656a02c7b6729e5b80412a8f",51,20,5.5,20,"experience",20,"exp3"
"656a02c7b6729e5b80412a8f",52,20,5.5,20,"experience",20,"exp3"
"656a02c7b6729e5b80412a8f",53,10,5.9464274989274,10,"experience",10,"exp3"
"656a02c7b6729e5b80412a8f",54,20,5.5,20,"experience",20,"exp3"
"656a02c7b6729e5b80412a8f",55,10,5.9464274989274,10,"experience",10,"exp3"
"656a02c7b6729e5b80412a8f",56,10,5.9464274989274,10,"experience",10,"exp3"
"656a02c7b6729e5b80412a8f",57,20,5.5,20,"experience",20,"exp3"
"656a02c7b6729e5b80412a8f",58,2,4,2,"experience",2,"exp3"
"656a02c7b6729e5b80412a8f",59,20,5.5,20,"experience",20,"exp3"
"656a02c7b6729e5b80412a8f",60,20,5.5,20,"experience",20,"exp3"
"656a02c7b6729e5b80412a8f",61,2,4,2,"experience",2,"exp3"
"656a02c7b6729e5b80412a8f",62,10,5.9464274989274,10,"experience",10,"exp3"
"656a02c7b6729e5b80412a8f",63,20,5.5,20,"experience",20,"exp3"
"656a02c7b6729e5b80412a8f",64,20,5.5,20,"experience",20,"exp3"
"656a02c7b6729e5b80412a8f",65,20,5.5,20,"experience",20,"exp3"
"656a02c7b6729e5b80412a8f",66,2,4,2,"experience",2,"exp3"
"656a02c7b6729e5b80412a8f",67,2,4,2,"experience",2,"exp3"
"656a02c7b6729e5b80412a8f",68,2,4,2,"experience",2,"exp3"
"656a02c7b6729e5b80412a8f",69,20,5.5,20,"experience",20,"exp3"
"656a02c7b6729e5b80412a8f",70,20,5.5,20,"experience",20,"exp3"
"656a02c7b6729e5b80412a8f",71,20,5.5,20,"experience",20,"exp3"
"656a02c7b6729e5b80412a8f",72,10,5.9464274989274,10,"experience",10,"exp3"
"656a02c7b6729e5b80412a8f",73,20,5.5,20,"experience",20,"exp3"
"656a02c7b6729e5b80412a8f",74,10,5.9464274989274,10,"experience",10,"exp3"
"656a02c7b6729e5b80412a8f",75,10,5.9464274989274,10,"experience",10,"exp3"
"656a02c7b6729e5b80412a8f",76,2,4,2,"experience",2,"exp3"
"656a02c7b6729e5b80412a8f",77,20,5.5,20,"experience",20,"exp3"
"656a02c7b6729e5b80412a8f",78,2,4,2,"experience",2,"exp3"
"656a02c7b6729e5b80412a8f",79,10,5.9464274989274,10,"experience",10,"exp3"
"656a02c7b6729e5b80412a8f",80,10,5.9464274989274,10,"experience",10,"exp3"
"656a02c7b6729e5b80412a8f",81,2,4,2,"experience",2,"exp3"
"656a02c7b6729e5b80412a8f",82,2,4,2,"experience",2,"exp3"
"656a02c7b6729e5b80412a8f",83,2,4,2,"experience",2,"exp3"
"656a02c7b6729e5b80412a8f",84,10,5.9464274989274,10,"experience",10,"exp3"
"656a02c7b6729e5b80412a8f",85,10,5.9464274989274,10,"experience",10,"exp3"
"656a02c7b6729e5b80412a8f",86,10,5.9464274989274,10,"experience",10,"exp3"
"656a02c7b6729e5b80412a8f",87,20,5.5,20,"experience",20,"exp3"
"656a02c7b6729e5b80412a8f",88,20,5.5,20,"experience",20,"exp3"
"656a02c7b6729e5b80412a8f",89,20,5.5,20,"experience",20,"exp3"
"656a02c7b6729e5b80412a8f",90,20,5.5,20,"experience",20,"exp3"
"656a02c7b6729e5b80412a8f",91,20,5.5,20,"experience",20,"exp3"
"656a02c7b6729e5b80412a8f",92,2,4,2,"experience",2,"exp3"
"656a02c7b6729e5b80412a8f",93,2,4,2,"experience",2,"exp3"
"656a02c7b6729e5b80412a8f",94,20,5.5,20,"experience",20,"exp3"
"656a02c7b6729e5b80412a8f",95,10,5.9464274989274,10,"experience",10,"exp3"
"656a02c7b6729e5b80412a8f",96,10,5.9464274989274,10,"experience",10,"exp3"
"656a02c7b6729e5b80412a8f",97,2,4,2,"experience",2,"exp3"
"656a02c7b6729e5b80412a8f",98,2,4,2,"experience",2,"exp3"
"656a02c7b6729e5b80412a8f",99,2,4,2,"experience",2,"exp3"
"656a02c7b6729e5b80412a8f",100,10,5.9464274989274,10,"experience",10,"exp3"
"656a02c7b6729e5b80412a8f",101,20,5.5,20,"experience",20,"exp3"
"656a02c7b6729e5b80412a8f",102,10,5.9464274989274,10,"experience",10,"exp3"
"656a02c7b6729e5b80412a8f",103,20,5.5,20,"experience",20,"exp3"
"656a02c7b6729e5b80412a8f",104,10,5.9464274989274,10,"experience",10,"exp3"
"656a02c7b6729e5b80412a8f",105,10,5.9464274989274,10,"experience",10,"exp3"
"656a02c7b6729e5b80412a8f",106,2,4,2,"experience",2,"exp3"
"656a02c7b6729e5b80412a8f",107,2,4,2,"experience",2,"exp3"
"656a02c7b6729e5b80412a8f",108,10,5.9464274989274,10,"experience",10,"exp3"
"66d804534578af1dec99f245",1,10,5.74804314527997,10,"experience",10,"exp3"
"66d804534578af1dec99f245",11,2,1,2,"experience",2,"exp3"
"66d804534578af1dec99f245",13,2,4,2,"experience",2,"exp3"
"66d804534578af1dec99f245",14,10,5.9464274989274,10,"experience",10,"exp3"
"66d804534578af1dec99f245",15,20,5.5,20,"experience",20,"exp3"
"66d804534578af1dec99f245",16,10,5.9464274989274,10,"experience",10,"exp3"
"66d804534578af1dec99f245",17,2,4,2,"experience",2,"exp3"
"66d804534578af1dec99f245",18,2,4,2,"experience",2,"exp3"
"66d804534578af1dec99f245",19,10,5.9464274989274,10,"experience",10,"exp3"
"66d804534578af1dec99f245",20,20,5.5,20,"experience",20,"exp3"
"66d804534578af1dec99f245",21,2,4,2,"experience",2,"exp3"
"66d804534578af1dec99f245",22,20,5.5,20,"experience",20,"exp3"
"66d804534578af1dec99f245",23,2,4,2,"experience",2,"exp3"
"66d804534578af1dec99f245",24,2,4,2,"experience",2,"exp3"
"66d804534578af1dec99f245",25,10,5.9464274989274,10,"experience",10,"exp3"
"66d804534578af1dec99f245",26,10,5.9464274989274,10,"experience",10,"exp3"
"66d804534578af1dec99f245",27,2,4,2,"experience",2,"exp3"
"66d804534578af1dec99f245",28,20,5.5,20,"experience",20,"exp3"
"66d804534578af1dec99f245",29,10,5.9464274989274,10,"experience",10,"exp3"
"66d804534578af1dec99f245",30,20,5.5,20,"experience",20,"exp3"
"66d804534578af1dec99f245",31,2,4,2,"experience",2,"exp3"
"66d804534578af1dec99f245",32,10,5.9464274989274,10,"experience",10,"exp3"
"66d804534578af1dec99f245",33,20,5.5,20,"experience",20,"exp3"
"66d804534578af1dec99f245",34,20,5.5,20,"experience",20,"exp3"
"66d804534578af1dec99f245",35,2,4,2,"experience",2,"exp3"
"66d804534578af1dec99f245",36,20,5.5,20,"experience",20,"exp3"
"66d804534578af1dec99f245",37,10,5.9464274989274,10,"experience",10,"exp3"
"66d804534578af1dec99f245",38,10,5.9464274989274,10,"experience",10,"exp3"
"66d804534578af1dec99f245",39,20,5.5,20,"experience",20,"exp3"
"66d804534578af1dec99f245",40,2,4,2,"experience",2,"exp3"
"66d804534578af1dec99f245",41,2,4,2,"experience",2,"exp3"
"66d804534578af1dec99f245",42,2,4,2,"experience",2,"exp3"
"66d804534578af1dec99f245",43,10,5.9464274989274,10,"experience",10,"exp3"
"66d804534578af1dec99f245",44,10,5.9464274989274,10,"experience",10,"exp3"
"66d804534578af1dec99f245",45,20,5.5,20,"experience",20,"exp3"
"66d804534578af1dec99f245",46,20,5.5,20,"experience",20,"exp3"
"66d804534578af1dec99f245",47,10,5.9464274989274,10,"experience",10,"exp3"
"66d804534578af1dec99f245",48,10,5.9464274989274,10,"experience",10,"exp3"
"66d804534578af1dec99f245",49,10,5.9464274989274,10,"experience",10,"exp3"
"66d804534578af1dec99f245",50,2,4,2,"experience",2,"exp3"
"66d804534578af1dec99f245",51,20,5.5,20,"experience",20,"exp3"
"66d804534578af1dec99f245",52,20,5.5,20,"experience",20,"exp3"
"66d804534578af1dec99f245",53,2,4,2,"experience",2,"exp3"
"66d804534578af1dec99f245",54,10,5.9464274989274,10,"experience",10,"exp3"
"66d804534578af1dec99f245",55,2,4,2,"experience",2,"exp3"
"66d804534578af1dec99f245",56,10,5.9464274989274,10,"experience",10,"exp3"
"66d804534578af1dec99f245",57,2,4,2,"experience",2,"exp3"
"66d804534578af1dec99f245",58,20,5.5,20,"experience",20,"exp3"
"66d804534578af1dec99f245",59,20,5.5,20,"experience",20,"exp3"
"66d804534578af1dec99f245",60,20,5.5,20,"experience",20,"exp3"
"66d804534578af1dec99f245",61,10,5.9464274989274,10,"experience",10,"exp3"
"66d804534578af1dec99f245",62,2,4,2,"experience",2,"exp3"
"66d804534578af1dec99f245",63,10,5.9464274989274,10,"experience",10,"exp3"
"66d804534578af1dec99f245",64,2,4,2,"experience",2,"exp3"
"66d804534578af1dec99f245",65,10,5.9464274989274,10,"experience",10,"exp3"
"66d804534578af1dec99f245",66,20,5.5,20,"experience",20,"exp3"
"66d804534578af1dec99f245",67,20,5.5,20,"experience",20,"exp3"
"66d804534578af1dec99f245",68,10,5.9464274989274,10,"experience",10,"exp3"
"66d804534578af1dec99f245",69,2,4,2,"experience",2,"exp3"
"66d804534578af1dec99f245",70,2,4,2,"experience",2,"exp3"
"66d804534578af1dec99f245",71,10,5.9464274989274,10,"experience",10,"exp3"
"66d804534578af1dec99f245",72,10,5.9464274989274,10,"experience",10,"exp3"
"66d804534578af1dec99f245",73,20,5.5,20,"experience",20,"exp3"
"66d804534578af1dec99f245",74,2,4,2,"experience",2,"exp3"
"66d804534578af1dec99f245",75,20,5.5,20,"experience",20,"exp3"
"66d804534578af1dec99f245",76,2,4,2,"experience",2,"exp3"
"66d804534578af1dec99f245",77,2,4,2,"experience",2,"exp3"
"66d804534578af1dec99f245",78,20,5.5,20,"experience",20,"exp3"
"66d804534578af1dec99f245",79,10,5.9464274989274,10,"experience",10,"exp3"
"66d804534578af1dec99f245",80,20,5.5,20,"experience",20,"exp3"
"66d804534578af1dec99f245",81,20,5.5,20,"experience",20,"exp3"
"66d804534578af1dec99f245",82,2,4,2,"experience",2,"exp3"
"66d804534578af1dec99f245",83,20,5.5,20,"experience",20,"exp3"
"66d804534578af1dec99f245",84,20,5.5,20,"experience",20,"exp3"
"66d804534578af1dec99f245",85,2,4,2,"experience",2,"exp3"
"66d804534578af1dec99f245",86,2,4,2,"experience",2,"exp3"
"66d804534578af1dec99f245",87,20,5.5,20,"experience",20,"exp3"
"66d804534578af1dec99f245",88,10,5.9464274989274,10,"experience",10,"exp3"
"66d804534578af1dec99f245",89,2,4,2,"experience",2,"exp3"
"66d804534578af1dec99f245",90,10,5.9464274989274,10,"experience",10,"exp3"
"66d804534578af1dec99f245",91,20,5.5,20,"experience",20,"exp3"
"66d804534578af1dec99f245",92,10,5.9464274989274,10,"experience",10,"exp3"
"66d804534578af1dec99f245",93,2,4,2,"experience",2,"exp3"
"66d804534578af1dec99f245",94,20,5.5,20,"experience",20,"exp3"
"66d804534578af1dec99f245",95,2,4,2,"experience",2,"exp3"
"66d804534578af1dec99f245",96,2,4,2,"experience",2,"exp3"
"66d804534578af1dec99f245",97,10,5.9464274989274,10,"experience",10,"exp3"
"66d804534578af1dec99f245",98,10,5.9464274989274,10,"experience",10,"exp3"
"66d804534578af1dec99f245",99,20,5.5,20,"experience",20,"exp3"
"66d804534578af1dec99f245",100,20,5.5,20,"experience",20,"exp3"
"66d804534578af1dec99f245",101,20,5.5,20,"experience",20,"exp3"
"66d804534578af1dec99f245",102,2,4,2,"experience",2,"exp3"
"66d804534578af1dec99f245",103,10,5.9464274989274,10,"experience",10,"exp3"
"66d804534578af1dec99f245",104,10,5.9464274989274,10,"experience",10,"exp3"
"66d804534578af1dec99f245",105,20,5.5,20,"experience",20,"exp3"
"66d804534578af1dec99f245",106,2,4,2,"experience",2,"exp3"
"66d804534578af1dec99f245",107,10,5.9464274989274,10,"experience",10,"exp3"
"66d804534578af1dec99f245",108,10,5.9464274989274,10,"experience",10,"exp3"
"5caf7f17a85c43001737b4b3",13,2,4,2,"experience",2,"exp3"
"5caf7f17a85c43001737b4b3",14,2,4,2,"experience",2,"exp3"
"5caf7f17a85c43001737b4b3",15,20,5.5,20,"experience",20,"exp3"
"5caf7f17a85c43001737b4b3",16,2,4,2,"experience",2,"exp3"
"5caf7f17a85c43001737b4b3",17,2,4,2,"experience",2,"exp3"
"5caf7f17a85c43001737b4b3",18,10,5.9464274989274,10,"experience",10,"exp3"
"5caf7f17a85c43001737b4b3",19,10,5.9464274989274,10,"experience",10,"exp3"
"5caf7f17a85c43001737b4b3",20,20,5.5,20,"experience",20,"exp3"
"5caf7f17a85c43001737b4b3",21,10,5.9464274989274,10,"experience",10,"exp3"
"5caf7f17a85c43001737b4b3",22,20,5.5,20,"experience",20,"exp3"
"5caf7f17a85c43001737b4b3",23,10,5.9464274989274,10,"experience",10,"exp3"
"5caf7f17a85c43001737b4b3",24,2,4,2,"experience",2,"exp3"
"5caf7f17a85c43001737b4b3",25,10,5.9464274989274,10,"experience",10,"exp3"
"5caf7f17a85c43001737b4b3",26,20,5.5,20,"experience",20,"exp3"
"5caf7f17a85c43001737b4b3",27,20,5.5,20,"experience",20,"exp3"
"5caf7f17a85c43001737b4b3",28,2,4,2,"experience",2,"exp3"
"5caf7f17a85c43001737b4b3",29,2,4,2,"experience",2,"exp3"
"5caf7f17a85c43001737b4b3",30,2,4,2,"experience",2,"exp3"
"5caf7f17a85c43001737b4b3",31,20,5.5,20,"experience",20,"exp3"
"5caf7f17a85c43001737b4b3",32,2,4,2,"experience",2,"exp3"
"5caf7f17a85c43001737b4b3",33,10,5.9464274989274,10,"experience",10,"exp3"
"5caf7f17a85c43001737b4b3",34,2,4,2,"experience",2,"exp3"
"5caf7f17a85c43001737b4b3",35,10,5.9464274989274,10,"experience",10,"exp3"
"5caf7f17a85c43001737b4b3",36,2,4,2,"experience",2,"exp3"
"5caf7f17a85c43001737b4b3",37,20,5.5,20,"experience",20,"exp3"
"5caf7f17a85c43001737b4b3",38,2,4,2,"experience",2,"exp3"
"5caf7f17a85c43001737b4b3",39,10,5.9464274989274,10,"experience",10,"exp3"
"5caf7f17a85c43001737b4b3",40,10,5.9464274989274,10,"experience",10,"exp3"
"5caf7f17a85c43001737b4b3",41,10,5.9464274989274,10,"experience",10,"exp3"
"5caf7f17a85c43001737b4b3",42,20,5.5,20,"experience",20,"exp3"
"5caf7f17a85c43001737b4b3",43,2,4,2,"experience",2,"exp3"
"5caf7f17a85c43001737b4b3",44,20,5.5,20,"experience",20,"exp3"
"5caf7f17a85c43001737b4b3",45,10,5.9464274989274,10,"experience",10,"exp3"
"5caf7f17a85c43001737b4b3",46,2,4,2,"experience",2,"exp3"
"5caf7f17a85c43001737b4b3",47,10,5.9464274989274,10,"experience",10,"exp3"
"5caf7f17a85c43001737b4b3",48,20,5.5,20,"experience",20,"exp3"
"5caf7f17a85c43001737b4b3",49,20,5.5,20,"experience",20,"exp3"
"5caf7f17a85c43001737b4b3",50,2,4,2,"experience",2,"exp3"
"5caf7f17a85c43001737b4b3",51,10,5.9464274989274,10,"experience",10,"exp3"
"5caf7f17a85c43001737b4b3",52,20,5.5,20,"experience",20,"exp3"
"5caf7f17a85c43001737b4b3",53,20,5.5,20,"experience",20,"exp3"
"5caf7f17a85c43001737b4b3",54,2,4,2,"experience",2,"exp3"
"5caf7f17a85c43001737b4b3",55,20,5.5,20,"experience",20,"exp3"
"5caf7f17a85c43001737b4b3",56,20,5.5,20,"experience",20,"exp3"
"5caf7f17a85c43001737b4b3",57,10,5.9464274989274,10,"experience",10,"exp3"
"5caf7f17a85c43001737b4b3",58,10,5.9464274989274,10,"experience",10,"exp3"
"5caf7f17a85c43001737b4b3",59,20,5.5,20,"experience",20,"exp3"
"5caf7f17a85c43001737b4b3",60,10,5.9464274989274,10,"experience",10,"exp3"
"5caf7f17a85c43001737b4b3",61,2,4,2,"experience",2,"exp3"
"5caf7f17a85c43001737b4b3",62,2,4,2,"experience",2,"exp3"
"5caf7f17a85c43001737b4b3",63,20,5.5,20,"experience",20,"exp3"
"5caf7f17a85c43001737b4b3",64,2,4,2,"experience",2,"exp3"
"5caf7f17a85c43001737b4b3",65,2,4,2,"experience",2,"exp3"
"5caf7f17a85c43001737b4b3",66,10,5.9464274989274,10,"experience",10,"exp3"
"5caf7f17a85c43001737b4b3",67,10,5.9464274989274,10,"experience",10,"exp3"
"5caf7f17a85c43001737b4b3",68,10,5.9464274989274,10,"experience",10,"exp3"
"5caf7f17a85c43001737b4b3",69,10,5.9464274989274,10,"experience",10,"exp3"
"5caf7f17a85c43001737b4b3",70,2,4,2,"experience",2,"exp3"
"5caf7f17a85c43001737b4b3",71,20,5.5,20,"experience",20,"exp3"
"5caf7f17a85c43001737b4b3",72,2,4,2,"experience",2,"exp3"
"5caf7f17a85c43001737b4b3",73,10,5.9464274989274,10,"experience",10,"exp3"
"5caf7f17a85c43001737b4b3",74,10,5.9464274989274,10,"experience",10,"exp3"
"5caf7f17a85c43001737b4b3",75,20,5.5,20,"experience",20,"exp3"
"5caf7f17a85c43001737b4b3",76,10,5.9464274989274,10,"experience",10,"exp3"
"5caf7f17a85c43001737b4b3",77,2,4,2,"experience",2,"exp3"
"5caf7f17a85c43001737b4b3",78,20,5.5,20,"experience",20,"exp3"
"5caf7f17a85c43001737b4b3",79,10,5.9464274989274,10,"experience",10,"exp3"
"5caf7f17a85c43001737b4b3",80,20,5.5,20,"experience",20,"exp3"
"5caf7f17a85c43001737b4b3",81,2,4,2,"experience",2,"exp3"
"5caf7f17a85c43001737b4b3",82,20,5.5,20,"experience",20,"exp3"
"5caf7f17a85c43001737b4b3",83,10,5.9464274989274,10,"experience",10,"exp3"
"5caf7f17a85c43001737b4b3",84,10,5.9464274989274,10,"experience",10,"exp3"
"5caf7f17a85c43001737b4b3",85,10,5.9464274989274,10,"experience",10,"exp3"
"5caf7f17a85c43001737b4b3",86,20,5.5,20,"experience",20,"exp3"
"5caf7f17a85c43001737b4b3",87,2,4,2,"experience",2,"exp3"
"5caf7f17a85c43001737b4b3",88,20,5.5,20,"experience",20,"exp3"
"5caf7f17a85c43001737b4b3",89,2,4,2,"experience",2,"exp3"
"5caf7f17a85c43001737b4b3",90,10,5.9464274989274,10,"experience",10,"exp3"
"5caf7f17a85c43001737b4b3",91,2,4,2,"experience",2,"exp3"
"5caf7f17a85c43001737b4b3",92,20,5.5,20,"experience",20,"exp3"
"5caf7f17a85c43001737b4b3",93,10,5.9464274989274,10,"experience",10,"exp3"
"5caf7f17a85c43001737b4b3",94,2,4,2,"experience",2,"exp3"
"5caf7f17a85c43001737b4b3",95,10,5.9464274989274,10,"experience",10,"exp3"
"5caf7f17a85c43001737b4b3",96,2,4,2,"experience",2,"exp3"
"5caf7f17a85c43001737b4b3",97,20,5.5,20,"experience",20,"exp3"
"5caf7f17a85c43001737b4b3",98,20,5.5,20,"experience",20,"exp3"
"5caf7f17a85c43001737b4b3",99,2,4,2,"experience",2,"exp3"
"5caf7f17a85c43001737b4b3",100,20,5.5,20,"experience",20,"exp3"
"5caf7f17a85c43001737b4b3",101,2,4,2,"experience",2,"exp3"
"5caf7f17a85c43001737b4b3",102,20,5.5,20,"experience",20,"exp3"
"5caf7f17a85c43001737b4b3",103,20,5.5,20,"experience",20,"exp3"
"5caf7f17a85c43001737b4b3",104,20,5.5,20,"experience",20,"exp3"
"5caf7f17a85c43001737b4b3",105,20,5.5,20,"experience",20,"exp3"
"5caf7f17a85c43001737b4b3",106,10,5.9464274989274,10,"experience",10,"exp3"
"5caf7f17a85c43001737b4b3",107,2,4,2,"experience",2,"exp3"
"5caf7f17a85c43001737b4b3",108,10,5.9464274989274,10,"experience",10,"exp3"
"5d6eea19b26c1100010cb6f3",2,2,2.5,2,"experience",2,"exp3"
"5d6eea19b26c1100010cb6f3",7,10,4.63141447076376,10,"experience",10,"exp3"
"5d6eea19b26c1100010cb6f3",8,2,2,2,"experience",2,"exp3"
"5d6eea19b26c1100010cb6f3",12,2,1.5,2,"experience",2,"exp3"
"5d6eea19b26c1100010cb6f3",13,20,5.5,20,"experience",20,"exp3"
"5d6eea19b26c1100010cb6f3",14,2,4,2,"experience",2,"exp3"
"5d6eea19b26c1100010cb6f3",15,2,4,2,"experience",2,"exp3"
"5d6eea19b26c1100010cb6f3",16,20,5.5,20,"experience",20,"exp3"
"5d6eea19b26c1100010cb6f3",17,20,5.5,20,"experience",20,"exp3"
"5d6eea19b26c1100010cb6f3",18,10,5.9464274989274,10,"experience",10,"exp3"
"5d6eea19b26c1100010cb6f3",19,2,4,2,"experience",2,"exp3"
"5d6eea19b26c1100010cb6f3",20,20,5.5,20,"experience",20,"exp3"
"5d6eea19b26c1100010cb6f3",21,10,5.9464274989274,10,"experience",10,"exp3"
"5d6eea19b26c1100010cb6f3",22,20,5.5,20,"experience",20,"exp3"
"5d6eea19b26c1100010cb6f3",23,20,5.5,20,"experience",20,"exp3"
"5d6eea19b26c1100010cb6f3",24,2,4,2,"experience",2,"exp3"
"5d6eea19b26c1100010cb6f3",25,10,5.9464274989274,10,"experience",10,"exp3"
"5d6eea19b26c1100010cb6f3",26,2,4,2,"experience",2,"exp3"
"5d6eea19b26c1100010cb6f3",27,10,5.9464274989274,10,"experience",10,"exp3"
"5d6eea19b26c1100010cb6f3",28,10,5.9464274989274,10,"experience",10,"exp3"
"5d6eea19b26c1100010cb6f3",29,20,5.5,20,"experience",20,"exp3"
"5d6eea19b26c1100010cb6f3",30,20,5.5,20,"experience",20,"exp3"
"5d6eea19b26c1100010cb6f3",31,20,5.5,20,"experience",20,"exp3"
"5d6eea19b26c1100010cb6f3",32,10,5.9464274989274,10,"experience",10,"exp3"
"5d6eea19b26c1100010cb6f3",33,20,5.5,20,"experience",20,"exp3"
"5d6eea19b26c1100010cb6f3",34,10,5.9464274989274,10,"experience",10,"exp3"
"5d6eea19b26c1100010cb6f3",35,20,5.5,20,"experience",20,"exp3"
"5d6eea19b26c1100010cb6f3",36,2,4,2,"experience",2,"exp3"
"5d6eea19b26c1100010cb6f3",37,10,5.9464274989274,10,"experience",10,"exp3"
"5d6eea19b26c1100010cb6f3",38,10,5.9464274989274,10,"experience",10,"exp3"
"5d6eea19b26c1100010cb6f3",39,20,5.5,20,"experience",20,"exp3"
"5d6eea19b26c1100010cb6f3",40,20,5.5,20,"experience",20,"exp3"
"5d6eea19b26c1100010cb6f3",41,10,5.9464274989274,10,"experience",10,"exp3"
"5d6eea19b26c1100010cb6f3",42,2,4,2,"experience",2,"exp3"
"5d6eea19b26c1100010cb6f3",43,10,5.9464274989274,10,"experience",10,"exp3"
"5d6eea19b26c1100010cb6f3",44,20,5.5,20,"experience",20,"exp3"
"5d6eea19b26c1100010cb6f3",45,10,5.9464274989274,10,"experience",10,"exp3"
"5d6eea19b26c1100010cb6f3",46,2,4,2,"experience",2,"exp3"
"5d6eea19b26c1100010cb6f3",47,20,5.5,20,"experience",20,"exp3"
"5d6eea19b26c1100010cb6f3",48,2,4,2,"experience",2,"exp3"
"5d6eea19b26c1100010cb6f3",49,2,4,2,"experience",2,"exp3"
"5d6eea19b26c1100010cb6f3",50,2,4,2,"experience",2,"exp3"
"5d6eea19b26c1100010cb6f3",51,2,4,2,"experience",2,"exp3"
"5d6eea19b26c1100010cb6f3",52,2,4,2,"experience",2,"exp3"
"5d6eea19b26c1100010cb6f3",53,2,4,2,"experience",2,"exp3"
"5d6eea19b26c1100010cb6f3",54,10,5.9464274989274,10,"experience",10,"exp3"
"5d6eea19b26c1100010cb6f3",55,10,5.9464274989274,10,"experience",10,"exp3"
"5d6eea19b26c1100010cb6f3",56,2,4,2,"experience",2,"exp3"
"5d6eea19b26c1100010cb6f3",57,2,4,2,"experience",2,"exp3"
"5d6eea19b26c1100010cb6f3",58,20,5.5,20,"experience",20,"exp3"
"5d6eea19b26c1100010cb6f3",59,10,5.9464274989274,10,"experience",10,"exp3"
"5d6eea19b26c1100010cb6f3",60,10,5.9464274989274,10,"experience",10,"exp3"
"5d6eea19b26c1100010cb6f3",61,2,4,2,"experience",2,"exp3"
"5d6eea19b26c1100010cb6f3",62,2,4,2,"experience",2,"exp3"
"5d6eea19b26c1100010cb6f3",63,20,5.5,20,"experience",20,"exp3"
"5d6eea19b26c1100010cb6f3",64,2,4,2,"experience",2,"exp3"
"5d6eea19b26c1100010cb6f3",65,20,5.5,20,"experience",20,"exp3"
"5d6eea19b26c1100010cb6f3",66,2,4,2,"experience",2,"exp3"
"5d6eea19b26c1100010cb6f3",67,20,5.5,20,"experience",20,"exp3"
"5d6eea19b26c1100010cb6f3",68,10,5.9464274989274,10,"experience",10,"exp3"
"5d6eea19b26c1100010cb6f3",69,2,4,2,"experience",2,"exp3"
"5d6eea19b26c1100010cb6f3",70,2,4,2,"experience",2,"exp3"
"5d6eea19b26c1100010cb6f3",71,10,5.9464274989274,10,"experience",10,"exp3"
"5d6eea19b26c1100010cb6f3",72,20,5.5,20,"experience",20,"exp3"
"5d6eea19b26c1100010cb6f3",73,20,5.5,20,"experience",20,"exp3"
"5d6eea19b26c1100010cb6f3",74,20,5.5,20,"experience",20,"exp3"
"5d6eea19b26c1100010cb6f3",75,10,5.9464274989274,10,"experience",10,"exp3"
"5d6eea19b26c1100010cb6f3",76,2,4,2,"experience",2,"exp3"
"5d6eea19b26c1100010cb6f3",77,10,5.9464274989274,10,"experience",10,"exp3"
"5d6eea19b26c1100010cb6f3",78,20,5.5,20,"experience",20,"exp3"
"5d6eea19b26c1100010cb6f3",79,10,5.9464274989274,10,"experience",10,"exp3"
"5d6eea19b26c1100010cb6f3",80,10,5.9464274989274,10,"experience",10,"exp3"
"5d6eea19b26c1100010cb6f3",81,20,5.5,20,"experience",20,"exp3"
"5d6eea19b26c1100010cb6f3",82,2,4,2,"experience",2,"exp3"
"5d6eea19b26c1100010cb6f3",83,10,5.9464274989274,10,"experience",10,"exp3"
"5d6eea19b26c1100010cb6f3",84,10,5.9464274989274,10,"experience",10,"exp3"
"5d6eea19b26c1100010cb6f3",85,10,5.9464274989274,10,"experience",10,"exp3"
"5d6eea19b26c1100010cb6f3",86,2,4,2,"experience",2,"exp3"
"5d6eea19b26c1100010cb6f3",87,2,4,2,"experience",2,"exp3"
"5d6eea19b26c1100010cb6f3",88,2,4,2,"experience",2,"exp3"
"5d6eea19b26c1100010cb6f3",89,10,5.9464274989274,10,"experience",10,"exp3"
"5d6eea19b26c1100010cb6f3",90,20,5.5,20,"experience",20,"exp3"
"5d6eea19b26c1100010cb6f3",91,10,5.9464274989274,10,"experience",10,"exp3"
"5d6eea19b26c1100010cb6f3",92,10,5.9464274989274,10,"experience",10,"exp3"
"5d6eea19b26c1100010cb6f3",93,2,4,2,"experience",2,"exp3"
"5d6eea19b26c1100010cb6f3",94,2,4,2,"experience",2,"exp3"
"5d6eea19b26c1100010cb6f3",95,20,5.5,20,"experience",20,"exp3"
"5d6eea19b26c1100010cb6f3",96,2,4,2,"experience",2,"exp3"
"5d6eea19b26c1100010cb6f3",97,20,5.5,20,"experience",20,"exp3"
"5d6eea19b26c1100010cb6f3",98,10,5.9464274989274,10,"experience",10,"exp3"
"5d6eea19b26c1100010cb6f3",99,2,4,2,"experience",2,"exp3"
"5d6eea19b26c1100010cb6f3",100,20,5.5,20,"experience",20,"exp3"
"5d6eea19b26c1100010cb6f3",101,10,5.9464274989274,10,"experience",10,"exp3"
"5d6eea19b26c1100010cb6f3",102,2,4,2,"experience",2,"exp3"
"5d6eea19b26c1100010cb6f3",103,10,5.9464274989274,10,"experience",10,"exp3"
"5d6eea19b26c1100010cb6f3",104,20,5.5,20,"experience",20,"exp3"
"5d6eea19b26c1100010cb6f3",105,10,5.9464274989274,10,"experience",10,"exp3"
"5d6eea19b26c1100010cb6f3",106,20,5.5,20,"experience",20,"exp3"
"5d6eea19b26c1100010cb6f3",107,20,5.5,20,"experience",20,"exp3"
"5d6eea19b26c1100010cb6f3",108,20,5.5,20,"experience",20,"exp3"
"5c4a4b329ba9e00001ffc4f3",6,10,6.04648658313239,10,"experience",10,"exp3"
"5c4a4b329ba9e00001ffc4f3",9,2,4.5,2,"experience",2,"exp3"
"5c4a4b329ba9e00001ffc4f3",13,2,4,2,"experience",2,"exp3"
"5c4a4b329ba9e00001ffc4f3",14,20,5.5,20,"experience",20,"exp3"
"5c4a4b329ba9e00001ffc4f3",15,20,5.5,20,"experience",20,"exp3"
"5c4a4b329ba9e00001ffc4f3",16,2,4,2,"experience",2,"exp3"
"5c4a4b329ba9e00001ffc4f3",17,2,4,2,"experience",2,"exp3"
"5c4a4b329ba9e00001ffc4f3",18,2,4,2,"experience",2,"exp3"
"5c4a4b329ba9e00001ffc4f3",19,20,5.5,20,"experience",20,"exp3"
"5c4a4b329ba9e00001ffc4f3",20,2,4,2,"experience",2,"exp3"
"5c4a4b329ba9e00001ffc4f3",21,2,4,2,"experience",2,"exp3"
"5c4a4b329ba9e00001ffc4f3",22,20,5.5,20,"experience",20,"exp3"
"5c4a4b329ba9e00001ffc4f3",23,20,5.5,20,"experience",20,"exp3"
"5c4a4b329ba9e00001ffc4f3",24,20,5.5,20,"experience",20,"exp3"
"5c4a4b329ba9e00001ffc4f3",25,20,5.5,20,"experience",20,"exp3"
"5c4a4b329ba9e00001ffc4f3",26,20,5.5,20,"experience",20,"exp3"
"5c4a4b329ba9e00001ffc4f3",27,2,4,2,"experience",2,"exp3"
"5c4a4b329ba9e00001ffc4f3",28,2,4,2,"experience",2,"exp3"
"5c4a4b329ba9e00001ffc4f3",29,20,5.5,20,"experience",20,"exp3"
"5c4a4b329ba9e00001ffc4f3",30,2,4,2,"experience",2,"exp3"
"5c4a4b329ba9e00001ffc4f3",31,20,5.5,20,"experience",20,"exp3"
"5c4a4b329ba9e00001ffc4f3",32,20,5.5,20,"experience",20,"exp3"
"5c4a4b329ba9e00001ffc4f3",33,2,4,2,"experience",2,"exp3"
"5c4a4b329ba9e00001ffc4f3",34,20,5.5,20,"experience",20,"exp3"
"5c4a4b329ba9e00001ffc4f3",35,20,5.5,20,"experience",20,"exp3"
"5c4a4b329ba9e00001ffc4f3",36,20,5.5,20,"experience",20,"exp3"
"5c4a4b329ba9e00001ffc4f3",37,20,5.5,20,"experience",20,"exp3"
"5c4a4b329ba9e00001ffc4f3",38,2,4,2,"experience",2,"exp3"
"5c4a4b329ba9e00001ffc4f3",39,20,5.5,20,"experience",20,"exp3"
"5c4a4b329ba9e00001ffc4f3",40,2,4,2,"experience",2,"exp3"
"5c4a4b329ba9e00001ffc4f3",41,2,4,2,"experience",2,"exp3"
"5c4a4b329ba9e00001ffc4f3",42,2,4,2,"experience",2,"exp3"
"5c4a4b329ba9e00001ffc4f3",43,2,4,2,"experience",2,"exp3"
"5c4a4b329ba9e00001ffc4f3",44,2,4,2,"experience",2,"exp3"
"5c4a4b329ba9e00001ffc4f3",45,10,5.9464274989274,10,"experience",10,"exp3"
"5c4a4b329ba9e00001ffc4f3",46,10,5.9464274989274,10,"experience",10,"exp3"
"5c4a4b329ba9e00001ffc4f3",47,10,5.9464274989274,10,"experience",10,"exp3"
"5c4a4b329ba9e00001ffc4f3",48,10,5.9464274989274,10,"experience",10,"exp3"
"5c4a4b329ba9e00001ffc4f3",49,10,5.9464274989274,10,"experience",10,"exp3"
"5c4a4b329ba9e00001ffc4f3",50,10,5.9464274989274,10,"experience",10,"exp3"
"5c4a4b329ba9e00001ffc4f3",51,10,5.9464274989274,10,"experience",10,"exp3"
"5c4a4b329ba9e00001ffc4f3",52,10,5.9464274989274,10,"experience",10,"exp3"
"5c4a4b329ba9e00001ffc4f3",53,10,5.9464274989274,10,"experience",10,"exp3"
"5c4a4b329ba9e00001ffc4f3",54,10,5.9464274989274,10,"experience",10,"exp3"
"5c4a4b329ba9e00001ffc4f3",55,10,5.9464274989274,10,"experience",10,"exp3"
"5c4a4b329ba9e00001ffc4f3",56,10,5.9464274989274,10,"experience",10,"exp3"
"5c4a4b329ba9e00001ffc4f3",57,10,5.9464274989274,10,"experience",10,"exp3"
"5c4a4b329ba9e00001ffc4f3",58,10,5.9464274989274,10,"experience",10,"exp3"
"5c4a4b329ba9e00001ffc4f3",59,10,5.9464274989274,10,"experience",10,"exp3"
"5c4a4b329ba9e00001ffc4f3",60,10,5.9464274989274,10,"experience",10,"exp3"
"5c4a4b329ba9e00001ffc4f3",61,20,5.5,20,"experience",20,"exp3"
"5c4a4b329ba9e00001ffc4f3",62,20,5.5,20,"experience",20,"exp3"
"5c4a4b329ba9e00001ffc4f3",63,20,5.5,20,"experience",20,"exp3"
"5c4a4b329ba9e00001ffc4f3",64,2,4,2,"experience",2,"exp3"
"5c4a4b329ba9e00001ffc4f3",65,20,5.5,20,"experience",20,"exp3"
"5c4a4b329ba9e00001ffc4f3",66,20,5.5,20,"experience",20,"exp3"
"5c4a4b329ba9e00001ffc4f3",67,20,5.5,20,"experience",20,"exp3"
"5c4a4b329ba9e00001ffc4f3",68,20,5.5,20,"experience",20,"exp3"
"5c4a4b329ba9e00001ffc4f3",69,20,5.5,20,"experience",20,"exp3"
"5c4a4b329ba9e00001ffc4f3",70,2,4,2,"experience",2,"exp3"
"5c4a4b329ba9e00001ffc4f3",71,10,5.9464274989274,10,"experience",10,"exp3"
"5c4a4b329ba9e00001ffc4f3",72,20,5.5,20,"experience",20,"exp3"
"5c4a4b329ba9e00001ffc4f3",73,20,5.5,20,"experience",20,"exp3"
"5c4a4b329ba9e00001ffc4f3",74,20,5.5,20,"experience",20,"exp3"
"5c4a4b329ba9e00001ffc4f3",75,10,5.9464274989274,10,"experience",10,"exp3"
"5c4a4b329ba9e00001ffc4f3",76,20,5.5,20,"experience",20,"exp3"
"5c4a4b329ba9e00001ffc4f3",77,2,4,2,"experience",2,"exp3"
"5c4a4b329ba9e00001ffc4f3",78,2,4,2,"experience",2,"exp3"
"5c4a4b329ba9e00001ffc4f3",79,20,5.5,20,"experience",20,"exp3"
"5c4a4b329ba9e00001ffc4f3",80,20,5.5,20,"experience",20,"exp3"
"5c4a4b329ba9e00001ffc4f3",81,2,4,2,"experience",2,"exp3"
"5c4a4b329ba9e00001ffc4f3",82,20,5.5,20,"experience",20,"exp3"
"5c4a4b329ba9e00001ffc4f3",83,2,4,2,"experience",2,"exp3"
"5c4a4b329ba9e00001ffc4f3",84,20,5.5,20,"experience",20,"exp3"
"5c4a4b329ba9e00001ffc4f3",85,2,4,2,"experience",2,"exp3"
"5c4a4b329ba9e00001ffc4f3",86,2,4,2,"experience",2,"exp3"
"5c4a4b329ba9e00001ffc4f3",87,2,4,2,"experience",2,"exp3"
"5c4a4b329ba9e00001ffc4f3",88,10,5.9464274989274,10,"experience",10,"exp3"
"5c4a4b329ba9e00001ffc4f3",89,10,5.9464274989274,10,"experience",10,"exp3"
"5c4a4b329ba9e00001ffc4f3",90,2,4,2,"experience",2,"exp3"
"5c4a4b329ba9e00001ffc4f3",91,10,5.9464274989274,10,"experience",10,"exp3"
"5c4a4b329ba9e00001ffc4f3",92,10,5.9464274989274,10,"experience",10,"exp3"
"5c4a4b329ba9e00001ffc4f3",93,2,4,2,"experience",2,"exp3"
"5c4a4b329ba9e00001ffc4f3",94,10,5.9464274989274,10,"experience",10,"exp3"
"5c4a4b329ba9e00001ffc4f3",95,10,5.9464274989274,10,"experience",10,"exp3"
"5c4a4b329ba9e00001ffc4f3",96,2,4,2,"experience",2,"exp3"
"5c4a4b329ba9e00001ffc4f3",97,2,4,2,"experience",2,"exp3"
"5c4a4b329ba9e00001ffc4f3",98,2,4,2,"experience",2,"exp3"
"5c4a4b329ba9e00001ffc4f3",99,10,5.9464274989274,10,"experience",10,"exp3"
"5c4a4b329ba9e00001ffc4f3",100,2,4,2,"experience",2,"exp3"
"5c4a4b329ba9e00001ffc4f3",101,10,5.9464274989274,10,"experience",10,"exp3"
"5c4a4b329ba9e00001ffc4f3",102,10,5.9464274989274,10,"experience",10,"exp3"
"5c4a4b329ba9e00001ffc4f3",103,2,4,2,"experience",2,"exp3"
"5c4a4b329ba9e00001ffc4f3",104,10,5.9464274989274,10,"experience",10,"exp3"
"5c4a4b329ba9e00001ffc4f3",105,10,5.9464274989274,10,"experience",10,"exp3"
"5c4a4b329ba9e00001ffc4f3",106,10,5.9464274989274,10,"experience",10,"exp3"
"5c4a4b329ba9e00001ffc4f3",107,10,5.9464274989274,10,"experience",10,"exp3"
"5c4a4b329ba9e00001ffc4f3",108,10,5.9464274989274,10,"experience",10,"exp3"
"5c4a4b329ba9e00001ffc4f3",6,10,6.04648658313239,10,"experience",10,"exp3"
"5c4a4b329ba9e00001ffc4f3",9,2,4.5,2,"experience",2,"exp3"
"5c4a4b329ba9e00001ffc4f3",13,2,4,2,"experience",2,"exp3"
"5c4a4b329ba9e00001ffc4f3",14,20,5.5,20,"experience",20,"exp3"
"5c4a4b329ba9e00001ffc4f3",15,20,5.5,20,"experience",20,"exp3"
"5c4a4b329ba9e00001ffc4f3",16,2,4,2,"experience",2,"exp3"
"5c4a4b329ba9e00001ffc4f3",17,2,4,2,"experience",2,"exp3"
"5c4a4b329ba9e00001ffc4f3",18,2,4,2,"experience",2,"exp3"
"5c4a4b329ba9e00001ffc4f3",19,20,5.5,20,"experience",20,"exp3"
"5c4a4b329ba9e00001ffc4f3",20,2,4,2,"experience",2,"exp3"
"5c4a4b329ba9e00001ffc4f3",21,2,4,2,"experience",2,"exp3"
"5c4a4b329ba9e00001ffc4f3",22,20,5.5,20,"experience",20,"exp3"
"5c4a4b329ba9e00001ffc4f3",23,20,5.5,20,"experience",20,"exp3"
"5c4a4b329ba9e00001ffc4f3",24,20,5.5,20,"experience",20,"exp3"
"5c4a4b329ba9e00001ffc4f3",25,20,5.5,20,"experience",20,"exp3"
"5c4a4b329ba9e00001ffc4f3",26,20,5.5,20,"experience",20,"exp3"
"5c4a4b329ba9e00001ffc4f3",27,2,4,2,"experience",2,"exp3"
"5c4a4b329ba9e00001ffc4f3",28,2,4,2,"experience",2,"exp3"
"5c4a4b329ba9e00001ffc4f3",29,20,5.5,20,"experience",20,"exp3"
"5c4a4b329ba9e00001ffc4f3",30,2,4,2,"experience",2,"exp3"
"5c4a4b329ba9e00001ffc4f3",31,20,5.5,20,"experience",20,"exp3"
"5c4a4b329ba9e00001ffc4f3",32,20,5.5,20,"experience",20,"exp3"
"5c4a4b329ba9e00001ffc4f3",33,2,4,2,"experience",2,"exp3"
"5c4a4b329ba9e00001ffc4f3",34,20,5.5,20,"experience",20,"exp3"
"5c4a4b329ba9e00001ffc4f3",35,20,5.5,20,"experience",20,"exp3"
"5c4a4b329ba9e00001ffc4f3",36,20,5.5,20,"experience",20,"exp3"
"5c4a4b329ba9e00001ffc4f3",37,20,5.5,20,"experience",20,"exp3"
"5c4a4b329ba9e00001ffc4f3",38,2,4,2,"experience",2,"exp3"
"5c4a4b329ba9e00001ffc4f3",39,20,5.5,20,"experience",20,"exp3"
"5c4a4b329ba9e00001ffc4f3",40,2,4,2,"experience",2,"exp3"
"5c4a4b329ba9e00001ffc4f3",41,2,4,2,"experience",2,"exp3"
"5c4a4b329ba9e00001ffc4f3",42,2,4,2,"experience",2,"exp3"
"5c4a4b329ba9e00001ffc4f3",43,2,4,2,"experience",2,"exp3"
"5c4a4b329ba9e00001ffc4f3",44,2,4,2,"experience",2,"exp3"
"5c4a4b329ba9e00001ffc4f3",45,10,5.9464274989274,10,"experience",10,"exp3"
"5c4a4b329ba9e00001ffc4f3",46,10,5.9464274989274,10,"experience",10,"exp3"
"5c4a4b329ba9e00001ffc4f3",47,10,5.9464274989274,10,"experience",10,"exp3"
"5c4a4b329ba9e00001ffc4f3",48,10,5.9464274989274,10,"experience",10,"exp3"
"5c4a4b329ba9e00001ffc4f3",49,10,5.9464274989274,10,"experience",10,"exp3"
"5c4a4b329ba9e00001ffc4f3",50,10,5.9464274989274,10,"experience",10,"exp3"
"5c4a4b329ba9e00001ffc4f3",51,10,5.9464274989274,10,"experience",10,"exp3"
"5c4a4b329ba9e00001ffc4f3",52,10,5.9464274989274,10,"experience",10,"exp3"
"5c4a4b329ba9e00001ffc4f3",53,10,5.9464274989274,10,"experience",10,"exp3"
"5c4a4b329ba9e00001ffc4f3",54,10,5.9464274989274,10,"experience",10,"exp3"
"5c4a4b329ba9e00001ffc4f3",55,10,5.9464274989274,10,"experience",10,"exp3"
"5c4a4b329ba9e00001ffc4f3",56,10,5.9464274989274,10,"experience",10,"exp3"
"5c4a4b329ba9e00001ffc4f3",57,10,5.9464274989274,10,"experience",10,"exp3"
"5c4a4b329ba9e00001ffc4f3",58,10,5.9464274989274,10,"experience",10,"exp3"
"5c4a4b329ba9e00001ffc4f3",59,10,5.9464274989274,10,"experience",10,"exp3"
"5c4a4b329ba9e00001ffc4f3",60,10,5.9464274989274,10,"experience",10,"exp3"
"5c4a4b329ba9e00001ffc4f3",61,20,5.5,20,"experience",20,"exp3"
"5c4a4b329ba9e00001ffc4f3",62,20,5.5,20,"experience",20,"exp3"
"5c4a4b329ba9e00001ffc4f3",63,20,5.5,20,"experience",20,"exp3"
"5c4a4b329ba9e00001ffc4f3",64,2,4,2,"experience",2,"exp3"
"5c4a4b329ba9e00001ffc4f3",65,20,5.5,20,"experience",20,"exp3"
"5c4a4b329ba9e00001ffc4f3",66,20,5.5,20,"experience",20,"exp3"
"5c4a4b329ba9e00001ffc4f3",67,20,5.5,20,"experience",20,"exp3"
"5c4a4b329ba9e00001ffc4f3",68,20,5.5,20,"experience",20,"exp3"
"5c4a4b329ba9e00001ffc4f3",69,20,5.5,20,"experience",20,"exp3"
"5c4a4b329ba9e00001ffc4f3",70,2,4,2,"experience",2,"exp3"
"5c4a4b329ba9e00001ffc4f3",71,10,5.9464274989274,10,"experience",10,"exp3"
"5c4a4b329ba9e00001ffc4f3",72,20,5.5,20,"experience",20,"exp3"
"5c4a4b329ba9e00001ffc4f3",73,20,5.5,20,"experience",20,"exp3"
"5c4a4b329ba9e00001ffc4f3",74,20,5.5,20,"experience",20,"exp3"
"5c4a4b329ba9e00001ffc4f3",75,10,5.9464274989274,10,"experience",10,"exp3"
"5c4a4b329ba9e00001ffc4f3",76,20,5.5,20,"experience",20,"exp3"
"5c4a4b329ba9e00001ffc4f3",77,2,4,2,"experience",2,"exp3"
"5c4a4b329ba9e00001ffc4f3",78,2,4,2,"experience",2,"exp3"
"5c4a4b329ba9e00001ffc4f3",79,20,5.5,20,"experience",20,"exp3"
"5c4a4b329ba9e00001ffc4f3",80,20,5.5,20,"experience",20,"exp3"
"5c4a4b329ba9e00001ffc4f3",81,2,4,2,"experience",2,"exp3"
"5c4a4b329ba9e00001ffc4f3",82,20,5.5,20,"experience",20,"exp3"
"5c4a4b329ba9e00001ffc4f3",83,2,4,2,"experience",2,"exp3"
"5c4a4b329ba9e00001ffc4f3",84,20,5.5,20,"experience",20,"exp3"
"5c4a4b329ba9e00001ffc4f3",85,2,4,2,"experience",2,"exp3"
"5c4a4b329ba9e00001ffc4f3",86,2,4,2,"experience",2,"exp3"
"5c4a4b329ba9e00001ffc4f3",87,2,4,2,"experience",2,"exp3"
"5c4a4b329ba9e00001ffc4f3",88,10,5.9464274989274,10,"experience",10,"exp3"
"5c4a4b329ba9e00001ffc4f3",89,10,5.9464274989274,10,"experience",10,"exp3"
"5c4a4b329ba9e00001ffc4f3",90,2,4,2,"experience",2,"exp3"
"5c4a4b329ba9e00001ffc4f3",91,10,5.9464274989274,10,"experience",10,"exp3"
"5c4a4b329ba9e00001ffc4f3",92,10,5.9464274989274,10,"experience",10,"exp3"
"5c4a4b329ba9e00001ffc4f3",93,2,4,2,"experience",2,"exp3"
"5c4a4b329ba9e00001ffc4f3",94,10,5.9464274989274,10,"experience",10,"exp3"
"5c4a4b329ba9e00001ffc4f3",95,10,5.9464274989274,10,"experience",10,"exp3"
"5c4a4b329ba9e00001ffc4f3",96,2,4,2,"experience",2,"exp3"
"5c4a4b329ba9e00001ffc4f3",97,2,4,2,"experience",2,"exp3"
"5c4a4b329ba9e00001ffc4f3",98,2,4,2,"experience",2,"exp3"
"5c4a4b329ba9e00001ffc4f3",99,10,5.9464274989274,10,"experience",10,"exp3"
"5c4a4b329ba9e00001ffc4f3",100,2,4,2,"experience",2,"exp3"
"5c4a4b329ba9e00001ffc4f3",101,10,5.9464274989274,10,"experience",10,"exp3"
"5c4a4b329ba9e00001ffc4f3",102,10,5.9464274989274,10,"experience",10,"exp3"
"5c4a4b329ba9e00001ffc4f3",103,2,4,2,"experience",2,"exp3"
"5c4a4b329ba9e00001ffc4f3",104,10,5.9464274989274,10,"experience",10,"exp3"
"5c4a4b329ba9e00001ffc4f3",105,10,5.9464274989274,10,"experience",10,"exp3"
"5c4a4b329ba9e00001ffc4f3",106,10,5.9464274989274,10,"experience",10,"exp3"
"5c4a4b329ba9e00001ffc4f3",107,10,5.9464274989274,10,"experience",10,"exp3"
"5c4a4b329ba9e00001ffc4f3",108,10,5.9464274989274,10,"experience",10,"exp3"
"5c2fcd716ea6880001dc8e3d",13,2,4,2,"experience",2,"exp3"
"5c2fcd716ea6880001dc8e3d",14,2,4,2,"experience",2,"exp3"
"5c2fcd716ea6880001dc8e3d",15,10,5.9464274989274,10,"experience",10,"exp3"
"5c2fcd716ea6880001dc8e3d",16,20,5.5,20,"experience",20,"exp3"
"5c2fcd716ea6880001dc8e3d",17,2,4,2,"experience",2,"exp3"
"5c2fcd716ea6880001dc8e3d",18,2,4,2,"experience",2,"exp3"
"5c2fcd716ea6880001dc8e3d",19,10,5.9464274989274,10,"experience",10,"exp3"
"5c2fcd716ea6880001dc8e3d",20,20,5.5,20,"experience",20,"exp3"
"5c2fcd716ea6880001dc8e3d",21,20,5.5,20,"experience",20,"exp3"
"5c2fcd716ea6880001dc8e3d",22,2,4,2,"experience",2,"exp3"
"5c2fcd716ea6880001dc8e3d",23,10,5.9464274989274,10,"experience",10,"exp3"
"5c2fcd716ea6880001dc8e3d",24,20,5.5,20,"experience",20,"exp3"
"5c2fcd716ea6880001dc8e3d",25,20,5.5,20,"experience",20,"exp3"
"5c2fcd716ea6880001dc8e3d",26,20,5.5,20,"experience",20,"exp3"
"5c2fcd716ea6880001dc8e3d",27,10,5.9464274989274,10,"experience",10,"exp3"
"5c2fcd716ea6880001dc8e3d",28,2,4,2,"experience",2,"exp3"
"5c2fcd716ea6880001dc8e3d",29,20,5.5,20,"experience",20,"exp3"
"5c2fcd716ea6880001dc8e3d",30,10,5.9464274989274,10,"experience",10,"exp3"
"5c2fcd716ea6880001dc8e3d",31,2,4,2,"experience",2,"exp3"
"5c2fcd716ea6880001dc8e3d",32,10,5.9464274989274,10,"experience",10,"exp3"
"5c2fcd716ea6880001dc8e3d",33,10,5.9464274989274,10,"experience",10,"exp3"
"5c2fcd716ea6880001dc8e3d",34,20,5.5,20,"experience",20,"exp3"
"5c2fcd716ea6880001dc8e3d",35,20,5.5,20,"experience",20,"exp3"
"5c2fcd716ea6880001dc8e3d",36,10,5.9464274989274,10,"experience",10,"exp3"
"5c2fcd716ea6880001dc8e3d",37,20,5.5,20,"experience",20,"exp3"
"5c2fcd716ea6880001dc8e3d",38,10,5.9464274989274,10,"experience",10,"exp3"
"5c2fcd716ea6880001dc8e3d",39,2,4,2,"experience",2,"exp3"
"5c2fcd716ea6880001dc8e3d",40,10,5.9464274989274,10,"experience",10,"exp3"
"5c2fcd716ea6880001dc8e3d",41,2,4,2,"experience",2,"exp3"
"5c2fcd716ea6880001dc8e3d",42,10,5.9464274989274,10,"experience",10,"exp3"
"5c2fcd716ea6880001dc8e3d",43,20,5.5,20,"experience",20,"exp3"
"5c2fcd716ea6880001dc8e3d",44,10,5.9464274989274,10,"experience",10,"exp3"
"5c2fcd716ea6880001dc8e3d",45,2,4,2,"experience",2,"exp3"
"5c2fcd716ea6880001dc8e3d",46,2,4,2,"experience",2,"exp3"
"5c2fcd716ea6880001dc8e3d",47,10,5.9464274989274,10,"experience",10,"exp3"
"5c2fcd716ea6880001dc8e3d",48,2,4,2,"experience",2,"exp3"
"5c2fcd716ea6880001dc8e3d",49,2,4,2,"experience",2,"exp3"
"5c2fcd716ea6880001dc8e3d",50,20,5.5,20,"experience",20,"exp3"
"5c2fcd716ea6880001dc8e3d",51,20,5.5,20,"experience",20,"exp3"
"5c2fcd716ea6880001dc8e3d",52,2,4,2,"experience",2,"exp3"
"5c2fcd716ea6880001dc8e3d",53,10,5.9464274989274,10,"experience",10,"exp3"
"5c2fcd716ea6880001dc8e3d",54,20,5.5,20,"experience",20,"exp3"
"5c2fcd716ea6880001dc8e3d",55,20,5.5,20,"experience",20,"exp3"
"5c2fcd716ea6880001dc8e3d",56,2,4,2,"experience",2,"exp3"
"5c2fcd716ea6880001dc8e3d",57,20,5.5,20,"experience",20,"exp3"
"5c2fcd716ea6880001dc8e3d",58,10,5.9464274989274,10,"experience",10,"exp3"
"5c2fcd716ea6880001dc8e3d",59,2,4,2,"experience",2,"exp3"
"5c2fcd716ea6880001dc8e3d",60,10,5.9464274989274,10,"experience",10,"exp3"
"5c2fcd716ea6880001dc8e3d",61,2,4,2,"experience",2,"exp3"
"5c2fcd716ea6880001dc8e3d",62,2,4,2,"experience",2,"exp3"
"5c2fcd716ea6880001dc8e3d",63,2,4,2,"experience",2,"exp3"
"5c2fcd716ea6880001dc8e3d",64,10,5.9464274989274,10,"experience",10,"exp3"
"5c2fcd716ea6880001dc8e3d",65,10,5.9464274989274,10,"experience",10,"exp3"
"5c2fcd716ea6880001dc8e3d",66,20,5.5,20,"experience",20,"exp3"
"5c2fcd716ea6880001dc8e3d",67,10,5.9464274989274,10,"experience",10,"exp3"
"5c2fcd716ea6880001dc8e3d",68,20,5.5,20,"experience",20,"exp3"
"5c2fcd716ea6880001dc8e3d",69,10,5.9464274989274,10,"experience",10,"exp3"
"5c2fcd716ea6880001dc8e3d",70,20,5.5,20,"experience",20,"exp3"
"5c2fcd716ea6880001dc8e3d",71,20,5.5,20,"experience",20,"exp3"
"5c2fcd716ea6880001dc8e3d",72,20,5.5,20,"experience",20,"exp3"
"5c2fcd716ea6880001dc8e3d",73,10,5.9464274989274,10,"experience",10,"exp3"
"5c2fcd716ea6880001dc8e3d",74,10,5.9464274989274,10,"experience",10,"exp3"
"5c2fcd716ea6880001dc8e3d",75,2,4,2,"experience",2,"exp3"
"5c2fcd716ea6880001dc8e3d",76,20,5.5,20,"experience",20,"exp3"
"5c2fcd716ea6880001dc8e3d",77,2,4,2,"experience",2,"exp3"
"5c2fcd716ea6880001dc8e3d",78,2,4,2,"experience",2,"exp3"
"5c2fcd716ea6880001dc8e3d",79,20,5.5,20,"experience",20,"exp3"
"5c2fcd716ea6880001dc8e3d",80,2,4,2,"experience",2,"exp3"
"5c2fcd716ea6880001dc8e3d",81,10,5.9464274989274,10,"experience",10,"exp3"
"5c2fcd716ea6880001dc8e3d",82,10,5.9464274989274,10,"experience",10,"exp3"
"5c2fcd716ea6880001dc8e3d",83,2,4,2,"experience",2,"exp3"
"5c2fcd716ea6880001dc8e3d",84,10,5.9464274989274,10,"experience",10,"exp3"
"5c2fcd716ea6880001dc8e3d",85,10,5.9464274989274,10,"experience",10,"exp3"
"5c2fcd716ea6880001dc8e3d",86,2,4,2,"experience",2,"exp3"
"5c2fcd716ea6880001dc8e3d",87,20,5.5,20,"experience",20,"exp3"
"5c2fcd716ea6880001dc8e3d",88,10,5.9464274989274,10,"experience",10,"exp3"
"5c2fcd716ea6880001dc8e3d",89,2,4,2,"experience",2,"exp3"
"5c2fcd716ea6880001dc8e3d",90,20,5.5,20,"experience",20,"exp3"
"5c2fcd716ea6880001dc8e3d",91,20,5.5,20,"experience",20,"exp3"
"5c2fcd716ea6880001dc8e3d",92,10,5.9464274989274,10,"experience",10,"exp3"
"5c2fcd716ea6880001dc8e3d",93,20,5.5,20,"experience",20,"exp3"
"5c2fcd716ea6880001dc8e3d",94,20,5.5,20,"experience",20,"exp3"
"5c2fcd716ea6880001dc8e3d",95,2,4,2,"experience",2,"exp3"
"5c2fcd716ea6880001dc8e3d",96,20,5.5,20,"experience",20,"exp3"
"5c2fcd716ea6880001dc8e3d",97,10,5.9464274989274,10,"experience",10,"exp3"
"5c2fcd716ea6880001dc8e3d",98,2,4,2,"experience",2,"exp3"
"5c2fcd716ea6880001dc8e3d",99,20,5.5,20,"experience",20,"exp3"
"5c2fcd716ea6880001dc8e3d",100,2,4,2,"experience",2,"exp3"
"5c2fcd716ea6880001dc8e3d",101,20,5.5,20,"experience",20,"exp3"
"5c2fcd716ea6880001dc8e3d",102,10,5.9464274989274,10,"experience",10,"exp3"
"5c2fcd716ea6880001dc8e3d",103,2,4,2,"experience",2,"exp3"
"5c2fcd716ea6880001dc8e3d",104,2,4,2,"experience",2,"exp3"
"5c2fcd716ea6880001dc8e3d",105,10,5.9464274989274,10,"experience",10,"exp3"
"5c2fcd716ea6880001dc8e3d",106,2,4,2,"experience",2,"exp3"
"5c2fcd716ea6880001dc8e3d",107,20,5.5,20,"experience",20,"exp3"
"5c2fcd716ea6880001dc8e3d",108,10,5.9464274989274,10,"experience",10,"exp3"
"651090beae417ded35c4ef2f",2,2,0.5,2,"experience",2,"exp3"
"63cdba9e0c27bf2817c222d0",2,2,8,2,"experience",2,"exp3"
"63cdba9e0c27bf2817c222d0",6,2,5,2,"experience",2,"exp3"
"63cdba9e0c27bf2817c222d0",8,10,6.11637147334921,10,"experience",10,"exp3"
"63cdba9e0c27bf2817c222d0",9,2,1.5,2,"experience",2,"exp3"
"63cdba9e0c27bf2817c222d0",11,10,5.10294032886923,10,"experience",10,"exp3"
"63cdba9e0c27bf2817c222d0",13,10,5.9464274989274,10,"experience",10,"exp3"
"63cdba9e0c27bf2817c222d0",14,20,5.5,20,"experience",20,"exp3"
"63cdba9e0c27bf2817c222d0",15,10,5.9464274989274,10,"experience",10,"exp3"
"63cdba9e0c27bf2817c222d0",16,2,4,2,"experience",2,"exp3"
"63cdba9e0c27bf2817c222d0",17,2,4,2,"experience",2,"exp3"
"63cdba9e0c27bf2817c222d0",18,2,4,2,"experience",2,"exp3"
"63cdba9e0c27bf2817c222d0",19,2,4,2,"experience",2,"exp3"
"63cdba9e0c27bf2817c222d0",20,10,5.9464274989274,10,"experience",10,"exp3"
"63cdba9e0c27bf2817c222d0",21,2,4,2,"experience",2,"exp3"
"63cdba9e0c27bf2817c222d0",22,10,5.9464274989274,10,"experience",10,"exp3"
"63cdba9e0c27bf2817c222d0",23,20,5.5,20,"experience",20,"exp3"
"63cdba9e0c27bf2817c222d0",24,20,5.5,20,"experience",20,"exp3"
"63cdba9e0c27bf2817c222d0",25,10,5.9464274989274,10,"experience",10,"exp3"
"63cdba9e0c27bf2817c222d0",26,2,4,2,"experience",2,"exp3"
"63cdba9e0c27bf2817c222d0",27,20,5.5,20,"experience",20,"exp3"
"63cdba9e0c27bf2817c222d0",28,20,5.5,20,"experience",20,"exp3"
"63cdba9e0c27bf2817c222d0",29,2,4,2,"experience",2,"exp3"
"63cdba9e0c27bf2817c222d0",30,20,5.5,20,"experience",20,"exp3"
"63cdba9e0c27bf2817c222d0",31,20,5.5,20,"experience",20,"exp3"
"63cdba9e0c27bf2817c222d0",32,20,5.5,20,"experience",20,"exp3"
"63cdba9e0c27bf2817c222d0",33,2,4,2,"experience",2,"exp3"
"63cdba9e0c27bf2817c222d0",34,10,5.9464274989274,10,"experience",10,"exp3"
"63cdba9e0c27bf2817c222d0",35,2,4,2,"experience",2,"exp3"
"63cdba9e0c27bf2817c222d0",36,2,4,2,"experience",2,"exp3"
"63cdba9e0c27bf2817c222d0",37,10,5.9464274989274,10,"experience",10,"exp3"
"63cdba9e0c27bf2817c222d0",38,10,5.9464274989274,10,"experience",10,"exp3"
"63cdba9e0c27bf2817c222d0",39,10,5.9464274989274,10,"experience",10,"exp3"
"63cdba9e0c27bf2817c222d0",40,10,5.9464274989274,10,"experience",10,"exp3"
"63cdba9e0c27bf2817c222d0",41,20,5.5,20,"experience",20,"exp3"
"63cdba9e0c27bf2817c222d0",42,20,5.5,20,"experience",20,"exp3"
"63cdba9e0c27bf2817c222d0",43,2,4,2,"experience",2,"exp3"
"63cdba9e0c27bf2817c222d0",44,20,5.5,20,"experience",20,"exp3"
"63cdba9e0c27bf2817c222d0",45,2,4,2,"experience",2,"exp3"
"63cdba9e0c27bf2817c222d0",46,10,5.9464274989274,10,"experience",10,"exp3"
"63cdba9e0c27bf2817c222d0",47,2,4,2,"experience",2,"exp3"
"63cdba9e0c27bf2817c222d0",48,2,4,2,"experience",2,"exp3"
"63cdba9e0c27bf2817c222d0",49,2,4,2,"experience",2,"exp3"
"63cdba9e0c27bf2817c222d0",50,10,5.9464274989274,10,"experience",10,"exp3"
"63cdba9e0c27bf2817c222d0",51,20,5.5,20,"experience",20,"exp3"
"63cdba9e0c27bf2817c222d0",52,20,5.5,20,"experience",20,"exp3"
"63cdba9e0c27bf2817c222d0",53,10,5.9464274989274,10,"experience",10,"exp3"
"63cdba9e0c27bf2817c222d0",54,10,5.9464274989274,10,"experience",10,"exp3"
"63cdba9e0c27bf2817c222d0",55,10,5.9464274989274,10,"experience",10,"exp3"
"63cdba9e0c27bf2817c222d0",56,20,5.5,20,"experience",20,"exp3"
"63cdba9e0c27bf2817c222d0",57,2,4,2,"experience",2,"exp3"
"63cdba9e0c27bf2817c222d0",58,20,5.5,20,"experience",20,"exp3"
"63cdba9e0c27bf2817c222d0",59,20,5.5,20,"experience",20,"exp3"
"63cdba9e0c27bf2817c222d0",60,10,5.9464274989274,10,"experience",10,"exp3"
"63cdba9e0c27bf2817c222d0",61,20,5.5,20,"experience",20,"exp3"
"63cdba9e0c27bf2817c222d0",62,20,5.5,20,"experience",20,"exp3"
"63cdba9e0c27bf2817c222d0",63,2,4,2,"experience",2,"exp3"
"63cdba9e0c27bf2817c222d0",64,20,5.5,20,"experience",20,"exp3"
"63cdba9e0c27bf2817c222d0",65,2,4,2,"experience",2,"exp3"
"63cdba9e0c27bf2817c222d0",66,2,4,2,"experience",2,"exp3"
"63cdba9e0c27bf2817c222d0",67,2,4,2,"experience",2,"exp3"
"63cdba9e0c27bf2817c222d0",68,2,4,2,"experience",2,"exp3"
"63cdba9e0c27bf2817c222d0",69,20,5.5,20,"experience",20,"exp3"
"63cdba9e0c27bf2817c222d0",70,10,5.9464274989274,10,"experience",10,"exp3"
"63cdba9e0c27bf2817c222d0",71,10,5.9464274989274,10,"experience",10,"exp3"
"63cdba9e0c27bf2817c222d0",72,10,5.9464274989274,10,"experience",10,"exp3"
"63cdba9e0c27bf2817c222d0",73,10,5.9464274989274,10,"experience",10,"exp3"
"63cdba9e0c27bf2817c222d0",74,10,5.9464274989274,10,"experience",10,"exp3"
"63cdba9e0c27bf2817c222d0",75,10,5.9464274989274,10,"experience",10,"exp3"
"63cdba9e0c27bf2817c222d0",76,2,4,2,"experience",2,"exp3"
"63cdba9e0c27bf2817c222d0",77,10,5.9464274989274,10,"experience",10,"exp3"
"63cdba9e0c27bf2817c222d0",78,2,4,2,"experience",2,"exp3"
"63cdba9e0c27bf2817c222d0",79,20,5.5,20,"experience",20,"exp3"
"63cdba9e0c27bf2817c222d0",80,10,5.9464274989274,10,"experience",10,"exp3"
"63cdba9e0c27bf2817c222d0",81,2,4,2,"experience",2,"exp3"
"63cdba9e0c27bf2817c222d0",82,20,5.5,20,"experience",20,"exp3"
"63cdba9e0c27bf2817c222d0",83,10,5.9464274989274,10,"experience",10,"exp3"
"63cdba9e0c27bf2817c222d0",84,20,5.5,20,"experience",20,"exp3"
"63cdba9e0c27bf2817c222d0",85,2,4,2,"experience",2,"exp3"
"63cdba9e0c27bf2817c222d0",86,10,5.9464274989274,10,"experience",10,"exp3"
"63cdba9e0c27bf2817c222d0",87,2,4,2,"experience",2,"exp3"
"63cdba9e0c27bf2817c222d0",88,20,5.5,20,"experience",20,"exp3"
"63cdba9e0c27bf2817c222d0",89,20,5.5,20,"experience",20,"exp3"
"63cdba9e0c27bf2817c222d0",90,2,4,2,"experience",2,"exp3"
"63cdba9e0c27bf2817c222d0",91,10,5.9464274989274,10,"experience",10,"exp3"
"63cdba9e0c27bf2817c222d0",92,20,5.5,20,"experience",20,"exp3"
"63cdba9e0c27bf2817c222d0",93,10,5.9464274989274,10,"experience",10,"exp3"
"63cdba9e0c27bf2817c222d0",94,20,5.5,20,"experience",20,"exp3"
"63cdba9e0c27bf2817c222d0",95,20,5.5,20,"experience",20,"exp3"
"63cdba9e0c27bf2817c222d0",96,2,4,2,"experience",2,"exp3"
"63cdba9e0c27bf2817c222d0",97,2,4,2,"experience",2,"exp3"
"63cdba9e0c27bf2817c222d0",98,10,5.9464274989274,10,"experience",10,"exp3"
"63cdba9e0c27bf2817c222d0",99,20,5.5,20,"experience",20,"exp3"
"63cdba9e0c27bf2817c222d0",100,10,5.9464274989274,10,"experience",10,"exp3"
"63cdba9e0c27bf2817c222d0",101,2,4,2,"experience",2,"exp3"
"63cdba9e0c27bf2817c222d0",102,2,4,2,"experience",2,"exp3"
"63cdba9e0c27bf2817c222d0",103,2,4,2,"experience",2,"exp3"
"63cdba9e0c27bf2817c222d0",104,20,5.5,20,"experience",20,"exp3"
"63cdba9e0c27bf2817c222d0",105,10,5.9464274989274,10,"experience",10,"exp3"
"63cdba9e0c27bf2817c222d0",106,20,5.5,20,"experience",20,"exp3"
"63cdba9e0c27bf2817c222d0",107,20,5.5,20,"experience",20,"exp3"
"63cdba9e0c27bf2817c222d0",108,10,5.9464274989274,10,"experience",10,"exp3"
"566a19b57da035000fb39b89",1,10,4.19046536795139,10,"experience",10,"exp3"
"566a19b57da035000fb39b89",13,2,4,2,"experience",2,"exp3"
"566a19b57da035000fb39b89",14,10,5.9464274989274,10,"experience",10,"exp3"
"566a19b57da035000fb39b89",15,2,4,2,"experience",2,"exp3"
"566a19b57da035000fb39b89",16,10,5.9464274989274,10,"experience",10,"exp3"
"566a19b57da035000fb39b89",17,20,5.5,20,"experience",20,"exp3"
"566a19b57da035000fb39b89",18,2,4,2,"experience",2,"exp3"
"566a19b57da035000fb39b89",19,20,5.5,20,"experience",20,"exp3"
"566a19b57da035000fb39b89",20,2,4,2,"experience",2,"exp3"
"566a19b57da035000fb39b89",21,20,5.5,20,"experience",20,"exp3"
"566a19b57da035000fb39b89",22,20,5.5,20,"experience",20,"exp3"
"566a19b57da035000fb39b89",23,2,4,2,"experience",2,"exp3"
"566a19b57da035000fb39b89",24,10,5.9464274989274,10,"experience",10,"exp3"
"566a19b57da035000fb39b89",25,10,5.9464274989274,10,"experience",10,"exp3"
"566a19b57da035000fb39b89",26,10,5.9464274989274,10,"experience",10,"exp3"
"566a19b57da035000fb39b89",27,20,5.5,20,"experience",20,"exp3"
"566a19b57da035000fb39b89",28,2,4,2,"experience",2,"exp3"
"566a19b57da035000fb39b89",29,10,5.9464274989274,10,"experience",10,"exp3"
"566a19b57da035000fb39b89",30,2,4,2,"experience",2,"exp3"
"566a19b57da035000fb39b89",31,20,5.5,20,"experience",20,"exp3"
"566a19b57da035000fb39b89",32,10,5.9464274989274,10,"experience",10,"exp3"
"566a19b57da035000fb39b89",33,2,4,2,"experience",2,"exp3"
"566a19b57da035000fb39b89",34,2,4,2,"experience",2,"exp3"
"566a19b57da035000fb39b89",35,2,4,2,"experience",2,"exp3"
"566a19b57da035000fb39b89",36,2,4,2,"experience",2,"exp3"
"566a19b57da035000fb39b89",37,2,4,2,"experience",2,"exp3"
"566a19b57da035000fb39b89",38,10,5.9464274989274,10,"experience",10,"exp3"
"566a19b57da035000fb39b89",39,10,5.9464274989274,10,"experience",10,"exp3"
"566a19b57da035000fb39b89",40,2,4,2,"experience",2,"exp3"
"566a19b57da035000fb39b89",41,10,5.9464274989274,10,"experience",10,"exp3"
"566a19b57da035000fb39b89",42,20,5.5,20,"experience",20,"exp3"
"566a19b57da035000fb39b89",43,20,5.5,20,"experience",20,"exp3"
"566a19b57da035000fb39b89",44,2,4,2,"experience",2,"exp3"
"566a19b57da035000fb39b89",45,10,5.9464274989274,10,"experience",10,"exp3"
"566a19b57da035000fb39b89",46,20,5.5,20,"experience",20,"exp3"
"566a19b57da035000fb39b89",47,20,5.5,20,"experience",20,"exp3"
"566a19b57da035000fb39b89",48,2,4,2,"experience",2,"exp3"
"566a19b57da035000fb39b89",49,20,5.5,20,"experience",20,"exp3"
"566a19b57da035000fb39b89",50,20,5.5,20,"experience",20,"exp3"
"566a19b57da035000fb39b89",51,10,5.9464274989274,10,"experience",10,"exp3"
"566a19b57da035000fb39b89",52,10,5.9464274989274,10,"experience",10,"exp3"
"566a19b57da035000fb39b89",53,20,5.5,20,"experience",20,"exp3"
"566a19b57da035000fb39b89",54,2,4,2,"experience",2,"exp3"
"566a19b57da035000fb39b89",55,20,5.5,20,"experience",20,"exp3"
"566a19b57da035000fb39b89",56,10,5.9464274989274,10,"experience",10,"exp3"
"566a19b57da035000fb39b89",57,20,5.5,20,"experience",20,"exp3"
"566a19b57da035000fb39b89",58,10,5.9464274989274,10,"experience",10,"exp3"
"566a19b57da035000fb39b89",59,10,5.9464274989274,10,"experience",10,"exp3"
"566a19b57da035000fb39b89",60,20,5.5,20,"experience",20,"exp3"
"566a19b57da035000fb39b89",61,20,5.5,20,"experience",20,"exp3"
"566a19b57da035000fb39b89",62,10,5.9464274989274,10,"experience",10,"exp3"
"566a19b57da035000fb39b89",63,20,5.5,20,"experience",20,"exp3"
"566a19b57da035000fb39b89",64,20,5.5,20,"experience",20,"exp3"
"566a19b57da035000fb39b89",65,2,4,2,"experience",2,"exp3"
"566a19b57da035000fb39b89",66,20,5.5,20,"experience",20,"exp3"
"566a19b57da035000fb39b89",67,10,5.9464274989274,10,"experience",10,"exp3"
"566a19b57da035000fb39b89",68,10,5.9464274989274,10,"experience",10,"exp3"
"566a19b57da035000fb39b89",69,10,5.9464274989274,10,"experience",10,"exp3"
"566a19b57da035000fb39b89",70,20,5.5,20,"experience",20,"exp3"
"566a19b57da035000fb39b89",71,10,5.9464274989274,10,"experience",10,"exp3"
"566a19b57da035000fb39b89",72,20,5.5,20,"experience",20,"exp3"
"566a19b57da035000fb39b89",73,2,4,2,"experience",2,"exp3"
"566a19b57da035000fb39b89",74,20,5.5,20,"experience",20,"exp3"
"566a19b57da035000fb39b89",75,20,5.5,20,"experience",20,"exp3"
"566a19b57da035000fb39b89",76,20,5.5,20,"experience",20,"exp3"
"566a19b57da035000fb39b89",77,10,5.9464274989274,10,"experience",10,"exp3"
"566a19b57da035000fb39b89",78,2,4,2,"experience",2,"exp3"
"566a19b57da035000fb39b89",79,2,4,2,"experience",2,"exp3"
"566a19b57da035000fb39b89",80,2,4,2,"experience",2,"exp3"
"566a19b57da035000fb39b89",81,10,5.9464274989274,10,"experience",10,"exp3"
"566a19b57da035000fb39b89",82,10,5.9464274989274,10,"experience",10,"exp3"
"566a19b57da035000fb39b89",83,10,5.9464274989274,10,"experience",10,"exp3"
"566a19b57da035000fb39b89",84,2,4,2,"experience",2,"exp3"
"566a19b57da035000fb39b89",85,10,5.9464274989274,10,"experience",10,"exp3"
"566a19b57da035000fb39b89",86,2,4,2,"experience",2,"exp3"
"566a19b57da035000fb39b89",87,20,5.5,20,"experience",20,"exp3"
"566a19b57da035000fb39b89",88,2,4,2,"experience",2,"exp3"
"566a19b57da035000fb39b89",89,2,4,2,"experience",2,"exp3"
"566a19b57da035000fb39b89",90,2,4,2,"experience",2,"exp3"
"566a19b57da035000fb39b89",91,20,5.5,20,"experience",20,"exp3"
"566a19b57da035000fb39b89",92,10,5.9464274989274,10,"experience",10,"exp3"
"566a19b57da035000fb39b89",93,10,5.9464274989274,10,"experience",10,"exp3"
"566a19b57da035000fb39b89",94,2,4,2,"experience",2,"exp3"
"566a19b57da035000fb39b89",95,20,5.5,20,"experience",20,"exp3"
"566a19b57da035000fb39b89",96,20,5.5,20,"experience",20,"exp3"
"566a19b57da035000fb39b89",97,10,5.9464274989274,10,"experience",10,"exp3"
"566a19b57da035000fb39b89",98,2,4,2,"experience",2,"exp3"
"566a19b57da035000fb39b89",99,10,5.9464274989274,10,"experience",10,"exp3"
"566a19b57da035000fb39b89",100,20,5.5,20,"experience",20,"exp3"
"566a19b57da035000fb39b89",101,10,5.9464274989274,10,"experience",10,"exp3"
"566a19b57da035000fb39b89",102,2,4,2,"experience",2,"exp3"
"566a19b57da035000fb39b89",103,2,4,2,"experience",2,"exp3"
"566a19b57da035000fb39b89",104,2,4,2,"experience",2,"exp3"
"566a19b57da035000fb39b89",105,2,4,2,"experience",2,"exp3"
"566a19b57da035000fb39b89",106,20,5.5,20,"experience",20,"exp3"
"566a19b57da035000fb39b89",107,10,5.9464274989274,10,"experience",10,"exp3"
"566a19b57da035000fb39b89",108,20,5.5,20,"experience",20,"exp3"
"66e5312010b7e7f8074c81a7",1,2,4,2,"experience",2,"exp3"
"66e5312010b7e7f8074c81a7",9,10,5.55337735076593,10,"experience",10,"exp3"
"66e5312010b7e7f8074c81a7",10,10,6.92820323027551,10,"experience",10,"exp3"
"66e5312010b7e7f8074c81a7",13,2,4,2,"experience",2,"exp3"
"66e5312010b7e7f8074c81a7",14,2,4,2,"experience",2,"exp3"
"66e5312010b7e7f8074c81a7",15,10,5.9464274989274,10,"experience",10,"exp3"
"66e5312010b7e7f8074c81a7",16,2,4,2,"experience",2,"exp3"
"66e5312010b7e7f8074c81a7",17,20,5.5,20,"experience",20,"exp3"
"66e5312010b7e7f8074c81a7",18,20,5.5,20,"experience",20,"exp3"
"66e5312010b7e7f8074c81a7",19,10,5.9464274989274,10,"experience",10,"exp3"
"66e5312010b7e7f8074c81a7",20,10,5.9464274989274,10,"experience",10,"exp3"
"66e5312010b7e7f8074c81a7",21,20,5.5,20,"experience",20,"exp3"
"66e5312010b7e7f8074c81a7",22,20,5.5,20,"experience",20,"exp3"
"66e5312010b7e7f8074c81a7",23,10,5.9464274989274,10,"experience",10,"exp3"
"66e5312010b7e7f8074c81a7",24,10,5.9464274989274,10,"experience",10,"exp3"
"66e5312010b7e7f8074c81a7",25,20,5.5,20,"experience",20,"exp3"
"66e5312010b7e7f8074c81a7",26,2,4,2,"experience",2,"exp3"
"66e5312010b7e7f8074c81a7",27,20,5.5,20,"experience",20,"exp3"
"66e5312010b7e7f8074c81a7",28,10,5.9464274989274,10,"experience",10,"exp3"
"66e5312010b7e7f8074c81a7",29,2,4,2,"experience",2,"exp3"
"66e5312010b7e7f8074c81a7",30,2,4,2,"experience",2,"exp3"
"66e5312010b7e7f8074c81a7",31,20,5.5,20,"experience",20,"exp3"
"66e5312010b7e7f8074c81a7",32,10,5.9464274989274,10,"experience",10,"exp3"
"66e5312010b7e7f8074c81a7",33,20,5.5,20,"experience",20,"exp3"
"66e5312010b7e7f8074c81a7",34,20,5.5,20,"experience",20,"exp3"
"66e5312010b7e7f8074c81a7",35,10,5.9464274989274,10,"experience",10,"exp3"
"66e5312010b7e7f8074c81a7",36,2,4,2,"experience",2,"exp3"
"66e5312010b7e7f8074c81a7",37,10,5.9464274989274,10,"experience",10,"exp3"
"66e5312010b7e7f8074c81a7",38,2,4,2,"experience",2,"exp3"
"66e5312010b7e7f8074c81a7",39,20,5.5,20,"experience",20,"exp3"
"66e5312010b7e7f8074c81a7",40,20,5.5,20,"experience",20,"exp3"
"66e5312010b7e7f8074c81a7",41,2,4,2,"experience",2,"exp3"
"66e5312010b7e7f8074c81a7",42,10,5.9464274989274,10,"experience",10,"exp3"
"66e5312010b7e7f8074c81a7",43,2,4,2,"experience",2,"exp3"
"66e5312010b7e7f8074c81a7",44,2,4,2,"experience",2,"exp3"
"66e5312010b7e7f8074c81a7",45,20,5.5,20,"experience",20,"exp3"
"66e5312010b7e7f8074c81a7",46,10,5.9464274989274,10,"experience",10,"exp3"
"66e5312010b7e7f8074c81a7",47,10,5.9464274989274,10,"experience",10,"exp3"
"66e5312010b7e7f8074c81a7",48,2,4,2,"experience",2,"exp3"
"66e5312010b7e7f8074c81a7",49,20,5.5,20,"experience",20,"exp3"
"66e5312010b7e7f8074c81a7",50,2,4,2,"experience",2,"exp3"
"66e5312010b7e7f8074c81a7",51,10,5.9464274989274,10,"experience",10,"exp3"
"66e5312010b7e7f8074c81a7",52,20,5.5,20,"experience",20,"exp3"
"66e5312010b7e7f8074c81a7",53,2,4,2,"experience",2,"exp3"
"66e5312010b7e7f8074c81a7",54,2,4,2,"experience",2,"exp3"
"66e5312010b7e7f8074c81a7",55,2,4,2,"experience",2,"exp3"
"66e5312010b7e7f8074c81a7",56,10,5.9464274989274,10,"experience",10,"exp3"
"66e5312010b7e7f8074c81a7",57,10,5.9464274989274,10,"experience",10,"exp3"
"66e5312010b7e7f8074c81a7",58,20,5.5,20,"experience",20,"exp3"
"66e5312010b7e7f8074c81a7",59,10,5.9464274989274,10,"experience",10,"exp3"
"66e5312010b7e7f8074c81a7",60,20,5.5,20,"experience",20,"exp3"
"66e5312010b7e7f8074c81a7",61,20,5.5,20,"experience",20,"exp3"
"66e5312010b7e7f8074c81a7",62,2,4,2,"experience",2,"exp3"
"66e5312010b7e7f8074c81a7",63,20,5.5,20,"experience",20,"exp3"
"66e5312010b7e7f8074c81a7",64,20,5.5,20,"experience",20,"exp3"
"66e5312010b7e7f8074c81a7",65,2,4,2,"experience",2,"exp3"
"66e5312010b7e7f8074c81a7",66,2,4,2,"experience",2,"exp3"
"66e5312010b7e7f8074c81a7",67,20,5.5,20,"experience",20,"exp3"
"66e5312010b7e7f8074c81a7",68,10,5.9464274989274,10,"experience",10,"exp3"
"66e5312010b7e7f8074c81a7",69,2,4,2,"experience",2,"exp3"
"66e5312010b7e7f8074c81a7",70,2,4,2,"experience",2,"exp3"
"66e5312010b7e7f8074c81a7",71,20,5.5,20,"experience",20,"exp3"
"66e5312010b7e7f8074c81a7",72,2,4,2,"experience",2,"exp3"
"66e5312010b7e7f8074c81a7",73,10,5.9464274989274,10,"experience",10,"exp3"
"66e5312010b7e7f8074c81a7",74,20,5.5,20,"experience",20,"exp3"
"66e5312010b7e7f8074c81a7",75,2,4,2,"experience",2,"exp3"
"66e5312010b7e7f8074c81a7",76,20,5.5,20,"experience",20,"exp3"
"66e5312010b7e7f8074c81a7",77,10,5.9464274989274,10,"experience",10,"exp3"
"66e5312010b7e7f8074c81a7",78,10,5.9464274989274,10,"experience",10,"exp3"
"66e5312010b7e7f8074c81a7",79,10,5.9464274989274,10,"experience",10,"exp3"
"66e5312010b7e7f8074c81a7",80,20,5.5,20,"experience",20,"exp3"
"66e5312010b7e7f8074c81a7",81,20,5.5,20,"experience",20,"exp3"
"66e5312010b7e7f8074c81a7",82,10,5.9464274989274,10,"experience",10,"exp3"
"66e5312010b7e7f8074c81a7",83,2,4,2,"experience",2,"exp3"
"66e5312010b7e7f8074c81a7",84,10,5.9464274989274,10,"experience",10,"exp3"
"66e5312010b7e7f8074c81a7",85,2,4,2,"experience",2,"exp3"
"66e5312010b7e7f8074c81a7",86,10,5.9464274989274,10,"experience",10,"exp3"
"66e5312010b7e7f8074c81a7",87,20,5.5,20,"experience",20,"exp3"
"66e5312010b7e7f8074c81a7",88,10,5.9464274989274,10,"experience",10,"exp3"
"66e5312010b7e7f8074c81a7",89,20,5.5,20,"experience",20,"exp3"
"66e5312010b7e7f8074c81a7",90,10,5.9464274989274,10,"experience",10,"exp3"
"66e5312010b7e7f8074c81a7",91,2,4,2,"experience",2,"exp3"
"66e5312010b7e7f8074c81a7",92,20,5.5,20,"experience",20,"exp3"
"66e5312010b7e7f8074c81a7",93,2,4,2,"experience",2,"exp3"
"66e5312010b7e7f8074c81a7",94,20,5.5,20,"experience",20,"exp3"
"66e5312010b7e7f8074c81a7",95,10,5.9464274989274,10,"experience",10,"exp3"
"66e5312010b7e7f8074c81a7",96,10,5.9464274989274,10,"experience",10,"exp3"
"66e5312010b7e7f8074c81a7",97,10,5.9464274989274,10,"experience",10,"exp3"
"66e5312010b7e7f8074c81a7",98,20,5.5,20,"experience",20,"exp3"
"66e5312010b7e7f8074c81a7",99,20,5.5,20,"experience",20,"exp3"
"66e5312010b7e7f8074c81a7",100,10,5.9464274989274,10,"experience",10,"exp3"
"66e5312010b7e7f8074c81a7",101,2,4,2,"experience",2,"exp3"
"66e5312010b7e7f8074c81a7",102,20,5.5,20,"experience",20,"exp3"
"66e5312010b7e7f8074c81a7",103,2,4,2,"experience",2,"exp3"
"66e5312010b7e7f8074c81a7",104,2,4,2,"experience",2,"exp3"
"66e5312010b7e7f8074c81a7",105,2,4,2,"experience",2,"exp3"
"66e5312010b7e7f8074c81a7",106,2,4,2,"experience",2,"exp3"
"66e5312010b7e7f8074c81a7",107,10,5.9464274989274,10,"experience",10,"exp3"
"66e5312010b7e7f8074c81a7",108,10,5.9464274989274,10,"experience",10,"exp3"
"66a926551ab3748f5d5348aa",6,2,7.5,2,"experience",2,"exp3"
"66a926551ab3748f5d5348aa",9,10,6.29285308902091,10,"experience",10,"exp3"
"66a926551ab3748f5d5348aa",13,2,4,2,"experience",2,"exp3"
"66a926551ab3748f5d5348aa",14,10,5.9464274989274,10,"experience",10,"exp3"
"66a926551ab3748f5d5348aa",15,20,5.5,20,"experience",20,"exp3"
"66a926551ab3748f5d5348aa",16,10,5.9464274989274,10,"experience",10,"exp3"
"66a926551ab3748f5d5348aa",17,10,5.9464274989274,10,"experience",10,"exp3"
"66a926551ab3748f5d5348aa",18,20,5.5,20,"experience",20,"exp3"
"66a926551ab3748f5d5348aa",19,10,5.9464274989274,10,"experience",10,"exp3"
"66a926551ab3748f5d5348aa",20,2,4,2,"experience",2,"exp3"
"66a926551ab3748f5d5348aa",21,2,4,2,"experience",2,"exp3"
"66a926551ab3748f5d5348aa",22,2,4,2,"experience",2,"exp3"
"66a926551ab3748f5d5348aa",23,2,4,2,"experience",2,"exp3"
"66a926551ab3748f5d5348aa",24,20,5.5,20,"experience",20,"exp3"
"66a926551ab3748f5d5348aa",25,2,4,2,"experience",2,"exp3"
"66a926551ab3748f5d5348aa",26,10,5.9464274989274,10,"experience",10,"exp3"
"66a926551ab3748f5d5348aa",27,2,4,2,"experience",2,"exp3"
"66a926551ab3748f5d5348aa",28,2,4,2,"experience",2,"exp3"
"66a926551ab3748f5d5348aa",29,2,4,2,"experience",2,"exp3"
"66a926551ab3748f5d5348aa",30,10,5.9464274989274,10,"experience",10,"exp3"
"66a926551ab3748f5d5348aa",31,20,5.5,20,"experience",20,"exp3"
"66a926551ab3748f5d5348aa",32,20,5.5,20,"experience",20,"exp3"
"66a926551ab3748f5d5348aa",33,20,5.5,20,"experience",20,"exp3"
"66a926551ab3748f5d5348aa",34,10,5.9464274989274,10,"experience",10,"exp3"
"66a926551ab3748f5d5348aa",35,10,5.9464274989274,10,"experience",10,"exp3"
"66a926551ab3748f5d5348aa",36,10,5.9464274989274,10,"experience",10,"exp3"
"66a926551ab3748f5d5348aa",37,20,5.5,20,"experience",20,"exp3"
"66a926551ab3748f5d5348aa",38,2,4,2,"experience",2,"exp3"
"66a926551ab3748f5d5348aa",39,2,4,2,"experience",2,"exp3"
"66a926551ab3748f5d5348aa",40,2,4,2,"experience",2,"exp3"
"66a926551ab3748f5d5348aa",41,10,5.9464274989274,10,"experience",10,"exp3"
"66a926551ab3748f5d5348aa",42,10,5.9464274989274,10,"experience",10,"exp3"
"66a926551ab3748f5d5348aa",43,10,5.9464274989274,10,"experience",10,"exp3"
"66a926551ab3748f5d5348aa",44,20,5.5,20,"experience",20,"exp3"
"66a926551ab3748f5d5348aa",45,20,5.5,20,"experience",20,"exp3"
"66a926551ab3748f5d5348aa",46,20,5.5,20,"experience",20,"exp3"
"66a926551ab3748f5d5348aa",47,20,5.5,20,"experience",20,"exp3"
"66a926551ab3748f5d5348aa",48,10,5.9464274989274,10,"experience",10,"exp3"
"66a926551ab3748f5d5348aa",49,20,5.5,20,"experience",20,"exp3"
"66a926551ab3748f5d5348aa",50,20,5.5,20,"experience",20,"exp3"
"66a926551ab3748f5d5348aa",51,2,4,2,"experience",2,"exp3"
"66a926551ab3748f5d5348aa",52,20,5.5,20,"experience",20,"exp3"
"66a926551ab3748f5d5348aa",53,2,4,2,"experience",2,"exp3"
"66a926551ab3748f5d5348aa",54,20,5.5,20,"experience",20,"exp3"
"66a926551ab3748f5d5348aa",55,10,5.9464274989274,10,"experience",10,"exp3"
"66a926551ab3748f5d5348aa",56,20,5.5,20,"experience",20,"exp3"
"66a926551ab3748f5d5348aa",57,2,4,2,"experience",2,"exp3"
"66a926551ab3748f5d5348aa",58,2,4,2,"experience",2,"exp3"
"66a926551ab3748f5d5348aa",59,10,5.9464274989274,10,"experience",10,"exp3"
"66a926551ab3748f5d5348aa",60,10,5.9464274989274,10,"experience",10,"exp3"
"66a926551ab3748f5d5348aa",61,20,5.5,20,"experience",20,"exp3"
"66a926551ab3748f5d5348aa",62,2,4,2,"experience",2,"exp3"
"66a926551ab3748f5d5348aa",63,2,4,2,"experience",2,"exp3"
"66a926551ab3748f5d5348aa",64,20,5.5,20,"experience",20,"exp3"
"66a926551ab3748f5d5348aa",65,2,4,2,"experience",2,"exp3"
"66a926551ab3748f5d5348aa",66,2,4,2,"experience",2,"exp3"
"66a926551ab3748f5d5348aa",67,2,4,2,"experience",2,"exp3"
"66a926551ab3748f5d5348aa",68,20,5.5,20,"experience",20,"exp3"
"66a926551ab3748f5d5348aa",69,10,5.9464274989274,10,"experience",10,"exp3"
"66a926551ab3748f5d5348aa",70,10,5.9464274989274,10,"experience",10,"exp3"
"66a926551ab3748f5d5348aa",71,10,5.9464274989274,10,"experience",10,"exp3"
"66a926551ab3748f5d5348aa",72,2,4,2,"experience",2,"exp3"
"66a926551ab3748f5d5348aa",73,20,5.5,20,"experience",20,"exp3"
"66a926551ab3748f5d5348aa",74,2,4,2,"experience",2,"exp3"
"66a926551ab3748f5d5348aa",75,10,5.9464274989274,10,"experience",10,"exp3"
"66a926551ab3748f5d5348aa",76,10,5.9464274989274,10,"experience",10,"exp3"
"66a926551ab3748f5d5348aa",77,20,5.5,20,"experience",20,"exp3"
"66a926551ab3748f5d5348aa",78,20,5.5,20,"experience",20,"exp3"
"66a926551ab3748f5d5348aa",79,10,5.9464274989274,10,"experience",10,"exp3"
"66a926551ab3748f5d5348aa",80,2,4,2,"experience",2,"exp3"
"66a926551ab3748f5d5348aa",81,20,5.5,20,"experience",20,"exp3"
"66a926551ab3748f5d5348aa",82,10,5.9464274989274,10,"experience",10,"exp3"
"66a926551ab3748f5d5348aa",83,2,4,2,"experience",2,"exp3"
"66a926551ab3748f5d5348aa",84,10,5.9464274989274,10,"experience",10,"exp3"
"66a926551ab3748f5d5348aa",85,2,4,2,"experience",2,"exp3"
"66a926551ab3748f5d5348aa",86,2,4,2,"experience",2,"exp3"
"66a926551ab3748f5d5348aa",87,10,5.9464274989274,10,"experience",10,"exp3"
"66a926551ab3748f5d5348aa",88,2,4,2,"experience",2,"exp3"
"66a926551ab3748f5d5348aa",89,10,5.9464274989274,10,"experience",10,"exp3"
"66a926551ab3748f5d5348aa",90,20,5.5,20,"experience",20,"exp3"
"66a926551ab3748f5d5348aa",91,2,4,2,"experience",2,"exp3"
"66a926551ab3748f5d5348aa",92,20,5.5,20,"experience",20,"exp3"
"66a926551ab3748f5d5348aa",93,10,5.9464274989274,10,"experience",10,"exp3"
"66a926551ab3748f5d5348aa",94,20,5.5,20,"experience",20,"exp3"
"66a926551ab3748f5d5348aa",95,20,5.5,20,"experience",20,"exp3"
"66a926551ab3748f5d5348aa",96,10,5.9464274989274,10,"experience",10,"exp3"
"66a926551ab3748f5d5348aa",97,10,5.9464274989274,10,"experience",10,"exp3"
"66a926551ab3748f5d5348aa",98,2,4,2,"experience",2,"exp3"
"66a926551ab3748f5d5348aa",99,10,5.9464274989274,10,"experience",10,"exp3"
"66a926551ab3748f5d5348aa",100,2,4,2,"experience",2,"exp3"
"66a926551ab3748f5d5348aa",101,20,5.5,20,"experience",20,"exp3"
"66a926551ab3748f5d5348aa",102,20,5.5,20,"experience",20,"exp3"
"66a926551ab3748f5d5348aa",103,2,4,2,"experience",2,"exp3"
"66a926551ab3748f5d5348aa",104,20,5.5,20,"experience",20,"exp3"
"66a926551ab3748f5d5348aa",105,10,5.9464274989274,10,"experience",10,"exp3"
"66a926551ab3748f5d5348aa",106,20,5.5,20,"experience",20,"exp3"
"66a926551ab3748f5d5348aa",107,20,5.5,20,"experience",20,"exp3"
"66a926551ab3748f5d5348aa",108,10,5.9464274989274,10,"experience",10,"exp3"
"60bd80a54df9675c7f842774",3,10,6.17170964968379,10,"experience",10,"exp3"
"60bd80a54df9675c7f842774",6,2,4.5,2,"experience",2,"exp3"
"60bd80a54df9675c7f842774",13,2,4,2,"experience",2,"exp3"
"60bd80a54df9675c7f842774",14,20,5.5,20,"experience",20,"exp3"
"60bd80a54df9675c7f842774",15,20,5.5,20,"experience",20,"exp3"
"60bd80a54df9675c7f842774",16,2,4,2,"experience",2,"exp3"
"60bd80a54df9675c7f842774",17,10,5.9464274989274,10,"experience",10,"exp3"
"60bd80a54df9675c7f842774",18,2,4,2,"experience",2,"exp3"
"60bd80a54df9675c7f842774",19,20,5.5,20,"experience",20,"exp3"
"60bd80a54df9675c7f842774",20,10,5.9464274989274,10,"experience",10,"exp3"
"60bd80a54df9675c7f842774",21,2,4,2,"experience",2,"exp3"
"60bd80a54df9675c7f842774",22,20,5.5,20,"experience",20,"exp3"
"60bd80a54df9675c7f842774",23,10,5.9464274989274,10,"experience",10,"exp3"
"60bd80a54df9675c7f842774",24,2,4,2,"experience",2,"exp3"
"60bd80a54df9675c7f842774",25,20,5.5,20,"experience",20,"exp3"
"60bd80a54df9675c7f842774",26,2,4,2,"experience",2,"exp3"
"60bd80a54df9675c7f842774",27,10,5.9464274989274,10,"experience",10,"exp3"
"60bd80a54df9675c7f842774",28,2,4,2,"experience",2,"exp3"
"60bd80a54df9675c7f842774",29,20,5.5,20,"experience",20,"exp3"
"60bd80a54df9675c7f842774",30,10,5.9464274989274,10,"experience",10,"exp3"
"60bd80a54df9675c7f842774",31,10,5.9464274989274,10,"experience",10,"exp3"
"60bd80a54df9675c7f842774",32,20,5.5,20,"experience",20,"exp3"
"60bd80a54df9675c7f842774",33,20,5.5,20,"experience",20,"exp3"
"60bd80a54df9675c7f842774",34,2,4,2,"experience",2,"exp3"
"60bd80a54df9675c7f842774",35,20,5.5,20,"experience",20,"exp3"
"60bd80a54df9675c7f842774",36,10,5.9464274989274,10,"experience",10,"exp3"
"60bd80a54df9675c7f842774",37,20,5.5,20,"experience",20,"exp3"
"60bd80a54df9675c7f842774",38,10,5.9464274989274,10,"experience",10,"exp3"
"60bd80a54df9675c7f842774",39,10,5.9464274989274,10,"experience",10,"exp3"
"60bd80a54df9675c7f842774",40,2,4,2,"experience",2,"exp3"
"60bd80a54df9675c7f842774",41,2,4,2,"experience",2,"exp3"
"60bd80a54df9675c7f842774",42,10,5.9464274989274,10,"experience",10,"exp3"
"60bd80a54df9675c7f842774",43,2,4,2,"experience",2,"exp3"
"60bd80a54df9675c7f842774",44,2,4,2,"experience",2,"exp3"
"60bd80a54df9675c7f842774",45,10,5.9464274989274,10,"experience",10,"exp3"
"60bd80a54df9675c7f842774",46,2,4,2,"experience",2,"exp3"
"60bd80a54df9675c7f842774",47,20,5.5,20,"experience",20,"exp3"
"60bd80a54df9675c7f842774",48,20,5.5,20,"experience",20,"exp3"
"60bd80a54df9675c7f842774",49,10,5.9464274989274,10,"experience",10,"exp3"
"60bd80a54df9675c7f842774",50,20,5.5,20,"experience",20,"exp3"
"60bd80a54df9675c7f842774",51,10,5.9464274989274,10,"experience",10,"exp3"
"60bd80a54df9675c7f842774",52,10,5.9464274989274,10,"experience",10,"exp3"
"60bd80a54df9675c7f842774",53,2,4,2,"experience",2,"exp3"
"60bd80a54df9675c7f842774",54,10,5.9464274989274,10,"experience",10,"exp3"
"60bd80a54df9675c7f842774",55,20,5.5,20,"experience",20,"exp3"
"60bd80a54df9675c7f842774",56,20,5.5,20,"experience",20,"exp3"
"60bd80a54df9675c7f842774",57,10,5.9464274989274,10,"experience",10,"exp3"
"60bd80a54df9675c7f842774",58,2,4,2,"experience",2,"exp3"
"60bd80a54df9675c7f842774",59,20,5.5,20,"experience",20,"exp3"
"60bd80a54df9675c7f842774",60,2,4,2,"experience",2,"exp3"
"60bd80a54df9675c7f842774",61,20,5.5,20,"experience",20,"exp3"
"60bd80a54df9675c7f842774",62,20,5.5,20,"experience",20,"exp3"
"60bd80a54df9675c7f842774",63,20,5.5,20,"experience",20,"exp3"
"60bd80a54df9675c7f842774",64,20,5.5,20,"experience",20,"exp3"
"60bd80a54df9675c7f842774",65,2,4,2,"experience",2,"exp3"
"60bd80a54df9675c7f842774",66,20,5.5,20,"experience",20,"exp3"
"60bd80a54df9675c7f842774",67,10,5.9464274989274,10,"experience",10,"exp3"
"60bd80a54df9675c7f842774",68,2,4,2,"experience",2,"exp3"
"60bd80a54df9675c7f842774",69,2,4,2,"experience",2,"exp3"
"60bd80a54df9675c7f842774",70,10,5.9464274989274,10,"experience",10,"exp3"
"60bd80a54df9675c7f842774",71,20,5.5,20,"experience",20,"exp3"
"60bd80a54df9675c7f842774",72,20,5.5,20,"experience",20,"exp3"
"60bd80a54df9675c7f842774",73,10,5.9464274989274,10,"experience",10,"exp3"
"60bd80a54df9675c7f842774",74,2,4,2,"experience",2,"exp3"
"60bd80a54df9675c7f842774",75,2,4,2,"experience",2,"exp3"
"60bd80a54df9675c7f842774",76,20,5.5,20,"experience",20,"exp3"
"60bd80a54df9675c7f842774",77,10,5.9464274989274,10,"experience",10,"exp3"
"60bd80a54df9675c7f842774",78,2,4,2,"experience",2,"exp3"
"60bd80a54df9675c7f842774",79,2,4,2,"experience",2,"exp3"
"60bd80a54df9675c7f842774",80,10,5.9464274989274,10,"experience",10,"exp3"
"60bd80a54df9675c7f842774",81,2,4,2,"experience",2,"exp3"
"60bd80a54df9675c7f842774",82,2,4,2,"experience",2,"exp3"
"60bd80a54df9675c7f842774",83,10,5.9464274989274,10,"experience",10,"exp3"
"60bd80a54df9675c7f842774",84,20,5.5,20,"experience",20,"exp3"
"60bd80a54df9675c7f842774",85,10,5.9464274989274,10,"experience",10,"exp3"
"60bd80a54df9675c7f842774",86,2,4,2,"experience",2,"exp3"
"60bd80a54df9675c7f842774",87,2,4,2,"experience",2,"exp3"
"60bd80a54df9675c7f842774",88,10,5.9464274989274,10,"experience",10,"exp3"
"60bd80a54df9675c7f842774",89,10,5.9464274989274,10,"experience",10,"exp3"
"60bd80a54df9675c7f842774",90,10,5.9464274989274,10,"experience",10,"exp3"
"60bd80a54df9675c7f842774",91,2,4,2,"experience",2,"exp3"
"60bd80a54df9675c7f842774",92,10,5.9464274989274,10,"experience",10,"exp3"
"60bd80a54df9675c7f842774",93,10,5.9464274989274,10,"experience",10,"exp3"
"60bd80a54df9675c7f842774",94,20,5.5,20,"experience",20,"exp3"
"60bd80a54df9675c7f842774",95,20,5.5,20,"experience",20,"exp3"
"60bd80a54df9675c7f842774",96,20,5.5,20,"experience",20,"exp3"
"60bd80a54df9675c7f842774",97,20,5.5,20,"experience",20,"exp3"
"60bd80a54df9675c7f842774",98,2,4,2,"experience",2,"exp3"
"60bd80a54df9675c7f842774",99,20,5.5,20,"experience",20,"exp3"
"60bd80a54df9675c7f842774",100,10,5.9464274989274,10,"experience",10,"exp3"
"60bd80a54df9675c7f842774",101,20,5.5,20,"experience",20,"exp3"
"60bd80a54df9675c7f842774",102,2,4,2,"experience",2,"exp3"
"60bd80a54df9675c7f842774",103,2,4,2,"experience",2,"exp3"
"60bd80a54df9675c7f842774",104,10,5.9464274989274,10,"experience",10,"exp3"
"60bd80a54df9675c7f842774",105,20,5.5,20,"experience",20,"exp3"
"60bd80a54df9675c7f842774",106,10,5.9464274989274,10,"experience",10,"exp3"
"60bd80a54df9675c7f842774",107,2,4,2,"experience",2,"exp3"
"60bd80a54df9675c7f842774",108,10,5.9464274989274,10,"experience",10,"exp3"
"58a1fe40ea3d11000170d9b9",1,2,2.5,2,"experience",2,"exp3"
"58a1fe40ea3d11000170d9b9",2,2,5,2,"experience",2,"exp3"
"58a1fe40ea3d11000170d9b9",4,10,6.45058136914805,10,"experience",10,"exp3"
"58a1fe40ea3d11000170d9b9",9,2,5,2,"experience",2,"exp3"
"58a1fe40ea3d11000170d9b9",11,10,6.26817357768593,10,"experience",10,"exp3"
"58a1fe40ea3d11000170d9b9",12,2,2,2,"experience",2,"exp3"
"58a1fe40ea3d11000170d9b9",13,2,4,2,"experience",2,"exp3"
"58a1fe40ea3d11000170d9b9",14,10,5.9464274989274,10,"experience",10,"exp3"
"58a1fe40ea3d11000170d9b9",15,10,5.9464274989274,10,"experience",10,"exp3"
"58a1fe40ea3d11000170d9b9",16,20,5.5,20,"experience",20,"exp3"
"58a1fe40ea3d11000170d9b9",17,20,5.5,20,"experience",20,"exp3"
"58a1fe40ea3d11000170d9b9",18,10,5.9464274989274,10,"experience",10,"exp3"
"58a1fe40ea3d11000170d9b9",19,10,5.9464274989274,10,"experience",10,"exp3"
"58a1fe40ea3d11000170d9b9",20,2,4,2,"experience",2,"exp3"
"58a1fe40ea3d11000170d9b9",21,20,5.5,20,"experience",20,"exp3"
"58a1fe40ea3d11000170d9b9",22,2,4,2,"experience",2,"exp3"
"58a1fe40ea3d11000170d9b9",23,20,5.5,20,"experience",20,"exp3"
"58a1fe40ea3d11000170d9b9",24,20,5.5,20,"experience",20,"exp3"
"58a1fe40ea3d11000170d9b9",25,10,5.9464274989274,10,"experience",10,"exp3"
"58a1fe40ea3d11000170d9b9",26,2,4,2,"experience",2,"exp3"
"58a1fe40ea3d11000170d9b9",27,2,4,2,"experience",2,"exp3"
"58a1fe40ea3d11000170d9b9",28,10,5.9464274989274,10,"experience",10,"exp3"
"58a1fe40ea3d11000170d9b9",29,2,4,2,"experience",2,"exp3"
"58a1fe40ea3d11000170d9b9",30,2,4,2,"experience",2,"exp3"
"58a1fe40ea3d11000170d9b9",31,10,5.9464274989274,10,"experience",10,"exp3"
"58a1fe40ea3d11000170d9b9",32,10,5.9464274989274,10,"experience",10,"exp3"
"58a1fe40ea3d11000170d9b9",33,20,5.5,20,"experience",20,"exp3"
"58a1fe40ea3d11000170d9b9",34,20,5.5,20,"experience",20,"exp3"
"58a1fe40ea3d11000170d9b9",35,20,5.5,20,"experience",20,"exp3"
"58a1fe40ea3d11000170d9b9",36,20,5.5,20,"experience",20,"exp3"
"58a1fe40ea3d11000170d9b9",37,10,5.9464274989274,10,"experience",10,"exp3"
"58a1fe40ea3d11000170d9b9",38,10,5.9464274989274,10,"experience",10,"exp3"
"58a1fe40ea3d11000170d9b9",39,2,4,2,"experience",2,"exp3"
"58a1fe40ea3d11000170d9b9",40,20,5.5,20,"experience",20,"exp3"
"58a1fe40ea3d11000170d9b9",41,2,4,2,"experience",2,"exp3"
"58a1fe40ea3d11000170d9b9",42,20,5.5,20,"experience",20,"exp3"
"58a1fe40ea3d11000170d9b9",43,10,5.9464274989274,10,"experience",10,"exp3"
"58a1fe40ea3d11000170d9b9",44,2,4,2,"experience",2,"exp3"
"58a1fe40ea3d11000170d9b9",45,10,5.9464274989274,10,"experience",10,"exp3"
"58a1fe40ea3d11000170d9b9",46,2,4,2,"experience",2,"exp3"
"58a1fe40ea3d11000170d9b9",47,20,5.5,20,"experience",20,"exp3"
"58a1fe40ea3d11000170d9b9",48,20,5.5,20,"experience",20,"exp3"
"58a1fe40ea3d11000170d9b9",49,20,5.5,20,"experience",20,"exp3"
"58a1fe40ea3d11000170d9b9",50,2,4,2,"experience",2,"exp3"
"58a1fe40ea3d11000170d9b9",51,2,4,2,"experience",2,"exp3"
"58a1fe40ea3d11000170d9b9",52,10,5.9464274989274,10,"experience",10,"exp3"
"58a1fe40ea3d11000170d9b9",53,2,4,2,"experience",2,"exp3"
"58a1fe40ea3d11000170d9b9",54,20,5.5,20,"experience",20,"exp3"
"58a1fe40ea3d11000170d9b9",55,10,5.9464274989274,10,"experience",10,"exp3"
"58a1fe40ea3d11000170d9b9",56,10,5.9464274989274,10,"experience",10,"exp3"
"58a1fe40ea3d11000170d9b9",57,10,5.9464274989274,10,"experience",10,"exp3"
"58a1fe40ea3d11000170d9b9",58,2,4,2,"experience",2,"exp3"
"58a1fe40ea3d11000170d9b9",59,2,4,2,"experience",2,"exp3"
"58a1fe40ea3d11000170d9b9",60,20,5.5,20,"experience",20,"exp3"
"58a1fe40ea3d11000170d9b9",61,20,5.5,20,"experience",20,"exp3"
"58a1fe40ea3d11000170d9b9",62,2,4,2,"experience",2,"exp3"
"58a1fe40ea3d11000170d9b9",63,10,5.9464274989274,10,"experience",10,"exp3"
"58a1fe40ea3d11000170d9b9",64,2,4,2,"experience",2,"exp3"
"58a1fe40ea3d11000170d9b9",65,20,5.5,20,"experience",20,"exp3"
"58a1fe40ea3d11000170d9b9",66,10,5.9464274989274,10,"experience",10,"exp3"
"58a1fe40ea3d11000170d9b9",67,2,4,2,"experience",2,"exp3"
"58a1fe40ea3d11000170d9b9",68,10,5.9464274989274,10,"experience",10,"exp3"
"58a1fe40ea3d11000170d9b9",69,2,4,2,"experience",2,"exp3"
"58a1fe40ea3d11000170d9b9",70,10,5.9464274989274,10,"experience",10,"exp3"
"58a1fe40ea3d11000170d9b9",71,2,4,2,"experience",2,"exp3"
"58a1fe40ea3d11000170d9b9",72,2,4,2,"experience",2,"exp3"
"58a1fe40ea3d11000170d9b9",73,10,5.9464274989274,10,"experience",10,"exp3"
"58a1fe40ea3d11000170d9b9",74,2,4,2,"experience",2,"exp3"
"58a1fe40ea3d11000170d9b9",75,10,5.9464274989274,10,"experience",10,"exp3"
"58a1fe40ea3d11000170d9b9",76,2,4,2,"experience",2,"exp3"
"58a1fe40ea3d11000170d9b9",77,10,5.9464274989274,10,"experience",10,"exp3"
"58a1fe40ea3d11000170d9b9",78,2,4,2,"experience",2,"exp3"
"58a1fe40ea3d11000170d9b9",79,2,4,2,"experience",2,"exp3"
"58a1fe40ea3d11000170d9b9",80,20,5.5,20,"experience",20,"exp3"
"58a1fe40ea3d11000170d9b9",81,10,5.9464274989274,10,"experience",10,"exp3"
"58a1fe40ea3d11000170d9b9",82,10,5.9464274989274,10,"experience",10,"exp3"
"58a1fe40ea3d11000170d9b9",83,10,5.9464274989274,10,"experience",10,"exp3"
"58a1fe40ea3d11000170d9b9",84,20,5.5,20,"experience",20,"exp3"
"58a1fe40ea3d11000170d9b9",85,2,4,2,"experience",2,"exp3"
"58a1fe40ea3d11000170d9b9",86,2,4,2,"experience",2,"exp3"
"58a1fe40ea3d11000170d9b9",87,10,5.9464274989274,10,"experience",10,"exp3"
"58a1fe40ea3d11000170d9b9",88,20,5.5,20,"experience",20,"exp3"
"58a1fe40ea3d11000170d9b9",89,10,5.9464274989274,10,"experience",10,"exp3"
"58a1fe40ea3d11000170d9b9",90,10,5.9464274989274,10,"experience",10,"exp3"
"58a1fe40ea3d11000170d9b9",91,10,5.9464274989274,10,"experience",10,"exp3"
"58a1fe40ea3d11000170d9b9",92,2,4,2,"experience",2,"exp3"
"58a1fe40ea3d11000170d9b9",93,20,5.5,20,"experience",20,"exp3"
"58a1fe40ea3d11000170d9b9",94,2,4,2,"experience",2,"exp3"
"58a1fe40ea3d11000170d9b9",95,20,5.5,20,"experience",20,"exp3"
"58a1fe40ea3d11000170d9b9",96,2,4,2,"experience",2,"exp3"
"58a1fe40ea3d11000170d9b9",97,20,5.5,20,"experience",20,"exp3"
"58a1fe40ea3d11000170d9b9",98,2,4,2,"experience",2,"exp3"
"58a1fe40ea3d11000170d9b9",99,20,5.5,20,"experience",20,"exp3"
"58a1fe40ea3d11000170d9b9",100,20,5.5,20,"experience",20,"exp3"
"58a1fe40ea3d11000170d9b9",101,20,5.5,20,"experience",20,"exp3"
"58a1fe40ea3d11000170d9b9",102,20,5.5,20,"experience",20,"exp3"
"58a1fe40ea3d11000170d9b9",103,20,5.5,20,"experience",20,"exp3"
"58a1fe40ea3d11000170d9b9",104,20,5.5,20,"experience",20,"exp3"
"58a1fe40ea3d11000170d9b9",105,20,5.5,20,"experience",20,"exp3"
"58a1fe40ea3d11000170d9b9",106,20,5.5,20,"experience",20,"exp3"
"58a1fe40ea3d11000170d9b9",107,10,5.9464274989274,10,"experience",10,"exp3"
"58a1fe40ea3d11000170d9b9",108,10,5.9464274989274,10,"experience",10,"exp3"
"67d9625169884c7fdecaf0a6",3,2,7,2,"experience",2,"exp3"
"67d9625169884c7fdecaf0a6",8,10,6.23618473106755,10,"experience",10,"exp3"
"67d9625169884c7fdecaf0a6",11,10,6.1,10,"experience",10,"exp3"
"67d9625169884c7fdecaf0a6",13,2,4,2,"experience",2,"exp3"
"67d9625169884c7fdecaf0a6",14,20,5.5,20,"experience",20,"exp3"
"67d9625169884c7fdecaf0a6",15,2,4,2,"experience",2,"exp3"
"67d9625169884c7fdecaf0a6",16,2,4,2,"experience",2,"exp3"
"67d9625169884c7fdecaf0a6",17,20,5.5,20,"experience",20,"exp3"
"67d9625169884c7fdecaf0a6",18,20,5.5,20,"experience",20,"exp3"
"67d9625169884c7fdecaf0a6",19,2,4,2,"experience",2,"exp3"
"67d9625169884c7fdecaf0a6",20,10,5.9464274989274,10,"experience",10,"exp3"
"67d9625169884c7fdecaf0a6",21,10,5.9464274989274,10,"experience",10,"exp3"
"67d9625169884c7fdecaf0a6",22,2,4,2,"experience",2,"exp3"
"67d9625169884c7fdecaf0a6",23,20,5.5,20,"experience",20,"exp3"
"67d9625169884c7fdecaf0a6",24,2,4,2,"experience",2,"exp3"
"67d9625169884c7fdecaf0a6",25,20,5.5,20,"experience",20,"exp3"
"67d9625169884c7fdecaf0a6",26,20,5.5,20,"experience",20,"exp3"
"67d9625169884c7fdecaf0a6",27,10,5.9464274989274,10,"experience",10,"exp3"
"67d9625169884c7fdecaf0a6",28,10,5.9464274989274,10,"experience",10,"exp3"
"67d9625169884c7fdecaf0a6",29,2,4,2,"experience",2,"exp3"
"67d9625169884c7fdecaf0a6",30,2,4,2,"experience",2,"exp3"
"67d9625169884c7fdecaf0a6",31,10,5.9464274989274,10,"experience",10,"exp3"
"67d9625169884c7fdecaf0a6",32,20,5.5,20,"experience",20,"exp3"
"67d9625169884c7fdecaf0a6",33,20,5.5,20,"experience",20,"exp3"
"67d9625169884c7fdecaf0a6",34,10,5.9464274989274,10,"experience",10,"exp3"
"67d9625169884c7fdecaf0a6",35,20,5.5,20,"experience",20,"exp3"
"67d9625169884c7fdecaf0a6",36,20,5.5,20,"experience",20,"exp3"
"67d9625169884c7fdecaf0a6",37,10,5.9464274989274,10,"experience",10,"exp3"
"67d9625169884c7fdecaf0a6",38,20,5.5,20,"experience",20,"exp3"
"67d9625169884c7fdecaf0a6",39,2,4,2,"experience",2,"exp3"
"67d9625169884c7fdecaf0a6",40,10,5.9464274989274,10,"experience",10,"exp3"
"67d9625169884c7fdecaf0a6",41,20,5.5,20,"experience",20,"exp3"
"67d9625169884c7fdecaf0a6",42,20,5.5,20,"experience",20,"exp3"
"67d9625169884c7fdecaf0a6",43,10,5.9464274989274,10,"experience",10,"exp3"
"67d9625169884c7fdecaf0a6",44,10,5.9464274989274,10,"experience",10,"exp3"
"67d9625169884c7fdecaf0a6",45,2,4,2,"experience",2,"exp3"
"67d9625169884c7fdecaf0a6",46,10,5.9464274989274,10,"experience",10,"exp3"
"67d9625169884c7fdecaf0a6",47,2,4,2,"experience",2,"exp3"
"67d9625169884c7fdecaf0a6",48,10,5.9464274989274,10,"experience",10,"exp3"
"67d9625169884c7fdecaf0a6",49,20,5.5,20,"experience",20,"exp3"
"67d9625169884c7fdecaf0a6",50,2,4,2,"experience",2,"exp3"
"67d9625169884c7fdecaf0a6",51,2,4,2,"experience",2,"exp3"
"67d9625169884c7fdecaf0a6",52,2,4,2,"experience",2,"exp3"
"67d9625169884c7fdecaf0a6",53,2,4,2,"experience",2,"exp3"
"67d9625169884c7fdecaf0a6",54,20,5.5,20,"experience",20,"exp3"
"67d9625169884c7fdecaf0a6",55,20,5.5,20,"experience",20,"exp3"
"67d9625169884c7fdecaf0a6",56,2,4,2,"experience",2,"exp3"
"67d9625169884c7fdecaf0a6",57,10,5.9464274989274,10,"experience",10,"exp3"
"67d9625169884c7fdecaf0a6",58,10,5.9464274989274,10,"experience",10,"exp3"
"67d9625169884c7fdecaf0a6",59,10,5.9464274989274,10,"experience",10,"exp3"
"67d9625169884c7fdecaf0a6",60,10,5.9464274989274,10,"experience",10,"exp3"
"67d9625169884c7fdecaf0a6",61,2,4,2,"experience",2,"exp3"
"67d9625169884c7fdecaf0a6",62,2,4,2,"experience",2,"exp3"
"67d9625169884c7fdecaf0a6",63,2,4,2,"experience",2,"exp3"
"67d9625169884c7fdecaf0a6",64,2,4,2,"experience",2,"exp3"
"67d9625169884c7fdecaf0a6",65,10,5.9464274989274,10,"experience",10,"exp3"
"67d9625169884c7fdecaf0a6",66,2,4,2,"experience",2,"exp3"
"67d9625169884c7fdecaf0a6",67,2,4,2,"experience",2,"exp3"
"67d9625169884c7fdecaf0a6",68,20,5.5,20,"experience",20,"exp3"
"67d9625169884c7fdecaf0a6",69,2,4,2,"experience",2,"exp3"
"67d9625169884c7fdecaf0a6",70,10,5.9464274989274,10,"experience",10,"exp3"
"67d9625169884c7fdecaf0a6",71,2,4,2,"experience",2,"exp3"
"67d9625169884c7fdecaf0a6",72,10,5.9464274989274,10,"experience",10,"exp3"
"67d9625169884c7fdecaf0a6",73,20,5.5,20,"experience",20,"exp3"
"67d9625169884c7fdecaf0a6",74,10,5.9464274989274,10,"experience",10,"exp3"
"67d9625169884c7fdecaf0a6",75,10,5.9464274989274,10,"experience",10,"exp3"
"67d9625169884c7fdecaf0a6",76,20,5.5,20,"experience",20,"exp3"
"67d9625169884c7fdecaf0a6",77,2,4,2,"experience",2,"exp3"
"67d9625169884c7fdecaf0a6",78,20,5.5,20,"experience",20,"exp3"
"67d9625169884c7fdecaf0a6",79,20,5.5,20,"experience",20,"exp3"
"67d9625169884c7fdecaf0a6",80,2,4,2,"experience",2,"exp3"
"67d9625169884c7fdecaf0a6",81,10,5.9464274989274,10,"experience",10,"exp3"
"67d9625169884c7fdecaf0a6",82,2,4,2,"experience",2,"exp3"
"67d9625169884c7fdecaf0a6",83,20,5.5,20,"experience",20,"exp3"
"67d9625169884c7fdecaf0a6",84,20,5.5,20,"experience",20,"exp3"
"67d9625169884c7fdecaf0a6",85,10,5.9464274989274,10,"experience",10,"exp3"
"67d9625169884c7fdecaf0a6",86,20,5.5,20,"experience",20,"exp3"
"67d9625169884c7fdecaf0a6",87,20,5.5,20,"experience",20,"exp3"
"67d9625169884c7fdecaf0a6",88,20,5.5,20,"experience",20,"exp3"
"67d9625169884c7fdecaf0a6",89,10,5.9464274989274,10,"experience",10,"exp3"
"67d9625169884c7fdecaf0a6",90,10,5.9464274989274,10,"experience",10,"exp3"
"67d9625169884c7fdecaf0a6",91,20,5.5,20,"experience",20,"exp3"
"67d9625169884c7fdecaf0a6",92,20,5.5,20,"experience",20,"exp3"
"67d9625169884c7fdecaf0a6",93,10,5.9464274989274,10,"experience",10,"exp3"
"67d9625169884c7fdecaf0a6",94,20,5.5,20,"experience",20,"exp3"
"67d9625169884c7fdecaf0a6",95,20,5.5,20,"experience",20,"exp3"
"67d9625169884c7fdecaf0a6",96,10,5.9464274989274,10,"experience",10,"exp3"
"67d9625169884c7fdecaf0a6",97,10,5.9464274989274,10,"experience",10,"exp3"
"67d9625169884c7fdecaf0a6",98,2,4,2,"experience",2,"exp3"
"67d9625169884c7fdecaf0a6",99,10,5.9464274989274,10,"experience",10,"exp3"
"67d9625169884c7fdecaf0a6",100,10,5.9464274989274,10,"experience",10,"exp3"
"67d9625169884c7fdecaf0a6",101,2,4,2,"experience",2,"exp3"
"67d9625169884c7fdecaf0a6",102,2,4,2,"experience",2,"exp3"
"67d9625169884c7fdecaf0a6",103,2,4,2,"experience",2,"exp3"
"67d9625169884c7fdecaf0a6",104,10,5.9464274989274,10,"experience",10,"exp3"
"67d9625169884c7fdecaf0a6",105,10,5.9464274989274,10,"experience",10,"exp3"
"67d9625169884c7fdecaf0a6",106,2,4,2,"experience",2,"exp3"
"67d9625169884c7fdecaf0a6",107,20,5.5,20,"experience",20,"exp3"
"67d9625169884c7fdecaf0a6",108,20,5.5,20,"experience",20,"exp3"
