"meanVal_c","predicted","std.error","conf.low","conf.high","array_length","meanVal"
-12.516,11.2960569001032,0.640115127339628,10.0410101363938,12.5511036638126,"2",12.3735365782571
-12.516,15.0565593301333,0.598433645831465,13.8832356912793,16.2298829689873,"10",12.3735365782571
-12.516,13.3265488760328,0.628897459230997,12.0934961216114,14.5596016304542,"20",12.3735365782571
-12.3,11.4933566437682,0.633621027758135,10.2510425875279,12.7356707000085,"2",12.5895365782571
-12.3,15.2368312869265,0.592874035310247,14.0744081422089,16.3992544316441,"10",12.5895365782571
-12.3,13.5118021364679,0.622695180740956,12.2909099281953,14.7326943447405,"20",12.5895365782571
-12.129,11.6495522741696,0.628513193736951,10.4172529329142,12.881851615425,"2",12.7605365782571
-12.129,15.3795465860544,0.588505797467904,14.2256880612512,16.5334051108576,"10",12.7605365782571
-12.129,13.6584609676457,0.617817923958082,12.4471313912805,14.8697905440108,"20",12.7605365782571
-11.905,11.8541594157481,0.621868097974057,10.6348888338136,13.0734299976826,"2",12.9845365782571
-11.905,15.5664952819881,0.582829129913709,14.4237667601145,16.7092238038617,"10",12.9845365782571
-11.905,13.8505754599487,0.611474217314195,12.6516837219555,15.0494671979419,"20",12.9845365782571
-11.67,12.0688142294577,0.614954296302472,10.8630992471993,13.274529211716,"2",13.2195365782571
-11.67,15.7626244942399,0.57693066061643,14.6314608526296,16.8937881358503,"10",13.2195365782571
-11.67,14.0521241460702,0.604875734813223,12.866169774739,15.2380785174014,"20",13.2195365782571
-11.558,12.1711178002469,0.611680537635526,10.9718215386915,13.3704140618023,"2",13.3315365782571
-11.558,15.8560988422068,0.57414051214529,14.7304057271617,16.9817919572518,"10",13.3315365782571
-11.558,14.1481813922217,0.601751916960818,12.968351758955,15.3280110254884,"20",13.3315365782571
-11.516,12.2094816392929,0.610456494217647,11.012585308101,13.4063779704848,"2",13.3735365782571
-11.516,15.8911517226943,0.573097766891729,14.7675030743397,17.014800371049,"10",13.3735365782571
-11.516,14.1842028595285,0.600584041924187,13.0066630296464,15.3617426894106,"20",13.3735365782571
-11.424,12.2935167152983,0.607782229819462,11.1018637016518,13.4851697289449,"2",13.4655365782571
-11.424,15.96793422281,0.570820517027937,14.8487504823283,17.0871179632916,"10",13.4655365782571
-11.424,14.2631070260101,0.598032696003443,13.0905695125929,15.4356445394273,"20",13.4655365782571
-11.409,12.3072180863862,0.607347122824746,11.1164181686942,13.4980180040781,"2",13.4805365782571
-11.409,15.9804531086984,0.570450125019586,14.8619955802238,17.0989106371729,"10",13.4805365782571
-11.409,14.2759718357626,0.597617614526868,13.1042481551101,15.447695516415,"20",13.4805365782571
-11.402,12.3136120595605,0.607144161106505,11.1232100803592,13.5040140387618,"2",13.4875365782571
-11.402,15.9862952554463,0.570277362075074,14.868176455999,17.1044140548936,"10",13.4875365782571
-11.402,14.281975413647,0.597423996537099,13.1106313516305,15.4533194756635,"20",13.4875365782571
-11.368,12.3446685006929,0.606159147681075,11.1561977958187,13.5331392055672,"2",13.5215365782571
-11.368,16.0146713967934,0.569439014112925,14.8981963108779,17.1311464827088,"10",13.5215365782571
-11.368,14.3111356490859,0.5964843531362,13.1416339063006,15.4806373918711,"20",13.5215365782571
-11.366,12.3464953501713,0.606101247152591,11.1581381684241,13.5348525319186,"2",13.5235365782571
-11.366,16.0163405815785,0.569389740216941,14.8999621049151,17.1327190582419,"10",13.5235365782571
-11.366,14.3128509570529,0.596429120715927,13.1434575061473,15.4822444079585,"20",13.5235365782571
-11.3,12.4067813829578,0.604193125283621,11.2221653753747,13.591397390541,"2",13.5895365782571
-11.3,16.0714236794875,0.567766249216285,14.9582283132355,17.1846190457396,"10",13.5895365782571
-11.3,14.3694561199636,0.594609001140495,13.2036313008324,15.5352809390948,"20",13.5895365782571
-11.147,12.5465353680539,0.599789336274645,11.3705536840598,13.7225170520479,"2",13.7425365782571
-11.147,16.1991163155494,0.564021904799662,15.093262327655,17.3049703034437,"10",13.7425365782571
-11.147,14.5006771794384,0.590408869536015,13.343087381403,15.6582669774739,"20",13.7425365782571
-11.129,12.5629770133593,0.599273062990517,11.3880075646441,13.7379464620744,"2",13.7605365782571
-11.129,16.2141389786155,0.563583175861725,15.1091451880672,17.3191327691638,"10",13.7605365782571
-11.129,14.5161149511413,0.589916522996871,13.3594904762239,15.6727394260588,"20",13.7605365782571
-11.128,12.5638904380985,0.59924439246574,11.3889772024734,13.7388036737235,"2",13.7615365782571
-11.128,16.214973571008,0.563558813114873,15.1100275474711,17.3199195945449,"10",13.7615365782571
-11.128,14.5169726051248,0.589889181527799,13.360401737474,15.6735434727757,"20",13.7615365782571
-11.095,12.5940334544917,0.598298935546368,11.4209739364187,13.7670929725647,"2",13.7945365782571
-11.095,16.2425151199625,0.562755498424103,15.1391441216982,17.3458861182269,"10",13.7945365782571
-11.095,14.5452751865802,0.588987571087612,13.3904720685368,15.7000783046236,"20",13.7945365782571
-11.066,12.6205227719282,0.597469157020505,11.4490901656544,13.7919553782021,"2",13.8235365782571
-11.066,16.2667182993468,0.562050609243765,15.1647293476031,17.3687072510905,"10",13.8235365782571
-11.066,14.5701471521016,0.58819630435114,13.4168954374142,15.7233988667889,"20",13.8235365782571
-11.011,12.6707611325837,0.595898223478452,11.5024085895262,13.8391136756411,"2",13.8785365782571
-11.011,16.3126208809377,0.560716472546238,15.2132477148129,17.4119940470624,"10",13.8785365782571
-11.011,14.6173181211938,0.586698358340634,13.4670033661445,15.7676328762431,"20",13.8785365782571
-10.989,12.6908564768458,0.595270876183582,11.5237339472008,13.8579790064908,"2",13.9005365782571
-10.989,16.330981913574,0.560183820549583,15.2326530957798,17.4293107313682,"10",13.9005365782571
-10.989,14.6361865088307,0.586100186708578,13.4870445637009,15.7853284539606,"20",13.9005365782571
-10.968,12.7100383963688,0.594672594228568,11.5440888929489,13.8759878997888,"2",13.9215365782571
-10.968,16.3485083538178,0.559675916761904,15.2511753615834,17.4458413460522,"10",13.9215365782571
-10.968,14.6541972424842,0.585529743807091,13.5061737407199,15.8022207442484,"20",13.9215365782571
-10.905,12.7675841549378,0.592880985401446,11.6051473834691,13.9300209264064,"2",13.9845365782571
-10.905,16.4010876745491,0.558155365471525,15.3067359631727,17.4954393859256,"10",13.9845365782571
-10.905,14.7082294434444,0.583821590118611,13.5635550466569,15.8529038402319,"20",13.9845365782571
-10.862,12.8068614187229,0.59166094635739,11.6468167264107,13.9669061110351,"2",14.0275365782571
-10.862,16.4369751474293,0.557120265618249,15.3446529127289,17.5292973821296,"10",14.0275365782571
-10.862,14.7451085647347,0.582658458241225,13.6027146716193,15.8875024578501,"20",14.0275365782571
-10.798,12.8653206020311,0.589849323137643,11.7088278830466,14.0218133210155,"2",14.0915365782571
-10.798,16.4903890605532,0.555583793885682,15.4010793212511,17.5796987998552,"10",14.0915365782571
-10.798,14.7999984196784,0.580931450764916,13.6609905973673,15.9390062419895,"20",14.0915365782571
-10.717,12.9393080059054,0.587563840666228,11.787296336121,14.0913196756899,"2",14.1725365782571
-10.717,16.5579910443506,0.553646358679231,15.4724799526385,17.6435021360627,"10",14.1725365782571
-10.717,14.8694683923416,0.578752913857601,13.7347319355683,16.0042048491149,"20",14.1725365782571
-10.699,12.9557496512108,0.587057080070182,11.8047315655785,14.1067677368432,"2",14.1905365782571
-10.699,16.5730137074167,0.553216911807185,15.4883446140951,17.6576828007383,"10",14.1905365782571
-10.699,14.8849061640445,0.578269896304198,13.7511167394398,16.0186955886492,"20",14.1905365782571
-10.67,12.9822389686473,0.586241497751885,11.832819960908,14.1316579763867,"2",14.2195365782571
-10.67,16.597216886801,0.552525866795918,15.513902696321,17.680531077281,"10",14.2195365782571
-10.67,14.9097781295659,0.577492549075945,13.7775128169239,16.0420434422078,"20",14.2195365782571
-10.652,12.9986806139528,0.585735813008318,11.8502530809869,14.1471081469186,"2",14.2375365782571
-10.652,16.6122395498671,0.552097466153988,15.5297653064782,17.6947137932559,"10",14.2375365782571
-10.652,14.9252159012688,0.577010585452055,13.7938955544002,16.0565362481373,"20",14.2375365782571
-10.641,13.0087282860838,0.585426987159448,11.8609062549498,14.1565503172179,"2",14.2485365782571
-10.641,16.6214200661853,0.551835863782463,15.5394587355456,17.7033813968249,"10",14.2485365782571
-10.641,14.9346500950872,0.576716251663718,13.8039068360779,16.0653933540965,"20",14.2485365782571
-10.558,13.0845425394366,0.583101765039039,11.9412794733582,14.227805605515,"2",14.3315365782571
-10.558,16.6906912347678,0.549866821548217,15.612590522286,17.7687919472497,"10",14.3315365782571
-10.558,15.0058353757174,0.574500275102025,13.879436888599,16.1322338628358,"20",14.3315365782571
-10.516,13.1229063784826,0.581928539447565,11.9819436063962,14.2638691505689,"2",14.3735365782571
-10.516,16.7257441152554,0.548873732708215,15.6495905102257,17.801897720285,"10",14.3735365782571
-10.516,15.0418568430242,0.57338225950101,13.9176504019955,16.1660632840529,"20",14.3735365782571
-10.424,13.206941454488,0.579366667083369,12.0710016376208,14.3428812713552,"2",14.4655365782571
-10.424,16.802526615371,0.546706202720314,15.730622795076,17.874430435666,"10",14.4655365782571
-10.424,15.1207610095058,0.570941152397801,14.0013407443365,16.2401812746751,"20",14.4655365782571
-10.414,13.2160757018799,0.579088873384466,12.0806805434154,14.3514708603444,"2",14.4755365782571
-10.414,16.8108725392966,0.546471251625129,15.739429377716,17.8823157008772,"10",14.4755365782571
-10.414,15.1293375493408,0.570676470969625,14.0104362338974,16.2482388647842,"20",14.4755365782571
-10.409,13.2206428255758,0.578950026103797,12.0855198991253,14.3557657520264,"2",14.4805365782571
-10.409,16.8150455012594,0.546353824091128,15.7438325748978,17.886258427621,"10",14.4805365782571
-10.409,15.1336258192582,0.570544178752717,14.0149838835914,16.2522677549251,"20",14.4805365782571
-10.402,13.2270367987502,0.578755695486501,12.0922948881543,14.3617787093461,"2",14.4875365782571
-10.402,16.8208876480073,0.546189479369619,15.7499969454177,17.8917783505969,"10",14.4875365782571
-10.402,15.1396293971427,0.570359024021323,14.0213504865576,16.2579083077278,"20",14.4875365782571
-10.368,13.2580932398826,0.577812728245448,12.1252001654314,14.3909863143339,"2",14.5215365782571
-10.368,16.8492637893544,0.545392128604392,15.7799364188198,17.918591159889,"10",14.5215365782571
-10.368,15.1687896325816,0.569460605288406,14.0522722137579,16.2853070514052,"20",14.5215365782571
-10.366,13.259920089361,0.57775730742427,12.1271356761791,14.3927045025429,"2",14.5235365782571
-10.366,16.8509329741395,0.545345271931664,15.7816974735092,17.9201684747699,"10",14.5235365782571
-10.366,15.1705049405486,0.5694078039252,14.0540910471334,16.2869188339638,"20",14.5235365782571
-10.333,13.2900631057543,0.57684363385293,12.1590700938529,14.4210561176557,"2",14.5565365782571
-10.333,16.8784745230941,0.54457288198223,15.8107534148987,17.9461956312894,"10",14.5565365782571
-10.333,15.1988075220039,0.568537334548452,14.084100321225,16.3135147227828,"20",14.5565365782571
-10.301,13.3192926974083,0.575959038451123,12.1900340744454,14.4485513203712,"2",14.5885365782571
-10.301,16.905181479656,0.543825243572999,15.8389262345934,17.9714367247186,"10",14.5885365782571
-10.301,15.2262524494758,0.567694603513388,14.1131975559351,16.3393073430164,"20",14.5885365782571
-10.3,13.3202061221475,0.575931416984963,12.1910016554297,14.4494105888653,"2",14.5895365782571
-10.3,16.9060160720486,0.543801901284665,15.8398065932274,17.9722255508697,"10",14.5895365782571
-10.3,15.2271101034593,0.567668289819225,14.1141068020702,16.3401134048483,"20",14.5895365782571
-10.27,13.3476088643232,0.575103398837726,12.2200278579043,14.4751898707421,"2",14.6195365782571
-10.27,16.9310538438254,0.543102237696385,15.8662161659267,17.9958915217241,"10",14.6195365782571
-10.27,15.2528397229641,0.566879490934279,14.1413829863187,16.3642964596096,"20",14.6195365782571
-10.266,13.35126256328,0.574993088092181,12.2238978384928,14.4786272880672,"2",14.6235365782571
-10.266,16.9343922133956,0.543009037833101,15.8697372685426,17.9990471582487,"10",14.6235365782571
-10.266,15.2562703388981,0.566774407382909,14.1450196351449,16.3675210426513,"20",14.6235365782571
-10.196,13.4152022950232,0.573066159216059,12.2916156185067,14.5387889715398,"2",14.6935365782571
-10.196,16.9928136808749,0.541381430519184,15.9313499171152,18.0542774446347,"10",14.6935365782571
-10.196,15.3163061177428,0.564938875710187,14.2086542636139,16.4239579718717,"20",14.6935365782571
-10.147,13.4599601072435,0.571721282572252,12.3390102737062,14.5809099407809,"2",14.7425365782571
-10.147,17.0337087081104,0.540245941960633,15.9744712489321,18.0929461672887,"10",14.7425365782571
-10.147,15.3583311629341,0.563657887226786,14.2531908889597,16.4634714369085,"20",14.7425365782571
-10.129,13.476401752549,0.571228073503267,12.3564189332555,14.5963845718424,"2",14.7605365782571
-10.129,17.0487313711765,0.539829621883662,15.9903101732346,18.1071525691184,"10",14.7605365782571
-10.129,15.373768934637,0.563188128386299,14.2695496970314,16.4779881722426,"20",14.7605365782571
-10.128,13.4773151772881,0.57120068607492,12.3573860553717,14.5972442992046,"2",14.7615365782571
-10.128,17.0495659635691,0.539806505601962,15.9911900887468,18.1079418383913,"10",14.7615365782571
-10.128,15.3746265886205,0.563162043448412,14.2704584946537,16.4787946825873,"20",14.7615365782571
-10.126,13.4791420267665,0.571145915351485,12.3593202915001,14.5989637620329,"2",14.7635365782571
-10.126,17.0512351483542,0.539760277024713,15.9929499119559,18.1095203847525,"10",14.7635365782571
-10.126,15.3763418965875,0.563109877610924,14.2722760819807,16.4804077111944,"20",14.7635365782571
-10.095,13.5074581936814,0.570297675009108,12.3892995675201,14.6256168198428,"2",14.7945365782571
-10.095,17.0771075125236,0.53904441470644,16.0202258372152,18.133989187832,"10",14.7945365782571
-10.095,15.4029291700759,0.562301996742995,14.3004473334528,16.505411006699,"20",14.7945365782571
-10.066,13.5339475111179,0.569505364026793,12.4173423357215,14.6505526865143,"2",14.8235365782571
-10.066,17.1013106919078,0.538375897799555,16.0457397495358,18.1568816342799,"10",14.8235365782571
-10.066,15.4278011355973,0.561547413544212,14.3267987784633,16.5288034927312,"20",14.8235365782571
-10.011,13.5841858717733,0.568005920244403,12.4705205926332,14.6978511509135,"2",14.8785365782571
-10.011,17.1472132734987,0.537111118093551,16.0941221314142,18.2003044155832,"10",14.8785365782571
-10.011,15.4749721046895,0.560119447498017,14.3767695004256,16.5731747089534,"20",14.8785365782571
-9.989,13.6042812160355,0.567407327560767,12.4917895723529,14.7167728597181,"2",14.9005365782571
-9.989,17.165574306135,0.536606347005385,16.1134728474584,18.2176757648117,"10",14.9005365782571
-9.989,15.4938404923264,0.559549418083633,14.3967555207214,16.5909254639315,"20",14.9005365782571
-9.968,13.6234631355585,0.566836578190379,12.5120905361222,14.7348357349948,"2",14.9215365782571
-9.968,17.1831007463788,0.536125130718616,16.1319427882032,18.2342587045545,"10",14.9215365782571
-9.968,15.5118512259798,0.559005918650066,14.4158318708179,16.6078705811417,"20",14.9215365782571
-9.905,13.6810088941274,0.565128067813757,12.5729860990113,14.7890316892436,"2",14.9845365782571
-9.905,17.2356800671102,0.534685076863893,16.1873455618616,18.2840145723588,"10",14.9845365782571
-9.905,15.5658834269401,0.557379069078613,14.4730537671977,16.6587130866824,"20",14.9845365782571
-9.862,13.7202861579126,0.563965180649453,12.6145433866699,14.8260289291553,"2",15.0275365782571
-9.862,17.2715675399903,0.533705296178154,16.2251540494565,18.3179810305241,"10",15.0275365782571
-9.862,15.6027625482304,0.55627184086153,14.5121037842085,16.6934213122522,"20",15.0275365782571
-9.798,13.7787453412207,0.562239277903341,12.6763864747843,14.8811042076571,"2",15.0915365782571
-9.798,17.3249814531142,0.532251729323709,16.2814179098767,18.3685449963517,"10",15.0915365782571
-9.798,15.6576524031741,0.554628660155139,14.5702153543401,16.7450894520081,"20",15.0915365782571
-9.789,13.7869661638734,0.561997046139942,12.6850822310509,14.888850096696,"2",15.1005365782571
-9.789,17.3324927846473,0.532047775735567,16.289329124618,18.3756564446765,"10",15.1005365782571
-9.789,15.6653712890256,0.554398049591156,14.5783863886093,16.7523561894418,"20",15.1005365782571
-9.717,13.8527327450951,0.560063422745138,12.754639986204,14.9508255039862,"2",15.1725365782571
-9.717,17.3925834369117,0.5304202042603,16.3526108877084,18.4325559861149,"10",15.1725365782571
-9.717,15.7271223758373,0.552557291216038,14.6437465728205,16.810498178854,"20",15.1725365782571
-9.699,13.8691743904005,0.559581197677348,12.7720271098849,14.9663216709161,"2",15.1905365782571
-9.699,17.4076060999778,0.530014443157753,16.3684291094745,18.446783090481,"10",15.1905365782571
-9.699,15.7425601475402,0.552098253025115,14.6600843613662,16.8250359337141,"20",15.1905365782571
-9.67,13.895663707837,0.55880527864318,12.8000377390841,14.9912896765899,"2",15.2195365782571
-9.67,17.431809279362,0.529361673986194,16.3939121458739,18.4697064128501,"10",15.2195365782571
-9.67,15.7674321130615,0.551359665572601,14.6864044441909,16.8484597819322,"20",15.2195365782571
-9.652,13.9121053531424,0.558324295807159,12.8174224271735,15.0067882791113,"2",15.2375365782571
-9.652,17.4468319424281,0.528957102587834,16.4097280350372,18.483935849819,"10",15.2375365782571
-9.652,15.7828698847645,0.550901838397908,14.7027398583481,16.8629999111808,"20",15.2375365782571
-9.641,13.9221530252735,0.55803059707091,12.828045942044,15.0162601085031,"2",15.2485365782571
-9.641,17.4560124587463,0.528710089674827,16.4193928591679,18.4926320583247,"10",15.2485365782571
-9.641,15.7923040785829,0.550622284397868,14.7127221619175,16.8718859952483,"20",15.2485365782571
-9.558,13.9979672786263,0.555820290443595,12.9081938504861,15.0877407067664,"2",15.3315365782571
-9.558,17.5252836273289,0.526851798212966,16.4923075015345,18.5582597531232,"10",15.3315365782571
-9.558,15.8634893592131,0.548518558964312,14.7880321283805,16.9389465900456,"20",15.3315365782571
-9.554,14.001620977583,0.555714028835907,12.9120558921006,15.0911860630655,"2",15.3355365782571
-9.554,17.5286219968991,0.526762489830655,16.4958209742876,18.5614230195106,"10",15.3355365782571
-9.554,15.866919975147,0.548417427158022,14.7916610291867,16.9421789211074,"20",15.3355365782571
-9.516,14.0363311176722,0.554705739399057,12.9487429428119,15.1239192925326,"2",15.3735365782571
-9.516,17.5603365078164,0.525915202846834,16.5291967251,18.5914762905329,"10",15.3735365782571
-9.516,15.8995108265199,0.547457839944479,14.826133302784,16.9728883502557,"20",15.3735365782571
-9.424,14.1203661936777,0.552273636504469,13.0375465405043,15.2031858468511,"2",15.4655365782571
-9.424,17.637119007932,0.523872487933183,16.6099842902923,18.6642537255718,"10",15.4655365782571
-9.424,15.9784149930015,0.545143412711933,14.9095752692394,17.0472547167636,"20",15.4655365782571
-9.414,14.1295004410696,0.552010051823646,13.0471975872757,15.2118032948635,"2",15.4755365782571
-9.414,17.6454649318576,0.523651192487947,16.6187640988747,18.6721657648406,"10",15.4755365782571
-9.414,15.9869915328364,0.544892598508482,14.9186435699169,17.055339495756,"20",15.4755365782571
-9.409,14.1340675647655,0.551878316710558,13.0520229984582,15.2161121310729,"2",15.4805365782571
-9.409,17.6496378938205,0.523540599333759,16.6231538961759,18.676121891465,"10",15.4805365782571
-9.409,15.9912798027539,0.544767247119484,14.923177611022,17.0593819944858,"20",15.4805365782571
-9.402,14.1404615379399,0.551693951714182,13.0587784483141,15.2221446275656,"2",15.4875365782571
-9.402,17.6554800405684,0.523385830091359,16.6292994924574,18.6816605886794,"10",15.4875365782571
-9.402,15.9972833806384,0.54459181763634,14.9295251461037,17.0650416151731,"20",15.4875365782571
-9.368,14.1715179790723,0.550799531712811,13.0915885410635,15.2514474170811,"2",15.5215365782571
-9.368,17.6838561819155,0.52263511093398,16.6591475372304,18.7085648266005,"10",15.5215365782571
-9.368,16.0264436160772,0.543740770334784,14.9603539941342,17.0925332380203,"20",15.5215365782571
-9.366,14.1733448285507,0.550746974001639,13.093518438232,15.2531712188693,"2",15.5235365782571
-9.366,17.6855253667006,0.52259100361539,16.6609032013769,18.7101475320242,"10",15.5235365782571
-9.366,16.0281589240442,0.54369076248688,14.9621673503819,17.0941504977066,"20",15.5235365782571
-9.333,14.2034878449439,0.549880660671498,13.1253599986761,15.2816156912118,"2",15.5565365782571
-9.333,17.7130669156551,0.521864079623078,16.6898699995797,18.7362638317305,"10",15.5565365782571
-9.333,16.0564615054996,0.542866498106233,14.9920860322841,17.120836978715,"20",15.5565365782571
-9.319,14.2162757912926,0.54951364139542,13.1388675442577,15.2936840383275,"2",15.5705365782571
-9.319,17.7247512091509,0.521556171023607,16.7021579964951,18.7473444218068,"10",15.5705365782571
-9.319,16.0684686612685,0.54251730414924,15.0047778379339,17.1321594846032,"20",15.5705365782571
-9.301,14.232717436598,0.549042205183587,13.1562335146832,15.3092013585128,"2",15.5885365782571
-9.301,17.739773872217,0.521160712855878,16.717956017731,18.7615917267031,"10",15.5885365782571
-9.301,16.0839064329715,0.542068774188294,15.0210950234358,17.1467178425071,"20",15.5885365782571
-9.3,14.2336308613372,0.549016029008469,13.1571982619462,15.3100634607281,"2",15.5895365782571
-9.3,17.7406084646096,0.521138756973724,16.7188336580967,18.7623832711225,"10",15.5895365782571
-9.3,16.084764086955,0.542043870184849,15.0220015056497,17.1475266682602,"20",15.5895365782571
-9.27,14.2610336035129,0.548231466217376,13.1861392633347,15.335927943691,"2",15.6195365782571
-9.27,17.7656462363864,0.52048076797587,16.7451615211822,18.7861309515907,"10",15.6195365782571
-9.27,16.1104937064598,0.541297452966375,15.0491945939501,17.1717928189695,"20",15.6195365782571
-9.266,14.2646873024696,0.54812696367207,13.1899978560297,15.3393767489096,"2",15.6235365782571
-9.266,17.7689846059567,0.520393136790553,16.7486717055258,18.7892975063875,"10",15.6235365782571
-9.266,16.1139243223938,0.541198033623427,15.0528201372015,17.1750285075861,"20",15.6235365782571
-9.196,14.3286270342129,0.546302219922048,13.2575152859717,15.3997387824542,"2",15.6935365782571
-9.196,17.827406073436,0.518863442639209,16.8100923798854,18.8447197669865,"10",15.6935365782571
-9.196,16.1739601012385,0.539462135192068,15.1162594189715,17.2316607835055,"20",15.6935365782571
-9.147,14.3733848464332,0.545029485983047,13.304768494009,15.4420011988574,"2",15.7425365782571
-9.147,17.8683011006714,0.517797014865515,16.8530783071308,18.8835238942121,"10",15.7425365782571
-9.147,16.2159851464298,0.538251466648104,15.1606581709744,17.2713121218851,"20",15.7425365782571
-9.129,14.3898264917386,0.544562905914528,13.3221249431989,15.4575280402783,"2",15.7605365782571
-9.129,17.8833237637375,0.517406172459647,16.8688672784369,18.8977802490382,"10",15.7605365782571
-9.129,16.2314229181327,0.537807659591705,15.1769660964764,17.2858797397891,"20",15.7605365782571
-9.128,14.3907399164778,0.544536999891549,13.323089160786,15.4583906721696,"2",15.7615365782571
-9.128,17.8841583561301,0.517384473316095,16.8697444154261,18.8985722968341,"10",15.7615365782571
-9.128,16.2322805721162,0.537783018315144,15.1778720635727,17.2866890806597,"20",15.7615365782571
-9.126,14.3925667659562,0.544485192616227,13.3250175866066,15.4601159453058,"2",15.7635365782571
-9.126,17.8858275409152,0.517341079556169,16.8714986805282,18.9001564013022,"10",15.7635365782571
-9.126,16.2339958800832,0.537733740399432,15.1796839886731,17.2883077714933,"20",15.7635365782571
-9.095,14.4208829328711,0.543682994559582,13.3549065894565,15.4868592762856,"2",15.7945365782571
-9.095,17.9116999050846,0.516669249262497,16.8986882740519,18.9247115361174,"10",15.7945365782571
-9.095,16.2605831535716,0.536970724617585,15.207767275061,17.3133990320822,"20",15.7945365782571
-9.066,14.4473722503076,0.542933941034626,13.3828645445836,15.5118799560315,"2",15.8235365782571
-9.066,17.9359030844689,0.516042081035337,16.9241211157581,18.9476850531797,"10",15.8235365782571
-9.066,16.2854551190929,0.536258286438308,15.2340360881072,17.3368741500787,"20",15.8235365782571
-9.011,14.497610610963,0.541517032722157,13.4358809776765,15.5593402442495,"2",15.8785365782571
-9.011,17.9818056660597,0.514856140938736,16.9723489201356,18.9912624119839,"10",15.8785365782571
-9.011,16.3326260881852,0.534910716064909,15.2838491816608,17.3814029947096,"20",15.8785365782571
-8.989,14.5177059552252,0.540951636761123,13.4570848699807,15.5783270404696,"2",15.9005365782571
-8.989,18.0001666986961,0.514383060155575,16.9916375023338,19.0086958950584,"10",15.9005365782571
-8.989,16.3514944758221,0.534373016352188,15.3037718144725,17.3992171371718,"20",15.9005365782571
-8.968,14.5368878747482,0.540412672899353,13.4773235132423,15.5964522362541,"2",15.9215365782571
-8.968,18.0176931389399,0.513932176323339,17.0100479715128,19.0253383063669,"10",15.9215365782571
-8.968,16.3695052094755,0.533860468847911,15.3227874784251,17.4162229405259,"20",15.9215365782571
-8.905,14.5944336333171,0.538800094486661,13.538030986371,15.6508362802632,"2",15.9845365782571
-8.905,18.0702724596712,0.512583605790174,17.0652713776766,19.0752735416658,"10",15.9845365782571
-8.905,16.4235374104357,0.532327015203023,15.3798262573463,17.4672485635252,"20",15.9845365782571
-8.862,14.6337108971023,0.537703183115947,13.5794589180706,15.6879628761339,"2",16.0275365782571
-8.862,18.1061599325513,0.511666686488664,17.1029566156036,19.109363249499,"10",16.0275365782571
-8.862,16.4604165317261,0.531284001096034,15.4187503724566,17.5020826909955,"20",16.0275365782571
-8.798,14.6921700804104,0.536076231366593,13.6411079971343,15.7432321636866,"2",16.0915365782571
-8.798,18.1595738456752,0.510307316031588,17.1590357891158,19.1601119022347,"10",16.0915365782571
-8.798,16.5153063866698,0.529737102488433,15.4766731663332,17.5539396070063,"20",16.0915365782571
-8.789,14.7003909030631,0.535847987340092,13.6497763282344,15.7510054778919,"2",16.1005365782571
-8.789,18.1670851772083,0.510116669999362,17.1669209122928,19.1672494421238,"10",16.1005365782571
-8.789,16.5230252725212,0.529520099807383,15.4848175201996,17.5612330248429,"20",16.1005365782571
-8.717,14.7661574842848,0.534026915747842,13.7191134078097,15.8132015607598,"2",16.1725365782571
-8.717,18.2271758294727,0.508596104766759,17.2299928727511,19.2243587861943,"10",16.1725365782571
-8.717,16.5847763593329,0.527788813601659,15.5499630669401,17.6195896517258,"20",16.1725365782571
-8.699,14.7825991295902,0.533573009938759,13.7364450071131,15.8287532520673,"2",16.1905365782571
-8.699,18.2421984925388,0.508217247336001,17.2457583456214,19.2386386394562,"10",16.1905365782571
-8.699,16.6002141310359,0.527357313332052,15.5662468630436,17.6341813990281,"20",16.1905365782571
-8.67,14.8090884470267,0.532842869709442,13.7643658797382,15.8538110143152,"2",16.2195365782571
-8.67,18.2664016719231,0.507607951454629,17.2711561457721,19.261647198074,"10",16.2195365782571
-8.67,16.6250860965572,0.52666323615013,15.5924796764558,17.6576925166586,"20",16.2195365782571
-8.652,14.8255300923321,0.532390396743037,13.7816946697273,15.869365514937,"2",16.2375365782571
-8.652,18.2814243349892,0.507230443398454,17.2869189729805,19.2759296969978,"10",16.2375365782571
-8.652,16.6405238682602,0.526233125417211,15.6087607481533,17.672286988367,"20",16.2375365782571
-8.641,14.8355777644632,0.53211415678184,13.792283953913,15.8788715750134,"2",16.2485365782571
-8.641,18.2906048513073,0.506999999387578,17.2965513111628,19.2846583914519,"10",16.2485365782571
-8.641,16.6499580620786,0.525970543022806,15.6187097762105,17.6812063479467,"20",16.2485365782571
-8.558,14.9113920178159,0.53003647115417,13.8721718379481,15.9506121976837,"2",16.3315365782571
-8.558,18.3598760198899,0.505267468979103,17.36921937913,19.3505326606498,"10",16.3315365782571
-8.558,16.7211433427087,0.523995705969018,15.693767036657,17.7485196487605,"20",16.3315365782571
-8.554,14.9150457167727,0.529936640631905,13.8760212704043,15.9540701631411,"2",16.3355365782571
-8.554,18.3632143894601,0.505184254534179,17.3727209037568,19.3537078751635,"10",16.3355365782571
-8.554,16.7245739586427,0.523900822812817,15.6973836859981,17.7517642312873,"20",16.3355365782571
-8.516,14.9497558568619,0.528989629603962,13.9125881751207,15.9869235386031,"2",16.3735365782571
-8.516,18.3949289003775,0.504395012665093,17.405982847958,19.3838749527969,"10",16.3735365782571
-8.516,16.7571648100156,0.523000769055425,15.7317392348561,17.7825903851751,"20",16.3735365782571
-8.424,15.0337909328674,0.526707264840777,14.001098187567,16.0664836781677,"2",16.4655365782571
-8.424,18.4717114004931,0.50249397729859,17.4864926280308,19.4569301729553,"10",16.4655365782571
-8.424,16.8360689764972,0.520831765788912,15.8148960746676,17.8572418783268,"20",16.4655365782571
-8.414,15.0429251802592,0.526460074420276,14.0107170908028,16.0751332697156,"2",16.4755365782571
-8.414,18.4800573244187,0.502288180254103,17.4952420495518,19.4648725992855,"10",16.4755365782571
-8.414,16.8446455163321,0.520596869189593,15.8239331663692,17.865357866295,"20",16.4755365782571
-8.409,15.0474923039552,0.526336545180529,14.0155264130752,16.0794581948352,"2",16.4805365782571
-8.409,18.4842302863815,0.502185343563627,17.4996166390814,19.4688439336816,"10",16.4805365782571
-8.409,16.8489337862496,0.520479484772811,15.8284515869676,17.8694159855317,"20",16.4805365782571
-8.402,15.0538862771295,0.526163678208178,14.0222593192397,16.0855132350193,"2",16.4875365782571
-8.402,18.4900724331294,0.502041441510959,17.5057409285218,19.4744039377371,"10",16.4875365782571
-8.402,16.8549373641341,0.520315218209164,15.8347772353832,17.8750974928849,"20",16.4875365782571
-8.368,15.084942718262,0.525325268719543,14.0549595945364,16.1149258419875,"2",16.5215365782571
-8.368,18.5184485744765,0.501343641134435,17.5354852176705,19.5014119312825,"10",16.5215365782571
-8.368,16.8840975995729,0.519518543059621,15.8654994782258,17.90269572092,"20",16.5215365782571
-8.366,15.0867695677404,0.525276014176723,14.056883015322,16.1166561201587,"2",16.5235365782571
-8.366,18.5201177592616,0.501302653682259,17.5372347648264,19.5030007536968,"10",16.5235365782571
-8.366,16.8858129075399,0.519471741450786,15.8673065481356,17.9043192669442,"20",16.5235365782571
-8.333,15.1169125841336,0.524464338780052,14.0886174494716,16.1452077187956,"2",16.5565365782571
-8.333,18.5476593082161,0.500627319968526,17.5661004121433,19.529218204289,"10",16.5565365782571
-8.333,16.9141154889953,0.51870050671509,15.8971212570471,17.9311097209435,"20",16.5565365782571
-8.319,15.1297005304823,0.524120576672615,14.1020793957025,16.1573216652621,"2",16.5705365782571
-8.319,18.559343601712,0.500341362331817,17.5783453707308,19.5403418326932,"10",16.5705365782571
-8.319,16.9261226447642,0.518373882500326,15.909768811154,17.9424764783744,"20",16.5705365782571
-8.301,15.1461421757877,0.523679110505444,14.119386605124,16.1728977464514,"2",16.5885365782571
-8.301,18.5743662647781,0.499974183122765,17.5940879466037,19.5546445829525,"10",16.5885365782571
-8.301,16.9415604164671,0.517954434242508,15.9260289773857,17.9570918555485,"20",16.5885365782571
-8.3,15.1470556005269,0.523654601577942,14.1203480834848,16.1737631175689,"2",16.5895365782571
-8.3,18.5752008571706,0.49995380015261,17.5949625030271,19.5554392113141,"10",16.5895365782571
-8.3,16.9424180704506,0.517931147985286,15.9269322877528,17.9579038531485,"20",16.5895365782571
-8.27,15.1744583427026,0.522920166330011,14.1491908019112,16.1997258834939,"2",16.6195365782571
-8.27,18.6002386289475,0.499343089631064,17.6211976691959,19.5792795886991,"10",16.6195365782571
-8.27,16.9681476899555,0.517233365941876,15.9540300191143,17.9822653607967,"20",16.6195365782571
-8.266,15.1781120416593,0.52282236358303,14.1530362585938,16.2031878247249,"2",16.6235365782571
-8.266,18.6035769985177,0.499261775581315,17.6246954677979,19.5824585292376,"10",16.6235365782571
-8.266,16.9715783058895,0.517140446340431,15.9576428185964,17.9855137931826,"20",16.6235365782571
-8.196,15.2420517734026,0.521115483124876,14.2203225989447,16.2637809478605,"2",16.6935365782571
-8.196,18.661998465997,0.497843140950482,17.6858983924343,19.6380985395597,"10",16.6935365782571
-8.196,17.0316140847342,0.51551886893981,16.0208579559374,18.0423702135309,"20",16.6935365782571
-8.147,15.2868095856229,0.519925951307908,14.2674126760865,16.3062064951593,"2",16.7425365782571
-8.147,18.7028934932325,0.496855030657798,17.728730765894,19.677056220571,"10",16.7425365782571
-8.147,17.0736391299255,0.514388876021251,16.0650985306403,18.0821797292106,"20",16.7425365782571
-8.129,15.3032512309283,0.519490080411071,14.2847089150972,16.3217935467594,"2",16.7605365782571
-8.129,18.7179161562986,0.496493077517947,17.7444630952332,19.691369217364,"10",16.7605365782571
-8.129,17.0890769016284,0.513974840226108,16.0813480848845,18.0968057183723,"20",16.7605365782571
-8.128,15.3041646556675,0.519465882745846,14.2856697831792,16.3226595281558,"2",16.7615365782571
-8.128,18.7187507486911,0.496472985221311,17.7453370817453,19.692164415637,"10",16.7615365782571
-8.128,17.0899345556119,0.513951855045783,16.0822508049427,18.097618306281,"20",16.7615365782571
-8.126,15.3059915051459,0.519417492910643,14.2875915085689,16.3243915017229,"2",16.7635365782571
-8.126,18.7204199334763,0.496432805751699,17.7470850447239,19.6937548222287,"10",16.7635365782571
-8.126,17.0916498635789,0.513905889998002,16.0840562346425,18.0992434925152,"20",16.7635365782571
-8.095,15.3343076720608,0.518668388889623,14.3173764121799,16.3512389319416,"2",16.7945365782571
-8.095,18.7462922976457,0.495810898759144,17.7741767557342,19.7184078395572,"10",16.7945365782571
-8.095,17.1182371370672,0.513194338980088,16.1120386162358,18.1244356578987,"20",16.7945365782571
-8.066,15.3607969894973,0.517969214922175,14.3452365705599,16.3763574084346,"2",16.8235365782571
-8.066,18.7704954770299,0.495230606439768,17.7995176898227,19.7414732642371,"10",16.8235365782571
-8.066,17.1431091025886,0.512530241838477,16.138212649046,18.1480055561312,"20",16.8235365782571
-8.011,15.4110353501527,0.516647468426326,14.3980664238878,16.4240042764175,"2",16.8785365782571
-8.011,18.8163980586208,0.494134031040734,17.8475702806025,19.7852258366391,"10",16.8785365782571
-8.011,17.1902800716809,0.511274876916874,16.1878449592546,18.1927151841071,"20",16.8785365782571
-7.989,15.4311306944149,0.516120344364594,14.4191952780914,16.4430661107383,"2",16.9005365782571
-7.989,18.8347590912571,0.493696866094144,17.8667884441329,19.8027297383813,"10",16.9005365782571
-7.989,17.2091484593178,0.510774252329382,16.2076949004302,18.2106020182054,"20",16.9005365782571
-7.968,15.4503126139378,0.515618023631323,14.4393620767146,16.4612631511611,"2",16.9215365782571
-7.968,18.8522855315009,0.493280356410479,17.885131517367,19.8194395456349,"10",16.9215365782571
-7.968,17.2271591929712,0.510297197935593,16.2266409745363,18.227677411406,"20",16.9215365782571
-7.905,15.5078583725068,0.514116026996205,14.4998527368106,16.515864008203,"2",16.9845365782571
-7.905,18.9048648522323,0.492035442337625,17.9401516886758,19.8695780157887,"10",16.9845365782571
-7.905,17.2811913939314,0.508870830852661,16.2834697933468,18.2789129945161,"20",16.9845365782571
-7.862,15.547135636292,0.513095156758156,14.5411315778648,16.5531396947191,"2",17.0275365782571
-7.862,18.9407523251124,0.491189734261193,17.9776973057538,19.903807344471,"10",17.0275365782571
-7.862,17.3180705152217,0.507901432972429,16.3222495722225,18.313891458221,"20",17.0275365782571
-7.798,15.6055948196001,0.511582236461305,14.6025570802634,16.6086325589368,"2",17.0915365782571
-7.798,18.9941662382363,0.48993704933416,18.0335673054416,19.954765171031,"10",17.0915365782571
-7.798,17.3729603701655,0.506464896858506,16.3799559830071,18.3659647573238,"20",17.0915365782571
-7.789,15.6138156422528,0.51137011039993,14.6111938095483,16.6164374749573,"2",17.1005365782571
-7.789,19.0016775697693,0.489761473010001,18.0414228820768,19.9619322574618,"10",17.1005365782571
-7.789,17.3806792560169,0.506263490407183,16.3880697580029,18.3732887540309,"20",17.1005365782571
-7.717,15.6795822234745,0.509678717033496,14.6802766344893,16.6788878124596,"2",17.1725365782571
-7.717,19.0617682220337,0.48836206299007,18.1042572986136,20.0192791454538,"10",17.1725365782571
-7.717,17.4424303428286,0.504657656594834,16.4529693355207,18.4318913501365,"20",17.1725365782571
-7.699,15.6960238687799,0.50925743557046,14.6975442686117,16.694503468948,"2",17.1905365782571
-7.699,19.0767908850998,0.488013660783544,18.1199630592088,20.0336187109909,"10",17.1905365782571
-7.699,17.4578681145315,0.504257709674247,16.469191266302,18.4465449627611,"20",17.1905365782571
-7.67,15.7225131862164,0.508580029856175,14.7253617468948,16.7196646255379,"2",17.2195365782571
-7.67,19.1009940644841,0.487453572109262,18.1452643808615,20.0567237481067,"10",17.2195365782571
-7.67,17.4827400800529,0.503614629169592,16.4953240926775,18.4701560674283,"20",17.2195365782571
-7.652,15.7389548315218,0.50816039633905,14.7426261499591,16.7352835130845,"2",17.2375365782571
-7.652,19.1160167275502,0.487106693784723,18.1609671536454,20.071066301455,"10",17.2375365782571
-7.652,17.4981778517558,0.503216271529687,16.5115429074231,18.4848127960885,"20",17.2375365782571
-7.641,15.7490025036529,0.507904265620583,14.7531760067997,16.744829000506,"2",17.2485365782571
-7.641,19.1251972438684,0.486895000920793,18.1705627272438,20.0798317604929,"10",17.2485365782571
-7.641,17.5076120455743,0.502973131578204,16.5214538155016,18.493770275647,"20",17.2485365782571
-7.558,15.8248167570056,0.505979312665974,14.8327644343171,16.8168690796941,"2",17.3315365782571
-7.558,19.1944684124509,0.485304765301636,18.2429518038122,20.1459850210897,"10",17.3315365782571
-7.558,17.5787973262044,0.501145923987569,16.596221625079,18.5613730273299,"20",17.3315365782571
-7.554,15.8284704559624,0.505886887486744,14.8365993474291,16.8203415644956,"2",17.3355365782571
-7.554,19.1978067820212,0.485228444604737,18.2464398121576,20.1491737518847,"10",17.3355365782571
-7.554,17.5822279421384,0.501058197006067,16.5998242436098,18.564631640667,"20",17.3355365782571
-7.516,15.8631805960516,0.505010433300563,14.8730279143183,16.8533332777848,"2",17.3735365782571
-7.516,19.2295212929385,0.484504859733137,18.2795730254499,20.1794695604271,"10",17.3735365782571
-7.516,17.6148187935112,0.500226318038304,16.6340461250298,18.5955914619927,"20",17.3735365782571
-7.424,15.947215672057,0.502900442137246,14.961199961109,16.9332313830051,"2",17.4655365782571
-7.424,19.3063037930541,0.482764034407104,18.3597686884456,20.2528388976627,"10",17.4655365782571
-7.424,17.6937229599928,0.498223808138552,16.716876528311,18.6705693916747,"20",17.4655365782571
-7.414,15.9563499194489,0.502672120979932,14.9707818681754,16.9419179707224,"2",17.4755365782571
-7.414,19.3146497169797,0.482575758549394,18.3684837569138,20.2608156770457,"10",17.4755365782571
-7.414,17.7022994998278,0.498007131897112,16.7258778961246,18.6787211035311,"20",17.4755365782571
-7.409,15.9609170431449,0.502558036188334,14.9755726731162,16.9462614131736,"2",17.4805365782571
-7.409,19.3188226789425,0.482481690343893,18.3728411544443,20.2648042034408,"10",17.4805365782571
-7.409,17.7065877697453,0.49789886675338,16.7303784369484,18.6827971025422,"20",17.4805365782571
-7.402,15.9673110163192,0.502398402446416,14.9822796334433,16.9523423991951,"2",17.4875365782571
-7.402,19.3246648256905,0.482350073013363,18.3789413577474,20.2703882936335,"10",17.4875365782571
-7.402,17.7125913476298,0.497747377364611,16.7366790336956,18.6885036615639,"20",17.4875365782571
-7.368,15.9983674574516,0.501624451540264,15.0148535275128,16.9818813873905,"2",17.5215365782571
-7.368,19.3530409670375,0.481712088200522,18.4085683690403,20.2975135650347,"10",17.5215365782571
-7.368,17.7417515830686,0.497012932176839,16.7672792648737,18.7162239012635,"20",17.5215365782571
-7.366,16.00019430693,0.501578998139288,15.0167694955596,16.9836191183004,"2",17.5235365782571
-7.366,19.3547101518227,0.481674626906613,18.4103110026063,20.299109301039,"10",17.5235365782571
-7.366,17.7434668910356,0.496969799915406,16.7690791404486,18.7178546416225,"20",17.5235365782571
-7.333,16.0303373233233,0.500830193709479,15.0483806612531,17.0122939853934,"2",17.5565365782571
-7.333,19.3822517007772,0.48105759684731,18.4390623364041,20.3254410651502,"10",17.5565365782571
-7.333,17.771769472491,0.496259250268001,16.798774866664,18.7447640783179,"20",17.5565365782571
-7.319,16.0431252696719,0.500513190946271,15.0617901415651,17.0244603977788,"2",17.5705365782571
-7.319,19.393935994273,0.480796443700373,18.4512586618734,20.3366133266726,"10",17.5705365782571
-7.319,17.7837766282599,0.495958451611891,16.811371785686,18.7561814708337,"20",17.5705365782571
-7.301,16.0595669149774,0.500106205814619,15.0790297454728,17.0401040844819,"2",17.5885365782571
-7.301,19.4089586573391,0.480461217000624,18.4669385898075,20.3509787248708,"10",17.5885365782571
-7.301,17.7992143999628,0.4955722781418,16.8275667114432,18.7708620884824,"20",17.5885365782571
-7.3,16.0604803397165,0.500083615015411,15.0799874630403,17.0409732163928,"2",17.5895365782571
-7.3,19.4097932497317,0.480442611184279,18.4678096618403,20.351776837623,"10",17.5895365782571
-7.3,17.8000720539463,0.495550842811758,16.8284663927753,18.7716777151173,"20",17.5895365782571
-7.27,16.0878830818922,0.499406846935405,15.1087171158799,17.0670490479045,"2",17.6195365782571
-7.27,19.4348310215085,0.479885313986016,18.4939401027562,20.3757219402608,"10",17.6195365782571
-7.27,17.8258016734512,0.494908702700752,16.8554550293441,18.7961483175583,"20",17.6195365782571
-7.266,16.091536780849,0.499316751199409,15.1125474617507,17.0705260999472,"2",17.6235365782571
-7.266,19.4381693910788,0.479811136158925,18.4974239096671,20.3789148724904,"10",17.6235365782571
-7.266,17.8292322893852,0.494823218729878,16.8590532500985,18.7994113286718,"20",17.6235365782571
-7.196,16.1554765125923,0.497745433550919,15.1795680098117,17.1313850153728,"2",17.6935365782571
-7.196,19.496590858558,0.478517936929312,18.5583808983966,20.4348008187194,"10",17.6935365782571
-7.196,17.8892680682299,0.493332403222895,16.9220120081034,18.8565241283563,"20",17.6935365782571
-7.147,16.2002343248126,0.496651575758624,15.2264705029238,17.1739981467013,"2",17.7425365782571
-7.147,19.5374858857935,0.477618253905667,18.6010398962351,20.4739318753519,"10",17.7425365782571
-7.147,17.9312931134212,0.492294664920998,16.9660717030659,18.8965145237764,"20",17.7425365782571
-7.129,16.216675970118,0.496251012493203,15.243697515749,17.189654424487,"2",17.7605365782571
-7.129,19.5525085488596,0.477288913379261,18.6167082833971,20.4883088143222,"10",17.7605365782571
-7.129,17.9467308851241,0.491914668377656,16.982254517983,18.9112072522651,"20",17.7605365782571
-7.128,16.2175893948572,0.496228778922139,15.2446545329143,17.1905242568,"2",17.7615365782571
-7.128,19.5533431412522,0.477270634931757,18.6175787135716,20.4891075689327,"10",17.7615365782571
-7.128,17.9475885391076,0.491893576631731,16.9831535256642,18.9120235525509,"20",17.7615365782571
-7.126,16.2194162443356,0.496184318083945,15.2465685548851,17.192263933786,"2",17.7635365782571
-7.126,19.5550123260373,0.47723408380404,18.6193195626131,20.4907050894616,"10",17.7635365782571
-7.126,17.9493038470746,0.491851399200016,16.9849515291447,18.9136561650044,"20",17.7635365782571
-7.095,16.2477324112504,0.495496251550952,15.2762337848647,17.2192310376361,"2",17.7945365782571
-7.095,19.5808846902067,0.476668525928494,18.6463007922835,20.5154685881299,"10",17.7945365782571
-7.095,17.9758911205629,0.491198683768377,17.0128185542826,18.9389636868432,"20",17.7945365782571
-7.011,16.3244600893424,0.493642031377046,15.3565969543379,17.2923232243468,"2",17.8785365782571
-7.011,19.6509904511818,0.475145385635195,18.7193929102655,20.5825879920981,"10",17.8785365782571
-7.011,18.0479340551766,0.489439855632288,17.0883099491276,19.0075581612255,"20",17.8785365782571
-6.989,16.3445554336045,0.4931588841612,15.3776395849924,17.3114712822167,"2",17.9005365782571
-6.989,19.6693514838182,0.474748734274205,18.7385316405154,20.6001713271209,"10",17.9005365782571
-6.989,18.0668024428135,0.488981594735061,17.1080768296003,19.0255280560266,"20",17.9005365782571
-6.968,16.3637373531275,0.492698664666675,15.3977238374904,17.3297508687646,"2",17.9215365782571
-6.968,19.6868779240619,0.474370994336784,18.7567986995413,20.6169571485826,"10",17.9215365782571
-6.968,18.0848131764669,0.488545092241265,17.1269433953045,19.0426829576292,"20",17.9215365782571
-6.905,16.4212831116965,0.491323696983459,15.4579654372719,17.3846007861211,"2",17.9845365782571
-6.905,19.7394572447933,0.473242963175917,18.8115897034486,20.667324786138,"10",17.9845365782571
-6.905,18.1388453774271,0.48724104997434,17.1835323770015,19.0941583778528,"20",17.9845365782571
-6.862,16.4605603754816,0.490390156153175,15.4990730552352,17.4220476957281,"2",18.0275365782571
-6.862,19.7753447176734,0.472477527626964,18.8489779335636,20.7017115017832,"10",18.0275365782571
-6.862,18.1757244987174,0.48635572199778,17.2221473235587,19.1293016738761,"20",18.0275365782571
-6.798,16.5190195587898,0.489008161585157,15.5602418570728,17.4777972605067,"2",18.0915365782571
-6.798,19.8287586307973,0.471345064589392,18.9046122192574,20.7529050423372,"10",18.0915365782571
-6.798,18.2306143536611,0.485045186200888,17.2796066908298,19.1816220164925,"20",18.0915365782571
-6.789,16.5272403814425,0.488814538134915,15.5688423090675,17.4856384538174,"2",18.1005365782571
-6.789,19.8362699623304,0.471186466238399,18.9124345078959,20.7601054167648,"10",18.1005365782571
-6.789,18.2383332395126,0.484861582565796,17.2876855605938,19.1889809184314,"20",18.1005365782571
-6.717,16.5930069626641,0.487271978527671,15.6376333219269,17.5483806034013,"2",18.1725365782571
-6.717,19.8963606145948,0.469923518712916,18.9750013681687,20.8177198610209,"10",18.1725365782571
-6.717,18.3000843263243,0.483398920009377,17.3523044282615,19.2478642243871,"20",18.1725365782571
-6.699,16.6094486079695,0.486888131956509,15.6548275590339,17.5640696569052,"2",18.1905365782571
-6.699,19.9113832776609,0.469609409850936,18.9906398912478,20.8321266640739,"10",18.1905365782571
-6.699,18.3155220980272,0.483034974423938,17.3684557727417,19.2625884233127,"20",18.1905365782571
-6.67,16.635937925406,0.486271229196655,15.6825264117231,17.589349439089,"2",18.2195365782571
-6.67,19.9355864570451,0.469104721391513,19.0158325920332,20.8553403220571,"10",18.2195365782571
-6.67,18.3403940635486,0.482450072053911,17.3944745316995,19.2863135953977,"20",18.2195365782571
-6.652,16.6523795707115,0.485889268124246,15.6997169520121,17.6050421894108,"2",18.2375365782571
-6.652,19.9506091201112,0.468792322502396,19.0314677624406,20.8697504777819,"10",18.2375365782571
-6.652,18.3558318352515,0.482087934393522,17.4106223314572,19.3010413390459,"20",18.2375365782571
-6.641,16.6624272428425,0.485656204357694,15.7102215824518,17.6146329032333,"2",18.2485365782571
-6.641,19.9597896364294,0.468601735540885,19.0410219545853,20.8785573182735,"10",18.2485365782571
-6.641,18.36526602907,0.481866970191115,17.4204897604786,19.3100422976613,"20",18.2485365782571
-6.558,16.7382414961953,0.483906403704168,15.7894665962312,17.6870163961594,"2",18.3315365782571
-6.558,20.029060805012,0.467171614428808,19.1130971013848,20.9450245086391,"10",18.3315365782571
-6.558,18.4364513097001,0.480208102070799,17.4949275139482,19.377975105452,"20",18.3315365782571
-6.554,16.741895195152,0.483822468872029,15.7932848626773,17.6905055276268,"2",18.3355365782571
-6.554,20.0323991745822,0.467103048550772,19.1165699051836,20.9482284439808,"10",18.3355365782571
-6.554,18.4398819256341,0.480128533144714,17.4985141373236,19.3812497139446,"20",18.3355365782571
-6.516,16.7766053352413,0.483026899731176,15.8295548416657,17.7236558288168,"2",18.3735365782571
-6.516,20.0641136854995,0.466453311164417,19.1495583288225,20.9786690421765,"10",18.3735365782571
-6.516,18.4724727770069,0.479374364138771,17.5325836560951,19.4123618979188,"20",18.3735365782571
-6.424,16.8606404112467,0.481114440830065,15.9173395952714,17.803941227222,"2",18.4655365782571
-6.424,20.1408961856152,0.464892601253565,19.2294008471115,21.0523915241188,"10",18.4655365782571
-6.424,18.5513769434885,0.477561561107116,17.6150421091119,19.4877117778651,"20",18.4655365782571
-6.414,16.8697746586386,0.480907736546137,15.9268791190448,17.8126701982324,"2",18.4755365782571
-6.414,20.1492421095408,0.464724016534202,19.2380773079943,21.0604069110872,"10",18.4755365782571
-6.414,18.5599534833235,0.477365639254094,17.6240027846704,19.4959041819766,"20",18.4755365782571
-6.409,16.8743417823345,0.480804470954646,15.9316487112357,17.8170348534334,"2",18.4805365782571
-6.409,20.1534150715036,0.464639802246533,19.2424153853632,21.0644147576439,"10",18.4805365782571
-6.409,18.564241753241,0.477267761187502,17.6284829599897,19.5000005464922,"20",18.4805365782571
-6.402,16.8807357555089,0.480659996154732,15.9383259500638,17.8231455609539,"2",18.4875365782571
-6.402,20.1592572182515,0.464521989754207,19.2484885221017,21.0700259144013,"10",18.4875365782571
-6.402,18.5702453311254,0.477130824781156,17.6347550233173,19.5057356389336,"20",18.4875365782571
-6.368,16.9117921966413,0.479959874800473,15.9707550896412,17.8528293036415,"2",18.5215365782571
-6.368,20.1876333595986,0.463951212325926,19.277983762707,21.0972829564902,"10",18.5215365782571
-6.368,18.5994055665643,0.476467249482005,17.6652163028904,19.5335948302382,"20",18.5215365782571
-6.366,16.9136190461197,0.47991877467655,15.9726625224011,17.8545755698383,"2",18.5235365782571
-6.366,20.1893025443837,0.463917712433993,19.2797186293189,21.0988864594484,"10",18.5235365782571
-6.366,18.6011208745313,0.47642829554898,17.6670079861929,19.5352337628697,"20",18.5235365782571
-6.333,16.943762062513,0.479241965835375,16.004132529377,17.883391595649,"2",18.5565365782571
-6.333,20.2168440933382,0.463366174378067,19.3083415557048,21.1253466309716,"10",18.5565365782571
-6.333,18.6294234559866,0.475786841134059,17.6965682402967,19.5622786716766,"20",18.5565365782571
-6.319,16.9565500088616,0.478955601635898,16.0174819379477,17.8956180797755,"2",18.5705365782571
-6.319,20.2285283868341,0.46313287917984,19.3204832612676,21.1365735124005,"10",18.5705365782571
-6.319,18.6414306117556,0.475515442758454,17.7091075154273,19.5737537080838,"20",18.5705365782571
-6.301,16.972991654167,0.478588092221712,16.0346441434793,17.9113391648548,"2",18.5885365782571
-6.301,20.2435510499002,0.462833534201855,19.3360928374214,21.1510092623789,"10",18.5885365782571
-6.301,18.6568683834585,0.475167146048137,17.7252281778173,19.5885085890997,"20",18.5885365782571
-6.3,16.9739050789062,0.478567697267182,16.0355975557466,17.9122126020658,"2",18.5895365782571
-6.3,20.2443856422927,0.462816923938305,19.336959996858,21.1518112877275,"10",18.5895365782571
-6.3,18.657726037442,0.475147817504439,17.7261237284621,19.5893283464218,"20",18.5895365782571
-6.27,17.0013078210819,0.477956939258049,16.0641977854211,17.9384178567427,"2",18.6195365782571
-6.27,20.2694234140696,0.462319597339582,19.3629728559458,21.1758739721933,"10",18.6195365782571
-6.27,18.6834556569469,0.47456900455468,17.7529882021336,19.6139231117601,"20",18.6195365782571
-6.266,17.0049615200387,0.477875664584128,16.0680108362071,17.9419122038702,"2",18.6235365782571
-6.266,20.2727617836398,0.462253430809598,19.3664409554439,21.1790826118357,"10",18.6235365782571
-6.266,18.6868862728808,0.47449198228939,17.7565698323784,19.6172027133833,"20",18.6235365782571
-6.196,17.068901251782,0.476459468472098,16.1347272440064,18.0030752595575,"2",18.6935365782571
-6.196,20.3311832511191,0.461101009565523,19.4271219267078,21.2352445755303,"10",18.6935365782571
-6.196,18.7469220517255,0.473149936929165,17.8192369030239,19.6746072004272,"20",18.6935365782571
-6.147,17.1136590640022,0.475475045792331,16.1814151723036,18.0459029557008,"2",18.7425365782571
-6.147,20.3720782783546,0.460300525228302,19.4695864298609,21.2745701268483,"10",18.7425365782571
-6.147,18.7889470969168,0.472217116753141,17.8630908894369,19.7148033043968,"20",18.7425365782571
-6.129,17.1301007093077,0.475114859547837,16.1985630196049,18.0616383990104,"2",18.7605365782571
-6.129,20.3871009414207,0.460007760514847,19.4851831043672,21.2890187784741,"10",18.7605365782571
-6.129,18.8043848686198,0.47187582312982,17.8791978211692,19.7295719160703,"20",18.7605365782571
-6.128,17.1310141340468,0.475094871927488,16.1995156332293,18.0625126348644,"2",18.7615365782571
-6.128,20.3879355338132,0.459991516192831,19.4860495463176,21.2898215213089,"10",18.7615365782571
-6.128,18.8052425226032,0.471856884094969,17.8800926081205,19.730392437086,"20",18.7615365782571
-6.126,17.1328409835252,0.475054903869946,16.2014208463943,18.0642611206562,"2",18.7635365782571
-6.126,20.3896047185983,0.459959033990717,19.487782417588,21.2914270196087,"10",18.7635365782571
-6.126,18.8069578305702,0.471819012890631,17.8818821685624,19.7320334925781,"20",18.7635365782571
-6.095,17.1611571504401,0.474436625458379,16.2309492457442,18.091365055136,"2",18.7945365782571
-6.095,20.4154770827677,0.459456659523999,19.5146397662105,21.316314399325,"10",18.7945365782571
-6.095,18.8335451040586,0.471233181365725,17.909618057242,19.7574721508752,"20",18.7945365782571
-6.066,17.1876464678766,0.473860327511507,16.2585684862871,18.1167244494661,"2",18.8235365782571
-6.066,20.439680262152,0.458988570803656,19.5397607074293,21.3395998168747,"10",18.8235365782571
-6.066,18.85841706958,0.470687144054968,17.9355606151154,19.7812735240446,"20",18.8235365782571
-6.011,17.237884828532,0.472772928857381,16.3109388636743,18.1648307933898,"2",18.8785365782571
-6.011,20.4855828437429,0.4581058135801,19.58739407392,21.3837716135657,"10",18.8785365782571
-6.011,18.9055880386722,0.469656887212405,17.9847515653967,19.8264245119478,"20",18.8785365782571
-5.989,17.2579801727942,0.472340024553092,16.3318829851687,18.1840773604197,"2",18.9005365782571
-5.989,20.5039438763792,0.457754549825946,19.6064438146013,21.4014439381571,"10",18.9005365782571
-5.989,18.9244564263091,0.469246747507479,18.0044240966749,19.8444887559434,"20",18.9005365782571
-5.968,17.2771620923172,0.471927897716145,16.351872944419,18.2024512402154,"2",18.9215365782571
-5.968,20.521470316623,0.457420236329029,19.6246257292347,21.4183149040113,"10",18.9215365782571
-5.968,18.9424671599626,0.468856301007925,18.0232003623314,19.8617339575937,"20",18.9215365782571
-5.905,17.3347078508861,0.470697992165071,16.4118301269891,18.2575855747832,"2",18.9845365782571
-5.905,20.5740496373543,0.456423082197074,19.6791601280649,21.4689391466438,"10",18.9845365782571
-5.905,18.9964993609228,0.467691143787453,18.0795170379686,19.913481683877,"20",18.9845365782571
-5.862,17.3739851146713,0.469864139111293,16.4527422913286,18.295227938014,"2",19.0275365782571
-5.862,20.6099371102345,0.455747490688661,19.7163722047546,21.5035020157144,"10",19.0275365782571
-5.862,19.0333784822131,0.466901229313244,18.1179449112914,19.9488120531348,"20",19.0275365782571
-5.798,17.4324442979794,0.468631537712352,16.5136181842732,18.3512704116857,"2",19.0915365782571
-5.798,20.6633510233584,0.454749524027137,19.7717427890699,21.5549592576469,"10",19.0915365782571
-5.798,19.0882683371568,0.465733636828082,18.175124015633,20.0014126586807,"20",19.0915365782571
-5.789,17.4406651206321,0.468459020813206,16.5221772535423,18.3591529877219,"2",19.1005365782571
-5.789,20.6708623548914,0.454609913634918,19.7795278488175,21.5621968609653,"10",19.1005365782571
-5.789,19.0959872230083,0.46557022422708,18.1831632976871,20.0088111483295,"20",19.1005365782571
-5.717,17.5064317018538,0.467086187043928,16.5906354921013,18.4222279116063,"2",19.1725365782571
-5.717,20.7309530071558,0.453499530759134,19.8417955820087,21.6201104323029,"10",19.1725365782571
-5.717,19.15773830982,0.464269887331038,18.2474639002708,20.0680127193691,"20",19.1725365782571
-5.699,17.5228733471592,0.466745014974986,16.6077460591096,18.4380006352088,"2",19.1905365782571
-5.699,20.7459756702219,0.453223746749161,19.8573589631651,21.6345923772787,"10",19.1905365782571
-5.699,19.1731760815229,0.463946744979693,18.2635352435689,20.0828169194769,"20",19.1905365782571
-5.67,17.5493626645957,0.46619707048409,16.6353097082258,18.4634156209656,"2",19.2195365782571
-5.67,20.7701788496062,0.452780958509911,19.8824302987965,21.6579274004159,"10",19.2195365782571
-5.67,19.1980480470443,0.463427768099542,18.2894247451959,20.1066713488926,"20",19.2195365782571
-5.652,17.5658043099011,0.465858038415968,16.6524160794247,18.4791925403776,"2",19.2375365782571
-5.652,20.7852015126723,0.452507076444239,19.8979899508908,21.6724130744538,"10",19.2375365782571
-5.652,19.2134858187472,0.463106665848254,18.3054920885557,20.1214795489387,"20",19.2375365782571
-5.641,17.5758519820322,0.465651257095119,16.6628691789803,18.4888347850841,"2",19.2485365782571
-5.641,20.7943820289904,0.452340063746088,19.9074979219704,21.6812661360105,"10",19.2485365782571
-5.641,19.2229200125656,0.462910822667223,18.3153102638488,20.1305297612825,"20",19.2485365782571
-5.558,17.651666235385,0.464100946835357,16.7417230603487,18.5616094104213,"2",19.3315365782571
-5.558,20.863653197573,0.451088706929331,19.979222573147,21.748083821999,"10",19.3315365782571
-5.558,19.2941052931958,0.461442577542672,18.3893742708411,20.1988363155504,"20",19.3315365782571
-5.554,17.6553199343417,0.464026678594485,16.7455223739166,18.5651174947669,"2",19.3355365782571
-5.554,20.8669915671433,0.451028795715897,19.9826784081095,21.751304726177,"10",19.3355365782571
-5.554,19.2975359091298,0.461372243207281,18.3929427883435,20.202129029916,"20",19.3355365782571
-5.516,17.6900300744309,0.463323183742196,16.7816118267262,18.5984483221357,"2",19.3735365782571
-5.516,20.8987060780606,0.450461458923053,20.0155052723761,21.7819068837451,"10",19.3735365782571
-5.516,19.3301267605026,0.460706023010817,18.4268398695894,20.2334136514159,"20",19.3735365782571
-5.424,17.7740651504364,0.461635456021543,16.8689559593737,18.6791743414991,"2",19.4655365782571
-5.424,20.9754885781762,0.449101603839492,20.0949539830667,21.8560231732857,"10",19.4655365782571
-5.424,19.4090309269842,0.459107801292628,18.5088776020647,20.3091842519037,"20",19.4655365782571
-5.414,17.7831993978283,0.461453334083736,16.8784472855767,18.6879515100798,"2",19.4755365782571
-5.414,20.9838345021018,0.448954967046201,20.1035874115755,21.8640815926281,"10",19.4755365782571
-5.414,19.4176074668192,0.458935344651349,18.517792270371,20.3174226632673,"20",19.4755365782571
-5.409,17.7877665215242,0.461362371081651,16.8831927565988,18.6923402864496,"2",19.4805365782571
-5.409,20.9880074640646,0.448881735242045,20.1079039560516,21.8681109720776,"10",19.4805365782571
-5.409,19.4218957367366,0.458849209581167,18.522249421692,20.3215420517813,"20",19.4805365782571
-5.402,17.7941604946985,0.461235132696791,16.8898362007141,18.698484788683,"2",19.4875365782571
-5.402,20.9938496108125,0.448779307769457,20.11394692803,21.873752293595,"10",19.4875365782571
-5.402,19.4278993146211,0.458728725009722,18.5284892285999,20.3273094006423,"20",19.4875365782571
-5.368,17.825216935831,0.46061894344621,16.9221007781516,18.7283330935104,"2",19.5215365782571
-5.368,21.0222257521596,0.448283415939627,20.1432953435972,21.9011561607221,"10",19.5215365782571
-5.368,19.45705955006,0.458145251876057,18.5587934552317,20.3553256448882,"20",19.5215365782571
-5.366,17.8270437853094,0.460582791479745,16.9239985092677,18.7300890613511,"2",19.5235365782571
-5.366,21.0238949369447,0.448254329261824,20.1450215574061,21.9027683164834,"10",19.5235365782571
-5.366,19.458774858027,0.458111019820692,18.5605758805475,20.3569738355064,"20",19.5235365782571
-5.333,17.8571868017026,0.459987803438351,16.9553080936483,18.759065509757,"2",19.5565365782571
-5.333,21.0514364858992,0.447775740431118,20.1735014553192,21.9293715164793,"10",19.5565365782571
-5.333,19.4870774394823,0.457547636673816,18.589983063605,20.3841718153596,"20",19.5565365782571
-5.319,17.8699747480513,0.459736251532545,16.9685892472214,18.7713602488812,"2",19.5705365782571
-5.319,21.0631207793951,0.447573468122839,20.1855823356087,21.9406592231815,"10",19.5705365782571
-5.319,19.4990845952513,0.457309450796692,18.6024572203891,20.3957119701135,"20",19.5705365782571
-5.301,17.8864163933567,0.45941358876958,16.9856635238132,18.7871692629002,"2",19.5885365782571
-5.301,21.0781434424612,0.447314075130053,20.2011135795881,21.9551733053342,"10",19.5885365782571
-5.301,19.5145223669542,0.457003935884704,18.6184940023093,20.410550731599,"20",19.5885365782571
-5.3,17.8873298180959,0.459395688199125,16.9866120454468,18.788047590745,"2",19.5895365782571
-5.3,21.0789780348538,0.447299686578782,20.201976383007,21.9559796867005,"10",19.5895365782571
-5.3,19.5153800209377,0.456986986747675,18.6193848877518,20.4113751541236,"20",19.5895365782571
-5.27,17.9147325602716,0.45885990390476,17.0150652773172,18.814399843226,"2",19.6195365782571
-5.27,21.1040158066306,0.446869116942112,20.2278583545317,21.9801732587295,"10",19.6195365782571
-5.27,19.5411096404425,0.456479685275039,18.6461091518827,20.4361101290024,"20",19.6195365782571
-5.266,17.9183862592283,0.458788646527696,17.0188586876112,18.8179138308455,"2",19.6235365782571
-5.266,21.1073541762008,0.446811866780623,20.2313089720817,21.98339938032,"10",19.6235365782571
-5.266,19.5445402563765,0.456412216783614,18.6496720504455,20.4394084623075,"20",19.6235365782571
-5.196,17.9823259909716,0.457548546255192,17.0852298317164,18.8794221502268,"2",19.6935365782571
-5.196,21.1657756436801,0.445816069886694,20.2916828565805,22.0398684307798,"10",19.6935365782571
-5.196,19.6045760352212,0.455238083284088,18.7120099033794,20.497142167063,"20",19.6935365782571
-5.147,18.0270838031919,0.456688284551418,17.1316743228186,18.9224932835652,"2",19.7425365782571
-5.147,21.2066706709156,0.445125884076199,20.3339311020588,22.0794102397724,"10",19.7425365782571
-5.147,19.6466010804125,0.454423613503218,18.7556318451585,20.5375703156666,"20",19.7425365782571
-5.129,18.0435254484973,0.456373893571264,17.1487323812743,18.9383185157203,"2",19.7605365782571
-5.129,21.2216933339817,0.444873773918658,20.34944806689,22.0939386010734,"10",19.7605365782571
-5.129,19.6620388521154,0.454125963641689,18.7716532064056,20.5524244978253,"20",19.7605365782571
-5.128,18.0444388732365,0.456356453050287,17.1496800009083,18.9391977455648,"2",19.7615365782571
-5.128,21.2225279263743,0.444859790336473,20.350310076303,22.0947457764455,"10",19.7615365782571
-5.128,19.6628965060989,0.454109451909746,18.7725432342463,20.5532497779515,"20",19.7615365782571
-5.126,18.0462657227149,0.456321580113128,17.1515752242854,18.9409562211444,"2",19.7635365782571
-5.126,21.2241971111594,0.444831830293967,20.3520340811656,22.0963601411531,"10",19.7635365782571
-5.126,19.6646118140659,0.454076436147996,18.7743232748265,20.5549003533053,"20",19.7635365782571
-5.095,18.0745818896298,0.455782433249931,17.180948473742,18.9682153055175,"2",19.7945365782571
-5.095,21.2500694753288,0.444399665209904,20.3787537732093,22.1213851774483,"10",19.7945365782571
-5.095,19.6911990875543,0.453566006678233,18.8019113258731,20.5804868492355,"20",19.7945365782571
-5.066,18.1010712070663,0.455280429067434,17.208422049631,18.9937203645016,"2",19.8235365782571
-5.066,21.274272654713,0.443997453310992,20.4037455525196,22.1447997569065,"10",19.8235365782571
-5.066,19.7160710530757,0.453090749555738,18.8277151080132,20.6044269981382,"20",19.8235365782571
-5.011,18.1513095677217,0.454334643172099,17.2605147728478,19.0421043625956,"2",19.8785365782571
-5.011,21.3201752363039,0.443240157780146,20.4511329315548,22.189217541053,"10",19.8785365782571
-5.011,19.7632420221679,0.45219537596092,18.8766415983929,20.6498424459429,"20",19.8785365782571
-4.989,18.1714049119839,0.453958644779583,17.2813473213183,19.0614625026495,"2",19.9005365782571
-4.989,21.3385362689402,0.44293927029037,20.4700839016167,22.2069886362638,"10",19.9005365782571
-4.989,19.7821104098048,0.45183942613804,18.8962078818523,20.6680129377574,"20",19.9005365782571
-4.968,18.1905868315069,0.453600976331444,17.3012305062998,19.0799431567139,"2",19.9215365782571
-4.968,21.356062709184,0.442653145279862,20.4881713351148,22.2239540832532,"10",19.9215365782571
-4.968,19.8001211434582,0.451500832497951,18.9148824817917,20.6853598051248,"20",19.9215365782571
-4.905,18.2481325900758,0.452535261660975,17.3608657667273,19.1353994134244,"2",19.9845365782571
-4.905,21.4086420299154,0.441801154159478,20.5424211189436,22.2748629408871,"10",19.9845365782571
-4.905,19.8541533444185,0.450491973384694,18.9708927103145,20.7374139785224,"20",19.9845365782571
-4.862,18.287409853861,0.451814178397781,17.4015568280891,19.1732628796328,"2",20.0275365782571
-4.862,21.4445295027955,0.441225156256019,20.5794379266477,22.3096210789433,"10",20.0275365782571
-4.862,19.8910324657088,0.449809375689476,19.0091101721497,20.7729547592679,"20",20.0275365782571
-4.798,18.3458690371691,0.450750477302016,17.4621015653246,19.2296365090136,"2",20.0915365782571
-4.798,21.4979434159194,0.440376193022117,20.6345163662196,22.3613704656192,"10",20.0915365782571
-4.798,19.9459223206525,0.448802467906839,19.0659742287643,20.8258704125407,"20",20.0915365782571
-4.789,18.3540898598218,0.450601813442964,17.4706138669429,19.2375658527007,"2",20.1005365782571
-4.789,21.5054547474525,0.440257610123529,20.6422601982463,22.3686492966586,"10",20.1005365782571
-4.789,19.953641206504,0.44866174344956,19.0739690271308,20.8333133858771,"20",20.1005365782571
-4.717,18.4198564410435,0.449420704689719,17.5386961983399,19.3010166837471,"2",20.1725365782571
-4.717,21.5655453997168,0.439316101964857,20.704196825894,22.4268939735397,"10",20.1725365782571
-4.717,20.0153922933157,0.447543727034821,19.1379121616276,20.8928724250037,"20",20.1725365782571
-4.699,18.4362980863489,0.449127714103132,17.5557122979455,19.3168838747523,"2",20.1905365782571
-4.699,21.5805680627829,0.439082718290946,20.7196770744976,22.4414590510682,"10",20.1905365782571
-4.699,20.0308300650186,0.447266391256341,19.1538936939079,20.9077664361292,"20",20.1905365782571
-4.67,18.4627874037854,0.448657605885683,17.5831233367594,19.3424514708114,"2",20.2195365782571
-4.67,21.6047712421672,0.438708394305503,20.7446141751508,22.4649283091836,"10",20.2195365782571
-4.67,20.05570203054,0.446821404339947,19.1796381265301,20.9317659345498,"20",20.2195365782571
-4.652,18.4792290490908,0.448367016675888,17.6001347280867,19.358323370095,"2",20.2375365782571
-4.652,21.6197939052333,0.438477101927397,20.7600903234389,22.4794974870277,"10",20.2375365782571
-4.652,20.0711398022429,0.446546345106597,19.1956151952843,20.9466644092015,"20",20.2375365782571
-4.641,18.4892767212219,0.44818988860193,17.6105296877704,19.3680237546734,"2",20.2485365782571
-4.641,21.6289744215515,0.438336151914618,20.7695471945093,22.4884016485937,"10",20.2485365782571
-4.641,20.0805739960613,0.446378683892305,19.2053781153824,20.9557698767402,"20",20.2485365782571
-4.558,18.5650909745746,0.446864530667462,17.6889425145912,19.4412394345581,"2",20.3315365782571
-4.558,21.698245590134,0.437282320472653,20.8408845660048,22.5556066142633,"10",20.3315365782571
-4.558,20.1517592766915,0.445124174083717,19.2790230605449,21.0244954928381,"20",20.3315365782571
-4.554,18.5687446735314,0.446801157246751,17.6927204671442,19.4447688799186,"2",20.3355365782571
-4.554,21.7015839597043,0.437231967326333,20.8443216608678,22.5588462585408,"10",20.3355365782571
-4.554,20.1551898926255,0.445064188824762,19.2825712870491,21.0278084982019,"20",20.3355365782571
-4.516,18.6034548136206,0.446201409600755,17.728606507177,19.4783031200642,"2",20.3735365782571
-4.516,21.7332984706216,0.436755609628014,20.8769701462564,22.5896267949868,"10",20.3735365782571
-4.516,20.1877807439983,0.444496507515118,19.3162751672507,21.0592863207459,"20",20.3735365782571
-4.424,18.6874898896261,0.444766705076733,17.8154545479022,19.55952523135,"2",20.4655365782571
-4.424,21.8100809707372,0.43561734645181,20.9559843910294,22.6641775504451,"10",20.4655365782571
-4.424,20.2666849104799,0.443138520869194,19.3978418809403,21.1355279400194,"20",20.4655365782571
-4.414,18.696624137018,0.444612242984455,17.8248916426113,19.5683566314246,"2",20.4755365782571
-4.414,21.8184268946628,0.435494908598073,20.9645703736968,22.6722834156289,"10",20.4755365782571
-4.414,20.2752614503149,0.442992318793154,19.4067050730267,21.143817827603,"20",20.4755365782571
-4.409,18.7011912607139,0.444535121467127,17.8296099752173,19.5727725462105,"2",20.4805365782571
-4.409,21.8225998566256,0.435433784545637,20.9688631790142,22.6763365342371,"10",20.4805365782571
-4.409,20.2795497202323,0.442919321442735,19.4111364657739,21.1479629746907,"20",20.4805365782571
-4.402,18.7075852338882,0.444427274108812,17.8362154001637,19.5789550676127,"2",20.4875365782571
-4.402,21.8284420033736,0.435348317197245,20.9748728979916,22.6820111087555,"10",20.4875365782571
-4.402,20.2855532981168,0.442817241366508,19.4173401877635,21.1537664084701,"20",20.4875365782571
-4.368,18.7386416750207,0.443905484661008,17.8682948918848,19.6089884581565,"2",20.5215365782571
-4.368,21.8568181447206,0.434934956840583,21.0040594975762,22.7095767918651,"10",20.5215365782571
-4.368,20.3147135335556,0.44232335537919,19.4474687646515,21.1819583024598,"20",20.5215365782571
-4.366,18.7404685244991,0.44387489671653,17.8701817138573,19.6107553351408,"2",20.5235365782571
-4.366,21.8584873295058,0.434910732888443,21.0057761772437,22.7111984817678,"10",20.5235365782571
-4.366,20.3164288415226,0.442294403166379,19.4492408380024,21.1836168450429,"20",20.5235365782571
-4.333,18.7706115408923,0.443371892900223,17.9013109486429,19.6399121331417,"2",20.5565365782571
-4.333,21.8860288784603,0.434512506111299,21.0340985126639,22.7379592442567,"10",20.5565365782571
-4.333,20.344731422978,0.441818297906462,19.4784768989838,21.2109859469722,"20",20.5565365782571
-4.319,18.783399487241,0.443159465898665,17.9145153916645,19.6522835828174,"2",20.5705365782571
-4.319,21.8977131719561,0.434344399118048,21.0461124064595,22.7493139374528,"10",20.5705365782571
-4.319,20.3567385787469,0.441617230397407,19.4908782793472,21.2225988781467,"20",20.5705365782571
-4.301,18.7998411325464,0.442887195212817,17.9314908666336,19.6681913984592,"2",20.5885365782571
-4.301,21.9127358350222,0.434128996180563,21.0615574009907,22.7639142690538,"10",20.5885365782571
-4.301,20.3721763504499,0.441359519048122,19.506821334836,21.2375313660638,"20",20.5885365782571
-4.3,18.8007545572856,0.44287209712499,17.9324338935575,19.6690752210136,"2",20.5895365782571
-4.3,21.9135704274148,0.434117053605193,21.0624154086877,22.7647254461419,"10",20.5895365782571
-4.3,20.3730340044334,0.441345228300826,19.5077070080856,21.2383610007811,"20",20.5895365782571
-4.27,18.8281572994613,0.442420530316634,17.960722003751,19.6955925951716,"2",20.6195365782571
-4.27,21.9386081991916,0.433759965138127,21.0881533087787,22.7890630896046,"10",20.6195365782571
-4.27,20.3987636239382,0.44091780749169,19.5342746535648,21.2632525943117,"20",20.6195365782571
-4.266,18.831810998418,0.44236052284456,17.9644933568302,19.6991286400058,"2",20.6235365782571
-4.266,21.9419465687619,0.43371252735463,21.0915846876126,22.7923084499112,"10",20.6235365782571
-4.266,20.4021942398722,0.440861008608667,19.5378166326759,21.2665718470685,"20",20.6235365782571
-4.196,18.8957507301613,0.441318091484327,18.0304769398265,19.7610245204961,"2",20.6935365782571
-4.196,22.0003680362411,0.432889012800864,21.1516207853848,22.8491152870975,"10",20.6935365782571
-4.196,20.4622300187169,0.439874310500134,19.5997869889349,21.3246730484989,"20",20.6935365782571
-4.147,18.9405085423816,0.440597092511309,18.0766483843593,19.8043687004039,"2",20.7425365782571
-4.147,22.0412630634766,0.432320059575541,21.1936313352406,22.8888947917127,"10",20.7425365782571
-4.147,20.5042550639082,0.439191851670423,19.6431501024033,21.3653600254131,"20",20.7425365782571
-4.129,18.956950187687,0.440334044006632,18.0936057777862,19.8202945975878,"2",20.7605365782571
-4.129,22.0562857265427,0.432112614714021,21.2090607267075,22.903510726378,"10",20.7605365782571
-4.129,20.5196928356111,0.438942862070042,19.6590760575264,21.3803096136959,"20",20.7605365782571
-4.128,18.9578636124262,0.440319458753625,18.0945477992165,19.8211794256359,"2",20.7615365782571
-4.128,22.0571203189353,0.432101114595482,21.209917866898,22.9043227709726,"10",20.7615365782571
-4.128,20.5205504895946,0.438929056305717,19.6599607798904,21.3811401992989,"20",20.7615365782571
-4.126,18.9596904619046,0.440290297270565,18.0964318243863,19.8229490994229,"2",20.7635365782571
-4.126,22.0587895037204,0.432078122129902,21.2116321320418,22.905946875399,"10",20.7635365782571
-4.126,20.5222657975616,0.438901453306254,19.6617302078956,21.3828013872277,"20",20.7635365782571
-4.095,18.9880066288195,0.439839834428085,18.1256311948195,19.8503820628194,"2",20.7945365782571
-4.095,22.0846618678898,0.431723065151739,21.2382006414706,22.931123094309,"10",20.7945365782571
-4.095,20.54885307105,0.438475062595031,19.6891534876886,21.4085526544113,"20",20.7945365782571
-4.066,19.014495946256,0.439421058669182,18.1529415882445,19.8760503042674,"2",20.8235365782571
-4.066,22.1088650472741,0.431393174554867,21.2630506234507,22.9546794710975,"10",20.8235365782571
-4.066,20.5737250365713,0.438078661882817,19.7148026593871,21.4326474137556,"20",20.8235365782571
-4.011,19.0647343069114,0.438633824869736,18.2047234450463,19.9247451687765,"2",20.8785365782571
-4.011,22.1547676288649,0.430773537476092,21.3101681013581,22.9993671563718,"10",20.8785365782571
-4.011,20.6208960056636,0.437333478348651,19.763434678442,21.4783573328852,"20",20.8785365782571
-3.989,19.0848296511736,0.438321505464902,18.2254311408083,19.9442281615388,"2",20.9005365782571
-3.989,22.1731286615013,0.430527895184493,21.3290107544873,23.0172465685153,"10",20.9005365782571
-3.989,20.6397643933005,0.437037836907583,19.7828827177978,21.4966460688032,"20",20.9005365782571
-3.968,19.1040115706965,0.438024758914952,18.2451948787906,19.9628282626025,"2",20.9215365782571
-3.968,22.1906551017451,0.430294600868544,21.3469946050682,23.0343155984219,"10",20.9215365782571
-3.968,20.6577751269539,0.436756934011989,19.8014442059248,21.514106047983,"20",20.9215365782571
-3.905,19.1615573292655,0.437142613883054,18.304470221961,20.01864443657,"2",20.9845365782571
-3.905,22.2432344224764,0.429601666382513,21.4009325332547,23.0855363116981,"10",20.9845365782571
-3.905,20.7118073279142,0.435921870408628,19.857113680913,21.5665009749153,"20",20.9845365782571
-3.862,19.2008345930507,0.436547515154228,18.3449142707537,20.0567549153476,"2",21.0275365782571
-3.862,22.2791218953565,0.429134715264217,21.437735537521,23.1205082531921,"10",21.0275365782571
-3.862,20.7486864492045,0.435358516503116,19.8950973464732,21.6022755519358,"20",21.0275365782571
-3.798,19.2592937763588,0.435672360891704,18.4050893321563,20.1134982205613,"2",21.0915365782571
-3.798,22.3325358084804,0.428448777855664,21.492494339225,23.1725772777359,"10",21.0915365782571
-3.798,20.8035763041482,0.43453001833605,19.9516116028705,21.6555410054259,"20",21.0915365782571
-3.789,19.2675145990115,0.435550310506733,18.4135494538571,20.1214797441659,"2",21.1005365782571
-3.789,22.3400471400135,0.428353189617901,21.500193086589,23.179901193438,"10",21.1005365782571
-3.789,20.8112951899996,0.434414471781551,19.9595570359837,21.6630333440156,"20",21.1005365782571
-3.717,19.3332811802332,0.434582986422587,18.4812126266596,20.1853497338067,"2",21.1725365782571
-3.717,22.4001377922779,0.427596249492501,21.5617678394692,23.2385077450866,"10",21.1725365782571
-3.717,20.8730462768113,0.433498666484411,20.0231037036608,21.7229888499618,"20",21.1725365782571
-3.699,19.3497228255386,0.434343685063582,18.4981234600584,20.2013221910187,"2",21.1905365782571
-3.699,22.415160455344,0.427409176871297,21.5771572879428,23.2531636227452,"10",21.1905365782571
-3.699,20.8884840485143,0.433272101833696,20.0389856911298,21.7379824058987,"20",21.1905365782571
-3.67,19.3762121429751,0.43396028011536,18.525364503425,20.2270597825251,"2",21.2195365782571
-3.67,22.4393636347283,0.427109606736593,21.60194782187,23.2767794475865,"10",21.2195365782571
-3.67,20.9133560140356,0.432909096019733,20.0645693868581,21.7621426412132,"20",21.2195365782571
-3.652,19.3926537882805,0.433723633131169,18.542270132503,20.243037444058,"2",21.2375365782571
-3.652,22.4543862977944,0.426924800971787,21.6173328258138,23.2914397697749,"10",21.2375365782571
-3.652,20.9287937857386,0.432685035115308,20.0804464653372,21.7771411061399,"20",21.2375365782571
-3.641,19.4027014604116,0.433579517347579,18.5526003663797,20.2528025544434,"2",21.2485365782571
-3.641,22.4635668141125,0.42681229242892,21.6267339328922,23.3003996953328,"10",21.2485365782571
-3.641,20.938227979557,0.43254858228193,20.0901481964776,21.7863077626364,"20",21.2485365782571
-3.558,19.4785157137643,0.432504413031164,18.6305225314742,20.3265088960545,"2",21.3315365782571
-3.558,22.5328379826951,0.425973867935975,21.6976489650574,23.3680270003328,"10",21.3315365782571
-3.558,21.0094132601872,0.431530595958036,20.1633294000078,21.8554971203665,"20",21.3315365782571
-3.554,19.4821694127211,0.432453151675701,18.6342767364111,20.3300620890311,"2",21.3355365782571
-3.554,22.5361763522653,0.425933931527875,21.7010656362606,23.3712870682701,"10",21.3355365782571
-3.554,21.0128438761211,0.431482055775288,20.1668551866332,21.8588325656091,"20",21.3355365782571
-3.516,19.5168795528103,0.431968704739128,18.6699367112003,20.3638223944203,"2",21.3735365782571
-3.516,22.5678908631827,0.425556695630094,21.7335197777106,23.4022619486547,"10",21.3735365782571
-3.516,21.045434727494,0.43102331451736,20.2003454726648,21.8905239823231,"20",21.3735365782571
-3.424,19.6009146288157,0.430814911813661,18.7562339803882,20.4455952772432,"2",21.4655365782571
-3.424,22.6446733632983,0.424659624376799,21.8120611276412,23.4772855989553,"10",21.4655365782571
-3.424,21.1243388939756,0.429930658430198,20.2813919639056,21.9672858240455,"20",21.4655365782571
-3.414,19.6100488762076,0.430691133289209,18.7656109151185,20.4544868372967,"2",21.4755365782571
-3.414,22.6530192872239,0.424563505829043,21.8205955071542,23.4854430672936,"10",21.4755365782571
-3.414,21.1329154338105,0.429813430873115,20.2901983468733,21.9756325207478,"20",21.4755365782571
-3.409,19.6146159999036,0.430629364527207,18.770299146224,20.4589328535832,"2",21.4805365782571
-3.409,22.6571922491867,0.424515548951011,21.8248624961474,23.4895220022259,"10",21.4805365782571
-3.409,21.137203703728,0.429754930618632,20.2946013157752,21.9798060916808,"20",21.4805365782571
-3.402,19.6210099730779,0.430543023305866,18.7768624049936,20.4651575411622,"2",21.4875365782571
-3.402,22.6630343959346,0.424448524062139,21.8308360557714,23.4952327360979,"10",21.4875365782571
-3.402,21.1432072816125,0.429673157485483,20.300765222797,21.985649340428,"20",21.4875365782571
-3.368,19.6520664142103,0.430125895721647,18.8087366906079,20.4953961378128,"2",21.5215365782571
-3.368,22.6914105372817,0.424124880719056,21.8598467509869,23.5229743235764,"10",21.5215365782571
-3.368,21.1723675170513,0.429278087631939,20.3307000550543,22.0140349790483,"20",21.5215365782571
-3.366,19.6538932636887,0.430101474852796,18.8106114210551,20.4971751063224,"2",21.5235365782571
-3.366,22.6930797220668,0.424105941421211,21.8615530692555,23.5246063748781,"10",21.5235365782571
-3.366,21.1740828250183,0.429254957540565,20.3324607132171,22.0157049368196,"20",21.5235365782571
-3.333,19.684036280082,0.429700395768281,18.8415408163129,20.5265317438511,"2",21.5565365782571
-3.333,22.7206212710213,0.423795026284195,21.8897042164211,23.5515383256216,"10",21.5565365782571
-3.333,21.2023854064737,0.428875067838913,20.3615081284066,22.0432626845407,"20",21.5565365782571
-3.319,19.6968242264306,0.429531305105445,18.8546602916008,20.5389881612605,"2",21.5705365782571
-3.319,22.7323055645172,0.423664025863119,21.9016453569238,23.5629657721106,"10",21.5705365782571
-3.319,21.2143925622426,0.428714904673819,20.3738293093461,22.0549558151391,"20",21.5705365782571
-3.301,19.7132658717361,0.429314836021782,18.8715263587192,20.5550053847529,"2",21.5885365782571
-3.301,22.7473282275833,0.42349638832893,21.916996699841,23.5776597553255,"10",21.5885365782571
-3.301,21.2298303339455,0.428509859401589,20.3896691046762,22.0699915632148,"20",21.5885365782571
-3.3,19.7141792964752,0.429302840772604,18.8724633020381,20.5558952909124,"2",21.5895365782571
-3.3,22.7481628199758,0.423487101262654,21.9178495009932,23.5784761389585,"10",21.5895365782571
-3.3,21.230687987929,0.42849849701113,20.39054903642,22.070826939438,"20",21.5895365782571
-3.27,19.7415820386509,0.428944493480709,18.9005686406528,20.5825954366491,"2",21.6195365782571
-3.27,22.7732005917527,0.423209769646506,21.9434310251865,23.6029701583188,"10",21.6195365782571
-3.27,21.2564176074339,0.428159047279698,20.4169442007132,22.0958910141547,"20",21.6195365782571
-3.266,19.7452357376077,0.428896934901047,18.9043155857131,20.5861558895023,"2",21.6235365782571
-3.266,22.7765389613229,0.423172979478028,21.9468415276902,23.6062363949556,"10",21.6235365782571
-3.266,21.2598482233679,0.42811399545363,20.4204631478646,22.0992332988712,"20",21.6235365782571
-3.196,19.809175469351,0.428073103768622,18.9698705684518,20.6484803702501,"2",21.6935365782571
-3.196,22.8349604288022,0.422536304624597,22.0065112967331,23.6634095608713,"10",21.6935365782571
-3.196,21.3198840022126,0.427333537782218,20.4820291371869,22.1577388672383,"20",21.6935365782571
-3.147,19.8539332815713,0.427505959280013,19.0157403569785,20.692126206164,"2",21.7425365782571
-3.147,22.8758554560377,0.422098705560437,22.0482643060187,23.7034466060567,"10",21.7425365782571
-3.147,21.3619090474039,0.426796194392321,20.5251077289258,22.198710365882,"20",21.7425365782571
-3.129,19.8703749268767,0.427299600393771,19.0325866014588,20.7081632522946,"2",21.7605365782571
-3.129,22.8908781191038,0.421939629517022,22.0635988627816,23.7181573754259,"10",21.7605365782571
-3.129,21.3773468191068,0.426600666174689,20.5409288645679,22.2137647736457,"20",21.7605365782571
-3.128,19.8712883516159,0.427288167260848,19.0335224426601,20.7090542605717,"2",21.7615365782571
-3.128,22.8917127114963,0.421930818379884,22.0644507307996,23.7189746921931,"10",21.7615365782571
-3.128,21.3782044730903,0.42658983290133,20.5418077588941,22.2146011872865,"20",21.7615365782571
-3.126,19.8731152010943,0.427265310868865,19.0353941057033,20.7108362964852,"2",21.7635365782571
-3.126,22.8933818962815,0.421913204452692,22.0661544504697,23.7206093420932,"10",21.7635365782571
-3.126,21.3799197810573,0.426568175645487,20.5435655293302,22.2162740327843,"20",21.7635365782571
-3.095,19.9014313680091,0.426912721815391,19.0644015791216,20.7384611568966,"2",21.7945365782571
-3.095,22.9192542604509,0.421641612767247,22.0925593130153,23.7459492078864,"10",21.7945365782571
-3.095,21.4065070545456,0.426234073639232,20.5708078625474,22.2422062465439,"20",21.7945365782571
-3.066,19.9279206854456,0.426585751191557,19.0915319740858,20.7643093968054,"2",21.8235365782571
-3.066,22.9434574398351,0.421389968611047,22.1172558804955,23.7696589991748,"10",21.8235365782571
-3.066,21.431379020067,0.425924227499209,20.5962873303425,22.2664707097916,"20",21.8235365782571
-3.011,19.9781590461011,0.425973279984781,19.1429711812345,20.8133469109676,"2",21.8785365782571
-3.011,22.989360021426,0.420919167772125,22.1640815414575,23.8146385013944,"10",21.8785365782571
-3.011,21.4785499891593,0.425343780298152,20.644596357809,22.3125036205096,"20",21.8785365782571
-2.989,19.9982543903632,0.42573110262644,19.1635413524408,20.8329674282856,"2",21.9005365782571
-2.989,23.0077210540623,0.420733219494527,22.1828071550482,23.8326349530764,"10",21.9005365782571
-2.989,21.4974183767962,0.425114245438406,20.6639147847757,22.3309219688167,"20",21.9005365782571
-2.968,20.0174363098862,0.425501435630678,19.1831735703671,20.8516990494053,"2",21.9215365782571
-2.968,23.0252474943061,0.420556990352912,22.2006791203459,23.8498158682663,"10",21.9215365782571
-2.968,21.5154291104496,0.424896556797607,20.6823523313764,22.3485058895228,"20",21.9215365782571
-2.905,20.0749820684552,0.424821262775363,19.2420529151995,20.9079112217109,"2",21.9845365782571
-2.905,23.0778268150374,0.420035743465043,22.2542804278914,23.9013732021835,"10",21.9845365782571
-2.905,21.5694613114098,0.424251792013631,20.7376486954863,22.4012739273334,"20",21.9845365782571
-2.862,20.1142593322403,0.42436464600742,19.2822254482454,20.9462932162353,"2",22.0275365782571
-2.862,23.1137142879176,0.419686396329769,22.2908528509825,23.9365757248526,"10",22.0275365782571
-2.862,21.6063404327001,0.423818886123698,20.7753765971177,22.4373042682826,"20",22.0275365782571
-2.798,20.1727185155485,0.423696539883806,19.3419945590844,21.0034424720125,"2",22.0915365782571
-2.798,23.1671282010415,0.419176121933235,22.3452672376191,23.9889891644638,"10",22.0915365782571
-2.798,21.6612302876439,0.423185379450527,20.8315085419075,22.4909520333803,"20",22.0915365782571
-2.789,20.1809393382012,0.423603694854682,19.3503974190744,21.0114812573279,"2",22.1005365782571
-2.789,23.1746395325745,0.419105295752263,22.3529174350615,23.9963616300876,"10",22.1005365782571
-2.789,21.6689491734953,0.423097333318222,20.8394000561014,22.4984982908893,"20",22.1005365782571
-2.717,20.2467059194228,0.422870799393561,19.4176009575516,21.075810881294,"2",22.1725365782571
-2.717,23.2347301848389,0.418546974427153,22.4141027644273,24.0553576052505,"10",22.1725365782571
-2.717,21.730700260307,0.422402233645855,20.9025139955578,22.5588865250562,"20",22.1725365782571
-2.699,20.2631475647282,0.422690322270718,19.4343964567488,21.0918986727077,"2",22.1905365782571
-2.699,23.249752847905,0.418409700572833,22.4293945745566,24.0701111212535,"10",22.1905365782571
-2.699,21.7461380320099,0.422231039381295,20.9182874206433,22.5739886433766,"20",22.1905365782571
-2.67,20.2896368821647,0.422401871118172,19.4614513282083,21.1178224361212,"2",22.2195365782571
-2.67,23.2739560272893,0.418190481941993,22.4540275666752,24.0938844879034,"10",22.2195365782571
-2.67,21.7710099975313,0.421957403497822,20.9436958925138,22.5983241025488,"20",22.2195365782571
-2.652,20.3060785274702,0.422224273150858,19.4782411823665,21.1339158725738,"2",22.2375365782571
-2.652,23.2889786903554,0.418055623742303,22.4693146405322,24.1086427401786,"10",22.2375365782571
-2.652,21.7864477692342,0.421788913802995,20.9594640148633,22.6134315236052,"20",22.2375365782571
-2.641,20.3161261996012,0.422116285032112,19.4885005822527,21.1437518169498,"2",22.2485365782571
-2.641,23.2981592066736,0.417973666573817,22.478655846818,24.1176625665292,"10",22.2485365782571
-2.641,21.7958819630527,0.421686458810915,20.9690990878686,22.6226648382368,"20",22.2485365782571
-2.558,20.391940452954,0.421314804418044,19.5658862648811,21.2179946410269,"2",22.3315365782571
-2.558,23.3674303752561,0.4173664416533,22.5491175757213,24.185743174791,"10",22.3315365782571
-2.558,21.8670672436828,0.420925916346077,21.0417755320697,22.6923589552959,"20",22.3315365782571
-2.554,20.3955941519107,0.421276775147955,19.5696145262256,21.2215737775959,"2",22.3355365782571
-2.554,23.3707687448264,0.417337677293993,22.5525123423591,24.1890251472937,"10",22.3355365782571
-2.554,21.8704978596168,0.420889823644614,21.045276913443,22.6957188057907,"20",22.3355365782571
-2.516,20.430304292,0.420918239597553,19.6050276318643,21.2555809521356,"2",22.3735365782571
-2.516,23.4024832557437,0.417066711614925,22.5847581242682,24.2202083872192,"10",22.3735365782571
-2.516,21.9030887109897,0.420549517930559,21.0785349878931,22.7276424340862,"20",22.3735365782571
-2.424,20.5143393680054,0.420070819201733,19.6907242093401,21.3379545266707,"2",22.4655365782571
-2.424,23.4792657558593,0.416427932191858,22.6627930522885,24.2957384594302,"10",22.4655365782571
-2.424,21.9819928774713,0.419744970604783,21.1590165964228,22.8049691585197,"20",22.4655365782571
-2.414,20.5234736153973,0.419980471669602,19.7000355973321,21.3469116334625,"2",22.4755365782571
-2.414,23.4876116797849,0.416359973624346,22.6712722197145,24.3039511398554,"10",22.4755365782571
-2.414,21.9905694173062,0.419659174947721,21.1677613521882,22.8133774824242,"20",22.4755365782571
-2.409,20.5280407390932,0.419935427864835,19.7046910365185,21.351390441668,"2",22.4805365782571
-2.409,23.4917846417477,0.41632610291241,22.6755115905553,24.3080576929402,"10",22.4805365782571
-2.409,21.9948576872237,0.419616399089046,21.1721334909297,22.8175818835177,"20",22.4805365782571
-2.402,20.5344347122676,0.419872512163544,19.7112083658579,21.3576610586773,"2",22.4875365782571
-2.402,23.4976267884957,0.416278805559685,22.6814464712302,24.3138071057611,"10",22.4875365782571
-2.402,22.0008612651082,0.419556649554437,21.1782542172096,22.8234683130067,"20",22.4875365782571
-2.368,20.5654911534,0.419569340677054,19.742859222552,21.388123084248,"2",22.5215365782571
-2.368,23.5260029298427,0.416051095775029,22.7102690735592,24.3417367861263,"10",22.5215365782571
-2.368,22.030021500547,0.419268707677624,21.2079790081561,22.852063992938,"20",22.5215365782571
-2.366,20.5673180028784,0.419551632118854,19.7447207924544,21.3899152133024,"2",22.5235365782571
-2.366,23.5276721146278,0.416037805498005,22.7119643160306,24.3433799132251,"10",22.5235365782571
-2.366,22.031736808514,0.419251887275062,21.2097272951777,22.8537463218503,"20",22.5235365782571
-2.333,20.5974610192717,0.419261449981407,19.7754327567399,21.4194892818034,"2",22.5565365782571
-2.333,23.5552136635824,0.415820192784017,22.7399325290659,24.3704947980988,"10",22.5565365782571
-2.333,22.0600393899694,0.41897623580867,21.2385703348507,22.881508445088,"20",22.5565365782571
-2.319,20.6102489656203,0.419139488145877,19.7884598285216,21.4320381027191,"2",22.5705365782571
-2.319,23.5668979570782,0.415728828280512,22.7517959570948,24.3819999570616,"10",22.5705365782571
-2.319,22.0720465457383,0.418860367789538,21.2508046681636,22.893288423313,"20",22.5705365782571
-2.301,20.6266906109257,0.418983684385141,19.805206951697,21.4481742701544,"2",22.5885365782571
-2.301,23.5819206201443,0.415612197388583,22.7670472934373,24.3967939468513,"10",22.5885365782571
-2.301,22.0874843174412,0.418712336890196,21.2665326778146,22.9084359570678,"20",22.5885365782571
-2.3,20.6276040356649,0.418975061771668,19.8061372824312,21.4490707888987,"2",22.5895365782571
-2.3,23.5827552125369,0.41560574554312,22.7678945356915,24.3976158893822,"10",22.5895365782571
-2.3,22.0883419714247,0.418704144053277,21.2674063951483,22.9092775477011,"20",22.5895365782571
-2.27,20.6550067778406,0.418718007657654,19.8340440197792,21.475969535902,"2",22.6195365782571
-2.27,23.6077929843137,0.415413544530609,22.7933091478966,24.4222768207308,"10",22.6195365782571
-2.27,22.1140715909296,0.418459882762183,21.2936149274765,22.9345282543826,"20",22.6195365782571
-2.266,20.6586604767974,0.418683971476478,19.8377644520425,21.4795565015522,"2",22.6235365782571
-2.266,23.611131353884,0.415388115891508,22.7966973743283,24.4255653334396,"10",22.6235365782571
-2.266,22.1175022068636,0.418427537579436,21.2971089612477,22.9378954524794,"20",22.6235365782571
-2.196,20.7226002085407,0.418097410989876,19.9028542282215,21.5423461888598,"2",22.6935365782571
-2.196,23.6695528213632,0.414950674340372,22.8559765150286,24.4831291276979,"10",22.6935365782571
-2.196,22.1775379857083,0.417870007177668,21.3582378664638,22.9968381049528,"20",22.6935365782571
-2.147,20.7673580207609,0.417697056630799,19.9483969983677,21.5863190431542,"2",22.7425365782571
-2.147,23.7104478485987,0.414652990641341,22.8974551981521,24.5234404990454,"10",22.7425365782571
-2.147,22.2195630308996,0.417489338105229,21.4010092734688,23.0381167883304,"20",22.7425365782571
-2.129,20.7837996660664,0.41755211086728,19.9651228327255,21.6024764994073,"2",22.7605365782571
-2.129,23.7254705116648,0.41454540427624,22.9126888012719,24.5382522220578,"10",22.7605365782571
-2.129,22.2350008026025,0.417351491561773,21.4167173150823,23.0532842901227,"20",22.7605365782571
-2.126,20.7865399402839,0.41752806430315,19.9679102540283,21.6051696265396,"2",22.7635365782571
-2.126,23.7279742888425,0.414527565606186,22.9152275539784,24.5407210237066,"10",22.7635365782571
-2.126,22.237573764553,0.417328621283512,21.4193351178239,23.055812411282,"20",22.7635365782571
-2.095,20.8148561071988,0.417281443097497,19.9967099607516,21.633002253646,"2",22.7945365782571
-2.095,23.7538466530119,0.414344779546615,22.9414582990745,24.5662350069493,"10",22.7945365782571
-2.095,22.2641610380413,0.417094039101702,21.4463823267138,23.0819397493689,"20",22.7945365782571
-2.066,20.8413454246353,0.417053807134031,20.0236455944319,21.6590452548387,"2",22.8235365782571
-2.066,23.7780498323962,0.414176342065946,22.9659917267313,24.5901079380611,"10",22.8235365782571
-2.066,22.2890330035627,0.416877473670931,21.4716789029519,23.1063871041735,"20",22.8235365782571
-2.011,20.8915837852907,0.416630263914823,20.0747143784344,21.7084531921471,"2",22.8785365782571
-2.011,23.823952413987,0.413863689025633,23.012507313967,24.6353975140071,"10",22.8785365782571
-2.011,22.336203972655,0.416474415182753,21.5196401318421,23.1527678134679,"20",22.8785365782571
-1.989,20.9116791295529,0.416463851902701,20.0951359997182,21.7282222593876,"2",22.9005365782571
-1.989,23.8423134466234,0.413741123805799,23.0311086550665,24.6535182381803,"10",22.9005365782571
-1.989,22.3550723602919,0.416316009024601,21.53881909976,23.1713256208237,"20",22.9005365782571
-1.968,20.9308610490759,0.416306608922604,20.114626218928,21.7470958792238,"2",22.9215365782571
-1.968,23.8598398868671,0.413625462006867,23.0488618685269,24.6708179052074,"10",22.9215365782571
-1.968,22.3730830939453,0.416166307453009,21.5571233469783,23.1890428409123,"20",22.9215365782571
-1.905,20.9884068076448,0.415844303011599,20.1730784012209,21.8037352140688,"2",22.9845365782571
-1.905,23.9124192075985,0.413286295327399,23.1021061790784,24.7227322361186,"10",22.9845365782571
-1.905,22.4271152949055,0.4157260346222,21.6120187723303,23.2422118174807,"20",22.9845365782571
-1.862,21.02768407143,0.415536895091493,20.2129583867646,21.8424097560954,"2",23.0275365782571
-1.862,23.9483066804786,0.413061545984675,23.1384343085267,24.7581790524306,"10",23.0275365782571
-1.862,22.4639944161958,0.415433154055102,21.6494721322102,23.2785167001815,"20",23.0275365782571
-1.798,21.0861432547381,0.415091614443934,20.2722906130799,21.8999958963964,"2",23.0915365782571
-1.798,24.0017205936025,0.412737191490633,23.1924841698428,24.8109570173623,"10",23.0915365782571
-1.798,22.5188842711396,0.415008723807038,21.7051941496611,23.332574392618,"20",23.0915365782571
-1.789,21.0943640773908,0.41503017506462,20.2806318973353,21.9080962574464,"2",23.1005365782571
-1.789,24.0092319251356,0.412692554920694,23.2000830184181,24.8183808318531,"10",23.1005365782571
-1.789,22.526603156991,0.414950142232096,21.7130278939386,23.3401784200434,"20",23.1005365782571
-1.717,21.1601306586125,0.414549143623681,20.3473416166386,21.9729197005864,"2",23.1725365782571
-1.717,24.0693225774,0.412344139174804,23.2608567947576,24.8777883600424,"10",23.1725365782571
-1.717,22.5883542438027,0.414491311180286,21.7756785914642,23.4010298961412,"20",23.1725365782571
-1.699,21.1765723039179,0.414431802514767,20.3640133277129,21.9891312801229,"2",23.1905365782571
-1.699,24.0843452404661,0.4122594482613,23.2760455077299,24.8926449732022,"10",23.1905365782571
-1.699,22.6037920155056,0.414379335773791,21.7913359086294,23.4162481223819,"20",23.1905365782571
-1.67,21.2030616213544,0.41424521160548,20.3908684860847,22.0152547566242,"2",23.2195365782571
-1.67,24.1085484198503,0.412125034782747,23.3005122259591,24.9165846137416,"10",23.2195365782571
-1.67,22.628663981027,0.414201233974894,21.8165570708449,23.4407708912091,"20",23.2195365782571
-1.652,21.2195032666598,0.414130924161239,20.4075342099674,22.0314723233523,"2",23.2375365782571
-1.652,24.1235710829164,0.412042868507571,23.3156959889795,24.9314461768534,"10",23.2375365782571
-1.652,22.6441017527299,0.414092118871135,21.832208779935,23.4559947255249,"20",23.2375365782571
-1.641,21.2295509387909,0.414061658358834,20.4177176886392,22.0413841889426,"2",23.2485365782571
-1.641,24.1327515992346,0.411993132245557,23.3249740210913,24.9405291773779,"10",23.2485365782571
-1.641,22.6535359465484,0.414025977403076,21.8417726545435,23.4652992385533,"20",23.2485365782571
-1.558,21.3053651921437,0.413553140672153,20.4945289711976,22.1162014130897,"2",23.3315365782571
-1.558,24.2020227678172,0.411629516871609,23.3949581150194,25.009087420615,"10",23.3315365782571
-1.558,22.7247212271785,0.413540138034232,21.9139104999569,23.5355319544001,"20",23.3315365782571
-1.554,21.3090188911004,0.413529264709861,20.4982294827478,22.119808299453,"2",23.3355365782571
-1.554,24.2053611373874,0.411612514191579,23.3983298210281,25.0123924537468,"10",23.3355365782571
-1.554,22.7281518431125,0.413517314932302,21.9173858641854,23.5389178220396,"20",23.3355365782571
-1.516,21.3437290311896,0.413305341830237,20.5333786589938,22.1540794033855,"2",23.3735365782571
-1.516,24.2370756483047,0.411453381036763,23.4303563376181,25.0437949589913,"10",23.3735365782571
-1.516,22.7607426944853,0.41330320990215,21.9503965022711,23.5710888866996,"20",23.3735365782571
-1.424,21.4277641071951,0.412784976296644,20.6184339937793,22.2370942206109,"2",23.4655365782571
-1.424,24.3138581484203,0.411086062681458,23.5078590233588,25.1198572734819,"10",23.4655365782571
-1.424,22.8396468609669,0.41280522834322,22.0302770402166,23.6490166817173,"20",23.4655365782571
-1.414,21.436898354587,0.412730274490863,20.6276754926973,22.2461212164767,"2",23.4755365782571
-1.414,24.322204072346,0.411047669837331,23.5162802225165,25.1281279221754,"10",23.4755365782571
-1.414,22.8482234008019,0.412752841039752,22.0389562936305,23.6574905079733,"20",23.4755365782571
-1.409,21.4414654782829,0.412703060524807,20.63229597367,22.2506349828958,"2",23.4805365782571
-1.409,24.3263770343088,0.411028586255149,23.5204906008549,25.1322634677626,"10",23.4805365782571
-1.409,22.8525116707194,0.412726775588391,22.0432956689804,23.6617276724584,"20",23.4805365782571
-1.368,21.4789158925897,0.412483352039339,20.6701771611485,22.2876546240309,"2",23.5215365782571
-1.368,24.3605953224038,0.410874939895178,23.5550101368952,25.1661805079123,"10",23.5215365782571
-1.368,22.8876754840427,0.412516264969147,22.0788722216066,23.6964787464788,"20",23.5215365782571
-1.366,21.4807427420681,0.412472791786611,20.6720247156695,22.2894607684666,"2",23.5235365782571
-1.366,24.3622645071889,0.410867574464127,23.5566937627707,25.1678352516071,"10",23.5235365782571
-1.366,22.8893907920097,0.412506143352983,22.0806073746,23.6981742094194,"20",23.5235365782571
-1.333,21.5108857584613,0.412300661368872,20.7025052209214,22.3192662960013,"2",23.5565365782571
-1.333,24.3898060561434,0.410747785433187,23.5844701770318,25.1951419352551,"10",23.5565365782571
-1.333,22.917693373465,0.412341115389519,22.1092335194311,23.726153227499,"20",23.5565365782571
-1.319,21.52367370481,0.412228841286478,20.71543398188,22.33191342774,"2",23.5705365782571
-1.319,24.4014903496393,0.410697957876642,23.5962521653186,25.2067285339599,"10",23.5705365782571
-1.319,22.929700529234,0.412272231456101,22.1213757330263,23.7380253254416,"20",23.5705365782571
-1.301,21.5401153501154,0.412137556819429,20.7320546047944,22.3481760954364,"2",23.5885365782571
-1.301,24.4165130127054,0.410634762771372,23.6113987323654,25.2216272930453,"10",23.5885365782571
-1.301,22.9451383009369,0.412184654534142,22.1369852131107,23.7532913887631,"20",23.5885365782571
-1.3,21.5410287748546,0.412132520295744,20.7329779044334,22.3490796452758,"2",23.5895365782571
-1.3,24.4173476050979,0.4106312806018,23.6122401521011,25.2224550580947,"10",23.5895365782571
-1.3,22.9459959549204,0.412179821757055,22.1378523425167,23.7541395673241,"20",23.5895365782571
-1.27,21.5684315170303,0.411983130715047,20.7606735484665,22.376189485594,"2",23.6195365782571
-1.27,24.4423853768747,0.410528219398294,23.6374799916379,25.2472907621116,"10",23.6195365782571
-1.27,22.9717255744253,0.412036435409444,22.1638630935928,23.7795880552577,"20",23.6195365782571
-1.266,21.572085215987,0.411963461708346,20.7643658116161,22.379804620358,"2",23.6235365782571
-1.266,24.445723746445,0.410514683263702,23.640844900937,25.2506025919529,"10",23.6235365782571
-1.266,22.9751561903593,0.412017550859196,22.1673307356689,23.7829816450496,"20",23.6235365782571
-1.196,21.6360249477303,0.411628772792156,20.8289617538178,22.4430881416429,"2",23.6935365782571
-1.196,24.5041452139243,0.410285629327744,23.6997154648191,25.3085749630295,"10",23.6935365782571
-1.196,23.035191969204,0.41169598029804,22.2279970043659,23.842386934042,"20",23.6935365782571
-1.147,21.6807827599506,0.411405220705504,20.8741578751967,22.4874076447046,"2",23.7425365782571
-1.147,24.5450402411598,0.410134112391831,23.7409075649278,25.3491729173917,"10",23.7425365782571
-1.147,23.0772170143952,0.411480923282011,22.2704437027887,23.8839903260018,"20",23.7425365782571
-1.129,21.697224405256,0.41132532220904,20.8907561741182,22.5036926363939,"2",23.7605365782571
-1.129,24.5600629042259,0.410080279388993,23.7560357760947,25.364090032357,"10",23.7605365782571
-1.129,23.0926547860982,0.4114040028326,22.2860322891763,23.89927728302,"20",23.7605365782571
-1.128,21.6981378299952,0.411320918446952,20.8916782331282,22.5045974268623,"2",23.7615365782571
-1.128,24.5608974966184,0.41007731745329,23.7568761758298,25.364918817407,"10",23.7615365782571
-1.128,23.0935124400817,0.411399762268529,22.2868982574551,23.9001266227082,"20",23.7615365782571
-1.126,21.6999646794736,0.411312121991569,20.893522329446,22.5064070295012,"2",23.7635365782571
-1.126,24.5625666814035,0.410071402673799,23.7585569574739,25.3665764053332,"10",23.7635365782571
-1.126,23.0952277480486,0.411391291498708,22.2886301737036,23.9018253223936,"20",23.7635365782571
-1.095,21.7282808463885,0.411177664844331,20.9221021208252,22.5344595719518,"2",23.7945365782571
-1.095,24.5884390455729,0.409981274140315,23.784606032862,25.3922720582839,"10",23.7945365782571
-1.095,23.121815021537,0.411261761274923,22.315471411645,23.928158631429,"20",23.7945365782571
-1.066,21.754770163825,0.411055095550362,20.9488317547128,22.5607085729372,"2",23.8235365782571
-1.066,24.6126422249572,0.40989959879933,23.8089693496465,25.4163151002678,"10",23.8235365782571
-1.066,23.1466869870584,0.411143594681248,22.3405750614285,23.9527989126882,"20",23.8235365782571
-1.011,21.8050085244804,0.4108311781816,20.9995091407201,22.6105079082407,"2",23.8785365782571
-1.011,24.6585448065481,0.409751708327675,23.8551618938549,25.4619277192412,"10",23.8785365782571
-1.011,23.1938579561507,0.410927478364504,22.3881697606786,23.9995461516227,"20",23.8785365782571
-0.989,21.8251038687426,0.410744746463479,21.0197739480108,22.6304337894744,"2",23.9005365782571
-0.989,24.6769058391844,0.409695124644601,23.8736338677349,25.4801778106339,"10",23.9005365782571
-0.989,23.2127263437876,0.410843965484926,22.4072018885003,24.0182507990748,"20",23.9005365782571
-0.968,21.8442857882656,0.410663916297878,21.0391143478343,22.6494572286968,"2",23.9215365782571
-0.968,24.6944322794282,0.409642485093653,23.8912635161287,25.4976010427277,"10",23.9215365782571
-0.968,23.230737077441,0.410765813876208,22.4253658507206,24.0361083041614,"20",23.9215365782571
-0.905,21.9018315468345,0.410431239059547,21.0971163068624,22.7065467868067,"2",23.9845365782571
-0.905,24.7470116001595,0.409492613010632,23.9441366847395,25.5498865155796,"10",23.9845365782571
-0.905,23.2847692784012,0.410540540760984,22.4798397351876,24.0896988216148,"20",23.9845365782571
-0.862,21.9411088106197,0.410280889380869,21.1366883549286,22.7455292663107,"2",24.0275365782571
-0.862,24.7828990730397,0.409397254956414,23.9802111221393,25.58558702394,"10",24.0275365782571
-0.862,23.3216483996915,0.410394699832867,22.5170048006418,24.1262919987412,"20",24.0275365782571
-0.798,21.9995679939278,0.410069844613618,21.1955613248211,22.8035746630345,"2",24.0915365782571
-0.798,24.8363129861636,0.409265756407472,24.0338828589284,25.6387431133987,"10",24.0915365782571
-0.798,23.3765382546352,0.410189545455398,22.5722968931308,24.1807796161397,"20",24.0915365782571
-0.789,22.0077888165805,0.410041389058962,21.2038379390811,22.81173969408,"2",24.1005365782571
-0.789,24.8438243176966,0.409248265645638,24.0414284838613,25.6462201515319,"10",24.1005365782571
-0.789,23.3842571404867,0.410161839431198,22.5800701010167,24.1884441799567,"20",24.1005365782571
-0.717,22.0735553978022,0.409824609541824,21.2700295507696,22.8770812448347,"2",24.1725365782571
-0.717,24.903914969961,0.409117233209641,24.1017760459029,25.7060538940191,"10",24.1725365782571
-0.717,23.4460082272984,0.409950355541495,22.6422358353816,24.2497806192151,"20",24.1725365782571
-0.699,22.0899970431076,0.409773434885129,21.2865715320685,22.8934225541466,"2",24.1905365782571
-0.699,24.9189376330271,0.409086946645318,24.1168580905598,25.7210171754944,"10",24.1905365782571
-0.699,23.4614459990013,0.40990030998445,22.6577717293,24.2651202687027,"20",24.1905365782571
-0.67,22.1164863605441,0.409693530043626,21.3132175155616,22.9197552055266,"2",24.2195365782571
-0.67,24.9431408124114,0.409040232116719,24.1411528611523,25.7451287636704,"10",24.2195365782571
-0.67,23.4863179645227,0.409822060162366,22.682797115951,24.2898388130943,"20",24.2195365782571
-0.652,22.1329280058495,0.409645513173424,21.3297533055216,22.9361027061774,"2",24.2375365782571
-0.652,24.9581634754775,0.409012528562321,24.1562298414105,25.7600971095445,"10",24.2375365782571
-0.652,23.5017557362256,0.40977496864128,22.6983272180155,24.3051842544357,"20",24.2375365782571
-0.641,22.1429756779806,0.40961676523798,21.3398573425186,22.9460940134426,"2",24.2485365782571
-0.641,24.9673439917956,0.408996085767902,24.1654425964229,25.7692453871683,"10",24.2485365782571
-0.641,23.5111899300441,0.409746747753237,22.7078167433402,24.3145631167479,"20",24.2485365782571
-0.558,22.2187899313333,0.409414428794824,21.4160683084115,23.0215115542552,"2",24.3315365782571
-0.558,25.0366151603782,0.408883936819712,24.2349336507237,25.8382966700327,"10",24.3315365782571
-0.558,23.5823752106742,0.409547447054258,22.7793927844548,24.3853576368936,"20",24.3315365782571
-0.554,22.2224436302901,0.409405328337943,21.4197398502507,23.0251474103295,"2",24.3355365782571
-0.554,25.0399535299485,0.40887906387671,24.238281574468,25.8416254854289,"10",24.3355365782571
-0.554,23.5858058266082,0.40953845089289,22.7828410387834,24.3887706144329,"20",24.3355365782571
-0.516,22.2571537703793,0.409321860340391,21.4546136425264,23.0596938982322,"2",24.3735365782571
-0.516,25.0716680408658,0.40883521091449,24.2700820660409,25.8732540156906,"10",24.3735365782571
-0.516,23.618396677981,0.409455780895711,22.815593977737,24.421199378225,"20",24.3735365782571
-0.424,22.3411888463848,0.409142174280811,21.5390010214191,23.1433766713504,"2",24.4655365782571
-0.424,25.1484505409814,0.408747331783238,24.347036867067,25.9498642148957,"10",24.4655365782571
-0.424,23.6973008444626,0.409276580879832,22.8948494941405,24.4997521947847,"20",24.4655365782571
-0.414,22.3503230937767,0.409124554367479,21.5481698154328,23.1524763721205,"2",24.4755365782571
-0.414,25.156796464907,0.408739340177268,24.3553984597978,25.9581944700162,"10",24.4755365782571
-0.414,23.7058773842976,0.409258890391732,22.9034607189702,24.5082940496249,"20",24.4755365782571
-0.409,22.3548902174726,0.409115885006517,21.5527539367796,23.1570264981656,"2",24.4805365782571
-0.409,25.1609694268698,0.408735459140986,24.3595790311449,25.9623598225947,"10",24.4805365782571
-0.409,23.710165654215,0.40925017666511,22.9077660735244,24.5125652349057,"20",24.4805365782571
-0.402,22.3612841906469,0.409103905383064,21.559171397897,23.1633969833969,"2",24.4875365782571
-0.402,25.1668115736177,0.408730154234285,24.365431579,25.9681915682355,"10",24.4875365782571
-0.402,23.7161692320995,0.40923812476118,22.9137932810692,24.5185451831298,"20",24.4875365782571
-0.368,22.3923406317794,0.409048332585092,21.5903367982732,23.1943444652855,"2",24.5215365782571
-0.368,25.1951877149648,0.40870652094106,24.3938540571495,25.9965213727802,"10",24.5215365782571
-0.368,23.7453294675384,0.409182032108237,22.9430634950096,24.5475954400671,"20",24.5215365782571
-0.366,22.3941674812578,0.409045198630287,21.5921697923648,23.1961651701507,"2",24.5235365782571
-0.366,25.1968568997499,0.408705240945218,24.3955257515685,25.9981880479314,"10",24.5235365782571
-0.366,23.7470447755054,0.409178858855027,22.9447850246405,24.5493045263702,"20",24.5235365782571
-0.333,22.424310497651,0.408995655108353,21.6224099466544,23.2262110486477,"2",24.5565365782571
-0.333,25.2243984487044,0.408685888962676,24.4231052431399,26.025691654269,"10",24.5565365782571
-0.333,23.7753473569607,0.409128527016441,22.9731862896114,24.57750842431,"20",24.5565365782571
-0.319,22.4370984439997,0.408975871245724,21.635236682389,23.2389602056103,"2",24.5705365782571
-0.319,25.2360827422003,0.4086786862955,24.4348036586019,26.0373618257987,"10",24.5705365782571
-0.319,23.7873545127297,0.409108329008955,22.9852330467628,24.5894759786966,"20",24.5705365782571
-0.301,22.4535400893051,0.408951515841221,21.65172608031,23.2553540983002,"2",24.5885365782571
-0.301,25.2511054052664,0.408670307536588,24.4498427495476,26.0523680609852,"10",24.5885365782571
-0.301,23.8027922844326,0.409083371346857,23.0007197519024,24.6048648169628,"20",24.5885365782571
-0.3,22.4544535140443,0.408950198424788,21.6526420880521,23.2562649400364,"2",24.5895365782571
-0.3,25.251939997659,0.408669871138686,24.4506781975671,26.0532017977508,"10",24.5895365782571
-0.3,23.8036499384161,0.409082018169545,23.0015800590036,24.6057198178286,"20",24.5895365782571
-0.27,22.48185625622,0.408912421746212,21.68011889737,23.2835936150699,"2",24.6195365782571
-0.27,25.2769777694358,0.408658203090063,24.4757388463954,26.0782166924762,"10",24.6195365782571
-0.27,23.829379557921,0.409043055971132,23.0273860700495,24.6313730457924,"20",24.6195365782571
-0.266,22.4855099551767,0.408907640185084,21.6837819713323,23.2872379390212,"2",24.6235365782571
-0.266,25.280316139006,0.408656855581688,24.4790798579685,26.0815524200435,"10",24.6235365782571
-0.266,23.8328101738549,0.409038099859818,23.0308264032222,24.6347939444877,"20",24.6235365782571
-0.196,22.54944968692,0.408833690774035,21.7478666925705,23.3510326812695,"2",24.6935365782571
-0.196,25.3387376064853,0.408641205971462,24.5375320089793,26.1399432039913,"10",24.6935365782571
-0.196,23.8928459526996,0.408960468013919,23.0910143915567,24.6946775138426,"20",24.6935365782571
-0.147,22.5942074991403,0.408792879998001,21.7927045207601,23.3957104775205,"2",24.7425365782571
-0.147,25.3796326337208,0.408639180371482,24.5784310077233,26.1808342597183,"10",24.7425365782571
-0.147,23.9348709978909,0.408916372780782,23.133125892414,24.7366161033679,"20",24.7425365782571
-0.129,22.6106491444457,0.40878015448236,21.8091711164479,23.4121271724435,"2",24.7605365782571
-0.129,25.3946552967869,0.408640283095748,24.5934515087244,26.1958590848494,"10",24.7605365782571
-0.129,23.9503087695938,0.408902294557313,23.1485912666966,24.7520262724911,"20",24.7605365782571
-0.128,22.6115625691849,0.40877948321669,21.8100858573094,23.4130392810604,"2",24.7615365782571
-0.128,25.3954898891795,0.408640373453961,24.5942859239554,26.1966938544035,"10",24.7615365782571
-0.128,23.9511664235773,0.408901545838434,23.1494503886616,24.7528824584931,"20",24.7615365782571
-0.126,22.6133894186633,0.408778151961773,21.8119153169232,23.4148635204033,"2",24.7635365782571
-0.126,25.3971590739646,0.408640563358483,24.5959547364027,26.1983634115264,"10",24.7635365782571
-0.126,23.9528817315443,0.408900058949927,23.1511686119083,24.7545948511804,"20",24.7635365782571
-0.095,22.6417055855782,0.408759440242972,21.8402681711169,23.4431430000394,"2",24.7945365782571
-0.095,25.423031438134,0.408645073433552,24.621818257858,26.22424461841,"10",24.7945365782571
-0.095,23.9794690050327,0.408878810932324,23.1777975454896,24.7811404645758,"20",24.7945365782571
-0.066,22.6681949030147,0.408745206355314,21.8667853963373,23.469604409692,"2",24.8235365782571
-0.066,25.4472346175182,0.40865195699053,24.646007940942,26.2484612940944,"10",24.8235365782571
-0.066,24.0043409705541,0.408861993526274,23.2027024841906,24.8059794569176,"20",24.8235365782571
-0.011,22.7184332636701,0.408726896264524,21.9170596568164,23.5198068705238,"2",24.8785365782571
-0.011,25.4931371991091,0.408672086089331,24.6918710562569,26.2944033419613,"10",24.8785365782571
-0.011,24.0515119396463,0.408838223944269,23.2499200573009,24.8531038219918,"20",24.8785365782571
0.011,22.7385286079323,0.408722757086836,21.9371631165899,23.5398940992747,"2",24.9005365782571
0.011,25.5114982317454,0.408682731314451,24.7102112172488,26.3127852462421,"10",24.9005365782571
0.011,24.0703803272832,0.40883169579949,23.2688012443963,24.8719594101702,"20",24.9005365782571
0.032,22.7577105274552,0.408720503857082,21.9563494539255,23.559071600985,"2",24.9215365782571
0.032,25.5290246719892,0.408694275045086,24.7277150241862,26.3303343197922,"10",24.9215365782571
0.032,24.0883910609367,0.408827052859024,23.2868210812675,24.8899610406058,"20",24.9215365782571
0.095,22.8152562860242,0.408723694263386,22.0138889571992,23.6166236148492,"2",24.9845365782571
0.095,25.5816039927206,0.408737006402307,24.7802105633456,26.3829974220955,"10",24.9845365782571
0.095,24.1424232618969,0.408822433659949,23.3408623388967,24.943984184897,"20",24.9845365782571
0.138,22.8545335498094,0.408734441670432,22.0531451489961,23.6559219506226,"2",25.0275365782571
0.138,25.6174914656007,0.408773147415603,24.8160271760635,26.4189557551379,"10",25.0275365782571
0.138,24.1793023831872,0.408827299386121,23.3777319201627,24.9808728462117,"20",25.0275365782571
0.202,22.9129927331175,0.408763311891865,22.1115477276774,23.7144377385576,"2",25.0915365782571
0.202,25.6709053787246,0.4088374146083,24.8693150832101,26.4724956742391,"10",25.0915365782571
0.202,24.2341922381309,0.408846587946587,23.4325839568385,25.0358005194233,"20",25.0915365782571
0.211,22.9212135557702,0.408768606764561,22.1197581688962,23.7226689426442,"2",25.1005365782571
0.211,25.6784167102576,0.408847456967229,24.8768067251131,26.4800266954022,"10",25.1005365782571
0.211,24.2419111239824,0.408850456062399,23.4402952586382,25.0435269893265,"20",25.1005365782571
0.283,22.9869801369919,0.40882192614963,22.1854202090458,23.7885400649379,"2",25.1725365782571
0.283,25.738507362522,0.408936711477494,24.9367223798193,26.5402923452248,"10",25.1725365782571
0.283,24.3036622107941,0.408891657878886,23.5019655627841,25.1053588588041,"20",25.1725365782571
0.301,23.0034217822973,0.40883830000023,22.2018297508321,23.8050138137624,"2",25.1905365782571
0.301,25.7535300255881,0.408961500924088,24.9516964392617,26.5553636119145,"10",25.1905365782571
0.301,24.319099982497,0.408904807068918,23.517377553424,25.1208224115699,"20",25.1905365782571
0.33,23.0299110997338,0.408867240542391,22.2282623257668,23.8315598737007,"2",25.2195365782571
0.33,25.7777332049724,0.409003521712385,24.9758172302566,26.5796491796882,"10",25.2195365782571
0.33,24.3439719480184,0.408928388198751,23.5422032844176,25.1457406116192,"20",25.2195365782571
0.348,23.0463527450392,0.408886792629937,22.2446656361179,23.8480398539605,"2",25.2375365782571
0.348,25.7927558680385,0.409030895705391,24.9907862222878,26.5947255137892,"10",25.2375365782571
0.348,24.3594097197213,0.408944511943171,23.5576094429741,25.1612099964685,"20",25.2375365782571
0.359,23.0564004171703,0.40889934019608,22.2546887067646,23.8581121275759,"2",25.2485365782571
0.359,25.8019363843567,0.409048111372048,24.9999329845736,26.6039397841397,"10",25.2485365782571
0.359,24.3688439135397,0.408954926041781,23.5670232183081,25.1706646087714,"20",25.2485365782571
0.442,23.132214670523,0.409008664283027,22.3302886129856,23.9341407280604,"2",25.3315365782571
0.442,25.8712075529392,0.409189919849002,25.0689261152495,26.673488990629,"10",25.3315365782571
0.442,24.4400291941699,0.409047214782901,23.6380275522914,25.2420308360483,"20",25.3315365782571
0.446,23.1358683694798,0.409014586022458,22.3339307014373,23.9378060375222,"2",25.3355365782571
0.446,25.8745459225095,0.409197284939541,25.072250044397,26.676841800622,"10",25.3355365782571
0.446,24.4434598101039,0.40905227377485,23.641448249273,25.2454713709347,"20",25.3355365782571
0.484,23.170578509569,0.409073836522493,22.3685246715672,23.9726323475708,"2",25.3735365782571
0.484,25.9062604334268,0.409269686988936,25.1038225996662,26.7086982671874,"10",25.3735365782571
0.484,24.4760506614767,0.409103136888624,23.6739393754814,25.278161947472,"20",25.3735365782571
0.576,23.2546135855744,0.409239709097055,22.4522345282035,24.0569926429453,"2",25.4655365782571
0.576,25.9830429335424,0.409463201810008,25.1802256834244,26.7858601836604,"10",25.4655365782571
0.576,24.5549548279583,0.409247272044145,23.7525609422356,25.357348713681,"20",25.4655365782571
0.586,23.2637478329663,0.409259649976732,22.4613296783527,24.06616598758,"2",25.4755365782571
0.586,25.991388857468,0.409485789284575,25.1885273210402,26.7942503938959,"10",25.4755365782571
0.586,24.5635313677933,0.409264728327103,23.761103256272,25.3659594793145,"20",25.4755365782571
0.591,23.2683149566623,0.409269760879535,22.4658769780275,24.0707529352971,"2",25.4805365782571
0.591,25.9955618194308,0.409497197166347,25.1926779160498,26.7984457228119,"10",25.4805365782571
0.591,24.5678196377107,0.409273587986029,23.7653741554294,25.370265119992,"20",25.4805365782571
0.598,23.2747089298366,0.409284073444905,22.4722428891578,24.0771749705154,"2",25.4875365782571
0.598,26.0014039661788,0.409513296027,25.1984884984399,26.8043194339177,"10",25.4875365782571
0.598,24.5738232155952,0.409286138794058,23.7713531254733,25.3762933057171,"20",25.4875365782571
0.632,23.305765370969,0.409356201466745,22.5031579119164,24.1083728300217,"2",25.5215365782571
0.632,26.0297801075258,0.409593611245633,25.2267071691212,26.8328530459305,"10",25.5215365782571
0.632,24.6029834510341,0.409349543600647,23.800389045779,25.4055778562891,"20",25.5215365782571
0.634,23.3075922204474,0.409360579060007,22.5049761784321,24.1102082624628,"2",25.5235365782571
0.634,26.031449292311,0.409598445179858,25.2283668762152,26.8345317084068,"10",25.5235365782571
0.634,24.604698759001,0.40935339948943,23.8020967936673,25.4073007243348,"20",25.5235365782571
0.667,23.3377352368407,0.40943497046224,22.5349733387369,24.1404971349444,"2",25.5565365782571
0.667,26.0589908412655,0.409679961096186,25.2557486003466,26.8622330821844,"10",25.5565365782571
0.667,24.6330013404564,0.409419045363444,23.830270666023,25.4357320148898,"20",25.5565365782571
0.681,23.3505231831893,0.409467761297041,22.5476969934772,24.1533493729015,"2",25.5705365782571
0.681,26.0706751347613,0.409715543698311,25.2673631285335,26.8739871409892,"10",25.5705365782571
0.681,24.6450084962253,0.4094480477532,23.8422209580281,25.4477960344226,"20",25.5705365782571
0.699,23.3669648284948,0.409510998001495,22.5640538663976,24.1698757905919,"2",25.5885365782571
0.699,26.0856977978274,0.409762167867427,25.2822943775553,26.8891012180995,"10",25.5885365782571
0.699,24.6604462679283,0.409486345195163,23.85758364155,25.4633088943066,"20",25.5885365782571
0.7,23.367878253234,0.409513435561801,22.564962511915,24.1707939945529,"2",25.5895365782571
0.7,26.08653239022,0.409764786959497,25.2831238348044,26.8899409456356,"10",25.5895365782571
0.7,24.6613039219118,0.409488506096764,23.8584370587447,25.4641707850788,"20",25.5895365782571
0.73,23.3952809954096,0.409588300529367,22.5922184695027,24.1983435213166,"2",25.6195365782571
0.73,26.1115701619968,0.409844771920881,25.308004783437,26.9151355405566,"10",25.6195365782571
0.73,24.6870335414166,0.409554961001799,23.8840363829169,25.4900306999164,"20",25.6195365782571
0.734,23.3989346943664,0.409598536653084,22.5958520989229,24.2020172898099,"2",25.6235365782571
0.734,26.1149085315671,0.409855643050505,25.3113218384414,26.9184952246927,"10",25.6235365782571
0.734,24.6904641573506,0.409564059662895,23.8874491594893,25.4934791552119,"20",25.6235365782571
0.804,23.4628744261097,0.40978734172869,22.6594216485083,24.266327203711,"2",25.6935365782571
0.804,26.1733299990463,0.410053746343543,25.3693548931396,26.9773051049531,"10",25.6935365782571
0.804,24.7504999361953,0.409732346187683,23.9471549860344,25.5538448863562,"20",25.6935365782571
0.853,23.50763223833,0.409930384892336,22.7038990020237,24.3113654746362,"2",25.7425365782571
0.853,26.2142250262818,0.410201257201307,25.4099607020506,27.0184893505131,"10",25.7425365782571
0.853,24.7925249813866,0.409860337848232,23.9889290833688,25.5961208794044,"20",25.7425365782571
0.871,23.5240738836354,0.409985179383936,22.7202332140778,24.327914553193,"2",25.7605365782571
0.871,26.2292476893479,0.410257271088529,25.4248735410477,27.0336218376482,"10",25.7605365782571
0.871,24.8079627530895,0.409909461163664,24.0042705410566,25.6116549651224,"20",25.7605365782571
0.872,23.5249873083746,0.409988258921359,22.7211406008977,24.3288340158515,"2",25.7615365782571
0.872,26.2300822817405,0.410260411727861,25.425701975721,27.03446258776,"10",25.7615365782571
0.872,24.808820407073,0.409912223400597,24.0051227792385,25.6125180349075,"20",25.7615365782571
0.874,23.526814157853,0.409994429173081,22.7229553526235,24.3306729630824,"2",25.7635365782571
0.874,26.2317514665256,0.410266702086137,25.4273588272657,27.0361441057856,"10",25.7635365782571
0.874,24.81053571504,0.409917758345784,24.0068272350716,25.6142441950084,"20",25.7635365782571
0.905,23.5551303247678,0.410091973240469,22.7510802689947,24.359180380541,"2",25.7945365782571
0.905,26.257623830695,0.410365750306877,25.4530369917613,27.0622106696287,"10",25.7945365782571
0.905,24.8371229885284,0.410005334942865,24.0332428008155,25.6410031762413,"20",25.7945365782571
0.934,23.5816196422043,0.410186463046482,22.7773843242492,24.3858549601595,"2",25.8235365782571
0.934,26.2818270100793,0.410461039437537,25.4770533417614,27.0866006783972,"10",25.8235365782571
0.934,24.8619949540497,0.410090296109089,24.0579481865575,25.666041721542,"20",25.8235365782571
0.989,23.6318580028598,0.410374259794134,22.8272544797329,24.4364615259866,"2",25.8785365782571
0.989,26.3277295916701,0.410648739809801,25.5225879071397,27.1328712762006,"10",25.8785365782571
0.989,24.909165923142,0.410259480268889,24.1047874433949,25.7135444028891,"20",25.8785365782571
1.011,23.6519533471219,0.410452526099651,22.847196370547,24.4567103236969,"2",25.9005365782571
1.011,26.3460906243065,0.41072637689749,25.5407967200089,27.1513845286041,"10",25.9005365782571
1.011,24.9280343107789,0.410330103593308,24.1235173628548,25.732551258703,"20",25.9005365782571
1.032,23.6711352666449,0.410528911289895,22.8662285248454,24.4760420084444,"2",25.9215365782571
1.032,26.3636170645503,0.410801846883833,25.5581751894298,27.1690589396707,"10",25.9215365782571
1.032,24.9460450444323,0.410399087912128,24.1413928418605,25.7506972470042,"20",25.9215365782571
1.095,23.7286810252139,0.410767882284227,22.923305743053,24.5340563073747,"2",25.9845365782571
1.095,26.4161963852816,0.411036230498942,25.610294964081,27.2220978064822,"10",25.9845365782571
1.095,25.0000772453926,0.410615240619082,24.1950012413141,25.805153249471,"20",25.9845365782571
1.138,23.767958288999,0.410939433532151,22.9622466535334,24.5736699244647,"2",26.0275365782571
1.138,26.4520838581617,0.411203066401365,25.6458553288356,27.2583123874878,"10",26.0275365782571
1.138,25.0369563666829,0.41077068871268,24.231575582076,25.8423371512898,"20",26.0275365782571
1.202,23.8264174723072,0.411207431163128,23.0201803851766,24.6326545594378,"2",26.0915365782571
1.202,26.5054977712856,0.411461670009532,25.6987622087593,27.3122333338119,"10",26.0915365782571
1.202,25.0918462216266,0.411013927574149,24.2859885288311,25.8977039144221,"20",26.0915365782571
1.211,23.8346382949599,0.411246332042829,23.0283249365132,24.6409516534065,"2",26.1005365782571
1.211,26.5130091028187,0.411499022223374,25.7062003053803,27.3198179002571,"10",26.1005365782571
1.211,25.0995651074781,0.411049271047864,24.2936381182226,25.9054920967336,"20",26.1005365782571
1.283,23.9004048761815,0.411568296425856,23.0934602557326,24.7073494966304,"2",26.1725365782571
1.283,26.5730997550831,0.411806580285646,25.7656879415086,27.3805115686575,"10",26.1725365782571
1.283,25.1613161942897,0.411342106605914,24.354815054692,25.9678173338875,"20",26.1725365782571
1.301,23.9168465214869,0.411651772453616,23.1097382331071,24.7239548098668,"2",26.1905365782571
1.301,26.5881224181492,0.411885895179952,25.7805550952028,27.3956897410956,"10",26.1905365782571
1.301,25.1767539659927,0.411418114905616,24.3701038001237,25.9834041318616,"20",26.1905365782571
1.33,23.9433358389234,0.411788769668983,23.1359589458748,24.7507127319721,"2",26.2195365782571
1.33,26.6123255975334,0.412015718321258,25.804503735823,27.4201474592439,"10",26.2195365782571
1.33,25.201625931514,0.411542925177473,24.394731055403,26.008520807625,"20",26.2195365782571
1.348,23.9597774842289,0.411875357989379,23.1522308211081,24.7673241473496,"2",26.2375365782571
1.348,26.6273482605995,0.412097562295363,25.819365930857,27.4353305903421,"10",26.2375365782571
1.348,25.217063703217,0.411621852774626,24.4100140770912,26.0241133293427,"20",26.2375365782571
1.359,23.9698251563599,0.411928859233188,23.1621735956043,24.7774767171155,"2",26.2485365782571
1.359,26.6365287769177,0.412148054403062,25.8284474494267,27.4446101044087,"10",26.2485365782571
1.359,25.2264978970354,0.411670636168069,24.4193526233653,26.0336431707055,"20",26.2485365782571
1.442,24.0456394097127,0.412346867357305,23.2371682780378,24.8541105413876,"2",26.3315365782571
1.442,26.7057999455003,0.412540675946621,25.896948821489,27.5146510695116,"10",26.3315365782571
1.442,25.2976831776656,0.412052160975207,24.4897898643788,26.1055764909523,"20",26.3315365782571
1.446,24.0492931086694,0.412367650154993,23.2407812290386,24.8578049883002,"2",26.3355365782571
1.446,26.7091383150705,0.41256011587974,25.9002490760013,27.5180275541397,"10",26.3355365782571
1.446,25.3011137935995,0.412071146175879,24.4931832568296,26.1090443303695,"20",26.3355365782571
1.484,24.0840032487587,0.412568007375206,23.2750985371667,24.8929079603506,"2",26.3735365782571
1.484,26.7408528259878,0.412747169318171,25.931596839122,27.5501088128537,"10",26.3735365782571
1.484,25.3337046449724,0.412254246339572,24.525415111425,26.1419941785197,"20",26.3735365782571
1.576,24.1680383247641,0.413074931260732,23.3581397088653,24.9779369406629,"2",26.4655365782571
1.576,26.8176353261035,0.413217797439444,26.0074565985066,27.6278140537003,"10",26.4655365782571
1.576,25.412608811454,0.412718047344871,24.6034099228143,26.2218077000936,"20",26.4655365782571
1.586,24.177172572156,0.413131891554464,23.3671622766089,24.9871828677032,"2",26.4755365782571
1.586,26.8259812500291,0.413270464866641,26.0156992596265,27.6362632404317,"10",26.4755365782571
1.586,25.4211853512889,0.412770206350147,24.611884196685,26.2304865058929,"20",26.4755365782571
1.591,24.181739695852,0.413160508257653,23.3716732927404,24.9918060989635,"2",26.4805365782571
1.591,26.8301542119919,0.413296909621413,26.0198203724727,27.6404880515111,"10",26.4805365782571
1.591,25.4254736212064,0.412796414053213,24.6161210822631,26.2348261601497,"20",26.4805365782571
1.598,24.1881336690263,0.413200724538617,23.3779884155469,24.9982789225057,"2",26.4875365782571
1.598,26.8359963587398,0.413334056609211,26.0255896866865,27.6464030307931,"10",26.4875365782571
1.598,25.4314771990909,0.412833248381899,24.6220524406311,26.2409019575507,"20",26.4875365782571
1.632,24.2191901101587,0.413398596484705,23.4086568974905,25.029723322827,"2",26.5215365782571
1.632,26.8643725000869,0.413516546917227,26.0536080269745,27.6751369731992,"10",26.5215365782571
1.632,25.4606374345297,0.413014538729074,24.6508572277235,26.2704176413359,"20",26.5215365782571
1.634,24.2210169596371,0.413410366901704,23.4104606692081,25.0315732500661,"2",26.5235365782571
1.634,26.866041684872,0.413527388088191,26.0552559559325,27.6768274138115,"10",26.5235365782571
1.634,25.4623527424967,0.41302532576454,24.6525513860045,26.2721540989889,"20",26.5235365782571
1.667,24.2511599760304,0.41360667642692,23.4402187897853,25.0621011622754,"2",26.5565365782571
1.667,26.8935832338265,0.413707973452226,26.0824434387713,27.7047230288817,"10",26.5565365782571
1.667,25.4906553239521,0.413205281553474,24.6805011357256,26.3008095121786,"20",26.5565365782571
1.681,24.263947922379,0.413691153434086,23.4528411056248,25.0750547391332,"2",26.5705365782571
1.681,26.9052675273224,0.4137855567216,26.0939756180193,27.7165594366254,"10",26.5705365782571
1.681,25.502662479721,0.413282747841008,24.692356406608,26.312968552834,"20",26.5705365782571
1.699,24.2803895676844,0.413800811100138,23.469067749764,25.0917113856049,"2",26.5885365782571
1.699,26.9202901903885,0.413886156154554,26.1088010400152,27.7317793407617,"10",26.5885365782571
1.699,25.518100251424,0.413383328158955,24.7075969747188,26.3286035281291,"20",26.5885365782571
1.7,24.2813029924236,0.413806937625734,23.4699691624826,25.0926368223647,"2",26.5895365782571
1.7,26.921124782781,0.413891773021678,26.109624619653,27.732624945909,"10",26.5895365782571
1.7,25.5189579054074,0.41338894829295,24.7084436095423,26.3294722012726,"20",26.5895365782571
1.73,24.3087057345993,0.41399241757588,23.4970082419338,25.1204032272648,"2",26.6195365782571
1.73,26.9461625545579,0.414061649125554,26.1343293225095,27.7579957866063,"10",26.6195365782571
1.73,25.5446875249123,0.413559134143919,24.7338395528187,26.3555354970059,"20",26.6195365782571
1.734,24.3123594335561,0.414017394396136,23.5006129698913,25.1241058972209,"2",26.6235365782571
1.734,26.9495009241281,0.414084499534079,26.1376228902463,27.7613789580099,"10",26.6235365782571
1.734,25.5481181408463,0.413582056801155,24.7372252252643,26.3590110564283,"20",26.6235365782571
1.804,24.3762991652994,0.41446384978405,23.5636773553636,25.1889209752351,"2",26.6935365782571
1.804,27.0079223916074,0.414491998294964,26.1952453920721,27.8205993911427,"10",26.6935365782571
1.804,25.608153919691,0.413991996947361,24.7964572517341,26.4198505876479,"20",26.6935365782571
1.853,24.4210569775196,0.414786885986648,23.6078018041101,25.2343121509292,"2",26.7425365782571
1.853,27.0488174188429,0.414785806377224,26.2355643621781,27.8620704755077,"10",26.7425365782571
1.853,25.6501789648823,0.414288836518247,24.8379002960839,26.4624576336807,"20",26.7425365782571
1.871,24.4374986228251,0.414907722919129,23.6240065295326,25.2509907161175,"2",26.7605365782571
1.871,27.063840081909,0.414895502604036,26.2503719484735,27.8773082153444,"10",26.7605365782571
1.871,25.6656167365852,0.414399919303124,24.8531202724501,26.4781132007203,"20",26.7605365782571
1.872,24.4384120475642,0.414914470241077,23.6249067250819,25.2519173700466,"2",26.7615365782571
1.872,27.0646746743015,0.414901624645229,26.2511945376378,27.8781548109653,"10",26.7615365782571
1.872,25.6664743905687,0.414406122670842,24.8539657637519,26.4789830173855,"20",26.7615365782571
1.874,24.4402388970426,0.414927975668359,23.6267070950379,25.2537706990473,"2",26.7635365782571
1.874,27.0663438590867,0.414913877505858,26.2528396987553,27.879848019418,"10",26.7635365782571
1.874,25.6681896985357,0.414418539540538,24.8556567264855,26.4807226705858,"20",26.7635365782571
1.905,24.4685550639575,0.415139147337828,23.6546092265566,25.2825009013584,"2",26.7945365782571
1.905,27.092216223256,0.415105292782389,26.2783367630558,27.9060956834563,"10",26.7945365782571
1.905,25.6947769720241,0.414612728028809,24.8818632627856,26.5076906812625,"20",26.7945365782571
1.934,24.495044381394,0.415339817284981,23.6807050988815,25.3093836639065,"2",26.8235365782571
1.934,27.1164194026403,0.415286900741778,26.3021838713648,27.9306549339158,"10",26.8235365782571
1.934,25.7196489375454,0.414797322900114,24.9063733009194,26.5329245741715,"20",26.8235365782571
1.989,24.5452827420494,0.415728672430397,23.7301810476348,25.3603844364641,"2",26.8785365782571
1.989,27.1623219842312,0.415638067498352,26.3473979350898,27.9772460333725,"10",26.8785365782571
1.989,25.7668199066377,0.415155194900406,24.9528426054569,26.5807972078185,"20",26.8785365782571
2.011,24.5653780863116,0.41588724290378,23.74996548945,25.3807906831732,"2",26.9005365782571
2.011,27.1806830168675,0.415781000734346,26.3654787245518,27.9958873091832,"10",26.9005365782571
2.011,25.7856882942746,0.415301191003834,24.9714247446843,26.5999518438649,"20",26.9005365782571
2.032,24.5845600058346,0.416040217219622,23.7688474786763,25.4002725329929,"2",26.9215365782571
2.032,27.1982094571113,0.415918749804962,26.3827350859958,28.0136838282268,"10",26.9215365782571
2.032,25.803699027928,0.415442066332382,24.9891592700157,26.6182387858403,"20",26.9215365782571
2.095,24.6421057644035,0.416508567244218,23.8254749630825,25.4587365657246,"2",26.9845365782571
2.095,27.2507887778426,0.416339677727758,26.4344891110816,28.0670884446037,"10",26.9845365782571
2.095,25.8577312288882,0.41587355807191,25.0423454633,26.6731169944765,"20",26.9845365782571
2.138,24.6813830281887,0.416836335824283,23.8641095848208,25.4986564715566,"2",27.0275365782571
2.138,27.2866762507228,0.416633579630023,26.4698003428833,28.1035521585622,"10",27.0275365782571
2.138,25.8946103501786,0.416175688378514,25.0786322104261,26.710588489931,"20",27.0275365782571
2.202,24.7398422114968,0.417336310840974,23.9215884881764,25.5580959348173,"2",27.0915365782571
2.202,27.3400901638467,0.417080906153809,26.5223372017368,28.1578431259566,"10",27.0915365782571
2.202,25.9495002051223,0.416636786366721,25.1326180099693,26.7663824002753,"20",27.0915365782571
2.211,24.7480630341495,0.417407781394556,23.9296691815256,25.5664568867735,"2",27.1005365782571
2.211,27.3476014953797,0.417144758567851,26.5297233405316,28.1654796502279,"10",27.1005365782571
2.211,25.9572190909737,0.416702721307684,25.1402076199597,26.7742305619878,"20",27.1005365782571
2.283,24.8138296153712,0.417989828288528,23.9942945679224,25.63336466282,"2",27.1725365782571
2.283,27.4076921476441,0.41766396448186,26.5887960076332,28.226588287655,"10",27.1725365782571
2.283,26.0189701777854,0.417239878679805,25.2009055249409,26.8370348306299,"20",27.1725365782571
2.301,24.8302712606766,0.418138190780192,24.0104453251406,25.6500971962127,"2",27.1905365782571
2.301,27.4227148107102,0.417796091587647,26.6035596146492,28.2418700067712,"10",27.1905365782571
2.301,26.0344079494883,0.417376851550984,25.2160747397057,26.852741159271,"20",27.1905365782571
2.33,24.8567605781131,0.418379612158437,24.0364612978512,25.677059858375,"2",27.2195365782571
2.33,27.4469179900945,0.418010915649395,26.6273415975456,28.2664943826434,"10",27.2195365782571
2.33,26.0592799150097,0.417599783000583,25.2405096129254,26.8780502170941,"20",27.2195365782571
2.359,24.8832498955496,0.418623982032951,24.0624714895695,25.7040283015298,"2",27.2485365782571
2.359,27.4711211694788,0.418228146072253,26.6511188623912,28.2911234765664,"10",27.2485365782571
2.359,26.0841518805311,0.417825490775643,25.2649390427207,26.9033647183415,"20",27.2485365782571
2.442,24.9590641489024,0.41933963464927,24.1368825929861,25.7812457048187,"2",27.3315365782571
2.442,27.5403923380613,0.418863140181338,26.7191450247748,28.3616396513479,"10",27.3315365782571
2.442,26.1553371611612,0.418486785593915,25.3348277504594,26.9758465718631,"20",27.3315365782571
2.446,24.9627178478591,0.419374730780458,24.1404674804369,25.7849682152813,"2",27.3355365782571
2.446,27.5437307076316,0.418894237863367,26.7224224224299,28.3650389928332,"10",27.3355365782571
2.446,26.1587677770952,0.418519226859091,25.3381947601714,26.9793407940191,"20",27.3355365782571
2.484,24.9974279879483,0.419710919919256,24.1745184686445,25.8203375072522,"2",27.3735365782571
2.484,27.5754452185489,0.419191933319237,26.7535532544081,28.3973371826897,"10",27.3735365782571
2.484,26.1913586284681,0.418830034199561,25.3701762246853,27.0125410322508,"20",27.3735365782571
2.576,25.0814630639538,0.420545594172472,24.2569170340044,25.9060090939031,"2",27.4655365782571
2.576,27.6522277186645,0.419929618736905,26.8288894058022,28.4755660315269,"10",27.4655365782571
2.576,26.2702627949497,0.419602062009295,25.447566708764,27.0929588811353,"20",27.4655365782571
2.586,25.0905973113457,0.420638083329677,24.2658699418021,25.9153246808892,"2",27.4755365782571
2.586,27.6605736425901,0.420011243568292,26.8370752913595,28.4840719938207,"10",27.4755365782571
2.586,26.2788393347846,0.419687640463392,25.4559754585292,27.10170321104,"20",27.4755365782571
2.591,25.0951644350416,0.420684457289137,24.2703461420294,25.9199827280539,"2",27.4805365782571
2.591,27.6647466045529,0.420052161767728,26.8411680267325,28.4883251823734,"10",27.4805365782571
2.591,26.2831276047021,0.41973055166038,25.4601795942705,27.1060756151337,"20",27.4805365782571
2.598,25.101558408216,0.420749525668686,24.2766125383731,25.9265042780588,"2",27.4875365782571
2.598,27.6705887513008,0.42010956567397,26.8468976240597,28.494279878542,"10",27.4875365782571
2.598,26.2891311825866,0.419790763881072,25.4660651165904,27.1121972485827,"20",27.4875365782571
2.632,25.1326148493484,0.421067973229227,24.307044612789,25.9581850859078,"2",27.5215365782571
2.632,27.6989648926479,0.420390348203988,26.8747232469289,28.523206538367,"10",27.5215365782571
2.632,26.3182914180254,0.420085487093785,25.4946475006421,27.1419353354087,"20",27.5215365782571
2.634,25.1344416988268,0.421086829339107,24.3088344918871,25.9600489057664,"2",27.5235365782571
2.634,27.700634077433,0.420406966155343,26.8763598495968,28.5249083052693,"10",27.5235365782571
2.634,26.3200067259924,0.420102940577612,25.4963285882986,27.1436848636862,"20",27.5235365782571
2.667,25.16458471522,0.421399939653572,24.3383636060774,25.9908058243627,"2",27.5565365782571
2.667,27.7281756263876,0.420682785670792,26.903360610847,28.5529906419281,"10",27.5565365782571
2.667,26.3483093074478,0.42039279443249,25.5240628655115,27.172555749384,"20",27.5565365782571
2.681,25.1773726615687,0.421533903648618,24.3508888948645,26.0038564282729,"2",27.5705365782571
2.681,27.7398599198834,0.420800723909098,26.9148136678075,28.5649061719594,"10",27.5705365782571
2.681,26.3603164632167,0.420516827757014,25.5358268343663,27.1848060920671,"20",27.5705365782571
2.699,25.1938143068741,0.421707130195455,24.3669909021771,26.0206377115711,"2",27.5885365782571
2.699,27.7548825829495,0.420953166498348,26.9295374431108,28.5802277227882,"10",27.5885365782571
2.699,26.3757542349196,0.420677230199065,25.5509501117584,27.2005583580808,"20",27.5885365782571
2.7,25.1947277316133,0.421716786429412,24.3678853943452,26.0215700688814,"2",27.5895365782571
2.7,27.7557171753421,0.420961662156674,26.930355378424,28.5810789722601,"10",27.5895365782571
2.7,26.3766118889031,0.420686172135291,25.5517902336643,27.201433544142,"20",27.5895365782571
2.73,25.222130473789,0.42200806425673,24.3947170403557,26.0495439072223,"2",27.6195365782571
2.73,27.7807549471189,0.421217833869701,26.954890885115,28.6066190091228,"10",27.6195365782571
2.73,26.402341508408,0.420955930824417,25.5769909486717,27.2276920681443,"20",27.6195365782571
2.734,25.2257841727457,0.422047133747389,24.398294137408,26.0532742080835,"2",27.6235365782571
2.734,27.7840933166891,0.42125218035762,26.9581619129733,28.610024720405,"10",27.6235365782571
2.734,26.405772124342,0.420992117928466,25.5803506140752,27.2311936346088,"20",27.6235365782571
2.804,25.289723904489,0.422739681981912,24.4608760190032,26.1185717899749,"2",27.6935365782571
2.804,27.8425147841684,0.421860475155407,27.0153907224685,28.6696388458683,"10",27.6935365782571
2.804,26.4658079031867,0.421633725489512,25.6391284200043,27.2924873863691,"20",27.6935365782571
2.853,25.3344817167093,0.423234379183244,24.5046638992612,26.1642995341574,"2",27.7425365782571
2.853,27.8834098114039,0.422294400888871,27.0554349697986,28.7113846530092,"10",27.7425365782571
2.853,26.507832948378,0.422092206153963,25.6802545414714,27.3354113552845,"20",27.7425365782571
2.871,25.3509233620147,0.423418148369906,24.5207452360641,26.1811014879654,"2",27.7605365782571
2.871,27.89843247447,0.422455476670286,27.0701418183658,28.7267231305742,"10",27.7605365782571
2.871,26.5232707200809,0.422262556705052,25.6953583140253,27.3511831261365,"20",27.7605365782571
2.872,25.3518367867539,0.42342838991393,24.5216385806394,26.1820349928685,"2",27.7615365782571
2.872,27.8992670668626,0.422464451667831,27.0709588138588,28.7275753198664,"10",27.7615365782571
2.872,26.5241283740644,0.422272050970274,25.6961973530029,27.3520593951258,"20",27.7615365782571
2.874,25.3536636362323,0.42344888314781,24.5234252498974,26.1839020225672,"2",27.7635365782571
2.874,27.9009362516477,0.422482409978064,27.0725927885416,28.7292797147538,"10",27.7635365782571
2.874,26.5258436820314,0.42229104907906,25.6978754121784,27.3538119518844,"20",27.7635365782571
2.905,25.3819798031472,0.42376825671126,24.5511152345208,26.2128443717735,"2",27.7945365782571
2.905,27.9268086158171,0.42276218049229,27.0979166184498,28.7557006131844,"10",27.7945365782571
2.905,26.5524309555197,0.422587151620908,25.723882129887,27.3809797811525,"20",27.7945365782571
2.934,25.4084691205837,0.424069960956518,24.5770130131537,26.2399252280137,"2",27.8235365782571
2.934,27.9510117952014,0.423026307747987,27.1216019346508,28.7804216557519,"10",27.8235365782571
2.934,26.5773029210411,0.422866922467416,25.7482055604957,27.4064002815865,"20",27.8235365782571
2.989,25.4587074812391,0.424649930728241,24.6261142515104,26.2913007109678,"2",27.8785365782571
2.989,27.9969143767922,0.423533612465134,27.1665098652543,28.8273188883302,"10",27.8785365782571
2.989,26.6244738901334,0.42340486235374,25.7943218135149,27.4546259667518,"20",27.8785365782571
3.011,25.4788028255013,0.424884760901394,24.6457491741449,26.3118564768577,"2",27.9005365782571
3.011,28.0152754094286,0.423738865991289,27.1844684659487,28.8460823529084,"10",27.9005365782571
3.011,26.6433422777703,0.423622723060523,25.812763050842,27.4739215046986,"20",27.9005365782571
3.032,25.4979847450243,0.42511042834896,24.6644886370103,26.3314808530383,"2",27.9215365782571
3.032,28.0328018496723,0.423936030036481,27.2016083349551,28.8639953643896,"10",27.9215365782571
3.032,26.6613530114237,0.42383210886816,25.8303632505632,27.4923427722841,"20",27.9215365782571
3.095,25.5555305035932,0.425796264270832,24.7206897059798,26.3903713012067,"2",27.9845365782571
3.095,28.0853811704037,0.42453477337639,27.2530137248435,28.9177486159639,"10",27.9845365782571
3.095,26.7153852123839,0.424468613312944,25.8831474840729,27.5476229406949,"20",27.9845365782571
3.138,25.5948077673784,0.426271958147269,24.7590342968212,26.4305812379356,"2",28.0275365782571
3.138,28.1212686432838,0.424949667161163,27.2880877329582,28.9544495536094,"10",28.0275365782571
3.138,26.7522643336742,0.424910220398228,25.9191607649549,27.5853679023935,"20",28.0275365782571
3.202,25.6532669506865,0.426991311219014,24.8160830748661,26.4904508265069,"2",28.0915365782571
3.202,28.1746825564077,0.425576503999864,27.3402726334996,29.0090924793158,"10",28.0915365782571
3.202,26.807154188618,0.425578220492721,25.9727409002546,27.6415674769813,"20",28.0915365782571
3.211,25.6614877733392,0.42709355523863,24.8241034319769,26.4988721147016,"2",28.1005365782571
3.211,28.1821938879408,0.425665544762649,27.3476093865601,29.0167783893214,"10",28.1005365782571
3.211,26.8148730744694,0.425673183993517,25.9802735951706,27.6494725537682,"20",28.1005365782571
3.283,25.7272543545609,0.42792110147791,24.8882474781496,26.5662612309721,"2",28.1725365782571
3.283,28.2422845402052,0.426385760754818,27.4062879416696,29.0782811387407,"10",28.1725365782571
3.283,26.8766241612811,0.426441966701433,26.0405173621138,27.7127309604484,"20",28.1725365782571
3.301,25.7436959998663,0.428130645973007,24.9042782783911,26.5831137213415,"2",28.1905365782571
3.301,28.2573072032713,0.42656800129786,27.4209532933803,29.0936611131622,"10",28.1905365782571
3.301,26.892061932984,0.426636676879092,26.0555733737741,27.728550492194,"20",28.1905365782571
3.33,25.7701853173028,0.428470474504132,24.9301013083427,26.6102693262628,"2",28.2195365782571
3.33,28.2815103826555,0.426863445551296,27.4445772076632,29.1184435576479,"10",28.2195365782571
3.33,26.9169338985054,0.426952485846303,26.0798261459577,27.7540416510531,"20",28.2195365782571
3.348,25.7866269626082,0.42868278365833,24.9461266880336,26.6271272371828,"2",28.2375365782571
3.348,28.2965330457216,0.427047961626182,27.4592380978344,29.1338279936088,"10",28.2375365782571
3.348,26.9323716702083,0.427149812217063,26.0948770281583,27.7698663122583,"20",28.2375365782571
3.359,25.7966746347393,0.42881304808121,24.9559189561985,26.6374303132801,"2",28.2485365782571
3.359,28.3057135620398,0.427161149536628,27.4681966913849,29.1432304326947,"10",28.2485365782571
3.359,26.9418058640268,0.427270892655341,26.1040738246622,27.7795379033913,"20",28.2485365782571
3.442,25.872488888092,0.429808629466403,25.0297812150706,26.7151965611135,"2",28.3315365782571
3.442,28.3749847306224,0.428025645472631,27.5357728792048,29.2141965820399,"10",28.3315365782571
3.442,27.0129911446569,0.428196500428036,26.173444305126,27.8525379841878,"20",28.3315365782571
3.446,25.8761425870488,0.429857173195488,25.0333397363828,26.7189454377148,"2",28.3355365782571
3.446,28.3783231001926,0.428067772558474,27.5390286519726,29.2176175484126,"10",28.3355365782571
3.446,27.0164217605909,0.4282416419505,26.1767864139786,27.8560571072032,"20",28.3355365782571
3.484,25.910852727138,0.430320915709417,25.0671406360613,26.7545648182147,"2",28.3735365782571
3.484,28.4100376111099,0.42847010423983,27.5699543281115,29.2501208941084,"10",28.3735365782571
3.484,27.0490126119637,0.428672927043338,26.2085316628389,27.8894935610886,"20",28.3735365782571
3.576,25.9948878031435,0.431462899131896,25.1489366732792,26.8408389330077,"2",28.4655365782571
3.576,28.4868201112255,0.4294600369673,27.6447959088318,29.3288443136193,"10",28.4655365782571
3.576,27.1279167784453,0.429735315270275,26.2853528494797,27.970480707411,"20",28.4655365782571
3.586,26.0040220505354,0.431588661902469,25.1578243429049,26.8502197581658,"2",28.4755365782571
3.586,28.4951660351512,0.429568986781042,27.6529282194474,29.3374038508549,"10",28.4755365782571
3.586,27.1364933182803,0.429852340664578,26.2936999425541,27.9792866940065,"20",28.4755365782571
3.591,26.0085891742313,0.431651663072427,25.162267942861,26.8549104056016,"2",28.4805365782571
3.591,28.499338997114,0.429623560569585,27.656994180882,29.3416838133459,"10",28.4805365782571
3.591,27.1407815881978,0.429910966885892,26.2978732665092,27.9836899098864,"20",28.4805365782571
3.598,26.0149831474056,0.431739998783081,25.1684887199288,26.8614775748824,"2",28.4875365782571
3.598,28.5051811438619,0.42970007455914,27.662686309874,29.3476759778498,"10",28.4875365782571
3.598,27.1467851660822,0.429993170666532,26.303715670904,27.9898546612605,"20",28.4875365782571
3.632,26.0460395885381,0.432171279923618,25.1986995662978,26.8933796107783,"2",28.5215365782571
3.632,28.533557285209,0.430073548639543,27.6903301963252,29.3767843740928,"10",28.5215365782571
3.632,27.1759454015211,0.430394552290983,26.332088934301,28.0198018687412,"20",28.5215365782571
3.634,26.0478664380165,0.432196764022506,25.2004764501771,26.8952564258558,"2",28.5235365782571
3.634,28.5352264699941,0.430095612361314,27.6919561217005,29.3784968182877,"10",28.5235365782571
3.634,27.1776607094881,0.43041827162739,26.3337577367643,28.0215636822118,"20",28.5235365782571
3.667,26.0780094544097,0.43261908661402,25.2297914364566,26.9262274723629,"2",28.5565365782571
3.667,28.5627680189486,0.430461179561111,27.7187809184468,29.4067551194504,"10",28.5565365782571
3.667,27.2059632909434,0.430811380336604,26.3612895665342,28.0506370153527,"20",28.5565365782571
3.681,26.0907974007584,0.432799297629356,25.2422260506593,26.9393687508574,"2",28.5705365782571
3.681,28.5744523124444,0.430617131128166,27.730159444275,29.4187451806139,"10",28.5705365782571
3.681,27.2179704467124,0.430979143463266,26.3729677962082,28.0629730972166,"20",28.5705365782571
3.699,26.1072390460638,0.433031909512272,25.2582116236452,26.9562664684823,"2",28.5885365782571
3.699,28.5894749755106,0.430818393991244,27.7447874997242,29.4341624512969,"10",28.5885365782571
3.699,27.2334082184153,0.431195703742327,26.3879809672951,28.0788354695355,"20",28.5885365782571
3.7,26.108152470803,0.433044862448587,25.2590996521079,26.9572052894981,"2",28.5895365782571
3.7,28.5903095679031,0.430829600101949,27.7456001207675,29.4350190150387,"10",28.5895365782571
3.7,27.2342658723988,0.431207763370091,26.3888149764745,28.0797167683231,"20",28.5895365782571
3.734,26.1392089119354,0.433487141624536,25.2892889350922,26.9891288887787,"2",28.6235365782571
3.734,28.6186857092502,0.431212161522984,27.7732261900528,29.4641452284476,"10",28.6235365782571
3.734,27.2634261078377,0.431619573140072,26.4171677938459,28.1096844218295,"20",28.6235365782571
3.804,26.2031486436787,0.434409177244363,25.3514208704387,27.0548764169187,"2",28.6935365782571
3.804,28.6771071767295,0.432009266606347,27.8300848071752,29.5241295462838,"10",28.6935365782571
3.804,27.3234618866824,0.432478288834904,26.4755199250033,28.1714038483615,"20",28.6935365782571
3.853,26.247906455899,0.435063739314546,25.3948953103831,27.1009176014149,"2",28.7425365782571
3.853,28.718002203965,0.432574801577475,27.8698710138173,29.5661333941126,"10",28.7425365782571
3.853,27.3654869318736,0.433088060142388,26.5163494172801,28.2146244464672,"20",28.7425365782571
3.871,26.2643481012044,0.435306072560061,25.4108618231029,27.1178343793059,"2",28.7605365782571
3.871,28.733024867031,0.432784107314487,27.8844832999424,29.5815664341197,"10",28.7605365782571
3.871,27.3809247035766,0.433313843976209,26.5313445041318,28.2305049030213,"20",28.7605365782571
3.872,26.2652615259436,0.435319565104047,25.4117487935795,27.1187742583077,"2",28.7615365782571
3.872,28.7338594594236,0.43279575991496,27.8852950455721,29.5824238732751,"10",28.7615365782571
3.872,27.3817823575601,0.433326415608261,26.5321775094459,28.2313872056742,"20",28.7615365782571
3.874,26.267088375422,0.435346559528861,25.4135227162264,27.1206540346176,"2",28.7635365782571
3.874,28.7355286442087,0.432819072849631,27.8869185216683,29.5841387667491,"10",28.7635365782571
3.874,27.3834976655271,0.433351567736143,26.5338435026954,28.2331518283587,"20",28.7635365782571
3.905,26.2954045423369,0.435766563365553,25.4410153993124,27.1497936853613,"2",28.7945365782571
3.905,28.7614010083781,0.433181740728822,27.9120798182053,29.6107221985509,"10",28.7945365782571
3.905,27.4100849390154,0.433742935500226,26.5596634378961,28.2605064401348,"20",28.7945365782571
3.934,26.3218938597734,0.436162169790787,25.4667290678968,27.1770586516499,"2",28.8235365782571
3.934,28.7856041877624,0.433523247650795,27.9356134193545,29.6355949561703,"10",28.8235365782571
3.934,27.4349569045368,0.434111617051107,26.5838125450323,28.2861012640413,"20",28.8235365782571
3.989,26.3721322204288,0.436919599997371,25.5154823670549,27.2287820738027,"2",28.8785365782571
3.989,28.8315067693533,0.43417685418431,27.9802345021499,29.6827790365566,"10",28.8785365782571
3.989,27.4821278736291,0.434817623822317,26.6295992763905,28.3346564708676,"20",28.8785365782571
4.011,26.392227564691,0.437225182131548,25.5349785693,27.2494765600819,"2",28.9005365782571
4.011,28.8498678019896,0.434440461535442,27.998078690958,29.7016569130212,"10",28.9005365782571
4.011,27.500996261266,0.435102505907426,26.6479091077245,28.3540834148074,"20",28.9005365782571
4.032,26.4114094842139,0.437518261156636,25.5535858611252,27.2692331073027,"2",28.9215365782571
4.032,28.8673942422334,0.434693237553193,28.0151095239126,29.7196789605541,"10",28.9215365782571
4.032,27.5190069949194,0.435375756613118,26.6653840902307,28.3726298996081,"20",28.9215365782571
4.095,26.4689552427829,0.438405599135966,25.6093918534994,27.3285186320664,"2",28.9845365782571
4.095,28.9199735629647,0.435458290136549,28.0661888382736,29.7737582876559,"10",28.9845365782571
4.095,27.5730391958796,0.436203207211889,26.7177939436603,28.4282844480989,"20",28.9845365782571
4.138,26.5082325065681,0.439018191365236,25.6474680335076,27.3689969796285,"2",29.0275365782571
4.138,28.9558610358448,0.435986240210692,28.1010411816846,29.8106808900051,"10",29.0275365782571
4.138,27.6099183171699,0.436774580430355,26.7535527975518,28.4662838367881,"20",29.0275365782571
4.202,26.5666916898762,0.439940339107834,25.7041192005847,27.4292641791677,"2",29.0915365782571
4.202,29.0092749489688,0.436780655848019,28.1528975175351,29.8656523804024,"10",29.0915365782571
4.202,27.6648081721136,0.437634869121752,26.8067559207001,28.5228604235272,"20",29.0915365782571
4.211,26.5749125125289,0.440071008465252,25.7120838253331,27.4377411997247,"2",29.1005365782571
4.211,29.0167862805018,0.436893195739131,28.1601881968447,29.8733843641589,"10",29.1005365782571
4.211,27.6725270579651,0.437756791045928,26.8142357593711,28.5308183565591,"20",29.1005365782571
4.283,26.6406790937506,0.441125129906545,25.7757836350523,27.5055745524488,"2",29.1725365782571
4.283,29.0768769327662,0.437800809512546,28.2184993290191,29.9352545365133,"10",29.1725365782571
4.283,27.7342781447768,0.438740506993979,26.8740581157649,28.5944981737886,"20",29.1725365782571
4.301,26.657120739056,0.44139108742837,25.7917038286488,27.5225376494631,"2",29.1905365782571
4.301,29.0918995958323,0.438029733470462,28.2330731505249,29.9507260411397,"10",29.1905365782571
4.301,27.7497159164797,0.438988745659792,26.8890091763735,28.6104226565859,"20",29.1905365782571
4.33,26.6836100564925,0.441821608549596,25.8173490414597,27.5498710715252,"2",29.2195365782571
4.33,29.1161027752166,0.438400249522532,28.2565498746948,29.9756556757384,"10",29.2195365782571
4.33,27.7745878820011,0.439390621757271,26.9130932003606,28.6360825636416,"20",29.2195365782571
4.348,26.7000517017979,0.44209008828467,25.8332642898589,27.5668391137368,"2",29.2375365782571
4.348,29.1311254382827,0.438631274534942,28.2711195767516,29.9911312998138,"10",29.2375365782571
4.348,27.790025653704,0.439641261302156,26.9280395536667,28.6520117537413,"20",29.2375365782571
4.359,26.710099373929,0.442254633309674,25.8429893454914,27.5772094023666,"2",29.2485365782571
4.359,29.1403059546008,0.438772851561588,28.2800225089579,30.0005894002438,"10",29.2485365782571
4.359,27.7994598475225,0.439794881267139,26.9371725512914,28.6617471437535,"20",29.2485365782571
4.442,26.7859136272817,0.443507751169464,25.9163466634472,27.6554805911162,"2",29.3315365782571
4.442,29.2095771231834,0.439850745423455,28.3471802964545,30.0719739499123,"10",29.3315365782571
4.442,27.8706451281526,0.44096501352217,27.0060636029039,28.7352266534013,"20",29.3315365782571
4.446,26.7895673262385,0.443568655887286,25.9198809490895,27.6592537033875,"2",29.3355365782571
4.446,29.2129154927536,0.439903120446798,28.3504159765229,30.0754150089844,"10",29.3355365782571
4.446,27.8740757440866,0.441021894535736,27.0093826946308,28.7387687935423,"20",29.3355365782571
4.484,26.8242774663277,0.444149595634307,25.9534520650903,27.6951028675651,"2",29.3735365782571
4.484,29.244630003671,0.44040264029894,28.3811510999096,30.1081089074323,"10",29.3735365782571
4.484,27.9066665954594,0.44156449825807,27.0409096857438,28.772423505175,"20",29.3735365782571
4.576,26.9083125423331,0.445573572470728,26.0346952097012,27.7819298749651,"2",29.4655365782571
4.576,29.3214125037866,0.441626611629101,28.4555338110011,30.1872911965721,"10",29.4655365782571
4.576,27.985570761941,0.442894839491422,27.1172055082132,28.8539360156689,"20",29.4655365782571
4.586,26.917446789725,0.445729837037937,26.0435230757392,27.7913705037109,"2",29.4755365782571
4.586,29.3297584277122,0.441760892533522,28.4636164560143,30.1959003994101,"10",29.4755365782571
4.586,27.994147301776,0.44304085692135,27.1254957578246,28.8627988457273,"20",29.4755365782571
4.591,26.922013913421,0.445808078066484,26.0479367955465,27.7960910312954,"2",29.4805365782571
4.591,29.333931389675,0.441828123906626,28.4676576002562,30.2002051790938,"10",29.4805365782571
4.591,27.9984355716935,0.443113969324031,27.1296406793342,28.8672304640527,"20",29.4805365782571
4.598,26.9284078865953,0.445917737206773,26.0541157646642,27.8027000085264,"2",29.4875365782571
4.598,29.3397735364229,0.441922349592216,28.4733150026719,30.206232070174,"10",29.4875365782571
4.598,28.0044391495779,0.443216442733752,27.1354433419212,28.8734349572347,"20",29.4875365782571
4.632,26.9594643277278,0.446452383698273,26.0841239469441,27.8348047085114,"2",29.5215365782571
4.632,29.36814967777,0.442381703626362,28.5007905079156,30.2355088476244,"10",29.5215365782571
4.632,28.0335993850168,0.443716093607601,27.1636239329408,28.9035748370928,"20",29.5215365782571
4.634,26.9612911772061,0.446483937480166,26.0858889302516,27.8366934241607,"2",29.5235365782571
4.634,29.3698188625551,0.442408811440936,28.5024065435507,30.2372311815595,"10",29.5235365782571
4.634,28.0353146929838,0.443745584010886,27.1652814203164,28.9053479656512,"20",29.5235365782571
4.667,26.9914341935994,0.447006238964365,26.115007892128,27.8678604950707,"2",29.5565365782571
4.667,29.3973604115096,0.442857482883786,28.5290684013086,30.2656524217106,"10",29.5565365782571
4.667,28.0636172744391,0.444233762960453,27.1926268498711,28.9346076990072,"20",29.5565365782571
4.681,27.004222139948,0.447228767790365,26.1273595355821,27.881084744314,"2",29.5705365782571
4.681,29.4090447050055,0.443048620455248,28.5403779394203,30.2777114705907,"10",29.5705365782571
4.681,28.0756244302081,0.444441771983169,27.2042261711121,28.947022689304,"20",29.5705365782571
4.699,27.0206637852535,0.447515702810087,26.1432385994822,27.8980889710247,"2",29.5885365782571
4.699,29.4240673680716,0.443295060772188,28.5549174173389,30.2932173188043,"10",29.5885365782571
4.699,28.091062201911,0.444710000734663,27.2191380380018,28.9629863658202,"20",29.5885365782571
4.7,27.0215772099926,0.44753167087647,26.1441207163064,27.8990337036789,"2",29.5895365782571
4.7,29.4249019604642,0.4433087747044,28.5557251214023,30.294078799526,"10",29.5895365782571
4.7,28.0919198558945,0.444724928315391,27.2199664241066,28.9638732876824,"20",29.5895365782571
4.73,27.0489799521683,0.44801204347127,26.1705816121723,27.9273782921643,"2",29.6195365782571
4.73,29.449939732241,0.443721307150499,28.579954058191,30.3199254062909,"10",29.6195365782571
4.73,28.1176494753994,0.44517402546658,27.2448155177465,28.9904834330522,"20",29.6195365782571
4.734,27.0526336511251,0.448076287490019,26.174109350588,27.9311579516622,"2",29.6235365782571
4.734,29.4532781018112,0.443776474277551,28.5831842638993,30.3233719397231,"10",29.6235365782571
4.734,28.1210800913333,0.445234090549052,27.2481283666037,28.994031816063,"20",29.6235365782571
4.804,27.1165733828684,0.449207932291589,26.2358303140422,27.9973164516945,"2",29.6935365782571
4.804,29.5116995692905,0.444748079767386,28.639700745426,30.383698393155,"10",29.6935365782571
4.804,28.181115870178,0.446292268661097,27.3060894202025,29.0561423201536,"20",29.6935365782571
4.853,27.1613311950887,0.45000834816444,26.2790187845802,28.0436436055972,"2",29.7425365782571
4.853,29.552594596526,0.445435134430489,28.6792486935275,30.4259404995245,"10",29.7425365782571
4.853,28.2231409153693,0.447040884136534,27.3466466865684,29.0996351441702,"20",29.7425365782571
4.871,27.1777728403941,0.45030407932189,26.2948806022636,28.0606650785246,"2",29.7605365782571
4.871,29.5676172595921,0.445688949163977,28.6937737127382,30.441460806446,"10",29.7605365782571
4.871,28.2385786870722,0.4473175101396,27.3615420893207,29.1156152848238,"20",29.7605365782571
4.872,27.1786862651333,0.450320535560232,26.2957617619495,28.061610768317,"2",29.7615365782571
4.872,29.5684518519847,0.445703072420808,28.6945806142561,30.4423230897132,"10",29.7615365782571
4.872,28.2394363410557,0.447332903782927,27.3623695616362,29.1165031204753,"20",29.7615365782571
4.874,27.1805131146117,0.450353456471368,26.2975240647843,28.063502164439,"2",29.7635365782571
4.874,29.5701210367698,0.445731326015538,28.6961944034082,30.4440476701313,"10",29.7635365782571
4.874,28.2411516490227,0.44736369912651,27.3640244904704,29.1182788075751,"20",29.7635365782571
4.905,27.2088292815265,0.45086516688069,26.3248369426567,28.0928216203964,"2",29.7945365782571
4.905,29.5959934009392,0.44617046275468,28.721205770673,30.4707810312054,"10",29.7945365782571
4.905,28.2677389225111,0.447842399050531,27.3896731971841,29.145804647838,"20",29.7945365782571
4.934,27.235318598963,0.451346301120499,26.3503829204582,28.1202542774679,"2",29.8235365782571
4.934,29.6201965803234,0.446583315349001,28.744599487368,30.4957936732789,"10",29.8235365782571
4.934,28.2926108880325,0.448292543893036,27.4136625826763,29.1715591933886,"20",29.8235365782571
4.989,27.2855569596185,0.452265241494224,26.3988195534356,28.1722943658014,"2",29.8785365782571
4.989,29.6660991619143,0.447371727558431,28.7889562623537,30.5432420614749,"10",29.8785365782571
4.989,28.3397818571247,0.449152425595012,27.4591476179402,29.2204160963093,"20",29.8785365782571
5.011,27.3056523038806,0.452635171348073,26.4181895918175,28.1931150159438,"2",29.9005365782571
5.011,29.6844601945506,0.447689071537699,28.8066950920188,30.5622252970825,"10",29.9005365782571
5.011,28.3586502447616,0.44949862815178,27.4773372208087,29.2399632687146,"20",29.9005365782571
5.032,27.3248342234036,0.452989536311403,26.4366767228854,28.2129917239218,"2",29.9215365782571
5.032,29.7019866347944,0.447993042438692,28.8236255493225,30.5803477202663,"10",29.9215365782571
5.032,28.3766609784151,0.449830289436982,27.4946976801523,29.2586242766778,"20",29.9215365782571
5.095,27.3823799819726,0.454059928476559,26.4921238086291,28.272636155316,"2",29.9845365782571
5.095,29.7545659555258,0.448911097188703,28.8744048787809,30.6347270322706,"10",29.9845365782571
5.095,28.4306931793753,0.450832251714275,27.5467653758856,29.3146209828649,"20",29.9845365782571
5.138,27.4216572457577,0.454796768902443,26.5299563804325,28.3133581110829,"2",30.0275365782571
5.138,29.7904534284059,0.449542974334314,28.909053456761,30.6718534000507,"10",30.0275365782571
5.138,28.4675723006656,0.451522114332238,27.5822919126031,29.3528526887281,"20",30.0275365782571
5.202,27.4801164290659,0.455902799618188,26.5862470159106,28.3739858422211,"2",30.0915365782571
5.202,29.8438673415298,0.450491313986096,28.9606080002809,30.7271266827787,"10",30.0915365782571
5.202,28.5224621556093,0.452557822266256,27.6351510986324,29.4097732125862,"20",30.0915365782571
5.283,27.5541038329402,0.45731852136959,26.6574586737879,28.4507489920926,"2",30.1725365782571
5.283,29.9114693253272,0.451704973110581,29.0258304137614,30.797108236893,"10",30.1725365782571
5.283,28.5919321282725,0.453883862788911,27.7020211595056,29.4818430970394,"20",30.1725365782571
5.301,27.5705454782456,0.457635523871058,26.6732787856432,28.4678121708481,"2",30.1905365782571
5.301,29.9264919883933,0.451976699802956,29.040320313749,30.8126636630377,"10",30.1905365782571
5.301,28.6073698999754,0.45418083456172,27.7168766711642,29.4978631287865,"20",30.1905365782571
5.33,27.5970347956821,0.458148075024343,26.698763165626,28.4953064257383,"2",30.2195365782571
5.33,29.9506951677776,0.452416023702219,29.0636621292716,30.8377282062836,"10",30.2195365782571
5.33,28.6322418654968,0.454661037164882,27.7408071236713,29.5236766073222,"20",30.2195365782571
5.348,27.6134764409876,0.458467340081759,26.7145788413831,28.512374040592,"2",30.2375365782571
5.348,29.9657178308437,0.452689662527026,29.0781482802216,30.8532873814658,"10",30.2375365782571
5.348,28.6476796371997,0.45496017640155,27.7556583856749,29.5397008887244,"20",30.2375365782571
5.359,27.6235241131186,0.45866287158506,26.724243143133,28.5228050831043,"2",30.2485365782571
5.359,29.9748983471619,0.452857245662623,29.0870002233457,30.8627964709781,"10",30.2485365782571
5.359,28.6571138310181,0.455143391006354,27.7647333583361,29.5494943037002,"20",30.2485365782571
5.442,27.6993383664714,0.460148597019056,26.7971443972172,28.6015323357256,"2",30.3315365782571
5.442,30.0441695157444,0.45413049380601,29.1537749879323,30.9345640435566,"10",30.3315365782571
5.442,28.7282991116483,0.456535749128257,27.8331887010532,29.6234095222433,"20",30.3315365782571
5.446,27.7029920654281,0.460220658197016,26.8006568088581,28.6053273219982,"2",30.3355365782571
5.446,30.0475078853147,0.454192244475951,29.1569922855654,30.938023485064,"10",30.3355365782571
5.446,28.7317297275823,0.456603291631827,27.8364868892459,29.6269725659187,"20",30.3355365782571
5.484,27.7377022055174,0.460907338534383,26.834020603738,28.6413838072967,"2",30.3735365782571
5.484,30.079222396232,0.454780653749561,29.1875531272082,30.9708916652559,"10",30.3735365782571
5.484,28.7643205789551,0.457246958189554,27.8678157307151,29.6608254271951,"20",30.3735365782571
5.576,27.8217372815228,0.46258547561392,26.9147654270673,28.7287091359783,"2",30.4655365782571
5.576,30.1560048963476,0.456218485962223,29.2615165302767,31.0504932624185,"10",30.4655365782571
5.576,28.8432247454367,0.458820317134632,27.9436350785948,29.7428144122786,"20",30.4655365782571
5.586,27.8308715289147,0.462769208976323,26.9235394361958,28.7382036216336,"2",30.4755365782571
5.586,30.1643508202732,0.456375897728563,29.2695538235834,31.059147816963,"10",30.4755365782571
5.586,28.8518012852717,0.458992607716172,27.9518738155447,29.7517287549987,"20",30.4755365782571
5.591,27.8354386526107,0.462861172829474,26.9279262502391,28.7429510549822,"2",30.4805365782571
5.591,30.168523782236,0.456454686076093,29.2735723085524,31.0634752559197,"10",30.4805365782571
5.591,28.8560895551891,0.459078846257519,27.9559930011871,29.7561861091911,"20",30.4805365782571
5.598,27.841832625785,0.462990030961364,26.9340675767027,28.7495976748673,"2",30.4875365782571
5.598,30.174365928984,0.456565082052597,29.2791980065599,31.069533851408,"10",30.4875365782571
5.598,28.8620931330736,0.459199684569758,27.9617596564834,29.7624266096638,"20",30.4875365782571
5.632,27.8728890669174,0.463617714541329,26.9638933450827,28.7818847887522,"2",30.5215365782571
5.632,30.202742070331,0.457102820222027,29.3065198273318,31.0989643133303,"10",30.5215365782571
5.632,28.8912533685125,0.459788342306244,27.989765735497,29.7927410015279,"20",30.5215365782571
5.634,27.8747159163958,0.463654729978746,26.9656476199523,28.7837842128394,"2",30.5235365782571
5.634,30.2044112551162,0.457134530741581,29.3081268386371,31.1006956715953,"10",30.5235365782571
5.634,28.8929686764795,0.459823058379325,27.991412977122,29.7945243758369,"20",30.5235365782571
5.667,27.9048589327891,0.46426697045018,26.9945902422453,28.8151276233328,"2",30.5565365782571
5.667,30.2319528040707,0.4576590163766,29.3346400507023,31.1292655574391,"10",30.5565365782571
5.667,28.9212712579348,0.460397299937975,28.0185896673447,29.8239528485249,"20",30.5565365782571
5.681,27.9176468791377,0.46452755360443,27.0068672741812,28.8284264840943,"2",30.5705365782571
5.681,30.2436370975665,0.457882243203599,29.3458866727624,31.1413875223706,"10",30.5705365782571
5.681,28.9332784137037,0.460641728653027,28.0301175820293,29.8364392453782,"20",30.5705365782571
5.699,27.9340885244431,0.464863326661688,27.0226505833985,28.8455264654877,"2",30.5885365782571
5.699,30.2586597606326,0.458169876024664,29.3603453862735,31.1569741349917,"10",30.5885365782571
5.699,28.9487161854067,0.460956702403499,28.0449377979687,29.8524945728447,"20",30.5885365782571
5.7,27.9350019491823,0.464882005017894,27.0235273862716,28.8464765120931,"2",30.5895365782571
5.7,30.2594943530252,0.45818587628106,29.3611486076374,31.157840098413,"10",30.5895365782571
5.7,28.9495738393902,0.460974224278672,28.0457610975497,29.8533865812307,"20",30.5895365782571
5.73,27.962404691358,0.465443542661732,27.0498291452452,28.8749802374709,"2",30.6195365782571
5.73,30.284532124802,0.458666893262967,29.3852432696819,31.1838209799222,"10",30.6195365782571
5.73,28.975303458895,0.461501020520653,28.0704578498555,29.8801490679346,"20",30.6195365782571
5.734,27.9660583903148,0.465518587679879,27.0533357065963,28.8787810740332,"2",30.6235365782571
5.734,30.2878704943723,0.45873117627508,29.3884556022584,31.1872853864862,"10",30.6235365782571
5.734,28.978734074829,0.46157142650533,28.0737504237414,29.8837177259167,"20",30.6235365782571
5.804,28.029998122058,0.466838449788412,27.1146876403059,28.9453086038102,"2",30.6935365782571
5.804,30.3462919618515,0.459861723311927,29.4446604537896,31.2479234699134,"10",30.6935365782571
5.804,29.0387698536737,0.462809847269342,28.1313580831657,29.9461816241818,"20",30.6935365782571
5.853,28.0747559342783,0.467769717036731,27.1576195560644,28.9918923124923,"2",30.7425365782571
5.853,30.387186989087,0.460659376435604,29.4839915561487,31.2903824220254,"10",30.7425365782571
5.853,29.080794898865,0.463683818189671,28.1716695703917,29.9899202273383,"20",30.7425365782571
5.871,28.0911975795838,0.468113329769413,27.1733874943604,29.0090076648071,"2",30.7605365782571
5.871,30.4022096521531,0.460953682442606,29.4984371858252,31.305982118481,"10",30.7605365782571
5.871,29.0962326705679,0.464006324615563,28.1864750173318,30.0059903238041,"20",30.7605365782571
5.872,28.0921110043229,0.468132443160837,27.1742634442782,29.0099585643677,"2",30.7615365782571
5.872,30.4030442445457,0.460970053059788,29.4992396810384,31.306848808053,"10",30.7615365782571
5.872,29.0970903245514,0.464024264515906,28.1872974973084,30.0068831517944,"20",30.7615365782571
5.874,28.0939378538013,0.468170677451508,27.1760153293936,29.011860378209,"2",30.7635365782571
5.874,30.4047134293308,0.461002800694682,29.5008446589153,31.3085821997463,"10",30.7635365782571
5.874,29.0988056325184,0.464060151534945,28.188942443109,30.0086688219278,"20",30.7635365782571
5.905,28.1222540207162,0.468764587264101,27.2031670423589,29.0413409990735,"2",30.7945365782571
5.905,30.4305857935002,0.461511479008065,29.525719678945,31.3354519080554,"10",30.7945365782571
5.905,29.1253929060068,0.464617629441692,28.2144366931508,30.0363491188628,"20",30.7945365782571
5.934,28.1487433381527,0.469322349053726,27.2285627797516,29.0689238965538,"2",30.8235365782571
5.934,30.4547889728845,0.46198918919184,29.5489862320967,31.3605917136722,"10",30.8235365782571
5.934,29.1502648715282,0.465141226587317,28.2382820638066,30.0622476792497,"20",30.8235365782571
5.989,28.1989816988081,0.47038590441615,27.2767158722129,29.1212475254034,"2",30.8785365782571
5.989,30.5006915544753,0.462900082755946,29.5931028630501,31.4082802459006,"10",30.8785365782571
5.989,29.1974358406204,0.46613976848042,28.2834952338752,30.1113764473657,"20",30.8785365782571
6.011,28.2190770430703,0.470813418882933,27.2959730068702,29.1421810792705,"2",30.9005365782571
6.011,30.5190525871117,0.463266226933349,29.6107460122226,31.4273591620008,"10",30.9005365782571
6.011,29.2163042282573,0.466541198270252,28.3015765550344,30.1310319014803,"20",30.9005365782571
6.032,28.2382589625933,0.471222611699944,27.3143526392751,29.1621652859115,"2",30.9215365782571
6.032,30.5365790273555,0.463616677288566,29.6275853392185,31.4455727154924,"10",30.9215365782571
6.032,29.2343149619107,0.466925450209317,28.3188339020984,30.149796021723,"20",30.9215365782571
6.095,28.2958047211622,0.472456671611391,27.3694788285636,29.2221306137609,"2",30.9845365782571
6.095,30.5891583480868,0.464673569290636,29.6780924563256,31.500224239848,"10",30.9845365782571
6.095,29.288347162871,0.468084444624353,28.3705937115347,30.2061006142072,"20",30.9845365782571
6.138,28.3350819849474,0.473304519591991,27.4070937525309,29.2630702173639,"2",31.0275365782571
6.138,30.6250458209669,0.465399690568486,29.7125562538059,31.5375353881279,"10",31.0275365782571
6.138,29.3252262841613,0.468880850815745,28.4059113527562,30.2445412155664,"20",31.0275365782571
6.202,28.3935411682555,0.474574717017975,27.4630625132562,29.3240198232549,"2",31.0915365782571
6.202,30.6784597340908,0.466487522575286,29.7638373005418,31.5930821676399,"10",31.0915365782571
6.202,29.380116139105,0.470074178430638,28.4584615005173,30.3017707776927,"20",31.0915365782571
6.211,28.4017619909082,0.474754129465912,27.4709315694804,29.3325924123361,"2",31.1005365782571
6.211,30.6859710656239,0.466641176618748,29.7710473690649,31.6008947621829,"10",31.1005365782571
6.211,29.3878350249565,0.470242752104941,28.4658498710671,30.3098201788458,"20",31.1005365782571
6.283,28.4675285721299,0.476196407323568,27.5338703372662,29.4011868069936,"2",31.1725365782571
6.283,30.7460617178883,0.467876392590433,29.8287161854102,31.6634072503664,"10",31.1725365782571
6.283,29.4495861117682,0.471598066400544,28.5249436502355,30.3742285733008,"20",31.1725365782571
6.301,28.4839702174353,0.476558907128888,27.5496012444745,29.4183391903961,"2",31.1905365782571
6.301,30.7610843809544,0.468186852669908,29.8431301424774,31.6790386194314,"10",31.1905365782571
6.301,29.4650238834711,0.471938755624185,28.53971344693,30.3903343200121,"20",31.1905365782571
6.33,28.5104595348718,0.47714455055389,27.5749423155193,29.4459767542243,"2",31.2195365782571
6.33,30.7852875603386,0.468688425621169,29.8663499089061,31.7042252117712,"10",31.2195365782571
6.33,29.4898958489924,0.47248920183762,28.5635061757496,30.4162855222353,"20",31.2195365782571
6.348,28.5269011801772,0.477509053622382,27.590669295014,29.4631330653405,"2",31.2375365782571
6.348,30.8003102234047,0.469000605762011,29.8807604935215,31.719859953288,"10",31.2375365782571
6.348,29.5053336206954,0.472831822631482,28.5782721852958,30.432395056095,"20",31.2375365782571
6.359,28.5369488523083,0.477732181734742,27.600279489255,29.4736182153617,"2",31.2485365782571
6.359,30.8094907397229,0.469191705722087,29.8895663281985,31.7294151512474,"10",31.2485365782571
6.359,29.5147678145138,0.473041564848639,28.587295146385,30.4422404826427,"20",31.2485365782571
6.442,28.6127631056611,0.479424942965445,27.6727748169745,29.5527513943476,"2",31.3315365782571
6.442,30.8787619083055,0.470641513943497,29.9559949188782,31.8015288977328,"10",31.3315365782571
6.442,29.585953095144,0.4746329995094,28.655360168119,30.516546022169,"20",31.3315365782571
6.446,28.6164168046178,0.479506928609524,27.6762677701328,29.5565658391029,"2",31.3355365782571
6.446,30.8821002778757,0.470711734071915,29.9591956108008,31.8050049449506,"10",31.3355365782571
6.446,29.5893837110779,0.474710087640709,28.6586396406014,30.5201277815545,"20",31.3355365782571
6.484,28.651126944707,0.480287647910272,27.7094471867788,29.5928067026353,"2",31.3735365782571
6.484,30.913814788793,0.47138042232903,29.9895990528226,31.8380305247635,"10",31.3735365782571
6.484,29.6219745624508,0.475444215797183,28.6897911178249,30.5541580070767,"20",31.3735365782571
6.576,28.7351620207125,0.482191636822114,27.7897491919351,29.6805748494898,"2",31.4655365782571
6.576,30.9905972889087,0.47301125975598,30.0631840386983,31.918010539119,"10",31.4655365782571
6.576,29.7008787289324,0.477234926312624,28.765184313637,30.6365731442277,"20",31.4655365782571
6.586,28.7442962681044,0.48239976423593,27.7984753726746,29.6901171635341,"2",31.4755365782571
6.586,30.9989432128343,0.47318953493363,30.0711804259934,31.9267059996751,"10",31.4755365782571
6.586,29.7094552687673,0.477430700609293,28.773377007056,30.6455335304787,"20",31.4755365782571
6.591,28.7488633918003,0.482503913729644,27.8028382948458,29.6948884887548,"2",31.4805365782571
6.591,31.0031161747971,0.473278746506132,30.0751784745843,31.9310538750099,"10",31.4805365782571
6.591,29.7137435386848,0.477528670617662,28.7774731913053,30.6500138860643,"20",31.4805365782571
6.598,28.7552573649747,0.482649819010849,27.8089461976819,29.7015685322674,"2",31.4875365782571
6.598,31.008958321545,0.473403725500654,30.0807755802827,31.9371410628073,"10",31.4875365782571
6.598,29.7197471165693,0.477665921348875,28.7832076674631,30.6562865656755,"20",31.4875365782571
6.632,28.7863138061071,0.483360091619886,27.8386100372319,29.7340175749823,"2",31.5215365782571
6.632,31.0373344628921,0.474012137918549,30.1079588330329,31.9667100927512,"10",31.5215365782571
6.632,29.7489073520081,0.478334103556038,28.8110578261973,30.686756877819,"20",31.5215365782571
6.634,28.7881406555855,0.483401954322836,27.8403548082721,29.7359265028988,"2",31.5235365782571
6.634,31.0390036476772,0.474047997611723,30.1095577092283,31.9684495861261,"10",31.5235365782571
6.634,29.7506226599751,0.478373487575524,28.8126959155764,30.6885494043739,"20",31.5235365782571
6.667,28.8182836719787,0.484093999793959,27.8691409602643,29.7674263836931,"2",31.5565365782571
6.667,31.0665451966317,0.474640814177465,30.1359369477163,31.9971534455472,"10",31.5565365782571
6.667,29.7789252414305,0.479024590533776,28.8397219068909,30.7181285759701,"20",31.5565365782571
6.681,28.8310716183274,0.48438834005759,27.8813518060579,29.7807914305969,"2",31.5705365782571
6.681,31.0782294901276,0.474892955604351,30.1471268781385,32.0093321021166,"10",31.5705365782571
6.681,29.7909323971994,0.479301536174316,28.8511860670094,30.7306787273894,"20",31.5705365782571
6.699,28.8475132636328,0.484767428047656,27.8970501895112,29.7979763377544,"2",31.5885365782571
6.699,31.0932521531937,0.475217699350003,30.1615128298232,32.0249914765642,"10",31.5885365782571
6.699,29.8063701689024,0.479658237850339,28.8659244687631,30.7468158690416,"20",31.5885365782571
6.7,28.848426688372,0.484788509918535,27.8979222799143,29.7989310968297,"2",31.5895365782571
6.7,31.0940867455862,0.475235759181255,30.1623120130654,32.0258614781071,"10",31.5895365782571
6.7,29.8072278228858,0.47967807532054,28.8667432282545,30.7477124175172,"20",31.5895365782571
6.73,28.8758294305477,0.485422012606874,27.9240829400569,29.8275759210385,"2",31.6195365782571
6.73,31.1191245173631,0.475778458549009,30.1862857370545,32.0519632976717,"10",31.6195365782571
6.73,29.8329574423907,0.480274211094859,28.8913040294604,30.774610855321,"20",31.6195365782571
6.734,28.8794831295045,0.485506632444608,27.9275707284626,29.8313955305463,"2",31.6235365782571
6.734,31.1224628869333,0.475850950549474,30.1894819746133,32.0554437992533,"10",31.6235365782571
6.734,29.8363880583247,0.480353843593438,28.8945785133091,30.7781976033403,"20",31.6235365782571
6.804,28.9434228612477,0.486993273645144,27.9885956654325,29.8982500570629,"2",31.6935365782571
6.804,31.1808843544126,0.477124571538365,30.2454063070742,32.116362401751,"10",31.6935365782571
6.804,29.8964238371694,0.481753014834339,28.9518709960454,30.8409766782934,"20",31.6935365782571
6.853,28.988180673468,0.488040409744073,28.0313004020169,29.9450609449191,"2",31.7425365782571
6.853,31.2217793816481,0.478021720530129,30.2845423320762,32.15901643122,"10",31.7425365782571
6.853,29.9384488823607,0.482738709160588,28.9919634318961,30.8849343328253,"20",31.7425365782571
6.871,29.0046223187734,0.488426405683889,28.0469852413442,29.9622593962027,"2",31.7605365782571
6.871,31.2368020447142,0.478352440566076,30.2989165663002,32.1746875231281,"10",31.7605365782571
6.871,29.9538866540636,0.483102091279572,29.0066887355867,30.9010845725405,"20",31.7605365782571
6.872,29.0055357435126,0.488447870851965,28.0478565802326,29.9632149067927,"2",31.7615365782571
6.872,31.2376366371067,0.478370832052033,30.299715099281,32.1755581749324,"10",31.7615365782571
6.872,29.9547443080471,0.483122299445896,29.0075067682698,30.9019818478244,"20",31.7615365782571
6.874,29.007362592991,0.48849080779755,28.0495992450506,29.9651259409314,"2",31.7635365782571
6.874,31.2393058218919,0.478407620751098,30.3013121540137,32.17729948977,"10",31.7635365782571
6.874,29.9564596160141,0.483162722174237,29.0091428210963,30.9037764109319,"20",31.7635365782571
6.905,29.0356787599059,0.48915745567968,28.0766083435472,29.9947491762646,"2",31.7945365782571
6.905,31.2651781860612,0.478978820789932,30.3260645903302,32.2042917817923,"10",31.7945365782571
6.905,29.9830468895025,0.483790363379016,29.0344995049154,30.9315942740895,"20",31.7945365782571
6.934,29.0621680773424,0.489783002680843,28.1018711773313,30.0224649773535,"2",31.8235365782571
6.934,31.2893813654455,0.479514823962488,30.3492168508745,32.2295458800165,"10",31.8235365782571
6.934,30.0079188550238,0.48437935891398,29.0582166517043,30.9576210583434,"20",31.8235365782571
6.989,29.1124064379978,0.490974427124848,28.1497735622711,30.0750393137245,"2",31.8785365782571
6.989,31.3352839470364,0.480535755901601,30.3931177342217,32.277450159851,"10",31.8785365782571
6.989,30.0550898241161,0.485501300729233,29.103187876744,31.0069917714882,"20",31.8785365782571
7.011,29.13250178226,0.49145283707267,28.1689309083028,30.0960726562172,"2",31.9005365782571
7.011,31.3536449796727,0.480945725989379,30.410674955778,32.2966150035675,"10",31.9005365782571
7.011,30.073958211753,0.485951859309391,29.1211728731537,31.0267435503523,"20",31.9005365782571
7.032,29.151683701783,0.491910477784949,28.1872155509605,30.1161518526055,"2",31.9215365782571
7.032,31.3711714199165,0.481337909305219,30.4274324587161,32.3149103811169,"10",31.9215365782571
7.032,30.0919689454064,0.486382883869373,29.1383385151104,31.0455993757025,"20",31.9215365782571
7.095,29.2092294603519,0.493289096838449,28.242058309229,30.1764006114748,"2",31.9845365782571
7.095,31.4237507406478,0.482519409871819,30.4776952610602,32.3698062202355,"10",31.9845365782571
7.095,30.1460011463666,0.487681476296276,29.1898246206056,31.1021776721276,"20",31.9845365782571
7.138,29.2485067241371,0.494234938198334,28.2794811017058,30.2175323465683,"2",32.0275365782571
7.138,31.459638213528,0.48333007383853,30.5119932992521,32.4072831278039,"10",32.0275365782571
7.138,30.182880267657,0.488572544973661,29.2249566610787,31.1408038742352,"20",32.0275365782571
7.202,29.3069659074452,0.495649977275581,28.3351658775073,30.2787659373831,"2",32.0915365782571
7.202,31.5130521266519,0.484542975955231,30.5630291262923,32.4630751270114,"10",32.0915365782571
7.202,30.2377701226007,0.489905838779049,29.2772323830266,31.1983078621748,"20",32.0915365782571
7.211,29.3151867300979,0.495849661523528,28.3429951876673,30.2873782725286,"2",32.1005365782571
7.211,31.5205634581849,0.484714145104145,30.570204853686,32.4709220626838,"10",32.1005365782571
7.211,30.2454890084521,0.490094006464046,29.2845823364251,31.2063956804792,"20",32.1005365782571
7.283,29.3809533113196,0.497453259428142,28.405617662033,30.3562889606062,"2",32.1725365782571
7.283,31.5806541104493,0.486088836368062,30.6276002067016,32.533708014197,"10",32.1725365782571
7.283,30.3072400952638,0.491605287273216,29.3433703186208,31.2711098719069,"20",32.1725365782571
7.301,29.397394956625,0.497855852457944,28.4212699601451,30.3735199531049,"2",32.1905365782571
7.301,31.5956767735154,0.486433986218841,30.6419461489956,32.5494073980353,"10",32.1905365782571
7.301,30.3226778669668,0.491984750319284,29.3580640931151,31.2872916408184,"20",32.1905365782571
7.33,29.4238842740615,0.498505891846466,28.4464847727371,30.4012837753859,"2",32.2195365782571
7.33,31.6198799528997,0.486991297876654,30.6650566308905,32.5747032749088,"10",32.2195365782571
7.33,30.3475498324881,0.492597482636845,29.3817347001944,31.3133649647819,"20",32.2195365782571
7.348,29.4403259193669,0.498910241695483,28.4621336263278,30.418518212406,"2",32.2375365782571
7.348,31.6349026159658,0.48733798121945,30.6793995665313,32.5904056654002,"10",32.2375365782571
7.348,30.362987604191,0.492978650434671,29.3964251322537,31.3295500761284,"20",32.2375365782571
7.359,29.450373591498,0.499157674254362,28.4716961678644,30.4290510151316,"2",32.2485365782571
7.359,31.644083132284,0.487550131345773,30.6881641290342,32.6000021355337,"10",32.2485365782571
7.359,30.3724217980095,0.493211906468038,29.4054019907941,31.339441605225,"20",32.2485365782571
7.442,29.5261878448507,0.501032692689646,28.543834151561,30.5085415381405,"2",32.3315365782571
7.442,31.7133543008665,0.489157915173799,30.7542829835971,32.672425618136,"10",32.3315365782571
7.442,30.4436070786396,0.494979721932305,29.4731211901171,31.4140929671622,"20",32.3315365782571
7.446,29.5298415438075,0.501123411492007,28.5473099819837,30.5123731056313,"2",32.3355365782571
7.446,31.7166926704368,0.489235710400918,30.7574688233428,32.6759165175307,"10",32.3355365782571
7.446,30.4470376945736,0.495065263976762,29.4763840873682,31.4176913017791,"20",32.3355365782571
7.484,29.5645516838967,0.501986865727699,28.5803271837282,30.5487761840653,"2",32.3735365782571
7.484,31.7484071813541,0.489976187352942,30.7877315122948,32.7090828504134,"10",32.3735365782571
7.484,30.4796285459465,0.495879492221747,29.5073785157225,31.4518785761704,"20",32.3735365782571
7.576,29.6485867599022,0.504089442064626,28.6602398268861,30.6369336929182,"2",32.4655365782571
7.576,31.8251896814697,0.491779522617434,30.8609782889274,32.7894010740121,"10",32.4655365782571
7.576,30.5585327124281,0.497862544563665,29.5823945950184,31.5346708298377,"20",32.4655365782571
7.586,29.657721007294,0.50431900906152,28.6689239719383,30.6465180426498,"2",32.4755365782571
7.586,31.8335356053953,0.491976436429096,30.8689381322379,32.7981330785527,"10",32.4755365782571
7.586,30.567109252263,0.4980790908482,29.5905465616758,31.5436719428502,"20",32.4755365782571
7.591,29.66228813099,0.504433867641115,28.673265897256,30.6513103647241,"2",32.4805365782571
7.591,31.8377085673581,0.492074959163359,30.8729179248262,32.80249920989,"10",32.4805365782571
7.591,30.5713975221805,0.498187436967563,29.5946224019214,31.5481726424396,"20",32.4805365782571
7.598,29.6686821041643,0.50459475365922,28.6793444279923,30.6580197803364,"2",32.4875365782571
7.598,31.843550714106,0.492212964654242,30.878489490022,32.8086119381901,"10",32.4875365782571
7.598,30.577401100065,0.498339203190834,29.6003284181655,31.5544737819645,"20",32.4875365782571
7.632,29.6997385452968,0.505377591225261,28.708865992488,30.6906110981055,"2",32.5215365782571
7.632,31.8719268554531,0.492884497241404,30.9055489857154,32.8383047251908,"10",32.5215365782571
7.632,30.6065613355038,0.499077705811924,29.6280407026264,31.5850819683812,"20",32.5215365782571
7.634,29.7015653947752,0.505423712208099,28.7106024144983,30.692528375052,"2",32.5235365782571
7.634,31.8735960402382,0.492924062073112,30.9071405974018,32.8400514830747,"10",32.5235365782571
7.634,30.6082766434708,0.499121216862923,29.6296707003087,31.5868825866329,"20",32.5235365782571
7.667,29.7317084111684,0.50618585522478,28.739251129186,30.7241656931509,"2",32.5565365782571
7.667,31.9011375891928,0.493577888263759,30.9334002168884,32.8688749614972,"10",32.5565365782571
7.667,30.6365792249262,0.499840264276125,29.6565634757927,31.6165949740596,"20",32.5565365782571
7.681,29.7444963575171,0.506509840494124,28.7514038512657,30.7375888637684,"2",32.5705365782571
7.681,31.9128218826886,0.493855841325915,30.9445395395247,32.8811042258525,"10",32.5705365782571
7.681,30.6485863806951,0.500145948590378,29.6679712892044,31.6292014721858,"20",32.5705365782571
7.699,29.7609380028225,0.506926961923028,28.7670276641578,30.7548483414872,"2",32.5885365782571
7.699,31.9278445457547,0.494213709180733,30.958860546164,32.8968285453455,"10",32.5885365782571
7.699,30.664024152398,0.500539524607575,29.6826373929908,31.6454109118053,"20",32.5885365782571
7.7,29.7618514275617,0.506950154074552,28.7678956170225,30.7558072381009,"2",32.5895365782571
7.7,31.9286791381473,0.494233607187269,30.9596561253733,32.8977021509212,"10",32.5895365782571
7.7,30.6648818063815,0.500561408167682,29.6834521407999,31.6463114719632,"20",32.5895365782571
7.73,29.7892541697374,0.507646833781829,28.7939324086455,30.7845759308292,"2",32.6195365782571
7.73,31.9537169099241,0.494831351422538,30.9835219252096,32.9239118946386,"10",32.6195365782571
7.73,30.6906114258864,0.501218805167639,29.7078928297015,31.6733300220713,"20",32.6195365782571
7.734,29.7929078686941,0.50773985802529,28.797403718887,30.7884120185012,"2",32.6235365782571
7.734,31.9570552794943,0.494911168068142,30.9867038016453,32.9274067573434,"10",32.6235365782571
7.734,30.6940420418204,0.5013065880811,29.7111513333751,31.6769327502657,"20",32.6235365782571
7.804,29.8568476004374,0.509372847291632,28.8581417173696,30.8555534835052,"2",32.6935365782571
7.804,32.0154767469736,0.496312412751823,31.0423779077042,32.988575586243,"10",32.6935365782571
7.804,30.7540778206651,0.502847717290412,29.7681654851031,31.7399901562271,"20",32.6935365782571
7.853,29.9016054126577,0.51052160925597,28.9006472004009,30.9025636249145,"2",32.7425365782571
7.853,32.0563717742091,0.497298272253932,31.0813400017457,33.0314035466725,"10",32.7425365782571
7.853,30.7961028658564,0.503932025478446,29.8080645729093,31.7841411588034,"20",32.7425365782571
7.871,29.9180470579631,0.51094476867697,28.9162591748562,30.91983494107,"2",32.7605365782571
7.871,32.0713944372752,0.497661450708471,31.0956505961158,33.0471382784346,"10",32.7605365782571
7.871,30.8115406375593,0.504331477129725,29.8227191565875,31.8003621185311,"20",32.7605365782571
7.872,29.9189604827023,0.510968295834003,28.9171264708897,30.9207944945149,"2",32.7615365782571
7.872,32.0722290296678,0.497681643408696,31.0964455975317,33.0480124618038,"10",32.7615365782571
7.872,30.8123982915428,0.504353686706019,29.8235332651903,31.8012633178952,"20",32.7615365782571
7.874,29.9207873321807,0.511015355921527,28.918861051637,30.9227136127243,"2",32.7635365782571
7.874,32.0738982144529,0.497722033895153,31.0980355903916,33.0497608385142,"10",32.7635365782571
7.874,30.8141135995098,0.50439811148011,29.8251614713743,31.8030657276453,"20",32.7635365782571
7.905,29.9491034990956,0.511745770113204,28.9457451262168,30.9524618719743,"2",32.7945365782571
7.905,32.0997705786223,0.498348952403866,31.1226787818515,33.0768623753931,"10",32.7945365782571
7.905,30.8407008729981,0.505087652510417,29.8503967908132,31.8310049551831,"20",32.7945365782571
7.934,29.9755928165321,0.512430727724657,28.9708914761201,30.980294156944,"2",32.8235365782571
7.934,32.1239737580065,0.498936893762161,31.1457292093831,33.10221830663,"10",32.8235365782571
7.934,30.8655728385195,0.505734330377504,29.8740008422835,31.8571448347555,"20",32.8235365782571
7.989,30.0258311771875,0.513734187800801,29.0185741975158,31.0330881568592,"2",32.8785365782571
7.989,32.1698763395974,0.500055837754145,31.1894379246272,33.1503147545676,"10",32.8785365782571
7.989,30.9127438076118,0.506965076874409,29.9187587385676,31.906728876656,"20",32.8785365782571
8.011,30.0459265214497,0.514257178210398,29.0376441365142,31.0542089063852,"2",32.9005365782571
8.011,32.1882373722338,0.500504832909188,31.2069186313781,33.1695561130894,"10",32.9005365782571
8.011,30.9316121952487,0.507458940564422,29.9366588284727,31.9265655620246,"20",32.9005365782571
8.032,30.0651084409726,0.514757248748884,29.0558455887991,31.0743712931462,"2",32.9215365782571
8.032,32.2057638124775,0.500934171819175,31.223603284908,33.187924340047,"10",32.9215365782571
8.032,30.9496229289021,0.507931186578166,29.9537436492616,31.9455022085426,"20",32.9215365782571
8.095,30.1226541995416,0.516262431498628,29.1104401989602,31.134868200123,"2",32.9845365782571
8.095,32.2583431332089,0.502226580236861,31.2736486349008,33.243037631517,"10",32.9845365782571
8.095,31.0036551298623,0.509352769949709,30.004988611593,32.0023216481317,"20",32.9845365782571
8.138,30.1619314633268,0.517294034967755,29.1476948412824,31.1761680853711,"2",33.0275365782571
8.138,32.294230606089,0.503112463232516,31.3077991943114,33.2806620178666,"10",33.0275365782571
8.138,31.0405342511526,0.510327206850746,30.039957195502,32.0411113068032,"20",33.0275365782571
8.202,30.2203906466349,0.518835789553381,29.2031311713248,31.237650121945,"2",33.0915365782571
8.202,32.3476445192129,0.504436601035541,31.3586169262276,33.3366721121983,"10",33.0915365782571
8.202,31.0954241060964,0.51178371937965,30.0919913276896,32.0988568845031,"20",33.0915365782571
8.211,30.2286114692876,0.519053204236966,29.2109257181665,31.2462972204087,"2",33.1005365782571
8.211,32.355155850746,0.50462334398992,31.365762118717,33.3445495827749,"10",33.1005365782571
8.211,31.1031429919478,0.511989132058906,30.0993074695544,32.1069785143413,"20",33.1005365782571
8.283,30.2943780505093,0.520797859914088,29.2732716265001,31.3154844745185,"2",33.1725365782571
8.283,32.4152465030104,0.50612201792403,31.4229143841342,33.4075786218865,"10",33.1725365782571
8.283,31.1648940787595,0.513637642338382,30.1578263917088,32.1719617658103,"20",33.1725365782571
8.301,30.3108196958147,0.521235499843377,29.2888552096328,31.3327841819965,"2",33.1905365782571
8.301,32.4302691660764,0.506497995032719,31.4371998847223,33.4233384474306,"10",33.1905365782571
8.301,31.1803318504624,0.514051210428546,30.1724532978799,32.188210403045,"20",33.1905365782571
8.33,30.3373090132512,0.521941821370552,29.3139596722066,31.3606583542958,"2",33.2195365782571
8.33,32.4544723454607,0.507104831560045,31.4602132652919,33.4487314256295,"10",33.2195365782571
8.33,31.2052038159838,0.514718720134466,30.1960165052414,32.2143911267262,"20",33.2195365782571
8.348,30.3537506585566,0.522380992048478,29.3295402540649,31.3779610630482,"2",33.2375365782571
8.348,32.4694950085268,0.507482166938484,31.4744961027777,33.4644939142759,"10",33.2375365782571
8.348,31.2206415876867,0.515133782609402,30.2106404814353,32.2306426939382,"20",33.2375365782571
8.359,30.3637983306877,0.522649661510092,29.339061157301,31.3885355040743,"2",33.2485365782571
8.359,32.478675524845,0.507713015905417,31.4832240032515,33.4741270464385,"10",33.2485365782571
8.359,31.2300757815052,0.515387712502853,30.2195768056091,32.2405747574013,"20",33.2485365782571
8.442,30.4396125840404,0.524683886695464,29.4108869910297,31.4683381770512,"2",33.3315365782571
8.442,32.5479466934276,0.509461087223493,31.5490678020427,33.5468255848125,"10",33.3315365782571
8.442,31.3012610621353,0.517310557532683,30.2869920449939,32.3155300792767,"20",33.3315365782571
8.446,30.4432662829972,0.524782232086643,29.414347868321,31.4721846976734,"2",33.3355365782571
8.446,32.5512850629978,0.509545607534406,31.5522404561999,33.5503296697957,"10",33.3355365782571
8.446,31.3046916780693,0.517403528007504,30.2902403776346,32.3191429785041,"20",33.3355365782571
8.484,30.4779764230864,0.525717928739984,29.4472234274006,31.5087294187722,"2",33.3735365782571
8.484,32.5829995739151,0.510349809325301,31.5823782025449,33.5836209452854,"10",33.3735365782571
8.484,31.3372825294421,0.518288130470782,30.3210968262237,32.3534682326605,"20",33.3735365782571
8.576,30.5620114990918,0.527993840104661,29.5267962198718,31.5972267783119,"2",33.4655365782571
8.576,32.6597820740307,0.512306205275066,31.6553248795399,33.6642392685216,"10",33.4655365782571
8.576,31.4161866959237,0.520440100853018,30.3957817150341,32.4365916768134,"20",33.4655365782571
8.586,30.5711457464837,0.528242114824546,29.5354436854796,31.6068478074878,"2",33.4755365782571
8.586,32.6681279979564,0.512519652423061,31.6632523066344,33.6730036892783,"10",33.4755365782571
8.586,31.4247632357587,0.520674883690157,30.4038979260511,32.4456285454663,"20",33.4755365782571
8.591,30.5757128701797,0.528366317520267,29.5397672901824,31.6116584501769,"2",33.4805365782571
8.591,32.6723009599192,0.512626434223248,31.6672159060201,33.6773860138183,"10",33.4805365782571
8.591,31.4290515056762,0.520792338991701,30.4079559063069,32.4501471050454,"20",33.4805365782571
8.598,30.582106843354,0.528540274394692,29.5458201934414,31.6183934932666,"2",33.4875365782571
8.598,32.6781431066671,0.512775993897093,31.6727648174161,33.6835213959181,"10",33.4875365782571
8.598,31.4350550835607,0.52095684789182,30.4136369385213,32.4564732286,"20",33.4875365782571
8.632,30.6131632844865,0.529386418282631,29.5752176358988,31.6511089330742,"2",33.5215365782571
8.632,32.7065192480142,0.513503505767317,31.6997145568875,33.7133239391409,"10",33.5215365782571
8.632,31.4642153189995,0.521757074855655,30.4412282026637,32.4872024353353,"20",33.5215365782571
8.634,30.6149901339648,0.529436253848276,29.576946774883,31.6530334930466,"2",33.5235365782571
8.634,32.7081884327993,0.513546356222342,31.7012997265906,33.715077139008,"10",33.5235365782571
8.634,31.4659306269665,0.521804208051238,30.4428510985597,32.4890101553733,"20",33.5235365782571
8.667,30.6451331503581,0.530259538368122,29.6054756120012,31.684790688715,"2",33.5565365782571
8.667,32.7357299817538,0.51425427870888,31.7274532817488,33.7440066817588,"10",33.5565365782571
8.667,31.4942332084218,0.52258288161487,30.4696269675625,32.5188394492812,"20",33.5565365782571
8.681,30.6579210967067,0.53060937765801,29.617577643192,31.6982645502215,"2",33.5705365782571
8.681,32.7474142752496,0.514555115442878,31.7385477373338,33.7562808131655,"10",33.5705365782571
8.681,31.5062403641908,0.52291378267682,30.4809853395593,32.5314953888223,"20",33.5705365782571
8.699,30.6743627420122,0.531059665913997,29.6331364272834,31.7155890567409,"2",33.5885365782571
8.699,32.7624369383157,0.514942347254973,31.752811171299,33.7720627053325,"10",33.5885365782571
8.699,31.5216781358937,0.523339711048916,30.4955880114464,32.5477682603411,"20",33.5885365782571
8.7,30.6752761667514,0.531084698227124,29.6340007722208,31.7165515612819,"2",33.5895365782571
8.7,32.7632715307083,0.514963874684147,31.7536035557681,33.7729395056485,"10",33.5895365782571
8.7,31.5225357898772,0.523363389682645,30.4963992397302,32.5486723400242,"20",33.5895365782571
8.73,30.702678908927,0.531836463569137,29.6599295597604,31.7454282580936,"2",33.6195365782571
8.73,32.7883093024851,0.515610408321685,31.7773736962787,33.7992449086916,"10",33.6195365782571
8.73,31.5482654093821,0.524074527499917,30.5207345612752,32.5757962574889,"20",33.6195365782571
8.734,30.7063326078838,0.531936815152873,29.6633865035945,31.7492787121731,"2",33.6235365782571
8.734,32.7916476720554,0.515696716594088,31.7805428448552,33.8027524992556,"10",33.6235365782571
8.734,31.5516960253161,0.524169459585103,30.5239790478691,32.5794130027631,"20",33.6235365782571
8.804,30.7702723396271,0.533697372251314,29.7238743852028,31.8166702940514,"2",33.6935365782571
8.804,32.8500691395347,0.517211047276659,31.8359952279601,33.8641430511092,"10",33.6935365782571
8.804,31.6117318041608,0.525835081728181,30.5807491115464,32.6427144967752,"20",33.6935365782571
8.853,30.8150301518474,0.534934691433498,29.7662062378278,31.863854065867,"2",33.7425365782571
8.853,32.8909641667701,0.518275486553746,31.8748032539472,33.9071250795931,"10",33.7425365782571
8.853,31.653756849352,0.527005842655742,30.6204786951082,32.6870350035959,"20",33.7425365782571
8.871,30.8314717971528,0.535390229753071,29.7817547283407,31.8811888659649,"2",33.7605365782571
8.871,32.9059868298362,0.518667411483132,31.8890574863151,33.9229161733574,"10",33.7605365782571
8.871,31.669194621055,0.527436909932083,30.6350712913622,32.7033179507477,"20",33.7605365782571
8.872,30.832385221892,0.535415553344125,29.7826185021817,31.8821519416022,"2",33.7615365782571
8.872,32.9068214222288,0.51868919932983,31.8898493601945,33.9237934842631,"10",33.7615365782571
8.872,31.6700522750385,0.5274608736918,30.6358819606116,32.7042225894654,"20",33.7615365782571
8.874,30.8342120713704,0.535466205544394,29.7843460400249,31.8840781027158,"2",33.7635365782571
8.874,32.9084906070139,0.51873277951595,31.8914330991446,33.9255481148832,"10",33.7635365782571
8.874,31.6717675830055,0.527508806125817,30.6375032894745,32.7060318765364,"20",33.7635365782571
8.905,30.8625282382852,0.536252168870297,29.8111212017574,31.9139352748131,"2",33.7945365782571
8.905,32.9343629711833,0.519409037316798,31.915979553133,33.9527463892337,"10",33.7945365782571
8.905,31.6983548564938,0.528252595496007,30.6626322464787,32.7340774665089,"20",33.7945365782571
8.989,30.9392559163772,0.538389897702148,29.8836575249859,31.9948543077684,"2",33.8785365782571
8.989,33.0044687321585,0.521248665352432,31.9824784329176,34.0264590313993,"10",33.8785365782571
8.989,31.7703977911075,0.530275883140535,30.7307082062438,32.8100873759711,"20",33.8785365782571
9.011,30.9593512606393,0.538951703052016,29.9026513611661,32.0160511601126,"2",33.9005365782571
9.011,33.0228297647948,0.521732197847779,31.9998914237604,34.0457681058292,"10",33.9005365782571
9.011,31.7892661787444,0.530807677093105,30.7485339278811,32.8299984296076,"20",33.9005365782571
9.032,30.9785331801623,0.539488712330506,29.9207803892196,32.0362859711051,"2",33.9215365782571
9.032,33.0403562050386,0.522194416042169,32.0165116122625,34.0642007978146,"10",33.9215365782571
9.032,31.8072769123978,0.531316024401692,30.765547966382,32.8490058584136,"20",33.9215365782571
9.095,31.0360789387313,0.541104058293469,29.9751590070095,32.0969988704531,"2",33.9845365782571
9.095,33.0929355257699,0.523584947241028,32.0663645770519,34.119506474488,"10",33.9845365782571
9.095,31.861309113358,0.53284529940506,30.8165817822677,32.9060364444483,"20",33.9845365782571
9.138,31.0753562025164,0.542210292873654,30.0122673232562,32.1384450817767,"2",34.0275365782571
9.138,33.12882299865,0.52453736104365,32.100384692312,34.157261304988,"10",34.0275365782571
9.138,31.8981882346483,0.533892715170218,30.8514072795923,32.9449691897044,"20",34.0275365782571
9.202,31.1338153858246,0.543862291097002,30.0674875032424,32.2001432684067,"2",34.0915365782571
9.202,33.182236911774,0.525959861081284,32.1510095695386,34.2134642540093,"10",34.0915365782571
9.202,31.953078089592,0.535457063529872,30.9032299826093,33.0029261965747,"20",34.0915365782571
9.211,31.1420362084773,0.544095129027939,30.0752518103728,32.2088206065817,"2",34.1005365782571
9.211,33.189748243307,0.526160373101881,32.1581277655999,34.2213687210141,"10",34.1005365782571
9.211,31.9607969754435,0.535677565733888,30.9105165390786,33.0110774118084,"20",34.1005365782571
9.283,31.2078027896989,0.545962466726523,30.1373571812352,32.2782483981627,"2",34.1725365782571
9.283,33.2498388955714,0.527768641831762,32.215065153118,34.2846126380248,"10",34.1725365782571
9.283,32.0225480622552,0.537446130964381,30.9688000745481,33.0762960499623,"20",34.1725365782571
9.301,31.2242444350043,0.546430582393525,30.1528810118729,32.2956078581358,"2",34.1905365782571
9.301,33.2648615586375,0.528171863206657,32.2292972370211,34.3004258802539,"10",34.1905365782571
9.301,32.0379858339581,0.537889529781979,30.9833684928687,33.0926031750476,"20",34.1905365782571
9.33,31.2507337524408,0.5471858406366,30.1778895262893,32.3235779785924,"2",34.2195365782571
9.33,33.2890647380218,0.52882246384123,32.2522248111493,34.3259046648942,"10",34.2195365782571
9.33,32.0628577994795,0.53860494680542,31.0068377703709,33.118877828588,"20",34.2195365782571
9.348,31.2671753977463,0.547655284870019,30.1934107520628,32.3409400434297,"2",34.2375365782571
9.348,33.3040874010879,0.529226882980943,32.2664545466454,34.3417202555304,"10",34.2375365782571
9.348,32.0782955711824,0.539049649936118,31.0214036313797,33.1351875109851,"20",34.2375365782571
9.359,31.2772230698773,0.547942416859479,30.2028954565983,32.3515506831564,"2",34.2485365782571
9.359,33.313267917406,0.529474252964092,32.2751500550586,34.3513857797534,"10",34.2485365782571
9.359,32.0877297650009,0.539321657849666,31.0303045107411,33.1451550192606,"20",34.2485365782571
9.442,31.3530373232301,0.550115025589634,30.2744499675404,32.4316246789197,"2",34.3315365782571
9.442,33.3825390859886,0.531346247658083,32.3407508825072,34.42432728947,"10",34.3315365782571
9.442,32.158915045631,0.541380039948896,31.0974540083038,33.2203760829582,"20",34.3315365782571
9.446,31.3566910221868,0.550219998991216,30.277897849571,32.4354841948027,"2",34.3355365782571
9.446,33.3858774555588,0.531436707493318,32.3439118912894,34.4278430198283,"10",34.3355365782571
9.446,32.162345661565,0.541479503677234,31.1006896098958,33.2240017132341,"20",34.3355365782571
9.484,31.3914011622761,0.551218474329193,30.3106503211283,32.4721520034238,"2",34.3735365782571
9.484,33.4175919664762,0.532297185481412,32.3739392992652,34.4612446336871,"10",34.3735365782571
9.484,32.1949365129378,0.542425615616923,31.1314254594459,33.2584475664298,"20",34.3735365782571
9.576,31.4754362382815,0.553644979552339,30.3899278505654,32.5609446259976,"2",34.4655365782571
9.576,33.4943744665918,0.534388715401494,32.4466210247775,34.542127908406,"10",34.4655365782571
9.576,32.2738406794194,0.544725188312504,31.2058209506186,33.3418604082203,"20",34.4655365782571
9.586,31.4845704856734,0.553909504752742,30.3985434545407,32.5705975168061,"2",34.4755365782571
9.586,33.5027203905174,0.534616756495578,32.4545198381368,34.550920942898,"10",34.4755365782571
9.586,32.2824172192544,0.544975903303117,31.2139059241334,33.3509285143753,"20",34.4755365782571
9.591,31.4891376093694,0.554041824020611,30.4028511454224,32.5754240733163,"2",34.4805365782571
9.591,33.5068933524802,0.534730828343455,32.458469144233,34.5553175607274,"10",34.4805365782571
9.591,32.2867054891719,0.545101316511239,31.2179483016571,33.3554626766866,"20",34.4805365782571
9.598,31.4955315825437,0.554227134396744,30.4088817883489,32.5821813767385,"2",34.4875365782571
9.598,33.5127354992281,0.534890586333505,32.46399806022,34.5614729382362,"10",34.4875365782571
9.598,32.2927090670563,0.545276957337817,31.2236075079722,33.3618106261405,"20",34.4875365782571
9.632,31.5265880236761,0.55512826321417,30.4381714241713,32.6150046231809,"2",34.5215365782571
9.632,33.5411116405752,0.535667504462752,32.4908509309207,34.5913723502296,"10",34.5215365782571
9.632,32.3218693024952,0.546131102204466,31.251093057554,33.3926455474364,"20",34.5215365782571
9.634,31.5284148731545,0.555181324904918,30.439894237828,32.616935508481,"2",34.5235365782571
9.634,33.5427808253603,0.535713254545235,32.4924304154465,34.5931312352742,"10",34.5235365782571
9.634,32.3235846104622,0.546181399231917,31.2527097502582,33.3944594706662,"20",34.5235365782571
9.667,31.5585578895478,0.556057708011236,30.4683189667846,32.6487968123109,"2",34.5565365782571
9.667,33.5703223743148,0.536468914892079,32.518490372993,34.6221543756366,"10",34.5565365782571
9.667,32.3518871919175,0.547012151082476,31.2793835115577,33.4243908722774,"20",34.5565365782571
9.681,31.5713458358964,0.556429998658827,30.4803769785442,32.6623146932486,"2",34.5705365782571
9.681,33.5820066678107,0.536789943770144,32.5295452386918,34.6344680969296,"10",34.5705365782571
9.681,32.3638943476865,0.547365074922662,31.290698704421,33.437089990952,"20",34.5705365782571
9.699,31.5877874812018,0.556909087198678,30.4958792951323,32.6796956672713,"2",34.5885365782571
9.699,33.5970293308768,0.537203084259909,32.5437578746042,34.6503007871493,"10",34.5885365782571
9.699,32.3793321193894,0.547819256266927,31.3052459818957,33.4534182568831,"20",34.5885365782571
9.7,31.588700905941,0.556935717361871,30.4967405072324,32.6806613046496,"2",34.5895365782571
9.7,33.5978639232694,0.537226049325324,32.5445474403605,34.6511804061782,"10",34.5895365782571
9.7,32.3801897733729,0.547844502466807,31.3060541367187,33.4543254100271,"20",34.5895365782571
9.73,31.6161036481167,0.557735312421888,30.5225755170589,32.7096317791745,"2",34.6195365782571
9.73,33.6229016950462,0.537915627283935,32.5682331856841,34.6775702044083,"10",34.6195365782571
9.73,32.4059193928778,0.548602567442542,31.330297450161,33.4815413355945,"20",34.6195365782571
9.734,31.6197573470735,0.557842025855015,30.5260199874829,32.7134947066641,"2",34.6235365782571
9.734,33.6262400646164,0.538007662418378,32.5713911058434,34.6810890233894,"10",34.6235365782571
9.734,32.4093500088117,0.548703741904194,31.3335296975903,33.4851703200332,"20",34.6235365782571
9.804,31.6836970788168,0.559713329612164,30.5862907327829,32.7811034248506,"2",34.6935365782571
9.804,33.6846615320957,0.539621743340755,32.6266479128554,34.742675151336,"10",34.6935365782571
9.804,32.4693857876564,0.550478052675751,31.3900866600525,33.5486849152604,"20",34.6935365782571
9.853,31.728454891037,0.561027515625037,30.6284718758512,32.8284379062229,"2",34.7425365782571
9.853,33.7255565593312,0.540755481179722,32.6653200680716,34.7857930505907,"10",34.7425365782571
9.853,32.5114108328477,0.551724276240831,31.4296682872,33.5931533784954,"20",34.7425365782571
9.871,31.7448965363425,0.561511155899268,30.6439652680455,32.8458278046394,"2",34.7605365782571
9.871,33.7405792223973,0.54117275433597,32.679524601239,34.8016338435556,"10",34.7605365782571
9.871,32.5268486045507,0.552182937080872,31.4442067819161,33.6094904271852,"20",34.7605365782571
9.872,31.7458099610816,0.561538038591946,30.6448259850216,32.8467939371417,"2",34.7615365782571
9.872,33.7414138147898,0.541195948714027,32.6803137173916,34.8025139121881,"10",34.7615365782571
9.872,32.5277062585341,0.552208431814638,31.4450144494492,33.6103980676191,"20",34.7615365782571
9.874,31.74763681056,0.561591808327205,30.6465474104453,32.8487262106748,"2",34.7635365782571
9.874,33.743082999575,0.54124234142533,32.6818919419421,34.8042740572079,"10",34.7635365782571
9.874,32.5294215665011,0.552259425565167,31.4466297761177,33.6122133568845,"20",34.7635365782571
9.905,31.7759529774749,0.562425979676475,30.6732280527372,32.8786779022126,"2",34.7945365782571
9.905,33.7689553637444,0.541962101828448,32.7063531022108,34.8315576252779,"10",34.7945365782571
9.905,32.5560088399895,0.553050557804395,31.4716659099531,33.6403517700259,"20",34.7945365782571
9.934,31.8024422949114,0.563207589208409,30.6981849012917,32.9066996885311,"2",34.8235365782571
9.934,33.7931585431286,0.542636568371865,32.729233883457,34.8570832028003,"10",34.8235365782571
9.934,32.5808808055109,0.553791885831143,31.4950843848427,33.666677226179,"20",34.8235365782571
9.989,31.8526806555668,0.564693267878866,30.745510354366,32.9598509567677,"2",34.8785365782571
9.989,33.8390611247195,0.543918747129567,32.7726225511726,34.9054996982663,"10",34.8785365782571
9.989,32.6280517746031,0.555201118713187,31.5394923303907,33.7166112188156,"20",34.8785365782571
10.011,31.872775999829,0.565288748969957,30.764438163939,32.981113835719,"2",34.9005365782571
10.011,33.8574221573558,0.544432720236677,32.7899758583903,34.9248684563214,"10",34.9005365782571
10.011,32.64692016224,0.555766003523867,31.5572531721765,33.7365871523036,"20",34.9005365782571
10.032,31.891957919352,0.565857804516416,30.7825043602249,33.0014114784791,"2",34.9215365782571
10.032,33.8749485975996,0.544923915682452,32.8065392324164,34.9433579627828,"10",34.9215365782571
10.032,32.6649308958935,0.556305844102896,31.5742054631487,33.7556563286382,"20",34.9215365782571
10.095,31.949503677921,0.567568713226911,30.8366956121615,33.0623117436803,"2",34.9845365782571
10.095,33.927527918331,0.54640091338319,32.8562226659781,34.9988331706838,"10",34.9845365782571
10.095,32.7189630968537,0.557929053599466,31.6250551056308,33.8128710880765,"20",34.9845365782571
10.138,31.9887809417061,0.568739679810236,30.8736770110967,33.1038848723155,"2",35.0275365782571
10.138,33.9634153912111,0.547411945146429,32.8901278514723,35.0367029309498,"10",35.0275365782571
10.138,32.755842218144,0.559040116164549,31.6597558133561,33.8519286229319,"20",35.0275365782571
10.202,32.0472401250142,0.570487287711727,30.9287097332148,33.1657705168137,"2",35.0915365782571
10.202,34.016829304335,0.548921095022419,32.9405828380112,35.0930757706588,"10",35.0915365782571
10.202,32.8107320730877,0.560698497639951,31.7113941496045,33.9100699965709,"20",35.0915365782571
10.211,32.055460947667,0.570733500543644,30.9364478167403,33.1744740785936,"2",35.1005365782571
10.211,34.024340635868,0.549133735289927,32.9476772547297,35.1010040170064,"10",35.1005365782571
10.211,32.8184509589392,0.560932156703854,31.7186549099728,33.9182470079055,"20",35.1005365782571
10.283,32.1212275288886,0.572707218275384,30.9983446127532,33.244110445024,"2",35.1725365782571
10.283,34.0844312881324,0.550838527757461,33.0044253922217,35.1644371840432,"10",35.1725365782571
10.283,32.8802020457509,0.562805389686287,31.7767332277905,33.9836708637112,"20",35.1725365782571
10.301,32.137669174194,0.573201757726268,31.0138166353909,33.2615217129971,"2",35.1905365782571
10.301,34.0994539511985,0.55126574107397,33.0186104361355,35.1802974662615,"10",35.1905365782571
10.301,32.8956398174538,0.563274793031611,31.7912506601291,34.0000289747785,"20",35.1905365782571
10.33,32.1641584916305,0.57399944433628,31.0387419622958,33.2895750209653,"2",35.2195365782571
10.33,34.1236571305828,0.551954878973175,33.0414624518725,35.2058518092931,"10",35.2195365782571
10.33,32.9205117829752,0.564031970281275,31.814638060115,34.0263855058353,"20",35.2195365782571
10.348,32.1806001369359,0.574495134745434,31.0542117282982,33.3069885455737,"2",35.2375365782571
10.348,34.1386797936489,0.552383145711819,33.055645430386,35.2217141569118,"10",35.2375365782571
10.348,32.9359495546781,0.564502509398084,31.8291532655943,34.0427458437619,"20",35.2375365782571
10.359,32.190647809067,0.574798272717136,31.0636650505786,33.3176305675555,"2",35.2485365782571
10.359,34.1478603099671,0.552645062107323,33.0643124182614,35.2314082016728,"10",35.2485365782571
10.359,32.9453837484965,0.564790274316228,31.8380232508606,34.0527442461325,"20",35.2485365782571
10.442,32.2664620624198,0.577090842423194,31.1349843590889,33.3979397657506,"2",35.3315365782571
10.442,34.2171314785496,0.554626155615944,33.1296993402602,35.3045636168391,"10",35.3315365782571
10.442,33.0165690291267,0.566966779701476,31.9049411490726,34.1281969091807,"20",35.3315365782571
10.446,32.2701157613765,0.577201561045665,31.1384209767069,33.4018105460461,"2",35.3355365782571
10.446,34.2204698481199,0.554721843875545,33.1328500978909,35.3080895983489,"10",35.3355365782571
10.446,33.0199996450607,0.567071901896202,31.908165656348,34.1318336337734,"20",35.3355365782571
10.484,32.3048259014657,0.578254451684161,31.1710667584769,33.4385850444546,"2",35.3735365782571
10.484,34.2521843590372,0.555631857934827,33.1627803825788,35.3415883354956,"10",35.3735365782571
10.484,33.0525904964335,0.568071613159467,31.9387964159623,34.1663845769047,"20",35.3735365782571
10.576,32.3888609774712,0.580811475597854,31.2500883854159,33.5276335695265,"2",35.4655365782571
10.576,34.3289668591528,0.557842318600154,33.2352289255892,35.4227047927165,"10",35.4655365782571
10.576,33.1314946629151,0.570499789568748,32.0129397592512,34.250049566579,"20",35.4655365782571
10.586,32.3979952248631,0.581090083932045,31.258676377184,33.5373140725422,"2",35.4755365782571
10.586,34.3373127830784,0.558083202237323,33.2431025591152,35.4315230070416,"10",35.4755365782571
10.586,33.1400712027501,0.570764384633483,32.0209975186895,34.2591448868106,"20",35.4755365782571
10.591,32.402562348559,0.58122943718109,31.2629702768351,33.5421544202829,"2",35.4805365782571
10.591,34.3414857450412,0.558203689153814,33.2470392874567,35.4359322026258,"10",35.4805365782571
10.591,33.1443594726675,0.570896730663107,32.0250263033221,34.263692642013,"20",35.4805365782571
10.598,32.4089563217334,0.581424586643566,31.2689816286796,33.5489310147872,"2",35.4875365782571
10.598,34.3473278917892,0.558372421298603,33.2525506081966,35.4421051753817,"10",35.4875365782571
10.598,33.150363050552,0.571082069366124,32.0306664954195,34.2700596056846,"20",35.4875365782571
10.632,32.4400127628658,0.582373364761691,31.2981778405255,33.5818476852061,"2",35.5215365782571
10.632,34.3757040331362,0.559192813193263,33.2793182417169,35.4720898245556,"10",35.5215365782571
10.632,33.1795232859909,0.571983184488759,32.0580599523991,34.3009866195826,"20",35.5215365782571
10.634,32.4418396123442,0.582429222107775,31.2998951728585,33.5837840518299,"2",35.5235365782571
10.634,34.3773732179214,0.559241114627015,33.2808927239157,35.4738537119271,"10",35.5235365782571
10.634,33.1812385939579,0.572036237579046,32.059671241407,34.3028059465088,"20",35.5235365782571
10.667,32.4719826287374,0.583351617684093,31.3282296871035,33.6157355703713,"2",35.5565365782571
10.667,34.4049147668759,0.560038777414738,33.3068703290458,35.5029592047059,"10",35.5565365782571
10.667,33.2095411754132,0.572912354218822,32.0862560578753,34.3328262929511,"20",35.5565365782571
10.681,32.4847705750861,0.583743362929214,31.3402495550533,33.6292915951189,"2",35.5705365782571
10.681,34.4165990603717,0.560377571575353,33.3178903631035,35.5153077576399,"10",35.5705365782571
10.681,33.2215483311821,0.573284461054461,32.0975336394476,34.3455630229167,"20",35.5705365782571
10.699,32.5012122203915,0.584247407059583,31.3557029422665,33.6467214985166,"2",35.5885365782571
10.699,34.4316217234378,0.560813506049803,33.3320583078104,35.5311851390652,"10",35.5885365782571
10.699,33.2369861028851,0.573763251544255,32.1120326668074,34.3619395389627,"20",35.5885365782571
10.73,32.5295283873064,0.585116460262876,31.3823151931767,33.6767415814361,"2",35.6195365782571
10.73,34.4574940876072,0.561565181497658,33.3564568935954,35.558531281619,"10",35.6195365782571
10.73,33.2635733763734,0.574588801269687,32.1370013197275,34.3901454330194,"20",35.6195365782571
10.734,32.5331820862632,0.58522868599606,31.3857488558662,33.6806153166601,"2",35.6235365782571
10.734,34.4608324571775,0.561662254583185,33.3596049360563,35.5620599782986,"10",35.6235365782571
10.734,33.2670039923074,0.574695412638112,32.1402229072427,34.3937850773722,"20",35.6235365782571
10.804,32.5971218180064,0.587195943574813,31.4458314685505,33.7484121674623,"2",35.6935365782571
10.804,34.5192539246567,0.563364079823012,33.4146897064816,35.6238181428319,"10",35.6935365782571
10.804,33.3270397711521,0.576564382084943,32.196594276428,34.4574852658762,"20",35.6935365782571
10.853,32.6418796302267,0.588576724892646,31.4878820410098,33.7958772194436,"2",35.7425365782571
10.853,34.5601489518922,0.56455876839964,33.4532423581541,35.6670555456303,"10",35.7425365782571
10.853,33.3690648163434,0.577876321286267,32.236047057696,34.5020825749908,"20",35.7425365782571
10.872,32.6592347002713,0.589112944532869,31.5041857677955,33.8142836327472,"2",35.7615365782571
10.872,34.5760062073509,0.565022766262693,33.4681898725498,35.683822542152,"10",35.7615365782571
10.872,33.3853602420298,0.578385838319323,32.2513434948004,34.5193769892592,"20",35.7615365782571
10.874,32.6610615497497,0.58916941509886,31.5059018978141,33.8162212016854,"2",35.7635365782571
10.874,34.577675392136,0.565071632491333,33.469763247379,35.685587536893,"10",35.7635365782571
10.874,33.3870755499968,0.578439497804699,32.252953594875,34.5211975051186,"20",35.7635365782571
10.905,32.6893777166646,0.590045350138098,31.5325006557985,33.8462547775307,"2",35.7945365782571
10.905,34.6035477563054,0.56582965075884,33.4941493970647,35.712946115546,"10",35.7945365782571
10.905,33.4136628234852,0.579271854345554,32.2779089019588,34.5494167450116,"20",35.7945365782571
10.934,32.7158670341011,0.590865860721465,31.5573812327003,33.8743528355019,"2",35.8235365782571
10.934,34.6277509356897,0.566539768378616,33.5169602787474,35.7385415926319,"10",35.8235365782571
10.934,33.4385347890066,0.58005158660414,32.301252079289,34.5758174987241,"20",35.8235365782571
10.989,32.7661053947565,0.59242487307278,31.6045629035158,33.9276478859972,"2",35.8785365782571
10.989,34.6736535172805,0.567889195102283,33.5602170962092,35.7870899383519,"10",35.8785365782571
10.989,33.4857057580988,0.581533231303228,32.3455180500378,34.6258934661599,"20",35.8785365782571
11.011,32.7862007390187,0.593049525595437,31.6234335178919,33.9489679601455,"2",35.9005365782571
11.011,34.6920145499169,0.568429933716686,33.5775179254243,35.8065111744095,"10",35.9005365782571
11.011,33.5045741457357,0.582126926189215,32.3632224051226,34.6459258863488,"20",35.9005365782571
11.032,32.8053826585417,0.59364634062702,31.6414452873248,33.9693200297586,"2",35.9215365782571
11.032,34.7095409901607,0.568946607079596,33.5940313459716,35.8250506343498,"10",35.9215365782571
11.032,33.5225848793891,0.582694185220475,32.3801209378906,34.6650488208876,"20",35.9215365782571
11.138,32.9022056808958,0.596667062683009,31.7323457071992,34.0720656545923,"2",36.0275365782571
11.138,34.7980077837721,0.571562187635758,33.6773698809745,35.9186456865698,"10",36.0275365782571
11.138,33.6134962016397,0.585565639839308,32.4654023200373,34.7615900832421,"20",36.0275365782571
11.202,32.9606648642039,0.598497483546664,31.7872160614311,34.1341136669768,"2",36.0915365782571
11.202,34.851421696896,0.573147506092624,33.7276755269856,35.9751678668065,"10",36.0915365782571
11.202,33.6683860565834,0.58730587476805,32.516880169668,34.8198919434988,"20",36.0915365782571
11.211,32.9688856868566,0.598755280946462,31.7949314315824,34.1428399421309,"2",36.1005365782571
11.211,34.8589330284291,0.573370807010472,33.7347490418161,35.9831170150421,"10",36.1005365782571
11.211,33.6761049424349,0.587550986151832,32.5241184759552,34.8280914089145,"20",36.1005365782571
11.283,33.0346522680783,0.600821137496802,31.8566475748952,34.2126569612614,"2",36.1725365782571
11.283,34.9190236806935,0.575160438582738,33.7913308388495,36.0467165225375,"10",36.1725365782571
11.283,33.7378560292466,0.589515323414909,32.5820181694479,34.8936938890452,"20",36.1725365782571
11.301,33.0510939133837,0.601338563002276,31.8720747258099,34.2301131009575,"2",36.1905365782571
11.301,34.9340463437596,0.575608738265926,33.8054745396125,36.0626181479066,"10",36.1905365782571
11.301,33.7532938009495,0.590007360623773,32.5964912245237,34.9100963773752,"20",36.1905365782571
11.348,33.0940248761256,0.602691419595377,31.9123531996222,34.275696552629,"2",36.2375365782571
11.348,34.9732721862099,0.576780970343908,33.8424020360108,36.1041423364091,"10",36.2375365782571
11.348,33.7936035381738,0.591293910037061,32.6342784785125,34.952928597835,"20",36.2375365782571
11.359,33.1040725482567,0.60300842038151,31.9217793416664,34.286365754847,"2",36.2485365782571
11.359,34.9824527025281,0.577055670519705,33.8510439592667,36.1138614457895,"10",36.2485365782571
11.359,33.8030377319922,0.591595388934353,32.6431215753576,34.9629538886268,"20",36.2485365782571
11.446,33.1835405005662,0.605520582197512,31.9963218041344,34.370759196998,"2",36.3355365782571
11.446,35.0550622406809,0.579232920474697,33.919384655155,36.1907398262069,"10",36.3355365782571
11.446,33.8776536285564,0.59398474546701,32.7130527612258,35.0422544958869,"20",36.3355365782571
11.484,33.2182506406554,0.606620601324173,32.0288751830631,34.4076260982478,"2",36.3735365782571
11.484,35.0867767515982,0.580186462717288,33.9492295959676,36.2243239072289,"10",36.3735365782571
11.484,33.9102444799292,0.595031103210161,32.7435920630521,35.0768968968062,"20",36.3735365782571
11.586,33.3114199640528,0.609581471536395,32.1162392529694,34.5066006751361,"2",36.4755365782571
11.586,35.1719051756395,0.582753590294125,34.0293247611157,36.3144855901633,"10",36.4755365782571
11.586,33.9977251862458,0.597847871335786,32.8255500507682,35.1699003217233,"20",36.4755365782571
11.667,33.3854073679271,0.611941160307255,32.1856001144786,34.5852146213756,"2",36.5565365782571
11.667,35.2395071594369,0.584800025528829,34.0929143855597,36.3860999333142,"10",36.5565365782571
11.667,34.0671951589089,0.600093063375115,32.8906179699842,35.2437723478335,"20",36.5565365782571
11.681,33.3981953142758,0.612349755228134,32.197586945979,34.5988036825726,"2",36.5705365782571
11.681,35.2511914529328,0.585154427313202,34.103903818407,36.3984790874586,"10",36.5705365782571
11.681,34.0792023146778,0.60048186337109,32.9018628219803,35.2565418073754,"20",36.5705365782571
11.73,33.4429531264961,0.613781560513494,32.2395374778947,34.6463687750974,"2",36.6195365782571
11.73,35.2920864801683,0.586396441115004,34.1423636815042,36.4418092788323,"10",36.6195365782571
11.73,34.1212273598691,0.601844374397754,32.9412164492008,35.3012382705375,"20",36.6195365782571
11.734,33.4466068254528,0.613898560531727,32.2429617798446,34.650251871061,"2",36.6235365782571
11.734,35.2954248497385,0.58649794007623,34.1455030463371,36.4453466531399,"10",36.6235365782571
11.734,34.1246579758031,0.601955716929923,32.9444287605225,35.3048871910837,"20",36.6235365782571
11.804,33.5105465571961,0.615948926099802,32.3028814461954,34.7182116681968,"2",36.6935365782571
11.804,35.3538463172178,0.588276847301639,34.2004366853605,36.5072559490751,"10",36.6935365782571
11.804,34.1846937546478,0.603907057261296,33.0006386285846,35.368748880711,"20",36.6935365782571
11.874,33.5744862889394,0.618004675389474,32.3627905569101,34.7861820209687,"2",36.7635365782571
11.874,35.412267784697,0.590060784689917,34.2553604619554,36.5691751074387,"10",36.7635365782571
11.874,34.2447295334925,0.605863746254252,33.0568380097513,35.4326210572337,"20",36.7635365782571
11.989,33.6795301339462,0.621393524499966,32.4611900282297,34.8978702396626,"2",36.8785365782571
11.989,35.5082459098416,0.593002339317861,34.3455712048613,36.6709206148218,"10",36.8785365782571
11.989,34.3433597415945,0.609089782305756,33.149143064872,35.537576418317,"20",36.8785365782571
12.011,33.6996254782084,0.622043445840828,32.4800110990985,34.9192398573183,"2",36.9005365782571
12.011,35.5266069424779,0.593566587935692,34.3628259390031,36.6903879459527,"10",36.9005365782571
12.011,34.3622281292314,0.609708547279614,33.1667982660917,35.5576579923711,"20",36.9005365782571
12.211,33.8823104260463,0.627975304361051,32.6510657018303,35.1135551502623,"2",37.1005365782571
12.211,35.6935254209901,0.598718136954132,34.5196439923769,36.8674068496034,"10",37.1005365782571
12.211,34.5337589259305,0.615357038751686,33.3272543035185,35.7402635483425,"20",37.1005365782571
12.446,34.0969652397559,0.634998147606494,32.8519511226435,35.3419793568682,"2",37.3355365782571
12.446,35.889654633242,0.604820907656326,34.7038077592075,37.0755015072764,"10",37.3355365782571
12.446,34.735307612052,0.622046670825062,33.5156869098514,35.9549283142527,"20",37.3355365782571
12.681,34.3116200534655,0.642076374195164,33.0527279556689,35.570512151262,"2",37.5705365782571
12.681,36.0857838454938,0.610975848108096,34.887869239008,37.2836984519796,"10",37.5705365782571
12.681,34.9368562981735,0.6287914678957,33.7040113564981,36.169701239849,"20",37.5705365782571
