"participant_id","trial","fixationTime","meanVal","indexSelected","array_length","color","rt"
"55a56724fdf99b7973398109",21,600,27,16,20,"blue",5515
"55a56724fdf99b7973398109",22,400,19,14,20,"blue",2635
"55a56724fdf99b7973398109",23,500,31,22,20,"blue",3620
"55a56724fdf99b7973398109",24,600,27,20,2,"blue",4533
"55a56724fdf99b7973398109",25,600,24,22,20,"blue",3197
"55a56724fdf99b7973398109",26,500,24,17,20,"blue",4102
"55a56724fdf99b7973398109",27,400,26,17,10,"blue",4179
"55a56724fdf99b7973398109",28,400,29,21,20,"blue",3834
"55a56724fdf99b7973398109",29,600,33,26,20,"blue",4082
"55a56724fdf99b7973398109",30,500,28,24,2,"blue",2367
"55a56724fdf99b7973398109",32,600,31,27,20,"blue",2703
"55a56724fdf99b7973398109",33,400,20,13,2,"blue",4192
"55a56724fdf99b7973398109",34,400,16,14,10,"blue",3113
"55a56724fdf99b7973398109",35,400,33,28,20,"blue",2252
"55a56724fdf99b7973398109",36,400,23,22,10,"blue",2961
"55a56724fdf99b7973398109",37,600,26,20,20,"blue",4645
"55a56724fdf99b7973398109",38,400,34,29,10,"blue",2728
"55a56724fdf99b7973398109",39,500,19,19,10,"blue",3059
"55a56724fdf99b7973398109",40,500,15,11,20,"blue",2852
"55a56724fdf99b7973398109",41,600,20,11,2,"blue",2016
"55a56724fdf99b7973398109",42,500,19,16,20,"blue",3457
"55a56724fdf99b7973398109",44,500,29,31,10,"blue",2820
"55a56724fdf99b7973398109",45,400,35,25,20,"blue",4588
"55a56724fdf99b7973398109",46,500,23,24,2,"blue",2970
"55a56724fdf99b7973398109",47,600,19,15,20,"blue",2100
"55a56724fdf99b7973398109",48,400,26,25,2,"blue",2604
"55a56724fdf99b7973398109",50,500,14,10,10,"blue",3785
"55a56724fdf99b7973398109",51,500,36,31,10,"blue",2741
"55a56724fdf99b7973398109",52,600,26,25,2,"blue",3346
"55a56724fdf99b7973398109",53,400,32,27,2,"blue",3743
"55a56724fdf99b7973398109",54,500,20,28,10,"blue",3233
"55a56724fdf99b7973398109",55,500,31,28,2,"blue",4323
"55a56724fdf99b7973398109",56,500,30,29,2,"blue",4085
"55a56724fdf99b7973398109",57,400,33,30,2,"blue",3875
"55a56724fdf99b7973398109",58,600,21,25,10,"blue",3398
"55a56724fdf99b7973398109",59,400,31,27,2,"blue",5526
"55a56724fdf99b7973398109",60,500,16,12,10,"blue",4128
"55a56724fdf99b7973398109",61,500,18,19,10,"blue",2560
"55a56724fdf99b7973398109",62,500,33,30,2,"blue",5412
"55a56724fdf99b7973398109",63,400,24,22,2,"blue",5304
"55a56724fdf99b7973398109",64,600,33,33,10,"blue",2993
"55a56724fdf99b7973398109",65,500,32,33,2,"blue",4365
"55a56724fdf99b7973398109",66,600,31,30,10,"blue",2124
"55a56724fdf99b7973398109",67,500,25,26,10,"blue",4160
"55a56724fdf99b7973398109",68,600,31,29,10,"blue",5883
"55a56724fdf99b7973398109",69,600,20,15,2,"red",3569
"55a56724fdf99b7973398109",70,400,22,16,10,"red",4422
"55a56724fdf99b7973398109",71,600,20,10,20,"red",3222
"55a56724fdf99b7973398109",72,500,26,14,10,"red",3051
"55a56724fdf99b7973398109",73,600,15,12,2,"red",4185
"55a56724fdf99b7973398109",74,600,32,29,20,"red",2905
"55a56724fdf99b7973398109",75,400,26,19,2,"red",4848
"55a56724fdf99b7973398109",76,400,34,28,10,"red",2337
"55a56724fdf99b7973398109",77,600,18,16,20,"red",5886
"55a56724fdf99b7973398109",78,600,33,30,20,"red",5599
"55a56724fdf99b7973398109",79,500,27,21,20,"red",2685
"55a56724fdf99b7973398109",80,400,25,19,20,"red",2670
"55a56724fdf99b7973398109",81,600,14,7,20,"red",2243
"55a56724fdf99b7973398109",82,600,24,19,10,"red",2177
"55a56724fdf99b7973398109",83,500,25,20,10,"red",3105
"55a56724fdf99b7973398109",84,600,24,12,20,"red",3823
"55a56724fdf99b7973398109",85,400,23,11,10,"red",3429
"55a56724fdf99b7973398109",87,500,31,29,2,"red",4745
"55a56724fdf99b7973398109",88,600,23,19,2,"red",4250
"55a56724fdf99b7973398109",89,400,31,31,20,"red",4429
"55a56724fdf99b7973398109",90,600,18,11,20,"red",2868
"55a56724fdf99b7973398109",91,400,31,24,10,"red",4651
"55a56724fdf99b7973398109",92,400,15,9,20,"red",4698
"55a56724fdf99b7973398109",93,500,16,9,20,"red",4401
"55a56724fdf99b7973398109",94,500,31,31,10,"red",4649
"55a56724fdf99b7973398109",95,500,30,28,20,"red",4653
"55a56724fdf99b7973398109",96,500,19,17,20,"red",4776
"55a56724fdf99b7973398109",97,400,34,31,20,"red",5135
"55a56724fdf99b7973398109",98,600,32,30,2,"red",3346
"55a56724fdf99b7973398109",99,600,21,16,2,"red",3897
"55a56724fdf99b7973398109",100,600,35,32,2,"red",4249
"55a56724fdf99b7973398109",101,400,35,31,2,"red",4011
"55a56724fdf99b7973398109",102,400,28,30,10,"red",5202
"55a56724fdf99b7973398109",103,500,26,27,2,"red",4293
"55a56724fdf99b7973398109",104,400,29,28,2,"red",3533
"55a56724fdf99b7973398109",105,400,22,14,10,"red",3812
"55a56724fdf99b7973398109",106,500,33,30,10,"red",3255
"55a56724fdf99b7973398109",107,400,23,18,10,"red",3260
"55a56724fdf99b7973398109",108,600,21,18,10,"red",4031
"55a56724fdf99b7973398109",109,500,24,17,2,"red",3735
"55a56724fdf99b7973398109",110,600,26,17,2,"red",3397
"55a56724fdf99b7973398109",111,400,24,20,10,"red",2957
"55a56724fdf99b7973398109",112,500,31,28,10,"red",3147
"55a56724fdf99b7973398109",113,400,33,27,2,"red",3806
"55a56724fdf99b7973398109",114,400,16,14,2,"red",4374
"55a56724fdf99b7973398109",115,400,31,25,2,"red",5286
"55a56724fdf99b7973398109",116,400,16,15,10,"red",4219
"55d35a63da14d7001295328e",21,400,20,13,10,"red",1951
"55d35a63da14d7001295328e",22,500,23,14,2,"red",2321
"55d35a63da14d7001295328e",24,400,35,31,20,"red",2372
"55d35a63da14d7001295328e",25,500,33,33,20,"red",1758
"55d35a63da14d7001295328e",26,400,24,26,10,"red",2112
"55d35a63da14d7001295328e",27,600,14,5,20,"red",1962
"55d35a63da14d7001295328e",28,500,28,21,2,"red",2617
"55d35a63da14d7001295328e",29,600,36,34,2,"red",1921
"55d35a63da14d7001295328e",30,400,19,12,20,"red",2813
"55d35a63da14d7001295328e",31,500,29,22,10,"red",2392
"55d35a63da14d7001295328e",32,400,26,22,20,"red",2301
"55d35a63da14d7001295328e",33,600,28,28,20,"red",1693
"55d35a63da14d7001295328e",34,500,28,25,2,"red",1923
"55d35a63da14d7001295328e",35,400,17,18,2,"red",1658
"55d35a63da14d7001295328e",36,400,26,23,10,"red",2478
"55d35a63da14d7001295328e",37,600,14,14,10,"red",1659
"55d35a63da14d7001295328e",38,400,35,34,10,"red",2015
"55d35a63da14d7001295328e",39,400,21,19,10,"red",1806
"55d35a63da14d7001295328e",40,400,24,13,20,"red",2311
"55d35a63da14d7001295328e",41,500,34,25,2,"red",2351
"55d35a63da14d7001295328e",42,600,17,9,20,"red",2897
"55d35a63da14d7001295328e",43,600,29,27,10,"red",1601
"55d35a63da14d7001295328e",44,600,17,15,2,"red",1719
"55d35a63da14d7001295328e",45,500,32,26,20,"red",1893
"55d35a63da14d7001295328e",46,500,20,14,20,"red",1737
"55d35a63da14d7001295328e",47,600,26,23,20,"red",2059
"55d35a63da14d7001295328e",48,500,18,16,2,"red",2683
"55d35a63da14d7001295328e",49,600,33,30,2,"red",2319
"55d35a63da14d7001295328e",50,500,21,11,20,"red",1902
"55d35a63da14d7001295328e",51,600,33,29,2,"red",2674
"55d35a63da14d7001295328e",52,600,20,9,20,"red",2295
"55d35a63da14d7001295328e",53,600,14,9,2,"red",2540
"55d35a63da14d7001295328e",54,500,14,16,10,"red",2614
"55d35a63da14d7001295328e",56,600,19,17,10,"red",2523
"55d35a63da14d7001295328e",57,400,18,15,2,"red",1826
"55d35a63da14d7001295328e",58,500,22,17,10,"red",2127
"55d35a63da14d7001295328e",59,600,33,29,20,"red",2347
"55d35a63da14d7001295328e",60,500,27,31,10,"red",1980
"55d35a63da14d7001295328e",61,600,27,31,2,"red",2339
"55d35a63da14d7001295328e",62,500,14,10,2,"red",2771
"55d35a63da14d7001295328e",63,400,15,5,20,"red",1988
"55d35a63da14d7001295328e",65,400,20,13,10,"red",1733
"55d35a63da14d7001295328e",66,600,24,18,10,"red",1979
"55d35a63da14d7001295328e",67,500,17,7,20,"red",1801
"55d35a63da14d7001295328e",68,600,15,9,2,"red",2868
"55d35a63da14d7001295328e",69,500,23,21,2,"blue",2554
"55d35a63da14d7001295328e",70,400,30,20,10,"blue",2967
"55d35a63da14d7001295328e",71,500,16,16,10,"blue",2687
"55d35a63da14d7001295328e",72,600,34,33,20,"blue",1854
"55d35a63da14d7001295328e",73,600,28,25,2,"blue",1752
"55d35a63da14d7001295328e",74,400,30,35,2,"blue",2022
"55d35a63da14d7001295328e",75,500,17,15,10,"blue",1920
"55d35a63da14d7001295328e",76,400,32,23,20,"blue",1864
"55d35a63da14d7001295328e",77,600,18,15,2,"blue",2843
"55d35a63da14d7001295328e",78,400,14,8,2,"blue",2310
"55d35a63da14d7001295328e",79,400,25,16,20,"blue",1974
"55d35a63da14d7001295328e",80,400,16,19,10,"blue",2292
"55d35a63da14d7001295328e",81,400,22,13,20,"blue",3235
"55d35a63da14d7001295328e",82,500,25,26,2,"blue",1967
"55d35a63da14d7001295328e",83,400,17,16,20,"blue",2045
"55d35a63da14d7001295328e",84,600,15,23,20,"blue",1884
"55d35a63da14d7001295328e",85,600,18,19,10,"blue",2191
"55d35a63da14d7001295328e",86,600,32,26,20,"blue",2066
"55d35a63da14d7001295328e",87,400,29,35,20,"blue",1426
"55d35a63da14d7001295328e",88,500,18,12,2,"blue",1834
"55d35a63da14d7001295328e",89,500,33,27,10,"blue",1437
"55d35a63da14d7001295328e",90,600,26,26,10,"blue",1655
"55d35a63da14d7001295328e",91,400,15,9,20,"blue",1540
"55d35a63da14d7001295328e",92,600,22,9,20,"blue",1560
"55d35a63da14d7001295328e",93,600,20,19,10,"blue",1681
"55d35a63da14d7001295328e",94,400,24,22,2,"blue",1953
"55d35a63da14d7001295328e",95,600,16,24,10,"blue",1826
"55d35a63da14d7001295328e",96,600,34,26,2,"blue",2283
"55d35a63da14d7001295328e",97,600,27,29,10,"blue",1567
"55d35a63da14d7001295328e",98,400,16,15,2,"blue",1776
"55d35a63da14d7001295328e",99,500,30,29,20,"blue",1861
"55d35a63da14d7001295328e",100,600,21,19,10,"blue",1859
"55d35a63da14d7001295328e",101,600,22,12,10,"blue",1447
"55d35a63da14d7001295328e",102,500,18,8,20,"blue",1768
"55d35a63da14d7001295328e",103,400,17,13,2,"blue",1814
"55d35a63da14d7001295328e",104,600,16,16,20,"blue",1840
"55d35a63da14d7001295328e",105,500,18,7,20,"blue",1409
"55d35a63da14d7001295328e",106,400,27,28,2,"blue",1588
"55d35a63da14d7001295328e",107,400,22,23,2,"blue",1768
"55d35a63da14d7001295328e",108,500,28,25,10,"blue",1849
"55d35a63da14d7001295328e",109,500,29,34,10,"blue",1637
"55d35a63da14d7001295328e",110,600,22,15,2,"blue",1454
"55d35a63da14d7001295328e",111,400,31,37,2,"blue",1333
"55d35a63da14d7001295328e",112,600,30,32,10,"blue",1534
"55d35a63da14d7001295328e",113,500,16,9,20,"blue",1126
"55d35a63da14d7001295328e",114,600,18,13,20,"blue",1562
"55d35a63da14d7001295328e",115,500,23,21,10,"blue",1487
"55d35a63da14d7001295328e",116,400,22,21,2,"blue",1566
"55d4d11258c35800113dc2ab",21,400,19,14,2,"blue",4386
"55d4d11258c35800113dc2ab",22,500,26,20,2,"blue",3191
"55d4d11258c35800113dc2ab",23,600,35,25,20,"blue",4579
"55d4d11258c35800113dc2ab",24,600,21,15,20,"blue",4127
"55d4d11258c35800113dc2ab",25,600,20,16,10,"blue",4386
"55d4d11258c35800113dc2ab",26,500,16,16,20,"blue",3065
"55d4d11258c35800113dc2ab",27,500,19,13,2,"blue",3660
"55d4d11258c35800113dc2ab",28,600,27,22,20,"blue",4174
"55d4d11258c35800113dc2ab",29,400,33,23,20,"blue",4221
"55d4d11258c35800113dc2ab",30,600,21,12,10,"blue",4224
"55d4d11258c35800113dc2ab",31,500,15,10,10,"blue",4875
"55d4d11258c35800113dc2ab",32,600,20,14,10,"blue",4351
"55d4d11258c35800113dc2ab",33,500,26,21,10,"blue",3374
"55d4d11258c35800113dc2ab",34,500,28,19,20,"blue",2832
"55d4d11258c35800113dc2ab",35,600,32,25,20,"blue",3344
"55d4d11258c35800113dc2ab",36,600,20,18,2,"blue",3324
"55d4d11258c35800113dc2ab",37,600,34,30,2,"blue",2631
"55d4d11258c35800113dc2ab",38,400,30,23,10,"blue",2609
"55d4d11258c35800113dc2ab",39,500,35,28,10,"blue",4054
"55d4d11258c35800113dc2ab",40,400,33,30,20,"blue",3630
"55d4d11258c35800113dc2ab",41,500,26,18,10,"blue",2760
"55d4d11258c35800113dc2ab",43,500,26,28,10,"blue",2403
"55d4d11258c35800113dc2ab",44,500,35,30,2,"blue",3307
"55d4d11258c35800113dc2ab",45,600,23,13,10,"blue",2875
"55d4d11258c35800113dc2ab",46,400,20,16,2,"blue",2976
"55d4d11258c35800113dc2ab",47,400,14,12,2,"blue",2889
"55d4d11258c35800113dc2ab",48,400,30,25,20,"blue",2544
"55d4d11258c35800113dc2ab",49,600,19,15,10,"blue",1792
"55d4d11258c35800113dc2ab",50,400,14,11,2,"blue",1753
"55d4d11258c35800113dc2ab",51,400,35,29,10,"blue",3850
"55d4d11258c35800113dc2ab",52,400,14,6,20,"blue",2327
"55d4d11258c35800113dc2ab",53,600,22,14,20,"blue",2231
"55d4d11258c35800113dc2ab",54,600,27,18,20,"blue",2089
"55d4d11258c35800113dc2ab",56,400,31,22,20,"blue",2973
"55d4d11258c35800113dc2ab",57,500,36,33,20,"blue",1714
"55d4d11258c35800113dc2ab",58,500,26,24,2,"blue",1522
"55d4d11258c35800113dc2ab",59,600,23,16,10,"blue",2530
"55d4d11258c35800113dc2ab",60,600,35,24,2,"blue",2461
"55d4d11258c35800113dc2ab",61,400,36,28,20,"blue",3019
"55d4d11258c35800113dc2ab",62,400,30,25,2,"blue",4313
"55d4d11258c35800113dc2ab",63,600,21,10,2,"blue",1765
"55d4d11258c35800113dc2ab",64,500,27,24,2,"blue",4375
"55d4d11258c35800113dc2ab",65,400,31,27,10,"blue",3285
"55d4d11258c35800113dc2ab",66,500,34,29,10,"blue",2495
"55d4d11258c35800113dc2ab",67,400,17,12,20,"blue",4094
"55d4d11258c35800113dc2ab",68,600,31,24,10,"blue",2050
"55d4d11258c35800113dc2ab",69,600,32,20,2,"red",4777
"55d4d11258c35800113dc2ab",70,600,33,30,20,"red",2879
"55d4d11258c35800113dc2ab",72,400,31,27,2,"red",2957
"55d4d11258c35800113dc2ab",73,500,23,13,2,"red",2795
"55d4d11258c35800113dc2ab",74,500,20,22,20,"red",4304
"55d4d11258c35800113dc2ab",75,500,36,31,10,"red",2751
"55d4d11258c35800113dc2ab",76,600,26,26,10,"red",2207
"55d4d11258c35800113dc2ab",77,600,25,24,20,"red",2381
"55d4d11258c35800113dc2ab",78,400,17,14,20,"red",2291
"55d4d11258c35800113dc2ab",79,600,26,19,2,"red",2795
"55d4d11258c35800113dc2ab",80,500,32,27,20,"red",2169
"55d4d11258c35800113dc2ab",81,500,25,18,2,"red",2611
"55d4d11258c35800113dc2ab",82,400,32,29,2,"red",2123
"55d4d11258c35800113dc2ab",83,600,15,15,10,"red",2426
"55d4d11258c35800113dc2ab",84,400,27,29,20,"red",2274
"55d4d11258c35800113dc2ab",85,400,35,29,2,"red",3459
"55d4d11258c35800113dc2ab",86,600,25,24,2,"red",3717
"55d4d11258c35800113dc2ab",87,600,36,42,20,"red",2544
"55d4d11258c35800113dc2ab",88,500,19,16,10,"red",2598
"55d4d11258c35800113dc2ab",89,500,32,35,10,"red",2033
"55d4d11258c35800113dc2ab",90,500,33,33,10,"red",1902
"55d4d11258c35800113dc2ab",91,400,30,23,10,"red",1813
"55d4d11258c35800113dc2ab",92,500,24,20,10,"red",1690
"55d4d11258c35800113dc2ab",93,600,35,32,10,"red",1934
"55d4d11258c35800113dc2ab",94,600,25,24,20,"red",3321
"55d4d11258c35800113dc2ab",95,500,24,11,20,"red",2137
"55d4d11258c35800113dc2ab",96,400,15,4,20,"red",2008
"55d4d11258c35800113dc2ab",97,500,30,30,2,"red",1976
"55d4d11258c35800113dc2ab",98,400,19,10,2,"red",1927
"55d4d11258c35800113dc2ab",99,500,28,23,10,"red",2648
"55d4d11258c35800113dc2ab",100,500,34,37,20,"red",1575
"55d4d11258c35800113dc2ab",101,600,25,26,20,"red",3607
"55d4d11258c35800113dc2ab",102,600,35,29,2,"red",3079
"55d4d11258c35800113dc2ab",103,600,17,9,10,"red",1972
"55d4d11258c35800113dc2ab",104,400,21,32,10,"red",1674
"55d4d11258c35800113dc2ab",105,500,25,28,20,"red",2301
"55d4d11258c35800113dc2ab",106,400,14,28,10,"red",3432
"55d4d11258c35800113dc2ab",107,400,20,15,20,"red",3210
"55d4d11258c35800113dc2ab",108,500,36,33,10,"red",3104
"55d4d11258c35800113dc2ab",109,500,35,37,20,"red",2277
"55d4d11258c35800113dc2ab",111,500,28,28,2,"red",1824
"55d4d11258c35800113dc2ab",112,500,19,7,2,"red",1669
"55d4d11258c35800113dc2ab",113,500,14,14,20,"red",1735
"55d4d11258c35800113dc2ab",114,400,36,39,10,"red",1755
"55d4d11258c35800113dc2ab",115,600,18,29,10,"red",1748
"56e6a66af6ed900006a5867c",21,600,19,13,20,"blue",3258
"56e6a66af6ed900006a5867c",22,400,29,16,2,"blue",2251
"56e6a66af6ed900006a5867c",23,400,27,15,20,"blue",2184
"56e6a66af6ed900006a5867c",24,500,20,14,20,"blue",2162
"56e6a66af6ed900006a5867c",25,600,14,13,2,"blue",2402
"56e6a66af6ed900006a5867c",26,600,24,18,10,"blue",1806
"56e6a66af6ed900006a5867c",27,600,17,14,10,"blue",2430
"56e6a66af6ed900006a5867c",28,500,16,11,2,"blue",1777
"56e6a66af6ed900006a5867c",29,400,35,21,20,"blue",1665
"56e6a66af6ed900006a5867c",30,500,24,17,2,"blue",1689
"56e6a66af6ed900006a5867c",31,600,26,20,10,"blue",2253
"56e6a66af6ed900006a5867c",32,400,36,21,20,"blue",1844
"56e6a66af6ed900006a5867c",33,400,21,16,10,"blue",2239
"56e6a66af6ed900006a5867c",34,500,28,21,10,"blue",2023
"56e6a66af6ed900006a5867c",35,400,18,13,2,"blue",2620
"56e6a66af6ed900006a5867c",36,500,31,21,20,"blue",3010
"56e6a66af6ed900006a5867c",37,400,36,22,2,"blue",2109
"56e6a66af6ed900006a5867c",38,400,34,22,2,"blue",1953
"56e6a66af6ed900006a5867c",39,600,18,16,20,"blue",2378
"56e6a66af6ed900006a5867c",40,600,26,19,10,"blue",2271
"56e6a66af6ed900006a5867c",41,600,16,14,20,"blue",1801
"56e6a66af6ed900006a5867c",42,500,27,22,20,"blue",1829
"56e6a66af6ed900006a5867c",43,500,24,18,10,"blue",2085
"56e6a66af6ed900006a5867c",44,600,29,17,20,"blue",2248
"56e6a66af6ed900006a5867c",45,500,27,19,20,"blue",2586
"56e6a66af6ed900006a5867c",46,400,24,19,10,"blue",2340
"56e6a66af6ed900006a5867c",47,500,26,19,10,"blue",2021
"56e6a66af6ed900006a5867c",48,500,36,26,20,"blue",2076
"56e6a66af6ed900006a5867c",49,400,22,18,2,"blue",3289
"56e6a66af6ed900006a5867c",50,600,22,15,2,"blue",2123
"56e6a66af6ed900006a5867c",51,500,32,21,20,"blue",2574
"56e6a66af6ed900006a5867c",52,500,19,14,10,"blue",2805
"56e6a66af6ed900006a5867c",53,600,21,15,2,"blue",1669
"56e6a66af6ed900006a5867c",54,500,24,16,2,"blue",2059
"56e6a66af6ed900006a5867c",55,500,36,21,2,"blue",2202
"56e6a66af6ed900006a5867c",56,400,17,17,20,"blue",2450
"56e6a66af6ed900006a5867c",57,500,24,18,2,"blue",1909
"56e6a66af6ed900006a5867c",58,400,16,15,10,"blue",1889
"56e6a66af6ed900006a5867c",59,400,14,15,2,"blue",1987
"56e6a66af6ed900006a5867c",60,400,29,21,10,"blue",1676
"56e6a66af6ed900006a5867c",61,600,14,15,10,"blue",2117
"56e6a66af6ed900006a5867c",62,400,30,24,2,"blue",1884
"56e6a66af6ed900006a5867c",63,400,35,26,20,"blue",3444
"56e6a66af6ed900006a5867c",64,500,32,27,20,"blue",2324
"56e6a66af6ed900006a5867c",65,500,17,15,2,"blue",3263
"56e6a66af6ed900006a5867c",66,500,22,19,10,"blue",1883
"56e6a66af6ed900006a5867c",67,400,32,23,10,"blue",1903
"56e6a66af6ed900006a5867c",68,500,29,22,10,"blue",2027
"56e6a66af6ed900006a5867c",69,500,26,17,20,"red",3328
"56e6a66af6ed900006a5867c",70,500,28,18,20,"red",2431
"56e6a66af6ed900006a5867c",71,600,23,18,10,"red",1894
"56e6a66af6ed900006a5867c",72,500,30,19,10,"red",2285
"56e6a66af6ed900006a5867c",73,600,34,27,10,"red",2981
"56e6a66af6ed900006a5867c",74,600,16,12,10,"red",2151
"56e6a66af6ed900006a5867c",75,500,22,15,2,"red",3689
"56e6a66af6ed900006a5867c",76,400,24,18,2,"red",2934
"56e6a66af6ed900006a5867c",77,600,27,21,10,"red",3112
"56e6a66af6ed900006a5867c",78,500,18,16,20,"red",2546
"56e6a66af6ed900006a5867c",79,600,25,19,10,"red",2193
"56e6a66af6ed900006a5867c",80,600,19,20,20,"red",2595
"56e6a66af6ed900006a5867c",81,400,28,23,2,"red",2141
"56e6a66af6ed900006a5867c",82,500,26,22,20,"red",2340
"56e6a66af6ed900006a5867c",83,400,20,15,10,"red",2779
"56e6a66af6ed900006a5867c",84,500,32,25,20,"red",2236
"56e6a66af6ed900006a5867c",85,400,26,22,20,"red",2448
"56e6a66af6ed900006a5867c",86,500,32,29,10,"red",3030
"56e6a66af6ed900006a5867c",87,600,36,30,20,"red",2851
"56e6a66af6ed900006a5867c",89,400,28,28,10,"red",2359
"56e6a66af6ed900006a5867c",90,600,21,19,20,"red",3740
"56e6a66af6ed900006a5867c",91,500,14,15,20,"red",2914
"56e6a66af6ed900006a5867c",92,500,36,28,20,"red",2623
"56e6a66af6ed900006a5867c",93,600,21,16,2,"red",2161
"56e6a66af6ed900006a5867c",94,600,18,14,2,"red",2471
"56e6a66af6ed900006a5867c",95,400,14,12,20,"red",2050
"56e6a66af6ed900006a5867c",96,600,27,17,2,"red",2903
"56e6a66af6ed900006a5867c",97,400,29,23,2,"red",2623
"56e6a66af6ed900006a5867c",98,500,30,24,10,"red",2567
"56e6a66af6ed900006a5867c",99,600,30,20,10,"red",2908
"56e6a66af6ed900006a5867c",100,400,28,21,20,"red",2018
"56e6a66af6ed900006a5867c",101,600,29,24,10,"red",2490
"56e6a66af6ed900006a5867c",102,600,19,16,2,"red",3178
"56e6a66af6ed900006a5867c",103,600,18,15,2,"red",2049
"56e6a66af6ed900006a5867c",104,400,26,24,10,"red",2607
"56e6a66af6ed900006a5867c",105,500,29,26,10,"red",2322
"56e6a66af6ed900006a5867c",106,500,22,16,2,"red",2608
"56e6a66af6ed900006a5867c",107,400,17,15,2,"red",2260
"56e6a66af6ed900006a5867c",108,600,19,16,20,"red",2619
"56e6a66af6ed900006a5867c",109,600,28,24,10,"red",3200
"56e6a66af6ed900006a5867c",111,600,26,23,2,"red",2482
"56e6a66af6ed900006a5867c",112,600,20,17,2,"red",3254
"56e6a66af6ed900006a5867c",113,600,25,18,2,"red",2348
"56e6a66af6ed900006a5867c",114,400,23,18,2,"red",2259
"56e6a66af6ed900006a5867c",115,400,19,16,2,"red",1830
"56e6a66af6ed900006a5867c",116,500,22,19,10,"red",2154
"57bfc1beef05670001ee84c2",21,400,14,27,20,"blue",2680
"57bfc1beef05670001ee84c2",22,400,32,25,10,"blue",1708
"57bfc1beef05670001ee84c2",23,600,18,13,2,"blue",2534
"57bfc1beef05670001ee84c2",24,600,34,33,2,"blue",1744
"57bfc1beef05670001ee84c2",25,400,16,23,10,"blue",2510
"57bfc1beef05670001ee84c2",26,400,36,29,20,"blue",2252
"57bfc1beef05670001ee84c2",27,400,31,29,2,"blue",1690
"57bfc1beef05670001ee84c2",28,500,14,15,20,"blue",2009
"57bfc1beef05670001ee84c2",29,600,30,24,20,"blue",1855
"57bfc1beef05670001ee84c2",30,600,21,22,20,"blue",2223
"57bfc1beef05670001ee84c2",31,400,30,26,20,"blue",1924
"57bfc1beef05670001ee84c2",32,600,33,30,20,"blue",2276
"57bfc1beef05670001ee84c2",33,500,36,26,10,"blue",2476
"57bfc1beef05670001ee84c2",34,500,20,17,10,"blue",1646
"57bfc1beef05670001ee84c2",35,500,36,33,2,"blue",2195
"57bfc1beef05670001ee84c2",36,400,28,25,10,"blue",1710
"57bfc1beef05670001ee84c2",37,400,15,16,10,"blue",1907
"57bfc1beef05670001ee84c2",38,600,27,25,2,"blue",1686
"57bfc1beef05670001ee84c2",39,500,17,16,2,"blue",1575
"57bfc1beef05670001ee84c2",40,500,33,21,10,"blue",2477
"57bfc1beef05670001ee84c2",41,600,20,17,2,"blue",1608
"57bfc1beef05670001ee84c2",43,400,28,20,20,"blue",2069
"57bfc1beef05670001ee84c2",44,400,17,20,10,"blue",1901
"57bfc1beef05670001ee84c2",46,500,14,13,10,"blue",2211
"57bfc1beef05670001ee84c2",47,600,30,25,10,"blue",1823
"57bfc1beef05670001ee84c2",48,600,25,21,20,"blue",1755
"57bfc1beef05670001ee84c2",49,500,22,18,2,"blue",2582
"57bfc1beef05670001ee84c2",50,400,15,16,20,"blue",1875
"57bfc1beef05670001ee84c2",51,500,16,15,20,"blue",1367
"57bfc1beef05670001ee84c2",52,500,24,24,2,"blue",1635
"57bfc1beef05670001ee84c2",53,600,31,29,20,"blue",1850
"57bfc1beef05670001ee84c2",54,500,35,30,2,"blue",1622
"57bfc1beef05670001ee84c2",55,600,22,21,2,"blue",1244
"57bfc1beef05670001ee84c2",56,500,36,37,2,"blue",1712
"57bfc1beef05670001ee84c2",57,400,34,28,20,"blue",2015
"57bfc1beef05670001ee84c2",58,500,22,27,20,"blue",1602
"57bfc1beef05670001ee84c2",59,500,21,26,10,"blue",1375
"57bfc1beef05670001ee84c2",60,600,14,16,20,"blue",2115
"57bfc1beef05670001ee84c2",61,600,33,30,10,"blue",1741
"57bfc1beef05670001ee84c2",62,600,34,37,2,"blue",2096
"57bfc1beef05670001ee84c2",63,500,23,25,10,"blue",1787
"57bfc1beef05670001ee84c2",64,600,30,34,10,"blue",1837
"57bfc1beef05670001ee84c2",65,500,25,19,2,"blue",2329
"57bfc1beef05670001ee84c2",66,500,27,25,2,"blue",1843
"57bfc1beef05670001ee84c2",67,600,15,16,10,"blue",1462
"57bfc1beef05670001ee84c2",68,400,30,30,10,"blue",1522
"57bfc1beef05670001ee84c2",69,500,30,21,20,"red",1610
"57bfc1beef05670001ee84c2",70,400,29,29,2,"red",1225
"57bfc1beef05670001ee84c2",71,500,26,32,2,"red",1870
"57bfc1beef05670001ee84c2",72,600,21,26,10,"red",1512
"57bfc1beef05670001ee84c2",73,500,14,18,2,"red",1380
"57bfc1beef05670001ee84c2",74,600,32,34,10,"red",1837
"57bfc1beef05670001ee84c2",75,500,31,28,2,"red",1426
"57bfc1beef05670001ee84c2",76,600,14,15,2,"red",1623
"57bfc1beef05670001ee84c2",77,400,23,19,2,"red",1300
"57bfc1beef05670001ee84c2",78,500,14,12,20,"red",2154
"57bfc1beef05670001ee84c2",79,500,27,23,20,"red",1328
"57bfc1beef05670001ee84c2",80,500,29,29,20,"red",1973
"57bfc1beef05670001ee84c2",81,600,30,24,20,"red",2260
"57bfc1beef05670001ee84c2",82,500,29,31,10,"red",1553
"57bfc1beef05670001ee84c2",83,500,22,19,2,"red",1597
"57bfc1beef05670001ee84c2",84,600,27,26,2,"red",1138
"57bfc1beef05670001ee84c2",85,500,19,16,2,"red",1198
"57bfc1beef05670001ee84c2",86,500,31,35,10,"red",1762
"57bfc1beef05670001ee84c2",87,400,14,12,20,"red",1796
"57bfc1beef05670001ee84c2",88,500,18,22,10,"red",1921
"57bfc1beef05670001ee84c2",89,500,29,31,20,"red",1627
"57bfc1beef05670001ee84c2",90,500,23,25,20,"red",1674
"57bfc1beef05670001ee84c2",91,600,18,22,10,"red",1825
"57bfc1beef05670001ee84c2",92,500,35,38,10,"red",1882
"57bfc1beef05670001ee84c2",93,500,19,21,2,"red",1805
"57bfc1beef05670001ee84c2",94,600,15,16,2,"red",1479
"57bfc1beef05670001ee84c2",95,400,31,28,2,"red",1651
"57bfc1beef05670001ee84c2",96,500,27,28,10,"red",1528
"57bfc1beef05670001ee84c2",97,600,16,16,20,"red",2265
"57bfc1beef05670001ee84c2",98,600,26,26,20,"red",1487
"57bfc1beef05670001ee84c2",99,600,33,32,10,"red",1537
"57bfc1beef05670001ee84c2",100,400,18,18,10,"red",1553
"57bfc1beef05670001ee84c2",101,500,19,22,20,"red",1211
"57bfc1beef05670001ee84c2",102,400,16,17,20,"red",1191
"57bfc1beef05670001ee84c2",103,500,14,12,20,"red",1321
"57bfc1beef05670001ee84c2",104,600,30,28,20,"red",1247
"57bfc1beef05670001ee84c2",105,500,26,21,2,"red",1088
"57bfc1beef05670001ee84c2",106,500,36,33,2,"red",1204
"57bfc1beef05670001ee84c2",107,500,33,27,10,"red",1305
"57bfc1beef05670001ee84c2",108,600,34,32,2,"red",1241
"57bfc1beef05670001ee84c2",109,500,19,16,10,"red",1341
"57bfc1beef05670001ee84c2",110,500,30,27,10,"red",1399
"57bfc1beef05670001ee84c2",111,600,17,15,2,"red",1572
"57bfc1beef05670001ee84c2",112,600,25,25,10,"red",1635
"57bfc1beef05670001ee84c2",113,500,14,12,20,"red",1347
"57bfc1beef05670001ee84c2",114,600,19,16,10,"red",1240
"57bfc1beef05670001ee84c2",115,400,18,23,10,"red",1398
"57bfc1beef05670001ee84c2",116,600,25,15,20,"red",1864
"5930c7fdfa699e0001017cc1",21,600,34,27,20,"blue",2050
"5930c7fdfa699e0001017cc1",22,600,28,26,10,"blue",1334
"5930c7fdfa699e0001017cc1",23,400,29,26,2,"blue",1473
"5930c7fdfa699e0001017cc1",24,400,26,22,20,"blue",1423
"5930c7fdfa699e0001017cc1",25,400,30,25,20,"blue",1205
"5930c7fdfa699e0001017cc1",26,400,18,24,2,"blue",1290
"5930c7fdfa699e0001017cc1",27,400,31,27,2,"blue",1177
"5930c7fdfa699e0001017cc1",28,500,26,23,20,"blue",1241
"5930c7fdfa699e0001017cc1",29,500,30,22,2,"blue",1734
"5930c7fdfa699e0001017cc1",30,500,18,23,2,"blue",1679
"5930c7fdfa699e0001017cc1",31,600,35,25,2,"blue",1531
"5930c7fdfa699e0001017cc1",32,600,32,27,10,"blue",1310
"5930c7fdfa699e0001017cc1",33,500,25,28,20,"blue",1515
"5930c7fdfa699e0001017cc1",34,600,16,22,10,"blue",1339
"5930c7fdfa699e0001017cc1",35,500,31,24,20,"blue",1254
"5930c7fdfa699e0001017cc1",36,600,19,21,10,"blue",1319
"5930c7fdfa699e0001017cc1",37,400,16,18,10,"blue",1619
"5930c7fdfa699e0001017cc1",38,600,23,20,2,"blue",1692
"5930c7fdfa699e0001017cc1",39,500,31,23,2,"blue",1266
"5930c7fdfa699e0001017cc1",40,600,24,22,20,"blue",1547
"5930c7fdfa699e0001017cc1",41,600,18,19,2,"blue",1826
"5930c7fdfa699e0001017cc1",42,400,19,15,2,"blue",1418
"5930c7fdfa699e0001017cc1",43,400,20,16,20,"blue",1514
"5930c7fdfa699e0001017cc1",44,500,18,18,20,"blue",1470
"5930c7fdfa699e0001017cc1",45,500,23,24,2,"blue",2036
"5930c7fdfa699e0001017cc1",46,500,36,23,10,"blue",1361
"5930c7fdfa699e0001017cc1",47,500,23,27,10,"blue",1599
"5930c7fdfa699e0001017cc1",48,600,18,22,20,"blue",1281
"5930c7fdfa699e0001017cc1",49,600,22,27,20,"blue",1431
"5930c7fdfa699e0001017cc1",50,500,31,25,10,"blue",1052
"5930c7fdfa699e0001017cc1",51,500,31,26,2,"blue",1112
"5930c7fdfa699e0001017cc1",52,500,23,25,10,"blue",1454
"5930c7fdfa699e0001017cc1",53,400,18,20,20,"blue",1349
"5930c7fdfa699e0001017cc1",54,600,17,23,2,"blue",1705
"5930c7fdfa699e0001017cc1",55,400,19,20,2,"blue",1268
"5930c7fdfa699e0001017cc1",56,600,23,20,2,"blue",1415
"5930c7fdfa699e0001017cc1",57,500,26,22,20,"blue",1338
"5930c7fdfa699e0001017cc1",58,500,21,22,20,"blue",1462
"5930c7fdfa699e0001017cc1",59,400,32,27,2,"blue",1358
"5930c7fdfa699e0001017cc1",60,400,23,26,10,"blue",1424
"5930c7fdfa699e0001017cc1",61,400,14,20,10,"blue",1334
"5930c7fdfa699e0001017cc1",62,600,18,21,20,"blue",1159
"5930c7fdfa699e0001017cc1",63,500,34,32,10,"blue",2083
"5930c7fdfa699e0001017cc1",64,600,26,29,20,"blue",2331
"5930c7fdfa699e0001017cc1",66,600,35,29,10,"blue",1484
"5930c7fdfa699e0001017cc1",67,500,17,22,10,"blue",1802
"5930c7fdfa699e0001017cc1",68,400,33,29,10,"blue",1602
"5930c7fdfa699e0001017cc1",69,400,31,28,10,"red",1605
"5930c7fdfa699e0001017cc1",70,600,32,24,2,"red",1541
"5930c7fdfa699e0001017cc1",71,500,27,22,2,"red",1448
"5930c7fdfa699e0001017cc1",72,500,34,18,2,"red",1692
"5930c7fdfa699e0001017cc1",73,500,20,19,2,"red",1789
"5930c7fdfa699e0001017cc1",74,600,31,23,10,"red",1841
"5930c7fdfa699e0001017cc1",75,400,14,19,20,"red",2176
"5930c7fdfa699e0001017cc1",76,600,21,19,2,"red",1339
"5930c7fdfa699e0001017cc1",77,400,21,17,10,"red",1649
"5930c7fdfa699e0001017cc1",78,500,16,19,20,"red",1512
"5930c7fdfa699e0001017cc1",79,500,33,25,10,"red",1762
"5930c7fdfa699e0001017cc1",80,600,24,26,20,"red",1440
"5930c7fdfa699e0001017cc1",81,600,34,29,2,"red",1319
"5930c7fdfa699e0001017cc1",82,500,22,28,10,"red",1427
"5930c7fdfa699e0001017cc1",83,600,24,26,20,"red",1322
"5930c7fdfa699e0001017cc1",84,600,29,28,20,"red",1222
"5930c7fdfa699e0001017cc1",85,500,22,29,10,"red",1153
"5930c7fdfa699e0001017cc1",86,500,34,32,2,"red",1056
"5930c7fdfa699e0001017cc1",87,600,36,34,2,"red",1336
"5930c7fdfa699e0001017cc1",88,400,14,22,20,"red",1187
"5930c7fdfa699e0001017cc1",89,600,18,21,20,"red",1056
"5930c7fdfa699e0001017cc1",90,600,14,15,20,"red",1541
"5930c7fdfa699e0001017cc1",91,500,14,23,20,"red",1538
"5930c7fdfa699e0001017cc1",92,600,20,19,10,"red",1270
"5930c7fdfa699e0001017cc1",93,400,31,31,20,"red",1515
"5930c7fdfa699e0001017cc1",94,400,35,27,20,"red",1288
"5930c7fdfa699e0001017cc1",95,500,19,19,10,"red",1206
"5930c7fdfa699e0001017cc1",96,600,35,34,10,"red",1506
"5930c7fdfa699e0001017cc1",97,500,19,21,2,"red",1174
"5930c7fdfa699e0001017cc1",98,400,18,22,10,"red",1266
"5930c7fdfa699e0001017cc1",99,600,27,28,2,"red",1533
"5930c7fdfa699e0001017cc1",100,600,28,32,10,"red",1269
"5930c7fdfa699e0001017cc1",101,500,15,14,2,"red",1382
"5930c7fdfa699e0001017cc1",102,400,26,27,10,"red",1058
"5930c7fdfa699e0001017cc1",103,400,26,23,2,"red",1465
"5930c7fdfa699e0001017cc1",104,500,14,18,20,"red",1929
"5930c7fdfa699e0001017cc1",105,600,14,17,2,"red",1585
"5930c7fdfa699e0001017cc1",106,600,14,14,2,"red",1534
"5930c7fdfa699e0001017cc1",107,600,23,19,20,"red",1702
"5930c7fdfa699e0001017cc1",108,400,24,21,10,"red",1468
"5930c7fdfa699e0001017cc1",109,400,23,23,10,"red",1286
"5930c7fdfa699e0001017cc1",110,400,33,27,2,"red",970
"5930c7fdfa699e0001017cc1",111,400,24,16,20,"red",1153
"5930c7fdfa699e0001017cc1",112,500,31,31,2,"red",1587
"5930c7fdfa699e0001017cc1",113,500,22,28,20,"red",1504
"5930c7fdfa699e0001017cc1",114,400,28,31,20,"red",1307
"5930c7fdfa699e0001017cc1",115,400,22,31,10,"red",1009
"5930c7fdfa699e0001017cc1",116,600,18,22,10,"red",1693
"593890eac6aa16000101f037",21,400,35,21,2,"blue",1854
"593890eac6aa16000101f037",22,500,36,18,10,"blue",2590
"593890eac6aa16000101f037",23,400,14,16,10,"blue",2891
"593890eac6aa16000101f037",24,400,27,17,2,"blue",2333
"593890eac6aa16000101f037",27,400,20,17,20,"blue",2912
"593890eac6aa16000101f037",28,400,16,10,2,"blue",2226
"593890eac6aa16000101f037",29,500,25,17,10,"blue",2039
"593890eac6aa16000101f037",30,500,26,17,10,"blue",3166
"593890eac6aa16000101f037",31,500,36,24,10,"blue",1615
"593890eac6aa16000101f037",32,400,17,14,20,"blue",1443
"593890eac6aa16000101f037",33,400,33,29,2,"blue",3181
"593890eac6aa16000101f037",34,500,16,13,10,"blue",1643
"593890eac6aa16000101f037",35,400,35,23,20,"blue",1981
"593890eac6aa16000101f037",36,600,14,15,20,"blue",2393
"593890eac6aa16000101f037",37,600,25,22,20,"blue",1906
"593890eac6aa16000101f037",38,600,24,19,2,"blue",1626
"593890eac6aa16000101f037",39,600,14,11,20,"blue",1813
"593890eac6aa16000101f037",40,600,28,21,20,"blue",1898
"593890eac6aa16000101f037",41,500,35,24,10,"blue",1440
"593890eac6aa16000101f037",42,600,22,17,20,"blue",1633
"593890eac6aa16000101f037",43,500,25,20,20,"blue",1326
"593890eac6aa16000101f037",44,500,22,12,10,"blue",2396
"593890eac6aa16000101f037",45,600,30,19,2,"blue",1996
"593890eac6aa16000101f037",46,400,23,22,10,"blue",2507
"593890eac6aa16000101f037",47,600,14,15,10,"blue",1089
"593890eac6aa16000101f037",48,500,36,21,2,"blue",1596
"593890eac6aa16000101f037",49,400,28,22,2,"blue",2444
"593890eac6aa16000101f037",50,500,28,22,2,"blue",1810
"593890eac6aa16000101f037",51,500,31,26,2,"blue",2713
"593890eac6aa16000101f037",54,600,36,29,20,"blue",2966
"593890eac6aa16000101f037",55,500,30,21,20,"blue",1693
"593890eac6aa16000101f037",56,400,36,26,20,"blue",1256
"593890eac6aa16000101f037",57,400,25,21,2,"blue",1647
"593890eac6aa16000101f037",58,500,21,19,10,"blue",2331
"593890eac6aa16000101f037",59,600,26,23,20,"blue",1656
"593890eac6aa16000101f037",60,400,29,22,10,"blue",2099
"593890eac6aa16000101f037",61,600,22,20,20,"blue",1446
"593890eac6aa16000101f037",62,400,29,21,10,"blue",1108
"593890eac6aa16000101f037",63,500,32,22,2,"blue",1546
"593890eac6aa16000101f037",64,500,36,25,10,"blue",2401
"593890eac6aa16000101f037",65,400,18,14,2,"blue",1417
"593890eac6aa16000101f037",66,500,34,20,20,"blue",2338
"593890eac6aa16000101f037",67,600,35,25,10,"blue",1309
"593890eac6aa16000101f037",68,600,30,18,10,"blue",2051
"593890eac6aa16000101f037",69,600,16,8,2,"red",1781
"593890eac6aa16000101f037",70,600,35,25,2,"red",1516
"593890eac6aa16000101f037",71,400,33,25,20,"red",1941
"593890eac6aa16000101f037",72,400,34,26,2,"red",1922
"593890eac6aa16000101f037",73,400,30,21,10,"red",1804
"593890eac6aa16000101f037",74,600,29,23,10,"red",1557
"593890eac6aa16000101f037",75,600,23,21,10,"red",2867
"593890eac6aa16000101f037",76,400,35,31,2,"red",1800
"593890eac6aa16000101f037",77,500,17,15,2,"red",1647
"593890eac6aa16000101f037",78,500,15,9,2,"red",1133
"593890eac6aa16000101f037",79,400,36,27,10,"red",1924
"593890eac6aa16000101f037",80,500,17,17,10,"red",1520
"593890eac6aa16000101f037",81,500,15,5,2,"red",1119
"593890eac6aa16000101f037",82,500,15,15,2,"red",2675
"593890eac6aa16000101f037",83,600,29,24,10,"red",1930
"593890eac6aa16000101f037",84,600,20,10,2,"red",1277
"593890eac6aa16000101f037",85,500,33,20,2,"red",2071
"593890eac6aa16000101f037",86,400,19,17,10,"red",1067
"593890eac6aa16000101f037",87,400,20,13,2,"red",1484
"593890eac6aa16000101f037",88,600,25,17,20,"red",1777
"593890eac6aa16000101f037",89,600,17,15,20,"red",1683
"593890eac6aa16000101f037",90,600,29,21,20,"red",1539
"593890eac6aa16000101f037",91,600,16,12,2,"red",1927
"593890eac6aa16000101f037",92,400,21,12,2,"red",2014
"593890eac6aa16000101f037",93,500,26,20,2,"red",1919
"593890eac6aa16000101f037",94,600,19,11,20,"red",2465
"593890eac6aa16000101f037",95,600,33,21,10,"red",1658
"593890eac6aa16000101f037",96,400,16,10,20,"red",1399
"593890eac6aa16000101f037",97,600,36,31,10,"red",2165
"593890eac6aa16000101f037",98,500,24,21,10,"red",1688
"593890eac6aa16000101f037",99,500,26,18,10,"red",1383
"593890eac6aa16000101f037",100,500,24,18,20,"red",1708
"593890eac6aa16000101f037",101,400,27,17,10,"red",1907
"593890eac6aa16000101f037",102,500,18,20,20,"red",2757
"593890eac6aa16000101f037",103,400,17,13,20,"red",1831
"593890eac6aa16000101f037",104,400,33,26,10,"red",1598
"593890eac6aa16000101f037",105,500,26,27,2,"red",1904
"593890eac6aa16000101f037",106,600,25,22,20,"red",1926
"593890eac6aa16000101f037",107,600,27,17,20,"red",1634
"593890eac6aa16000101f037",108,600,23,17,20,"red",2130
"593890eac6aa16000101f037",109,500,20,17,10,"red",1852
"593890eac6aa16000101f037",110,600,32,27,2,"red",2184
"593890eac6aa16000101f037",111,500,20,18,10,"red",2059
"593890eac6aa16000101f037",112,600,34,30,10,"red",2038
"593890eac6aa16000101f037",113,600,21,10,20,"red",2080
"593890eac6aa16000101f037",114,400,26,15,20,"red",1775
"593890eac6aa16000101f037",115,600,25,17,20,"red",1296
"593890eac6aa16000101f037",116,500,19,14,20,"red",1694
"5969496f06679c00014b818e",21,400,34,23,20,"red",2404
"5969496f06679c00014b818e",22,500,29,16,2,"red",2488
"5969496f06679c00014b818e",23,400,14,11,20,"red",1726
"5969496f06679c00014b818e",24,500,33,29,2,"red",1973
"5969496f06679c00014b818e",25,500,20,18,20,"red",1797
"5969496f06679c00014b818e",26,500,30,27,10,"red",2702
"5969496f06679c00014b818e",27,500,27,27,10,"red",1879
"5969496f06679c00014b818e",28,400,32,21,20,"red",1888
"5969496f06679c00014b818e",30,400,22,20,20,"red",1722
"5969496f06679c00014b818e",31,500,27,11,2,"red",2268
"5969496f06679c00014b818e",32,500,15,18,10,"red",2962
"5969496f06679c00014b818e",33,500,36,25,10,"red",1954
"5969496f06679c00014b818e",34,500,32,33,10,"red",2031
"5969496f06679c00014b818e",35,500,25,22,10,"red",3126
"5969496f06679c00014b818e",36,500,29,17,2,"red",2002
"5969496f06679c00014b818e",37,400,17,10,20,"red",3105
"5969496f06679c00014b818e",38,600,23,18,10,"red",1612
"5969496f06679c00014b818e",39,500,35,19,2,"red",2150
"5969496f06679c00014b818e",40,600,24,17,10,"red",1649
"5969496f06679c00014b818e",41,600,23,14,10,"red",2053
"5969496f06679c00014b818e",42,600,16,9,2,"red",2279
"5969496f06679c00014b818e",43,600,23,10,20,"red",2327
"5969496f06679c00014b818e",44,500,33,18,2,"red",2899
"5969496f06679c00014b818e",45,600,16,9,20,"red",2425
"5969496f06679c00014b818e",46,400,32,21,2,"red",1931
"5969496f06679c00014b818e",47,400,18,8,20,"red",1682
"5969496f06679c00014b818e",48,500,18,13,2,"red",2430
"5969496f06679c00014b818e",49,500,31,18,20,"red",2403
"5969496f06679c00014b818e",50,500,32,31,10,"red",2079
"5969496f06679c00014b818e",51,500,27,19,20,"red",2188
"5969496f06679c00014b818e",52,500,31,24,20,"red",2182
"5969496f06679c00014b818e",53,400,36,31,2,"red",1745
"5969496f06679c00014b818e",54,400,22,20,10,"red",2076
"5969496f06679c00014b818e",55,400,19,15,2,"red",2018
"5969496f06679c00014b818e",56,400,25,21,2,"red",2385
"5969496f06679c00014b818e",57,500,31,17,2,"red",3262
"5969496f06679c00014b818e",58,400,29,25,10,"red",2252
"5969496f06679c00014b818e",59,400,22,15,10,"red",1981
"5969496f06679c00014b818e",61,500,34,23,2,"red",2532
"5969496f06679c00014b818e",62,500,14,12,20,"red",1608
"5969496f06679c00014b818e",63,500,29,11,20,"red",1919
"5969496f06679c00014b818e",64,600,16,9,10,"red",1366
"5969496f06679c00014b818e",65,500,20,7,2,"red",1485
"5969496f06679c00014b818e",66,600,22,11,2,"red",2675
"5969496f06679c00014b818e",67,400,26,19,10,"red",1918
"5969496f06679c00014b818e",68,500,20,20,20,"red",2407
"5969496f06679c00014b818e",69,600,33,19,2,"blue",2464
"5969496f06679c00014b818e",70,500,15,8,2,"blue",3099
"5969496f06679c00014b818e",71,400,27,18,10,"blue",2181
"5969496f06679c00014b818e",72,600,32,24,10,"blue",2366
"5969496f06679c00014b818e",73,500,14,20,2,"blue",2541
"5969496f06679c00014b818e",74,400,34,33,10,"blue",1982
"5969496f06679c00014b818e",75,600,35,27,20,"blue",2627
"5969496f06679c00014b818e",76,400,17,15,20,"blue",1723
"5969496f06679c00014b818e",77,400,36,31,20,"blue",2316
"5969496f06679c00014b818e",78,600,31,24,20,"blue",2294
"5969496f06679c00014b818e",79,600,27,27,10,"blue",1718
"5969496f06679c00014b818e",80,600,32,33,20,"blue",1990
"5969496f06679c00014b818e",81,400,36,30,2,"blue",1615
"5969496f06679c00014b818e",82,600,27,24,10,"blue",1756
"5969496f06679c00014b818e",83,600,27,31,20,"blue",1771
"5969496f06679c00014b818e",84,400,29,34,10,"blue",3473
"5969496f06679c00014b818e",85,600,28,27,2,"blue",3705
"5969496f06679c00014b818e",86,400,26,31,10,"blue",2657
"5969496f06679c00014b818e",87,600,36,34,10,"blue",2104
"5969496f06679c00014b818e",88,500,34,28,2,"blue",3063
"5969496f06679c00014b818e",89,400,30,27,2,"blue",2372
"5969496f06679c00014b818e",90,500,29,28,2,"blue",2364
"5969496f06679c00014b818e",91,500,34,33,10,"blue",1875
"5969496f06679c00014b818e",92,600,29,28,20,"blue",2077
"5969496f06679c00014b818e",93,600,32,27,10,"blue",3391
"5969496f06679c00014b818e",94,600,27,19,10,"blue",1913
"5969496f06679c00014b818e",95,500,28,20,2,"blue",2041
"5969496f06679c00014b818e",96,600,35,30,20,"blue",2911
"5969496f06679c00014b818e",98,400,16,10,20,"blue",1827
"5969496f06679c00014b818e",99,500,24,17,20,"blue",2338
"5969496f06679c00014b818e",100,400,21,17,20,"blue",1565
"5969496f06679c00014b818e",102,600,32,25,2,"blue",1910
"5969496f06679c00014b818e",103,500,23,29,10,"blue",3273
"5969496f06679c00014b818e",104,600,17,23,10,"blue",2548
"5969496f06679c00014b818e",105,400,32,32,20,"blue",2978
"5969496f06679c00014b818e",107,500,33,16,2,"blue",2446
"5969496f06679c00014b818e",108,500,21,14,20,"blue",2932
"5969496f06679c00014b818e",109,400,26,9,2,"blue",2191
"5969496f06679c00014b818e",110,600,36,36,10,"blue",1809
"5969496f06679c00014b818e",111,600,26,18,2,"blue",1734
"5969496f06679c00014b818e",112,600,27,14,2,"blue",1818
"5969496f06679c00014b818e",113,400,30,14,10,"blue",2495
"5969496f06679c00014b818e",114,400,28,16,20,"blue",3289
"5969496f06679c00014b818e",115,600,31,24,20,"blue",3212
"5969496f06679c00014b818e",116,600,23,14,20,"blue",2426
"5a33d736bf4d770001e6097a",22,500,32,31,20,"blue",3305
"5a33d736bf4d770001e6097a",23,500,36,32,20,"blue",3582
"5a33d736bf4d770001e6097a",24,600,36,22,2,"blue",3055
"5a33d736bf4d770001e6097a",25,400,36,33,20,"blue",4087
"5a33d736bf4d770001e6097a",26,500,16,12,2,"blue",5851
"5a33d736bf4d770001e6097a",27,600,23,21,2,"blue",3570
"5a33d736bf4d770001e6097a",31,600,22,13,2,"blue",3839
"5a33d736bf4d770001e6097a",32,500,15,25,20,"blue",3977
"5a33d736bf4d770001e6097a",33,500,31,33,2,"blue",3869
"5a33d736bf4d770001e6097a",34,400,16,6,2,"blue",2786
"5a33d736bf4d770001e6097a",35,400,28,15,2,"blue",4269
"5a33d736bf4d770001e6097a",36,600,24,28,20,"blue",3897
"5a33d736bf4d770001e6097a",37,400,27,30,20,"blue",3718
"5a33d736bf4d770001e6097a",38,500,32,34,20,"blue",3802
"5a33d736bf4d770001e6097a",39,500,29,17,20,"blue",4154
"5a33d736bf4d770001e6097a",40,400,29,17,2,"blue",3798
"5a33d736bf4d770001e6097a",41,500,15,21,20,"blue",3852
"5a33d736bf4d770001e6097a",42,600,19,16,2,"blue",3153
"5a33d736bf4d770001e6097a",43,500,23,27,20,"blue",4817
"5a33d736bf4d770001e6097a",44,400,21,27,20,"blue",5153
"5a33d736bf4d770001e6097a",45,600,17,26,20,"blue",4551
"5a33d736bf4d770001e6097a",47,400,18,24,20,"blue",5683
"5a33d736bf4d770001e6097a",48,600,19,19,20,"blue",5251
"5a33d736bf4d770001e6097a",49,400,18,15,2,"blue",3970
"5a33d736bf4d770001e6097a",50,400,20,17,2,"blue",3572
"5a33d736bf4d770001e6097a",51,600,36,30,10,"blue",4235
"5a33d736bf4d770001e6097a",52,600,27,15,2,"blue",4669
"5a33d736bf4d770001e6097a",53,400,21,17,2,"blue",2986
"5a33d736bf4d770001e6097a",54,600,33,29,10,"blue",3404
"5a33d736bf4d770001e6097a",55,600,27,31,10,"blue",3220
"5a33d736bf4d770001e6097a",56,400,14,19,10,"blue",4385
"5a33d736bf4d770001e6097a",57,600,21,27,10,"blue",3035
"5a33d736bf4d770001e6097a",58,400,18,13,10,"blue",3090
"5a33d736bf4d770001e6097a",59,500,21,25,10,"blue",3952
"5a33d736bf4d770001e6097a",60,500,31,29,10,"blue",3786
"5a33d736bf4d770001e6097a",61,600,19,24,10,"blue",2936
"5a33d736bf4d770001e6097a",62,400,15,9,10,"blue",3427
"5a33d736bf4d770001e6097a",63,500,19,23,10,"blue",3061
"5a33d736bf4d770001e6097a",64,500,30,24,10,"blue",5495
"5a33d736bf4d770001e6097a",65,500,24,26,10,"blue",2870
"5a33d736bf4d770001e6097a",66,400,23,32,10,"blue",3284
"5a33d736bf4d770001e6097a",67,600,17,23,10,"blue",3153
"5a33d736bf4d770001e6097a",68,600,28,26,10,"blue",2786
"5a33d736bf4d770001e6097a",69,400,14,14,2,"red",3268
"5a33d736bf4d770001e6097a",70,400,14,9,2,"red",3801
"5a33d736bf4d770001e6097a",71,500,25,26,2,"red",3221
"5a33d736bf4d770001e6097a",72,600,19,16,2,"red",3568
"5a33d736bf4d770001e6097a",73,500,21,23,2,"red",3772
"5a33d736bf4d770001e6097a",74,500,19,22,2,"red",2686
"5a33d736bf4d770001e6097a",75,600,26,24,2,"red",2954
"5a33d736bf4d770001e6097a",76,400,23,23,2,"red",4004
"5a33d736bf4d770001e6097a",77,600,20,19,2,"red",3568
"5a33d736bf4d770001e6097a",78,500,20,20,2,"red",4351
"5a33d736bf4d770001e6097a",79,600,33,23,2,"red",2804
"5a33d736bf4d770001e6097a",80,600,14,10,2,"red",3497
"5a33d736bf4d770001e6097a",81,600,26,20,2,"red",4419
"5a33d736bf4d770001e6097a",82,400,31,29,2,"red",3369
"5a33d736bf4d770001e6097a",83,600,19,26,2,"red",3586
"5a33d736bf4d770001e6097a",84,400,28,25,2,"red",4589
"5a33d736bf4d770001e6097a",85,500,26,20,10,"red",3617
"5a33d736bf4d770001e6097a",86,500,34,35,10,"red",3920
"5a33d736bf4d770001e6097a",87,500,23,24,10,"red",4068
"5a33d736bf4d770001e6097a",88,400,32,25,10,"red",2939
"5a33d736bf4d770001e6097a",89,400,22,23,10,"red",3004
"5a33d736bf4d770001e6097a",90,600,15,14,10,"red",3478
"5a33d736bf4d770001e6097a",91,600,28,33,10,"red",4099
"5a33d736bf4d770001e6097a",92,600,20,10,10,"red",5566
"5a33d736bf4d770001e6097a",93,500,14,10,10,"red",2539
"5a33d736bf4d770001e6097a",94,600,34,35,10,"red",3287
"5a33d736bf4d770001e6097a",95,600,36,37,10,"red",3685
"5a33d736bf4d770001e6097a",96,400,34,5,10,"red",5401
"5a33d736bf4d770001e6097a",97,600,26,17,10,"red",3198
"5a33d736bf4d770001e6097a",98,400,22,17,10,"red",2736
"5a33d736bf4d770001e6097a",99,600,17,7,10,"red",2487
"5a33d736bf4d770001e6097a",100,500,33,19,10,"red",4150
"5a33d736bf4d770001e6097a",101,500,36,38,20,"red",5101
"5a33d736bf4d770001e6097a",102,600,35,40,20,"red",3473
"5a33d736bf4d770001e6097a",103,400,19,12,20,"red",3745
"5a33d736bf4d770001e6097a",104,600,27,23,20,"red",4751
"5a33d736bf4d770001e6097a",105,500,29,25,20,"red",3569
"5a33d736bf4d770001e6097a",106,400,22,19,20,"red",3286
"5a33d736bf4d770001e6097a",107,400,24,13,20,"red",3953
"5a33d736bf4d770001e6097a",108,600,24,28,20,"red",3185
"5a33d736bf4d770001e6097a",109,500,23,4,20,"red",2702
"5a33d736bf4d770001e6097a",110,600,20,11,20,"red",3181
"5a33d736bf4d770001e6097a",111,600,22,19,20,"red",3651
"5a33d736bf4d770001e6097a",112,500,34,28,20,"red",3404
"5a33d736bf4d770001e6097a",113,500,32,27,20,"red",3369
"5a33d736bf4d770001e6097a",114,500,26,27,20,"red",3352
"5a33d736bf4d770001e6097a",115,600,34,35,20,"red",2920
"5a33d736bf4d770001e6097a",116,500,14,1,20,"red",2702
"5a937cb0dbdb470001ee923b",21,600,14,13,2,"blue",2377
"5a937cb0dbdb470001ee923b",23,600,16,15,2,"blue",2443
"5a937cb0dbdb470001ee923b",24,500,24,18,20,"blue",3064
"5a937cb0dbdb470001ee923b",25,400,23,24,2,"blue",2354
"5a937cb0dbdb470001ee923b",26,500,16,15,20,"blue",2428
"5a937cb0dbdb470001ee923b",27,400,20,21,10,"blue",2830
"5a937cb0dbdb470001ee923b",28,400,26,28,10,"blue",3528
"5a937cb0dbdb470001ee923b",29,400,34,26,2,"blue",3379
"5a937cb0dbdb470001ee923b",30,400,24,19,20,"blue",3807
"5a937cb0dbdb470001ee923b",31,600,17,15,20,"blue",3194
"5a937cb0dbdb470001ee923b",32,500,29,26,20,"blue",2478
"5a937cb0dbdb470001ee923b",33,500,20,15,20,"blue",2138
"5a937cb0dbdb470001ee923b",34,400,23,21,10,"blue",2225
"5a937cb0dbdb470001ee923b",35,400,32,30,10,"blue",2278
"5a937cb0dbdb470001ee923b",36,600,30,21,20,"blue",2915
"5a937cb0dbdb470001ee923b",37,400,26,23,2,"blue",2838
"5a937cb0dbdb470001ee923b",38,600,20,20,2,"blue",2465
"5a937cb0dbdb470001ee923b",39,600,24,23,10,"blue",2822
"5a937cb0dbdb470001ee923b",40,400,18,14,10,"blue",2475
"5a937cb0dbdb470001ee923b",41,500,24,25,20,"blue",2723
"5a937cb0dbdb470001ee923b",42,400,29,21,10,"blue",2847
"5a937cb0dbdb470001ee923b",43,600,14,12,20,"blue",2219
"5a937cb0dbdb470001ee923b",44,400,15,10,20,"blue",3179
"5a937cb0dbdb470001ee923b",45,500,25,21,10,"blue",2094
"5a937cb0dbdb470001ee923b",46,600,26,23,2,"blue",2076
"5a937cb0dbdb470001ee923b",47,400,23,21,2,"blue",2241
"5a937cb0dbdb470001ee923b",48,500,15,11,20,"blue",2494
"5a937cb0dbdb470001ee923b",49,500,36,30,10,"blue",1696
"5a937cb0dbdb470001ee923b",50,400,15,11,2,"blue",1926
"5a937cb0dbdb470001ee923b",51,500,24,22,10,"blue",2225
"5a937cb0dbdb470001ee923b",52,400,35,33,10,"blue",2445
"5a937cb0dbdb470001ee923b",53,600,36,30,10,"blue",2661
"5a937cb0dbdb470001ee923b",54,500,31,26,10,"blue",2042
"5a937cb0dbdb470001ee923b",55,500,36,26,20,"blue",2595
"5a937cb0dbdb470001ee923b",56,500,29,22,20,"blue",1985
"5a937cb0dbdb470001ee923b",57,500,34,26,2,"blue",2943
"5a937cb0dbdb470001ee923b",58,400,35,27,2,"blue",2592
"5a937cb0dbdb470001ee923b",59,600,20,20,10,"blue",1713
"5a937cb0dbdb470001ee923b",60,500,24,24,2,"blue",2116
"5a937cb0dbdb470001ee923b",61,400,21,20,2,"blue",2344
"5a937cb0dbdb470001ee923b",62,500,31,28,2,"blue",2404
"5a937cb0dbdb470001ee923b",63,500,20,17,20,"blue",1728
"5a937cb0dbdb470001ee923b",64,600,22,16,2,"blue",1862
"5a937cb0dbdb470001ee923b",65,600,21,24,10,"blue",2519
"5a937cb0dbdb470001ee923b",66,600,36,28,20,"blue",2714
"5a937cb0dbdb470001ee923b",67,400,33,30,10,"blue",2774
"5a937cb0dbdb470001ee923b",68,400,15,20,20,"blue",2375
"5a937cb0dbdb470001ee923b",69,500,18,13,2,"red",2281
"5a937cb0dbdb470001ee923b",70,500,26,24,20,"red",1866
"5a937cb0dbdb470001ee923b",71,500,33,26,2,"red",1545
"5a937cb0dbdb470001ee923b",72,600,16,15,10,"red",2411
"5a937cb0dbdb470001ee923b",73,500,34,30,20,"red",2111
"5a937cb0dbdb470001ee923b",74,400,16,13,20,"red",2139
"5a937cb0dbdb470001ee923b",75,500,24,15,20,"red",1775
"5a937cb0dbdb470001ee923b",76,600,32,30,10,"red",1981
"5a937cb0dbdb470001ee923b",77,600,22,24,10,"red",2405
"5a937cb0dbdb470001ee923b",78,400,15,14,10,"red",1757
"5a937cb0dbdb470001ee923b",79,400,20,15,2,"red",1743
"5a937cb0dbdb470001ee923b",80,400,36,34,2,"red",2178
"5a937cb0dbdb470001ee923b",81,400,16,19,20,"red",1790
"5a937cb0dbdb470001ee923b",82,500,34,29,10,"red",1631
"5a937cb0dbdb470001ee923b",83,400,26,25,10,"red",2137
"5a937cb0dbdb470001ee923b",84,500,32,27,2,"red",2727
"5a937cb0dbdb470001ee923b",85,400,22,26,20,"red",2474
"5a937cb0dbdb470001ee923b",86,500,27,25,2,"red",3009
"5a937cb0dbdb470001ee923b",87,600,24,21,10,"red",2078
"5a937cb0dbdb470001ee923b",88,500,17,15,20,"red",2008
"5a937cb0dbdb470001ee923b",89,400,34,34,10,"red",3031
"5a937cb0dbdb470001ee923b",90,600,18,21,10,"red",2010
"5a937cb0dbdb470001ee923b",91,500,22,25,20,"red",2430
"5a937cb0dbdb470001ee923b",92,400,31,28,2,"red",1772
"5a937cb0dbdb470001ee923b",94,400,14,14,10,"red",1782
"5a937cb0dbdb470001ee923b",95,400,23,13,2,"red",1672
"5a937cb0dbdb470001ee923b",96,600,30,29,10,"red",2129
"5a937cb0dbdb470001ee923b",97,600,36,30,20,"red",1960
"5a937cb0dbdb470001ee923b",98,500,33,29,2,"red",2145
"5a937cb0dbdb470001ee923b",99,500,24,22,2,"red",1435
"5a937cb0dbdb470001ee923b",100,400,16,18,20,"red",2305
"5a937cb0dbdb470001ee923b",101,500,32,25,2,"red",2182
"5a937cb0dbdb470001ee923b",102,600,20,17,10,"red",2456
"5a937cb0dbdb470001ee923b",103,500,36,25,2,"red",1890
"5a937cb0dbdb470001ee923b",104,400,25,19,2,"red",2032
"5a937cb0dbdb470001ee923b",105,600,16,18,10,"red",2093
"5a937cb0dbdb470001ee923b",106,400,18,14,2,"red",2390
"5a937cb0dbdb470001ee923b",107,500,31,29,10,"red",2396
"5a937cb0dbdb470001ee923b",108,400,26,27,10,"red",2491
"5a937cb0dbdb470001ee923b",109,400,26,24,20,"red",3142
"5a937cb0dbdb470001ee923b",110,500,19,20,2,"red",2262
"5a937cb0dbdb470001ee923b",111,600,25,21,20,"red",2644
"5a937cb0dbdb470001ee923b",112,600,18,18,20,"red",2474
"5a937cb0dbdb470001ee923b",113,400,36,30,2,"red",2532
"5a937cb0dbdb470001ee923b",114,600,31,31,10,"red",2636
"5a937cb0dbdb470001ee923b",115,400,28,26,20,"red",2407
"5a937cb0dbdb470001ee923b",116,400,24,23,20,"red",2207
"5c476621b521ee00019abf67",21,400,19,17,10,"red",2588
"5c476621b521ee00019abf67",22,400,35,32,2,"red",1838
"5c476621b521ee00019abf67",23,600,20,14,2,"red",2619
"5c476621b521ee00019abf67",24,400,18,17,10,"red",2322
"5c476621b521ee00019abf67",25,400,20,16,10,"red",1875
"5c476621b521ee00019abf67",26,400,30,20,10,"red",2375
"5c476621b521ee00019abf67",27,400,21,10,10,"red",2474
"5c476621b521ee00019abf67",28,400,24,17,2,"red",2359
"5c476621b521ee00019abf67",29,400,18,14,20,"red",2309
"5c476621b521ee00019abf67",30,400,21,11,2,"red",2236
"5c476621b521ee00019abf67",31,400,26,13,2,"red",3421
"5c476621b521ee00019abf67",32,600,33,32,10,"red",2435
"5c476621b521ee00019abf67",33,400,21,21,20,"red",1983
"5c476621b521ee00019abf67",34,500,23,20,10,"red",2141
"5c476621b521ee00019abf67",35,400,19,18,20,"red",3200
"5c476621b521ee00019abf67",36,400,31,26,2,"red",1954
"5c476621b521ee00019abf67",37,500,36,35,2,"red",2106
"5c476621b521ee00019abf67",38,500,32,32,20,"red",3021
"5c476621b521ee00019abf67",39,400,35,30,2,"red",2646
"5c476621b521ee00019abf67",40,400,25,27,10,"red",2150
"5c476621b521ee00019abf67",41,400,27,22,20,"red",1963
"5c476621b521ee00019abf67",42,500,32,25,20,"red",2105
"5c476621b521ee00019abf67",43,500,34,29,10,"red",1645
"5c476621b521ee00019abf67",44,600,23,19,20,"red",2466
"5c476621b521ee00019abf67",45,500,15,14,10,"red",1822
"5c476621b521ee00019abf67",46,500,36,32,10,"red",1947
"5c476621b521ee00019abf67",47,400,25,21,2,"red",3436
"5c476621b521ee00019abf67",48,600,36,32,20,"red",2415
"5c476621b521ee00019abf67",49,600,35,32,20,"red",2432
"5c476621b521ee00019abf67",50,600,32,24,20,"red",1611
"5c476621b521ee00019abf67",51,400,27,24,2,"red",2190
"5c476621b521ee00019abf67",52,500,27,20,10,"red",1791
"5c476621b521ee00019abf67",53,600,28,20,2,"red",2130
"5c476621b521ee00019abf67",54,600,14,15,10,"red",2053
"5c476621b521ee00019abf67",55,600,30,23,10,"red",1404
"5c476621b521ee00019abf67",56,400,31,21,20,"red",2154
"5c476621b521ee00019abf67",57,500,14,8,2,"red",2203
"5c476621b521ee00019abf67",58,400,19,8,2,"red",1967
"5c476621b521ee00019abf67",59,600,31,25,2,"red",1477
"5c476621b521ee00019abf67",60,400,32,25,2,"red",1798
"5c476621b521ee00019abf67",61,600,36,24,10,"red",1675
"5c476621b521ee00019abf67",62,600,33,24,20,"red",1819
"5c476621b521ee00019abf67",63,400,31,21,20,"red",1970
"5c476621b521ee00019abf67",64,600,30,19,20,"red",1861
"5c476621b521ee00019abf67",65,600,32,21,20,"red",1574
"5c476621b521ee00019abf67",66,500,34,22,20,"red",1809
"5c476621b521ee00019abf67",67,400,28,19,10,"red",1904
"5c476621b521ee00019abf67",68,500,28,14,2,"red",2285
"5c476621b521ee00019abf67",69,600,16,11,2,"blue",3207
"5c476621b521ee00019abf67",71,400,32,22,20,"blue",2206
"5c476621b521ee00019abf67",72,500,26,22,2,"blue",2273
"5c476621b521ee00019abf67",74,600,18,13,2,"blue",1668
"5c476621b521ee00019abf67",75,500,33,24,10,"blue",1650
"5c476621b521ee00019abf67",76,600,15,17,20,"blue",2429
"5c476621b521ee00019abf67",77,400,19,16,10,"blue",2028
"5c476621b521ee00019abf67",78,500,34,31,10,"blue",2339
"5c476621b521ee00019abf67",79,600,23,19,20,"blue",2846
"5c476621b521ee00019abf67",80,400,29,23,10,"blue",1790
"5c476621b521ee00019abf67",81,600,31,19,20,"blue",2185
"5c476621b521ee00019abf67",82,500,15,10,2,"blue",2583
"5c476621b521ee00019abf67",83,400,17,14,10,"blue",1765
"5c476621b521ee00019abf67",84,600,21,15,2,"blue",2059
"5c476621b521ee00019abf67",85,400,18,20,10,"blue",2592
"5c476621b521ee00019abf67",86,600,34,34,2,"blue",1971
"5c476621b521ee00019abf67",87,500,23,25,10,"blue",2517
"5c476621b521ee00019abf67",88,400,36,23,10,"blue",1843
"5c476621b521ee00019abf67",89,400,35,21,20,"blue",1674
"5c476621b521ee00019abf67",90,500,35,19,20,"blue",2092
"5c476621b521ee00019abf67",91,600,27,17,10,"blue",2183
"5c476621b521ee00019abf67",92,600,25,21,10,"blue",1843
"5c476621b521ee00019abf67",93,400,17,16,20,"blue",1923
"5c476621b521ee00019abf67",94,400,36,28,10,"blue",3016
"5c476621b521ee00019abf67",95,600,35,22,20,"blue",2268
"5c476621b521ee00019abf67",96,600,23,18,2,"blue",2332
"5c476621b521ee00019abf67",97,500,25,17,20,"blue",1990
"5c476621b521ee00019abf67",98,600,20,13,10,"blue",1999
"5c476621b521ee00019abf67",99,600,33,18,20,"blue",1949
"5c476621b521ee00019abf67",100,400,31,18,20,"blue",1764
"5c476621b521ee00019abf67",101,400,29,25,2,"blue",2135
"5c476621b521ee00019abf67",102,600,28,17,20,"blue",1709
"5c476621b521ee00019abf67",103,400,20,13,2,"blue",1714
"5c476621b521ee00019abf67",104,400,27,17,10,"blue",1738
"5c476621b521ee00019abf67",105,400,16,14,20,"blue",1737
"5c476621b521ee00019abf67",106,400,34,18,20,"blue",2118
"5c476621b521ee00019abf67",107,400,17,13,10,"blue",1888
"5c476621b521ee00019abf67",109,400,25,19,2,"blue",2511
"5c476621b521ee00019abf67",110,600,14,9,20,"blue",2162
"5c476621b521ee00019abf67",111,600,27,16,2,"blue",1860
"5c476621b521ee00019abf67",112,600,21,21,10,"blue",1622
"5c476621b521ee00019abf67",113,500,30,22,2,"blue",1948
"5c476621b521ee00019abf67",114,600,28,18,2,"blue",1691
"5c476621b521ee00019abf67",115,500,22,13,2,"blue",2709
"5c476621b521ee00019abf67",116,500,14,5,2,"blue",1890
"5d9420526928f000181e12f1",21,500,24,25,10,"blue",3718
"5d9420526928f000181e12f1",22,400,31,26,2,"blue",4700
"5d9420526928f000181e12f1",23,500,28,23,20,"blue",3509
"5d9420526928f000181e12f1",24,600,22,21,20,"blue",3377
"5d9420526928f000181e12f1",25,400,36,27,10,"blue",3570
"5d9420526928f000181e12f1",26,400,33,25,20,"blue",2297
"5d9420526928f000181e12f1",27,400,32,33,2,"blue",1746
"5d9420526928f000181e12f1",29,400,36,34,2,"blue",3726
"5d9420526928f000181e12f1",30,400,27,29,20,"blue",2539
"5d9420526928f000181e12f1",31,400,21,24,10,"blue",2378
"5d9420526928f000181e12f1",32,500,35,34,2,"blue",2366
"5d9420526928f000181e12f1",33,400,28,28,20,"blue",4990
"5d9420526928f000181e12f1",34,400,16,16,2,"blue",2483
"5d9420526928f000181e12f1",35,600,31,25,20,"blue",3106
"5d9420526928f000181e12f1",36,400,15,9,2,"blue",2585
"5d9420526928f000181e12f1",37,400,15,13,20,"blue",2379
"5d9420526928f000181e12f1",38,500,20,19,10,"blue",2636
"5d9420526928f000181e12f1",39,600,34,23,20,"blue",3077
"5d9420526928f000181e12f1",40,500,26,21,20,"blue",2689
"5d9420526928f000181e12f1",41,600,32,25,2,"blue",3472
"5d9420526928f000181e12f1",42,600,36,29,10,"blue",2773
"5d9420526928f000181e12f1",43,600,27,24,2,"blue",3041
"5d9420526928f000181e12f1",44,400,36,31,10,"blue",3321
"5d9420526928f000181e12f1",45,600,30,28,2,"blue",3034
"5d9420526928f000181e12f1",46,500,19,27,10,"blue",3135
"5d9420526928f000181e12f1",47,500,15,12,2,"blue",2879
"5d9420526928f000181e12f1",48,500,16,12,2,"blue",2208
"5d9420526928f000181e12f1",49,400,26,24,10,"blue",2748
"5d9420526928f000181e12f1",50,400,31,30,2,"blue",3160
"5d9420526928f000181e12f1",51,500,14,13,2,"blue",2660
"5d9420526928f000181e12f1",52,600,34,36,2,"blue",3135
"5d9420526928f000181e12f1",53,600,21,30,10,"blue",2686
"5d9420526928f000181e12f1",54,600,31,30,20,"blue",2536
"5d9420526928f000181e12f1",55,500,32,31,10,"blue",2476
"5d9420526928f000181e12f1",56,600,33,27,20,"blue",2937
"5d9420526928f000181e12f1",57,500,19,22,10,"blue",2288
"5d9420526928f000181e12f1",58,500,22,20,20,"blue",2423
"5d9420526928f000181e12f1",59,600,20,21,10,"blue",1868
"5d9420526928f000181e12f1",60,600,14,18,10,"blue",2406
"5d9420526928f000181e12f1",61,400,20,15,20,"blue",2231
"5d9420526928f000181e12f1",62,400,18,16,10,"blue",2965
"5d9420526928f000181e12f1",63,500,27,22,20,"blue",2350
"5d9420526928f000181e12f1",64,500,14,23,10,"blue",2148
"5d9420526928f000181e12f1",65,600,32,30,2,"blue",2430
"5d9420526928f000181e12f1",67,400,36,31,20,"blue",3084
"5d9420526928f000181e12f1",68,600,24,30,20,"blue",3001
"5d9420526928f000181e12f1",69,600,28,26,10,"red",3077
"5d9420526928f000181e12f1",70,400,30,27,20,"red",3097
"5d9420526928f000181e12f1",71,400,14,19,10,"red",4245
"5d9420526928f000181e12f1",72,500,24,18,20,"red",2362
"5d9420526928f000181e12f1",73,500,33,29,2,"red",1989
"5d9420526928f000181e12f1",74,400,31,29,10,"red",3529
"5d9420526928f000181e12f1",75,600,21,25,20,"red",2441
"5d9420526928f000181e12f1",76,600,35,29,10,"red",2848
"5d9420526928f000181e12f1",77,600,30,25,10,"red",3293
"5d9420526928f000181e12f1",78,500,31,25,2,"red",2435
"5d9420526928f000181e12f1",79,400,23,16,2,"red",2841
"5d9420526928f000181e12f1",80,500,30,20,2,"red",2161
"5d9420526928f000181e12f1",81,400,21,15,20,"red",2670
"5d9420526928f000181e12f1",82,600,36,26,10,"red",2483
"5d9420526928f000181e12f1",83,400,16,12,2,"red",2488
"5d9420526928f000181e12f1",84,500,28,14,20,"red",3313
"5d9420526928f000181e12f1",85,400,24,23,10,"red",2276
"5d9420526928f000181e12f1",86,600,36,28,2,"red",2676
"5d9420526928f000181e12f1",87,400,32,27,2,"red",2616
"5d9420526928f000181e12f1",88,500,29,24,2,"red",2772
"5d9420526928f000181e12f1",89,500,23,25,20,"red",4180
"5d9420526928f000181e12f1",90,400,16,14,2,"red",2308
"5d9420526928f000181e12f1",91,500,27,17,2,"red",2850
"5d9420526928f000181e12f1",92,500,20,16,2,"red",2187
"5d9420526928f000181e12f1",93,400,29,24,20,"red",3023
"5d9420526928f000181e12f1",94,400,21,12,2,"red",2602
"5d9420526928f000181e12f1",95,500,24,12,2,"red",2213
"5d9420526928f000181e12f1",96,500,22,11,20,"red",2447
"5d9420526928f000181e12f1",97,400,23,19,20,"red",2297
"5d9420526928f000181e12f1",99,500,31,24,20,"red",2583
"5d9420526928f000181e12f1",100,600,20,17,2,"red",2185
"5d9420526928f000181e12f1",101,500,15,9,2,"red",1920
"5d9420526928f000181e12f1",102,600,23,21,10,"red",2892
"5d9420526928f000181e12f1",103,600,30,22,10,"red",4272
"5d9420526928f000181e12f1",104,500,20,15,10,"red",3567
"5d9420526928f000181e12f1",105,500,34,31,2,"red",4743
"5d9420526928f000181e12f1",106,600,32,31,20,"red",3868
"5d9420526928f000181e12f1",107,400,24,28,10,"red",3465
"5d9420526928f000181e12f1",108,500,16,27,10,"red",2321
"5d9420526928f000181e12f1",109,600,16,17,10,"red",3216
"5d9420526928f000181e12f1",110,400,17,16,20,"red",2859
"5d9420526928f000181e12f1",111,600,22,21,10,"red",3015
"5d9420526928f000181e12f1",112,400,15,23,20,"red",3185
"5d9420526928f000181e12f1",113,400,34,29,20,"red",2421
"5d9420526928f000181e12f1",115,500,17,17,20,"red",2008
"5d9420526928f000181e12f1",116,500,29,30,10,"red",2238
"5e3a8aeedc1d57292aea3f22",21,400,26,30,10,"blue",4996
"5e3a8aeedc1d57292aea3f22",22,400,24,26,2,"blue",3073
"5e3a8aeedc1d57292aea3f22",23,500,34,29,2,"blue",3939
"5e3a8aeedc1d57292aea3f22",24,600,28,18,10,"blue",2501
"5e3a8aeedc1d57292aea3f22",25,500,33,32,10,"blue",3120
"5e3a8aeedc1d57292aea3f22",26,400,20,24,20,"blue",3583
"5e3a8aeedc1d57292aea3f22",27,400,19,24,20,"blue",2004
"5e3a8aeedc1d57292aea3f22",28,400,33,25,10,"blue",2517
"5e3a8aeedc1d57292aea3f22",29,600,31,29,2,"blue",4576
"5e3a8aeedc1d57292aea3f22",30,600,27,14,20,"blue",3779
"5e3a8aeedc1d57292aea3f22",31,400,14,11,20,"blue",4028
"5e3a8aeedc1d57292aea3f22",32,600,26,8,20,"blue",2345
"5e3a8aeedc1d57292aea3f22",33,600,15,13,20,"blue",3502
"5e3a8aeedc1d57292aea3f22",34,400,36,39,2,"blue",2562
"5e3a8aeedc1d57292aea3f22",35,400,27,35,2,"blue",2282
"5e3a8aeedc1d57292aea3f22",36,600,34,37,2,"blue",2526
"5e3a8aeedc1d57292aea3f22",37,400,21,12,20,"blue",2730
"5e3a8aeedc1d57292aea3f22",38,400,16,17,20,"blue",2337
"5e3a8aeedc1d57292aea3f22",39,500,20,14,10,"blue",2931
"5e3a8aeedc1d57292aea3f22",40,500,14,11,10,"blue",3709
"5e3a8aeedc1d57292aea3f22",41,400,14,16,10,"blue",2614
"5e3a8aeedc1d57292aea3f22",42,600,15,18,10,"blue",3195
"5e3a8aeedc1d57292aea3f22",43,600,35,23,20,"blue",4080
"5e3a8aeedc1d57292aea3f22",44,500,36,31,2,"blue",1988
"5e3a8aeedc1d57292aea3f22",45,600,28,23,10,"blue",4230
"5e3a8aeedc1d57292aea3f22",46,500,17,18,2,"blue",2756
"5e3a8aeedc1d57292aea3f22",47,500,26,12,10,"blue",3398
"5e3a8aeedc1d57292aea3f22",48,400,20,23,2,"blue",2772
"5e3a8aeedc1d57292aea3f22",49,500,32,23,2,"blue",2177
"5e3a8aeedc1d57292aea3f22",50,600,19,22,10,"blue",3221
"5e3a8aeedc1d57292aea3f22",51,600,33,20,20,"blue",2654
"5e3a8aeedc1d57292aea3f22",52,600,36,27,20,"blue",2262
"5e3a8aeedc1d57292aea3f22",53,400,14,9,2,"blue",4143
"5e3a8aeedc1d57292aea3f22",54,600,15,13,2,"blue",2918
"5e3a8aeedc1d57292aea3f22",55,600,24,10,20,"blue",1895
"5e3a8aeedc1d57292aea3f22",56,400,27,18,2,"blue",3909
"5e3a8aeedc1d57292aea3f22",57,500,27,21,2,"blue",2909
"5e3a8aeedc1d57292aea3f22",58,600,22,23,10,"blue",2638
"5e3a8aeedc1d57292aea3f22",59,400,36,23,10,"blue",2510
"5e3a8aeedc1d57292aea3f22",60,500,30,23,10,"blue",2477
"5e3a8aeedc1d57292aea3f22",61,400,25,12,20,"blue",3689
"5e3a8aeedc1d57292aea3f22",62,400,30,9,20,"blue",2658
"5e3a8aeedc1d57292aea3f22",63,400,22,11,20,"blue",3358
"5e3a8aeedc1d57292aea3f22",64,600,28,22,10,"blue",2632
"5e3a8aeedc1d57292aea3f22",65,500,17,17,2,"blue",4013
"5e3a8aeedc1d57292aea3f22",66,600,25,16,2,"blue",2630
"5e3a8aeedc1d57292aea3f22",67,500,31,10,20,"blue",2935
"5e3a8aeedc1d57292aea3f22",68,600,35,23,10,"blue",1882
"5e3a8aeedc1d57292aea3f22",69,400,30,21,2,"red",4027
"5e3a8aeedc1d57292aea3f22",70,500,21,16,10,"red",2828
"5e3a8aeedc1d57292aea3f22",71,500,28,26,20,"red",4249
"5e3a8aeedc1d57292aea3f22",72,600,28,26,2,"red",2957
"5e3a8aeedc1d57292aea3f22",73,500,33,30,10,"red",2483
"5e3a8aeedc1d57292aea3f22",74,600,31,24,20,"red",2737
"5e3a8aeedc1d57292aea3f22",75,500,27,23,20,"red",2127
"5e3a8aeedc1d57292aea3f22",76,600,29,23,20,"red",2787
"5e3a8aeedc1d57292aea3f22",77,500,30,25,10,"red",2694
"5e3a8aeedc1d57292aea3f22",78,600,30,23,10,"red",2909
"5e3a8aeedc1d57292aea3f22",79,600,22,20,2,"red",4895
"5e3a8aeedc1d57292aea3f22",80,600,30,29,2,"red",3983
"5e3a8aeedc1d57292aea3f22",81,600,27,21,10,"red",4417
"5e3a8aeedc1d57292aea3f22",82,400,33,28,10,"red",2995
"5e3a8aeedc1d57292aea3f22",83,600,19,18,2,"red",3970
"5e3a8aeedc1d57292aea3f22",84,500,25,26,2,"red",4326
"5e3a8aeedc1d57292aea3f22",85,400,30,25,20,"red",4067
"5e3a8aeedc1d57292aea3f22",86,500,22,17,2,"red",3087
"5e3a8aeedc1d57292aea3f22",87,600,29,20,20,"red",3005
"5e3a8aeedc1d57292aea3f22",88,600,19,14,20,"red",2083
"5e3a8aeedc1d57292aea3f22",89,500,24,19,10,"red",3198
"5e3a8aeedc1d57292aea3f22",90,500,29,25,10,"red",3004
"5e3a8aeedc1d57292aea3f22",91,500,19,16,2,"red",4851
"5e3a8aeedc1d57292aea3f22",92,400,23,21,10,"red",2708
"5e3a8aeedc1d57292aea3f22",93,500,17,12,20,"red",2795
"5e3a8aeedc1d57292aea3f22",94,400,19,17,2,"red",3438
"5e3a8aeedc1d57292aea3f22",95,500,24,21,20,"red",3521
"5e3a8aeedc1d57292aea3f22",96,500,28,20,2,"red",3028
"5e3a8aeedc1d57292aea3f22",97,600,28,21,10,"red",2697
"5e3a8aeedc1d57292aea3f22",98,400,28,26,2,"red",3029
"5e3a8aeedc1d57292aea3f22",99,500,15,10,20,"red",2092
"5e3a8aeedc1d57292aea3f22",100,600,21,19,10,"red",3344
"5e3a8aeedc1d57292aea3f22",101,600,18,16,20,"red",2830
"5e3a8aeedc1d57292aea3f22",102,500,35,31,10,"red",4679
"5e3a8aeedc1d57292aea3f22",103,600,23,20,2,"red",2775
"5e3a8aeedc1d57292aea3f22",104,400,19,18,2,"red",2373
"5e3a8aeedc1d57292aea3f22",105,600,23,15,20,"red",3075
"5e3a8aeedc1d57292aea3f22",106,400,32,20,10,"red",2901
"5e3a8aeedc1d57292aea3f22",108,400,27,23,20,"red",2221
"5e3a8aeedc1d57292aea3f22",109,600,24,18,2,"red",2155
"5e3a8aeedc1d57292aea3f22",110,600,26,25,2,"red",3921
"5e3a8aeedc1d57292aea3f22",111,600,20,12,2,"red",2415
"5e3a8aeedc1d57292aea3f22",112,400,18,28,10,"red",2730
"5e3a8aeedc1d57292aea3f22",113,500,14,15,10,"red",1519
"5e3a8aeedc1d57292aea3f22",114,400,18,20,10,"red",1917
"5e3a8aeedc1d57292aea3f22",115,600,32,28,20,"red",1798
"5e3a8aeedc1d57292aea3f22",116,500,24,18,20,"red",2078
"5f4a4da1575d605c43bef871",21,600,25,22,20,"blue",3582
"5f4a4da1575d605c43bef871",22,500,30,22,20,"blue",2751
"5f4a4da1575d605c43bef871",23,500,34,26,2,"blue",2310
"5f4a4da1575d605c43bef871",24,600,23,20,20,"blue",3859
"5f4a4da1575d605c43bef871",25,500,32,23,20,"blue",2999
"5f4a4da1575d605c43bef871",26,600,36,25,10,"blue",5133
"5f4a4da1575d605c43bef871",27,500,26,23,20,"blue",2699
"5f4a4da1575d605c43bef871",28,500,34,24,2,"blue",4011
"5f4a4da1575d605c43bef871",30,600,22,14,2,"blue",2226
"5f4a4da1575d605c43bef871",31,600,33,24,20,"blue",2727
"5f4a4da1575d605c43bef871",32,500,20,17,2,"blue",3937
"5f4a4da1575d605c43bef871",33,500,32,21,20,"blue",3379
"5f4a4da1575d605c43bef871",34,600,16,11,10,"blue",3407
"5f4a4da1575d605c43bef871",35,600,33,35,10,"blue",3806
"5f4a4da1575d605c43bef871",36,500,36,35,10,"blue",3503
"5f4a4da1575d605c43bef871",37,500,26,29,10,"blue",3273
"5f4a4da1575d605c43bef871",38,400,20,20,20,"blue",2986
"5f4a4da1575d605c43bef871",39,600,32,25,2,"blue",3224
"5f4a4da1575d605c43bef871",40,500,15,12,2,"blue",2868
"5f4a4da1575d605c43bef871",41,400,14,12,2,"blue",3643
"5f4a4da1575d605c43bef871",42,400,19,19,10,"blue",3461
"5f4a4da1575d605c43bef871",43,600,27,22,10,"blue",2682
"5f4a4da1575d605c43bef871",44,400,32,28,2,"blue",3413
"5f4a4da1575d605c43bef871",45,400,16,20,2,"blue",3020
"5f4a4da1575d605c43bef871",46,600,31,24,10,"blue",3183
"5f4a4da1575d605c43bef871",47,500,21,15,2,"blue",2116
"5f4a4da1575d605c43bef871",48,400,27,18,2,"blue",3468
"5f4a4da1575d605c43bef871",49,600,28,25,20,"blue",3790
"5f4a4da1575d605c43bef871",50,400,22,19,20,"blue",2485
"5f4a4da1575d605c43bef871",51,600,33,33,10,"blue",2337
"5f4a4da1575d605c43bef871",52,400,15,20,10,"blue",5171
"5f4a4da1575d605c43bef871",53,400,18,13,20,"blue",1983
"5f4a4da1575d605c43bef871",54,600,21,17,20,"blue",3708
"5f4a4da1575d605c43bef871",57,600,33,26,2,"blue",2417
"5f4a4da1575d605c43bef871",59,400,27,22,10,"blue",3186
"5f4a4da1575d605c43bef871",60,400,26,20,2,"blue",4563
"5f4a4da1575d605c43bef871",61,600,17,18,20,"blue",2729
"5f4a4da1575d605c43bef871",62,500,19,19,20,"blue",2559
"5f4a4da1575d605c43bef871",63,600,19,15,2,"blue",3022
"5f4a4da1575d605c43bef871",64,600,25,22,2,"blue",3316
"5f4a4da1575d605c43bef871",65,600,19,14,2,"blue",3819
"5f4a4da1575d605c43bef871",67,600,32,30,10,"blue",3719
"5f4a4da1575d605c43bef871",68,400,28,31,20,"blue",2730
"5f4a4da1575d605c43bef871",69,500,31,18,10,"red",4945
"5f4a4da1575d605c43bef871",70,400,27,17,20,"red",4601
"5f4a4da1575d605c43bef871",72,400,27,19,2,"red",4362
"5f4a4da1575d605c43bef871",73,500,31,24,10,"red",5660
"5f4a4da1575d605c43bef871",74,400,36,31,20,"red",2995
"5f4a4da1575d605c43bef871",75,500,36,31,2,"red",2547
"5f4a4da1575d605c43bef871",76,400,36,26,2,"red",1987
"5f4a4da1575d605c43bef871",77,400,19,19,10,"red",3239
"5f4a4da1575d605c43bef871",78,600,18,10,2,"red",2487
"5f4a4da1575d605c43bef871",79,600,25,16,20,"red",2311
"5f4a4da1575d605c43bef871",80,500,32,19,20,"red",2874
"5f4a4da1575d605c43bef871",81,500,21,11,20,"red",3965
"5f4a4da1575d605c43bef871",82,400,34,24,10,"red",3035
"5f4a4da1575d605c43bef871",83,400,27,22,2,"red",3406
"5f4a4da1575d605c43bef871",85,600,15,14,20,"red",3445
"5f4a4da1575d605c43bef871",86,600,24,17,10,"red",3325
"5f4a4da1575d605c43bef871",87,500,29,19,20,"red",3306
"5f4a4da1575d605c43bef871",88,400,16,11,20,"red",3886
"5f4a4da1575d605c43bef871",89,600,22,17,10,"red",2737
"5f4a4da1575d605c43bef871",90,600,25,18,2,"red",2703
"5f4a4da1575d605c43bef871",91,600,35,24,2,"red",1693
"5f4a4da1575d605c43bef871",92,500,29,24,10,"red",1830
"5f4a4da1575d605c43bef871",93,500,15,15,20,"red",1763
"5f4a4da1575d605c43bef871",94,400,26,22,10,"red",2544
"5f4a4da1575d605c43bef871",95,500,34,23,2,"red",2361
"5f4a4da1575d605c43bef871",96,600,28,25,20,"red",1990
"5f4a4da1575d605c43bef871",97,400,30,26,20,"red",2320
"5f4a4da1575d605c43bef871",98,600,23,17,20,"red",2657
"5f4a4da1575d605c43bef871",99,500,16,14,2,"red",2777
"5f4a4da1575d605c43bef871",100,400,32,22,2,"red",2835
"5f4a4da1575d605c43bef871",101,600,14,10,20,"red",2892
"5f4a4da1575d605c43bef871",102,500,30,22,10,"red",3027
"5f4a4da1575d605c43bef871",103,500,28,27,10,"red",2966
"5f4a4da1575d605c43bef871",104,600,26,27,10,"red",2041
"5f4a4da1575d605c43bef871",105,400,21,22,10,"red",3736
"5f4a4da1575d605c43bef871",106,400,36,26,10,"red",2200
"5f4a4da1575d605c43bef871",107,500,14,9,2,"red",2008
"5f4a4da1575d605c43bef871",108,400,35,21,2,"red",3915
"5f4a4da1575d605c43bef871",109,500,33,26,10,"red",2214
"5f4a4da1575d605c43bef871",110,600,33,28,20,"red",1793
"5f4a4da1575d605c43bef871",111,500,27,21,2,"red",2466
"5f4a4da1575d605c43bef871",112,400,15,17,2,"red",3002
"5f4a4da1575d605c43bef871",113,600,36,29,20,"red",3036
"5f4a4da1575d605c43bef871",114,400,32,27,2,"red",2090
"5f4a4da1575d605c43bef871",115,400,18,19,2,"red",1441
"5f4a4da1575d605c43bef871",116,500,19,13,20,"red",2569
"603470186bba1c26a354c27e",21,600,32,26,2,"red",3202
"603470186bba1c26a354c27e",22,400,30,28,2,"red",2937
"603470186bba1c26a354c27e",23,500,31,25,2,"red",5178
"603470186bba1c26a354c27e",24,500,28,23,20,"red",2777
"603470186bba1c26a354c27e",25,500,14,15,10,"red",3362
"603470186bba1c26a354c27e",26,600,36,27,2,"red",3330
"603470186bba1c26a354c27e",27,600,35,32,10,"red",4035
"603470186bba1c26a354c27e",28,400,34,34,20,"red",2906
"603470186bba1c26a354c27e",29,400,32,27,2,"red",3006
"603470186bba1c26a354c27e",30,400,31,27,2,"red",4105
"603470186bba1c26a354c27e",31,500,14,11,2,"red",4535
"603470186bba1c26a354c27e",32,600,14,9,2,"red",3464
"603470186bba1c26a354c27e",33,600,30,27,10,"red",4932
"603470186bba1c26a354c27e",34,500,23,18,10,"red",4568
"603470186bba1c26a354c27e",35,400,35,27,20,"red",7138
"603470186bba1c26a354c27e",36,600,23,14,20,"red",4655
"603470186bba1c26a354c27e",37,400,25,19,10,"red",6704
"603470186bba1c26a354c27e",38,400,29,22,10,"red",6299
"603470186bba1c26a354c27e",39,500,24,18,10,"red",2964
"603470186bba1c26a354c27e",40,400,36,27,10,"red",3470
"603470186bba1c26a354c27e",41,600,15,10,20,"red",5455
"603470186bba1c26a354c27e",42,400,36,25,20,"red",3562
"603470186bba1c26a354c27e",43,500,15,13,20,"red",6569
"603470186bba1c26a354c27e",44,400,16,14,2,"red",3716
"603470186bba1c26a354c27e",46,400,17,12,2,"red",2937
"603470186bba1c26a354c27e",47,600,36,29,20,"red",5445
"603470186bba1c26a354c27e",48,600,35,28,20,"red",2874
"603470186bba1c26a354c27e",49,600,36,28,2,"red",2698
"603470186bba1c26a354c27e",50,500,25,25,2,"red",4815
"603470186bba1c26a354c27e",51,600,28,24,2,"red",5684
"603470186bba1c26a354c27e",55,400,35,28,10,"red",6370
"603470186bba1c26a354c27e",56,400,20,12,20,"red",5657
"603470186bba1c26a354c27e",57,500,34,28,10,"red",3565
"603470186bba1c26a354c27e",58,500,26,17,20,"red",7129
"603470186bba1c26a354c27e",59,600,20,12,20,"red",3663
"603470186bba1c26a354c27e",60,600,24,16,2,"red",2597
"603470186bba1c26a354c27e",61,400,32,26,10,"red",3957
"603470186bba1c26a354c27e",62,400,20,15,20,"red",4141
"603470186bba1c26a354c27e",63,400,29,20,20,"red",1957
"603470186bba1c26a354c27e",64,600,30,26,10,"red",1808
"603470186bba1c26a354c27e",65,500,16,14,10,"red",2934
"603470186bba1c26a354c27e",66,400,20,21,10,"red",2323
"603470186bba1c26a354c27e",67,600,29,28,10,"red",2279
"603470186bba1c26a354c27e",68,600,36,32,20,"red",2236
"603470186bba1c26a354c27e",69,600,28,23,20,"blue",2487
"603470186bba1c26a354c27e",70,600,29,24,20,"blue",2597
"603470186bba1c26a354c27e",71,500,27,14,20,"blue",3164
"603470186bba1c26a354c27e",72,400,25,13,20,"blue",3065
"603470186bba1c26a354c27e",73,500,20,10,20,"blue",4885
"603470186bba1c26a354c27e",74,400,24,19,2,"blue",3222
"603470186bba1c26a354c27e",75,500,34,23,20,"blue",3508
"603470186bba1c26a354c27e",76,500,26,14,20,"blue",6373
"603470186bba1c26a354c27e",77,500,30,25,10,"blue",2566
"603470186bba1c26a354c27e",78,400,36,26,2,"blue",2659
"603470186bba1c26a354c27e",79,500,21,16,10,"blue",2865
"603470186bba1c26a354c27e",80,500,23,21,10,"blue",3984
"603470186bba1c26a354c27e",81,400,14,12,2,"blue",3459
"603470186bba1c26a354c27e",82,400,17,13,10,"blue",2698
"603470186bba1c26a354c27e",83,500,19,11,10,"blue",4666
"603470186bba1c26a354c27e",84,400,36,25,2,"blue",7183
"603470186bba1c26a354c27e",85,500,35,27,20,"blue",2175
"603470186bba1c26a354c27e",86,500,27,19,20,"blue",2936
"603470186bba1c26a354c27e",87,500,29,22,10,"blue",3213
"603470186bba1c26a354c27e",88,500,18,15,10,"blue",2232
"603470186bba1c26a354c27e",89,500,21,13,2,"blue",2787
"603470186bba1c26a354c27e",90,500,25,17,20,"blue",2164
"603470186bba1c26a354c27e",91,600,15,9,20,"blue",2700
"603470186bba1c26a354c27e",92,600,31,23,10,"blue",3508
"603470186bba1c26a354c27e",93,500,22,17,2,"blue",2508
"603470186bba1c26a354c27e",94,500,26,22,10,"blue",2886
"603470186bba1c26a354c27e",95,500,36,28,10,"blue",2761
"603470186bba1c26a354c27e",97,500,36,27,10,"blue",4211
"603470186bba1c26a354c27e",98,500,25,14,20,"blue",3290
"603470186bba1c26a354c27e",99,600,28,19,2,"blue",2301
"603470186bba1c26a354c27e",100,400,32,25,20,"blue",3182
"603470186bba1c26a354c27e",101,600,20,16,2,"blue",2341
"603470186bba1c26a354c27e",102,500,17,9,2,"blue",3568
"603470186bba1c26a354c27e",103,600,31,24,10,"blue",3261
"603470186bba1c26a354c27e",104,600,28,25,2,"blue",3046
"603470186bba1c26a354c27e",105,400,17,13,20,"blue",3013
"603470186bba1c26a354c27e",106,600,23,13,2,"blue",3607
"603470186bba1c26a354c27e",107,500,33,26,2,"blue",2668
"603470186bba1c26a354c27e",108,500,17,10,10,"blue",2678
"603470186bba1c26a354c27e",109,600,24,24,10,"blue",3034
"603470186bba1c26a354c27e",110,400,23,18,10,"blue",4628
"603470186bba1c26a354c27e",111,500,28,20,2,"blue",2227
"603470186bba1c26a354c27e",112,400,19,11,2,"blue",3438
"603470186bba1c26a354c27e",113,500,30,25,2,"blue",2297
"603470186bba1c26a354c27e",114,400,22,17,10,"blue",3307
"603470186bba1c26a354c27e",115,400,35,28,20,"blue",4766
"603470186bba1c26a354c27e",116,400,31,25,20,"blue",2936
"605fbc12c61d8d10250f6e51",21,400,32,32,2,"red",2760
"605fbc12c61d8d10250f6e51",22,400,17,16,2,"red",2777
"605fbc12c61d8d10250f6e51",23,500,14,15,2,"red",1741
"605fbc12c61d8d10250f6e51",24,500,27,31,10,"red",1894
"605fbc12c61d8d10250f6e51",25,400,32,30,10,"red",1861
"605fbc12c61d8d10250f6e51",26,600,15,11,10,"red",1774
"605fbc12c61d8d10250f6e51",27,600,23,28,10,"red",1879
"605fbc12c61d8d10250f6e51",28,600,27,27,20,"red",1923
"605fbc12c61d8d10250f6e51",29,500,23,25,20,"red",2927
"605fbc12c61d8d10250f6e51",30,400,20,25,10,"red",2711
"605fbc12c61d8d10250f6e51",31,500,28,27,20,"red",2977
"605fbc12c61d8d10250f6e51",32,500,20,26,10,"red",2545
"605fbc12c61d8d10250f6e51",33,600,22,23,2,"red",2312
"605fbc12c61d8d10250f6e51",34,500,20,17,2,"red",2444
"605fbc12c61d8d10250f6e51",35,400,22,18,10,"red",2190
"605fbc12c61d8d10250f6e51",36,500,19,18,10,"red",2031
"605fbc12c61d8d10250f6e51",37,400,20,17,2,"red",1825
"605fbc12c61d8d10250f6e51",38,400,23,17,20,"red",1726
"605fbc12c61d8d10250f6e51",39,500,23,27,2,"red",1910
"605fbc12c61d8d10250f6e51",40,400,29,25,20,"red",2613
"605fbc12c61d8d10250f6e51",41,500,32,28,20,"red",1796
"605fbc12c61d8d10250f6e51",42,500,34,33,20,"red",1794
"605fbc12c61d8d10250f6e51",44,600,21,15,20,"red",1844
"605fbc12c61d8d10250f6e51",45,400,14,21,10,"red",1778
"605fbc12c61d8d10250f6e51",46,500,19,22,10,"red",2324
"605fbc12c61d8d10250f6e51",47,500,35,35,2,"red",1794
"605fbc12c61d8d10250f6e51",48,400,31,32,2,"red",2328
"605fbc12c61d8d10250f6e51",49,600,33,31,10,"red",1946
"605fbc12c61d8d10250f6e51",50,500,25,22,10,"red",1958
"605fbc12c61d8d10250f6e51",52,400,31,35,2,"red",2243
"605fbc12c61d8d10250f6e51",53,600,15,10,10,"red",2023
"605fbc12c61d8d10250f6e51",54,500,29,15,20,"red",1645
"605fbc12c61d8d10250f6e51",55,400,31,30,2,"red",1590
"605fbc12c61d8d10250f6e51",56,500,20,12,2,"red",1662
"605fbc12c61d8d10250f6e51",57,600,36,35,20,"red",2724
"605fbc12c61d8d10250f6e51",58,600,31,27,2,"red",1594
"605fbc12c61d8d10250f6e51",60,500,33,29,10,"red",2046
"605fbc12c61d8d10250f6e51",61,400,25,23,10,"red",1890
"605fbc12c61d8d10250f6e51",62,600,32,31,20,"red",1876
"605fbc12c61d8d10250f6e51",63,400,36,28,20,"red",1795
"605fbc12c61d8d10250f6e51",64,400,31,29,20,"red",1457
"605fbc12c61d8d10250f6e51",65,500,15,15,20,"red",1661
"605fbc12c61d8d10250f6e51",66,600,33,32,2,"red",1875
"605fbc12c61d8d10250f6e51",67,500,34,34,2,"red",1963
"605fbc12c61d8d10250f6e51",68,600,20,18,10,"red",1492
"605fbc12c61d8d10250f6e51",69,600,30,22,20,"blue",2726
"605fbc12c61d8d10250f6e51",70,500,25,15,20,"blue",1827
"605fbc12c61d8d10250f6e51",71,500,32,27,2,"blue",1861
"605fbc12c61d8d10250f6e51",72,400,31,25,20,"blue",2009
"605fbc12c61d8d10250f6e51",73,500,14,11,10,"blue",2494
"605fbc12c61d8d10250f6e51",74,500,32,30,2,"blue",2176
"605fbc12c61d8d10250f6e51",75,600,26,25,2,"blue",1476
"605fbc12c61d8d10250f6e51",76,600,34,26,20,"blue",1609
"605fbc12c61d8d10250f6e51",77,400,25,23,2,"blue",1812
"605fbc12c61d8d10250f6e51",78,600,15,12,10,"blue",1678
"605fbc12c61d8d10250f6e51",79,600,35,32,2,"blue",2373
"605fbc12c61d8d10250f6e51",80,500,31,28,2,"blue",1546
"605fbc12c61d8d10250f6e51",81,500,31,25,10,"blue",1524
"605fbc12c61d8d10250f6e51",82,600,36,23,2,"blue",2177
"605fbc12c61d8d10250f6e51",83,400,36,30,20,"blue",1946
"605fbc12c61d8d10250f6e51",84,400,24,25,10,"blue",1578
"605fbc12c61d8d10250f6e51",85,400,24,22,20,"blue",1741
"605fbc12c61d8d10250f6e51",86,500,26,18,10,"blue",1563
"605fbc12c61d8d10250f6e51",87,600,28,21,2,"blue",1607
"605fbc12c61d8d10250f6e51",88,600,36,33,2,"blue",1509
"605fbc12c61d8d10250f6e51",89,500,19,15,2,"blue",2981
"605fbc12c61d8d10250f6e51",90,400,14,15,10,"blue",2608
"605fbc12c61d8d10250f6e51",91,400,22,26,10,"blue",1412
"605fbc12c61d8d10250f6e51",92,600,16,21,20,"blue",2141
"605fbc12c61d8d10250f6e51",93,500,28,19,10,"blue",1627
"605fbc12c61d8d10250f6e51",94,600,15,13,20,"blue",2108
"605fbc12c61d8d10250f6e51",95,500,22,26,10,"blue",1926
"605fbc12c61d8d10250f6e51",96,500,33,32,10,"blue",2195
"605fbc12c61d8d10250f6e51",97,400,25,32,10,"blue",1861
"605fbc12c61d8d10250f6e51",98,400,27,33,10,"blue",1657
"605fbc12c61d8d10250f6e51",99,500,20,15,20,"blue",1577
"605fbc12c61d8d10250f6e51",100,500,20,12,2,"blue",1412
"605fbc12c61d8d10250f6e51",101,500,30,20,20,"blue",1464
"605fbc12c61d8d10250f6e51",102,600,24,16,20,"blue",1607
"605fbc12c61d8d10250f6e51",103,500,36,32,2,"blue",1760
"605fbc12c61d8d10250f6e51",104,600,23,13,2,"blue",1712
"605fbc12c61d8d10250f6e51",105,500,32,30,10,"blue",1575
"605fbc12c61d8d10250f6e51",106,600,34,28,10,"blue",1762
"605fbc12c61d8d10250f6e51",107,400,14,11,2,"blue",1340
"605fbc12c61d8d10250f6e51",108,500,29,30,10,"blue",1947
"605fbc12c61d8d10250f6e51",109,500,36,36,20,"blue",1290
"605fbc12c61d8d10250f6e51",110,400,34,27,20,"blue",1578
"605fbc12c61d8d10250f6e51",111,400,20,9,2,"blue",1291
"605fbc12c61d8d10250f6e51",112,500,27,17,2,"blue",1247
"605fbc12c61d8d10250f6e51",113,500,24,18,20,"blue",1607
"605fbc12c61d8d10250f6e51",114,400,17,16,10,"blue",1977
"605fbc12c61d8d10250f6e51",115,400,23,20,20,"blue",1725
"605fbc12c61d8d10250f6e51",116,500,15,16,20,"blue",2062
"607b73619e1bfba7bfb23cce",21,400,29,21,20,"blue",2207
"607b73619e1bfba7bfb23cce",22,400,24,29,2,"blue",1883
"607b73619e1bfba7bfb23cce",23,500,15,19,2,"blue",1743
"607b73619e1bfba7bfb23cce",24,500,35,34,20,"blue",1417
"607b73619e1bfba7bfb23cce",25,600,36,37,10,"blue",1540
"607b73619e1bfba7bfb23cce",26,500,34,33,20,"blue",1550
"607b73619e1bfba7bfb23cce",27,600,20,11,20,"blue",2156
"607b73619e1bfba7bfb23cce",28,400,16,13,20,"blue",2227
"607b73619e1bfba7bfb23cce",29,600,27,22,20,"blue",1948
"607b73619e1bfba7bfb23cce",30,500,18,16,10,"blue",2695
"607b73619e1bfba7bfb23cce",31,600,32,28,2,"blue",1948
"607b73619e1bfba7bfb23cce",32,600,29,33,20,"blue",1906
"607b73619e1bfba7bfb23cce",33,400,34,40,10,"blue",1623
"607b73619e1bfba7bfb23cce",34,600,34,35,10,"blue",1382
"607b73619e1bfba7bfb23cce",35,500,15,13,10,"blue",1930
"607b73619e1bfba7bfb23cce",36,400,20,23,2,"blue",1481
"607b73619e1bfba7bfb23cce",37,500,21,19,20,"blue",2597
"607b73619e1bfba7bfb23cce",38,600,26,20,2,"blue",1571
"607b73619e1bfba7bfb23cce",39,600,23,34,2,"blue",1406
"607b73619e1bfba7bfb23cce",40,500,22,23,2,"blue",1553
"607b73619e1bfba7bfb23cce",41,400,16,21,10,"blue",2563
"607b73619e1bfba7bfb23cce",42,400,19,19,10,"blue",3412
"607b73619e1bfba7bfb23cce",43,600,24,13,20,"blue",2025
"607b73619e1bfba7bfb23cce",44,400,33,39,10,"blue",1426
"607b73619e1bfba7bfb23cce",46,600,18,19,10,"blue",1771
"607b73619e1bfba7bfb23cce",48,600,16,13,2,"blue",1756
"607b73619e1bfba7bfb23cce",49,600,32,37,10,"blue",1909
"607b73619e1bfba7bfb23cce",50,400,27,34,10,"blue",1321
"607b73619e1bfba7bfb23cce",51,400,31,40,10,"blue",1953
"607b73619e1bfba7bfb23cce",52,400,14,15,2,"blue",2239
"607b73619e1bfba7bfb23cce",53,600,15,13,2,"blue",1818
"607b73619e1bfba7bfb23cce",54,500,35,37,20,"blue",1901
"607b73619e1bfba7bfb23cce",55,600,32,39,20,"blue",1512
"607b73619e1bfba7bfb23cce",56,500,30,35,10,"blue",2735
"607b73619e1bfba7bfb23cce",57,400,25,24,10,"blue",2256
"607b73619e1bfba7bfb23cce",58,600,36,36,2,"blue",1372
"607b73619e1bfba7bfb23cce",59,400,33,39,10,"blue",2177
"607b73619e1bfba7bfb23cce",60,400,25,32,2,"blue",2302
"607b73619e1bfba7bfb23cce",62,500,33,38,20,"blue",1644
"607b73619e1bfba7bfb23cce",63,500,14,19,2,"blue",2043
"607b73619e1bfba7bfb23cce",64,600,20,14,2,"blue",1898
"607b73619e1bfba7bfb23cce",65,600,23,22,10,"blue",1957
"607b73619e1bfba7bfb23cce",66,600,16,21,20,"blue",1821
"607b73619e1bfba7bfb23cce",67,600,16,17,20,"blue",1863
"607b73619e1bfba7bfb23cce",68,400,32,39,20,"blue",1243
"607b73619e1bfba7bfb23cce",69,500,27,20,2,"red",1897
"607b73619e1bfba7bfb23cce",70,500,16,18,20,"red",1550
"607b73619e1bfba7bfb23cce",71,400,22,13,2,"red",1536
"607b73619e1bfba7bfb23cce",72,600,26,17,20,"red",1434
"607b73619e1bfba7bfb23cce",73,400,17,12,20,"red",1448
"607b73619e1bfba7bfb23cce",74,500,19,8,10,"red",1563
"607b73619e1bfba7bfb23cce",75,400,24,27,10,"red",1654
"607b73619e1bfba7bfb23cce",76,400,33,37,2,"red",1329
"607b73619e1bfba7bfb23cce",77,600,33,38,2,"red",1257
"607b73619e1bfba7bfb23cce",78,600,20,21,20,"red",1717
"607b73619e1bfba7bfb23cce",79,400,25,28,10,"red",1279
"607b73619e1bfba7bfb23cce",80,500,18,12,10,"red",1002
"607b73619e1bfba7bfb23cce",81,400,30,28,2,"red",1980
"607b73619e1bfba7bfb23cce",82,500,36,46,10,"red",1238
"607b73619e1bfba7bfb23cce",83,600,31,19,2,"red",2472
"607b73619e1bfba7bfb23cce",84,500,36,42,2,"red",1376
"607b73619e1bfba7bfb23cce",85,600,24,40,20,"red",1672
"607b73619e1bfba7bfb23cce",86,600,18,14,20,"red",1376
"607b73619e1bfba7bfb23cce",87,400,28,16,10,"red",2559
"607b73619e1bfba7bfb23cce",88,600,25,26,2,"red",2833
"607b73619e1bfba7bfb23cce",89,400,35,38,2,"red",1139
"607b73619e1bfba7bfb23cce",90,500,24,27,20,"red",1085
"607b73619e1bfba7bfb23cce",91,400,20,24,20,"red",1128
"607b73619e1bfba7bfb23cce",92,600,22,19,2,"red",1619
"607b73619e1bfba7bfb23cce",93,500,17,9,10,"red",1653
"607b73619e1bfba7bfb23cce",94,400,18,12,20,"red",1547
"607b73619e1bfba7bfb23cce",95,500,30,26,20,"red",1113
"607b73619e1bfba7bfb23cce",96,400,28,21,2,"red",1306
"607b73619e1bfba7bfb23cce",97,600,17,10,20,"red",1464
"607b73619e1bfba7bfb23cce",98,400,22,21,20,"red",1458
"607b73619e1bfba7bfb23cce",99,600,23,27,10,"red",1266
"607b73619e1bfba7bfb23cce",100,600,15,9,10,"red",1836
"607b73619e1bfba7bfb23cce",101,600,25,22,10,"red",1201
"607b73619e1bfba7bfb23cce",102,600,26,18,2,"red",1721
"607b73619e1bfba7bfb23cce",103,600,21,26,10,"red",1407
"607b73619e1bfba7bfb23cce",104,600,23,17,10,"red",1834
"607b73619e1bfba7bfb23cce",105,500,28,20,10,"red",1591
"607b73619e1bfba7bfb23cce",106,500,33,40,2,"red",1164
"607b73619e1bfba7bfb23cce",107,400,15,16,10,"red",1341
"607b73619e1bfba7bfb23cce",108,400,27,39,2,"red",1546
"607b73619e1bfba7bfb23cce",109,500,29,39,20,"red",1381
"607b73619e1bfba7bfb23cce",110,400,18,7,20,"red",1297
"607b73619e1bfba7bfb23cce",111,600,14,4,20,"red",1247
"607b73619e1bfba7bfb23cce",112,500,26,40,10,"red",3266
"607b73619e1bfba7bfb23cce",113,500,27,24,20,"red",1703
"607b73619e1bfba7bfb23cce",114,600,18,15,2,"red",3034
"607b73619e1bfba7bfb23cce",115,500,16,7,2,"red",1358
"607b73619e1bfba7bfb23cce",116,600,15,23,10,"red",1561
"60c119b30aa5205b493541b6",22,400,30,25,20,"red",3233
"60c119b30aa5205b493541b6",23,400,14,12,2,"red",2828
"60c119b30aa5205b493541b6",24,400,34,35,2,"red",2151
"60c119b30aa5205b493541b6",25,600,26,24,20,"red",2814
"60c119b30aa5205b493541b6",26,400,21,24,10,"red",2729
"60c119b30aa5205b493541b6",27,600,21,26,10,"red",3273
"60c119b30aa5205b493541b6",28,500,27,23,20,"red",2983
"60c119b30aa5205b493541b6",29,500,20,20,10,"red",2853
"60c119b30aa5205b493541b6",30,600,21,16,10,"red",3251
"60c119b30aa5205b493541b6",31,600,24,16,10,"red",2252
"60c119b30aa5205b493541b6",32,400,36,38,2,"red",2437
"60c119b30aa5205b493541b6",33,600,17,20,2,"red",2864
"60c119b30aa5205b493541b6",34,600,15,13,20,"red",2599
"60c119b30aa5205b493541b6",35,600,36,37,2,"red",1969
"60c119b30aa5205b493541b6",36,500,28,31,2,"red",2654
"60c119b30aa5205b493541b6",37,600,36,36,2,"red",2043
"60c119b30aa5205b493541b6",38,600,35,29,20,"red",2628
"60c119b30aa5205b493541b6",39,500,25,31,2,"red",1910
"60c119b30aa5205b493541b6",40,400,27,34,2,"red",2950
"60c119b30aa5205b493541b6",41,500,25,26,10,"red",2299
"60c119b30aa5205b493541b6",42,600,14,17,20,"red",2955
"60c119b30aa5205b493541b6",43,600,35,31,20,"red",3451
"60c119b30aa5205b493541b6",44,600,36,35,20,"red",2334
"60c119b30aa5205b493541b6",45,500,18,13,2,"red",1984
"60c119b30aa5205b493541b6",46,500,26,30,10,"red",2397
"60c119b30aa5205b493541b6",47,400,15,8,2,"red",1746
"60c119b30aa5205b493541b6",48,500,26,28,2,"red",1680
"60c119b30aa5205b493541b6",49,400,15,24,10,"red",3187
"60c119b30aa5205b493541b6",50,600,17,14,20,"red",2364
"60c119b30aa5205b493541b6",51,500,14,15,2,"red",2473
"60c119b30aa5205b493541b6",52,400,25,22,10,"red",3690
"60c119b30aa5205b493541b6",53,600,22,22,10,"red",3247
"60c119b30aa5205b493541b6",54,500,21,19,10,"red",2559
"60c119b30aa5205b493541b6",55,400,30,28,10,"red",2440
"60c119b30aa5205b493541b6",56,600,18,23,10,"red",2671
"60c119b30aa5205b493541b6",57,400,16,16,2,"red",2449
"60c119b30aa5205b493541b6",58,500,20,21,10,"red",3221
"60c119b30aa5205b493541b6",59,600,14,14,20,"red",3038
"60c119b30aa5205b493541b6",60,400,16,12,2,"red",2190
"60c119b30aa5205b493541b6",61,600,29,32,10,"red",2564
"60c119b30aa5205b493541b6",62,500,17,13,20,"red",2101
"60c119b30aa5205b493541b6",63,500,14,14,20,"red",2610
"60c119b30aa5205b493541b6",64,600,23,19,2,"red",2876
"60c119b30aa5205b493541b6",65,500,27,25,20,"red",2930
"60c119b30aa5205b493541b6",66,600,29,28,20,"red",3273
"60c119b30aa5205b493541b6",67,500,35,32,10,"red",2571
"60c119b30aa5205b493541b6",68,400,34,36,20,"red",1909
"60c119b30aa5205b493541b6",69,600,14,23,10,"blue",2722
"60c119b30aa5205b493541b6",70,600,18,27,10,"blue",2228
"60c119b30aa5205b493541b6",71,600,24,27,10,"blue",2436
"60c119b30aa5205b493541b6",72,400,20,31,10,"blue",2348
"60c119b30aa5205b493541b6",73,400,15,23,10,"blue",2189
"60c119b30aa5205b493541b6",74,600,33,44,2,"blue",2630
"60c119b30aa5205b493541b6",75,400,17,27,10,"blue",2265
"60c119b30aa5205b493541b6",76,400,31,38,2,"blue",2173
"60c119b30aa5205b493541b6",77,400,33,36,10,"blue",2187
"60c119b30aa5205b493541b6",78,600,25,25,2,"blue",1896
"60c119b30aa5205b493541b6",79,500,35,34,20,"blue",2271
"60c119b30aa5205b493541b6",80,500,19,37,20,"blue",2773
"60c119b30aa5205b493541b6",81,600,20,24,2,"blue",2647
"60c119b30aa5205b493541b6",82,600,16,24,2,"blue",2538
"60c119b30aa5205b493541b6",83,600,19,25,20,"blue",2596
"60c119b30aa5205b493541b6",84,400,28,28,20,"blue",1994
"60c119b30aa5205b493541b6",85,400,14,13,20,"blue",2985
"60c119b30aa5205b493541b6",86,600,30,27,20,"blue",2974
"60c119b30aa5205b493541b6",87,500,24,22,2,"blue",2433
"60c119b30aa5205b493541b6",88,500,25,20,20,"blue",2039
"60c119b30aa5205b493541b6",89,400,20,23,10,"blue",2422
"60c119b30aa5205b493541b6",90,600,22,20,20,"blue",2155
"60c119b30aa5205b493541b6",91,500,27,23,10,"blue",3885
"60c119b30aa5205b493541b6",92,500,28,26,20,"blue",2429
"60c119b30aa5205b493541b6",93,600,21,19,10,"blue",3340
"60c119b30aa5205b493541b6",94,400,14,18,10,"blue",2627
"60c119b30aa5205b493541b6",95,600,26,26,20,"blue",1982
"60c119b30aa5205b493541b6",96,400,31,25,2,"blue",2503
"60c119b30aa5205b493541b6",97,400,34,38,2,"blue",1732
"60c119b30aa5205b493541b6",98,400,28,29,2,"blue",1996
"60c119b30aa5205b493541b6",99,600,24,22,20,"blue",2519
"60c119b30aa5205b493541b6",100,600,32,33,10,"blue",1871
"60c119b30aa5205b493541b6",101,600,21,23,10,"blue",2833
"60c119b30aa5205b493541b6",102,400,32,21,20,"blue",2258
"60c119b30aa5205b493541b6",103,400,35,35,10,"blue",2430
"60c119b30aa5205b493541b6",104,600,22,16,2,"blue",2503
"60c119b30aa5205b493541b6",105,500,36,40,2,"blue",3515
"60c119b30aa5205b493541b6",106,500,17,8,20,"blue",2707
"60c119b30aa5205b493541b6",107,600,23,6,2,"blue",1924
"60c119b30aa5205b493541b6",108,600,16,7,2,"blue",2249
"60c119b30aa5205b493541b6",109,400,35,24,20,"blue",2219
"60c119b30aa5205b493541b6",110,500,21,15,2,"blue",2308
"60c119b30aa5205b493541b6",111,600,15,12,10,"blue",2244
"60c119b30aa5205b493541b6",112,500,27,15,20,"blue",2002
"60c119b30aa5205b493541b6",113,600,34,28,2,"blue",1982
"60c119b30aa5205b493541b6",114,400,30,23,10,"blue",1997
"60c119b30aa5205b493541b6",115,500,17,18,2,"blue",2157
"60c119b30aa5205b493541b6",116,400,15,22,20,"blue",2661
"6143af8721d1445864c4f6c8",21,600,36,42,2,"red",2563
"6143af8721d1445864c4f6c8",22,400,28,20,10,"red",2695
"6143af8721d1445864c4f6c8",23,500,35,35,20,"red",2252
"6143af8721d1445864c4f6c8",24,400,34,35,2,"red",2450
"6143af8721d1445864c4f6c8",25,500,30,29,10,"red",2331
"6143af8721d1445864c4f6c8",26,400,28,34,20,"red",1989
"6143af8721d1445864c4f6c8",27,500,20,24,20,"red",1952
"6143af8721d1445864c4f6c8",28,400,19,22,10,"red",2054
"6143af8721d1445864c4f6c8",29,500,26,16,2,"red",2088
"6143af8721d1445864c4f6c8",30,600,24,16,2,"red",4073
"6143af8721d1445864c4f6c8",32,400,14,26,20,"red",2030
"6143af8721d1445864c4f6c8",33,600,34,30,20,"red",1894
"6143af8721d1445864c4f6c8",35,600,21,29,20,"red",3469
"6143af8721d1445864c4f6c8",36,500,24,31,10,"red",1990
"6143af8721d1445864c4f6c8",37,400,21,26,10,"red",2120
"6143af8721d1445864c4f6c8",38,400,16,21,20,"red",2115
"6143af8721d1445864c4f6c8",39,400,23,20,2,"red",2549
"6143af8721d1445864c4f6c8",40,500,17,16,2,"red",2722
"6143af8721d1445864c4f6c8",41,400,28,21,10,"red",2653
"6143af8721d1445864c4f6c8",42,500,34,30,10,"red",1909
"6143af8721d1445864c4f6c8",43,400,33,34,10,"red",2167
"6143af8721d1445864c4f6c8",44,500,30,32,2,"red",2466
"6143af8721d1445864c4f6c8",45,600,25,34,10,"red",2988
"6143af8721d1445864c4f6c8",46,400,18,26,20,"red",1729
"6143af8721d1445864c4f6c8",47,500,19,23,10,"red",1633
"6143af8721d1445864c4f6c8",48,400,24,33,2,"red",1884
"6143af8721d1445864c4f6c8",49,600,29,25,2,"red",1885
"6143af8721d1445864c4f6c8",50,400,20,16,2,"red",1657
"6143af8721d1445864c4f6c8",51,500,35,35,2,"red",2127
"6143af8721d1445864c4f6c8",52,400,35,33,2,"red",3425
"6143af8721d1445864c4f6c8",53,500,34,31,2,"red",3291
"6143af8721d1445864c4f6c8",54,500,19,31,20,"red",2476
"6143af8721d1445864c4f6c8",55,600,26,33,20,"red",2542
"6143af8721d1445864c4f6c8",56,600,26,27,20,"red",2515
"6143af8721d1445864c4f6c8",57,400,27,26,2,"red",2335
"6143af8721d1445864c4f6c8",58,500,16,20,20,"red",2713
"6143af8721d1445864c4f6c8",59,600,17,21,2,"red",2246
"6143af8721d1445864c4f6c8",60,500,17,20,10,"red",2308
"6143af8721d1445864c4f6c8",61,400,28,18,10,"red",2760
"6143af8721d1445864c4f6c8",62,400,18,20,10,"red",2242
"6143af8721d1445864c4f6c8",63,500,16,17,10,"red",1921
"6143af8721d1445864c4f6c8",64,500,20,20,2,"red",2433
"6143af8721d1445864c4f6c8",65,600,31,32,20,"red",2553
"6143af8721d1445864c4f6c8",66,600,22,33,10,"red",2945
"6143af8721d1445864c4f6c8",67,600,28,30,20,"red",2940
"6143af8721d1445864c4f6c8",68,400,28,30,20,"red",2527
"6143af8721d1445864c4f6c8",69,500,33,25,2,"blue",2391
"6143af8721d1445864c4f6c8",70,600,19,22,2,"blue",2418
"6143af8721d1445864c4f6c8",71,500,19,33,20,"blue",2188
"6143af8721d1445864c4f6c8",72,500,35,31,10,"blue",2193
"6143af8721d1445864c4f6c8",73,400,32,31,10,"blue",1902
"6143af8721d1445864c4f6c8",74,600,23,32,20,"blue",2707
"6143af8721d1445864c4f6c8",75,500,18,20,10,"blue",1992
"6143af8721d1445864c4f6c8",76,500,34,28,10,"blue",2334
"6143af8721d1445864c4f6c8",77,400,24,28,20,"blue",2888
"6143af8721d1445864c4f6c8",78,600,20,32,20,"blue",2769
"6143af8721d1445864c4f6c8",79,600,36,38,20,"blue",1966
"6143af8721d1445864c4f6c8",80,500,29,29,10,"blue",2161
"6143af8721d1445864c4f6c8",81,600,26,27,20,"blue",2154
"6143af8721d1445864c4f6c8",82,400,36,36,20,"blue",1800
"6143af8721d1445864c4f6c8",83,400,29,28,20,"blue",1760
"6143af8721d1445864c4f6c8",84,400,14,16,20,"blue",2223
"6143af8721d1445864c4f6c8",85,600,17,15,2,"blue",1910
"6143af8721d1445864c4f6c8",86,600,17,15,20,"blue",1815
"6143af8721d1445864c4f6c8",87,400,19,15,2,"blue",1690
"6143af8721d1445864c4f6c8",88,600,35,35,2,"blue",2342
"6143af8721d1445864c4f6c8",89,400,28,35,20,"blue",3501
"6143af8721d1445864c4f6c8",90,400,24,24,2,"blue",1904
"6143af8721d1445864c4f6c8",91,400,35,25,10,"blue",1844
"6143af8721d1445864c4f6c8",92,600,32,25,10,"blue",2274
"6143af8721d1445864c4f6c8",93,500,28,27,20,"blue",3123
"6143af8721d1445864c4f6c8",94,600,33,27,2,"blue",2527
"6143af8721d1445864c4f6c8",95,400,16,24,10,"blue",1949
"6143af8721d1445864c4f6c8",96,500,27,25,2,"blue",3189
"6143af8721d1445864c4f6c8",97,500,24,27,20,"blue",2301
"6143af8721d1445864c4f6c8",98,400,21,25,20,"blue",2453
"6143af8721d1445864c4f6c8",99,500,30,27,10,"blue",2748
"6143af8721d1445864c4f6c8",100,400,36,36,20,"blue",2771
"6143af8721d1445864c4f6c8",101,600,20,27,10,"blue",2803
"6143af8721d1445864c4f6c8",102,500,14,23,10,"blue",1704
"6143af8721d1445864c4f6c8",103,400,29,37,2,"blue",1919
"6143af8721d1445864c4f6c8",104,500,29,33,2,"blue",1703
"6143af8721d1445864c4f6c8",105,600,31,33,2,"blue",1925
"6143af8721d1445864c4f6c8",106,400,20,35,10,"blue",1927
"6143af8721d1445864c4f6c8",107,600,29,26,2,"blue",1758
"6143af8721d1445864c4f6c8",108,400,23,34,10,"blue",1922
"6143af8721d1445864c4f6c8",109,600,23,35,20,"blue",1642
"6143af8721d1445864c4f6c8",110,600,25,20,2,"blue",2062
"6143af8721d1445864c4f6c8",111,500,16,25,10,"blue",2133
"6143af8721d1445864c4f6c8",112,400,33,27,2,"blue",2083
"6143af8721d1445864c4f6c8",113,400,17,26,10,"blue",2050
"6143af8721d1445864c4f6c8",114,400,23,20,2,"blue",1550
"6143af8721d1445864c4f6c8",115,400,32,27,2,"blue",1708
"6143af8721d1445864c4f6c8",116,500,30,28,10,"blue",2452
"616964223dcbf0aa539dbae2",21,400,15,15,2,"blue",3280
"616964223dcbf0aa539dbae2",22,600,25,21,10,"blue",2815
"616964223dcbf0aa539dbae2",23,400,18,20,20,"blue",2536
"616964223dcbf0aa539dbae2",24,400,17,22,10,"blue",3190
"616964223dcbf0aa539dbae2",25,500,27,32,10,"blue",2431
"616964223dcbf0aa539dbae2",26,500,21,33,20,"blue",2116
"616964223dcbf0aa539dbae2",27,500,29,40,2,"blue",3091
"616964223dcbf0aa539dbae2",28,600,24,28,10,"blue",1616
"616964223dcbf0aa539dbae2",29,600,24,21,2,"blue",1672
"616964223dcbf0aa539dbae2",30,500,29,34,2,"blue",2029
"616964223dcbf0aa539dbae2",31,600,34,45,10,"blue",2847
"616964223dcbf0aa539dbae2",32,500,21,35,20,"blue",2816
"616964223dcbf0aa539dbae2",33,500,21,24,2,"blue",3381
"616964223dcbf0aa539dbae2",34,400,28,36,10,"blue",2850
"616964223dcbf0aa539dbae2",35,400,17,14,20,"blue",3247
"616964223dcbf0aa539dbae2",36,400,27,34,2,"blue",1977
"616964223dcbf0aa539dbae2",37,600,19,16,2,"blue",1792
"616964223dcbf0aa539dbae2",38,400,20,22,2,"blue",1719
"616964223dcbf0aa539dbae2",39,400,29,27,20,"blue",1953
"616964223dcbf0aa539dbae2",41,500,25,19,2,"blue",3511
"616964223dcbf0aa539dbae2",42,600,15,21,20,"blue",3457
"616964223dcbf0aa539dbae2",43,500,33,32,20,"blue",2766
"616964223dcbf0aa539dbae2",44,500,26,36,10,"blue",3547
"616964223dcbf0aa539dbae2",45,400,32,37,2,"blue",3782
"616964223dcbf0aa539dbae2",46,400,15,14,10,"blue",4446
"616964223dcbf0aa539dbae2",47,400,21,17,2,"blue",2753
"616964223dcbf0aa539dbae2",48,400,33,33,20,"blue",3316
"616964223dcbf0aa539dbae2",49,500,20,26,10,"blue",2498
"616964223dcbf0aa539dbae2",50,400,33,35,20,"blue",2699
"616964223dcbf0aa539dbae2",51,400,23,37,10,"blue",2079
"616964223dcbf0aa539dbae2",52,600,28,39,20,"blue",2531
"616964223dcbf0aa539dbae2",53,600,29,36,20,"blue",1772
"616964223dcbf0aa539dbae2",54,500,36,40,20,"blue",1417
"616964223dcbf0aa539dbae2",55,400,32,39,2,"blue",3324
"616964223dcbf0aa539dbae2",57,400,34,39,20,"blue",3320
"616964223dcbf0aa539dbae2",58,600,36,44,10,"blue",2599
"616964223dcbf0aa539dbae2",59,400,29,33,20,"blue",2133
"616964223dcbf0aa539dbae2",60,600,24,21,10,"blue",1756
"616964223dcbf0aa539dbae2",61,500,36,34,2,"blue",4008
"616964223dcbf0aa539dbae2",63,500,29,30,20,"blue",3783
"616964223dcbf0aa539dbae2",64,600,25,18,2,"blue",3132
"616964223dcbf0aa539dbae2",65,500,19,18,10,"blue",2716
"616964223dcbf0aa539dbae2",66,600,30,31,2,"blue",3318
"616964223dcbf0aa539dbae2",67,400,23,31,10,"blue",2200
"616964223dcbf0aa539dbae2",68,400,16,13,10,"blue",1892
"616964223dcbf0aa539dbae2",69,400,21,24,20,"red",3573
"616964223dcbf0aa539dbae2",70,500,15,19,2,"red",1356
"616964223dcbf0aa539dbae2",71,500,16,14,20,"red",2277
"616964223dcbf0aa539dbae2",72,400,35,42,2,"red",1985
"616964223dcbf0aa539dbae2",73,600,18,28,10,"red",3270
"616964223dcbf0aa539dbae2",74,400,14,18,20,"red",2324
"616964223dcbf0aa539dbae2",75,600,16,11,2,"red",2727
"616964223dcbf0aa539dbae2",76,400,20,21,2,"red",3215
"616964223dcbf0aa539dbae2",77,400,28,39,10,"red",2650
"616964223dcbf0aa539dbae2",78,400,29,40,10,"red",2029
"616964223dcbf0aa539dbae2",79,400,21,30,20,"red",2533
"616964223dcbf0aa539dbae2",80,600,36,39,10,"red",2580
"616964223dcbf0aa539dbae2",81,500,21,25,10,"red",2218
"616964223dcbf0aa539dbae2",82,500,31,38,2,"red",2077
"616964223dcbf0aa539dbae2",83,500,15,23,10,"red",2895
"616964223dcbf0aa539dbae2",84,500,33,34,2,"red",2495
"616964223dcbf0aa539dbae2",85,400,19,16,10,"red",2910
"616964223dcbf0aa539dbae2",87,500,17,19,10,"red",2311
"616964223dcbf0aa539dbae2",88,400,25,25,2,"red",2670
"616964223dcbf0aa539dbae2",89,400,31,30,20,"red",2422
"616964223dcbf0aa539dbae2",90,500,29,35,20,"red",3177
"616964223dcbf0aa539dbae2",91,400,20,22,20,"red",2617
"616964223dcbf0aa539dbae2",92,500,31,17,2,"red",2981
"616964223dcbf0aa539dbae2",93,600,16,12,10,"red",2745
"616964223dcbf0aa539dbae2",94,400,30,33,20,"red",3752
"616964223dcbf0aa539dbae2",95,600,26,32,20,"red",2192
"616964223dcbf0aa539dbae2",96,600,14,10,10,"red",2526
"616964223dcbf0aa539dbae2",97,500,17,18,20,"red",2271
"616964223dcbf0aa539dbae2",98,500,34,27,2,"red",3848
"616964223dcbf0aa539dbae2",99,500,29,37,2,"red",2604
"616964223dcbf0aa539dbae2",100,600,29,27,2,"red",3627
"616964223dcbf0aa539dbae2",101,500,21,23,10,"red",2877
"616964223dcbf0aa539dbae2",103,500,32,35,20,"red",2577
"616964223dcbf0aa539dbae2",104,400,36,44,10,"red",2439
"616964223dcbf0aa539dbae2",105,500,27,29,2,"red",2278
"616964223dcbf0aa539dbae2",106,500,30,38,10,"red",1685
"616964223dcbf0aa539dbae2",107,600,29,29,2,"red",2481
"616964223dcbf0aa539dbae2",108,400,21,32,10,"red",2109
"616964223dcbf0aa539dbae2",109,600,29,31,10,"red",2950
"616964223dcbf0aa539dbae2",110,600,26,27,20,"red",3681
"616964223dcbf0aa539dbae2",111,600,36,33,20,"red",1909
"616964223dcbf0aa539dbae2",112,500,33,35,2,"red",3020
"616964223dcbf0aa539dbae2",113,500,21,27,2,"red",3140
"616964223dcbf0aa539dbae2",114,500,21,27,20,"red",4271
"616964223dcbf0aa539dbae2",115,500,18,20,10,"red",3461
"616964223dcbf0aa539dbae2",116,400,17,16,20,"red",2133
"627cea14552eb015f1daf9a1",21,400,15,14,20,"red",2141
"627cea14552eb015f1daf9a1",23,600,30,30,2,"red",2665
"627cea14552eb015f1daf9a1",24,500,32,30,10,"red",1455
"627cea14552eb015f1daf9a1",25,600,34,35,10,"red",2430
"627cea14552eb015f1daf9a1",26,400,22,21,10,"red",1405
"627cea14552eb015f1daf9a1",27,400,24,22,10,"red",1814
"627cea14552eb015f1daf9a1",28,400,14,13,2,"red",1761
"627cea14552eb015f1daf9a1",29,500,21,17,20,"red",2212
"627cea14552eb015f1daf9a1",30,500,18,12,2,"red",1573
"627cea14552eb015f1daf9a1",31,500,28,24,10,"red",2298
"627cea14552eb015f1daf9a1",32,500,26,21,20,"red",2701
"627cea14552eb015f1daf9a1",33,600,20,16,2,"red",1377
"627cea14552eb015f1daf9a1",34,500,29,30,2,"red",1378
"627cea14552eb015f1daf9a1",35,400,29,27,20,"red",1175
"627cea14552eb015f1daf9a1",36,400,31,29,10,"red",1688
"627cea14552eb015f1daf9a1",37,500,29,28,20,"red",2062
"627cea14552eb015f1daf9a1",38,500,16,18,10,"red",1884
"627cea14552eb015f1daf9a1",39,400,21,16,20,"red",2076
"627cea14552eb015f1daf9a1",40,600,34,38,2,"red",1921
"627cea14552eb015f1daf9a1",41,600,19,19,20,"red",1770
"627cea14552eb015f1daf9a1",42,400,21,15,2,"red",1334
"627cea14552eb015f1daf9a1",43,600,20,15,2,"red",1782
"627cea14552eb015f1daf9a1",44,500,22,21,20,"red",2193
"627cea14552eb015f1daf9a1",45,400,16,20,20,"red",1962
"627cea14552eb015f1daf9a1",46,500,33,42,20,"red",2050
"627cea14552eb015f1daf9a1",47,600,17,17,2,"red",2212
"627cea14552eb015f1daf9a1",48,400,21,20,20,"red",1928
"627cea14552eb015f1daf9a1",49,400,24,23,20,"red",1648
"627cea14552eb015f1daf9a1",50,600,33,30,10,"red",1475
"627cea14552eb015f1daf9a1",51,600,19,23,10,"red",1256
"627cea14552eb015f1daf9a1",52,600,20,23,10,"red",1291
"627cea14552eb015f1daf9a1",53,500,33,42,2,"red",2346
"627cea14552eb015f1daf9a1",54,600,33,37,20,"red",1326
"627cea14552eb015f1daf9a1",55,600,32,35,2,"red",1274
"627cea14552eb015f1daf9a1",56,600,27,27,10,"red",1278
"627cea14552eb015f1daf9a1",57,400,19,19,2,"red",1351
"627cea14552eb015f1daf9a1",58,400,15,15,2,"red",2266
"627cea14552eb015f1daf9a1",59,600,31,31,2,"red",1226
"627cea14552eb015f1daf9a1",60,400,30,30,2,"red",1224
"627cea14552eb015f1daf9a1",61,400,36,40,20,"red",1701
"627cea14552eb015f1daf9a1",62,400,22,27,20,"red",1915
"627cea14552eb015f1daf9a1",63,400,36,37,10,"red",2027
"627cea14552eb015f1daf9a1",64,400,29,34,10,"red",1556
"627cea14552eb015f1daf9a1",65,600,34,38,10,"red",1572
"627cea14552eb015f1daf9a1",66,400,29,37,10,"red",1230
"627cea14552eb015f1daf9a1",67,600,27,27,10,"red",2095
"627cea14552eb015f1daf9a1",68,600,36,32,20,"red",1376
"627cea14552eb015f1daf9a1",69,600,26,28,2,"blue",1835
"627cea14552eb015f1daf9a1",70,500,22,23,2,"blue",1197
"627cea14552eb015f1daf9a1",71,500,21,24,10,"blue",1518
"627cea14552eb015f1daf9a1",72,400,17,23,10,"blue",1330
"627cea14552eb015f1daf9a1",73,400,14,15,20,"blue",2473
"627cea14552eb015f1daf9a1",74,600,27,30,10,"blue",2318
"627cea14552eb015f1daf9a1",75,500,28,24,2,"blue",1468
"627cea14552eb015f1daf9a1",76,500,27,23,10,"blue",1592
"627cea14552eb015f1daf9a1",77,600,16,14,2,"blue",1434
"627cea14552eb015f1daf9a1",78,500,18,14,2,"blue",2064
"627cea14552eb015f1daf9a1",79,500,23,20,20,"blue",1898
"627cea14552eb015f1daf9a1",80,400,34,33,2,"blue",1276
"627cea14552eb015f1daf9a1",81,500,19,23,2,"blue",1156
"627cea14552eb015f1daf9a1",82,600,23,22,10,"blue",2029
"627cea14552eb015f1daf9a1",83,500,31,30,20,"blue",1807
"627cea14552eb015f1daf9a1",84,500,26,25,2,"blue",2550
"627cea14552eb015f1daf9a1",85,500,27,29,2,"blue",1507
"627cea14552eb015f1daf9a1",86,600,18,21,10,"blue",1418
"627cea14552eb015f1daf9a1",87,600,16,16,20,"blue",2139
"627cea14552eb015f1daf9a1",88,500,29,32,20,"blue",1610
"627cea14552eb015f1daf9a1",89,600,25,24,20,"blue",1693
"627cea14552eb015f1daf9a1",90,400,27,28,2,"blue",1388
"627cea14552eb015f1daf9a1",91,500,24,27,20,"blue",1200
"627cea14552eb015f1daf9a1",92,500,27,23,20,"blue",1503
"627cea14552eb015f1daf9a1",93,500,34,40,2,"blue",1518
"627cea14552eb015f1daf9a1",94,600,18,21,10,"blue",2002
"627cea14552eb015f1daf9a1",95,500,19,14,20,"blue",1778
"627cea14552eb015f1daf9a1",96,400,21,22,10,"blue",1247
"627cea14552eb015f1daf9a1",97,600,14,18,10,"blue",1111
"627cea14552eb015f1daf9a1",98,500,14,8,2,"blue",1960
"627cea14552eb015f1daf9a1",99,600,34,42,20,"blue",1242
"627cea14552eb015f1daf9a1",100,600,24,30,10,"blue",1279
"627cea14552eb015f1daf9a1",101,400,20,19,20,"blue",1203
"627cea14552eb015f1daf9a1",102,400,33,30,10,"blue",1270
"627cea14552eb015f1daf9a1",103,600,30,24,20,"blue",1555
"627cea14552eb015f1daf9a1",104,600,27,30,10,"blue",1293
"627cea14552eb015f1daf9a1",105,600,20,20,10,"blue",1859
"627cea14552eb015f1daf9a1",106,400,36,43,10,"blue",1390
"627cea14552eb015f1daf9a1",107,600,34,45,2,"blue",1720
"627cea14552eb015f1daf9a1",108,600,19,21,20,"blue",1301
"627cea14552eb015f1daf9a1",109,600,27,31,2,"blue",1505
"627cea14552eb015f1daf9a1",110,400,28,32,20,"blue",1609
"627cea14552eb015f1daf9a1",111,500,23,30,2,"blue",2383
"627cea14552eb015f1daf9a1",112,400,21,22,20,"blue",1332
"627cea14552eb015f1daf9a1",113,600,14,17,20,"blue",1406
"627cea14552eb015f1daf9a1",114,400,15,16,10,"blue",1393
"627cea14552eb015f1daf9a1",115,500,15,17,2,"blue",1113
"627cea14552eb015f1daf9a1",116,500,20,27,10,"blue",1451
"628f83dc5398c04bac86f9e6",22,500,28,17,2,"blue",1632
"628f83dc5398c04bac86f9e6",23,400,24,16,2,"blue",1316
"628f83dc5398c04bac86f9e6",24,600,28,24,20,"blue",1528
"628f83dc5398c04bac86f9e6",25,400,18,30,20,"blue",1869
"628f83dc5398c04bac86f9e6",26,500,36,22,20,"blue",1491
"628f83dc5398c04bac86f9e6",27,600,28,21,20,"blue",1656
"628f83dc5398c04bac86f9e6",28,400,33,17,2,"blue",1723
"628f83dc5398c04bac86f9e6",29,600,31,22,2,"blue",1084
"628f83dc5398c04bac86f9e6",31,600,30,19,10,"blue",2008
"628f83dc5398c04bac86f9e6",32,500,36,27,20,"blue",1222
"628f83dc5398c04bac86f9e6",34,500,33,26,20,"blue",1457
"628f83dc5398c04bac86f9e6",35,500,22,17,10,"blue",1417
"628f83dc5398c04bac86f9e6",36,600,15,9,20,"blue",1877
"628f83dc5398c04bac86f9e6",37,500,20,16,2,"blue",1734
"628f83dc5398c04bac86f9e6",38,600,33,22,2,"blue",1636
"628f83dc5398c04bac86f9e6",39,500,30,28,10,"blue",1469
"628f83dc5398c04bac86f9e6",40,500,35,25,10,"blue",3282
"628f83dc5398c04bac86f9e6",41,500,35,27,20,"blue",3275
"628f83dc5398c04bac86f9e6",42,500,32,19,20,"blue",1942
"628f83dc5398c04bac86f9e6",43,600,21,13,10,"blue",1326
"628f83dc5398c04bac86f9e6",44,400,27,14,2,"blue",1360
"628f83dc5398c04bac86f9e6",45,500,16,16,10,"blue",1376
"628f83dc5398c04bac86f9e6",46,500,36,12,2,"blue",1333
"628f83dc5398c04bac86f9e6",47,500,28,18,2,"blue",1172
"628f83dc5398c04bac86f9e6",48,400,26,20,10,"blue",1751
"628f83dc5398c04bac86f9e6",49,600,32,18,2,"blue",1089
"628f83dc5398c04bac86f9e6",50,600,35,23,2,"blue",2117
"628f83dc5398c04bac86f9e6",51,400,31,21,10,"blue",1257
"628f83dc5398c04bac86f9e6",52,500,35,15,2,"blue",1749
"628f83dc5398c04bac86f9e6",53,400,22,20,20,"blue",2142
"628f83dc5398c04bac86f9e6",54,500,19,11,20,"blue",1860
"628f83dc5398c04bac86f9e6",55,400,22,13,10,"blue",1595
"628f83dc5398c04bac86f9e6",56,600,14,9,20,"blue",1328
"628f83dc5398c04bac86f9e6",57,600,33,17,2,"blue",1389
"628f83dc5398c04bac86f9e6",58,400,20,10,2,"blue",1535
"628f83dc5398c04bac86f9e6",59,400,24,17,2,"blue",1264
"628f83dc5398c04bac86f9e6",60,500,21,11,20,"blue",991
"628f83dc5398c04bac86f9e6",61,500,32,19,20,"blue",1366
"628f83dc5398c04bac86f9e6",62,400,29,12,10,"blue",1072
"628f83dc5398c04bac86f9e6",63,400,32,14,20,"blue",1054
"628f83dc5398c04bac86f9e6",64,600,33,20,20,"blue",1471
"628f83dc5398c04bac86f9e6",65,400,28,13,10,"blue",1271
"628f83dc5398c04bac86f9e6",66,500,27,20,10,"blue",1177
"628f83dc5398c04bac86f9e6",67,500,23,17,10,"blue",1374
"628f83dc5398c04bac86f9e6",68,500,21,12,10,"blue",1271
"628f83dc5398c04bac86f9e6",69,500,35,13,2,"red",1678
"628f83dc5398c04bac86f9e6",71,500,15,6,2,"red",1855
"628f83dc5398c04bac86f9e6",72,500,32,12,20,"red",3568
"628f83dc5398c04bac86f9e6",73,600,33,17,20,"red",1822
"628f83dc5398c04bac86f9e6",74,500,19,13,10,"red",1929
"628f83dc5398c04bac86f9e6",75,500,26,17,20,"red",1442
"628f83dc5398c04bac86f9e6",76,600,26,11,20,"red",1129
"628f83dc5398c04bac86f9e6",77,500,36,16,2,"red",1241
"628f83dc5398c04bac86f9e6",78,500,19,15,2,"red",1098
"628f83dc5398c04bac86f9e6",79,400,25,17,20,"red",1373
"628f83dc5398c04bac86f9e6",80,600,17,12,2,"red",1438
"628f83dc5398c04bac86f9e6",81,600,17,15,10,"red",1249
"628f83dc5398c04bac86f9e6",82,500,18,12,20,"red",1308
"628f83dc5398c04bac86f9e6",83,400,20,13,20,"red",1245
"628f83dc5398c04bac86f9e6",84,400,30,15,2,"red",1200
"628f83dc5398c04bac86f9e6",85,600,31,15,10,"red",2827
"628f83dc5398c04bac86f9e6",86,600,16,12,10,"red",2630
"628f83dc5398c04bac86f9e6",87,400,26,13,2,"red",3203
"628f83dc5398c04bac86f9e6",89,600,30,28,20,"red",1619
"628f83dc5398c04bac86f9e6",90,600,19,20,10,"red",1233
"628f83dc5398c04bac86f9e6",91,600,26,23,10,"red",1767
"628f83dc5398c04bac86f9e6",92,500,24,19,20,"red",1418
"628f83dc5398c04bac86f9e6",93,600,26,26,10,"red",1307
"628f83dc5398c04bac86f9e6",94,500,20,19,10,"red",1318
"628f83dc5398c04bac86f9e6",95,400,14,7,10,"red",1206
"628f83dc5398c04bac86f9e6",96,400,35,30,20,"red",1373
"628f83dc5398c04bac86f9e6",97,600,33,31,2,"red",1281
"628f83dc5398c04bac86f9e6",98,600,27,26,20,"red",1567
"628f83dc5398c04bac86f9e6",99,400,17,13,10,"red",1056
"628f83dc5398c04bac86f9e6",100,400,34,28,20,"red",1238
"628f83dc5398c04bac86f9e6",101,600,14,12,2,"red",977
"628f83dc5398c04bac86f9e6",102,400,17,13,10,"red",978
"628f83dc5398c04bac86f9e6",103,600,24,13,2,"red",1170
"628f83dc5398c04bac86f9e6",106,600,32,22,10,"red",1295
"628f83dc5398c04bac86f9e6",107,500,25,17,2,"red",1104
"628f83dc5398c04bac86f9e6",110,400,32,21,20,"red",1226
"628f83dc5398c04bac86f9e6",111,600,23,12,2,"red",1174
"628f83dc5398c04bac86f9e6",112,500,18,11,20,"red",2328
"628f83dc5398c04bac86f9e6",113,500,22,14,10,"red",981
"628f83dc5398c04bac86f9e6",114,600,21,16,2,"red",1479
"628f83dc5398c04bac86f9e6",115,500,28,16,10,"red",1404
"628f83dc5398c04bac86f9e6",116,600,19,12,20,"red",1073
"6290c65ed46e5dce4f16bb92",22,500,29,22,2,"red",3926
"6290c65ed46e5dce4f16bb92",23,500,33,26,10,"red",3825
"6290c65ed46e5dce4f16bb92",24,500,24,22,20,"red",3324
"6290c65ed46e5dce4f16bb92",27,600,32,22,20,"red",3107
"6290c65ed46e5dce4f16bb92",28,400,29,23,2,"red",3159
"6290c65ed46e5dce4f16bb92",29,500,26,25,2,"red",3542
"6290c65ed46e5dce4f16bb92",30,400,27,24,20,"red",4157
"6290c65ed46e5dce4f16bb92",31,500,18,14,20,"red",3641
"6290c65ed46e5dce4f16bb92",32,500,30,23,20,"red",2775
"6290c65ed46e5dce4f16bb92",33,400,15,18,10,"red",2991
"6290c65ed46e5dce4f16bb92",34,500,33,26,2,"red",2393
"6290c65ed46e5dce4f16bb92",35,600,17,22,2,"red",2775
"6290c65ed46e5dce4f16bb92",36,400,27,22,20,"red",2559
"6290c65ed46e5dce4f16bb92",37,600,33,23,2,"red",3291
"6290c65ed46e5dce4f16bb92",38,600,22,25,10,"red",2308
"6290c65ed46e5dce4f16bb92",39,500,36,24,20,"red",3675
"6290c65ed46e5dce4f16bb92",40,500,29,21,10,"red",2192
"6290c65ed46e5dce4f16bb92",41,600,14,21,10,"red",3475
"6290c65ed46e5dce4f16bb92",42,500,19,16,2,"red",2191
"6290c65ed46e5dce4f16bb92",43,400,14,20,10,"red",2592
"6290c65ed46e5dce4f16bb92",44,400,16,15,2,"red",2406
"6290c65ed46e5dce4f16bb92",45,500,32,18,20,"red",2191
"6290c65ed46e5dce4f16bb92",46,400,32,19,20,"red",2375
"6290c65ed46e5dce4f16bb92",47,500,14,14,20,"red",2724
"6290c65ed46e5dce4f16bb92",48,600,15,14,2,"red",2290
"6290c65ed46e5dce4f16bb92",49,600,27,10,10,"red",2426
"6290c65ed46e5dce4f16bb92",50,400,32,13,2,"red",2492
"6290c65ed46e5dce4f16bb92",51,500,19,16,10,"red",3491
"6290c65ed46e5dce4f16bb92",52,600,34,27,10,"red",2658
"6290c65ed46e5dce4f16bb92",54,500,17,10,10,"red",2259
"6290c65ed46e5dce4f16bb92",55,400,35,23,20,"red",2190
"6290c65ed46e5dce4f16bb92",56,600,27,20,10,"red",2990
"6290c65ed46e5dce4f16bb92",57,400,28,15,20,"red",2108
"6290c65ed46e5dce4f16bb92",58,500,34,26,10,"red",2842
"6290c65ed46e5dce4f16bb92",59,400,32,27,2,"red",2559
"6290c65ed46e5dce4f16bb92",61,400,33,25,2,"red",3541
"6290c65ed46e5dce4f16bb92",62,400,22,22,20,"red",2642
"6290c65ed46e5dce4f16bb92",63,400,15,15,2,"red",2923
"6290c65ed46e5dce4f16bb92",64,500,19,15,10,"red",2608
"6290c65ed46e5dce4f16bb92",65,400,36,26,10,"red",3211
"6290c65ed46e5dce4f16bb92",66,500,19,14,20,"red",2493
"6290c65ed46e5dce4f16bb92",67,400,27,16,20,"red",2191
"6290c65ed46e5dce4f16bb92",68,400,16,18,10,"red",2724
"6290c65ed46e5dce4f16bb92",69,500,14,12,20,"blue",3089
"6290c65ed46e5dce4f16bb92",70,500,36,24,2,"blue",2825
"6290c65ed46e5dce4f16bb92",71,600,20,16,10,"blue",2075
"6290c65ed46e5dce4f16bb92",72,600,32,21,20,"blue",2574
"6290c65ed46e5dce4f16bb92",73,500,23,14,20,"blue",2527
"6290c65ed46e5dce4f16bb92",74,500,35,20,2,"blue",2108
"6290c65ed46e5dce4f16bb92",75,400,20,19,10,"blue",2159
"6290c65ed46e5dce4f16bb92",76,600,18,15,20,"blue",2907
"6290c65ed46e5dce4f16bb92",77,400,20,16,2,"blue",1824
"6290c65ed46e5dce4f16bb92",78,500,22,18,2,"blue",2126
"6290c65ed46e5dce4f16bb92",79,500,22,14,10,"blue",2657
"6290c65ed46e5dce4f16bb92",80,400,35,14,10,"blue",3091
"6290c65ed46e5dce4f16bb92",81,500,14,10,2,"blue",2242
"6290c65ed46e5dce4f16bb92",82,400,28,15,2,"blue",3241
"6290c65ed46e5dce4f16bb92",83,500,19,18,20,"blue",2076
"6290c65ed46e5dce4f16bb92",85,500,23,15,2,"blue",2610
"6290c65ed46e5dce4f16bb92",86,400,34,16,20,"blue",2790
"6290c65ed46e5dce4f16bb92",87,600,36,16,10,"blue",3056
"6290c65ed46e5dce4f16bb92",88,400,34,19,20,"blue",2441
"6290c65ed46e5dce4f16bb92",89,600,28,17,10,"blue",1941
"6290c65ed46e5dce4f16bb92",90,600,27,21,20,"blue",2074
"6290c65ed46e5dce4f16bb92",91,400,28,15,2,"blue",2525
"6290c65ed46e5dce4f16bb92",92,400,22,15,10,"blue",3207
"6290c65ed46e5dce4f16bb92",93,600,29,16,20,"blue",1941
"6290c65ed46e5dce4f16bb92",94,400,25,18,2,"blue",1741
"6290c65ed46e5dce4f16bb92",95,400,23,15,2,"blue",1824
"6290c65ed46e5dce4f16bb92",96,600,32,19,10,"blue",2075
"6290c65ed46e5dce4f16bb92",97,500,28,13,2,"blue",2708
"6290c65ed46e5dce4f16bb92",98,500,21,20,10,"blue",3341
"6290c65ed46e5dce4f16bb92",99,500,29,18,20,"blue",2357
"6290c65ed46e5dce4f16bb92",100,500,25,9,2,"blue",2359
"6290c65ed46e5dce4f16bb92",101,500,16,12,10,"blue",1992
"6290c65ed46e5dce4f16bb92",102,600,35,21,10,"blue",2757
"6290c65ed46e5dce4f16bb92",103,500,31,22,10,"blue",1827
"6290c65ed46e5dce4f16bb92",104,400,29,24,10,"blue",1756
"6290c65ed46e5dce4f16bb92",105,600,34,26,2,"blue",1657
"6290c65ed46e5dce4f16bb92",106,600,25,22,2,"blue",2275
"6290c65ed46e5dce4f16bb92",107,400,33,16,20,"blue",2091
"6290c65ed46e5dce4f16bb92",108,500,28,21,2,"blue",3742
"6290c65ed46e5dce4f16bb92",109,600,23,14,10,"blue",2174
"6290c65ed46e5dce4f16bb92",110,400,32,16,20,"blue",2308
"6290c65ed46e5dce4f16bb92",111,600,28,13,20,"blue",2023
"6290c65ed46e5dce4f16bb92",112,600,22,17,20,"blue",1774
"6290c65ed46e5dce4f16bb92",113,500,29,20,20,"blue",2992
"6290c65ed46e5dce4f16bb92",114,600,35,22,2,"blue",2191
"6290c65ed46e5dce4f16bb92",115,600,29,22,10,"blue",2590
"6290c65ed46e5dce4f16bb92",116,400,27,21,20,"blue",3658
"62b0b6c050a175081568bf35",21,600,17,17,2,"blue",4429
"62b0b6c050a175081568bf35",22,600,20,21,2,"blue",6215
"62b0b6c050a175081568bf35",23,600,34,38,20,"blue",4782
"62b0b6c050a175081568bf35",24,500,28,33,10,"blue",5125
"62b0b6c050a175081568bf35",25,500,18,21,20,"blue",5253
"62b0b6c050a175081568bf35",26,400,25,37,2,"blue",5686
"62b0b6c050a175081568bf35",27,600,15,33,2,"blue",4821
"62b0b6c050a175081568bf35",28,600,25,30,2,"blue",7141
"62b0b6c050a175081568bf35",29,600,24,34,20,"blue",5467
"62b0b6c050a175081568bf35",30,500,20,10,20,"blue",3721
"62b0b6c050a175081568bf35",31,400,24,28,2,"blue",4819
"62b0b6c050a175081568bf35",32,500,28,25,10,"blue",5750
"62b0b6c050a175081568bf35",33,500,15,24,20,"blue",5133
"62b0b6c050a175081568bf35",34,500,14,16,20,"blue",6940
"62b0b6c050a175081568bf35",35,600,22,24,10,"blue",5357
"62b0b6c050a175081568bf35",36,500,33,36,20,"blue",7199
"62b0b6c050a175081568bf35",37,600,14,23,2,"blue",6483
"62b0b6c050a175081568bf35",38,600,32,28,10,"blue",5289
"62b0b6c050a175081568bf35",39,400,21,24,2,"blue",4623
"62b0b6c050a175081568bf35",40,500,15,17,20,"blue",6019
"62b0b6c050a175081568bf35",41,600,35,37,20,"blue",5690
"62b0b6c050a175081568bf35",42,400,32,30,2,"blue",5736
"62b0b6c050a175081568bf35",43,400,31,28,20,"blue",7274
"62b0b6c050a175081568bf35",44,500,15,19,2,"blue",3663
"62b0b6c050a175081568bf35",45,500,21,23,10,"blue",6599
"62b0b6c050a175081568bf35",46,600,17,16,2,"blue",7066
"62b0b6c050a175081568bf35",47,500,30,29,10,"blue",7405
"62b0b6c050a175081568bf35",48,400,18,29,2,"blue",5955
"62b0b6c050a175081568bf35",49,500,24,17,10,"blue",5042
"62b0b6c050a175081568bf35",50,600,33,41,10,"blue",6239
"62b0b6c050a175081568bf35",51,400,27,36,20,"blue",5389
"62b0b6c050a175081568bf35",52,600,14,29,2,"blue",6249
"62b0b6c050a175081568bf35",53,500,21,22,2,"blue",5518
"62b0b6c050a175081568bf35",55,500,30,44,20,"blue",6795
"62b0b6c050a175081568bf35",56,400,25,33,10,"blue",7203
"62b0b6c050a175081568bf35",57,400,35,36,2,"blue",6658
"62b0b6c050a175081568bf35",58,600,33,41,10,"blue",5281
"62b0b6c050a175081568bf35",59,400,30,40,10,"blue",6357
"62b0b6c050a175081568bf35",60,600,16,10,10,"blue",4482
"62b0b6c050a175081568bf35",61,400,28,29,20,"blue",4659
"62b0b6c050a175081568bf35",62,400,36,40,2,"blue",4952
"62b0b6c050a175081568bf35",63,600,34,38,20,"blue",7299
"62b0b6c050a175081568bf35",64,600,18,16,20,"blue",5077
"62b0b6c050a175081568bf35",65,500,21,20,20,"blue",4881
"62b0b6c050a175081568bf35",66,400,15,21,10,"blue",4407
"62b0b6c050a175081568bf35",67,500,29,25,10,"blue",5283
"62b0b6c050a175081568bf35",68,500,31,29,10,"blue",4230
"62b0b6c050a175081568bf35",69,500,22,23,10,"red",4470
"62b0b6c050a175081568bf35",70,500,14,22,2,"red",4639
"62b0b6c050a175081568bf35",71,500,35,29,2,"red",5192
"62b0b6c050a175081568bf35",72,400,18,21,2,"red",4311
"62b0b6c050a175081568bf35",73,500,18,16,20,"red",4049
"62b0b6c050a175081568bf35",74,400,26,20,10,"red",4783
"62b0b6c050a175081568bf35",75,500,29,21,20,"red",4699
"62b0b6c050a175081568bf35",76,600,20,22,20,"red",4606
"62b0b6c050a175081568bf35",77,400,22,27,10,"red",5096
"62b0b6c050a175081568bf35",78,500,34,25,20,"red",4223
"62b0b6c050a175081568bf35",79,400,23,27,10,"red",5053
"62b0b6c050a175081568bf35",80,600,18,23,10,"red",4702
"62b0b6c050a175081568bf35",81,500,30,23,20,"red",4526
"62b0b6c050a175081568bf35",82,600,33,34,20,"red",5211
"62b0b6c050a175081568bf35",83,500,20,17,2,"red",3286
"62b0b6c050a175081568bf35",84,500,25,19,2,"red",3472
"62b0b6c050a175081568bf35",85,500,15,20,2,"red",4442
"62b0b6c050a175081568bf35",86,400,17,25,2,"red",6142
"62b0b6c050a175081568bf35",87,500,18,21,10,"red",4715
"62b0b6c050a175081568bf35",88,600,28,23,10,"red",4591
"62b0b6c050a175081568bf35",89,400,14,15,20,"red",3875
"62b0b6c050a175081568bf35",90,400,22,23,20,"red",4109
"62b0b6c050a175081568bf35",91,600,17,21,20,"red",4595
"62b0b6c050a175081568bf35",92,600,31,25,20,"red",5670
"62b0b6c050a175081568bf35",93,500,28,24,20,"red",3587
"62b0b6c050a175081568bf35",94,500,14,9,10,"red",4814
"62b0b6c050a175081568bf35",95,400,14,7,2,"red",2668
"62b0b6c050a175081568bf35",96,500,36,23,10,"red",5062
"62b0b6c050a175081568bf35",97,600,24,25,20,"red",3779
"62b0b6c050a175081568bf35",98,400,23,18,2,"red",3474
"62b0b6c050a175081568bf35",99,500,31,22,10,"red",5654
"62b0b6c050a175081568bf35",100,400,31,31,2,"red",5120
"62b0b6c050a175081568bf35",101,400,25,23,2,"red",3955
"62b0b6c050a175081568bf35",102,500,18,18,2,"red",5115
"62b0b6c050a175081568bf35",103,500,33,31,10,"red",3419
"62b0b6c050a175081568bf35",104,400,35,30,10,"red",7027
"62b0b6c050a175081568bf35",105,500,28,33,10,"red",3553
"62b0b6c050a175081568bf35",106,400,32,35,2,"red",4707
"62b0b6c050a175081568bf35",107,500,22,28,10,"red",4519
"62b0b6c050a175081568bf35",108,400,29,33,20,"red",3774
"62b0b6c050a175081568bf35",109,500,33,28,10,"red",3218
"62b0b6c050a175081568bf35",110,500,28,33,10,"red",3239
"62b0b6c050a175081568bf35",111,400,28,25,20,"red",3565
"62b0b6c050a175081568bf35",112,500,31,35,20,"red",3477
"62b0b6c050a175081568bf35",113,600,21,23,2,"red",5163
"62b0b6c050a175081568bf35",114,500,25,13,2,"red",4068
"62b0b6c050a175081568bf35",115,400,22,30,20,"red",4334
"62b0b6c050a175081568bf35",116,600,20,16,2,"red",3555
"631fdedf78d4f7b0a6b985ad",21,400,31,27,20,"red",1986
"631fdedf78d4f7b0a6b985ad",22,600,25,27,10,"red",1724
"631fdedf78d4f7b0a6b985ad",23,600,20,13,2,"red",1682
"631fdedf78d4f7b0a6b985ad",24,400,25,25,10,"red",1304
"631fdedf78d4f7b0a6b985ad",25,600,33,30,20,"red",1893
"631fdedf78d4f7b0a6b985ad",26,600,25,29,2,"red",2228
"631fdedf78d4f7b0a6b985ad",27,500,22,26,2,"red",1591
"631fdedf78d4f7b0a6b985ad",28,600,14,18,20,"red",1751
"631fdedf78d4f7b0a6b985ad",29,600,30,31,10,"red",2003
"631fdedf78d4f7b0a6b985ad",30,400,24,29,10,"red",1785
"631fdedf78d4f7b0a6b985ad",31,500,30,32,20,"red",1548
"631fdedf78d4f7b0a6b985ad",32,600,19,24,20,"red",2071
"631fdedf78d4f7b0a6b985ad",33,500,33,32,20,"red",1372
"631fdedf78d4f7b0a6b985ad",34,400,16,19,10,"red",1500
"631fdedf78d4f7b0a6b985ad",35,400,31,28,2,"red",1783
"631fdedf78d4f7b0a6b985ad",36,600,24,28,20,"red",1607
"631fdedf78d4f7b0a6b985ad",37,400,33,35,20,"red",1796
"631fdedf78d4f7b0a6b985ad",38,500,24,26,2,"red",2078
"631fdedf78d4f7b0a6b985ad",39,500,16,19,2,"red",1661
"631fdedf78d4f7b0a6b985ad",40,500,21,27,20,"red",1497
"631fdedf78d4f7b0a6b985ad",41,400,20,30,10,"red",1352
"631fdedf78d4f7b0a6b985ad",42,500,31,35,2,"red",1229
"631fdedf78d4f7b0a6b985ad",43,600,31,35,20,"red",1482
"631fdedf78d4f7b0a6b985ad",44,600,19,30,20,"red",968
"631fdedf78d4f7b0a6b985ad",45,500,16,29,10,"red",1031
"631fdedf78d4f7b0a6b985ad",46,600,24,32,2,"red",998
"631fdedf78d4f7b0a6b985ad",47,600,23,25,10,"red",1291
"631fdedf78d4f7b0a6b985ad",48,500,17,25,20,"red",1509
"631fdedf78d4f7b0a6b985ad",49,400,29,30,10,"red",1379
"631fdedf78d4f7b0a6b985ad",50,500,33,37,2,"red",960
"631fdedf78d4f7b0a6b985ad",51,400,24,32,10,"red",1337
"631fdedf78d4f7b0a6b985ad",52,600,20,20,2,"red",1231
"631fdedf78d4f7b0a6b985ad",53,500,36,36,2,"red",1375
"631fdedf78d4f7b0a6b985ad",54,500,29,36,2,"red",1551
"631fdedf78d4f7b0a6b985ad",55,400,16,34,10,"red",1149
"631fdedf78d4f7b0a6b985ad",56,500,23,28,10,"red",1411
"631fdedf78d4f7b0a6b985ad",57,400,26,25,2,"red",993
"631fdedf78d4f7b0a6b985ad",58,400,27,29,20,"red",1193
"631fdedf78d4f7b0a6b985ad",59,500,14,21,10,"red",1529
"631fdedf78d4f7b0a6b985ad",60,600,16,18,2,"red",1339
"631fdedf78d4f7b0a6b985ad",61,400,26,31,2,"red",1300
"631fdedf78d4f7b0a6b985ad",62,600,26,37,10,"red",1143
"631fdedf78d4f7b0a6b985ad",63,600,21,33,20,"red",1873
"631fdedf78d4f7b0a6b985ad",64,500,29,30,10,"red",1599
"631fdedf78d4f7b0a6b985ad",65,400,16,21,2,"red",1933
"631fdedf78d4f7b0a6b985ad",66,500,20,20,20,"red",1512
"631fdedf78d4f7b0a6b985ad",67,500,25,26,10,"red",1868
"631fdedf78d4f7b0a6b985ad",68,500,33,22,20,"red",2006
"631fdedf78d4f7b0a6b985ad",69,400,34,29,2,"blue",2213
"631fdedf78d4f7b0a6b985ad",70,400,25,29,20,"blue",1743
"631fdedf78d4f7b0a6b985ad",71,400,33,30,2,"blue",1507
"631fdedf78d4f7b0a6b985ad",72,600,21,24,20,"blue",1657
"631fdedf78d4f7b0a6b985ad",73,600,32,30,2,"blue",1085
"631fdedf78d4f7b0a6b985ad",74,600,21,24,2,"blue",1233
"631fdedf78d4f7b0a6b985ad",75,400,20,23,2,"blue",1063
"631fdedf78d4f7b0a6b985ad",76,600,15,19,2,"blue",2019
"631fdedf78d4f7b0a6b985ad",77,600,22,29,20,"blue",1316
"631fdedf78d4f7b0a6b985ad",78,500,28,27,2,"blue",1962
"631fdedf78d4f7b0a6b985ad",79,600,24,23,2,"blue",1676
"631fdedf78d4f7b0a6b985ad",80,400,27,29,20,"blue",1246
"631fdedf78d4f7b0a6b985ad",81,600,14,19,10,"blue",1680
"631fdedf78d4f7b0a6b985ad",82,400,22,29,10,"blue",1415
"631fdedf78d4f7b0a6b985ad",83,500,27,27,10,"blue",2358
"631fdedf78d4f7b0a6b985ad",85,500,20,25,10,"blue",1515
"631fdedf78d4f7b0a6b985ad",86,500,25,21,2,"blue",1575
"631fdedf78d4f7b0a6b985ad",87,600,26,22,20,"blue",1954
"631fdedf78d4f7b0a6b985ad",88,600,29,28,10,"blue",2694
"631fdedf78d4f7b0a6b985ad",89,500,18,26,20,"blue",2830
"631fdedf78d4f7b0a6b985ad",90,600,32,35,10,"blue",1808
"631fdedf78d4f7b0a6b985ad",91,500,35,41,2,"blue",2184
"631fdedf78d4f7b0a6b985ad",92,400,34,42,2,"blue",1993
"631fdedf78d4f7b0a6b985ad",93,400,26,31,2,"blue",2262
"631fdedf78d4f7b0a6b985ad",95,600,36,35,10,"blue",1684
"631fdedf78d4f7b0a6b985ad",96,400,32,40,2,"blue",1593
"631fdedf78d4f7b0a6b985ad",97,600,23,25,10,"blue",1446
"631fdedf78d4f7b0a6b985ad",98,500,29,28,2,"blue",1424
"631fdedf78d4f7b0a6b985ad",99,400,15,19,20,"blue",2320
"631fdedf78d4f7b0a6b985ad",100,500,36,38,10,"blue",1088
"631fdedf78d4f7b0a6b985ad",101,400,34,39,10,"blue",2173
"631fdedf78d4f7b0a6b985ad",102,400,25,30,10,"blue",1409
"631fdedf78d4f7b0a6b985ad",103,600,27,30,10,"blue",1694
"631fdedf78d4f7b0a6b985ad",104,600,33,37,20,"blue",1437
"631fdedf78d4f7b0a6b985ad",105,600,21,26,10,"blue",1380
"631fdedf78d4f7b0a6b985ad",106,400,17,25,10,"blue",1201
"631fdedf78d4f7b0a6b985ad",107,600,15,20,20,"blue",1898
"631fdedf78d4f7b0a6b985ad",108,400,22,26,20,"blue",1240
"631fdedf78d4f7b0a6b985ad",109,500,31,36,2,"blue",1280
"631fdedf78d4f7b0a6b985ad",110,400,32,41,20,"blue",1188
"631fdedf78d4f7b0a6b985ad",111,600,18,26,20,"blue",1209
"631fdedf78d4f7b0a6b985ad",112,400,28,33,10,"blue",1208
"631fdedf78d4f7b0a6b985ad",113,500,36,36,10,"blue",1946
"631fdedf78d4f7b0a6b985ad",114,500,24,33,20,"blue",2817
"631fdedf78d4f7b0a6b985ad",115,500,28,39,20,"blue",2363
"631fdedf78d4f7b0a6b985ad",116,400,29,35,2,"blue",1852
"63251e479509813fab713ad2",21,400,21,10,10,"blue",5093
"63251e479509813fab713ad2",22,600,31,13,2,"blue",4014
"63251e479509813fab713ad2",23,500,15,5,20,"blue",3691
"63251e479509813fab713ad2",24,600,23,12,20,"blue",4041
"63251e479509813fab713ad2",25,500,28,17,10,"blue",2714
"63251e479509813fab713ad2",26,400,23,13,20,"blue",4594
"63251e479509813fab713ad2",27,500,23,10,10,"blue",3206
"63251e479509813fab713ad2",28,500,32,24,2,"blue",3034
"63251e479509813fab713ad2",29,600,20,11,20,"blue",3377
"63251e479509813fab713ad2",30,400,23,11,20,"blue",3833
"63251e479509813fab713ad2",31,500,15,10,2,"blue",2355
"63251e479509813fab713ad2",32,400,32,20,2,"blue",3264
"63251e479509813fab713ad2",33,400,30,18,10,"blue",3600
"63251e479509813fab713ad2",34,400,19,7,10,"blue",3406
"63251e479509813fab713ad2",35,500,22,10,10,"blue",3301
"63251e479509813fab713ad2",36,500,23,9,20,"blue",3923
"63251e479509813fab713ad2",37,600,29,20,2,"blue",3379
"63251e479509813fab713ad2",38,600,16,6,20,"blue",3263
"63251e479509813fab713ad2",39,400,25,13,10,"blue",4142
"63251e479509813fab713ad2",40,400,15,5,10,"blue",3356
"63251e479509813fab713ad2",41,400,20,20,2,"blue",4742
"63251e479509813fab713ad2",43,600,22,19,10,"blue",2810
"63251e479509813fab713ad2",44,400,22,13,20,"blue",3505
"63251e479509813fab713ad2",45,500,36,22,2,"blue",2923
"63251e479509813fab713ad2",46,500,25,19,2,"blue",4591
"63251e479509813fab713ad2",47,400,25,18,10,"blue",5421
"63251e479509813fab713ad2",48,500,35,27,2,"blue",4064
"63251e479509813fab713ad2",49,500,19,18,2,"blue",4457
"63251e479509813fab713ad2",50,400,35,23,2,"blue",2747
"63251e479509813fab713ad2",51,500,29,14,20,"blue",4611
"63251e479509813fab713ad2",52,600,29,20,10,"blue",5586
"63251e479509813fab713ad2",53,400,36,14,20,"blue",4206
"63251e479509813fab713ad2",54,500,18,7,20,"blue",3193
"63251e479509813fab713ad2",55,500,22,16,2,"blue",4474
"63251e479509813fab713ad2",56,400,33,21,2,"blue",3508
"63251e479509813fab713ad2",57,400,34,20,10,"blue",2803
"63251e479509813fab713ad2",58,400,36,17,10,"blue",2398
"63251e479509813fab713ad2",59,400,34,15,10,"blue",5318
"63251e479509813fab713ad2",60,600,35,16,20,"blue",3151
"63251e479509813fab713ad2",61,400,15,6,10,"blue",2906
"63251e479509813fab713ad2",62,500,36,28,2,"blue",4317
"63251e479509813fab713ad2",63,500,32,24,2,"blue",2207
"63251e479509813fab713ad2",64,500,27,18,20,"blue",3345
"63251e479509813fab713ad2",65,400,23,15,20,"blue",2954
"63251e479509813fab713ad2",66,600,29,16,20,"blue",2934
"63251e479509813fab713ad2",67,500,17,14,20,"blue",2630
"63251e479509813fab713ad2",68,600,22,14,10,"blue",2555
"63251e479509813fab713ad2",69,600,29,15,20,"red",3801
"63251e479509813fab713ad2",70,500,18,6,10,"red",3376
"63251e479509813fab713ad2",71,500,20,8,2,"red",3007
"63251e479509813fab713ad2",72,500,32,18,2,"red",2150
"63251e479509813fab713ad2",73,600,34,18,10,"red",3456
"63251e479509813fab713ad2",74,500,21,16,2,"red",2399
"63251e479509813fab713ad2",75,500,25,15,20,"red",4517
"63251e479509813fab713ad2",76,500,25,18,2,"red",2268
"63251e479509813fab713ad2",77,400,22,10,20,"red",4081
"63251e479509813fab713ad2",78,500,19,13,10,"red",4546
"63251e479509813fab713ad2",80,600,35,25,20,"red",5602
"63251e479509813fab713ad2",81,600,28,24,20,"red",4317
"63251e479509813fab713ad2",82,400,31,19,10,"red",3105
"63251e479509813fab713ad2",83,400,24,14,2,"red",2436
"63251e479509813fab713ad2",84,600,28,16,2,"red",2999
"63251e479509813fab713ad2",85,500,23,16,2,"red",3116
"63251e479509813fab713ad2",86,600,31,21,2,"red",4072
"63251e479509813fab713ad2",87,600,32,25,20,"red",2652
"63251e479509813fab713ad2",88,400,28,23,20,"red",3501
"63251e479509813fab713ad2",89,400,24,18,20,"red",5358
"63251e479509813fab713ad2",90,400,33,22,10,"red",2923
"63251e479509813fab713ad2",91,600,17,16,10,"red",4417
"63251e479509813fab713ad2",92,400,27,21,10,"red",3442
"63251e479509813fab713ad2",93,400,30,17,10,"red",3651
"63251e479509813fab713ad2",94,400,24,15,10,"red",2769
"63251e479509813fab713ad2",95,600,30,18,10,"red",3286
"63251e479509813fab713ad2",96,400,31,18,2,"red",2510
"63251e479509813fab713ad2",97,600,29,19,10,"red",3263
"63251e479509813fab713ad2",98,600,20,16,2,"red",2043
"63251e479509813fab713ad2",100,500,23,14,20,"red",2712
"63251e479509813fab713ad2",101,400,16,16,2,"red",5002
"63251e479509813fab713ad2",102,400,19,10,20,"red",2137
"63251e479509813fab713ad2",103,400,22,10,20,"red",3433
"63251e479509813fab713ad2",104,600,31,18,10,"red",4637
"63251e479509813fab713ad2",105,600,28,18,2,"red",3307
"63251e479509813fab713ad2",106,500,20,17,2,"red",3045
"63251e479509813fab713ad2",107,600,36,24,20,"red",3549
"63251e479509813fab713ad2",108,400,18,17,20,"red",3617
"63251e479509813fab713ad2",109,500,23,20,2,"red",2909
"63251e479509813fab713ad2",110,600,31,22,20,"red",2531
"63251e479509813fab713ad2",111,500,22,23,10,"red",2188
"63251e479509813fab713ad2",112,400,29,21,10,"red",2789
"63251e479509813fab713ad2",113,400,21,17,10,"red",3305
"63251e479509813fab713ad2",114,600,36,37,20,"red",3444
"63251e479509813fab713ad2",115,400,29,21,2,"red",3733
"63251e479509813fab713ad2",116,500,28,17,10,"red",2595
"633f4f203450d46b01e3d16b",21,600,16,25,20,"blue",2224
"633f4f203450d46b01e3d16b",22,500,24,23,10,"blue",2081
"633f4f203450d46b01e3d16b",23,400,36,30,20,"blue",1628
"633f4f203450d46b01e3d16b",24,600,20,23,20,"blue",1761
"633f4f203450d46b01e3d16b",25,400,36,25,20,"blue",1928
"633f4f203450d46b01e3d16b",27,600,28,28,20,"blue",2056
"633f4f203450d46b01e3d16b",28,400,18,21,20,"blue",2021
"633f4f203450d46b01e3d16b",29,600,24,20,20,"blue",1856
"633f4f203450d46b01e3d16b",30,600,26,19,20,"blue",1725
"633f4f203450d46b01e3d16b",31,400,29,23,2,"blue",1885
"633f4f203450d46b01e3d16b",32,400,16,17,20,"blue",1857
"633f4f203450d46b01e3d16b",33,500,17,17,20,"blue",1595
"633f4f203450d46b01e3d16b",34,600,18,18,2,"blue",1605
"633f4f203450d46b01e3d16b",35,400,32,29,20,"blue",1429
"633f4f203450d46b01e3d16b",36,500,27,30,20,"blue",1719
"633f4f203450d46b01e3d16b",37,600,32,28,20,"blue",1739
"633f4f203450d46b01e3d16b",38,400,23,21,2,"blue",2192
"633f4f203450d46b01e3d16b",39,600,30,23,10,"blue",2114
"633f4f203450d46b01e3d16b",40,500,26,24,10,"blue",1840
"633f4f203450d46b01e3d16b",41,500,20,19,20,"blue",1684
"633f4f203450d46b01e3d16b",42,400,26,22,20,"blue",1609
"633f4f203450d46b01e3d16b",43,500,33,26,2,"blue",1669
"633f4f203450d46b01e3d16b",44,400,20,25,10,"blue",1546
"633f4f203450d46b01e3d16b",45,400,24,24,10,"blue",1706
"633f4f203450d46b01e3d16b",46,500,26,24,2,"blue",1752
"633f4f203450d46b01e3d16b",47,400,19,22,10,"blue",1854
"633f4f203450d46b01e3d16b",48,400,26,23,2,"blue",1549
"633f4f203450d46b01e3d16b",49,400,23,25,10,"blue",1500
"633f4f203450d46b01e3d16b",50,400,33,34,10,"blue",1652
"633f4f203450d46b01e3d16b",51,600,19,20,10,"blue",1780
"633f4f203450d46b01e3d16b",52,400,15,24,10,"blue",1538
"633f4f203450d46b01e3d16b",53,400,15,26,10,"blue",1297
"633f4f203450d46b01e3d16b",54,500,35,40,10,"blue",2188
"633f4f203450d46b01e3d16b",55,500,26,27,2,"blue",1461
"633f4f203450d46b01e3d16b",56,500,19,23,10,"blue",1358
"633f4f203450d46b01e3d16b",57,600,20,23,10,"blue",1594
"633f4f203450d46b01e3d16b",58,600,19,22,10,"blue",1562
"633f4f203450d46b01e3d16b",59,600,14,18,10,"blue",1244
"633f4f203450d46b01e3d16b",60,600,30,31,2,"blue",1496
"633f4f203450d46b01e3d16b",61,500,18,24,2,"blue",1262
"633f4f203450d46b01e3d16b",62,400,25,30,2,"blue",1633
"633f4f203450d46b01e3d16b",63,500,33,34,2,"blue",1306
"633f4f203450d46b01e3d16b",64,400,18,21,2,"blue",1462
"633f4f203450d46b01e3d16b",65,400,35,31,2,"blue",1517
"633f4f203450d46b01e3d16b",66,400,22,21,2,"blue",1355
"633f4f203450d46b01e3d16b",67,600,17,17,2,"blue",2207
"633f4f203450d46b01e3d16b",68,400,30,30,2,"blue",1495
"633f4f203450d46b01e3d16b",69,600,30,26,2,"red",2164
"633f4f203450d46b01e3d16b",70,400,26,28,2,"red",1554
"633f4f203450d46b01e3d16b",71,600,16,23,10,"red",1664
"633f4f203450d46b01e3d16b",72,500,29,30,2,"red",1708
"633f4f203450d46b01e3d16b",73,400,30,30,2,"red",1439
"633f4f203450d46b01e3d16b",74,500,34,30,10,"red",1961
"633f4f203450d46b01e3d16b",75,600,21,26,10,"red",1456
"633f4f203450d46b01e3d16b",76,600,24,28,10,"red",1469
"633f4f203450d46b01e3d16b",77,600,22,27,10,"red",2194
"633f4f203450d46b01e3d16b",78,600,16,25,10,"red",1484
"633f4f203450d46b01e3d16b",79,500,26,24,2,"red",1827
"633f4f203450d46b01e3d16b",80,500,24,27,2,"red",1388
"633f4f203450d46b01e3d16b",81,400,27,28,2,"red",1398
"633f4f203450d46b01e3d16b",82,600,25,26,2,"red",1470
"633f4f203450d46b01e3d16b",83,600,26,31,2,"red",1618
"633f4f203450d46b01e3d16b",84,500,33,35,2,"red",1926
"633f4f203450d46b01e3d16b",85,400,35,30,2,"red",2283
"633f4f203450d46b01e3d16b",86,400,26,28,10,"red",1581
"633f4f203450d46b01e3d16b",87,400,24,31,10,"red",1551
"633f4f203450d46b01e3d16b",88,600,36,31,2,"red",1567
"633f4f203450d46b01e3d16b",89,500,34,30,10,"red",2172
"633f4f203450d46b01e3d16b",90,500,33,33,2,"red",1509
"633f4f203450d46b01e3d16b",91,400,14,12,2,"red",1602
"633f4f203450d46b01e3d16b",92,400,14,12,2,"red",1505
"633f4f203450d46b01e3d16b",93,600,17,16,2,"red",1475
"633f4f203450d46b01e3d16b",94,400,35,34,10,"red",1493
"633f4f203450d46b01e3d16b",95,500,36,37,10,"red",1619
"633f4f203450d46b01e3d16b",96,400,29,36,10,"red",1996
"633f4f203450d46b01e3d16b",97,400,29,36,10,"red",1574
"633f4f203450d46b01e3d16b",98,600,30,35,10,"red",1583
"633f4f203450d46b01e3d16b",99,600,18,27,10,"red",1409
"633f4f203450d46b01e3d16b",100,400,15,27,10,"red",1456
"633f4f203450d46b01e3d16b",101,400,27,27,20,"red",1545
"633f4f203450d46b01e3d16b",102,600,23,27,20,"red",1553
"633f4f203450d46b01e3d16b",103,400,30,28,20,"red",1531
"633f4f203450d46b01e3d16b",104,400,14,18,20,"red",1414
"633f4f203450d46b01e3d16b",105,500,18,19,20,"red",1867
"633f4f203450d46b01e3d16b",106,400,20,19,20,"red",2028
"633f4f203450d46b01e3d16b",107,600,36,39,20,"red",1298
"633f4f203450d46b01e3d16b",108,400,28,37,20,"red",1697
"633f4f203450d46b01e3d16b",109,500,18,23,20,"red",1675
"633f4f203450d46b01e3d16b",110,400,19,28,20,"red",1517
"633f4f203450d46b01e3d16b",111,600,15,26,20,"red",1456
"633f4f203450d46b01e3d16b",112,500,35,36,20,"red",1486
"633f4f203450d46b01e3d16b",113,600,21,26,20,"red",1184
"633f4f203450d46b01e3d16b",114,400,32,37,20,"red",1412
"633f4f203450d46b01e3d16b",115,400,24,29,20,"red",1392
"633f4f203450d46b01e3d16b",116,600,25,31,20,"red",1691
"63e63f77c742a91baf498dd0",21,500,32,23,2,"red",3886
"63e63f77c742a91baf498dd0",22,400,36,32,2,"red",2233
"63e63f77c742a91baf498dd0",23,500,30,33,2,"red",1984
"63e63f77c742a91baf498dd0",24,500,26,24,2,"red",2014
"63e63f77c742a91baf498dd0",25,500,22,26,10,"red",2794
"63e63f77c742a91baf498dd0",26,400,31,29,2,"red",1759
"63e63f77c742a91baf498dd0",27,600,23,25,2,"red",1624
"63e63f77c742a91baf498dd0",28,500,27,26,2,"red",2141
"63e63f77c742a91baf498dd0",29,500,29,31,10,"red",2212
"63e63f77c742a91baf498dd0",30,600,18,18,2,"red",2439
"63e63f77c742a91baf498dd0",31,400,34,27,10,"red",2741
"63e63f77c742a91baf498dd0",32,400,32,22,2,"red",1792
"63e63f77c742a91baf498dd0",33,500,34,30,20,"red",2316
"63e63f77c742a91baf498dd0",34,400,27,29,20,"red",3606
"63e63f77c742a91baf498dd0",35,500,16,26,10,"red",3736
"63e63f77c742a91baf498dd0",36,500,26,22,10,"red",3185
"63e63f77c742a91baf498dd0",37,600,18,18,2,"red",2477
"63e63f77c742a91baf498dd0",38,400,33,25,10,"red",2519
"63e63f77c742a91baf498dd0",40,400,20,17,2,"red",2352
"63e63f77c742a91baf498dd0",41,600,29,25,10,"red",2152
"63e63f77c742a91baf498dd0",42,400,25,16,2,"red",3782
"63e63f77c742a91baf498dd0",43,600,20,9,20,"red",4583
"63e63f77c742a91baf498dd0",44,500,19,10,20,"red",3875
"63e63f77c742a91baf498dd0",45,600,31,12,20,"red",2313
"63e63f77c742a91baf498dd0",46,600,28,14,20,"red",4750
"63e63f77c742a91baf498dd0",47,400,17,16,10,"red",1858
"63e63f77c742a91baf498dd0",48,400,15,14,20,"red",2078
"63e63f77c742a91baf498dd0",49,500,23,14,10,"red",2538
"63e63f77c742a91baf498dd0",50,500,22,13,20,"red",2351
"63e63f77c742a91baf498dd0",51,500,32,15,20,"red",3374
"63e63f77c742a91baf498dd0",52,500,14,12,20,"red",2283
"63e63f77c742a91baf498dd0",53,600,33,12,20,"red",2381
"63e63f77c742a91baf498dd0",54,400,18,9,2,"red",1928
"63e63f77c742a91baf498dd0",55,600,17,9,20,"red",1684
"63e63f77c742a91baf498dd0",56,400,23,11,10,"red",1895
"63e63f77c742a91baf498dd0",57,600,36,25,10,"red",3410
"63e63f77c742a91baf498dd0",58,600,28,19,2,"red",2020
"63e63f77c742a91baf498dd0",59,600,21,23,20,"red",3228
"63e63f77c742a91baf498dd0",60,600,20,12,20,"red",2433
"63e63f77c742a91baf498dd0",61,500,33,18,10,"red",2635
"63e63f77c742a91baf498dd0",62,600,22,15,10,"red",2136
"63e63f77c742a91baf498dd0",63,500,26,11,2,"red",3020
"63e63f77c742a91baf498dd0",64,400,25,13,10,"red",4272
"63e63f77c742a91baf498dd0",65,400,21,19,20,"red",3385
"63e63f77c742a91baf498dd0",66,400,22,18,10,"red",2253
"63e63f77c742a91baf498dd0",67,500,32,27,2,"red",2242
"63e63f77c742a91baf498dd0",68,500,28,22,20,"red",3757
"63e63f77c742a91baf498dd0",69,400,16,9,2,"blue",4694
"63e63f77c742a91baf498dd0",70,500,16,13,2,"blue",2425
"63e63f77c742a91baf498dd0",71,400,33,22,10,"blue",3662
"63e63f77c742a91baf498dd0",72,400,26,12,2,"blue",1928
"63e63f77c742a91baf498dd0",73,500,22,17,20,"blue",1964
"63e63f77c742a91baf498dd0",74,500,22,16,20,"blue",3616
"63e63f77c742a91baf498dd0",75,400,17,17,20,"blue",2229
"63e63f77c742a91baf498dd0",76,500,14,10,2,"blue",2170
"63e63f77c742a91baf498dd0",77,600,27,22,2,"blue",4271
"63e63f77c742a91baf498dd0",78,600,20,22,2,"blue",2272
"63e63f77c742a91baf498dd0",80,400,31,23,10,"blue",1671
"63e63f77c742a91baf498dd0",81,500,14,24,10,"blue",1689
"63e63f77c742a91baf498dd0",82,600,18,22,20,"blue",2029
"63e63f77c742a91baf498dd0",83,500,17,16,2,"blue",2313
"63e63f77c742a91baf498dd0",84,600,21,18,20,"blue",2120
"63e63f77c742a91baf498dd0",85,600,15,19,10,"blue",2068
"63e63f77c742a91baf498dd0",86,500,15,16,20,"blue",2572
"63e63f77c742a91baf498dd0",87,400,19,6,2,"blue",1791
"63e63f77c742a91baf498dd0",88,500,34,23,2,"blue",2684
"63e63f77c742a91baf498dd0",89,500,23,16,2,"blue",2090
"63e63f77c742a91baf498dd0",90,400,16,13,20,"blue",2223
"63e63f77c742a91baf498dd0",91,400,36,26,10,"blue",2487
"63e63f77c742a91baf498dd0",92,600,15,12,2,"blue",2172
"63e63f77c742a91baf498dd0",93,500,31,23,20,"blue",2329
"63e63f77c742a91baf498dd0",94,500,24,21,2,"blue",2218
"63e63f77c742a91baf498dd0",95,500,17,16,20,"blue",1667
"63e63f77c742a91baf498dd0",96,600,26,21,20,"blue",1933
"63e63f77c742a91baf498dd0",97,600,28,21,10,"blue",1794
"63e63f77c742a91baf498dd0",98,500,18,12,2,"blue",2258
"63e63f77c742a91baf498dd0",99,400,33,25,2,"blue",2356
"63e63f77c742a91baf498dd0",100,500,32,22,10,"blue",1463
"63e63f77c742a91baf498dd0",101,600,35,24,20,"blue",1969
"63e63f77c742a91baf498dd0",102,400,15,15,10,"blue",2766
"63e63f77c742a91baf498dd0",103,400,21,0,2,"blue",630
"63e63f77c742a91baf498dd0",104,400,23,14,20,"blue",4398
"63e63f77c742a91baf498dd0",105,400,33,23,20,"blue",3352
"63e63f77c742a91baf498dd0",106,400,35,23,10,"blue",2585
"63e63f77c742a91baf498dd0",107,500,15,12,20,"blue",2272
"63e63f77c742a91baf498dd0",108,600,29,18,20,"blue",2372
"63e63f77c742a91baf498dd0",109,500,35,25,10,"blue",2369
"63e63f77c742a91baf498dd0",110,600,16,14,10,"blue",1822
"63e63f77c742a91baf498dd0",111,500,15,22,10,"blue",2384
"63e63f77c742a91baf498dd0",112,500,14,21,10,"blue",2158
"63e63f77c742a91baf498dd0",113,400,29,20,10,"blue",2161
"63e63f77c742a91baf498dd0",114,500,27,22,20,"blue",2044
"63e63f77c742a91baf498dd0",115,500,31,22,10,"blue",2117
"63e63f77c742a91baf498dd0",116,400,19,21,10,"blue",1817
"640415971520c41606ca4389",22,500,36,37,10,"blue",1394
"640415971520c41606ca4389",23,400,29,28,2,"blue",1918
"640415971520c41606ca4389",24,500,24,15,20,"blue",2216
"640415971520c41606ca4389",25,400,25,27,2,"blue",1803
"640415971520c41606ca4389",26,500,18,17,2,"blue",1709
"640415971520c41606ca4389",27,600,24,23,2,"blue",1738
"640415971520c41606ca4389",28,500,33,27,2,"blue",2350
"640415971520c41606ca4389",29,400,16,10,2,"blue",2103
"640415971520c41606ca4389",30,400,18,16,10,"blue",1776
"640415971520c41606ca4389",31,500,35,26,2,"blue",2523
"640415971520c41606ca4389",32,400,18,12,20,"blue",2336
"640415971520c41606ca4389",33,600,19,13,10,"blue",1612
"640415971520c41606ca4389",34,600,30,24,20,"blue",1595
"640415971520c41606ca4389",35,400,32,22,2,"blue",1587
"640415971520c41606ca4389",36,600,21,16,2,"blue",1400
"640415971520c41606ca4389",37,600,32,21,10,"blue",1619
"640415971520c41606ca4389",38,400,17,8,2,"blue",2042
"640415971520c41606ca4389",39,600,34,23,10,"blue",1697
"640415971520c41606ca4389",40,400,34,26,20,"blue",2100
"640415971520c41606ca4389",41,600,20,13,10,"blue",1819
"640415971520c41606ca4389",42,600,19,12,20,"blue",1934
"640415971520c41606ca4389",43,600,16,14,10,"blue",1616
"640415971520c41606ca4389",44,600,26,23,2,"blue",1504
"640415971520c41606ca4389",45,400,27,17,20,"blue",1658
"640415971520c41606ca4389",46,500,19,12,20,"blue",2794
"640415971520c41606ca4389",47,500,14,18,10,"blue",1415
"640415971520c41606ca4389",48,500,15,9,2,"blue",1277
"640415971520c41606ca4389",49,400,17,16,10,"blue",1846
"640415971520c41606ca4389",50,600,32,29,20,"blue",1709
"640415971520c41606ca4389",51,500,35,37,10,"blue",1238
"640415971520c41606ca4389",52,600,14,13,10,"blue",1435
"640415971520c41606ca4389",53,600,17,5,2,"blue",1247
"640415971520c41606ca4389",54,600,31,22,20,"blue",1355
"640415971520c41606ca4389",55,500,36,32,20,"blue",2169
"640415971520c41606ca4389",56,400,30,22,20,"blue",2281
"640415971520c41606ca4389",57,400,22,19,10,"blue",1347
"640415971520c41606ca4389",58,400,35,37,20,"blue",2168
"640415971520c41606ca4389",59,600,16,15,20,"blue",2027
"640415971520c41606ca4389",60,600,31,29,2,"blue",1930
"640415971520c41606ca4389",61,500,24,24,10,"blue",1695
"640415971520c41606ca4389",62,400,26,22,20,"blue",1678
"640415971520c41606ca4389",63,500,25,29,2,"blue",1377
"640415971520c41606ca4389",64,400,17,15,10,"blue",1803
"640415971520c41606ca4389",65,400,20,21,10,"blue",1801
"640415971520c41606ca4389",66,500,24,16,20,"blue",1366
"640415971520c41606ca4389",67,600,18,18,10,"blue",1375
"640415971520c41606ca4389",68,500,18,16,20,"blue",1800
"640415971520c41606ca4389",69,500,19,15,2,"red",1712
"640415971520c41606ca4389",70,500,24,20,20,"red",1848
"640415971520c41606ca4389",71,600,31,31,10,"red",1356
"640415971520c41606ca4389",72,400,29,25,10,"red",1463
"640415971520c41606ca4389",73,600,21,21,20,"red",1371
"640415971520c41606ca4389",74,400,15,16,20,"red",1336
"640415971520c41606ca4389",75,600,19,15,2,"red",1739
"640415971520c41606ca4389",76,600,26,19,20,"red",2678
"640415971520c41606ca4389",77,600,20,11,10,"red",1695
"640415971520c41606ca4389",78,400,18,19,10,"red",2000
"640415971520c41606ca4389",79,500,28,24,10,"red",1212
"640415971520c41606ca4389",80,500,21,18,2,"red",1499
"640415971520c41606ca4389",81,600,35,29,10,"red",1317
"640415971520c41606ca4389",82,500,14,15,10,"red",1763
"640415971520c41606ca4389",83,400,24,16,2,"red",1524
"640415971520c41606ca4389",84,500,24,18,20,"red",2068
"640415971520c41606ca4389",85,500,18,12,2,"red",1290
"640415971520c41606ca4389",86,600,30,19,2,"red",1719
"640415971520c41606ca4389",87,400,25,16,10,"red",1592
"640415971520c41606ca4389",88,500,30,17,20,"red",1583
"640415971520c41606ca4389",89,500,30,20,20,"red",1675
"640415971520c41606ca4389",90,600,16,14,10,"red",1612
"640415971520c41606ca4389",92,600,20,13,20,"red",1703
"640415971520c41606ca4389",93,400,33,27,2,"red",1150
"640415971520c41606ca4389",94,600,18,14,2,"red",1386
"640415971520c41606ca4389",95,600,19,11,2,"red",1652
"640415971520c41606ca4389",96,600,14,5,20,"red",2297
"640415971520c41606ca4389",97,500,16,2,20,"red",1646
"640415971520c41606ca4389",98,500,18,11,2,"red",2228
"640415971520c41606ca4389",99,500,36,25,2,"red",2437
"640415971520c41606ca4389",100,600,14,7,10,"red",1843
"640415971520c41606ca4389",101,400,30,22,2,"red",2056
"640415971520c41606ca4389",102,600,36,30,10,"red",2393
"640415971520c41606ca4389",103,400,18,10,2,"red",1777
"640415971520c41606ca4389",104,400,18,8,20,"red",2453
"640415971520c41606ca4389",105,400,27,22,10,"red",1512
"640415971520c41606ca4389",106,500,25,14,20,"red",1874
"640415971520c41606ca4389",107,600,24,26,2,"red",2100
"640415971520c41606ca4389",108,500,35,31,20,"red",2149
"640415971520c41606ca4389",110,400,36,37,10,"red",1794
"640415971520c41606ca4389",111,500,23,15,20,"red",2088
"640415971520c41606ca4389",112,400,31,26,10,"red",1306
"640415971520c41606ca4389",113,500,36,27,10,"red",1473
"640415971520c41606ca4389",114,600,30,18,2,"red",1483
"640415971520c41606ca4389",115,600,19,12,2,"red",1378
"640415971520c41606ca4389",116,500,34,28,10,"red",1046
"651b249337102ada9fee4951",21,400,28,23,2,"blue",3546
"651b249337102ada9fee4951",22,400,17,19,2,"blue",2580
"651b249337102ada9fee4951",23,400,35,38,2,"blue",3647
"651b249337102ada9fee4951",24,500,21,19,20,"blue",3180
"651b249337102ada9fee4951",25,400,35,33,20,"blue",2663
"651b249337102ada9fee4951",26,400,29,23,2,"blue",3514
"651b249337102ada9fee4951",27,500,24,23,20,"blue",4082
"651b249337102ada9fee4951",28,600,36,36,2,"blue",3896
"651b249337102ada9fee4951",29,600,20,23,10,"blue",3280
"651b249337102ada9fee4951",30,600,29,28,10,"blue",3096
"651b249337102ada9fee4951",31,500,18,20,2,"blue",3482
"651b249337102ada9fee4951",32,600,17,16,2,"blue",4263
"651b249337102ada9fee4951",33,500,22,25,10,"blue",2947
"651b249337102ada9fee4951",34,600,24,20,10,"blue",3547
"651b249337102ada9fee4951",35,500,36,38,2,"blue",3280
"651b249337102ada9fee4951",36,500,34,33,2,"blue",4598
"651b249337102ada9fee4951",37,400,14,10,2,"blue",5014
"651b249337102ada9fee4951",38,500,31,26,20,"blue",4313
"651b249337102ada9fee4951",39,600,19,15,20,"blue",3480
"651b249337102ada9fee4951",40,500,25,14,2,"blue",3913
"651b249337102ada9fee4951",41,500,28,30,10,"blue",2380
"651b249337102ada9fee4951",42,400,19,18,10,"blue",3498
"651b249337102ada9fee4951",43,600,33,34,10,"blue",3263
"651b249337102ada9fee4951",44,400,26,19,20,"blue",4930
"651b249337102ada9fee4951",45,400,21,24,10,"blue",3496
"651b249337102ada9fee4951",46,500,26,17,20,"blue",1847
"651b249337102ada9fee4951",47,600,23,18,20,"blue",2497
"651b249337102ada9fee4951",48,600,17,15,10,"blue",2446
"651b249337102ada9fee4951",49,400,18,13,2,"blue",3214
"651b249337102ada9fee4951",50,500,26,17,10,"blue",3498
"651b249337102ada9fee4951",51,400,24,20,20,"blue",3564
"651b249337102ada9fee4951",52,400,27,21,2,"blue",4179
"651b249337102ada9fee4951",53,600,22,21,2,"blue",3297
"651b249337102ada9fee4951",54,500,26,21,10,"blue",3915
"651b249337102ada9fee4951",55,600,30,22,20,"blue",4581
"651b249337102ada9fee4951",56,400,29,25,20,"blue",3830
"651b249337102ada9fee4951",57,400,14,11,2,"blue",3664
"651b249337102ada9fee4951",58,500,34,30,10,"blue",2480
"651b249337102ada9fee4951",59,500,19,24,10,"blue",4131
"651b249337102ada9fee4951",60,600,21,20,10,"blue",2330
"651b249337102ada9fee4951",61,500,18,21,20,"blue",3596
"651b249337102ada9fee4951",62,400,32,28,20,"blue",3180
"651b249337102ada9fee4951",63,500,15,20,20,"blue",3297
"651b249337102ada9fee4951",64,600,22,20,10,"blue",3498
"651b249337102ada9fee4951",65,600,23,21,10,"blue",1980
"651b249337102ada9fee4951",66,400,21,18,20,"blue",2713
"651b249337102ada9fee4951",67,600,35,29,2,"blue",4097
"651b249337102ada9fee4951",69,400,32,32,10,"red",3229
"651b249337102ada9fee4951",70,400,32,27,10,"red",3564
"651b249337102ada9fee4951",71,500,28,29,10,"red",2614
"651b249337102ada9fee4951",72,500,30,28,20,"red",1913
"651b249337102ada9fee4951",73,400,16,22,10,"red",3481
"651b249337102ada9fee4951",74,600,21,19,20,"red",2812
"651b249337102ada9fee4951",75,400,35,34,2,"red",3847
"651b249337102ada9fee4951",76,500,17,21,10,"red",2114
"651b249337102ada9fee4951",77,400,32,35,2,"red",2813
"651b249337102ada9fee4951",78,400,29,29,2,"red",2463
"651b249337102ada9fee4951",79,500,27,31,2,"red",4264
"651b249337102ada9fee4951",80,600,35,33,20,"red",3747
"651b249337102ada9fee4951",81,500,33,29,20,"red",2365
"651b249337102ada9fee4951",82,500,19,23,10,"red",2131
"651b249337102ada9fee4951",83,500,22,23,20,"red",2430
"651b249337102ada9fee4951",84,600,16,16,20,"red",3547
"651b249337102ada9fee4951",85,400,18,14,10,"red",2730
"651b249337102ada9fee4951",86,500,31,24,20,"red",3231
"651b249337102ada9fee4951",87,600,30,28,2,"red",2896
"651b249337102ada9fee4951",88,600,32,25,20,"red",3864
"651b249337102ada9fee4951",89,400,25,25,20,"red",2964
"651b249337102ada9fee4951",90,400,30,28,2,"red",4746
"651b249337102ada9fee4951",91,400,24,24,10,"red",2863
"651b249337102ada9fee4951",93,600,18,19,20,"red",1831
"651b249337102ada9fee4951",94,600,16,15,2,"red",1980
"651b249337102ada9fee4951",95,500,32,31,2,"red",3148
"651b249337102ada9fee4951",96,400,17,15,2,"red",2363
"651b249337102ada9fee4951",97,600,22,17,20,"red",3530
"651b249337102ada9fee4951",98,500,26,18,2,"red",2264
"651b249337102ada9fee4951",99,500,14,12,20,"red",2616
"651b249337102ada9fee4951",100,400,17,13,2,"red",3445
"651b249337102ada9fee4951",101,600,27,18,2,"red",3330
"651b249337102ada9fee4951",102,400,27,17,20,"red",2530
"651b249337102ada9fee4951",104,400,33,26,20,"red",3279
"651b249337102ada9fee4951",105,500,30,20,2,"red",3682
"651b249337102ada9fee4951",106,600,33,25,2,"red",4029
"651b249337102ada9fee4951",107,600,23,19,10,"red",2563
"651b249337102ada9fee4951",108,600,23,13,20,"red",2046
"651b249337102ada9fee4951",109,500,35,32,10,"red",2313
"651b249337102ada9fee4951",111,600,34,31,10,"red",3264
"651b249337102ada9fee4951",112,400,14,10,2,"red",2547
"651b249337102ada9fee4951",113,400,36,31,10,"red",2447
"651b249337102ada9fee4951",114,600,18,24,10,"red",2614
"651b249337102ada9fee4951",115,600,14,15,10,"red",2780
"651b249337102ada9fee4951",116,400,27,26,10,"red",2881
"6572244f5a6d2b943074aa73",21,500,26,23,2,"red",4148
"6572244f5a6d2b943074aa73",22,500,33,35,10,"red",3586
"6572244f5a6d2b943074aa73",23,500,18,19,20,"red",4031
"6572244f5a6d2b943074aa73",24,400,25,22,10,"red",3765
"6572244f5a6d2b943074aa73",25,500,23,21,2,"red",3149
"6572244f5a6d2b943074aa73",26,500,33,40,20,"red",3283
"6572244f5a6d2b943074aa73",27,600,24,22,2,"red",2759
"6572244f5a6d2b943074aa73",28,600,32,30,20,"red",4189
"6572244f5a6d2b943074aa73",29,500,15,13,10,"red",3163
"6572244f5a6d2b943074aa73",30,600,36,39,20,"red",4134
"6572244f5a6d2b943074aa73",32,400,25,28,10,"red",3349
"6572244f5a6d2b943074aa73",33,400,23,29,20,"red",2869
"6572244f5a6d2b943074aa73",34,500,22,18,2,"red",3326
"6572244f5a6d2b943074aa73",35,600,35,33,10,"red",2457
"6572244f5a6d2b943074aa73",36,500,25,19,2,"red",2176
"6572244f5a6d2b943074aa73",37,600,30,32,20,"red",3577
"6572244f5a6d2b943074aa73",38,500,25,22,2,"red",2659
"6572244f5a6d2b943074aa73",41,500,23,18,10,"red",2598
"6572244f5a6d2b943074aa73",42,600,28,32,20,"red",2749
"6572244f5a6d2b943074aa73",43,600,32,39,20,"red",2508
"6572244f5a6d2b943074aa73",44,400,15,25,20,"red",3785
"6572244f5a6d2b943074aa73",45,500,20,13,2,"red",2075
"6572244f5a6d2b943074aa73",46,500,22,22,20,"red",1811
"6572244f5a6d2b943074aa73",47,600,16,20,10,"red",1921
"6572244f5a6d2b943074aa73",48,500,30,37,2,"red",1844
"6572244f5a6d2b943074aa73",49,500,29,28,10,"red",1873
"6572244f5a6d2b943074aa73",50,500,14,10,20,"red",2109
"6572244f5a6d2b943074aa73",51,400,30,34,10,"red",1919
"6572244f5a6d2b943074aa73",52,400,23,21,20,"red",1962
"6572244f5a6d2b943074aa73",53,600,34,29,2,"red",2341
"6572244f5a6d2b943074aa73",54,400,19,8,2,"red",1391
"6572244f5a6d2b943074aa73",55,500,25,18,2,"red",1527
"6572244f5a6d2b943074aa73",56,600,35,35,20,"red",2064
"6572244f5a6d2b943074aa73",57,400,36,34,2,"red",3171
"6572244f5a6d2b943074aa73",58,500,28,25,20,"red",2042
"6572244f5a6d2b943074aa73",59,500,33,38,10,"red",1638
"6572244f5a6d2b943074aa73",60,600,24,31,10,"red",1505
"6572244f5a6d2b943074aa73",61,500,17,24,10,"red",1504
"6572244f5a6d2b943074aa73",62,600,31,40,20,"red",1523
"6572244f5a6d2b943074aa73",63,500,24,26,2,"red",3451
"6572244f5a6d2b943074aa73",64,600,24,27,10,"red",2543
"6572244f5a6d2b943074aa73",65,500,14,14,10,"red",1488
"6572244f5a6d2b943074aa73",66,500,25,23,2,"red",1631
"6572244f5a6d2b943074aa73",67,500,32,31,10,"red",1534
"6572244f5a6d2b943074aa73",68,400,29,26,2,"red",1400
"6572244f5a6d2b943074aa73",69,500,35,26,10,"blue",2892
"6572244f5a6d2b943074aa73",70,500,28,22,2,"blue",1651
"6572244f5a6d2b943074aa73",71,500,19,21,20,"blue",1928
"6572244f5a6d2b943074aa73",72,400,24,24,2,"blue",1608
"6572244f5a6d2b943074aa73",73,400,14,16,10,"blue",1838
"6572244f5a6d2b943074aa73",74,400,21,17,10,"blue",2165
"6572244f5a6d2b943074aa73",75,500,23,16,20,"blue",1840
"6572244f5a6d2b943074aa73",76,400,35,34,2,"blue",1532
"6572244f5a6d2b943074aa73",77,600,35,30,10,"blue",2798
"6572244f5a6d2b943074aa73",78,400,16,20,20,"blue",2561
"6572244f5a6d2b943074aa73",79,600,20,18,2,"blue",1424
"6572244f5a6d2b943074aa73",80,600,19,18,20,"blue",1578
"6572244f5a6d2b943074aa73",81,600,27,33,20,"blue",1718
"6572244f5a6d2b943074aa73",82,500,34,42,20,"blue",1624
"6572244f5a6d2b943074aa73",83,600,33,34,10,"blue",2024
"6572244f5a6d2b943074aa73",84,600,22,22,2,"blue",1624
"6572244f5a6d2b943074aa73",85,600,26,19,20,"blue",1486
"6572244f5a6d2b943074aa73",86,600,16,16,20,"blue",1604
"6572244f5a6d2b943074aa73",87,400,32,25,2,"blue",1455
"6572244f5a6d2b943074aa73",88,600,15,18,10,"blue",1541
"6572244f5a6d2b943074aa73",89,600,27,27,2,"blue",1481
"6572244f5a6d2b943074aa73",90,500,19,24,10,"blue",1792
"6572244f5a6d2b943074aa73",91,600,35,42,10,"blue",1672
"6572244f5a6d2b943074aa73",92,500,32,26,20,"blue",3685
"6572244f5a6d2b943074aa73",93,400,33,35,10,"blue",3306
"6572244f5a6d2b943074aa73",94,600,22,20,2,"blue",1890
"6572244f5a6d2b943074aa73",95,500,25,21,20,"blue",1960
"6572244f5a6d2b943074aa73",96,400,27,20,2,"blue",1630
"6572244f5a6d2b943074aa73",97,400,23,24,20,"blue",2439
"6572244f5a6d2b943074aa73",98,400,22,23,10,"blue",2071
"6572244f5a6d2b943074aa73",99,500,23,24,20,"blue",2199
"6572244f5a6d2b943074aa73",100,600,24,21,2,"blue",1470
"6572244f5a6d2b943074aa73",101,500,26,19,2,"blue",1935
"6572244f5a6d2b943074aa73",102,400,27,23,20,"blue",2821
"6572244f5a6d2b943074aa73",103,400,28,26,2,"blue",1885
"6572244f5a6d2b943074aa73",104,600,32,31,10,"blue",1753
"6572244f5a6d2b943074aa73",105,400,33,38,20,"blue",1596
"6572244f5a6d2b943074aa73",106,600,20,23,10,"blue",1454
"6572244f5a6d2b943074aa73",107,500,33,32,2,"blue",1479
"6572244f5a6d2b943074aa73",108,600,24,31,10,"blue",2376
"6572244f5a6d2b943074aa73",109,500,30,38,20,"blue",1881
"6572244f5a6d2b943074aa73",110,500,21,28,10,"blue",1283
"6572244f5a6d2b943074aa73",111,400,20,21,20,"blue",1678
"6572244f5a6d2b943074aa73",112,400,26,32,10,"blue",1789
"6572244f5a6d2b943074aa73",113,400,20,19,10,"blue",1822
"6572244f5a6d2b943074aa73",114,500,17,12,2,"blue",3134
"6572244f5a6d2b943074aa73",115,600,36,31,2,"blue",1608
"6572244f5a6d2b943074aa73",116,600,36,32,2,"blue",1539
"657b80c8ff78a49936e4cff3",22,600,20,24,10,"blue",1915
"657b80c8ff78a49936e4cff3",23,500,36,30,20,"blue",1950
"657b80c8ff78a49936e4cff3",24,400,17,21,20,"blue",3041
"657b80c8ff78a49936e4cff3",25,500,21,16,2,"blue",3381
"657b80c8ff78a49936e4cff3",26,500,31,28,10,"blue",3039
"657b80c8ff78a49936e4cff3",27,400,30,24,2,"blue",2083
"657b80c8ff78a49936e4cff3",28,400,23,28,10,"blue",3062
"657b80c8ff78a49936e4cff3",29,600,19,19,2,"blue",2077
"657b80c8ff78a49936e4cff3",30,500,25,20,10,"blue",2103
"657b80c8ff78a49936e4cff3",31,500,33,29,20,"blue",2263
"657b80c8ff78a49936e4cff3",32,500,35,33,10,"blue",1844
"657b80c8ff78a49936e4cff3",33,400,27,33,20,"blue",2207
"657b80c8ff78a49936e4cff3",34,500,18,16,2,"blue",3437
"657b80c8ff78a49936e4cff3",35,600,35,28,2,"blue",3524
"657b80c8ff78a49936e4cff3",36,600,34,28,2,"blue",2362
"657b80c8ff78a49936e4cff3",37,400,35,35,20,"blue",3002
"657b80c8ff78a49936e4cff3",38,400,33,36,20,"blue",2018
"657b80c8ff78a49936e4cff3",39,400,36,34,2,"blue",2235
"657b80c8ff78a49936e4cff3",40,500,19,26,20,"blue",3388
"657b80c8ff78a49936e4cff3",41,400,28,23,20,"blue",2082
"657b80c8ff78a49936e4cff3",42,500,15,19,2,"blue",2923
"657b80c8ff78a49936e4cff3",43,500,20,23,20,"blue",2224
"657b80c8ff78a49936e4cff3",44,500,26,22,20,"blue",2217
"657b80c8ff78a49936e4cff3",45,500,36,31,10,"blue",2557
"657b80c8ff78a49936e4cff3",46,500,26,29,2,"blue",2091
"657b80c8ff78a49936e4cff3",47,600,34,28,2,"blue",4179
"657b80c8ff78a49936e4cff3",48,500,34,31,20,"blue",2193
"657b80c8ff78a49936e4cff3",49,400,14,17,2,"blue",3524
"657b80c8ff78a49936e4cff3",50,400,29,23,2,"blue",2631
"657b80c8ff78a49936e4cff3",51,600,34,30,20,"blue",1884
"657b80c8ff78a49936e4cff3",52,500,17,22,20,"blue",4730
"657b80c8ff78a49936e4cff3",53,400,22,20,10,"blue",4087
"657b80c8ff78a49936e4cff3",54,600,31,25,2,"blue",3488
"657b80c8ff78a49936e4cff3",55,400,33,29,10,"blue",3517
"657b80c8ff78a49936e4cff3",56,500,27,31,2,"blue",2162
"657b80c8ff78a49936e4cff3",57,500,18,20,20,"blue",4129
"657b80c8ff78a49936e4cff3",58,500,24,27,10,"blue",2040
"657b80c8ff78a49936e4cff3",59,400,25,20,10,"blue",2059
"657b80c8ff78a49936e4cff3",60,600,15,17,10,"blue",1874
"657b80c8ff78a49936e4cff3",61,600,20,19,10,"blue",3013
"657b80c8ff78a49936e4cff3",62,400,22,18,10,"blue",2613
"657b80c8ff78a49936e4cff3",63,600,23,24,10,"blue",2714
"657b80c8ff78a49936e4cff3",64,600,31,32,20,"blue",2891
"657b80c8ff78a49936e4cff3",65,600,16,25,10,"blue",3573
"657b80c8ff78a49936e4cff3",66,400,24,21,2,"blue",3205
"657b80c8ff78a49936e4cff3",67,600,36,34,20,"blue",2132
"657b80c8ff78a49936e4cff3",68,600,36,36,10,"blue",1761
"657b80c8ff78a49936e4cff3",69,400,17,21,2,"red",4055
"657b80c8ff78a49936e4cff3",70,600,29,27,2,"red",3600
"657b80c8ff78a49936e4cff3",72,400,14,25,20,"red",3305
"657b80c8ff78a49936e4cff3",73,400,19,23,2,"red",2899
"657b80c8ff78a49936e4cff3",74,500,24,28,20,"red",2398
"657b80c8ff78a49936e4cff3",75,500,29,30,20,"red",2745
"657b80c8ff78a49936e4cff3",76,600,35,34,10,"red",2041
"657b80c8ff78a49936e4cff3",77,400,26,28,2,"red",2338
"657b80c8ff78a49936e4cff3",78,600,16,11,2,"red",3408
"657b80c8ff78a49936e4cff3",79,600,15,13,2,"red",4026
"657b80c8ff78a49936e4cff3",80,600,15,12,20,"red",2774
"657b80c8ff78a49936e4cff3",81,600,19,16,20,"red",1696
"657b80c8ff78a49936e4cff3",82,600,32,25,10,"red",2203
"657b80c8ff78a49936e4cff3",83,400,21,18,2,"red",3565
"657b80c8ff78a49936e4cff3",84,600,14,14,2,"red",3395
"657b80c8ff78a49936e4cff3",85,400,16,15,10,"red",2946
"657b80c8ff78a49936e4cff3",86,500,34,29,20,"red",3065
"657b80c8ff78a49936e4cff3",87,500,17,22,10,"red",3449
"657b80c8ff78a49936e4cff3",88,600,15,14,10,"red",2118
"657b80c8ff78a49936e4cff3",89,500,16,13,20,"red",4013
"657b80c8ff78a49936e4cff3",90,500,21,19,10,"red",3534
"657b80c8ff78a49936e4cff3",91,600,16,18,20,"red",2727
"657b80c8ff78a49936e4cff3",92,400,26,22,2,"red",2796
"657b80c8ff78a49936e4cff3",93,400,29,22,10,"red",1677
"657b80c8ff78a49936e4cff3",94,600,23,26,20,"red",3704
"657b80c8ff78a49936e4cff3",95,400,27,29,20,"red",1948
"657b80c8ff78a49936e4cff3",96,600,23,27,20,"red",2996
"657b80c8ff78a49936e4cff3",97,600,21,21,10,"red",2230
"657b80c8ff78a49936e4cff3",98,500,18,17,2,"red",1906
"657b80c8ff78a49936e4cff3",99,500,28,22,2,"red",2533
"657b80c8ff78a49936e4cff3",100,600,32,32,20,"red",3292
"657b80c8ff78a49936e4cff3",101,400,36,36,10,"red",1945
"657b80c8ff78a49936e4cff3",102,600,20,20,2,"red",4252
"657b80c8ff78a49936e4cff3",103,600,20,22,10,"red",2596
"657b80c8ff78a49936e4cff3",104,400,23,23,10,"red",1678
"657b80c8ff78a49936e4cff3",105,400,25,19,20,"red",2204
"657b80c8ff78a49936e4cff3",106,500,17,17,2,"red",2376
"657b80c8ff78a49936e4cff3",107,600,31,30,10,"red",3552
"657b80c8ff78a49936e4cff3",108,600,25,22,2,"red",2104
"657b80c8ff78a49936e4cff3",109,400,34,27,10,"red",2823
"657b80c8ff78a49936e4cff3",110,500,21,26,10,"red",1798
"657b80c8ff78a49936e4cff3",111,400,35,33,20,"red",1910
"657b80c8ff78a49936e4cff3",112,400,34,38,10,"red",1726
"657b80c8ff78a49936e4cff3",113,400,29,30,20,"red",3198
"657b80c8ff78a49936e4cff3",114,400,34,30,2,"red",1870
"657b80c8ff78a49936e4cff3",115,600,21,22,20,"red",1805
"657b80c8ff78a49936e4cff3",116,600,30,21,10,"red",1769
"6604664cb53a76971c8a1dce",21,600,29,26,10,"red",3752
"6604664cb53a76971c8a1dce",22,500,20,13,2,"red",4126
"6604664cb53a76971c8a1dce",23,400,28,25,20,"red",5106
"6604664cb53a76971c8a1dce",24,400,35,27,20,"red",4728
"6604664cb53a76971c8a1dce",25,400,31,28,2,"red",4924
"6604664cb53a76971c8a1dce",26,600,35,30,20,"red",4042
"6604664cb53a76971c8a1dce",27,600,14,9,2,"red",5810
"6604664cb53a76971c8a1dce",28,600,25,20,20,"red",4816
"6604664cb53a76971c8a1dce",29,400,17,19,10,"red",7134
"6604664cb53a76971c8a1dce",30,600,14,9,2,"red",5259
"6604664cb53a76971c8a1dce",31,400,29,27,20,"red",6461
"6604664cb53a76971c8a1dce",32,500,18,11,2,"red",5141
"6604664cb53a76971c8a1dce",33,400,23,13,2,"red",5325
"6604664cb53a76971c8a1dce",34,400,19,15,10,"red",4809
"6604664cb53a76971c8a1dce",35,400,24,23,2,"red",5775
"6604664cb53a76971c8a1dce",36,500,16,22,20,"red",6994
"6604664cb53a76971c8a1dce",37,500,30,25,2,"red",4892
"6604664cb53a76971c8a1dce",38,400,29,28,10,"red",4793
"6604664cb53a76971c8a1dce",39,400,35,29,2,"red",3357
"6604664cb53a76971c8a1dce",40,600,16,17,20,"red",4172
"6604664cb53a76971c8a1dce",41,600,16,16,10,"red",2894
"6604664cb53a76971c8a1dce",42,600,32,29,20,"red",5760
"6604664cb53a76971c8a1dce",43,400,36,32,20,"red",6992
"6604664cb53a76971c8a1dce",44,500,36,37,2,"red",4276
"6604664cb53a76971c8a1dce",45,400,33,25,2,"red",4526
"6604664cb53a76971c8a1dce",46,400,15,17,10,"red",3610
"6604664cb53a76971c8a1dce",47,400,29,24,10,"red",4544
"6604664cb53a76971c8a1dce",48,400,19,21,20,"red",5885
"6604664cb53a76971c8a1dce",49,400,27,23,20,"red",5128
"6604664cb53a76971c8a1dce",50,400,24,28,20,"red",5529
"6604664cb53a76971c8a1dce",51,500,26,28,10,"red",3936
"6604664cb53a76971c8a1dce",52,600,15,10,2,"red",4257
"6604664cb53a76971c8a1dce",53,400,24,14,2,"red",5027
"6604664cb53a76971c8a1dce",54,500,30,17,2,"red",5875
"6604664cb53a76971c8a1dce",55,600,21,18,10,"red",4758
"6604664cb53a76971c8a1dce",56,600,16,19,10,"red",7776
"6604664cb53a76971c8a1dce",57,400,34,25,20,"red",7524
"6604664cb53a76971c8a1dce",58,500,18,10,2,"red",4162
"6604664cb53a76971c8a1dce",59,400,22,15,10,"red",5444
"6604664cb53a76971c8a1dce",60,500,29,22,2,"red",4053
"6604664cb53a76971c8a1dce",61,500,25,24,10,"red",5312
"6604664cb53a76971c8a1dce",63,500,24,24,20,"red",4226
"6604664cb53a76971c8a1dce",64,600,33,29,10,"red",3839
"6604664cb53a76971c8a1dce",65,400,14,13,10,"red",4842
"6604664cb53a76971c8a1dce",66,600,30,27,20,"red",4593
"6604664cb53a76971c8a1dce",67,400,31,25,10,"red",5925
"6604664cb53a76971c8a1dce",68,400,14,11,10,"red",6289
"6604664cb53a76971c8a1dce",70,400,28,16,2,"blue",7260
"6604664cb53a76971c8a1dce",71,600,31,24,10,"blue",5807
"6604664cb53a76971c8a1dce",72,600,35,22,20,"blue",5292
"6604664cb53a76971c8a1dce",73,600,34,30,2,"blue",5660
"6604664cb53a76971c8a1dce",74,600,22,19,20,"blue",7440
"6604664cb53a76971c8a1dce",75,600,30,20,2,"blue",4557
"6604664cb53a76971c8a1dce",77,600,23,9,2,"blue",3957
"6604664cb53a76971c8a1dce",78,400,32,19,2,"blue",4707
"6604664cb53a76971c8a1dce",79,600,33,29,20,"blue",6777
"6604664cb53a76971c8a1dce",80,400,26,27,10,"blue",5727
"6604664cb53a76971c8a1dce",81,400,35,27,10,"blue",7605
"6604664cb53a76971c8a1dce",82,500,16,14,20,"blue",6161
"6604664cb53a76971c8a1dce",83,600,36,27,2,"blue",5491
"6604664cb53a76971c8a1dce",84,400,14,12,2,"blue",5090
"6604664cb53a76971c8a1dce",85,500,28,26,10,"blue",4092
"6604664cb53a76971c8a1dce",86,400,25,20,10,"blue",4677
"6604664cb53a76971c8a1dce",87,400,29,26,10,"blue",4024
"6604664cb53a76971c8a1dce",88,600,27,19,20,"blue",5475
"6604664cb53a76971c8a1dce",89,600,36,31,10,"blue",5111
"6604664cb53a76971c8a1dce",90,600,34,29,20,"blue",4657
"6604664cb53a76971c8a1dce",91,500,21,17,2,"blue",7130
"6604664cb53a76971c8a1dce",92,400,15,14,20,"blue",5741
"6604664cb53a76971c8a1dce",93,400,26,19,10,"blue",3271
"6604664cb53a76971c8a1dce",94,600,17,15,20,"blue",4492
"6604664cb53a76971c8a1dce",95,600,17,11,20,"blue",4810
"6604664cb53a76971c8a1dce",96,500,26,15,10,"blue",4206
"6604664cb53a76971c8a1dce",97,500,16,16,20,"blue",7792
"6604664cb53a76971c8a1dce",98,600,30,19,20,"blue",4158
"6604664cb53a76971c8a1dce",99,500,20,15,2,"blue",4400
"6604664cb53a76971c8a1dce",100,400,35,26,20,"blue",4704
"6604664cb53a76971c8a1dce",101,400,21,12,2,"blue",4305
"6604664cb53a76971c8a1dce",102,500,25,14,10,"blue",5375
"6604664cb53a76971c8a1dce",103,500,14,9,2,"blue",5775
"6604664cb53a76971c8a1dce",104,600,26,19,10,"blue",3525
"6604664cb53a76971c8a1dce",105,400,17,14,2,"blue",5075
"6604664cb53a76971c8a1dce",106,600,15,12,10,"blue",5459
"6604664cb53a76971c8a1dce",107,600,14,7,10,"blue",5341
"6604664cb53a76971c8a1dce",108,400,32,28,10,"blue",4528
"6604664cb53a76971c8a1dce",109,400,15,10,2,"blue",5124
"6604664cb53a76971c8a1dce",110,600,20,21,20,"blue",2939
"6604664cb53a76971c8a1dce",111,600,17,13,2,"blue",4628
"6604664cb53a76971c8a1dce",112,400,15,12,2,"blue",6441
"6604664cb53a76971c8a1dce",113,400,19,14,10,"blue",4723
"6604664cb53a76971c8a1dce",114,400,31,22,20,"blue",4657
"6604664cb53a76971c8a1dce",115,400,28,21,10,"blue",4375
"6604664cb53a76971c8a1dce",116,600,28,24,20,"blue",4742
"662613a0c132844f74a62143",21,500,35,26,20,"red",1662
"662613a0c132844f74a62143",22,600,36,28,2,"red",2367
"662613a0c132844f74a62143",23,600,25,19,10,"red",1755
"662613a0c132844f74a62143",24,400,28,23,20,"red",1373
"662613a0c132844f74a62143",25,400,31,26,20,"red",1030
"662613a0c132844f74a62143",26,500,19,13,2,"red",1978
"662613a0c132844f74a62143",27,500,33,35,10,"red",2020
"662613a0c132844f74a62143",28,600,30,24,2,"red",2071
"662613a0c132844f74a62143",29,600,36,27,20,"red",1621
"662613a0c132844f74a62143",30,500,22,17,2,"red",2046
"662613a0c132844f74a62143",31,400,22,22,10,"red",2047
"662613a0c132844f74a62143",32,400,15,18,10,"red",1519
"662613a0c132844f74a62143",33,600,27,21,2,"red",3707
"662613a0c132844f74a62143",34,500,30,25,20,"red",3089
"662613a0c132844f74a62143",35,400,25,24,20,"red",3670
"662613a0c132844f74a62143",36,400,36,31,2,"red",3497
"662613a0c132844f74a62143",37,500,14,9,2,"red",3475
"662613a0c132844f74a62143",38,500,25,25,10,"red",2173
"662613a0c132844f74a62143",39,600,34,16,20,"red",2005
"662613a0c132844f74a62143",40,400,32,24,2,"red",2732
"662613a0c132844f74a62143",41,600,14,21,10,"red",3003
"662613a0c132844f74a62143",42,600,18,9,10,"red",3346
"662613a0c132844f74a62143",43,600,16,4,20,"red",2300
"662613a0c132844f74a62143",44,600,25,7,10,"red",2416
"662613a0c132844f74a62143",45,400,19,5,20,"red",1493
"662613a0c132844f74a62143",46,400,29,12,10,"red",2165
"662613a0c132844f74a62143",47,400,36,26,10,"red",1946
"662613a0c132844f74a62143",48,500,24,24,20,"red",2167
"662613a0c132844f74a62143",49,400,35,28,10,"red",1971
"662613a0c132844f74a62143",50,400,31,24,2,"red",4065
"662613a0c132844f74a62143",51,400,35,36,2,"red",2727
"662613a0c132844f74a62143",52,600,25,24,10,"red",1879
"662613a0c132844f74a62143",54,600,15,6,20,"red",1606
"662613a0c132844f74a62143",55,400,28,13,20,"red",2419
"662613a0c132844f74a62143",56,600,17,7,10,"red",2101
"662613a0c132844f74a62143",57,500,29,21,20,"red",3241
"662613a0c132844f74a62143",59,400,19,19,2,"red",3461
"662613a0c132844f74a62143",60,600,14,9,20,"red",1404
"662613a0c132844f74a62143",61,500,33,30,2,"red",2027
"662613a0c132844f74a62143",62,600,33,34,10,"red",1479
"662613a0c132844f74a62143",63,500,26,18,20,"red",2151
"662613a0c132844f74a62143",64,600,27,18,2,"red",3682
"662613a0c132844f74a62143",65,600,19,17,2,"red",2529
"662613a0c132844f74a62143",67,500,31,28,20,"red",2454
"662613a0c132844f74a62143",68,600,27,32,10,"red",2125
"662613a0c132844f74a62143",69,500,32,24,2,"blue",2108
"662613a0c132844f74a62143",70,400,18,12,2,"blue",1413
"662613a0c132844f74a62143",71,400,20,14,2,"blue",1421
"662613a0c132844f74a62143",72,500,15,10,2,"blue",1600
"662613a0c132844f74a62143",73,500,21,15,20,"blue",1192
"662613a0c132844f74a62143",74,500,24,11,20,"blue",1671
"662613a0c132844f74a62143",75,400,32,15,2,"blue",3874
"662613a0c132844f74a62143",76,500,22,21,2,"blue",3597
"662613a0c132844f74a62143",77,600,20,19,20,"blue",2962
"662613a0c132844f74a62143",78,500,17,20,10,"blue",3798
"662613a0c132844f74a62143",79,600,20,9,20,"blue",2318
"662613a0c132844f74a62143",80,600,24,17,20,"blue",2261
"662613a0c132844f74a62143",81,600,28,13,20,"blue",1763
"662613a0c132844f74a62143",82,600,36,34,10,"blue",2336
"662613a0c132844f74a62143",83,500,28,27,10,"blue",1299
"662613a0c132844f74a62143",84,400,33,31,20,"blue",1738
"662613a0c132844f74a62143",85,500,28,21,10,"blue",2217
"662613a0c132844f74a62143",86,600,35,25,10,"blue",1722
"662613a0c132844f74a62143",87,600,34,27,20,"blue",1598
"662613a0c132844f74a62143",88,500,34,20,10,"blue",1681
"662613a0c132844f74a62143",89,400,34,27,2,"blue",1991
"662613a0c132844f74a62143",90,600,33,22,2,"blue",1581
"662613a0c132844f74a62143",91,400,15,14,10,"blue",2030
"662613a0c132844f74a62143",92,600,18,10,20,"blue",2297
"662613a0c132844f74a62143",93,400,30,14,2,"blue",2407
"662613a0c132844f74a62143",94,500,17,13,10,"blue",1787
"662613a0c132844f74a62143",95,600,27,9,2,"blue",1781
"662613a0c132844f74a62143",96,600,22,14,10,"blue",1679
"662613a0c132844f74a62143",97,400,33,24,20,"blue",2192
"662613a0c132844f74a62143",98,500,36,26,2,"blue",1429
"662613a0c132844f74a62143",99,500,28,15,2,"blue",1294
"662613a0c132844f74a62143",100,500,21,18,10,"blue",1517
"662613a0c132844f74a62143",101,500,31,26,10,"blue",1349
"662613a0c132844f74a62143",102,400,27,25,20,"blue",2941
"662613a0c132844f74a62143",103,400,16,13,2,"blue",1415
"662613a0c132844f74a62143",104,600,20,17,10,"blue",1866
"662613a0c132844f74a62143",105,400,35,20,2,"blue",3407
"662613a0c132844f74a62143",106,400,23,20,20,"blue",4455
"662613a0c132844f74a62143",107,600,21,16,10,"blue",2057
"662613a0c132844f74a62143",108,500,34,17,20,"blue",2133
"662613a0c132844f74a62143",109,500,17,10,2,"blue",1923
"662613a0c132844f74a62143",110,400,24,12,10,"blue",2545
"662613a0c132844f74a62143",111,500,33,23,20,"blue",2479
"662613a0c132844f74a62143",112,400,19,23,10,"blue",3677
"662613a0c132844f74a62143",113,600,35,33,10,"blue",1887
"662613a0c132844f74a62143",114,600,15,11,20,"blue",2354
"662613a0c132844f74a62143",115,500,19,8,20,"blue",1106
"662613a0c132844f74a62143",116,600,31,14,2,"blue",2381
"6627e29477d23bd171a6728a",22,400,29,19,20,"red",4574
"6627e29477d23bd171a6728a",23,400,21,12,20,"red",4454
"6627e29477d23bd171a6728a",24,500,15,9,20,"red",2406
"6627e29477d23bd171a6728a",25,500,24,17,2,"red",3389
"6627e29477d23bd171a6728a",26,400,26,20,20,"red",2496
"6627e29477d23bd171a6728a",27,400,23,18,2,"red",3094
"6627e29477d23bd171a6728a",28,500,25,23,10,"red",2126
"6627e29477d23bd171a6728a",29,600,18,13,10,"red",3046
"6627e29477d23bd171a6728a",30,600,32,23,10,"red",2619
"6627e29477d23bd171a6728a",31,500,20,16,20,"red",1983
"6627e29477d23bd171a6728a",32,400,21,14,10,"red",2051
"6627e29477d23bd171a6728a",33,600,26,15,10,"red",2390
"6627e29477d23bd171a6728a",34,600,24,15,20,"red",3420
"6627e29477d23bd171a6728a",35,600,18,12,2,"red",1994
"6627e29477d23bd171a6728a",36,500,36,15,20,"red",2267
"6627e29477d23bd171a6728a",37,500,20,18,10,"red",2952
"6627e29477d23bd171a6728a",38,400,32,11,2,"red",4324
"6627e29477d23bd171a6728a",39,400,24,14,2,"red",2101
"6627e29477d23bd171a6728a",40,400,31,20,2,"red",2766
"6627e29477d23bd171a6728a",41,500,34,30,10,"red",2678
"6627e29477d23bd171a6728a",42,600,26,22,10,"red",2350
"6627e29477d23bd171a6728a",43,400,19,18,20,"red",5337
"6627e29477d23bd171a6728a",44,600,16,17,10,"red",3196
"6627e29477d23bd171a6728a",46,400,19,17,20,"red",2902
"6627e29477d23bd171a6728a",47,400,23,16,10,"red",5044
"6627e29477d23bd171a6728a",48,500,17,14,20,"red",3233
"6627e29477d23bd171a6728a",49,400,22,15,10,"red",2262
"6627e29477d23bd171a6728a",50,600,35,26,2,"red",2708
"6627e29477d23bd171a6728a",51,600,20,12,2,"red",2262
"6627e29477d23bd171a6728a",52,400,33,20,2,"red",2168
"6627e29477d23bd171a6728a",53,400,23,17,2,"red",1710
"6627e29477d23bd171a6728a",54,500,23,15,10,"red",3638
"6627e29477d23bd171a6728a",55,500,24,12,2,"red",2913
"6627e29477d23bd171a6728a",56,600,26,12,2,"red",3162
"6627e29477d23bd171a6728a",57,600,21,16,20,"red",2941
"6627e29477d23bd171a6728a",58,400,24,18,10,"red",2862
"6627e29477d23bd171a6728a",59,400,30,23,20,"red",3302
"6627e29477d23bd171a6728a",60,600,34,26,10,"red",2766
"6627e29477d23bd171a6728a",62,400,30,26,20,"red",4099
"6627e29477d23bd171a6728a",63,400,28,15,2,"red",3534
"6627e29477d23bd171a6728a",64,600,18,17,2,"red",2325
"6627e29477d23bd171a6728a",65,500,31,23,20,"red",2974
"6627e29477d23bd171a6728a",67,500,15,12,20,"red",3630
"6627e29477d23bd171a6728a",68,400,30,21,2,"red",3171
"6627e29477d23bd171a6728a",69,400,30,22,20,"blue",2989
"6627e29477d23bd171a6728a",70,500,35,37,2,"blue",2565
"6627e29477d23bd171a6728a",71,400,21,21,2,"blue",2906
"6627e29477d23bd171a6728a",72,400,22,16,2,"blue",2254
"6627e29477d23bd171a6728a",73,400,36,25,10,"blue",2626
"6627e29477d23bd171a6728a",74,600,18,13,10,"blue",2831
"6627e29477d23bd171a6728a",75,600,27,18,10,"blue",4031
"6627e29477d23bd171a6728a",76,400,14,9,2,"blue",2242
"6627e29477d23bd171a6728a",77,600,30,18,20,"blue",5098
"6627e29477d23bd171a6728a",78,600,35,31,20,"blue",5439
"6627e29477d23bd171a6728a",79,600,20,16,10,"blue",3110
"6627e29477d23bd171a6728a",80,500,16,13,10,"blue",3138
"6627e29477d23bd171a6728a",81,600,36,22,2,"blue",3526
"6627e29477d23bd171a6728a",82,400,15,11,2,"blue",2741
"6627e29477d23bd171a6728a",83,500,20,16,20,"blue",1992
"6627e29477d23bd171a6728a",84,500,22,23,10,"blue",1525
"6627e29477d23bd171a6728a",85,600,14,10,20,"blue",3730
"6627e29477d23bd171a6728a",86,400,35,33,10,"blue",2097
"6627e29477d23bd171a6728a",87,600,35,20,10,"blue",1791
"6627e29477d23bd171a6728a",88,500,16,11,20,"blue",2534
"6627e29477d23bd171a6728a",89,500,32,18,20,"blue",2822
"6627e29477d23bd171a6728a",90,400,22,19,10,"blue",1969
"6627e29477d23bd171a6728a",91,500,32,21,2,"blue",2955
"6627e29477d23bd171a6728a",92,600,29,20,20,"blue",2318
"6627e29477d23bd171a6728a",93,600,24,15,20,"blue",2015
"6627e29477d23bd171a6728a",94,500,19,15,2,"blue",2000
"6627e29477d23bd171a6728a",95,600,20,21,20,"blue",1507
"6627e29477d23bd171a6728a",96,500,17,15,20,"blue",2253
"6627e29477d23bd171a6728a",97,600,30,19,20,"blue",1743
"6627e29477d23bd171a6728a",98,600,36,14,2,"blue",2671
"6627e29477d23bd171a6728a",99,500,29,21,10,"blue",2774
"6627e29477d23bd171a6728a",100,400,26,17,2,"blue",1766
"6627e29477d23bd171a6728a",101,600,33,29,10,"blue",4144
"6627e29477d23bd171a6728a",102,400,25,19,2,"blue",4428
"6627e29477d23bd171a6728a",103,400,27,23,10,"blue",2550
"6627e29477d23bd171a6728a",104,500,36,27,2,"blue",3271
"6627e29477d23bd171a6728a",105,400,21,18,20,"blue",2852
"6627e29477d23bd171a6728a",106,400,22,23,10,"blue",1739
"6627e29477d23bd171a6728a",107,400,20,14,2,"blue",1863
"6627e29477d23bd171a6728a",108,600,24,16,20,"blue",1436
"6627e29477d23bd171a6728a",109,600,29,24,20,"blue",1823
"6627e29477d23bd171a6728a",110,600,14,14,10,"blue",2082
"6627e29477d23bd171a6728a",111,600,32,16,10,"blue",2075
"6627e29477d23bd171a6728a",112,400,14,17,10,"blue",2902
"6627e29477d23bd171a6728a",113,500,32,26,20,"blue",2014
"6627e29477d23bd171a6728a",114,400,21,20,2,"blue",3131
"6627e29477d23bd171a6728a",115,400,36,30,2,"blue",2140
"6627e29477d23bd171a6728a",116,500,14,14,2,"blue",2015
"667871d17d7fdf0358f82a28",21,400,28,15,2,"blue",4644
"667871d17d7fdf0358f82a28",22,400,33,21,2,"blue",4686
"667871d17d7fdf0358f82a28",23,400,33,24,2,"blue",4622
"667871d17d7fdf0358f82a28",25,600,24,11,20,"blue",3445
"667871d17d7fdf0358f82a28",26,400,19,15,20,"blue",3521
"667871d17d7fdf0358f82a28",27,500,15,12,2,"blue",2142
"667871d17d7fdf0358f82a28",28,500,27,23,10,"blue",3006
"667871d17d7fdf0358f82a28",29,600,19,18,20,"blue",3733
"667871d17d7fdf0358f82a28",30,600,26,21,20,"blue",3046
"667871d17d7fdf0358f82a28",31,500,34,25,10,"blue",4666
"667871d17d7fdf0358f82a28",33,400,14,6,10,"blue",2182
"667871d17d7fdf0358f82a28",34,600,15,9,10,"blue",2845
"667871d17d7fdf0358f82a28",35,400,23,0,20,"blue",1963
"667871d17d7fdf0358f82a28",36,400,31,16,10,"blue",3836
"667871d17d7fdf0358f82a28",37,600,16,13,2,"blue",2454
"667871d17d7fdf0358f82a28",39,600,34,26,20,"blue",4625
"667871d17d7fdf0358f82a28",40,400,35,15,2,"blue",3773
"667871d17d7fdf0358f82a28",41,500,30,11,2,"blue",2646
"667871d17d7fdf0358f82a28",42,400,28,16,20,"blue",3348
"667871d17d7fdf0358f82a28",43,400,24,15,20,"blue",1865
"667871d17d7fdf0358f82a28",44,600,19,9,2,"blue",2321
"667871d17d7fdf0358f82a28",45,400,15,12,2,"blue",1966
"667871d17d7fdf0358f82a28",46,600,26,17,2,"blue",1839
"667871d17d7fdf0358f82a28",47,500,24,20,10,"blue",2007
"667871d17d7fdf0358f82a28",48,500,34,28,2,"blue",2139
"667871d17d7fdf0358f82a28",49,400,22,22,10,"blue",2147
"667871d17d7fdf0358f82a28",50,500,14,16,10,"blue",1833
"667871d17d7fdf0358f82a28",51,600,26,22,2,"blue",1724
"667871d17d7fdf0358f82a28",52,500,23,18,2,"blue",2451
"667871d17d7fdf0358f82a28",53,600,24,20,10,"blue",2033
"667871d17d7fdf0358f82a28",54,600,21,19,20,"blue",2374
"667871d17d7fdf0358f82a28",55,600,15,13,10,"blue",1483
"667871d17d7fdf0358f82a28",56,400,34,27,10,"blue",2030
"667871d17d7fdf0358f82a28",57,500,20,21,2,"blue",1916
"667871d17d7fdf0358f82a28",58,600,16,24,10,"blue",3212
"667871d17d7fdf0358f82a28",59,600,15,15,20,"blue",4402
"667871d17d7fdf0358f82a28",60,600,26,25,10,"blue",1327
"667871d17d7fdf0358f82a28",61,400,27,16,20,"blue",1039
"667871d17d7fdf0358f82a28",62,600,33,30,10,"blue",2659
"667871d17d7fdf0358f82a28",63,600,14,13,10,"blue",1437
"667871d17d7fdf0358f82a28",64,500,30,28,20,"blue",1478
"667871d17d7fdf0358f82a28",65,600,14,5,20,"blue",2000
"667871d17d7fdf0358f82a28",66,500,15,7,2,"blue",1537
"667871d17d7fdf0358f82a28",67,400,20,16,20,"blue",1655
"667871d17d7fdf0358f82a28",68,400,28,25,10,"blue",1680
"667871d17d7fdf0358f82a28",69,400,19,15,20,"red",2731
"667871d17d7fdf0358f82a28",70,600,20,20,10,"red",1306
"667871d17d7fdf0358f82a28",71,500,27,21,10,"red",1198
"667871d17d7fdf0358f82a28",72,600,16,9,2,"red",1414
"667871d17d7fdf0358f82a28",73,500,22,14,20,"red",1774
"667871d17d7fdf0358f82a28",74,400,21,11,2,"red",1316
"667871d17d7fdf0358f82a28",75,600,35,25,2,"red",2068
"667871d17d7fdf0358f82a28",76,500,16,16,2,"red",2087
"667871d17d7fdf0358f82a28",77,400,36,28,20,"red",1734
"667871d17d7fdf0358f82a28",78,400,15,8,20,"red",3589
"667871d17d7fdf0358f82a28",79,600,27,22,2,"red",1543
"667871d17d7fdf0358f82a28",80,600,14,7,20,"red",1277
"667871d17d7fdf0358f82a28",81,600,19,11,10,"red",1428
"667871d17d7fdf0358f82a28",82,600,29,25,2,"red",1295
"667871d17d7fdf0358f82a28",83,500,29,24,20,"red",1345
"667871d17d7fdf0358f82a28",84,500,16,8,10,"red",1696
"667871d17d7fdf0358f82a28",85,500,26,20,2,"red",2134
"667871d17d7fdf0358f82a28",86,600,34,21,2,"red",2208
"667871d17d7fdf0358f82a28",87,400,31,21,2,"red",1955
"667871d17d7fdf0358f82a28",88,400,29,30,20,"red",3115
"667871d17d7fdf0358f82a28",89,600,35,32,20,"red",3266
"667871d17d7fdf0358f82a28",90,400,30,24,10,"red",1403
"667871d17d7fdf0358f82a28",91,600,20,17,10,"red",1493
"667871d17d7fdf0358f82a28",92,400,36,20,10,"red",1556
"667871d17d7fdf0358f82a28",93,400,17,11,10,"red",1270
"667871d17d7fdf0358f82a28",94,500,17,12,20,"red",2127
"667871d17d7fdf0358f82a28",95,500,32,22,2,"red",1641
"667871d17d7fdf0358f82a28",96,500,34,30,2,"red",2502
"667871d17d7fdf0358f82a28",97,600,24,18,2,"red",1480
"667871d17d7fdf0358f82a28",98,600,21,14,2,"red",2812
"667871d17d7fdf0358f82a28",99,500,32,29,20,"red",2066
"667871d17d7fdf0358f82a28",100,500,24,15,10,"red",1963
"667871d17d7fdf0358f82a28",101,600,33,23,2,"red",1737
"667871d17d7fdf0358f82a28",102,600,28,24,20,"red",2094
"667871d17d7fdf0358f82a28",103,400,26,24,10,"red",1787
"667871d17d7fdf0358f82a28",104,400,26,28,10,"red",4123
"667871d17d7fdf0358f82a28",105,500,35,23,2,"red",1897
"667871d17d7fdf0358f82a28",106,600,35,28,20,"red",1753
"667871d17d7fdf0358f82a28",107,600,36,32,20,"red",2610
"667871d17d7fdf0358f82a28",108,400,26,26,10,"red",2134
"667871d17d7fdf0358f82a28",109,600,25,16,20,"red",1537
"667871d17d7fdf0358f82a28",110,400,20,10,2,"red",1639
"667871d17d7fdf0358f82a28",111,600,36,27,20,"red",1335
"667871d17d7fdf0358f82a28",112,400,31,27,10,"red",1986
"667871d17d7fdf0358f82a28",113,400,32,25,10,"red",2382
"667871d17d7fdf0358f82a28",114,500,16,3,10,"red",1706
"667871d17d7fdf0358f82a28",115,600,35,14,20,"red",1476
"667871d17d7fdf0358f82a28",116,400,30,25,10,"red",2204
"6683fb33cc602af8407e62e9",21,500,19,17,10,"blue",3969
"6683fb33cc602af8407e62e9",22,600,23,26,2,"blue",4079
"6683fb33cc602af8407e62e9",23,600,19,10,20,"blue",5161
"6683fb33cc602af8407e62e9",24,600,28,21,2,"blue",3596
"6683fb33cc602af8407e62e9",25,600,16,9,20,"blue",4677
"6683fb33cc602af8407e62e9",26,600,35,30,10,"blue",2480
"6683fb33cc602af8407e62e9",27,400,20,18,10,"blue",3377
"6683fb33cc602af8407e62e9",28,600,14,19,10,"blue",3838
"6683fb33cc602af8407e62e9",29,500,36,35,2,"blue",3072
"6683fb33cc602af8407e62e9",30,500,30,23,10,"blue",4283
"6683fb33cc602af8407e62e9",31,600,27,19,20,"blue",3654
"6683fb33cc602af8407e62e9",32,500,36,29,2,"blue",3601
"6683fb33cc602af8407e62e9",33,400,18,19,2,"blue",3713
"6683fb33cc602af8407e62e9",34,400,32,25,2,"blue",3073
"6683fb33cc602af8407e62e9",35,500,33,32,2,"blue",2412
"6683fb33cc602af8407e62e9",36,400,36,39,20,"blue",3160
"6683fb33cc602af8407e62e9",37,500,35,30,20,"blue",3793
"6683fb33cc602af8407e62e9",38,400,25,23,2,"blue",3840
"6683fb33cc602af8407e62e9",39,600,18,13,20,"blue",4445
"6683fb33cc602af8407e62e9",40,500,18,20,10,"blue",3239
"6683fb33cc602af8407e62e9",41,600,22,22,2,"blue",4510
"6683fb33cc602af8407e62e9",42,400,22,19,10,"blue",3063
"6683fb33cc602af8407e62e9",43,500,34,34,20,"blue",2698
"6683fb33cc602af8407e62e9",44,600,31,22,20,"blue",3836
"6683fb33cc602af8407e62e9",45,500,26,22,10,"blue",3233
"6683fb33cc602af8407e62e9",46,600,31,21,20,"blue",2748
"6683fb33cc602af8407e62e9",47,600,15,14,2,"blue",3831
"6683fb33cc602af8407e62e9",48,600,27,28,10,"blue",3426
"6683fb33cc602af8407e62e9",49,400,15,17,10,"blue",2306
"6683fb33cc602af8407e62e9",50,500,26,17,20,"blue",2781
"6683fb33cc602af8407e62e9",51,400,24,22,2,"blue",2029
"6683fb33cc602af8407e62e9",52,600,26,19,20,"blue",3511
"6683fb33cc602af8407e62e9",53,500,28,21,20,"blue",3307
"6683fb33cc602af8407e62e9",54,600,27,19,20,"blue",3454
"6683fb33cc602af8407e62e9",55,400,34,28,10,"blue",2831
"6683fb33cc602af8407e62e9",56,400,31,20,20,"blue",2986
"6683fb33cc602af8407e62e9",57,500,32,25,10,"blue",2926
"6683fb33cc602af8407e62e9",58,600,30,35,10,"blue",3427
"6683fb33cc602af8407e62e9",59,500,27,28,2,"blue",1862
"6683fb33cc602af8407e62e9",60,500,20,18,2,"blue",3167
"6683fb33cc602af8407e62e9",61,400,32,27,20,"blue",3697
"6683fb33cc602af8407e62e9",62,500,14,10,2,"blue",4050
"6683fb33cc602af8407e62e9",63,400,22,19,2,"blue",2860
"6683fb33cc602af8407e62e9",64,400,21,22,2,"blue",2329
"6683fb33cc602af8407e62e9",65,500,35,34,10,"blue",2402
"6683fb33cc602af8407e62e9",66,400,19,13,10,"blue",3284
"6683fb33cc602af8407e62e9",67,600,28,25,20,"blue",2722
"6683fb33cc602af8407e62e9",68,600,21,21,10,"blue",2931
"6683fb33cc602af8407e62e9",69,600,15,12,2,"red",2625
"6683fb33cc602af8407e62e9",70,600,20,14,2,"red",2948
"6683fb33cc602af8407e62e9",71,600,20,19,2,"red",1933
"6683fb33cc602af8407e62e9",72,600,31,25,2,"red",2197
"6683fb33cc602af8407e62e9",73,500,18,16,2,"red",3278
"6683fb33cc602af8407e62e9",74,500,21,19,10,"red",3713
"6683fb33cc602af8407e62e9",75,400,22,18,2,"red",1980
"6683fb33cc602af8407e62e9",76,600,35,30,10,"red",3366
"6683fb33cc602af8407e62e9",77,500,17,12,20,"red",4340
"6683fb33cc602af8407e62e9",78,400,28,23,10,"red",2341
"6683fb33cc602af8407e62e9",79,600,18,10,20,"red",2933
"6683fb33cc602af8407e62e9",80,600,17,8,20,"red",4184
"6683fb33cc602af8407e62e9",81,400,14,10,2,"red",3306
"6683fb33cc602af8407e62e9",82,400,28,13,20,"red",3496
"6683fb33cc602af8407e62e9",83,400,35,26,10,"red",3864
"6683fb33cc602af8407e62e9",84,500,34,23,20,"red",2957
"6683fb33cc602af8407e62e9",85,400,30,27,2,"red",1941
"6683fb33cc602af8407e62e9",86,600,29,27,2,"red",1714
"6683fb33cc602af8407e62e9",87,400,31,26,10,"red",2212
"6683fb33cc602af8407e62e9",88,500,23,14,20,"red",3681
"6683fb33cc602af8407e62e9",89,600,30,24,10,"red",4133
"6683fb33cc602af8407e62e9",90,400,16,8,20,"red",2779
"6683fb33cc602af8407e62e9",91,500,31,33,10,"red",2048
"6683fb33cc602af8407e62e9",92,500,19,25,10,"red",2337
"6683fb33cc602af8407e62e9",93,400,36,34,2,"red",1794
"6683fb33cc602af8407e62e9",94,500,34,32,10,"red",2626
"6683fb33cc602af8407e62e9",95,500,21,23,2,"red",2559
"6683fb33cc602af8407e62e9",96,500,22,15,20,"red",3159
"6683fb33cc602af8407e62e9",97,400,18,18,10,"red",2877
"6683fb33cc602af8407e62e9",98,400,36,33,10,"red",2851
"6683fb33cc602af8407e62e9",99,400,23,19,10,"red",2778
"6683fb33cc602af8407e62e9",100,500,23,21,20,"red",4712
"6683fb33cc602af8407e62e9",101,400,20,15,20,"red",3057
"6683fb33cc602af8407e62e9",102,600,17,9,20,"red",2645
"6683fb33cc602af8407e62e9",103,600,23,18,2,"red",4172
"6683fb33cc602af8407e62e9",104,400,14,15,10,"red",2447
"6683fb33cc602af8407e62e9",105,600,19,19,20,"red",1829
"6683fb33cc602af8407e62e9",106,600,30,29,20,"red",2441
"6683fb33cc602af8407e62e9",107,600,15,14,2,"red",2496
"6683fb33cc602af8407e62e9",108,500,18,17,10,"red",4068
"6683fb33cc602af8407e62e9",109,500,31,26,2,"red",2729
"6683fb33cc602af8407e62e9",110,500,25,18,2,"red",1772
"6683fb33cc602af8407e62e9",111,500,36,29,2,"red",3564
"6683fb33cc602af8407e62e9",112,400,28,25,10,"red",3979
"6683fb33cc602af8407e62e9",113,500,33,28,10,"red",4994
"6683fb33cc602af8407e62e9",115,600,21,16,20,"red",4425
"6683fb33cc602af8407e62e9",116,500,26,16,20,"red",3918
"669eb709554e753adddffe01",21,600,23,19,2,"blue",1822
"669eb709554e753adddffe01",22,500,14,18,20,"blue",2261
"669eb709554e753adddffe01",23,600,21,24,2,"blue",1466
"669eb709554e753adddffe01",24,500,33,28,20,"blue",1643
"669eb709554e753adddffe01",25,600,32,23,2,"blue",1406
"669eb709554e753adddffe01",26,400,33,28,20,"blue",1506
"669eb709554e753adddffe01",27,500,34,21,2,"blue",1537
"669eb709554e753adddffe01",28,500,17,20,10,"blue",1876
"669eb709554e753adddffe01",29,600,14,20,10,"blue",2207
"669eb709554e753adddffe01",30,400,34,27,2,"blue",1828
"669eb709554e753adddffe01",31,500,16,24,10,"blue",2132
"669eb709554e753adddffe01",32,400,31,29,2,"blue",1199
"669eb709554e753adddffe01",33,400,23,28,2,"blue",1007
"669eb709554e753adddffe01",34,600,23,29,2,"blue",1599
"669eb709554e753adddffe01",35,400,35,30,2,"blue",1328
"669eb709554e753adddffe01",36,500,20,22,2,"blue",2186
"669eb709554e753adddffe01",37,600,21,13,2,"blue",1701
"669eb709554e753adddffe01",38,500,34,31,20,"blue",1886
"669eb709554e753adddffe01",39,600,36,36,10,"blue",1405
"669eb709554e753adddffe01",40,500,24,24,20,"blue",1448
"669eb709554e753adddffe01",41,600,35,29,20,"blue",1398
"669eb709554e753adddffe01",42,500,34,30,20,"blue",1446
"669eb709554e753adddffe01",43,400,26,30,10,"blue",1290
"669eb709554e753adddffe01",44,500,17,12,10,"blue",1307
"669eb709554e753adddffe01",45,600,28,30,10,"blue",1235
"669eb709554e753adddffe01",46,500,34,31,20,"blue",1193
"669eb709554e753adddffe01",47,400,22,23,10,"blue",1410
"669eb709554e753adddffe01",48,500,23,22,2,"blue",998
"669eb709554e753adddffe01",49,600,21,13,2,"blue",1550
"669eb709554e753adddffe01",50,400,32,28,10,"blue",1066
"669eb709554e753adddffe01",51,500,28,26,20,"blue",1891
"669eb709554e753adddffe01",52,400,26,23,10,"blue",1317
"669eb709554e753adddffe01",53,500,29,21,2,"blue",1476
"669eb709554e753adddffe01",54,600,36,19,2,"blue",2369
"669eb709554e753adddffe01",55,500,18,12,20,"blue",1885
"669eb709554e753adddffe01",56,500,33,26,20,"blue",1745
"669eb709554e753adddffe01",57,600,17,19,10,"blue",1537
"669eb709554e753adddffe01",58,600,19,12,20,"blue",1326
"669eb709554e753adddffe01",59,500,17,11,20,"blue",2873
"669eb709554e753adddffe01",60,500,20,12,10,"blue",3097
"669eb709554e753adddffe01",61,600,28,29,20,"blue",1494
"669eb709554e753adddffe01",64,500,20,15,10,"blue",1462
"669eb709554e753adddffe01",65,500,25,20,20,"blue",1400
"669eb709554e753adddffe01",66,600,14,13,10,"blue",906
"669eb709554e753adddffe01",67,400,23,27,10,"blue",1029
"669eb709554e753adddffe01",68,400,20,23,20,"blue",1181
"669eb709554e753adddffe01",69,500,35,29,10,"red",1682
"669eb709554e753adddffe01",70,500,18,10,2,"red",1562
"669eb709554e753adddffe01",71,500,20,23,10,"red",1581
"669eb709554e753adddffe01",72,600,24,26,20,"red",2147
"669eb709554e753adddffe01",73,400,16,12,2,"red",2462
"669eb709554e753adddffe01",74,500,33,24,10,"red",1710
"669eb709554e753adddffe01",75,400,26,18,2,"red",1837
"669eb709554e753adddffe01",76,500,36,28,20,"red",2101
"669eb709554e753adddffe01",77,500,34,25,10,"red",1605
"669eb709554e753adddffe01",78,500,29,24,20,"red",1798
"669eb709554e753adddffe01",79,400,33,26,2,"red",1292
"669eb709554e753adddffe01",80,600,15,8,20,"red",2128
"669eb709554e753adddffe01",81,400,35,25,2,"red",2194
"669eb709554e753adddffe01",83,400,26,14,2,"red",1605
"669eb709554e753adddffe01",84,500,18,10,2,"red",1902
"669eb709554e753adddffe01",85,600,22,15,10,"red",1294
"669eb709554e753adddffe01",86,600,29,20,10,"red",1201
"669eb709554e753adddffe01",87,500,23,23,20,"red",1922
"669eb709554e753adddffe01",88,400,26,23,2,"red",1378
"669eb709554e753adddffe01",89,400,19,17,10,"red",1534
"669eb709554e753adddffe01",90,600,32,19,2,"red",1727
"669eb709554e753adddffe01",91,500,27,25,10,"red",1421
"669eb709554e753adddffe01",92,400,22,17,10,"red",1189
"669eb709554e753adddffe01",93,500,22,23,10,"red",1820
"669eb709554e753adddffe01",94,500,26,24,20,"red",1009
"669eb709554e753adddffe01",95,400,30,29,20,"red",1114
"669eb709554e753adddffe01",96,500,24,17,2,"red",1739
"669eb709554e753adddffe01",97,400,35,25,2,"red",1765
"669eb709554e753adddffe01",98,600,15,17,10,"red",1101
"669eb709554e753adddffe01",99,500,33,22,20,"red",2022
"669eb709554e753adddffe01",100,600,34,24,2,"red",1294
"669eb709554e753adddffe01",101,500,34,29,2,"red",1649
"669eb709554e753adddffe01",102,600,27,33,10,"red",2828
"669eb709554e753adddffe01",104,400,18,12,2,"red",1332
"669eb709554e753adddffe01",105,500,27,28,10,"red",1506
"669eb709554e753adddffe01",106,400,32,29,20,"red",1595
"669eb709554e753adddffe01",107,600,29,26,20,"red",1306
"669eb709554e753adddffe01",108,400,21,16,20,"red",955
"669eb709554e753adddffe01",110,600,25,20,20,"red",1104
"669eb709554e753adddffe01",111,400,20,22,20,"red",1096
"669eb709554e753adddffe01",112,600,21,19,20,"red",1051
"669eb709554e753adddffe01",113,400,30,21,2,"red",1716
"669eb709554e753adddffe01",114,600,36,30,2,"red",1414
"669eb709554e753adddffe01",115,500,35,37,10,"red",1094
"669eb709554e753adddffe01",116,400,17,13,20,"red",1712
"66a428de01ccbc61556d585b",21,400,27,20,2,"red",2211
"66a428de01ccbc61556d585b",22,500,34,30,10,"red",1819
"66a428de01ccbc61556d585b",23,500,15,20,10,"red",1947
"66a428de01ccbc61556d585b",24,400,27,28,2,"red",1570
"66a428de01ccbc61556d585b",25,400,31,26,20,"red",2172
"66a428de01ccbc61556d585b",26,500,21,15,20,"red",2689
"66a428de01ccbc61556d585b",27,500,28,22,2,"red",2415
"66a428de01ccbc61556d585b",28,400,18,17,20,"red",1661
"66a428de01ccbc61556d585b",29,600,19,14,2,"red",1399
"66a428de01ccbc61556d585b",30,400,22,33,10,"red",1715
"66a428de01ccbc61556d585b",31,400,16,19,20,"red",1600
"66a428de01ccbc61556d585b",32,500,21,13,20,"red",1623
"66a428de01ccbc61556d585b",33,400,30,29,10,"red",1294
"66a428de01ccbc61556d585b",34,400,26,32,10,"red",1469
"66a428de01ccbc61556d585b",35,400,28,17,20,"red",1485
"66a428de01ccbc61556d585b",36,400,36,28,10,"red",1435
"66a428de01ccbc61556d585b",37,400,16,13,2,"red",2655
"66a428de01ccbc61556d585b",38,500,27,29,20,"red",1748
"66a428de01ccbc61556d585b",39,500,31,23,20,"red",2753
"66a428de01ccbc61556d585b",40,600,20,10,2,"red",1714
"66a428de01ccbc61556d585b",41,400,25,23,20,"red",1687
"66a428de01ccbc61556d585b",42,500,18,12,2,"red",1385
"66a428de01ccbc61556d585b",43,500,14,12,10,"red",1277
"66a428de01ccbc61556d585b",44,500,16,12,10,"red",1545
"66a428de01ccbc61556d585b",45,400,21,23,10,"red",1441
"66a428de01ccbc61556d585b",46,400,35,28,20,"red",1813
"66a428de01ccbc61556d585b",47,500,29,23,10,"red",1183
"66a428de01ccbc61556d585b",48,500,16,14,2,"red",1282
"66a428de01ccbc61556d585b",49,600,14,10,2,"red",1263
"66a428de01ccbc61556d585b",50,500,22,21,20,"red",1415
"66a428de01ccbc61556d585b",51,600,16,11,2,"red",1366
"66a428de01ccbc61556d585b",52,500,26,21,2,"red",1580
"66a428de01ccbc61556d585b",53,500,17,11,2,"red",1380
"66a428de01ccbc61556d585b",54,600,15,23,10,"red",1398
"66a428de01ccbc61556d585b",55,600,19,12,2,"red",1489
"66a428de01ccbc61556d585b",56,600,22,23,20,"red",1415
"66a428de01ccbc61556d585b",57,400,23,18,10,"red",1577
"66a428de01ccbc61556d585b",58,500,24,25,10,"red",1273
"66a428de01ccbc61556d585b",59,500,32,29,10,"red",1761
"66a428de01ccbc61556d585b",60,500,21,14,2,"red",1288
"66a428de01ccbc61556d585b",61,500,27,23,10,"red",1506
"66a428de01ccbc61556d585b",62,400,20,17,20,"red",1390
"66a428de01ccbc61556d585b",63,600,29,26,20,"red",2310
"66a428de01ccbc61556d585b",64,600,16,24,10,"red",1981
"66a428de01ccbc61556d585b",65,400,32,16,2,"red",1437
"66a428de01ccbc61556d585b",66,400,35,16,2,"red",1194
"66a428de01ccbc61556d585b",67,400,21,23,20,"red",1237
"66a428de01ccbc61556d585b",68,400,16,18,20,"red",1497
"66a428de01ccbc61556d585b",69,400,14,15,2,"blue",2212
"66a428de01ccbc61556d585b",70,600,36,29,2,"blue",1710
"66a428de01ccbc61556d585b",71,500,25,26,20,"blue",1932
"66a428de01ccbc61556d585b",72,600,25,22,10,"blue",1523
"66a428de01ccbc61556d585b",74,500,33,30,10,"blue",1799
"66a428de01ccbc61556d585b",75,600,14,16,20,"blue",2264
"66a428de01ccbc61556d585b",76,600,28,25,10,"blue",1769
"66a428de01ccbc61556d585b",77,500,15,17,10,"blue",1721
"66a428de01ccbc61556d585b",78,600,23,19,2,"blue",1077
"66a428de01ccbc61556d585b",79,500,25,13,2,"blue",1851
"66a428de01ccbc61556d585b",80,400,29,25,10,"blue",1680
"66a428de01ccbc61556d585b",81,500,20,20,20,"blue",2025
"66a428de01ccbc61556d585b",82,600,19,23,20,"blue",1530
"66a428de01ccbc61556d585b",83,500,35,30,20,"blue",3059
"66a428de01ccbc61556d585b",84,600,31,26,10,"blue",1424
"66a428de01ccbc61556d585b",85,600,23,14,2,"blue",1391
"66a428de01ccbc61556d585b",86,600,36,31,20,"blue",1723
"66a428de01ccbc61556d585b",87,400,28,19,2,"blue",1786
"66a428de01ccbc61556d585b",88,400,20,29,20,"blue",1469
"66a428de01ccbc61556d585b",89,600,15,17,20,"blue",2220
"66a428de01ccbc61556d585b",90,600,28,27,10,"blue",1893
"66a428de01ccbc61556d585b",91,400,21,19,10,"blue",1682
"66a428de01ccbc61556d585b",92,600,23,23,20,"blue",3062
"66a428de01ccbc61556d585b",93,500,28,20,10,"blue",1635
"66a428de01ccbc61556d585b",94,500,23,19,10,"blue",1463
"66a428de01ccbc61556d585b",95,400,27,20,10,"blue",1539
"66a428de01ccbc61556d585b",96,600,34,27,2,"blue",1682
"66a428de01ccbc61556d585b",97,400,14,21,20,"blue",1413
"66a428de01ccbc61556d585b",98,500,23,19,2,"blue",1483
"66a428de01ccbc61556d585b",99,500,20,23,2,"blue",2776
"66a428de01ccbc61556d585b",100,600,26,24,2,"blue",2209
"66a428de01ccbc61556d585b",101,400,20,26,10,"blue",2082
"66a428de01ccbc61556d585b",102,400,34,31,20,"blue",2085
"66a428de01ccbc61556d585b",103,400,24,20,2,"blue",1334
"66a428de01ccbc61556d585b",105,500,25,29,20,"blue",1687
"66a428de01ccbc61556d585b",106,500,29,30,20,"blue",1994
"66a428de01ccbc61556d585b",107,500,24,19,2,"blue",1853
"66a428de01ccbc61556d585b",108,600,18,17,2,"blue",1840
"66a428de01ccbc61556d585b",109,600,24,22,10,"blue",2016
"66a428de01ccbc61556d585b",110,600,16,14,10,"blue",1883
"66a428de01ccbc61556d585b",111,400,17,8,2,"blue",1961
"66a428de01ccbc61556d585b",112,600,22,25,10,"blue",1365
"66a428de01ccbc61556d585b",113,600,17,9,2,"blue",1384
"66a428de01ccbc61556d585b",114,600,36,26,20,"blue",2075
"66a428de01ccbc61556d585b",115,400,17,24,20,"blue",1918
"66a428de01ccbc61556d585b",116,500,29,26,20,"blue",1467
"66cc97280604bbb0c7bc71bd",21,600,25,15,2,"red",1920
"66cc97280604bbb0c7bc71bd",22,400,16,14,10,"red",2204
"66cc97280604bbb0c7bc71bd",23,400,18,12,20,"red",2018
"66cc97280604bbb0c7bc71bd",24,600,32,26,2,"red",2140
"66cc97280604bbb0c7bc71bd",25,500,26,19,2,"red",2122
"66cc97280604bbb0c7bc71bd",26,600,20,19,2,"red",1991
"66cc97280604bbb0c7bc71bd",27,600,23,14,10,"red",1974
"66cc97280604bbb0c7bc71bd",28,500,17,14,10,"red",1879
"66cc97280604bbb0c7bc71bd",29,400,14,11,2,"red",2020
"66cc97280604bbb0c7bc71bd",30,600,14,11,20,"red",1812
"66cc97280604bbb0c7bc71bd",31,600,18,9,10,"red",1761
"66cc97280604bbb0c7bc71bd",32,600,26,19,2,"red",2002
"66cc97280604bbb0c7bc71bd",33,500,28,21,20,"red",1858
"66cc97280604bbb0c7bc71bd",34,400,17,16,10,"red",1335
"66cc97280604bbb0c7bc71bd",35,400,32,23,2,"red",1394
"66cc97280604bbb0c7bc71bd",36,600,25,22,20,"red",1822
"66cc97280604bbb0c7bc71bd",37,400,29,24,10,"red",2244
"66cc97280604bbb0c7bc71bd",38,600,33,28,2,"red",2342
"66cc97280604bbb0c7bc71bd",39,500,23,22,20,"red",1795
"66cc97280604bbb0c7bc71bd",40,500,17,18,10,"red",1512
"66cc97280604bbb0c7bc71bd",41,400,29,22,2,"red",1594
"66cc97280604bbb0c7bc71bd",42,400,26,19,20,"red",1464
"66cc97280604bbb0c7bc71bd",43,600,28,20,2,"red",1250
"66cc97280604bbb0c7bc71bd",44,600,23,14,20,"red",2172
"66cc97280604bbb0c7bc71bd",45,400,31,27,10,"red",1260
"66cc97280604bbb0c7bc71bd",46,400,17,9,2,"red",1899
"66cc97280604bbb0c7bc71bd",47,500,30,18,20,"red",1597
"66cc97280604bbb0c7bc71bd",48,600,29,22,2,"red",1786
"66cc97280604bbb0c7bc71bd",49,600,14,17,10,"red",1947
"66cc97280604bbb0c7bc71bd",50,400,28,23,20,"red",2284
"66cc97280604bbb0c7bc71bd",51,600,26,13,10,"red",1482
"66cc97280604bbb0c7bc71bd",52,400,22,14,2,"red",2263
"66cc97280604bbb0c7bc71bd",53,600,16,15,2,"red",1695
"66cc97280604bbb0c7bc71bd",54,600,30,23,2,"red",1192
"66cc97280604bbb0c7bc71bd",55,400,26,25,10,"red",1586
"66cc97280604bbb0c7bc71bd",56,600,23,19,20,"red",1567
"66cc97280604bbb0c7bc71bd",57,600,31,26,10,"red",1812
"66cc97280604bbb0c7bc71bd",58,500,29,21,10,"red",1488
"66cc97280604bbb0c7bc71bd",59,500,18,12,10,"red",1182
"66cc97280604bbb0c7bc71bd",60,500,14,15,20,"red",1432
"66cc97280604bbb0c7bc71bd",61,400,24,18,10,"red",1592
"66cc97280604bbb0c7bc71bd",62,500,29,22,20,"red",1455
"66cc97280604bbb0c7bc71bd",63,600,18,15,10,"red",1614
"66cc97280604bbb0c7bc71bd",64,600,16,13,20,"red",1221
"66cc97280604bbb0c7bc71bd",65,500,29,21,20,"red",1902
"66cc97280604bbb0c7bc71bd",66,400,34,34,20,"red",1574
"66cc97280604bbb0c7bc71bd",67,500,34,24,20,"red",2330
"66cc97280604bbb0c7bc71bd",69,500,34,22,10,"blue",1442
"66cc97280604bbb0c7bc71bd",70,400,35,18,2,"blue",1264
"66cc97280604bbb0c7bc71bd",71,500,34,24,2,"blue",2207
"66cc97280604bbb0c7bc71bd",72,500,15,15,10,"blue",1598
"66cc97280604bbb0c7bc71bd",73,400,30,21,2,"blue",1561
"66cc97280604bbb0c7bc71bd",74,500,31,19,20,"blue",1733
"66cc97280604bbb0c7bc71bd",75,600,28,16,2,"blue",1324
"66cc97280604bbb0c7bc71bd",76,600,27,17,10,"blue",1834
"66cc97280604bbb0c7bc71bd",77,600,24,18,20,"blue",1776
"66cc97280604bbb0c7bc71bd",79,600,15,19,10,"blue",1475
"66cc97280604bbb0c7bc71bd",80,500,34,26,20,"blue",2121
"66cc97280604bbb0c7bc71bd",81,500,25,23,2,"blue",2178
"66cc97280604bbb0c7bc71bd",82,400,26,16,20,"blue",1770
"66cc97280604bbb0c7bc71bd",83,500,25,18,20,"blue",1620
"66cc97280604bbb0c7bc71bd",84,500,24,21,10,"blue",1452
"66cc97280604bbb0c7bc71bd",85,500,23,17,20,"blue",1261
"66cc97280604bbb0c7bc71bd",86,600,28,25,10,"blue",1251
"66cc97280604bbb0c7bc71bd",87,500,26,20,20,"blue",1886
"66cc97280604bbb0c7bc71bd",88,500,27,24,10,"blue",1587
"66cc97280604bbb0c7bc71bd",89,500,33,28,2,"blue",1415
"66cc97280604bbb0c7bc71bd",90,600,28,21,20,"blue",1621
"66cc97280604bbb0c7bc71bd",91,600,31,30,20,"blue",1452
"66cc97280604bbb0c7bc71bd",92,400,14,10,10,"blue",1457
"66cc97280604bbb0c7bc71bd",93,500,17,12,10,"blue",1277
"66cc97280604bbb0c7bc71bd",94,500,26,22,20,"blue",1408
"66cc97280604bbb0c7bc71bd",95,400,34,24,20,"blue",1160
"66cc97280604bbb0c7bc71bd",96,400,17,18,2,"blue",1413
"66cc97280604bbb0c7bc71bd",97,500,14,12,20,"blue",1573
"66cc97280604bbb0c7bc71bd",98,500,25,24,2,"blue",1409
"66cc97280604bbb0c7bc71bd",99,500,34,29,2,"blue",1125
"66cc97280604bbb0c7bc71bd",100,500,17,22,10,"blue",1474
"66cc97280604bbb0c7bc71bd",101,400,29,24,2,"blue",1340
"66cc97280604bbb0c7bc71bd",102,400,31,32,20,"blue",1241
"66cc97280604bbb0c7bc71bd",103,500,35,27,10,"blue",1706
"66cc97280604bbb0c7bc71bd",104,500,30,25,20,"blue",1345
"66cc97280604bbb0c7bc71bd",105,600,23,18,10,"blue",1953
"66cc97280604bbb0c7bc71bd",106,500,20,26,20,"blue",1350
"66cc97280604bbb0c7bc71bd",107,500,18,18,10,"blue",1081
"66cc97280604bbb0c7bc71bd",108,500,36,27,2,"blue",1630
"66cc97280604bbb0c7bc71bd",109,500,33,31,2,"blue",1336
"66cc97280604bbb0c7bc71bd",110,400,22,20,2,"blue",1580
"66cc97280604bbb0c7bc71bd",111,400,34,27,2,"blue",1240
"66cc97280604bbb0c7bc71bd",112,600,24,22,10,"blue",1217
"66cc97280604bbb0c7bc71bd",113,500,18,25,10,"blue",1190
"66cc97280604bbb0c7bc71bd",114,500,23,20,2,"blue",1044
"66cc97280604bbb0c7bc71bd",115,400,36,29,10,"blue",1382
"66cc97280604bbb0c7bc71bd",116,500,16,20,2,"blue",973
"66ccbb7d4109382e498e3c82",21,600,29,20,2,"blue",2859
"66ccbb7d4109382e498e3c82",22,500,16,11,2,"blue",2776
"66ccbb7d4109382e498e3c82",23,600,28,24,2,"blue",3372
"66ccbb7d4109382e498e3c82",24,400,34,23,20,"blue",3614
"66ccbb7d4109382e498e3c82",25,600,26,21,2,"blue",1890
"66ccbb7d4109382e498e3c82",26,600,24,14,20,"blue",2085
"66ccbb7d4109382e498e3c82",27,400,33,21,2,"blue",3599
"66ccbb7d4109382e498e3c82",28,400,24,20,10,"blue",3481
"66ccbb7d4109382e498e3c82",29,400,32,22,10,"blue",3857
"66ccbb7d4109382e498e3c82",30,400,20,13,2,"blue",2664
"66ccbb7d4109382e498e3c82",31,400,20,13,2,"blue",4970
"66ccbb7d4109382e498e3c82",32,600,20,10,2,"blue",3103
"66ccbb7d4109382e498e3c82",33,400,29,13,20,"blue",3480
"66ccbb7d4109382e498e3c82",34,500,22,12,2,"blue",2445
"66ccbb7d4109382e498e3c82",35,600,30,18,10,"blue",3048
"66ccbb7d4109382e498e3c82",36,600,35,26,10,"blue",2352
"66ccbb7d4109382e498e3c82",37,600,25,15,20,"blue",3258
"66ccbb7d4109382e498e3c82",38,600,32,17,20,"blue",2304
"66ccbb7d4109382e498e3c82",39,400,31,16,20,"blue",2489
"66ccbb7d4109382e498e3c82",40,400,19,7,20,"blue",2243
"66ccbb7d4109382e498e3c82",41,400,35,26,10,"blue",2403
"66ccbb7d4109382e498e3c82",42,600,24,13,10,"blue",2261
"66ccbb7d4109382e498e3c82",43,600,21,17,10,"blue",1830
"66ccbb7d4109382e498e3c82",44,600,34,20,20,"blue",3275
"66ccbb7d4109382e498e3c82",45,600,26,12,20,"blue",1479
"66ccbb7d4109382e498e3c82",46,500,22,11,20,"blue",2378
"66ccbb7d4109382e498e3c82",47,400,14,8,20,"blue",2178
"66ccbb7d4109382e498e3c82",48,600,29,25,10,"blue",1664
"66ccbb7d4109382e498e3c82",49,600,36,34,2,"blue",1828
"66ccbb7d4109382e498e3c82",50,400,21,19,2,"blue",2235
"66ccbb7d4109382e498e3c82",51,600,22,17,10,"blue",2155
"66ccbb7d4109382e498e3c82",52,600,14,8,20,"blue",3436
"66ccbb7d4109382e498e3c82",53,500,29,25,2,"blue",909
"66ccbb7d4109382e498e3c82",54,500,36,31,10,"blue",2074
"66ccbb7d4109382e498e3c82",55,500,21,20,10,"blue",1677
"66ccbb7d4109382e498e3c82",56,500,28,27,2,"blue",2311
"66ccbb7d4109382e498e3c82",57,600,31,16,20,"blue",2040
"66ccbb7d4109382e498e3c82",58,600,28,24,2,"blue",1140
"66ccbb7d4109382e498e3c82",59,400,30,20,10,"blue",1786
"66ccbb7d4109382e498e3c82",60,400,17,11,20,"blue",2376
"66ccbb7d4109382e498e3c82",61,500,28,25,2,"blue",2189
"66ccbb7d4109382e498e3c82",62,400,16,12,2,"blue",2744
"66ccbb7d4109382e498e3c82",63,600,26,21,10,"blue",2764
"66ccbb7d4109382e498e3c82",64,400,23,16,20,"blue",1746
"66ccbb7d4109382e498e3c82",65,500,20,14,10,"blue",1682
"66ccbb7d4109382e498e3c82",67,500,23,27,10,"blue",2125
"66ccbb7d4109382e498e3c82",68,600,35,31,20,"blue",2750
"66ccbb7d4109382e498e3c82",69,500,29,25,2,"red",2437
"66ccbb7d4109382e498e3c82",70,600,14,12,2,"red",1873
"66ccbb7d4109382e498e3c82",71,600,32,30,10,"red",1760
"66ccbb7d4109382e498e3c82",72,500,22,20,20,"red",2989
"66ccbb7d4109382e498e3c82",74,500,20,21,10,"red",2545
"66ccbb7d4109382e498e3c82",75,400,15,14,2,"red",1913
"66ccbb7d4109382e498e3c82",76,600,17,12,2,"red",2162
"66ccbb7d4109382e498e3c82",78,500,19,9,10,"red",2962
"66ccbb7d4109382e498e3c82",79,500,20,23,10,"red",2451
"66ccbb7d4109382e498e3c82",80,400,25,18,2,"red",2230
"66ccbb7d4109382e498e3c82",81,600,36,29,2,"red",2468
"66ccbb7d4109382e498e3c82",82,500,27,23,2,"red",1883
"66ccbb7d4109382e498e3c82",83,500,29,26,2,"red",1295
"66ccbb7d4109382e498e3c82",84,400,15,12,20,"red",1879
"66ccbb7d4109382e498e3c82",85,500,24,16,20,"red",2028
"66ccbb7d4109382e498e3c82",86,500,35,27,2,"red",1638
"66ccbb7d4109382e498e3c82",87,600,28,27,20,"red",3046
"66ccbb7d4109382e498e3c82",88,400,16,18,20,"red",3581
"66ccbb7d4109382e498e3c82",89,600,21,12,2,"red",2319
"66ccbb7d4109382e498e3c82",92,600,20,14,10,"red",2735
"66ccbb7d4109382e498e3c82",93,400,15,7,20,"red",1606
"66ccbb7d4109382e498e3c82",94,500,35,32,10,"red",2423
"66ccbb7d4109382e498e3c82",95,600,22,25,20,"red",2398
"66ccbb7d4109382e498e3c82",96,600,15,17,10,"red",2158
"66ccbb7d4109382e498e3c82",97,500,35,16,2,"red",5200
"66ccbb7d4109382e498e3c82",98,500,28,27,20,"red",2719
"66ccbb7d4109382e498e3c82",99,400,24,20,20,"red",2552
"66ccbb7d4109382e498e3c82",100,400,32,26,10,"red",2371
"66ccbb7d4109382e498e3c82",101,500,34,28,2,"red",2519
"66ccbb7d4109382e498e3c82",102,600,19,15,2,"red",1552
"66ccbb7d4109382e498e3c82",104,400,35,32,20,"red",2254
"66ccbb7d4109382e498e3c82",105,500,15,11,20,"red",1705
"66ccbb7d4109382e498e3c82",106,500,26,20,10,"red",1267
"66ccbb7d4109382e498e3c82",107,400,28,25,10,"red",2277
"66ccbb7d4109382e498e3c82",108,400,32,26,20,"red",1223
"66ccbb7d4109382e498e3c82",109,600,16,16,10,"red",2397
"66ccbb7d4109382e498e3c82",110,400,17,9,20,"red",2543
"66ccbb7d4109382e498e3c82",111,400,31,31,10,"red",1993
"66ccbb7d4109382e498e3c82",112,500,18,14,20,"red",2651
"66ccbb7d4109382e498e3c82",113,600,23,10,20,"red",2547
"66ccbb7d4109382e498e3c82",114,400,34,28,2,"red",1239
"66ccbb7d4109382e498e3c82",115,500,26,25,10,"red",1870
"66ccbb7d4109382e498e3c82",116,400,28,23,10,"red",1350
"66f9a40196d53f05f2232cff",24,400,31,33,10,"blue",6500
"66f9a40196d53f05f2232cff",25,400,34,36,2,"blue",5301
"66f9a40196d53f05f2232cff",26,500,25,32,2,"blue",3815
"66f9a40196d53f05f2232cff",28,600,22,26,10,"blue",6602
"66f9a40196d53f05f2232cff",30,500,20,0,2,"blue",3558
"66f9a40196d53f05f2232cff",31,600,22,4,10,"blue",3243
"66f9a40196d53f05f2232cff",32,600,36,27,10,"blue",6603
"66f9a40196d53f05f2232cff",33,400,18,24,10,"blue",7396
"66f9a40196d53f05f2232cff",34,500,24,27,20,"blue",4579
"66f9a40196d53f05f2232cff",35,600,24,22,20,"blue",5608
"66f9a40196d53f05f2232cff",36,600,31,29,2,"blue",3515
"66f9a40196d53f05f2232cff",37,600,26,27,10,"blue",3086
"66f9a40196d53f05f2232cff",38,500,22,21,2,"blue",3595
"66f9a40196d53f05f2232cff",39,500,24,23,2,"blue",3739
"66f9a40196d53f05f2232cff",40,600,29,26,2,"blue",4080
"66f9a40196d53f05f2232cff",41,400,24,27,20,"blue",4122
"66f9a40196d53f05f2232cff",42,600,14,29,10,"blue",3766
"66f9a40196d53f05f2232cff",43,400,22,22,2,"blue",4039
"66f9a40196d53f05f2232cff",44,400,34,43,10,"blue",3370
"66f9a40196d53f05f2232cff",45,500,16,21,2,"blue",3631
"66f9a40196d53f05f2232cff",46,500,28,29,20,"blue",3534
"66f9a40196d53f05f2232cff",47,500,16,23,20,"blue",3413
"66f9a40196d53f05f2232cff",48,500,29,27,2,"blue",2423
"66f9a40196d53f05f2232cff",49,500,35,37,2,"blue",3844
"66f9a40196d53f05f2232cff",50,400,25,26,20,"blue",6736
"66f9a40196d53f05f2232cff",51,500,27,25,20,"blue",5704
"66f9a40196d53f05f2232cff",52,400,31,29,2,"blue",3542
"66f9a40196d53f05f2232cff",53,600,21,24,20,"blue",6053
"66f9a40196d53f05f2232cff",54,500,16,25,20,"blue",5846
"66f9a40196d53f05f2232cff",55,400,24,30,10,"blue",3380
"66f9a40196d53f05f2232cff",56,600,22,29,10,"blue",3099
"66f9a40196d53f05f2232cff",58,600,20,29,20,"blue",4047
"66f9a40196d53f05f2232cff",60,500,31,35,20,"blue",3558
"66f9a40196d53f05f2232cff",62,600,33,34,2,"blue",7273
"66f9a40196d53f05f2232cff",63,500,30,30,20,"blue",4902
"66f9a40196d53f05f2232cff",64,400,29,27,20,"blue",5688
"66f9a40196d53f05f2232cff",65,600,31,35,20,"blue",3771
"66f9a40196d53f05f2232cff",66,400,20,28,10,"blue",3584
"66f9a40196d53f05f2232cff",67,400,26,36,10,"blue",4079
"66f9a40196d53f05f2232cff",68,600,28,26,20,"blue",3640
"66f9a40196d53f05f2232cff",69,500,17,19,10,"red",7024
"66f9a40196d53f05f2232cff",70,500,32,33,2,"red",2804
"66f9a40196d53f05f2232cff",71,600,17,12,2,"red",5481
"66f9a40196d53f05f2232cff",72,500,21,26,10,"red",3743
"66f9a40196d53f05f2232cff",73,500,15,10,2,"red",5173
"66f9a40196d53f05f2232cff",74,600,20,25,20,"red",4753
"66f9a40196d53f05f2232cff",75,600,27,35,10,"red",5427
"66f9a40196d53f05f2232cff",76,500,36,42,2,"red",4139
"66f9a40196d53f05f2232cff",77,400,26,33,20,"red",4123
"66f9a40196d53f05f2232cff",78,600,20,11,2,"red",6200
"66f9a40196d53f05f2232cff",79,500,19,24,10,"red",4037
"66f9a40196d53f05f2232cff",80,500,34,29,2,"red",6166
"66f9a40196d53f05f2232cff",81,500,29,24,2,"red",3860
"66f9a40196d53f05f2232cff",83,600,18,20,20,"red",5550
"66f9a40196d53f05f2232cff",84,600,21,25,20,"red",4381
"66f9a40196d53f05f2232cff",85,600,23,20,2,"red",4856
"66f9a40196d53f05f2232cff",86,600,28,26,20,"red",3875
"66f9a40196d53f05f2232cff",87,600,22,20,20,"red",3895
"66f9a40196d53f05f2232cff",88,500,16,18,20,"red",5558
"66f9a40196d53f05f2232cff",89,500,18,14,10,"red",6387
"66f9a40196d53f05f2232cff",90,600,29,25,10,"red",3192
"66f9a40196d53f05f2232cff",91,400,32,28,10,"red",3188
"66f9a40196d53f05f2232cff",92,500,22,17,2,"red",5304
"66f9a40196d53f05f2232cff",93,600,16,15,2,"red",4725
"66f9a40196d53f05f2232cff",94,600,16,18,20,"red",5180
"66f9a40196d53f05f2232cff",95,500,24,26,20,"red",4404
"66f9a40196d53f05f2232cff",96,600,32,36,10,"red",4472
"66f9a40196d53f05f2232cff",97,400,26,34,2,"red",3437
"66f9a40196d53f05f2232cff",98,400,24,21,2,"red",3844
"66f9a40196d53f05f2232cff",99,400,22,27,20,"red",3755
"66f9a40196d53f05f2232cff",100,400,32,32,20,"red",2809
"66f9a40196d53f05f2232cff",101,500,26,27,2,"red",3754
"66f9a40196d53f05f2232cff",102,400,30,29,10,"red",3111
"66f9a40196d53f05f2232cff",103,400,26,29,10,"red",2935
"66f9a40196d53f05f2232cff",104,500,27,30,10,"red",3002
"66f9a40196d53f05f2232cff",105,500,29,28,20,"red",2791
"66f9a40196d53f05f2232cff",106,500,30,33,10,"red",2452
"66f9a40196d53f05f2232cff",107,400,30,30,10,"red",3782
"66f9a40196d53f05f2232cff",108,500,16,15,10,"red",6474
"66f9a40196d53f05f2232cff",109,400,33,29,20,"red",3508
"66f9a40196d53f05f2232cff",111,500,22,24,20,"red",3773
"66f9a40196d53f05f2232cff",112,400,14,20,10,"red",6155
"66f9a40196d53f05f2232cff",113,400,36,33,20,"red",2384
"66f9a40196d53f05f2232cff",114,400,24,26,20,"red",2529
"66f9a40196d53f05f2232cff",115,400,20,20,2,"red",3770
"66f9a40196d53f05f2232cff",116,500,25,21,2,"red",5849
"6704304cf839621ba18d9529",21,500,28,32,20,"red",2136
"6704304cf839621ba18d9529",22,500,16,20,2,"red",2421
"6704304cf839621ba18d9529",23,500,30,32,2,"red",1653
"6704304cf839621ba18d9529",24,400,20,20,2,"red",1887
"6704304cf839621ba18d9529",25,600,16,11,20,"red",2349
"6704304cf839621ba18d9529",26,600,18,14,2,"red",2183
"6704304cf839621ba18d9529",27,600,31,33,2,"red",1939
"6704304cf839621ba18d9529",28,500,27,28,20,"red",1999
"6704304cf839621ba18d9529",32,600,31,26,2,"red",2085
"6704304cf839621ba18d9529",33,400,27,27,2,"red",2050
"6704304cf839621ba18d9529",34,500,31,27,20,"red",2721
"6704304cf839621ba18d9529",35,400,20,27,2,"red",3588
"6704304cf839621ba18d9529",36,400,18,26,10,"red",2179
"6704304cf839621ba18d9529",37,600,29,24,20,"red",2093
"6704304cf839621ba18d9529",38,500,24,30,10,"red",2326
"6704304cf839621ba18d9529",39,400,22,23,20,"red",2003
"6704304cf839621ba18d9529",40,500,26,28,20,"red",2718
"6704304cf839621ba18d9529",41,500,27,25,20,"red",3532
"6704304cf839621ba18d9529",42,400,24,23,20,"red",2358
"6704304cf839621ba18d9529",43,500,18,25,10,"red",1745
"6704304cf839621ba18d9529",44,600,22,24,2,"red",2904
"6704304cf839621ba18d9529",45,400,34,31,2,"red",1990
"6704304cf839621ba18d9529",46,400,33,22,2,"red",2996
"6704304cf839621ba18d9529",47,600,33,32,10,"red",2090
"6704304cf839621ba18d9529",48,600,32,23,20,"red",1906
"6704304cf839621ba18d9529",49,400,32,29,2,"red",2079
"6704304cf839621ba18d9529",50,400,29,30,20,"red",1791
"6704304cf839621ba18d9529",51,500,23,29,10,"red",2042
"6704304cf839621ba18d9529",52,600,33,34,10,"red",2447
"6704304cf839621ba18d9529",53,500,22,27,10,"red",2001
"6704304cf839621ba18d9529",54,400,24,33,10,"red",1979
"6704304cf839621ba18d9529",55,600,29,32,2,"red",3257
"6704304cf839621ba18d9529",56,600,22,30,10,"red",2105
"6704304cf839621ba18d9529",57,500,24,30,10,"red",3850
"6704304cf839621ba18d9529",58,400,31,27,10,"red",4037
"6704304cf839621ba18d9529",59,600,29,32,20,"red",2655
"6704304cf839621ba18d9529",60,500,34,32,10,"red",1594
"6704304cf839621ba18d9529",61,500,17,31,20,"red",3027
"6704304cf839621ba18d9529",62,600,19,33,20,"red",1864
"6704304cf839621ba18d9529",63,500,17,32,10,"red",1840
"6704304cf839621ba18d9529",64,500,23,27,10,"red",2047
"6704304cf839621ba18d9529",65,400,18,18,2,"red",2480
"6704304cf839621ba18d9529",66,600,29,19,2,"red",2256
"6704304cf839621ba18d9529",67,600,19,22,20,"red",2390
"6704304cf839621ba18d9529",68,600,18,22,2,"red",3697
"6704304cf839621ba18d9529",69,400,20,22,2,"blue",2286
"6704304cf839621ba18d9529",70,400,14,27,2,"blue",1768
"6704304cf839621ba18d9529",71,600,19,28,2,"blue",2232
"6704304cf839621ba18d9529",72,600,30,32,2,"blue",2147
"6704304cf839621ba18d9529",73,600,31,42,20,"blue",2799
"6704304cf839621ba18d9529",74,600,33,34,10,"blue",2315
"6704304cf839621ba18d9529",75,600,34,38,20,"blue",2002
"6704304cf839621ba18d9529",76,400,20,37,10,"blue",2152
"6704304cf839621ba18d9529",77,500,22,36,10,"blue",2502
"6704304cf839621ba18d9529",78,500,15,12,20,"blue",3470
"6704304cf839621ba18d9529",79,500,34,25,2,"blue",1650
"6704304cf839621ba18d9529",80,400,22,32,20,"blue",1821
"6704304cf839621ba18d9529",81,500,20,23,20,"blue",2033
"6704304cf839621ba18d9529",83,400,22,34,10,"blue",2308
"6704304cf839621ba18d9529",84,500,17,8,2,"blue",2609
"6704304cf839621ba18d9529",85,500,25,24,20,"blue",3196
"6704304cf839621ba18d9529",87,400,28,21,10,"blue",3151
"6704304cf839621ba18d9529",88,600,25,33,10,"blue",1665
"6704304cf839621ba18d9529",89,600,19,8,2,"blue",1248
"6704304cf839621ba18d9529",90,400,26,32,20,"blue",2526
"6704304cf839621ba18d9529",91,600,25,26,10,"blue",2078
"6704304cf839621ba18d9529",92,500,31,27,20,"blue",1568
"6704304cf839621ba18d9529",93,500,27,32,2,"blue",1642
"6704304cf839621ba18d9529",94,500,19,19,10,"blue",2131
"6704304cf839621ba18d9529",95,400,25,26,20,"blue",1897
"6704304cf839621ba18d9529",96,400,27,28,10,"blue",1445
"6704304cf839621ba18d9529",97,600,29,29,2,"blue",2752
"6704304cf839621ba18d9529",99,400,26,22,2,"blue",2276
"6704304cf839621ba18d9529",100,500,21,26,10,"blue",1740
"6704304cf839621ba18d9529",101,500,28,30,10,"blue",1450
"6704304cf839621ba18d9529",102,400,17,29,20,"blue",1499
"6704304cf839621ba18d9529",103,600,22,28,2,"blue",2081
"6704304cf839621ba18d9529",104,500,25,28,20,"blue",1461
"6704304cf839621ba18d9529",105,400,26,32,10,"blue",2047
"6704304cf839621ba18d9529",106,400,15,14,2,"blue",1767
"6704304cf839621ba18d9529",107,400,23,37,2,"blue",2511
"6704304cf839621ba18d9529",108,400,31,39,10,"blue",1991
"6704304cf839621ba18d9529",109,600,18,13,10,"blue",2480
"6704304cf839621ba18d9529",110,400,32,33,20,"blue",1717
"6704304cf839621ba18d9529",111,600,33,38,20,"blue",2504
"6704304cf839621ba18d9529",112,400,22,28,2,"blue",2708
"6704304cf839621ba18d9529",113,500,17,15,20,"blue",1830
"6704304cf839621ba18d9529",114,600,21,19,10,"blue",1855
"6704304cf839621ba18d9529",115,600,26,23,20,"blue",2981
"6704304cf839621ba18d9529",116,600,33,32,2,"blue",1757
"6712acd49ca5448a6e983e6c",22,400,15,16,20,"blue",2170
"6712acd49ca5448a6e983e6c",23,600,19,22,10,"blue",2468
"6712acd49ca5448a6e983e6c",24,600,21,20,2,"blue",2576
"6712acd49ca5448a6e983e6c",25,600,19,22,20,"blue",3430
"6712acd49ca5448a6e983e6c",26,600,14,17,2,"blue",2964
"6712acd49ca5448a6e983e6c",27,600,24,23,2,"blue",3197
"6712acd49ca5448a6e983e6c",29,600,18,26,2,"blue",2929
"6712acd49ca5448a6e983e6c",30,600,21,23,2,"blue",1968
"6712acd49ca5448a6e983e6c",31,500,31,31,10,"blue",2507
"6712acd49ca5448a6e983e6c",32,400,16,25,10,"blue",3035
"6712acd49ca5448a6e983e6c",33,600,14,19,20,"blue",2724
"6712acd49ca5448a6e983e6c",34,500,26,30,10,"blue",1808
"6712acd49ca5448a6e983e6c",35,600,16,21,10,"blue",1812
"6712acd49ca5448a6e983e6c",36,500,27,22,2,"blue",1448
"6712acd49ca5448a6e983e6c",37,500,16,19,20,"blue",2321
"6712acd49ca5448a6e983e6c",38,600,14,17,20,"blue",1896
"6712acd49ca5448a6e983e6c",39,500,36,31,10,"blue",1765
"6712acd49ca5448a6e983e6c",40,500,33,28,20,"blue",2184
"6712acd49ca5448a6e983e6c",41,400,29,31,10,"blue",1700
"6712acd49ca5448a6e983e6c",42,400,17,26,10,"blue",2478
"6712acd49ca5448a6e983e6c",43,600,26,29,20,"blue",1830
"6712acd49ca5448a6e983e6c",44,500,36,30,2,"blue",1786
"6712acd49ca5448a6e983e6c",45,500,34,30,20,"blue",2301
"6712acd49ca5448a6e983e6c",46,500,20,22,20,"blue",2317
"6712acd49ca5448a6e983e6c",47,400,34,27,2,"blue",1911
"6712acd49ca5448a6e983e6c",48,500,24,30,20,"blue",1983
"6712acd49ca5448a6e983e6c",49,400,17,22,20,"blue",2052
"6712acd49ca5448a6e983e6c",50,500,28,26,20,"blue",3522
"6712acd49ca5448a6e983e6c",51,600,36,32,2,"blue",1987
"6712acd49ca5448a6e983e6c",52,600,22,18,2,"blue",1455
"6712acd49ca5448a6e983e6c",53,500,16,20,10,"blue",1889
"6712acd49ca5448a6e983e6c",54,400,19,22,20,"blue",1949
"6712acd49ca5448a6e983e6c",55,500,33,28,2,"blue",1762
"6712acd49ca5448a6e983e6c",56,600,32,21,20,"blue",2504
"6712acd49ca5448a6e983e6c",57,400,23,21,10,"blue",2412
"6712acd49ca5448a6e983e6c",58,500,24,21,10,"blue",2120
"6712acd49ca5448a6e983e6c",59,500,14,18,2,"blue",1450
"6712acd49ca5448a6e983e6c",60,400,23,18,10,"blue",1967
"6712acd49ca5448a6e983e6c",61,500,15,22,20,"blue",1445
"6712acd49ca5448a6e983e6c",62,400,31,28,2,"blue",2005
"6712acd49ca5448a6e983e6c",63,600,34,30,20,"blue",2136
"6712acd49ca5448a6e983e6c",64,600,19,19,2,"blue",2683
"6712acd49ca5448a6e983e6c",65,600,14,16,2,"blue",2413
"6712acd49ca5448a6e983e6c",66,600,31,30,10,"blue",1990
"6712acd49ca5448a6e983e6c",67,500,35,31,10,"blue",3154
"6712acd49ca5448a6e983e6c",68,600,31,31,2,"blue",1766
"6712acd49ca5448a6e983e6c",69,400,27,18,2,"red",1899
"6712acd49ca5448a6e983e6c",70,400,20,16,10,"red",1487
"6712acd49ca5448a6e983e6c",71,600,29,21,10,"red",2247
"6712acd49ca5448a6e983e6c",72,500,18,13,2,"red",1646
"6712acd49ca5448a6e983e6c",73,500,14,14,10,"red",1465
"6712acd49ca5448a6e983e6c",74,600,30,21,2,"red",3095
"6712acd49ca5448a6e983e6c",75,400,33,25,10,"red",2349
"6712acd49ca5448a6e983e6c",76,400,25,18,2,"red",2468
"6712acd49ca5448a6e983e6c",78,500,32,26,10,"red",1980
"6712acd49ca5448a6e983e6c",79,500,20,21,10,"red",1690
"6712acd49ca5448a6e983e6c",80,600,18,20,10,"red",1855
"6712acd49ca5448a6e983e6c",81,400,16,17,2,"red",1484
"6712acd49ca5448a6e983e6c",82,600,19,20,20,"red",3075
"6712acd49ca5448a6e983e6c",84,600,20,26,10,"red",1586
"6712acd49ca5448a6e983e6c",85,500,24,22,20,"red",1620
"6712acd49ca5448a6e983e6c",86,600,24,21,10,"red",1576
"6712acd49ca5448a6e983e6c",87,500,19,17,2,"red",1484
"6712acd49ca5448a6e983e6c",88,600,25,18,2,"red",1356
"6712acd49ca5448a6e983e6c",89,400,18,18,20,"red",1587
"6712acd49ca5448a6e983e6c",90,500,19,20,10,"red",1625
"6712acd49ca5448a6e983e6c",91,400,35,28,10,"red",1459
"6712acd49ca5448a6e983e6c",92,400,14,13,2,"red",1331
"6712acd49ca5448a6e983e6c",93,600,26,15,2,"red",3001
"6712acd49ca5448a6e983e6c",94,500,18,25,20,"red",3290
"6712acd49ca5448a6e983e6c",95,600,32,29,20,"red",1832
"6712acd49ca5448a6e983e6c",96,400,18,16,2,"red",2680
"6712acd49ca5448a6e983e6c",97,500,25,25,10,"red",4392
"6712acd49ca5448a6e983e6c",98,500,23,25,20,"red",2180
"6712acd49ca5448a6e983e6c",99,600,17,21,10,"red",1493
"6712acd49ca5448a6e983e6c",100,600,18,17,10,"red",1652
"6712acd49ca5448a6e983e6c",101,600,15,18,10,"red",2646
"6712acd49ca5448a6e983e6c",102,600,19,20,2,"red",1963
"6712acd49ca5448a6e983e6c",103,500,32,26,20,"red",1823
"6712acd49ca5448a6e983e6c",104,500,17,15,2,"red",1389
"6712acd49ca5448a6e983e6c",105,600,25,21,20,"red",1384
"6712acd49ca5448a6e983e6c",106,500,34,30,20,"red",1697
"6712acd49ca5448a6e983e6c",107,400,35,31,2,"red",2352
"6712acd49ca5448a6e983e6c",108,500,23,22,20,"red",2216
"6712acd49ca5448a6e983e6c",109,400,20,21,20,"red",2184
"6712acd49ca5448a6e983e6c",110,500,35,29,2,"red",1618
"6712acd49ca5448a6e983e6c",111,600,36,31,20,"red",1998
"6712acd49ca5448a6e983e6c",112,600,23,20,2,"red",2233
"6712acd49ca5448a6e983e6c",113,500,36,29,20,"red",1933
"6712acd49ca5448a6e983e6c",114,500,33,30,10,"red",2192
"6712acd49ca5448a6e983e6c",116,500,25,21,20,"red",2753
"671912820d4a64051a764936",21,600,20,13,2,"red",4407
"671912820d4a64051a764936",22,400,30,18,2,"red",4375
"671912820d4a64051a764936",23,600,22,16,2,"red",5154
"671912820d4a64051a764936",24,600,16,18,10,"red",4152
"671912820d4a64051a764936",25,600,21,25,10,"red",3950
"671912820d4a64051a764936",27,400,32,33,2,"red",4155
"671912820d4a64051a764936",28,600,28,27,20,"red",5523
"671912820d4a64051a764936",29,500,21,18,2,"red",3803
"671912820d4a64051a764936",30,600,34,25,20,"red",6244
"671912820d4a64051a764936",31,500,29,26,10,"red",5007
"671912820d4a64051a764936",32,600,25,21,10,"red",4865
"671912820d4a64051a764936",33,500,14,15,20,"red",6110
"671912820d4a64051a764936",34,500,31,17,2,"red",5026
"671912820d4a64051a764936",35,500,35,26,2,"red",6273
"671912820d4a64051a764936",36,600,25,25,2,"red",6628
"671912820d4a64051a764936",37,600,23,17,20,"red",6294
"671912820d4a64051a764936",38,400,31,25,20,"red",4182
"671912820d4a64051a764936",39,500,18,15,20,"red",4328
"671912820d4a64051a764936",40,500,14,20,2,"red",3941
"671912820d4a64051a764936",41,500,21,23,2,"red",4388
"671912820d4a64051a764936",42,500,21,23,10,"red",5637
"671912820d4a64051a764936",43,600,15,11,20,"red",3844
"671912820d4a64051a764936",44,400,16,22,10,"red",5582
"671912820d4a64051a764936",45,400,36,32,2,"red",3983
"671912820d4a64051a764936",46,500,19,20,10,"red",4319
"671912820d4a64051a764936",47,400,26,26,20,"red",4953
"671912820d4a64051a764936",48,600,23,19,2,"red",5133
"671912820d4a64051a764936",49,600,22,22,20,"red",4914
"671912820d4a64051a764936",50,600,22,22,10,"red",3929
"671912820d4a64051a764936",51,600,34,33,10,"red",3330
"671912820d4a64051a764936",52,400,16,12,2,"red",4363
"671912820d4a64051a764936",53,400,22,21,20,"red",5865
"671912820d4a64051a764936",54,400,19,18,20,"red",4074
"671912820d4a64051a764936",55,400,29,26,10,"red",3663
"671912820d4a64051a764936",56,500,25,21,2,"red",4897
"671912820d4a64051a764936",57,600,25,29,20,"red",4830
"671912820d4a64051a764936",58,600,20,20,20,"red",5505
"671912820d4a64051a764936",59,400,30,17,2,"red",4568
"671912820d4a64051a764936",60,400,23,21,2,"red",5001
"671912820d4a64051a764936",61,500,26,15,20,"red",5137
"671912820d4a64051a764936",62,600,17,20,10,"red",4093
"671912820d4a64051a764936",63,600,15,22,20,"red",3992
"671912820d4a64051a764936",64,500,31,24,10,"red",4260
"671912820d4a64051a764936",65,400,21,21,20,"red",4437
"671912820d4a64051a764936",66,400,29,25,10,"red",3710
"671912820d4a64051a764936",67,600,25,21,10,"red",3977
"671912820d4a64051a764936",68,600,33,26,10,"red",3639
"671912820d4a64051a764936",69,500,15,22,10,"blue",4801
"671912820d4a64051a764936",70,400,31,19,2,"blue",3595
"671912820d4a64051a764936",71,500,29,21,2,"blue",4301
"671912820d4a64051a764936",72,600,28,17,20,"blue",3368
"671912820d4a64051a764936",73,400,16,14,20,"blue",5574
"671912820d4a64051a764936",74,600,25,21,10,"blue",4133
"671912820d4a64051a764936",75,600,22,20,2,"blue",3708
"671912820d4a64051a764936",76,500,17,12,10,"blue",4454
"671912820d4a64051a764936",77,500,36,25,2,"blue",3660
"671912820d4a64051a764936",78,500,33,18,2,"blue",4151
"671912820d4a64051a764936",79,400,31,23,10,"blue",3782
"671912820d4a64051a764936",80,500,26,17,2,"blue",4861
"671912820d4a64051a764936",81,600,24,19,2,"blue",5743
"671912820d4a64051a764936",82,500,18,20,10,"blue",4366
"671912820d4a64051a764936",83,400,20,13,10,"blue",3421
"671912820d4a64051a764936",84,400,28,21,10,"blue",3367
"671912820d4a64051a764936",85,600,32,27,2,"blue",4916
"671912820d4a64051a764936",86,400,34,30,20,"blue",4594
"671912820d4a64051a764936",87,600,34,19,2,"blue",4829
"671912820d4a64051a764936",89,500,30,18,20,"blue",4281
"671912820d4a64051a764936",90,600,16,13,2,"blue",3865
"671912820d4a64051a764936",91,600,25,18,2,"blue",5997
"671912820d4a64051a764936",92,400,19,20,10,"blue",3481
"671912820d4a64051a764936",93,400,22,15,2,"blue",4185
"671912820d4a64051a764936",94,400,30,18,2,"blue",3836
"671912820d4a64051a764936",95,600,16,16,10,"blue",3991
"671912820d4a64051a764936",96,400,36,27,20,"blue",3514
"671912820d4a64051a764936",97,400,15,25,20,"blue",3615
"671912820d4a64051a764936",98,600,17,17,10,"blue",3743
"671912820d4a64051a764936",99,500,36,22,20,"blue",4167
"671912820d4a64051a764936",100,400,34,25,10,"blue",4987
"671912820d4a64051a764936",101,400,25,21,20,"blue",4990
"671912820d4a64051a764936",102,500,25,18,10,"blue",5281
"671912820d4a64051a764936",103,400,14,18,10,"blue",5837
"671912820d4a64051a764936",104,600,27,14,10,"blue",3556
"671912820d4a64051a764936",107,600,29,20,20,"blue",6390
"671912820d4a64051a764936",108,500,21,21,20,"blue",5953
"671912820d4a64051a764936",109,500,26,18,10,"blue",5909
"671912820d4a64051a764936",110,400,32,24,2,"blue",4879
"671912820d4a64051a764936",111,600,14,17,20,"blue",3780
"671912820d4a64051a764936",112,600,15,21,2,"blue",4907
"671912820d4a64051a764936",113,600,25,17,20,"blue",5064
"671912820d4a64051a764936",114,400,35,23,20,"blue",5333
"671912820d4a64051a764936",115,500,25,21,10,"blue",5723
"671912820d4a64051a764936",116,400,24,20,20,"blue",4311
"672c2b25d6aa996ff3d8244f",22,400,16,8,20,"red",3807
"672c2b25d6aa996ff3d8244f",23,400,19,22,20,"red",2472
"672c2b25d6aa996ff3d8244f",24,600,30,34,10,"red",1914
"672c2b25d6aa996ff3d8244f",25,400,18,11,2,"red",4388
"672c2b25d6aa996ff3d8244f",26,600,19,16,10,"red",4054
"672c2b25d6aa996ff3d8244f",27,400,26,29,20,"red",2143
"672c2b25d6aa996ff3d8244f",28,600,23,14,2,"red",2551
"672c2b25d6aa996ff3d8244f",29,600,36,34,10,"red",2074
"672c2b25d6aa996ff3d8244f",30,400,16,13,10,"red",2883
"672c2b25d6aa996ff3d8244f",31,600,35,32,20,"red",1813
"672c2b25d6aa996ff3d8244f",32,400,32,32,20,"red",1918
"672c2b25d6aa996ff3d8244f",33,500,28,29,10,"red",1967
"672c2b25d6aa996ff3d8244f",34,500,32,29,2,"red",2555
"672c2b25d6aa996ff3d8244f",35,500,18,17,2,"red",2756
"672c2b25d6aa996ff3d8244f",36,500,16,17,20,"red",3062
"672c2b25d6aa996ff3d8244f",37,400,19,16,2,"red",1972
"672c2b25d6aa996ff3d8244f",38,400,22,26,10,"red",2004
"672c2b25d6aa996ff3d8244f",39,400,21,15,20,"red",2865
"672c2b25d6aa996ff3d8244f",41,600,33,33,20,"red",2177
"672c2b25d6aa996ff3d8244f",42,500,19,17,20,"red",1765
"672c2b25d6aa996ff3d8244f",43,500,14,11,2,"red",2258
"672c2b25d6aa996ff3d8244f",44,400,27,26,10,"red",2377
"672c2b25d6aa996ff3d8244f",45,400,35,35,2,"red",1997
"672c2b25d6aa996ff3d8244f",46,400,21,15,20,"red",1933
"672c2b25d6aa996ff3d8244f",47,600,22,16,2,"red",1878
"672c2b25d6aa996ff3d8244f",48,600,18,13,2,"red",1846
"672c2b25d6aa996ff3d8244f",49,600,26,20,20,"red",1906
"672c2b25d6aa996ff3d8244f",50,600,18,6,20,"red",3065
"672c2b25d6aa996ff3d8244f",52,600,18,11,2,"red",1722
"672c2b25d6aa996ff3d8244f",53,500,28,24,20,"red",1811
"672c2b25d6aa996ff3d8244f",55,500,24,21,10,"red",2320
"672c2b25d6aa996ff3d8244f",56,400,36,38,2,"red",1662
"672c2b25d6aa996ff3d8244f",57,500,21,11,2,"red",2421
"672c2b25d6aa996ff3d8244f",58,500,17,20,10,"red",1781
"672c2b25d6aa996ff3d8244f",60,400,26,20,20,"red",1634
"672c2b25d6aa996ff3d8244f",61,400,32,33,20,"red",3022
"672c2b25d6aa996ff3d8244f",62,500,20,11,2,"red",1439
"672c2b25d6aa996ff3d8244f",63,600,28,19,2,"red",1549
"672c2b25d6aa996ff3d8244f",64,600,20,11,20,"red",2543
"672c2b25d6aa996ff3d8244f",65,500,23,14,10,"red",1825
"672c2b25d6aa996ff3d8244f",66,400,31,27,10,"red",1723
"672c2b25d6aa996ff3d8244f",67,500,35,33,10,"red",1590
"672c2b25d6aa996ff3d8244f",68,400,24,21,10,"red",1435
"672c2b25d6aa996ff3d8244f",69,400,36,28,2,"blue",2723
"672c2b25d6aa996ff3d8244f",70,500,17,15,20,"blue",1313
"672c2b25d6aa996ff3d8244f",71,600,24,10,2,"blue",2193
"672c2b25d6aa996ff3d8244f",72,500,36,30,10,"blue",1665
"672c2b25d6aa996ff3d8244f",73,400,24,14,2,"blue",1451
"672c2b25d6aa996ff3d8244f",74,500,20,13,10,"blue",2844
"672c2b25d6aa996ff3d8244f",75,400,15,12,10,"blue",1569
"672c2b25d6aa996ff3d8244f",76,600,31,29,2,"blue",2527
"672c2b25d6aa996ff3d8244f",77,600,23,20,2,"blue",1881
"672c2b25d6aa996ff3d8244f",78,400,23,9,20,"blue",1651
"672c2b25d6aa996ff3d8244f",79,500,25,16,20,"blue",1877
"672c2b25d6aa996ff3d8244f",80,600,16,17,10,"blue",1709
"672c2b25d6aa996ff3d8244f",81,500,25,28,10,"blue",2564
"672c2b25d6aa996ff3d8244f",82,400,26,17,2,"blue",1973
"672c2b25d6aa996ff3d8244f",83,600,21,14,10,"blue",1883
"672c2b25d6aa996ff3d8244f",84,600,21,8,10,"blue",2994
"672c2b25d6aa996ff3d8244f",85,500,31,32,20,"blue",1884
"672c2b25d6aa996ff3d8244f",86,600,34,28,20,"blue",2496
"672c2b25d6aa996ff3d8244f",87,500,19,14,20,"blue",1471
"672c2b25d6aa996ff3d8244f",88,500,27,18,2,"blue",2046
"672c2b25d6aa996ff3d8244f",89,600,16,10,20,"blue",1554
"672c2b25d6aa996ff3d8244f",90,400,31,29,10,"blue",1959
"672c2b25d6aa996ff3d8244f",91,600,27,19,20,"blue",1908
"672c2b25d6aa996ff3d8244f",92,500,36,34,2,"blue",1694
"672c2b25d6aa996ff3d8244f",93,500,30,21,2,"blue",2027
"672c2b25d6aa996ff3d8244f",94,600,15,7,2,"blue",1664
"672c2b25d6aa996ff3d8244f",95,400,14,13,20,"blue",1581
"672c2b25d6aa996ff3d8244f",96,600,34,29,10,"blue",2049
"672c2b25d6aa996ff3d8244f",97,400,25,17,20,"blue",1707
"672c2b25d6aa996ff3d8244f",98,400,15,9,2,"blue",1436
"672c2b25d6aa996ff3d8244f",99,400,30,25,2,"blue",1805
"672c2b25d6aa996ff3d8244f",100,600,17,14,10,"blue",1658
"672c2b25d6aa996ff3d8244f",101,400,36,33,20,"blue",1645
"672c2b25d6aa996ff3d8244f",102,400,33,28,2,"blue",1633
"672c2b25d6aa996ff3d8244f",103,600,19,18,10,"blue",1873
"672c2b25d6aa996ff3d8244f",104,400,28,28,10,"blue",1802
"672c2b25d6aa996ff3d8244f",105,600,36,31,2,"blue",2926
"672c2b25d6aa996ff3d8244f",106,600,29,26,2,"blue",2015
"672c2b25d6aa996ff3d8244f",107,400,16,11,20,"blue",1483
"672c2b25d6aa996ff3d8244f",108,600,22,18,10,"blue",1772
"672c2b25d6aa996ff3d8244f",109,400,18,10,20,"blue",2063
"672c2b25d6aa996ff3d8244f",110,400,36,36,20,"blue",1803
"672c2b25d6aa996ff3d8244f",111,500,28,28,2,"blue",1789
"672c2b25d6aa996ff3d8244f",112,600,26,22,10,"blue",1663
"672c2b25d6aa996ff3d8244f",113,600,19,15,10,"blue",1446
"672c2b25d6aa996ff3d8244f",114,600,33,32,20,"blue",1995
"672c2b25d6aa996ff3d8244f",115,400,25,24,20,"blue",1817
"672c2b25d6aa996ff3d8244f",116,400,17,21,10,"blue",1478
"672fcaf82c52010e8586b90a",21,600,26,26,20,"red",3747
"672fcaf82c52010e8586b90a",22,400,23,20,20,"red",5863
"672fcaf82c52010e8586b90a",23,400,35,31,20,"red",3152
"672fcaf82c52010e8586b90a",24,400,24,26,10,"red",5795
"672fcaf82c52010e8586b90a",25,400,31,25,2,"red",4229
"672fcaf82c52010e8586b90a",26,500,28,28,2,"red",4323
"672fcaf82c52010e8586b90a",27,400,20,19,2,"red",3601
"672fcaf82c52010e8586b90a",28,500,24,27,10,"red",4092
"672fcaf82c52010e8586b90a",29,500,25,19,20,"red",3859
"672fcaf82c52010e8586b90a",30,600,23,18,2,"red",3997
"672fcaf82c52010e8586b90a",31,500,16,16,2,"red",4771
"672fcaf82c52010e8586b90a",32,600,27,25,10,"red",3985
"672fcaf82c52010e8586b90a",33,500,14,12,2,"red",4052
"672fcaf82c52010e8586b90a",34,600,34,22,10,"red",3194
"672fcaf82c52010e8586b90a",35,400,16,9,10,"red",3523
"672fcaf82c52010e8586b90a",36,400,31,21,2,"red",3638
"672fcaf82c52010e8586b90a",38,500,26,21,2,"red",3946
"672fcaf82c52010e8586b90a",39,600,32,26,20,"red",5874
"672fcaf82c52010e8586b90a",40,400,22,24,10,"red",3748
"672fcaf82c52010e8586b90a",41,500,26,24,10,"red",5591
"672fcaf82c52010e8586b90a",42,500,20,14,2,"red",3932
"672fcaf82c52010e8586b90a",43,600,24,22,10,"red",4372
"672fcaf82c52010e8586b90a",44,500,14,11,10,"red",3643
"672fcaf82c52010e8586b90a",45,400,14,5,20,"red",3349
"672fcaf82c52010e8586b90a",46,400,14,9,2,"red",3263
"672fcaf82c52010e8586b90a",47,500,36,29,20,"red",4075
"672fcaf82c52010e8586b90a",48,600,35,26,20,"red",4544
"672fcaf82c52010e8586b90a",49,600,36,39,2,"red",3981
"672fcaf82c52010e8586b90a",50,600,28,23,2,"red",5058
"672fcaf82c52010e8586b90a",51,600,28,28,20,"red",3392
"672fcaf82c52010e8586b90a",52,400,22,15,20,"red",3954
"672fcaf82c52010e8586b90a",53,500,27,29,2,"red",4480
"672fcaf82c52010e8586b90a",54,600,27,22,10,"red",5462
"672fcaf82c52010e8586b90a",55,500,26,26,10,"red",4456
"672fcaf82c52010e8586b90a",56,400,33,21,20,"red",3898
"672fcaf82c52010e8586b90a",57,500,32,21,20,"red",5881
"672fcaf82c52010e8586b90a",58,500,19,12,10,"red",3495
"672fcaf82c52010e8586b90a",59,600,25,17,20,"red",5629
"672fcaf82c52010e8586b90a",60,600,35,28,10,"red",4633
"672fcaf82c52010e8586b90a",61,500,36,27,20,"red",4060
"672fcaf82c52010e8586b90a",62,500,30,29,10,"red",3485
"672fcaf82c52010e8586b90a",63,500,31,32,10,"red",3925
"672fcaf82c52010e8586b90a",64,400,29,29,10,"red",3392
"672fcaf82c52010e8586b90a",65,500,25,24,2,"red",4780
"672fcaf82c52010e8586b90a",66,500,18,15,2,"red",3442
"672fcaf82c52010e8586b90a",67,500,34,20,20,"red",4079
"672fcaf82c52010e8586b90a",68,500,27,27,20,"red",5194
"672fcaf82c52010e8586b90a",69,400,21,13,2,"blue",3795
"672fcaf82c52010e8586b90a",70,400,28,17,10,"blue",3213
"672fcaf82c52010e8586b90a",71,600,26,22,2,"blue",3316
"672fcaf82c52010e8586b90a",72,400,27,30,2,"blue",4305
"672fcaf82c52010e8586b90a",73,500,19,22,10,"blue",3353
"672fcaf82c52010e8586b90a",74,500,34,31,20,"blue",2748
"672fcaf82c52010e8586b90a",75,400,36,33,10,"blue",3990
"672fcaf82c52010e8586b90a",76,500,21,15,10,"blue",3284
"672fcaf82c52010e8586b90a",77,500,16,8,20,"blue",3565
"672fcaf82c52010e8586b90a",78,500,25,19,10,"blue",2519
"672fcaf82c52010e8586b90a",79,400,19,23,2,"blue",2333
"672fcaf82c52010e8586b90a",80,600,32,18,10,"blue",3796
"672fcaf82c52010e8586b90a",81,500,15,13,2,"blue",3194
"672fcaf82c52010e8586b90a",82,400,29,16,20,"blue",2665
"672fcaf82c52010e8586b90a",83,400,21,15,2,"blue",2688
"672fcaf82c52010e8586b90a",84,500,19,10,2,"blue",2735
"672fcaf82c52010e8586b90a",85,500,34,17,20,"blue",5290
"672fcaf82c52010e8586b90a",86,500,33,21,20,"blue",3068
"672fcaf82c52010e8586b90a",87,600,36,24,10,"blue",2753
"672fcaf82c52010e8586b90a",88,500,26,18,2,"blue",2384
"672fcaf82c52010e8586b90a",89,600,27,21,2,"blue",3249
"672fcaf82c52010e8586b90a",90,400,28,15,2,"blue",3790
"672fcaf82c52010e8586b90a",91,600,31,19,20,"blue",5683
"672fcaf82c52010e8586b90a",92,400,20,22,10,"blue",5664
"672fcaf82c52010e8586b90a",93,500,35,32,10,"blue",3916
"672fcaf82c52010e8586b90a",94,400,20,19,10,"blue",3759
"672fcaf82c52010e8586b90a",95,500,22,23,20,"blue",3578
"672fcaf82c52010e8586b90a",96,400,29,23,20,"blue",3860
"672fcaf82c52010e8586b90a",97,500,16,8,20,"blue",3100
"672fcaf82c52010e8586b90a",98,600,25,15,2,"blue",2390
"672fcaf82c52010e8586b90a",99,500,21,17,20,"blue",2806
"672fcaf82c52010e8586b90a",100,400,22,17,2,"blue",4788
"672fcaf82c52010e8586b90a",101,600,14,4,10,"blue",2856
"672fcaf82c52010e8586b90a",102,400,28,26,10,"blue",3260
"672fcaf82c52010e8586b90a",103,600,28,17,20,"blue",3816
"672fcaf82c52010e8586b90a",104,400,35,22,20,"blue",3204
"672fcaf82c52010e8586b90a",105,400,19,11,10,"blue",2758
"672fcaf82c52010e8586b90a",106,400,18,16,10,"blue",5009
"672fcaf82c52010e8586b90a",107,400,16,6,20,"blue",4091
"672fcaf82c52010e8586b90a",108,600,36,27,10,"blue",3879
"672fcaf82c52010e8586b90a",110,500,36,26,20,"blue",4221
"672fcaf82c52010e8586b90a",111,500,36,32,20,"blue",4626
"672fcaf82c52010e8586b90a",112,500,29,33,2,"blue",3432
"672fcaf82c52010e8586b90a",113,500,34,30,2,"blue",3149
"672fcaf82c52010e8586b90a",114,500,14,14,20,"blue",4315
"672fcaf82c52010e8586b90a",115,400,33,24,2,"blue",4178
"672fcaf82c52010e8586b90a",116,500,36,29,2,"blue",5041
"673a27fe372ce97a95aecf5c",22,500,25,27,2,"blue",1906
"673a27fe372ce97a95aecf5c",23,400,33,32,10,"blue",2262
"673a27fe372ce97a95aecf5c",24,500,16,14,2,"blue",1536
"673a27fe372ce97a95aecf5c",25,600,33,28,2,"blue",2096
"673a27fe372ce97a95aecf5c",26,600,32,29,10,"blue",1563
"673a27fe372ce97a95aecf5c",27,500,29,28,2,"blue",1538
"673a27fe372ce97a95aecf5c",28,500,28,29,2,"blue",1947
"673a27fe372ce97a95aecf5c",29,600,15,13,20,"blue",2691
"673a27fe372ce97a95aecf5c",30,600,17,24,10,"blue",1512
"673a27fe372ce97a95aecf5c",31,600,22,14,2,"blue",2055
"673a27fe372ce97a95aecf5c",32,400,20,10,2,"blue",1854
"673a27fe372ce97a95aecf5c",33,600,33,21,20,"blue",2395
"673a27fe372ce97a95aecf5c",34,400,36,19,20,"blue",3535
"673a27fe372ce97a95aecf5c",35,600,33,21,2,"blue",2687
"673a27fe372ce97a95aecf5c",36,500,24,16,20,"blue",2057
"673a27fe372ce97a95aecf5c",37,400,30,25,2,"blue",2197
"673a27fe372ce97a95aecf5c",38,400,29,18,20,"blue",2236
"673a27fe372ce97a95aecf5c",39,400,26,13,20,"blue",2570
"673a27fe372ce97a95aecf5c",40,400,33,22,20,"blue",2520
"673a27fe372ce97a95aecf5c",41,600,30,25,2,"blue",2125
"673a27fe372ce97a95aecf5c",42,400,20,21,10,"blue",1651
"673a27fe372ce97a95aecf5c",43,600,17,10,2,"blue",1324
"673a27fe372ce97a95aecf5c",44,600,22,12,10,"blue",2099
"673a27fe372ce97a95aecf5c",45,400,18,16,2,"blue",2001
"673a27fe372ce97a95aecf5c",46,500,24,21,10,"blue",2304
"673a27fe372ce97a95aecf5c",47,500,15,7,20,"blue",2041
"673a27fe372ce97a95aecf5c",48,400,21,6,20,"blue",1546
"673a27fe372ce97a95aecf5c",49,400,26,12,2,"blue",2072
"673a27fe372ce97a95aecf5c",50,400,23,12,20,"blue",3133
"673a27fe372ce97a95aecf5c",51,500,23,11,10,"blue",1647
"673a27fe372ce97a95aecf5c",52,400,36,22,10,"blue",1518
"673a27fe372ce97a95aecf5c",53,400,19,7,10,"blue",1421
"673a27fe372ce97a95aecf5c",54,500,21,9,10,"blue",1412
"673a27fe372ce97a95aecf5c",55,600,29,12,10,"blue",1129
"673a27fe372ce97a95aecf5c",56,400,16,5,20,"blue",1708
"673a27fe372ce97a95aecf5c",57,600,31,22,2,"blue",2053
"673a27fe372ce97a95aecf5c",58,500,20,9,10,"blue",1766
"673a27fe372ce97a95aecf5c",59,400,22,16,10,"blue",1638
"673a27fe372ce97a95aecf5c",60,400,35,19,20,"blue",2094
"673a27fe372ce97a95aecf5c",61,600,20,4,20,"blue",1837
"673a27fe372ce97a95aecf5c",62,400,23,9,10,"blue",1712
"673a27fe372ce97a95aecf5c",63,400,35,28,2,"blue",1726
"673a27fe372ce97a95aecf5c",64,600,16,8,20,"blue",1257
"673a27fe372ce97a95aecf5c",65,500,25,10,20,"blue",1382
"673a27fe372ce97a95aecf5c",66,400,34,27,2,"blue",1967
"673a27fe372ce97a95aecf5c",67,400,33,23,20,"blue",2109
"673a27fe372ce97a95aecf5c",68,600,23,12,10,"blue",1261
"673a27fe372ce97a95aecf5c",69,400,31,20,2,"red",2736
"673a27fe372ce97a95aecf5c",70,400,26,24,10,"red",1578
"673a27fe372ce97a95aecf5c",71,500,24,15,2,"red",1711
"673a27fe372ce97a95aecf5c",72,600,28,18,10,"red",1424
"673a27fe372ce97a95aecf5c",73,400,15,12,20,"red",2986
"673a27fe372ce97a95aecf5c",74,600,14,12,2,"red",1722
"673a27fe372ce97a95aecf5c",75,400,35,35,2,"red",2883
"673a27fe372ce97a95aecf5c",76,600,28,23,20,"red",1867
"673a27fe372ce97a95aecf5c",77,600,20,15,2,"red",1466
"673a27fe372ce97a95aecf5c",78,600,25,17,10,"red",1872
"673a27fe372ce97a95aecf5c",79,500,15,8,20,"red",1648
"673a27fe372ce97a95aecf5c",80,400,20,19,2,"red",1787
"673a27fe372ce97a95aecf5c",81,600,32,37,10,"red",1527
"673a27fe372ce97a95aecf5c",82,400,26,32,10,"red",1716
"673a27fe372ce97a95aecf5c",83,400,22,8,20,"red",1703
"673a27fe372ce97a95aecf5c",84,500,19,14,2,"red",1422
"673a27fe372ce97a95aecf5c",85,500,27,21,20,"red",1771
"673a27fe372ce97a95aecf5c",86,600,33,33,2,"red",1842
"673a27fe372ce97a95aecf5c",87,600,16,8,20,"red",1254
"673a27fe372ce97a95aecf5c",88,500,19,9,2,"red",1804
"673a27fe372ce97a95aecf5c",89,500,21,14,10,"red",1747
"673a27fe372ce97a95aecf5c",90,400,14,15,20,"red",3054
"673a27fe372ce97a95aecf5c",91,500,18,10,2,"red",2707
"673a27fe372ce97a95aecf5c",92,400,28,12,10,"red",2935
"673a27fe372ce97a95aecf5c",93,600,27,21,2,"red",1409
"673a27fe372ce97a95aecf5c",95,600,32,32,20,"red",2769
"673a27fe372ce97a95aecf5c",96,600,28,28,10,"red",2441
"673a27fe372ce97a95aecf5c",97,500,15,3,2,"red",1642
"673a27fe372ce97a95aecf5c",98,600,21,14,20,"red",2579
"673a27fe372ce97a95aecf5c",99,500,17,15,10,"red",2711
"673a27fe372ce97a95aecf5c",101,500,17,4,20,"red",1385
"673a27fe372ce97a95aecf5c",102,600,30,29,2,"red",1805
"673a27fe372ce97a95aecf5c",103,500,16,25,20,"red",1614
"673a27fe372ce97a95aecf5c",104,400,28,34,10,"red",1509
"673a27fe372ce97a95aecf5c",105,400,21,26,10,"red",1928
"673a27fe372ce97a95aecf5c",106,600,36,27,20,"red",1617
"673a27fe372ce97a95aecf5c",107,400,14,17,10,"red",2212
"673a27fe372ce97a95aecf5c",108,500,25,22,20,"red",1367
"673a27fe372ce97a95aecf5c",109,500,34,28,10,"red",1771
"673a27fe372ce97a95aecf5c",110,400,15,10,2,"red",1648
"673a27fe372ce97a95aecf5c",111,500,28,25,20,"red",1375
"673a27fe372ce97a95aecf5c",112,500,34,29,20,"red",1777
"673a27fe372ce97a95aecf5c",113,600,25,25,2,"red",1935
"673a27fe372ce97a95aecf5c",114,400,19,11,10,"red",1803
"673a27fe372ce97a95aecf5c",115,500,18,18,10,"red",2144
"673a27fe372ce97a95aecf5c",116,400,21,24,10,"red",2245
"674c8549a9fd90b7c8dda9d3",21,600,33,26,2,"blue",2867
"674c8549a9fd90b7c8dda9d3",22,600,34,28,20,"blue",2379
"674c8549a9fd90b7c8dda9d3",23,600,21,24,10,"blue",3845
"674c8549a9fd90b7c8dda9d3",24,500,22,20,2,"blue",2520
"674c8549a9fd90b7c8dda9d3",25,500,19,18,2,"blue",2344
"674c8549a9fd90b7c8dda9d3",26,600,22,23,10,"blue",2613
"674c8549a9fd90b7c8dda9d3",27,500,22,23,2,"blue",2468
"674c8549a9fd90b7c8dda9d3",28,500,31,25,2,"blue",3279
"674c8549a9fd90b7c8dda9d3",29,500,24,28,2,"blue",2960
"674c8549a9fd90b7c8dda9d3",30,400,18,21,2,"blue",1785
"674c8549a9fd90b7c8dda9d3",31,400,22,19,2,"blue",2943
"674c8549a9fd90b7c8dda9d3",32,600,20,21,10,"blue",2703
"674c8549a9fd90b7c8dda9d3",33,600,24,26,2,"blue",3048
"674c8549a9fd90b7c8dda9d3",34,600,34,29,10,"blue",2683
"674c8549a9fd90b7c8dda9d3",35,400,28,28,20,"blue",2080
"674c8549a9fd90b7c8dda9d3",36,500,16,26,10,"blue",1895
"674c8549a9fd90b7c8dda9d3",37,400,36,30,10,"blue",1827
"674c8549a9fd90b7c8dda9d3",38,500,36,31,2,"blue",1778
"674c8549a9fd90b7c8dda9d3",39,400,27,31,10,"blue",3349
"674c8549a9fd90b7c8dda9d3",40,400,35,29,2,"blue",4321
"674c8549a9fd90b7c8dda9d3",41,600,25,29,2,"blue",2055
"674c8549a9fd90b7c8dda9d3",42,500,25,26,20,"blue",1720
"674c8549a9fd90b7c8dda9d3",43,500,28,23,20,"blue",2463
"674c8549a9fd90b7c8dda9d3",44,600,19,20,20,"blue",3121
"674c8549a9fd90b7c8dda9d3",45,400,28,23,10,"blue",2271
"674c8549a9fd90b7c8dda9d3",46,500,23,21,20,"blue",2520
"674c8549a9fd90b7c8dda9d3",47,500,19,11,10,"blue",1681
"674c8549a9fd90b7c8dda9d3",48,600,20,18,20,"blue",2088
"674c8549a9fd90b7c8dda9d3",49,400,20,18,10,"blue",2949
"674c8549a9fd90b7c8dda9d3",50,400,19,19,20,"blue",3140
"674c8549a9fd90b7c8dda9d3",51,600,16,16,20,"blue",2763
"674c8549a9fd90b7c8dda9d3",52,400,20,14,10,"blue",3560
"674c8549a9fd90b7c8dda9d3",53,400,22,20,20,"blue",2268
"674c8549a9fd90b7c8dda9d3",54,500,24,20,10,"blue",2300
"674c8549a9fd90b7c8dda9d3",55,600,18,21,20,"blue",2067
"674c8549a9fd90b7c8dda9d3",56,600,19,21,20,"blue",2756
"674c8549a9fd90b7c8dda9d3",57,500,19,15,2,"blue",3434
"674c8549a9fd90b7c8dda9d3",58,500,14,18,10,"blue",2894
"674c8549a9fd90b7c8dda9d3",59,400,23,23,20,"blue",3011
"674c8549a9fd90b7c8dda9d3",60,500,34,27,10,"blue",2710
"674c8549a9fd90b7c8dda9d3",61,400,23,28,10,"blue",3556
"674c8549a9fd90b7c8dda9d3",62,400,23,23,20,"blue",3654
"674c8549a9fd90b7c8dda9d3",63,500,16,21,2,"blue",3927
"674c8549a9fd90b7c8dda9d3",64,500,32,27,2,"blue",2775
"674c8549a9fd90b7c8dda9d3",65,400,18,16,20,"blue",2810
"674c8549a9fd90b7c8dda9d3",67,400,24,25,10,"blue",2584
"674c8549a9fd90b7c8dda9d3",69,600,20,15,20,"red",2322
"674c8549a9fd90b7c8dda9d3",70,400,32,24,10,"red",2674
"674c8549a9fd90b7c8dda9d3",71,400,35,24,2,"red",2642
"674c8549a9fd90b7c8dda9d3",72,500,29,27,2,"red",3357
"674c8549a9fd90b7c8dda9d3",73,500,15,14,20,"red",2603
"674c8549a9fd90b7c8dda9d3",74,400,23,13,10,"red",3299
"674c8549a9fd90b7c8dda9d3",75,500,14,9,2,"red",1787
"674c8549a9fd90b7c8dda9d3",76,600,35,28,20,"red",2449
"674c8549a9fd90b7c8dda9d3",77,400,19,20,20,"red",2714
"674c8549a9fd90b7c8dda9d3",78,400,14,13,2,"red",2246
"674c8549a9fd90b7c8dda9d3",80,500,19,15,20,"red",1874
"674c8549a9fd90b7c8dda9d3",81,600,35,28,10,"red",2425
"674c8549a9fd90b7c8dda9d3",82,600,21,17,10,"red",2231
"674c8549a9fd90b7c8dda9d3",83,400,36,27,10,"red",3041
"674c8549a9fd90b7c8dda9d3",84,500,27,28,10,"red",3409
"674c8549a9fd90b7c8dda9d3",85,400,35,28,2,"red",2292
"674c8549a9fd90b7c8dda9d3",86,600,32,28,10,"red",2840
"674c8549a9fd90b7c8dda9d3",87,600,24,25,10,"red",2871
"674c8549a9fd90b7c8dda9d3",88,500,23,24,10,"red",1860
"674c8549a9fd90b7c8dda9d3",89,400,26,26,10,"red",1672
"674c8549a9fd90b7c8dda9d3",90,500,19,20,2,"red",2428
"674c8549a9fd90b7c8dda9d3",91,400,29,25,10,"red",2723
"674c8549a9fd90b7c8dda9d3",92,600,35,28,2,"red",3027
"674c8549a9fd90b7c8dda9d3",93,600,30,22,20,"red",2223
"674c8549a9fd90b7c8dda9d3",94,500,29,25,20,"red",2745
"674c8549a9fd90b7c8dda9d3",95,600,17,11,20,"red",1954
"674c8549a9fd90b7c8dda9d3",96,400,35,32,10,"red",2567
"674c8549a9fd90b7c8dda9d3",97,400,21,15,20,"red",3843
"674c8549a9fd90b7c8dda9d3",98,600,27,21,20,"red",2306
"674c8549a9fd90b7c8dda9d3",99,500,32,27,2,"red",3405
"674c8549a9fd90b7c8dda9d3",100,600,15,20,10,"red",2568
"674c8549a9fd90b7c8dda9d3",101,400,36,29,2,"red",2502
"674c8549a9fd90b7c8dda9d3",102,400,21,19,10,"red",1948
"674c8549a9fd90b7c8dda9d3",103,500,15,13,20,"red",1831
"674c8549a9fd90b7c8dda9d3",104,400,33,30,10,"red",3217
"674c8549a9fd90b7c8dda9d3",105,500,22,17,2,"red",1970
"674c8549a9fd90b7c8dda9d3",106,500,19,16,2,"red",2153
"674c8549a9fd90b7c8dda9d3",107,500,15,0,2,"red",1140
"674c8549a9fd90b7c8dda9d3",108,600,26,24,20,"red",2463
"674c8549a9fd90b7c8dda9d3",109,600,32,23,2,"red",3327
"674c8549a9fd90b7c8dda9d3",110,600,26,23,20,"red",2278
"674c8549a9fd90b7c8dda9d3",111,400,28,16,2,"red",2220
"674c8549a9fd90b7c8dda9d3",112,500,30,25,2,"red",2162
"674c8549a9fd90b7c8dda9d3",113,600,18,18,20,"red",2024
"674c8549a9fd90b7c8dda9d3",114,600,33,26,2,"red",1805
"674c8549a9fd90b7c8dda9d3",115,500,31,25,20,"red",2348
"674c8549a9fd90b7c8dda9d3",116,400,30,22,20,"red",2718
"675aaec58dfc729c338a52eb",21,400,25,25,2,"red",2787
"675aaec58dfc729c338a52eb",22,600,14,5,2,"red",1772
"675aaec58dfc729c338a52eb",23,400,36,38,20,"red",1558
"675aaec58dfc729c338a52eb",24,400,35,38,2,"red",1225
"675aaec58dfc729c338a52eb",25,600,20,19,10,"red",1740
"675aaec58dfc729c338a52eb",26,400,21,13,2,"red",2625
"675aaec58dfc729c338a52eb",27,400,17,9,10,"red",2758
"675aaec58dfc729c338a52eb",28,400,22,23,2,"red",3325
"675aaec58dfc729c338a52eb",29,600,19,7,20,"red",2542
"675aaec58dfc729c338a52eb",30,600,25,20,2,"red",2075
"675aaec58dfc729c338a52eb",31,400,24,16,10,"red",1709
"675aaec58dfc729c338a52eb",32,600,30,24,20,"red",2407
"675aaec58dfc729c338a52eb",33,400,23,19,2,"red",3375
"675aaec58dfc729c338a52eb",34,600,21,18,20,"red",1791
"675aaec58dfc729c338a52eb",35,600,23,16,2,"red",1807
"675aaec58dfc729c338a52eb",36,500,23,23,10,"red",1827
"675aaec58dfc729c338a52eb",37,600,21,9,20,"red",2158
"675aaec58dfc729c338a52eb",38,400,27,27,10,"red",1609
"675aaec58dfc729c338a52eb",39,400,32,35,10,"red",1892
"675aaec58dfc729c338a52eb",40,500,16,8,20,"red",1441
"675aaec58dfc729c338a52eb",42,500,15,11,2,"red",2790
"675aaec58dfc729c338a52eb",43,500,33,34,2,"red",2193
"675aaec58dfc729c338a52eb",44,500,23,15,2,"red",2843
"675aaec58dfc729c338a52eb",45,400,23,18,2,"red",2074
"675aaec58dfc729c338a52eb",46,500,15,11,2,"red",1810
"675aaec58dfc729c338a52eb",47,500,23,11,20,"red",1824
"675aaec58dfc729c338a52eb",48,500,30,30,10,"red",1824
"675aaec58dfc729c338a52eb",49,400,15,15,10,"red",2542
"675aaec58dfc729c338a52eb",50,500,20,7,20,"red",1507
"675aaec58dfc729c338a52eb",51,400,32,34,10,"red",1576
"675aaec58dfc729c338a52eb",52,400,36,37,20,"red",1892
"675aaec58dfc729c338a52eb",53,400,18,31,10,"red",2807
"675aaec58dfc729c338a52eb",54,600,16,18,2,"red",1841
"675aaec58dfc729c338a52eb",56,500,18,9,10,"red",1457
"675aaec58dfc729c338a52eb",57,600,27,9,20,"red",1957
"675aaec58dfc729c338a52eb",58,600,24,27,10,"red",2808
"675aaec58dfc729c338a52eb",59,600,21,11,20,"red",2725
"675aaec58dfc729c338a52eb",60,500,30,27,2,"red",2895
"675aaec58dfc729c338a52eb",61,400,14,9,10,"red",2874
"675aaec58dfc729c338a52eb",62,600,29,14,20,"red",2260
"675aaec58dfc729c338a52eb",63,400,25,23,10,"red",3142
"675aaec58dfc729c338a52eb",64,500,20,11,20,"red",1925
"675aaec58dfc729c338a52eb",65,500,36,34,20,"red",1775
"675aaec58dfc729c338a52eb",66,600,24,22,10,"red",1858
"675aaec58dfc729c338a52eb",67,600,19,10,20,"red",1891
"675aaec58dfc729c338a52eb",68,600,22,13,2,"red",2073
"675aaec58dfc729c338a52eb",69,500,32,32,10,"blue",2775
"675aaec58dfc729c338a52eb",70,400,16,21,2,"blue",1457
"675aaec58dfc729c338a52eb",71,500,30,35,2,"blue",1741
"675aaec58dfc729c338a52eb",72,400,30,19,20,"blue",1992
"675aaec58dfc729c338a52eb",73,600,31,33,2,"blue",2790
"675aaec58dfc729c338a52eb",74,600,35,27,20,"blue",2807
"675aaec58dfc729c338a52eb",75,400,24,18,20,"blue",1759
"675aaec58dfc729c338a52eb",76,500,17,10,20,"blue",2207
"675aaec58dfc729c338a52eb",77,500,28,14,20,"blue",1725
"675aaec58dfc729c338a52eb",78,400,15,11,20,"blue",2674
"675aaec58dfc729c338a52eb",79,600,18,15,2,"blue",1606
"675aaec58dfc729c338a52eb",80,400,28,32,10,"blue",2241
"675aaec58dfc729c338a52eb",81,600,21,14,20,"blue",1657
"675aaec58dfc729c338a52eb",82,500,19,14,10,"blue",1376
"675aaec58dfc729c338a52eb",83,500,36,40,10,"blue",1211
"675aaec58dfc729c338a52eb",84,600,16,15,10,"blue",2106
"675aaec58dfc729c338a52eb",85,500,22,12,20,"blue",1693
"675aaec58dfc729c338a52eb",86,500,15,18,10,"blue",1358
"675aaec58dfc729c338a52eb",87,500,29,31,2,"blue",1825
"675aaec58dfc729c338a52eb",88,600,30,35,2,"blue",1958
"675aaec58dfc729c338a52eb",89,600,20,21,2,"blue",2407
"675aaec58dfc729c338a52eb",90,600,35,24,20,"blue",3442
"675aaec58dfc729c338a52eb",91,600,27,36,10,"blue",1875
"675aaec58dfc729c338a52eb",92,500,21,24,2,"blue",1624
"675aaec58dfc729c338a52eb",93,400,20,19,2,"blue",1809
"675aaec58dfc729c338a52eb",94,600,29,35,10,"blue",2292
"675aaec58dfc729c338a52eb",95,500,19,26,2,"blue",3374
"675aaec58dfc729c338a52eb",96,500,27,17,20,"blue",3658
"675aaec58dfc729c338a52eb",97,600,17,18,10,"blue",2257
"675aaec58dfc729c338a52eb",99,500,16,15,10,"blue",1409
"675aaec58dfc729c338a52eb",100,400,25,26,2,"blue",1791
"675aaec58dfc729c338a52eb",101,600,20,12,20,"blue",3656
"675aaec58dfc729c338a52eb",102,400,34,34,2,"blue",1526
"675aaec58dfc729c338a52eb",103,500,27,35,10,"blue",1994
"675aaec58dfc729c338a52eb",104,400,28,20,20,"blue",3072
"675aaec58dfc729c338a52eb",105,500,31,20,10,"blue",2857
"675aaec58dfc729c338a52eb",106,600,27,17,20,"blue",2776
"675aaec58dfc729c338a52eb",107,500,25,34,2,"blue",2791
"675aaec58dfc729c338a52eb",108,500,15,17,20,"blue",2440
"675aaec58dfc729c338a52eb",109,500,14,16,10,"blue",1475
"675aaec58dfc729c338a52eb",110,400,30,13,20,"blue",1823
"675aaec58dfc729c338a52eb",111,500,30,32,2,"blue",1776
"675aaec58dfc729c338a52eb",112,600,33,34,2,"blue",1939
"675aaec58dfc729c338a52eb",113,400,35,39,10,"blue",1179
"675aaec58dfc729c338a52eb",114,400,18,16,2,"blue",1588
"675aaec58dfc729c338a52eb",115,600,29,22,10,"blue",1625
"675aaec58dfc729c338a52eb",116,400,31,35,10,"blue",2007
"675c61776fc3233ee8002446",21,400,31,21,10,"blue",4865
"675c61776fc3233ee8002446",22,500,33,34,2,"blue",3481
"675c61776fc3233ee8002446",23,400,26,15,20,"blue",3062
"675c61776fc3233ee8002446",24,400,16,13,10,"blue",3317
"675c61776fc3233ee8002446",25,400,24,25,10,"blue",3471
"675c61776fc3233ee8002446",26,600,33,33,20,"blue",5167
"675c61776fc3233ee8002446",27,600,18,16,2,"blue",4267
"675c61776fc3233ee8002446",28,400,29,26,2,"blue",5319
"675c61776fc3233ee8002446",29,400,36,31,10,"blue",5800
"675c61776fc3233ee8002446",30,400,17,13,2,"blue",3530
"675c61776fc3233ee8002446",31,500,22,14,2,"blue",3949
"675c61776fc3233ee8002446",32,500,36,19,20,"blue",5665
"675c61776fc3233ee8002446",33,600,17,14,20,"blue",4434
"675c61776fc3233ee8002446",34,600,24,15,20,"blue",6617
"675c61776fc3233ee8002446",35,600,31,27,20,"blue",7523
"675c61776fc3233ee8002446",36,500,33,38,2,"blue",5257
"675c61776fc3233ee8002446",37,500,16,25,20,"blue",5173
"675c61776fc3233ee8002446",39,600,20,16,2,"blue",4110
"675c61776fc3233ee8002446",40,600,19,16,10,"blue",5748
"675c61776fc3233ee8002446",41,400,20,19,10,"blue",6589
"675c61776fc3233ee8002446",42,600,25,15,10,"blue",5914
"675c61776fc3233ee8002446",43,400,18,10,20,"blue",5686
"675c61776fc3233ee8002446",44,500,16,13,2,"blue",6056
"675c61776fc3233ee8002446",46,600,15,11,2,"blue",7233
"675c61776fc3233ee8002446",47,600,23,22,10,"blue",4954
"675c61776fc3233ee8002446",48,600,26,17,10,"blue",5626
"675c61776fc3233ee8002446",49,400,14,12,10,"blue",7234
"675c61776fc3233ee8002446",50,500,21,19,10,"blue",6588
"675c61776fc3233ee8002446",52,400,30,19,20,"blue",6504
"675c61776fc3233ee8002446",53,500,22,16,2,"blue",4212
"675c61776fc3233ee8002446",54,600,22,13,10,"blue",2791
"675c61776fc3233ee8002446",55,600,21,13,20,"blue",5185
"675c61776fc3233ee8002446",56,600,21,15,20,"blue",4899
"675c61776fc3233ee8002446",57,400,21,16,2,"blue",5350
"675c61776fc3233ee8002446",58,500,17,12,2,"blue",3771
"675c61776fc3233ee8002446",59,600,36,31,20,"blue",5661
"675c61776fc3233ee8002446",60,400,21,20,10,"blue",6483
"675c61776fc3233ee8002446",61,600,26,20,20,"blue",7832
"675c61776fc3233ee8002446",62,400,35,32,20,"blue",4724
"675c61776fc3233ee8002446",63,500,28,27,10,"blue",6366
"675c61776fc3233ee8002446",64,500,25,16,10,"blue",5237
"675c61776fc3233ee8002446",65,400,26,15,2,"blue",4693
"675c61776fc3233ee8002446",66,400,16,12,20,"blue",6090
"675c61776fc3233ee8002446",67,400,28,25,10,"blue",4239
"675c61776fc3233ee8002446",68,400,30,29,2,"blue",3257
"675c61776fc3233ee8002446",69,600,32,31,20,"red",4736
"675c61776fc3233ee8002446",70,400,26,25,10,"red",4559
"675c61776fc3233ee8002446",71,400,34,35,20,"red",4643
"675c61776fc3233ee8002446",72,600,18,21,10,"red",6428
"675c61776fc3233ee8002446",73,400,33,27,2,"red",6458
"675c61776fc3233ee8002446",74,600,25,19,20,"red",7287
"675c61776fc3233ee8002446",75,600,18,17,20,"red",4945
"675c61776fc3233ee8002446",76,400,20,14,10,"red",4761
"675c61776fc3233ee8002446",77,400,19,15,10,"red",3717
"675c61776fc3233ee8002446",78,500,25,19,2,"red",4429
"675c61776fc3233ee8002446",79,400,14,11,20,"red",5786
"675c61776fc3233ee8002446",80,400,19,14,20,"red",5995
"675c61776fc3233ee8002446",81,400,34,34,2,"red",4320
"675c61776fc3233ee8002446",82,500,15,16,20,"red",5777
"675c61776fc3233ee8002446",83,400,27,26,10,"red",3960
"675c61776fc3233ee8002446",84,500,35,35,10,"red",7114
"675c61776fc3233ee8002446",85,400,32,34,2,"red",5736
"675c61776fc3233ee8002446",86,500,24,27,2,"red",3780
"675c61776fc3233ee8002446",87,400,14,12,2,"red",4384
"675c61776fc3233ee8002446",88,500,16,15,10,"red",2358
"675c61776fc3233ee8002446",89,600,14,11,20,"red",4382
"675c61776fc3233ee8002446",90,600,27,25,20,"red",3790
"675c61776fc3233ee8002446",91,400,17,15,2,"red",4692
"675c61776fc3233ee8002446",92,400,19,21,20,"red",2266
"675c61776fc3233ee8002446",93,400,25,29,20,"red",4086
"675c61776fc3233ee8002446",94,400,28,32,2,"red",3288
"675c61776fc3233ee8002446",95,600,24,27,20,"red",3672
"675c61776fc3233ee8002446",96,600,31,31,2,"red",4263
"675c61776fc3233ee8002446",97,500,19,19,10,"red",3704
"675c61776fc3233ee8002446",98,400,15,15,2,"red",5755
"675c61776fc3233ee8002446",99,500,25,25,10,"red",3165
"675c61776fc3233ee8002446",100,600,36,27,20,"red",3401
"675c61776fc3233ee8002446",101,500,24,19,2,"red",3561
"675c61776fc3233ee8002446",102,600,36,30,10,"red",4794
"675c61776fc3233ee8002446",103,500,16,22,10,"red",2889
"675c61776fc3233ee8002446",104,400,25,25,10,"red",3326
"675c61776fc3233ee8002446",105,600,36,30,2,"red",4975
"675c61776fc3233ee8002446",106,400,18,21,10,"red",3123
"675c61776fc3233ee8002446",107,500,34,29,2,"red",4044
"675c61776fc3233ee8002446",108,400,21,19,20,"red",3312
"675c61776fc3233ee8002446",109,600,34,31,10,"red",3954
"675c61776fc3233ee8002446",110,500,32,31,10,"red",4297
"675c61776fc3233ee8002446",111,500,14,15,20,"red",1985
"675c61776fc3233ee8002446",112,500,35,31,10,"red",4541
"675c61776fc3233ee8002446",113,400,32,30,20,"red",2955
"675c61776fc3233ee8002446",114,600,15,13,2,"red",3373
"675c61776fc3233ee8002446",115,400,31,24,2,"red",5199
"675c61776fc3233ee8002446",116,500,22,22,2,"red",3974
"67a4e8dd295e3fb3cf7cee74",21,600,35,25,10,"red",1634
"67a4e8dd295e3fb3cf7cee74",22,500,27,21,20,"red",1429
"67a4e8dd295e3fb3cf7cee74",23,400,15,8,20,"red",1237
"67a4e8dd295e3fb3cf7cee74",24,400,28,29,20,"red",1520
"67a4e8dd295e3fb3cf7cee74",25,600,23,30,10,"red",1427
"67a4e8dd295e3fb3cf7cee74",26,400,33,30,20,"red",1765
"67a4e8dd295e3fb3cf7cee74",27,400,28,34,10,"red",1186
"67a4e8dd295e3fb3cf7cee74",28,600,16,8,20,"red",1157
"67a4e8dd295e3fb3cf7cee74",29,600,30,25,2,"red",1306
"67a4e8dd295e3fb3cf7cee74",30,600,24,20,10,"red",1315
"67a4e8dd295e3fb3cf7cee74",31,600,32,24,2,"red",1901
"67a4e8dd295e3fb3cf7cee74",32,500,18,16,10,"red",1010
"67a4e8dd295e3fb3cf7cee74",33,600,24,15,20,"red",1256
"67a4e8dd295e3fb3cf7cee74",34,400,21,15,20,"red",1143
"67a4e8dd295e3fb3cf7cee74",35,400,34,23,2,"red",1927
"67a4e8dd295e3fb3cf7cee74",36,500,21,17,10,"red",1212
"67a4e8dd295e3fb3cf7cee74",37,600,20,19,10,"red",1410
"67a4e8dd295e3fb3cf7cee74",38,500,20,13,10,"red",1808
"67a4e8dd295e3fb3cf7cee74",40,500,14,19,20,"red",1726
"67a4e8dd295e3fb3cf7cee74",41,400,16,22,10,"red",1436
"67a4e8dd295e3fb3cf7cee74",42,600,27,17,2,"red",1313
"67a4e8dd295e3fb3cf7cee74",43,400,31,19,20,"red",1502
"67a4e8dd295e3fb3cf7cee74",44,500,35,24,20,"red",1406
"67a4e8dd295e3fb3cf7cee74",45,500,19,16,2,"red",1261
"67a4e8dd295e3fb3cf7cee74",46,500,16,14,2,"red",1549
"67a4e8dd295e3fb3cf7cee74",47,600,33,23,10,"red",1256
"67a4e8dd295e3fb3cf7cee74",48,400,30,26,10,"red",1643
"67a4e8dd295e3fb3cf7cee74",49,500,29,19,10,"red",1366
"67a4e8dd295e3fb3cf7cee74",50,600,20,23,20,"red",1585
"67a4e8dd295e3fb3cf7cee74",51,500,21,17,2,"red",1255
"67a4e8dd295e3fb3cf7cee74",52,600,16,12,20,"red",1380
"67a4e8dd295e3fb3cf7cee74",53,500,17,12,20,"red",1419
"67a4e8dd295e3fb3cf7cee74",54,600,21,14,2,"red",1225
"67a4e8dd295e3fb3cf7cee74",55,400,22,14,2,"red",1196
"67a4e8dd295e3fb3cf7cee74",56,600,33,27,10,"red",1336
"67a4e8dd295e3fb3cf7cee74",57,500,27,21,10,"red",1667
"67a4e8dd295e3fb3cf7cee74",58,500,24,22,2,"red",1026
"67a4e8dd295e3fb3cf7cee74",59,500,35,29,2,"red",1349
"67a4e8dd295e3fb3cf7cee74",60,400,19,24,20,"red",1933
"67a4e8dd295e3fb3cf7cee74",61,400,36,30,10,"red",1220
"67a4e8dd295e3fb3cf7cee74",62,500,35,33,10,"red",1408
"67a4e8dd295e3fb3cf7cee74",63,600,32,28,2,"red",1076
"67a4e8dd295e3fb3cf7cee74",64,600,20,22,2,"red",1098
"67a4e8dd295e3fb3cf7cee74",65,400,22,21,2,"red",1722
"67a4e8dd295e3fb3cf7cee74",66,600,16,24,20,"red",1707
"67a4e8dd295e3fb3cf7cee74",67,500,24,22,2,"red",1846
"67a4e8dd295e3fb3cf7cee74",68,600,14,19,2,"red",1535
"67a4e8dd295e3fb3cf7cee74",69,600,34,19,2,"blue",1139
"67a4e8dd295e3fb3cf7cee74",70,500,17,13,2,"blue",1093
"67a4e8dd295e3fb3cf7cee74",71,600,24,24,20,"blue",1329
"67a4e8dd295e3fb3cf7cee74",72,500,22,20,20,"blue",1248
"67a4e8dd295e3fb3cf7cee74",73,400,23,21,10,"blue",1658
"67a4e8dd295e3fb3cf7cee74",74,600,22,21,20,"blue",1559
"67a4e8dd295e3fb3cf7cee74",75,600,16,20,10,"blue",1347
"67a4e8dd295e3fb3cf7cee74",76,500,14,15,2,"blue",1290
"67a4e8dd295e3fb3cf7cee74",77,600,26,17,2,"blue",1949
"67a4e8dd295e3fb3cf7cee74",78,500,31,23,10,"blue",1979
"67a4e8dd295e3fb3cf7cee74",79,600,26,17,2,"blue",1635
"67a4e8dd295e3fb3cf7cee74",80,600,15,21,2,"blue",1773
"67a4e8dd295e3fb3cf7cee74",81,600,16,19,10,"blue",1394
"67a4e8dd295e3fb3cf7cee74",82,600,16,18,2,"blue",1522
"67a4e8dd295e3fb3cf7cee74",83,600,33,24,20,"blue",1825
"67a4e8dd295e3fb3cf7cee74",84,400,31,21,2,"blue",1078
"67a4e8dd295e3fb3cf7cee74",85,500,16,19,10,"blue",1247
"67a4e8dd295e3fb3cf7cee74",86,600,19,22,10,"blue",1389
"67a4e8dd295e3fb3cf7cee74",87,500,29,19,10,"blue",1679
"67a4e8dd295e3fb3cf7cee74",88,500,19,20,10,"blue",1371
"67a4e8dd295e3fb3cf7cee74",89,400,33,23,20,"blue",1693
"67a4e8dd295e3fb3cf7cee74",94,600,33,24,20,"blue",2324
"67a4e8dd295e3fb3cf7cee74",95,400,21,23,20,"blue",1544
"67a4e8dd295e3fb3cf7cee74",96,500,20,23,20,"blue",1274
"67a4e8dd295e3fb3cf7cee74",97,600,36,22,20,"blue",1599
"67a4e8dd295e3fb3cf7cee74",98,500,21,23,20,"blue",1361
"67a4e8dd295e3fb3cf7cee74",99,600,18,21,2,"blue",1421
"67a4e8dd295e3fb3cf7cee74",100,600,19,20,2,"blue",1408
"67a4e8dd295e3fb3cf7cee74",101,400,28,20,2,"blue",1212
"67a4e8dd295e3fb3cf7cee74",102,500,19,19,20,"blue",911
"67a4e8dd295e3fb3cf7cee74",103,500,27,21,20,"blue",981
"67a4e8dd295e3fb3cf7cee74",104,600,27,18,10,"blue",940
"67a4e8dd295e3fb3cf7cee74",105,600,33,21,2,"blue",1027
"67a4e8dd295e3fb3cf7cee74",106,400,34,30,10,"blue",1244
"67a4e8dd295e3fb3cf7cee74",107,400,35,27,20,"blue",953
"67a4e8dd295e3fb3cf7cee74",108,400,19,25,20,"blue",1595
"67a4e8dd295e3fb3cf7cee74",109,500,36,33,10,"blue",961
"67a4e8dd295e3fb3cf7cee74",110,500,23,31,20,"blue",992
"67a4e8dd295e3fb3cf7cee74",111,400,29,21,2,"blue",748
"67a4e8dd295e3fb3cf7cee74",112,500,18,31,10,"blue",933
"67a4e8dd295e3fb3cf7cee74",113,600,22,26,2,"blue",849
"67a4e8dd295e3fb3cf7cee74",114,400,32,29,10,"blue",1059
"67a4e8dd295e3fb3cf7cee74",115,600,30,34,20,"blue",994
"67a4e8dd295e3fb3cf7cee74",116,600,31,30,2,"blue",1113
"67be4c756ba3a15a47e60356",21,500,25,12,2,"red",3229
"67be4c756ba3a15a47e60356",22,600,14,9,20,"red",3044
"67be4c756ba3a15a47e60356",23,600,31,19,20,"red",5617
"67be4c756ba3a15a47e60356",24,500,14,15,10,"red",3761
"67be4c756ba3a15a47e60356",25,400,22,17,20,"red",4787
"67be4c756ba3a15a47e60356",26,600,16,8,20,"red",4558
"67be4c756ba3a15a47e60356",27,400,33,23,20,"red",3361
"67be4c756ba3a15a47e60356",28,400,31,28,10,"red",4651
"67be4c756ba3a15a47e60356",29,600,36,24,20,"red",4116
"67be4c756ba3a15a47e60356",30,500,25,16,10,"red",3626
"67be4c756ba3a15a47e60356",31,400,30,22,20,"red",4316
"67be4c756ba3a15a47e60356",32,500,27,28,10,"red",4115
"67be4c756ba3a15a47e60356",33,400,27,19,10,"red",4649
"67be4c756ba3a15a47e60356",34,400,26,26,2,"red",2843
"67be4c756ba3a15a47e60356",35,400,34,26,20,"red",5309
"67be4c756ba3a15a47e60356",36,400,25,26,2,"red",5552
"67be4c756ba3a15a47e60356",37,400,35,31,2,"red",4113
"67be4c756ba3a15a47e60356",38,500,28,28,2,"red",2889
"67be4c756ba3a15a47e60356",39,600,22,17,20,"red",3948
"67be4c756ba3a15a47e60356",40,500,24,24,2,"red",3786
"67be4c756ba3a15a47e60356",41,500,23,24,10,"red",3492
"67be4c756ba3a15a47e60356",42,500,20,17,10,"red",3404
"67be4c756ba3a15a47e60356",43,600,23,22,2,"red",2877
"67be4c756ba3a15a47e60356",44,600,26,15,20,"red",5081
"67be4c756ba3a15a47e60356",45,400,22,17,20,"red",2657
"67be4c756ba3a15a47e60356",46,400,29,25,10,"red",4760
"67be4c756ba3a15a47e60356",47,500,29,24,20,"red",3894
"67be4c756ba3a15a47e60356",48,500,30,23,10,"red",4898
"67be4c756ba3a15a47e60356",49,600,35,29,2,"red",2827
"67be4c756ba3a15a47e60356",50,600,32,28,10,"red",4417
"67be4c756ba3a15a47e60356",51,500,28,27,20,"red",3533
"67be4c756ba3a15a47e60356",53,600,29,26,2,"red",4954
"67be4c756ba3a15a47e60356",54,400,34,29,2,"red",2912
"67be4c756ba3a15a47e60356",55,400,34,30,2,"red",3997
"67be4c756ba3a15a47e60356",56,500,17,17,10,"red",3179
"67be4c756ba3a15a47e60356",57,600,24,15,2,"red",4063
"67be4c756ba3a15a47e60356",58,500,27,26,10,"red",5412
"67be4c756ba3a15a47e60356",59,500,24,19,2,"red",2737
"67be4c756ba3a15a47e60356",60,600,20,14,10,"red",3391
"67be4c756ba3a15a47e60356",61,500,36,28,10,"red",3413
"67be4c756ba3a15a47e60356",62,600,23,19,10,"red",2998
"67be4c756ba3a15a47e60356",63,500,24,12,20,"red",2693
"67be4c756ba3a15a47e60356",64,500,17,10,20,"red",2943
"67be4c756ba3a15a47e60356",65,500,27,25,2,"red",2294
"67be4c756ba3a15a47e60356",66,500,36,27,2,"red",4394
"67be4c756ba3a15a47e60356",67,400,22,18,20,"red",5385
"67be4c756ba3a15a47e60356",68,600,26,24,2,"red",2868
"67be4c756ba3a15a47e60356",69,400,30,18,20,"blue",3057
"67be4c756ba3a15a47e60356",70,500,35,26,20,"blue",3894
"67be4c756ba3a15a47e60356",71,500,19,12,2,"blue",2878
"67be4c756ba3a15a47e60356",72,400,31,28,10,"blue",4244
"67be4c756ba3a15a47e60356",73,600,26,24,2,"blue",5681
"67be4c756ba3a15a47e60356",74,500,18,13,2,"blue",2757
"67be4c756ba3a15a47e60356",75,400,34,24,2,"blue",3109
"67be4c756ba3a15a47e60356",76,500,22,17,10,"blue",4108
"67be4c756ba3a15a47e60356",77,600,36,25,10,"blue",3076
"67be4c756ba3a15a47e60356",78,400,16,11,20,"blue",2928
"67be4c756ba3a15a47e60356",79,500,23,16,20,"blue",3138
"67be4c756ba3a15a47e60356",80,600,17,14,20,"blue",3085
"67be4c756ba3a15a47e60356",81,600,18,13,20,"blue",3638
"67be4c756ba3a15a47e60356",82,500,28,21,20,"blue",2818
"67be4c756ba3a15a47e60356",83,400,30,21,10,"blue",3661
"67be4c756ba3a15a47e60356",84,400,19,17,10,"blue",4359
"67be4c756ba3a15a47e60356",85,500,17,11,2,"blue",2515
"67be4c756ba3a15a47e60356",86,600,14,9,10,"blue",2995
"67be4c756ba3a15a47e60356",87,400,21,19,2,"blue",2827
"67be4c756ba3a15a47e60356",88,600,33,22,20,"blue",3767
"67be4c756ba3a15a47e60356",89,500,27,21,2,"blue",2710
"67be4c756ba3a15a47e60356",90,500,34,30,10,"blue",2945
"67be4c756ba3a15a47e60356",91,600,34,27,20,"blue",3361
"67be4c756ba3a15a47e60356",92,500,30,19,20,"blue",2623
"67be4c756ba3a15a47e60356",93,500,33,26,2,"blue",3926
"67be4c756ba3a15a47e60356",94,400,16,15,2,"blue",3039
"67be4c756ba3a15a47e60356",95,600,31,20,20,"blue",4195
"67be4c756ba3a15a47e60356",96,500,14,11,20,"blue",3081
"67be4c756ba3a15a47e60356",97,600,19,12,10,"blue",3810
"67be4c756ba3a15a47e60356",98,500,33,28,2,"blue",2378
"67be4c756ba3a15a47e60356",99,400,25,16,10,"blue",2321
"67be4c756ba3a15a47e60356",100,600,20,12,20,"blue",2501
"67be4c756ba3a15a47e60356",101,600,14,10,2,"blue",3562
"67be4c756ba3a15a47e60356",102,600,19,13,10,"blue",2027
"67be4c756ba3a15a47e60356",103,400,35,21,2,"blue",2348
"67be4c756ba3a15a47e60356",104,400,25,19,10,"blue",3650
"67be4c756ba3a15a47e60356",105,500,16,13,10,"blue",2301
"67be4c756ba3a15a47e60356",106,400,19,16,2,"blue",3926
"67be4c756ba3a15a47e60356",107,400,18,17,10,"blue",2609
"67be4c756ba3a15a47e60356",108,600,30,20,20,"blue",3038
"67be4c756ba3a15a47e60356",109,600,19,13,20,"blue",3242
"67be4c756ba3a15a47e60356",110,400,16,8,2,"blue",2435
"67be4c756ba3a15a47e60356",111,600,27,18,2,"blue",2809
"67be4c756ba3a15a47e60356",112,400,22,18,10,"blue",3051
"67be4c756ba3a15a47e60356",113,500,25,25,2,"blue",3594
"67be4c756ba3a15a47e60356",114,400,20,19,20,"blue",3065
"67be4c756ba3a15a47e60356",115,400,15,12,10,"blue",3497
"67be4c756ba3a15a47e60356",116,400,20,17,10,"blue",3766
"67d1ddb07de1caaaa343e133",21,500,32,32,10,"red",3743
"67d1ddb07de1caaaa343e133",22,500,27,28,2,"red",3012
"67d1ddb07de1caaaa343e133",23,500,35,37,20,"red",3122
"67d1ddb07de1caaaa343e133",24,500,34,34,10,"red",2865
"67d1ddb07de1caaaa343e133",25,500,21,27,10,"red",3329
"67d1ddb07de1caaaa343e133",26,500,29,27,10,"red",3280
"67d1ddb07de1caaaa343e133",27,400,19,16,20,"red",3708
"67d1ddb07de1caaaa343e133",28,400,16,20,10,"red",2741
"67d1ddb07de1caaaa343e133",29,500,32,36,10,"red",3004
"67d1ddb07de1caaaa343e133",30,500,14,20,10,"red",4247
"67d1ddb07de1caaaa343e133",31,500,23,22,10,"red",5219
"67d1ddb07de1caaaa343e133",33,400,21,22,20,"red",2654
"67d1ddb07de1caaaa343e133",34,500,23,16,2,"red",3440
"67d1ddb07de1caaaa343e133",36,600,26,19,10,"red",4991
"67d1ddb07de1caaaa343e133",37,400,21,24,10,"red",3168
"67d1ddb07de1caaaa343e133",38,500,29,24,20,"red",3635
"67d1ddb07de1caaaa343e133",39,500,23,27,2,"red",2811
"67d1ddb07de1caaaa343e133",40,600,23,19,10,"red",3192
"67d1ddb07de1caaaa343e133",41,500,35,28,2,"red",2446
"67d1ddb07de1caaaa343e133",43,500,14,13,20,"red",4482
"67d1ddb07de1caaaa343e133",44,600,35,32,10,"red",4195
"67d1ddb07de1caaaa343e133",45,400,31,25,2,"red",2473
"67d1ddb07de1caaaa343e133",46,500,19,9,20,"red",5545
"67d1ddb07de1caaaa343e133",47,400,33,21,20,"red",3982
"67d1ddb07de1caaaa343e133",48,400,23,25,2,"red",4202
"67d1ddb07de1caaaa343e133",49,400,22,25,2,"red",2535
"67d1ddb07de1caaaa343e133",50,400,23,20,2,"red",4977
"67d1ddb07de1caaaa343e133",51,400,20,22,2,"red",2373
"67d1ddb07de1caaaa343e133",52,500,15,18,2,"red",4696
"67d1ddb07de1caaaa343e133",53,400,36,32,2,"red",4059
"67d1ddb07de1caaaa343e133",54,400,24,29,20,"red",3594
"67d1ddb07de1caaaa343e133",55,600,15,21,10,"red",3604
"67d1ddb07de1caaaa343e133",56,500,35,29,2,"red",1678
"67d1ddb07de1caaaa343e133",57,600,33,27,20,"red",3358
"67d1ddb07de1caaaa343e133",58,600,35,37,10,"red",2793
"67d1ddb07de1caaaa343e133",59,500,23,27,2,"red",2075
"67d1ddb07de1caaaa343e133",60,400,22,21,2,"red",2346
"67d1ddb07de1caaaa343e133",61,600,29,26,20,"red",3302
"67d1ddb07de1caaaa343e133",62,500,15,17,10,"red",2595
"67d1ddb07de1caaaa343e133",63,600,20,12,20,"red",1843
"67d1ddb07de1caaaa343e133",64,400,23,14,20,"red",2433
"67d1ddb07de1caaaa343e133",65,400,17,18,2,"red",2332
"67d1ddb07de1caaaa343e133",66,600,16,19,10,"red",2541
"67d1ddb07de1caaaa343e133",67,600,25,17,20,"red",2296
"67d1ddb07de1caaaa343e133",68,500,18,12,20,"red",3381
"67d1ddb07de1caaaa343e133",70,500,26,17,20,"blue",2711
"67d1ddb07de1caaaa343e133",71,400,28,20,10,"blue",2790
"67d1ddb07de1caaaa343e133",72,600,21,20,10,"blue",3149
"67d1ddb07de1caaaa343e133",73,500,30,25,10,"blue",2784
"67d1ddb07de1caaaa343e133",74,600,27,18,10,"blue",2255
"67d1ddb07de1caaaa343e133",75,500,31,31,10,"blue",2609
"67d1ddb07de1caaaa343e133",76,600,33,27,2,"blue",2289
"67d1ddb07de1caaaa343e133",77,500,30,15,20,"blue",2528
"67d1ddb07de1caaaa343e133",78,500,34,31,10,"blue",2296
"67d1ddb07de1caaaa343e133",79,400,31,25,20,"blue",1849
"67d1ddb07de1caaaa343e133",80,400,32,25,20,"blue",2071
"67d1ddb07de1caaaa343e133",81,400,23,33,10,"blue",2283
"67d1ddb07de1caaaa343e133",82,500,27,20,10,"blue",2666
"67d1ddb07de1caaaa343e133",83,600,29,15,2,"blue",1952
"67d1ddb07de1caaaa343e133",84,600,15,18,10,"blue",2025
"67d1ddb07de1caaaa343e133",85,400,15,16,10,"blue",2801
"67d1ddb07de1caaaa343e133",86,600,25,21,20,"blue",2990
"67d1ddb07de1caaaa343e133",87,500,33,32,10,"blue",2085
"67d1ddb07de1caaaa343e133",88,600,32,26,10,"blue",2373
"67d1ddb07de1caaaa343e133",89,400,19,21,20,"blue",2638
"67d1ddb07de1caaaa343e133",90,600,19,19,2,"blue",2231
"67d1ddb07de1caaaa343e133",91,400,26,19,20,"blue",2808
"67d1ddb07de1caaaa343e133",92,600,17,29,2,"blue",1761
"67d1ddb07de1caaaa343e133",93,500,36,25,20,"blue",2520
"67d1ddb07de1caaaa343e133",94,500,31,20,2,"blue",2173
"67d1ddb07de1caaaa343e133",95,500,17,26,20,"blue",2952
"67d1ddb07de1caaaa343e133",96,400,14,19,10,"blue",2456
"67d1ddb07de1caaaa343e133",97,400,36,33,2,"blue",2351
"67d1ddb07de1caaaa343e133",98,600,27,32,2,"blue",2372
"67d1ddb07de1caaaa343e133",99,400,21,23,2,"blue",1921
"67d1ddb07de1caaaa343e133",100,500,21,23,10,"blue",5600
"67d1ddb07de1caaaa343e133",101,600,36,38,20,"blue",2578
"67d1ddb07de1caaaa343e133",102,500,22,29,2,"blue",2271
"67d1ddb07de1caaaa343e133",103,400,35,34,2,"blue",2177
"67d1ddb07de1caaaa343e133",104,600,36,39,2,"blue",2114
"67d1ddb07de1caaaa343e133",105,500,28,37,2,"blue",2208
"67d1ddb07de1caaaa343e133",106,500,21,20,20,"blue",2195
"67d1ddb07de1caaaa343e133",107,500,20,15,20,"blue",2305
"67d1ddb07de1caaaa343e133",108,400,20,32,2,"blue",2093
"67d1ddb07de1caaaa343e133",109,400,14,24,10,"blue",2166
"67d1ddb07de1caaaa343e133",110,500,34,39,20,"blue",1920
"67d1ddb07de1caaaa343e133",111,600,27,42,2,"blue",1878
"67d1ddb07de1caaaa343e133",112,500,20,20,20,"blue",1916
"67d1ddb07de1caaaa343e133",113,500,15,14,20,"blue",1917
"67d1ddb07de1caaaa343e133",114,400,15,12,20,"blue",1896
"67d1ddb07de1caaaa343e133",115,500,19,17,10,"blue",1868
"67d1ddb07de1caaaa343e133",116,400,30,34,2,"blue",1719
"67e1dc9c35b6facf1079fb30",22,600,28,22,10,"blue",4547
"67e1dc9c35b6facf1079fb30",23,500,17,9,20,"blue",3400
"67e1dc9c35b6facf1079fb30",24,500,26,15,2,"blue",4978
"67e1dc9c35b6facf1079fb30",25,500,32,21,10,"blue",4203
"67e1dc9c35b6facf1079fb30",26,500,28,18,2,"blue",4007
"67e1dc9c35b6facf1079fb30",27,600,16,12,2,"blue",3146
"67e1dc9c35b6facf1079fb30",28,500,27,17,2,"blue",3949
"67e1dc9c35b6facf1079fb30",29,400,22,16,2,"blue",3683
"67e1dc9c35b6facf1079fb30",33,400,16,9,20,"blue",4581
"67e1dc9c35b6facf1079fb30",34,400,15,14,20,"blue",3938
"67e1dc9c35b6facf1079fb30",35,400,35,24,10,"blue",2984
"67e1dc9c35b6facf1079fb30",36,500,21,15,2,"blue",2719
"67e1dc9c35b6facf1079fb30",39,500,24,19,10,"blue",3058
"67e1dc9c35b6facf1079fb30",40,600,35,26,10,"blue",3673
"67e1dc9c35b6facf1079fb30",41,500,25,22,2,"blue",3242
"67e1dc9c35b6facf1079fb30",42,400,16,9,20,"blue",3637
"67e1dc9c35b6facf1079fb30",43,600,33,15,10,"blue",4097
"67e1dc9c35b6facf1079fb30",44,600,36,24,20,"blue",3711
"67e1dc9c35b6facf1079fb30",45,600,17,17,10,"blue",3463
"67e1dc9c35b6facf1079fb30",46,600,35,25,2,"blue",4552
"67e1dc9c35b6facf1079fb30",47,500,14,20,10,"blue",3016
"67e1dc9c35b6facf1079fb30",48,600,31,19,20,"blue",3487
"67e1dc9c35b6facf1079fb30",49,400,32,20,10,"blue",3120
"67e1dc9c35b6facf1079fb30",50,500,16,11,20,"blue",3536
"67e1dc9c35b6facf1079fb30",51,400,28,20,10,"blue",2751
"67e1dc9c35b6facf1079fb30",52,500,22,13,2,"blue",3264
"67e1dc9c35b6facf1079fb30",53,500,35,23,10,"blue",3299
"67e1dc9c35b6facf1079fb30",54,600,18,19,20,"blue",2172
"67e1dc9c35b6facf1079fb30",55,400,21,17,2,"blue",2972
"67e1dc9c35b6facf1079fb30",56,600,31,19,2,"blue",2627
"67e1dc9c35b6facf1079fb30",57,600,16,21,10,"blue",2482
"67e1dc9c35b6facf1079fb30",59,500,34,29,20,"blue",3504
"67e1dc9c35b6facf1079fb30",60,500,17,12,2,"blue",2085
"67e1dc9c35b6facf1079fb30",61,500,30,26,10,"blue",2529
"67e1dc9c35b6facf1079fb30",62,600,32,26,20,"blue",2387
"67e1dc9c35b6facf1079fb30",63,600,30,23,10,"blue",2270
"67e1dc9c35b6facf1079fb30",64,500,18,14,20,"blue",2469
"67e1dc9c35b6facf1079fb30",65,400,25,21,10,"blue",2497
"67e1dc9c35b6facf1079fb30",66,600,31,23,20,"blue",2419
"67e1dc9c35b6facf1079fb30",68,500,19,16,2,"blue",3381
"67e1dc9c35b6facf1079fb30",69,400,34,32,10,"red",2373
"67e1dc9c35b6facf1079fb30",70,600,18,23,10,"red",5191
"67e1dc9c35b6facf1079fb30",71,600,14,12,2,"red",2539
"67e1dc9c35b6facf1079fb30",72,400,30,23,10,"red",3385
"67e1dc9c35b6facf1079fb30",73,600,35,32,10,"red",2857
"67e1dc9c35b6facf1079fb30",74,400,14,10,2,"red",1763
"67e1dc9c35b6facf1079fb30",75,600,16,16,10,"red",2917
"67e1dc9c35b6facf1079fb30",76,600,25,17,10,"red",3301
"67e1dc9c35b6facf1079fb30",77,600,35,29,2,"red",2352
"67e1dc9c35b6facf1079fb30",79,400,22,30,10,"red",2210
"67e1dc9c35b6facf1079fb30",80,500,14,14,20,"red",3241
"67e1dc9c35b6facf1079fb30",82,400,28,24,10,"red",3519
"67e1dc9c35b6facf1079fb30",83,600,14,13,10,"red",2345
"67e1dc9c35b6facf1079fb30",84,400,22,15,2,"red",2952
"67e1dc9c35b6facf1079fb30",85,400,35,33,2,"red",3339
"67e1dc9c35b6facf1079fb30",86,500,26,24,20,"red",3933
"67e1dc9c35b6facf1079fb30",87,500,31,31,10,"red",3539
"67e1dc9c35b6facf1079fb30",88,500,25,25,20,"red",1836
"67e1dc9c35b6facf1079fb30",89,600,14,12,2,"red",3678
"67e1dc9c35b6facf1079fb30",90,400,18,14,2,"red",3005
"67e1dc9c35b6facf1079fb30",91,400,29,27,20,"red",2462
"67e1dc9c35b6facf1079fb30",92,500,32,28,2,"red",2836
"67e1dc9c35b6facf1079fb30",93,400,29,25,20,"red",2488
"67e1dc9c35b6facf1079fb30",94,400,35,31,20,"red",2742
"67e1dc9c35b6facf1079fb30",95,400,35,31,2,"red",3372
"67e1dc9c35b6facf1079fb30",96,500,26,25,2,"red",3824
"67e1dc9c35b6facf1079fb30",97,600,28,20,20,"red",2365
"67e1dc9c35b6facf1079fb30",98,600,18,20,2,"red",3024
"67e1dc9c35b6facf1079fb30",99,500,36,39,2,"red",2080
"67e1dc9c35b6facf1079fb30",100,400,19,3,10,"red",2735
"67e1dc9c35b6facf1079fb30",101,600,18,13,20,"red",4362
"67e1dc9c35b6facf1079fb30",102,500,16,10,20,"red",1701
"67e1dc9c35b6facf1079fb30",103,500,16,14,2,"red",2449
"67e1dc9c35b6facf1079fb30",104,400,15,12,20,"red",1986
"67e1dc9c35b6facf1079fb30",105,600,14,13,2,"red",2198
"67e1dc9c35b6facf1079fb30",106,400,15,17,10,"red",3971
"67e1dc9c35b6facf1079fb30",107,500,35,32,10,"red",1950
"67e1dc9c35b6facf1079fb30",108,500,24,28,2,"red",2295
"67e1dc9c35b6facf1079fb30",109,500,35,34,20,"red",1928
"67e1dc9c35b6facf1079fb30",110,600,30,24,20,"red",2000
"67e1dc9c35b6facf1079fb30",111,600,19,10,20,"red",1735
"67e1dc9c35b6facf1079fb30",112,600,33,32,2,"red",2953
"67e1dc9c35b6facf1079fb30",113,500,27,20,20,"red",3003
"67e1dc9c35b6facf1079fb30",114,400,19,17,10,"red",2684
"67e1dc9c35b6facf1079fb30",115,500,35,38,10,"red",2645
"67e1dc9c35b6facf1079fb30",116,600,24,23,20,"red",1678
"67e467ad6bd6407f4c60fb77",22,400,26,23,10,"red",3068
"67e467ad6bd6407f4c60fb77",23,600,33,27,2,"red",2816
"67e467ad6bd6407f4c60fb77",24,400,19,16,2,"red",2630
"67e467ad6bd6407f4c60fb77",25,500,17,19,2,"red",2715
"67e467ad6bd6407f4c60fb77",26,500,27,27,10,"red",1941
"67e467ad6bd6407f4c60fb77",27,600,23,20,2,"red",2294
"67e467ad6bd6407f4c60fb77",28,500,31,24,20,"red",2218
"67e467ad6bd6407f4c60fb77",29,600,26,22,2,"red",2116
"67e467ad6bd6407f4c60fb77",30,400,34,23,10,"red",2421
"67e467ad6bd6407f4c60fb77",31,600,18,13,2,"red",1527
"67e467ad6bd6407f4c60fb77",32,500,18,17,10,"red",2024
"67e467ad6bd6407f4c60fb77",33,400,19,18,20,"red",2341
"67e467ad6bd6407f4c60fb77",34,600,22,14,10,"red",2601
"67e467ad6bd6407f4c60fb77",35,400,32,30,20,"red",2218
"67e467ad6bd6407f4c60fb77",36,500,21,16,20,"red",3075
"67e467ad6bd6407f4c60fb77",37,600,30,21,10,"red",2021
"67e467ad6bd6407f4c60fb77",38,500,35,32,10,"red",1708
"67e467ad6bd6407f4c60fb77",39,500,27,34,10,"red",3094
"67e467ad6bd6407f4c60fb77",40,400,22,22,10,"red",1947
"67e467ad6bd6407f4c60fb77",41,500,25,18,2,"red",1627
"67e467ad6bd6407f4c60fb77",42,500,22,25,2,"red",2143
"67e467ad6bd6407f4c60fb77",43,600,18,15,20,"red",2492
"67e467ad6bd6407f4c60fb77",45,400,29,25,2,"red",2022
"67e467ad6bd6407f4c60fb77",46,400,19,16,20,"red",2089
"67e467ad6bd6407f4c60fb77",47,400,14,12,10,"red",2055
"67e467ad6bd6407f4c60fb77",48,400,24,17,20,"red",2421
"67e467ad6bd6407f4c60fb77",49,400,17,17,20,"red",2300
"67e467ad6bd6407f4c60fb77",50,400,30,24,10,"red",1876
"67e467ad6bd6407f4c60fb77",51,400,32,24,20,"red",2011
"67e467ad6bd6407f4c60fb77",52,600,17,14,10,"red",2827
"67e467ad6bd6407f4c60fb77",53,500,35,31,10,"red",2058
"67e467ad6bd6407f4c60fb77",54,400,31,28,2,"red",2488
"67e467ad6bd6407f4c60fb77",55,400,22,17,10,"red",2853
"67e467ad6bd6407f4c60fb77",56,400,34,29,2,"red",2105
"67e467ad6bd6407f4c60fb77",57,400,30,22,20,"red",2574
"67e467ad6bd6407f4c60fb77",58,500,30,19,2,"red",1950
"67e467ad6bd6407f4c60fb77",59,600,22,16,2,"red",1954
"67e467ad6bd6407f4c60fb77",60,600,25,23,10,"red",1996
"67e467ad6bd6407f4c60fb77",61,600,18,16,20,"red",1841
"67e467ad6bd6407f4c60fb77",62,500,16,10,20,"red",2247
"67e467ad6bd6407f4c60fb77",63,500,19,10,2,"red",2081
"67e467ad6bd6407f4c60fb77",64,500,16,14,10,"red",2084
"67e467ad6bd6407f4c60fb77",65,600,23,18,20,"red",2017
"67e467ad6bd6407f4c60fb77",66,600,19,16,2,"red",1968
"67e467ad6bd6407f4c60fb77",67,400,31,23,20,"red",2260
"67e467ad6bd6407f4c60fb77",68,600,36,42,20,"red",2129
"67e467ad6bd6407f4c60fb77",69,500,31,22,2,"blue",2132
"67e467ad6bd6407f4c60fb77",70,500,28,19,10,"blue",2115
"67e467ad6bd6407f4c60fb77",71,500,23,23,10,"blue",1890
"67e467ad6bd6407f4c60fb77",72,400,35,35,20,"blue",2112
"67e467ad6bd6407f4c60fb77",73,400,21,20,10,"blue",2080
"67e467ad6bd6407f4c60fb77",74,500,21,19,2,"blue",2022
"67e467ad6bd6407f4c60fb77",75,500,29,18,2,"blue",2123
"67e467ad6bd6407f4c60fb77",76,600,26,19,20,"blue",2096
"67e467ad6bd6407f4c60fb77",77,400,26,25,10,"blue",1964
"67e467ad6bd6407f4c60fb77",78,600,33,29,2,"blue",1883
"67e467ad6bd6407f4c60fb77",79,400,36,35,2,"blue",1823
"67e467ad6bd6407f4c60fb77",80,400,31,26,20,"blue",2736
"67e467ad6bd6407f4c60fb77",81,500,19,25,10,"blue",1845
"67e467ad6bd6407f4c60fb77",82,400,30,28,20,"blue",1617
"67e467ad6bd6407f4c60fb77",83,600,29,29,20,"blue",1679
"67e467ad6bd6407f4c60fb77",84,600,34,41,20,"blue",1639
"67e467ad6bd6407f4c60fb77",85,400,17,17,20,"blue",1783
"67e467ad6bd6407f4c60fb77",86,500,28,22,20,"blue",1996
"67e467ad6bd6407f4c60fb77",87,600,32,27,2,"blue",1804
"67e467ad6bd6407f4c60fb77",88,500,28,23,10,"blue",2495
"67e467ad6bd6407f4c60fb77",89,400,34,28,20,"blue",2001
"67e467ad6bd6407f4c60fb77",90,500,19,18,20,"blue",1609
"67e467ad6bd6407f4c60fb77",91,500,20,21,10,"blue",2078
"67e467ad6bd6407f4c60fb77",92,400,32,30,10,"blue",2091
"67e467ad6bd6407f4c60fb77",93,400,24,19,20,"blue",2154
"67e467ad6bd6407f4c60fb77",94,600,16,12,2,"blue",1891
"67e467ad6bd6407f4c60fb77",95,400,21,14,2,"blue",2267
"67e467ad6bd6407f4c60fb77",96,400,19,14,2,"blue",1941
"67e467ad6bd6407f4c60fb77",97,500,15,11,2,"blue",1856
"67e467ad6bd6407f4c60fb77",98,500,20,13,2,"blue",1797
"67e467ad6bd6407f4c60fb77",99,500,14,15,10,"blue",2191
"67e467ad6bd6407f4c60fb77",100,600,16,17,10,"blue",1757
"67e467ad6bd6407f4c60fb77",101,500,36,34,2,"blue",1631
"67e467ad6bd6407f4c60fb77",102,600,19,22,10,"blue",2783
"67e467ad6bd6407f4c60fb77",103,600,26,27,20,"blue",2216
"67e467ad6bd6407f4c60fb77",104,400,14,19,20,"blue",1872
"67e467ad6bd6407f4c60fb77",105,600,17,12,2,"blue",1810
"67e467ad6bd6407f4c60fb77",106,500,17,17,20,"blue",1813
"67e467ad6bd6407f4c60fb77",107,500,28,23,10,"blue",2616
"67e467ad6bd6407f4c60fb77",108,500,33,33,2,"blue",1635
"67e467ad6bd6407f4c60fb77",109,600,22,26,10,"blue",2516
"67e467ad6bd6407f4c60fb77",110,500,28,26,10,"blue",2060
"67e467ad6bd6407f4c60fb77",111,600,28,21,20,"blue",2439
"67e467ad6bd6407f4c60fb77",112,500,29,26,2,"blue",1489
"67e467ad6bd6407f4c60fb77",113,600,25,21,2,"blue",1999
"67e467ad6bd6407f4c60fb77",114,600,34,26,10,"blue",2377
"67e467ad6bd6407f4c60fb77",115,500,23,24,20,"blue",2060
"67e467ad6bd6407f4c60fb77",116,400,23,21,10,"blue",2600
"680d85e020df383491477a41",21,400,28,25,2,"blue",2433
"680d85e020df383491477a41",22,600,33,29,20,"blue",2130
"680d85e020df383491477a41",23,400,28,24,2,"blue",3693
"680d85e020df383491477a41",24,600,33,24,20,"blue",2227
"680d85e020df383491477a41",25,600,32,20,10,"blue",2493
"680d85e020df383491477a41",26,500,15,17,2,"blue",4095
"680d85e020df383491477a41",27,500,25,20,20,"blue",3416
"680d85e020df383491477a41",28,600,26,17,2,"blue",2676
"680d85e020df383491477a41",29,400,33,23,20,"blue",3613
"680d85e020df383491477a41",30,500,35,25,20,"blue",1927
"680d85e020df383491477a41",31,500,32,20,2,"blue",2848
"680d85e020df383491477a41",32,600,26,20,20,"blue",2663
"680d85e020df383491477a41",33,600,34,23,20,"blue",2412
"680d85e020df383491477a41",34,400,22,17,2,"blue",3280
"680d85e020df383491477a41",35,400,19,15,2,"blue",2094
"680d85e020df383491477a41",36,400,31,23,10,"blue",2463
"680d85e020df383491477a41",37,400,24,15,2,"blue",2399
"680d85e020df383491477a41",38,600,23,20,10,"blue",4061
"680d85e020df383491477a41",39,400,17,15,2,"blue",2229
"680d85e020df383491477a41",41,400,26,21,2,"blue",2661
"680d85e020df383491477a41",42,600,30,24,20,"blue",2978
"680d85e020df383491477a41",43,400,18,19,2,"blue",2230
"680d85e020df383491477a41",44,500,29,18,2,"blue",2797
"680d85e020df383491477a41",45,400,33,24,20,"blue",1944
"680d85e020df383491477a41",46,500,18,17,10,"blue",3113
"680d85e020df383491477a41",47,600,23,14,2,"blue",2361
"680d85e020df383491477a41",48,400,28,20,20,"blue",2747
"680d85e020df383491477a41",49,500,21,19,10,"blue",3511
"680d85e020df383491477a41",50,500,16,12,20,"blue",2777
"680d85e020df383491477a41",51,500,31,19,10,"blue",2928
"680d85e020df383491477a41",52,600,28,22,10,"blue",3945
"680d85e020df383491477a41",53,400,24,16,2,"blue",4064
"680d85e020df383491477a41",54,400,16,15,20,"blue",3778
"680d85e020df383491477a41",55,500,15,15,20,"blue",3610
"680d85e020df383491477a41",56,400,33,18,20,"blue",3547
"680d85e020df383491477a41",57,600,18,13,10,"blue",2976
"680d85e020df383491477a41",58,500,14,13,10,"blue",2732
"680d85e020df383491477a41",59,400,22,16,10,"blue",2477
"680d85e020df383491477a41",60,600,19,12,10,"blue",3262
"680d85e020df383491477a41",61,400,19,8,2,"blue",2430
"680d85e020df383491477a41",62,400,36,21,20,"blue",3245
"680d85e020df383491477a41",63,400,28,25,10,"blue",2047
"680d85e020df383491477a41",64,500,18,17,10,"blue",2880
"680d85e020df383491477a41",65,500,15,14,10,"blue",2000
"680d85e020df383491477a41",66,400,29,21,2,"blue",4654
"680d85e020df383491477a41",67,500,31,26,10,"blue",4461
"680d85e020df383491477a41",68,500,30,26,20,"blue",3697
"680d85e020df383491477a41",69,400,26,20,10,"red",3745
"680d85e020df383491477a41",70,400,22,13,2,"red",2295
"680d85e020df383491477a41",71,600,23,18,2,"red",2981
"680d85e020df383491477a41",72,600,36,28,10,"red",3174
"680d85e020df383491477a41",73,400,15,21,10,"red",3615
"680d85e020df383491477a41",74,400,34,27,20,"red",2611
"680d85e020df383491477a41",75,500,29,26,20,"red",2591
"680d85e020df383491477a41",76,600,20,18,10,"red",3378
"680d85e020df383491477a41",77,500,17,20,10,"red",3631
"680d85e020df383491477a41",78,400,34,27,2,"red",2695
"680d85e020df383491477a41",79,600,33,29,20,"red",2046
"680d85e020df383491477a41",80,500,23,23,10,"red",4012
"680d85e020df383491477a41",81,500,24,25,10,"red",4777
"680d85e020df383491477a41",84,600,29,26,2,"red",4846
"680d85e020df383491477a41",85,600,26,26,20,"red",3630
"680d85e020df383491477a41",86,500,27,21,20,"red",2979
"680d85e020df383491477a41",87,500,21,22,2,"red",3429
"680d85e020df383491477a41",88,600,22,23,20,"red",4045
"680d85e020df383491477a41",89,400,23,21,20,"red",2495
"680d85e020df383491477a41",90,400,23,21,10,"red",3811
"680d85e020df383491477a41",91,400,27,28,10,"red",2879
"680d85e020df383491477a41",92,400,36,28,20,"red",4361
"680d85e020df383491477a41",93,600,27,26,10,"red",3062
"680d85e020df383491477a41",94,500,14,19,10,"red",2928
"680d85e020df383491477a41",95,500,19,16,10,"red",2264
"680d85e020df383491477a41",96,500,22,18,20,"red",2677
"680d85e020df383491477a41",97,600,21,19,2,"red",2726
"680d85e020df383491477a41",98,500,16,20,20,"red",3962
"680d85e020df383491477a41",99,600,29,23,20,"red",3382
"680d85e020df383491477a41",100,600,15,16,2,"red",2527
"680d85e020df383491477a41",101,600,17,20,20,"red",3696
"680d85e020df383491477a41",102,500,26,22,2,"red",3429
"680d85e020df383491477a41",103,400,14,19,10,"red",3013
"680d85e020df383491477a41",104,600,14,16,2,"red",2862
"680d85e020df383491477a41",105,500,19,17,2,"red",3846
"680d85e020df383491477a41",106,500,35,33,2,"red",2263
"680d85e020df383491477a41",107,500,16,23,10,"red",3028
"680d85e020df383491477a41",108,500,25,19,2,"red",2512
"680d85e020df383491477a41",109,600,25,22,10,"red",4428
"680d85e020df383491477a41",110,600,36,32,2,"red",3946
"680d85e020df383491477a41",111,400,35,29,2,"red",2928
"680d85e020df383491477a41",112,600,24,23,2,"red",3647
"680d85e020df383491477a41",113,500,18,19,20,"red",3612
"680d85e020df383491477a41",114,600,32,28,10,"red",2812
"680d85e020df383491477a41",115,600,30,27,20,"red",5095
"680d85e020df383491477a41",116,600,23,24,20,"red",2695
