"participant_id","trial","fixationTime","meanVal","indexSelected","array_length","color","rt"
"566a19b57da035000fb39b89",13,600,18,6,2,"red","2028"
"566a19b57da035000fb39b89",14,500,21,17,10,"red","2130"
"566a19b57da035000fb39b89",15,400,19,4,2,"red","1707"
"566a19b57da035000fb39b89",16,400,36,22,10,"red","2247"
"566a19b57da035000fb39b89",17,600,14,10,20,"red","2804"
"566a19b57da035000fb39b89",18,500,26,8,2,"red","2140"
"566a19b57da035000fb39b89",19,500,27,5,20,"red","2393"
"566a19b57da035000fb39b89",20,600,28,16,2,"red","3912"
"566a19b57da035000fb39b89",21,500,31,5,20,"red","2704"
"566a19b57da035000fb39b89",22,500,24,2,20,"red","2931"
"566a19b57da035000fb39b89",23,500,29,8,2,"red","2867"
"566a19b57da035000fb39b89",24,400,17,7,10,"red","2198"
"566a19b57da035000fb39b89",25,600,23,7,10,"red","2894"
"566a19b57da035000fb39b89",26,400,36,16,10,"red","2378"
"566a19b57da035000fb39b89",27,600,20,12,20,"red","2134"
"566a19b57da035000fb39b89",28,500,29,14,2,"red","3102"
"566a19b57da035000fb39b89",29,500,18,14,10,"red","2702"
"566a19b57da035000fb39b89",30,400,20,11,2,"red","2896"
"566a19b57da035000fb39b89",31,500,30,13,20,"red","2517"
"566a19b57da035000fb39b89",32,400,33,14,10,"red","2421"
"566a19b57da035000fb39b89",33,500,21,16,2,"red","2466"
"566a19b57da035000fb39b89",34,600,21,16,2,"red","2050"
"566a19b57da035000fb39b89",35,400,25,9,2,"red","2403"
"566a19b57da035000fb39b89",36,500,31,12,2,"red","2851"
"566a19b57da035000fb39b89",37,500,22,6,2,"red","2450"
"566a19b57da035000fb39b89",38,600,14,7,10,"red","3059"
"566a19b57da035000fb39b89",39,400,27,15,10,"red","2088"
"566a19b57da035000fb39b89",40,500,16,6,2,"red","2282"
"566a19b57da035000fb39b89",41,600,34,6,10,"red","2787"
"566a19b57da035000fb39b89",42,500,33,18,20,"red","3653"
"566a19b57da035000fb39b89",43,400,31,19,20,"red","2105"
"566a19b57da035000fb39b89",44,400,34,9,2,"red","2525"
"566a19b57da035000fb39b89",45,600,31,10,10,"red","2476"
"566a19b57da035000fb39b89",46,400,32,11,20,"red","3099"
"566a19b57da035000fb39b89",47,600,22,5,20,"red","3070"
"566a19b57da035000fb39b89",48,600,18,6,2,"red","2099"
"566a19b57da035000fb39b89",49,500,22,5,20,"red","3157"
"566a19b57da035000fb39b89",50,600,31,6,20,"red","3022"
"566a19b57da035000fb39b89",51,500,34,9,10,"red","2923"
"566a19b57da035000fb39b89",52,500,17,6,10,"red","3680"
"566a19b57da035000fb39b89",53,600,32,13,20,"red","2611"
"566a19b57da035000fb39b89",54,500,36,5,2,"red","2938"
"566a19b57da035000fb39b89",55,500,18,3,20,"red","2822"
"566a19b57da035000fb39b89",56,400,21,5,10,"red","3024"
"566a19b57da035000fb39b89",57,400,33,15,20,"red","2015"
"566a19b57da035000fb39b89",58,600,28,6,10,"red","2389"
"566a19b57da035000fb39b89",59,400,15,9,10,"red","2412"
"566a19b57da035000fb39b89",60,400,31,4,20,"red","3129"
"566a19b57da035000fb39b89",61,600,17,16,20,"blue","3271"
"566a19b57da035000fb39b89",62,600,25,13,10,"blue","2379"
"566a19b57da035000fb39b89",63,500,35,23,20,"blue","2320"
"566a19b57da035000fb39b89",64,500,31,17,20,"blue","2925"
"566a19b57da035000fb39b89",65,600,29,12,2,"blue","2451"
"566a19b57da035000fb39b89",66,600,28,23,20,"blue","2484"
"566a19b57da035000fb39b89",67,400,25,15,10,"blue","3108"
"566a19b57da035000fb39b89",68,600,29,13,10,"blue","3334"
"566a19b57da035000fb39b89",69,600,36,24,10,"blue","2789"
"566a19b57da035000fb39b89",70,400,25,19,20,"blue","3526"
"566a19b57da035000fb39b89",71,600,35,19,10,"blue","3322"
"566a19b57da035000fb39b89",72,600,25,21,20,"blue","2237"
"566a19b57da035000fb39b89",73,600,35,15,2,"blue","2705"
"566a19b57da035000fb39b89",74,500,25,18,20,"blue","2964"
"566a19b57da035000fb39b89",75,500,26,25,20,"blue","1804"
"566a19b57da035000fb39b89",76,500,23,15,20,"blue","3197"
"566a19b57da035000fb39b89",77,600,26,18,10,"blue","2348"
"566a19b57da035000fb39b89",78,400,21,7,2,"blue","1888"
"566a19b57da035000fb39b89",79,400,19,13,2,"blue","2214"
"566a19b57da035000fb39b89",80,600,25,11,2,"blue","2357"
"566a19b57da035000fb39b89",81,500,36,13,10,"blue","2253"
"566a19b57da035000fb39b89",82,400,23,15,10,"blue","2434"
"566a19b57da035000fb39b89",83,600,33,14,10,"blue","2358"
"566a19b57da035000fb39b89",84,500,14,9,2,"blue","2208"
"566a19b57da035000fb39b89",85,400,15,9,10,"blue","1589"
"566a19b57da035000fb39b89",86,400,32,16,2,"blue","2376"
"566a19b57da035000fb39b89",87,600,15,20,20,"blue","1442"
"566a19b57da035000fb39b89",88,600,34,30,2,"blue","2239"
"566a19b57da035000fb39b89",89,600,29,28,2,"blue","2169"
"566a19b57da035000fb39b89",90,500,27,24,2,"blue","1558"
"566a19b57da035000fb39b89",91,600,33,27,20,"blue","2123"
"566a19b57da035000fb39b89",92,600,16,19,10,"blue","1957"
"566a19b57da035000fb39b89",93,400,21,23,10,"blue","1825"
"566a19b57da035000fb39b89",94,400,14,11,2,"blue","1414"
"566a19b57da035000fb39b89",95,400,15,15,20,"blue","1600"
"566a19b57da035000fb39b89",96,400,35,29,20,"blue","1929"
"566a19b57da035000fb39b89",97,600,21,23,10,"blue","1731"
"566a19b57da035000fb39b89",98,500,27,26,2,"blue","1517"
"566a19b57da035000fb39b89",99,500,32,26,10,"blue","2344"
"566a19b57da035000fb39b89",100,600,18,19,20,"blue","1863"
"566a19b57da035000fb39b89",101,500,27,22,10,"blue","2226"
"566a19b57da035000fb39b89",102,400,25,16,2,"blue","2093"
"566a19b57da035000fb39b89",103,400,30,20,2,"blue","2732"
"566a19b57da035000fb39b89",104,400,21,19,2,"blue","2573"
"566a19b57da035000fb39b89",105,400,26,16,2,"blue","2305"
"566a19b57da035000fb39b89",106,600,31,24,20,"blue","1568"
"566a19b57da035000fb39b89",107,400,27,23,10,"blue","2144"
"566a19b57da035000fb39b89",108,600,14,19,20,"blue","2233"
"583ec287ad2f4300014b355a",13,400,14,3,2,"blue","3040"
"583ec287ad2f4300014b355a",14,600,18,11,2,"blue","1941"
"583ec287ad2f4300014b355a",15,500,24,16,20,"blue","1982"
"583ec287ad2f4300014b355a",16,400,31,21,10,"blue","1888"
"583ec287ad2f4300014b355a",17,600,32,25,2,"blue","3167"
"583ec287ad2f4300014b355a",18,600,23,20,10,"blue","2017"
"583ec287ad2f4300014b355a",19,400,24,23,10,"blue","1545"
"583ec287ad2f4300014b355a",20,400,31,21,2,"blue","1779"
"583ec287ad2f4300014b355a",21,500,24,23,20,"blue","1911"
"583ec287ad2f4300014b355a",22,500,30,25,20,"blue","2144"
"583ec287ad2f4300014b355a",23,400,20,17,20,"blue","1683"
"583ec287ad2f4300014b355a",24,400,24,15,2,"blue","1984"
"583ec287ad2f4300014b355a",25,400,36,21,2,"blue","1953"
"583ec287ad2f4300014b355a",26,400,26,20,10,"blue","1896"
"583ec287ad2f4300014b355a",27,500,24,18,20,"blue","1643"
"583ec287ad2f4300014b355a",28,400,24,21,10,"blue","2345"
"583ec287ad2f4300014b355a",29,600,24,16,20,"blue","1770"
"583ec287ad2f4300014b355a",30,500,17,16,2,"blue","1988"
"583ec287ad2f4300014b355a",31,500,20,15,20,"blue","1586"
"583ec287ad2f4300014b355a",32,600,16,18,10,"blue","1568"
"583ec287ad2f4300014b355a",33,500,29,21,2,"blue","1269"
"583ec287ad2f4300014b355a",34,600,32,26,20,"blue","2643"
"583ec287ad2f4300014b355a",35,600,17,21,10,"blue","2849"
"583ec287ad2f4300014b355a",36,500,25,19,20,"blue","1625"
"583ec287ad2f4300014b355a",37,400,21,20,10,"blue","1982"
"583ec287ad2f4300014b355a",38,400,27,17,2,"blue","1549"
"583ec287ad2f4300014b355a",39,600,35,19,10,"blue","1910"
"583ec287ad2f4300014b355a",40,400,20,16,10,"blue","2132"
"583ec287ad2f4300014b355a",41,600,26,16,2,"blue","2412"
"583ec287ad2f4300014b355a",42,600,14,17,20,"blue","2033"
"583ec287ad2f4300014b355a",43,600,29,20,10,"blue","1634"
"583ec287ad2f4300014b355a",44,400,31,20,2,"blue","1788"
"583ec287ad2f4300014b355a",45,400,32,22,20,"blue","1640"
"583ec287ad2f4300014b355a",46,400,27,20,2,"blue","1763"
"583ec287ad2f4300014b355a",47,600,19,24,20,"blue","3003"
"583ec287ad2f4300014b355a",48,500,19,17,10,"blue","2222"
"583ec287ad2f4300014b355a",49,500,15,12,10,"blue","1318"
"583ec287ad2f4300014b355a",50,400,32,20,20,"blue","1716"
"583ec287ad2f4300014b355a",51,400,31,28,20,"blue","1689"
"583ec287ad2f4300014b355a",52,600,20,10,2,"blue","1609"
"583ec287ad2f4300014b355a",53,500,34,23,20,"blue","2034"
"583ec287ad2f4300014b355a",54,500,34,27,2,"blue","1670"
"583ec287ad2f4300014b355a",55,500,35,30,20,"blue","2606"
"583ec287ad2f4300014b355a",56,600,24,22,10,"blue","2570"
"583ec287ad2f4300014b355a",57,500,21,18,10,"blue","2061"
"583ec287ad2f4300014b355a",58,600,21,24,10,"blue","2127"
"583ec287ad2f4300014b355a",59,400,28,16,2,"blue","13654"
"583ec287ad2f4300014b355a",60,500,22,17,2,"blue","1987"
"583ec287ad2f4300014b355a",61,400,23,9,2,"red","1850"
"583ec287ad2f4300014b355a",62,400,15,5,2,"red","2065"
"583ec287ad2f4300014b355a",63,500,31,18,10,"red","1583"
"583ec287ad2f4300014b355a",64,600,26,12,10,"red","1545"
"583ec287ad2f4300014b355a",65,500,33,5,2,"red","2259"
"583ec287ad2f4300014b355a",66,500,25,9,2,"red","2287"
"583ec287ad2f4300014b355a",67,500,30,19,2,"red","2740"
"583ec287ad2f4300014b355a",68,500,20,20,20,"red","3345"
"583ec287ad2f4300014b355a",69,600,25,11,10,"red","2143"
"583ec287ad2f4300014b355a",70,500,15,5,10,"red","1710"
"583ec287ad2f4300014b355a",71,400,35,13,10,"red","2331"
"583ec287ad2f4300014b355a",72,600,33,18,2,"red","1469"
"583ec287ad2f4300014b355a",73,600,36,26,10,"red","2286"
"583ec287ad2f4300014b355a",74,500,27,22,20,"red","2592"
"583ec287ad2f4300014b355a",75,400,34,30,2,"red","1706"
"583ec287ad2f4300014b355a",76,400,24,21,2,"red","2361"
"583ec287ad2f4300014b355a",77,500,17,26,10,"red","2605"
"583ec287ad2f4300014b355a",78,600,21,18,10,"red","2595"
"583ec287ad2f4300014b355a",79,400,17,15,10,"red","2387"
"583ec287ad2f4300014b355a",80,600,14,12,10,"red","1763"
"583ec287ad2f4300014b355a",81,600,31,13,20,"red","4423"
"583ec287ad2f4300014b355a",82,400,19,16,20,"red","3141"
"583ec287ad2f4300014b355a",83,400,30,17,2,"red","1987"
"583ec287ad2f4300014b355a",84,600,26,14,2,"red","1823"
"583ec287ad2f4300014b355a",85,600,17,13,20,"red","1910"
"583ec287ad2f4300014b355a",86,600,31,16,2,"red","2229"
"583ec287ad2f4300014b355a",87,400,25,22,10,"red","2421"
"583ec287ad2f4300014b355a",88,400,15,14,2,"red","2297"
"583ec287ad2f4300014b355a",89,400,31,17,20,"red","2042"
"583ec287ad2f4300014b355a",90,400,29,23,2,"red","2576"
"583ec287ad2f4300014b355a",91,500,31,15,2,"red","2080"
"583ec287ad2f4300014b355a",92,500,19,13,10,"red","1576"
"583ec287ad2f4300014b355a",93,400,33,19,2,"red","1115"
"583ec287ad2f4300014b355a",94,500,18,10,20,"red","1501"
"583ec287ad2f4300014b355a",95,500,29,13,10,"red","1604"
"583ec287ad2f4300014b355a",96,400,18,20,20,"red","1881"
"583ec287ad2f4300014b355a",97,400,24,25,20,"red","2036"
"583ec287ad2f4300014b355a",98,600,23,19,10,"red","2861"
"583ec287ad2f4300014b355a",99,500,19,8,20,"red","1740"
"583ec287ad2f4300014b355a",100,400,21,16,20,"red","2164"
"583ec287ad2f4300014b355a",101,400,30,19,20,"red","1764"
"583ec287ad2f4300014b355a",102,600,27,16,20,"red","2096"
"583ec287ad2f4300014b355a",103,400,18,19,10,"red","1597"
"583ec287ad2f4300014b355a",104,600,22,17,20,"red","2110"
"583ec287ad2f4300014b355a",105,400,25,16,10,"red","2043"
"583ec287ad2f4300014b355a",106,500,27,9,20,"red","1330"
"583ec287ad2f4300014b355a",107,600,17,10,2,"red","2223"
"583ec287ad2f4300014b355a",108,600,31,17,20,"red","1067"
"58a1fe40ea3d11000170d9b9",13,500,24,21,2,"blue","2036"
"58a1fe40ea3d11000170d9b9",14,600,16,20,10,"blue","2481"
"58a1fe40ea3d11000170d9b9",15,500,36,30,10,"blue","2464"
"58a1fe40ea3d11000170d9b9",16,500,14,23,20,"blue","1915"
"58a1fe40ea3d11000170d9b9",17,600,15,26,20,"blue","2824"
"58a1fe40ea3d11000170d9b9",18,600,14,25,10,"blue","2904"
"58a1fe40ea3d11000170d9b9",19,500,36,28,10,"blue","31721"
"58a1fe40ea3d11000170d9b9",20,600,28,24,2,"blue","2025"
"58a1fe40ea3d11000170d9b9",21,400,16,19,20,"blue","2040"
"58a1fe40ea3d11000170d9b9",22,400,14,12,2,"blue","2259"
"58a1fe40ea3d11000170d9b9",23,600,28,27,20,"blue","2590"
"58a1fe40ea3d11000170d9b9",24,600,20,24,20,"blue","2462"
"58a1fe40ea3d11000170d9b9",25,400,23,25,10,"blue","3068"
"58a1fe40ea3d11000170d9b9",26,500,34,22,2,"blue","3307"
"58a1fe40ea3d11000170d9b9",27,600,21,24,2,"blue","1731"
"58a1fe40ea3d11000170d9b9",28,500,36,35,10,"blue","2494"
"58a1fe40ea3d11000170d9b9",29,500,36,32,2,"blue","1735"
"58a1fe40ea3d11000170d9b9",30,500,22,29,2,"blue","1903"
"58a1fe40ea3d11000170d9b9",31,600,22,25,10,"blue","1364"
"58a1fe40ea3d11000170d9b9",32,600,23,28,10,"blue","2533"
"58a1fe40ea3d11000170d9b9",33,500,36,33,20,"blue","2166"
"58a1fe40ea3d11000170d9b9",34,400,16,22,20,"blue","1726"
"58a1fe40ea3d11000170d9b9",35,400,28,27,20,"blue","2193"
"58a1fe40ea3d11000170d9b9",36,400,35,27,20,"blue","1625"
"58a1fe40ea3d11000170d9b9",37,400,23,19,10,"blue","1217"
"58a1fe40ea3d11000170d9b9",38,600,27,25,10,"blue","1837"
"58a1fe40ea3d11000170d9b9",39,600,23,17,2,"blue","2568"
"58a1fe40ea3d11000170d9b9",40,500,25,25,20,"blue","1115"
"58a1fe40ea3d11000170d9b9",41,500,36,32,2,"blue","1834"
"58a1fe40ea3d11000170d9b9",42,600,24,27,20,"blue","1601"
"58a1fe40ea3d11000170d9b9",43,500,36,35,10,"blue","2114"
"58a1fe40ea3d11000170d9b9",44,600,25,30,2,"blue","1835"
"58a1fe40ea3d11000170d9b9",45,400,33,29,10,"blue","3765"
"58a1fe40ea3d11000170d9b9",46,400,32,27,2,"blue","55904"
"58a1fe40ea3d11000170d9b9",47,400,26,28,20,"blue","2308"
"58a1fe40ea3d11000170d9b9",48,400,34,33,20,"blue","2392"
"58a1fe40ea3d11000170d9b9",49,400,35,32,20,"blue","1825"
"58a1fe40ea3d11000170d9b9",50,400,19,26,2,"blue","2104"
"58a1fe40ea3d11000170d9b9",51,400,26,27,2,"blue","2672"
"58a1fe40ea3d11000170d9b9",52,500,36,34,10,"blue","4478"
"58a1fe40ea3d11000170d9b9",53,400,14,17,2,"blue","2487"
"58a1fe40ea3d11000170d9b9",54,400,35,28,20,"blue","3573"
"58a1fe40ea3d11000170d9b9",55,500,27,28,10,"blue","2326"
"58a1fe40ea3d11000170d9b9",56,500,14,19,10,"blue","1569"
"58a1fe40ea3d11000170d9b9",57,500,26,24,10,"blue","33274"
"58a1fe40ea3d11000170d9b9",58,400,23,19,2,"blue","2125"
"58a1fe40ea3d11000170d9b9",59,400,32,28,2,"blue","2608"
"58a1fe40ea3d11000170d9b9",60,500,34,28,20,"blue","3868"
"58a1fe40ea3d11000170d9b9",61,400,22,17,20,"red","2490"
"58a1fe40ea3d11000170d9b9",62,600,28,26,2,"red","2057"
"58a1fe40ea3d11000170d9b9",63,600,27,25,10,"red","3228"
"58a1fe40ea3d11000170d9b9",64,500,30,25,2,"red","1737"
"58a1fe40ea3d11000170d9b9",65,400,14,20,20,"red","10521"
"58a1fe40ea3d11000170d9b9",66,400,31,30,10,"red","2580"
"58a1fe40ea3d11000170d9b9",67,400,17,21,2,"red","14716"
"58a1fe40ea3d11000170d9b9",68,600,33,30,10,"red","2983"
"58a1fe40ea3d11000170d9b9",69,600,19,21,2,"red","2631"
"58a1fe40ea3d11000170d9b9",70,600,18,22,10,"red","1808"
"58a1fe40ea3d11000170d9b9",71,600,16,20,2,"red","1796"
"58a1fe40ea3d11000170d9b9",72,600,21,18,2,"red","2377"
"58a1fe40ea3d11000170d9b9",73,400,17,16,10,"red","2403"
"58a1fe40ea3d11000170d9b9",74,600,35,23,2,"red","3130"
"58a1fe40ea3d11000170d9b9",75,500,36,26,10,"red","1977"
"58a1fe40ea3d11000170d9b9",76,600,30,29,2,"red","1628"
"58a1fe40ea3d11000170d9b9",77,500,28,24,10,"red","7110"
"58a1fe40ea3d11000170d9b9",78,600,36,28,2,"red","2395"
"58a1fe40ea3d11000170d9b9",79,500,15,12,2,"red","1634"
"58a1fe40ea3d11000170d9b9",80,400,30,25,20,"red","2034"
"58a1fe40ea3d11000170d9b9",81,600,19,22,10,"red","1756"
"58a1fe40ea3d11000170d9b9",82,600,36,28,10,"red","3210"
"58a1fe40ea3d11000170d9b9",83,500,19,22,10,"red","3704"
"58a1fe40ea3d11000170d9b9",84,500,18,16,20,"red","3023"
"58a1fe40ea3d11000170d9b9",85,500,32,28,2,"red","2095"
"58a1fe40ea3d11000170d9b9",86,500,28,25,2,"red","5584"
"58a1fe40ea3d11000170d9b9",87,500,29,27,10,"red","1344"
"58a1fe40ea3d11000170d9b9",88,500,14,12,20,"red","1432"
"58a1fe40ea3d11000170d9b9",89,400,23,22,10,"red","2448"
"58a1fe40ea3d11000170d9b9",90,500,22,21,10,"red","120499"
"58a1fe40ea3d11000170d9b9",91,600,31,26,10,"red","2369"
"58a1fe40ea3d11000170d9b9",92,400,32,28,2,"red","1819"
"58a1fe40ea3d11000170d9b9",93,500,21,24,20,"red","1946"
"58a1fe40ea3d11000170d9b9",94,600,21,19,2,"red","3577"
"58a1fe40ea3d11000170d9b9",95,400,27,17,20,"red","1733"
"58a1fe40ea3d11000170d9b9",96,600,31,22,2,"red","202734"
"58a1fe40ea3d11000170d9b9",97,400,21,17,20,"red","2477"
"58a1fe40ea3d11000170d9b9",98,600,34,29,2,"red","2224"
"58a1fe40ea3d11000170d9b9",99,400,28,27,20,"red","1555"
"58a1fe40ea3d11000170d9b9",100,400,19,18,20,"red","1868"
"58a1fe40ea3d11000170d9b9",101,600,18,17,20,"red","152553"
"58a1fe40ea3d11000170d9b9",102,600,36,30,20,"red","2592"
"58a1fe40ea3d11000170d9b9",103,600,17,14,20,"red","2829"
"58a1fe40ea3d11000170d9b9",104,600,26,17,20,"red","7429"
"58a1fe40ea3d11000170d9b9",105,400,33,26,20,"red","3907"
"58a1fe40ea3d11000170d9b9",106,500,23,18,20,"red","1920"
"58a1fe40ea3d11000170d9b9",107,400,20,18,10,"red","1860"
"58a1fe40ea3d11000170d9b9",108,500,35,32,10,"red","2730"
"59296fb2e8a7ff000163f033",13,500,35,20,2,"blue","1777"
"59296fb2e8a7ff000163f033",14,600,25,21,10,"blue","2030"
"59296fb2e8a7ff000163f033",15,600,18,13,20,"blue","1056"
"59296fb2e8a7ff000163f033",16,500,22,12,2,"blue","1416"
"59296fb2e8a7ff000163f033",17,500,28,19,2,"blue","1742"
"59296fb2e8a7ff000163f033",18,600,22,17,2,"blue","1319"
"59296fb2e8a7ff000163f033",19,500,22,17,10,"blue","1712"
"59296fb2e8a7ff000163f033",20,400,25,19,10,"blue","1390"
"59296fb2e8a7ff000163f033",21,500,22,16,2,"blue","1519"
"59296fb2e8a7ff000163f033",22,600,17,16,2,"blue","1270"
"59296fb2e8a7ff000163f033",23,600,35,27,2,"blue","2389"
"59296fb2e8a7ff000163f033",24,400,17,17,10,"blue","2918"
"59296fb2e8a7ff000163f033",25,600,33,26,10,"blue","1643"
"59296fb2e8a7ff000163f033",26,500,22,24,2,"blue","1551"
"59296fb2e8a7ff000163f033",27,600,19,14,2,"blue","1427"
"59296fb2e8a7ff000163f033",28,600,23,16,20,"blue","1058"
"59296fb2e8a7ff000163f033",29,600,33,27,20,"blue","1345"
"59296fb2e8a7ff000163f033",30,500,14,14,10,"blue","1216"
"59296fb2e8a7ff000163f033",31,500,23,15,20,"blue","1012"
"59296fb2e8a7ff000163f033",32,400,16,14,20,"blue","935"
"59296fb2e8a7ff000163f033",33,400,17,16,20,"blue","1216"
"59296fb2e8a7ff000163f033",34,400,32,27,10,"blue","1141"
"59296fb2e8a7ff000163f033",35,400,23,21,2,"blue","974"
"59296fb2e8a7ff000163f033",36,600,32,27,10,"blue","1525"
"59296fb2e8a7ff000163f033",37,600,33,32,10,"blue","1236"
"59296fb2e8a7ff000163f033",38,600,36,29,20,"blue","1127"
"59296fb2e8a7ff000163f033",39,600,23,19,2,"blue","1134"
"59296fb2e8a7ff000163f033",40,400,15,15,20,"blue","1396"
"59296fb2e8a7ff000163f033",41,500,22,19,10,"blue","1845"
"59296fb2e8a7ff000163f033",42,600,24,20,20,"blue","1462"
"59296fb2e8a7ff000163f033",43,600,28,21,20,"blue","2107"
"59296fb2e8a7ff000163f033",44,400,32,27,20,"blue","1807"
"59296fb2e8a7ff000163f033",45,400,18,18,10,"blue","1672"
"59296fb2e8a7ff000163f033",46,400,14,12,10,"blue","1449"
"59296fb2e8a7ff000163f033",47,600,21,18,20,"blue","1678"
"59296fb2e8a7ff000163f033",48,600,29,24,2,"blue","1893"
"59296fb2e8a7ff000163f033",49,600,35,24,2,"blue","1342"
"59296fb2e8a7ff000163f033",50,600,33,28,10,"blue","1144"
"59296fb2e8a7ff000163f033",51,400,29,18,2,"blue","1925"
"59296fb2e8a7ff000163f033",52,500,17,16,10,"blue","1086"
"59296fb2e8a7ff000163f033",53,400,18,17,20,"blue","1421"
"59296fb2e8a7ff000163f033",54,400,24,20,2,"blue","4935"
"59296fb2e8a7ff000163f033",55,400,30,19,2,"blue","3873"
"59296fb2e8a7ff000163f033",56,400,18,18,10,"blue","1736"
"59296fb2e8a7ff000163f033",57,600,26,25,10,"blue","2139"
"59296fb2e8a7ff000163f033",58,500,27,26,20,"blue","1577"
"59296fb2e8a7ff000163f033",59,400,31,26,20,"blue","1250"
"59296fb2e8a7ff000163f033",60,600,25,27,20,"blue","1683"
"59296fb2e8a7ff000163f033",61,400,20,19,20,"red","1338"
"59296fb2e8a7ff000163f033",62,400,18,17,2,"red","1708"
"59296fb2e8a7ff000163f033",63,600,14,17,20,"red","1349"
"59296fb2e8a7ff000163f033",64,500,27,19,2,"red","1083"
"59296fb2e8a7ff000163f033",65,500,27,18,10,"red","1482"
"59296fb2e8a7ff000163f033",66,500,35,23,10,"red","1191"
"59296fb2e8a7ff000163f033",67,600,36,23,2,"red","1257"
"59296fb2e8a7ff000163f033",68,600,21,19,10,"red","1631"
"59296fb2e8a7ff000163f033",69,500,28,16,2,"red","1887"
"59296fb2e8a7ff000163f033",70,400,27,17,20,"red","1747"
"59296fb2e8a7ff000163f033",71,400,19,12,2,"red","1735"
"59296fb2e8a7ff000163f033",72,400,19,17,10,"red","1761"
"59296fb2e8a7ff000163f033",73,500,34,22,10,"red","1596"
"59296fb2e8a7ff000163f033",74,600,24,19,10,"red","1142"
"59296fb2e8a7ff000163f033",75,400,32,28,20,"red","953"
"59296fb2e8a7ff000163f033",76,500,29,23,20,"red","1412"
"59296fb2e8a7ff000163f033",77,400,30,21,20,"red","1059"
"59296fb2e8a7ff000163f033",78,400,15,21,20,"red","873"
"59296fb2e8a7ff000163f033",79,500,32,20,20,"red","1087"
"59296fb2e8a7ff000163f033",80,500,17,14,20,"red","1183"
"59296fb2e8a7ff000163f033",81,400,24,18,10,"red","1496"
"59296fb2e8a7ff000163f033",82,600,28,13,2,"red","1078"
"59296fb2e8a7ff000163f033",83,600,16,15,2,"red","1060"
"59296fb2e8a7ff000163f033",84,500,25,19,10,"red","1277"
"59296fb2e8a7ff000163f033",85,600,30,20,20,"red","993"
"59296fb2e8a7ff000163f033",86,400,15,11,10,"red","1241"
"59296fb2e8a7ff000163f033",87,600,18,13,20,"red","1153"
"59296fb2e8a7ff000163f033",88,400,34,22,20,"red","1346"
"59296fb2e8a7ff000163f033",89,600,21,17,10,"red","1214"
"59296fb2e8a7ff000163f033",90,600,25,18,20,"red","1121"
"59296fb2e8a7ff000163f033",91,500,16,10,10,"red","970"
"59296fb2e8a7ff000163f033",92,400,15,8,2,"red","1067"
"59296fb2e8a7ff000163f033",93,500,22,10,2,"red","1132"
"59296fb2e8a7ff000163f033",94,600,19,16,10,"red","892"
"59296fb2e8a7ff000163f033",95,500,17,18,10,"red","1060"
"59296fb2e8a7ff000163f033",96,500,30,19,2,"red","1506"
"59296fb2e8a7ff000163f033",97,400,17,15,10,"red","1094"
"59296fb2e8a7ff000163f033",98,600,17,14,20,"red","999"
"59296fb2e8a7ff000163f033",99,500,17,20,10,"red","4244"
"59296fb2e8a7ff000163f033",100,400,30,18,2,"red","1450"
"59296fb2e8a7ff000163f033",101,500,26,13,20,"red","3601"
"59296fb2e8a7ff000163f033",102,500,29,11,10,"red","4614"
"59296fb2e8a7ff000163f033",103,600,34,23,20,"red","1360"
"59296fb2e8a7ff000163f033",104,500,23,18,2,"red","1478"
"59296fb2e8a7ff000163f033",105,500,18,12,2,"red","1176"
"59296fb2e8a7ff000163f033",106,600,24,18,2,"red","1134"
"59296fb2e8a7ff000163f033",107,600,20,13,2,"red","1335"
"59296fb2e8a7ff000163f033",108,400,23,15,2,"red","1584"
"5c2fcd716ea6880001dc8e3d",13,400,21,4,2,"red","2912"
"5c2fcd716ea6880001dc8e3d",14,500,30,7,2,"red","3096"
"5c2fcd716ea6880001dc8e3d",15,500,16,14,10,"red","2784"
"5c2fcd716ea6880001dc8e3d",16,600,22,12,20,"red","1854"
"5c2fcd716ea6880001dc8e3d",17,400,23,18,2,"red","3126"
"5c2fcd716ea6880001dc8e3d",18,600,20,21,2,"red","2156"
"5c2fcd716ea6880001dc8e3d",19,400,20,26,10,"red","2705"
"5c2fcd716ea6880001dc8e3d",20,500,18,24,20,"red","3743"
"5c2fcd716ea6880001dc8e3d",21,400,24,29,20,"red","2601"
"5c2fcd716ea6880001dc8e3d",22,600,20,16,2,"red","4554"
"5c2fcd716ea6880001dc8e3d",23,600,17,23,10,"red","3023"
"5c2fcd716ea6880001dc8e3d",24,600,14,14,20,"red","1415"
"5c2fcd716ea6880001dc8e3d",25,600,22,27,20,"red","2791"
"5c2fcd716ea6880001dc8e3d",26,500,26,28,20,"red","2455"
"5c2fcd716ea6880001dc8e3d",27,600,25,31,10,"red","1557"
"5c2fcd716ea6880001dc8e3d",28,600,34,30,2,"red","1523"
"5c2fcd716ea6880001dc8e3d",29,600,29,32,20,"red","3106"
"5c2fcd716ea6880001dc8e3d",30,600,19,20,10,"red","3499"
"5c2fcd716ea6880001dc8e3d",31,400,32,27,2,"red","2928"
"5c2fcd716ea6880001dc8e3d",32,400,26,27,10,"red","2512"
"5c2fcd716ea6880001dc8e3d",33,500,19,19,10,"red","2757"
"5c2fcd716ea6880001dc8e3d",34,400,16,14,20,"red","2610"
"5c2fcd716ea6880001dc8e3d",35,600,18,18,20,"red","1728"
"5c2fcd716ea6880001dc8e3d",36,400,19,13,10,"red","2570"
"5c2fcd716ea6880001dc8e3d",37,500,15,15,20,"red","2315"
"5c2fcd716ea6880001dc8e3d",38,600,33,27,10,"red","2357"
"5c2fcd716ea6880001dc8e3d",39,600,29,20,2,"red","2431"
"5c2fcd716ea6880001dc8e3d",40,600,32,28,10,"red","2647"
"5c2fcd716ea6880001dc8e3d",41,500,17,10,2,"red","2192"
"5c2fcd716ea6880001dc8e3d",42,600,16,16,10,"red","2713"
"5c2fcd716ea6880001dc8e3d",43,400,28,16,20,"red","2351"
"5c2fcd716ea6880001dc8e3d",44,500,26,18,10,"red","2686"
"5c2fcd716ea6880001dc8e3d",45,400,16,9,2,"red","1772"
"5c2fcd716ea6880001dc8e3d",46,500,33,19,2,"red","2040"
"5c2fcd716ea6880001dc8e3d",47,400,34,27,10,"red","2498"
"5c2fcd716ea6880001dc8e3d",48,500,36,28,2,"red","2335"
"5c2fcd716ea6880001dc8e3d",49,400,18,6,2,"red","2094"
"5c2fcd716ea6880001dc8e3d",50,600,26,19,20,"red","2403"
"5c2fcd716ea6880001dc8e3d",51,500,20,21,20,"red","2492"
"5c2fcd716ea6880001dc8e3d",52,500,22,13,2,"red","1838"
"5c2fcd716ea6880001dc8e3d",53,500,31,24,10,"red","2613"
"5c2fcd716ea6880001dc8e3d",54,500,35,22,20,"red","2695"
"5c2fcd716ea6880001dc8e3d",55,500,21,12,20,"red","3090"
"5c2fcd716ea6880001dc8e3d",56,600,28,20,2,"red","2286"
"5c2fcd716ea6880001dc8e3d",57,600,29,25,20,"red","2336"
"5c2fcd716ea6880001dc8e3d",58,400,18,21,10,"red","1702"
"5c2fcd716ea6880001dc8e3d",59,400,31,19,2,"red","2056"
"5c2fcd716ea6880001dc8e3d",60,400,15,15,10,"red","2050"
"5c2fcd716ea6880001dc8e3d",61,400,21,15,2,"blue","1771"
"5c2fcd716ea6880001dc8e3d",62,400,22,12,2,"blue","2338"
"5c2fcd716ea6880001dc8e3d",63,600,23,10,2,"blue","2280"
"5c2fcd716ea6880001dc8e3d",64,500,26,27,10,"blue","2172"
"5c2fcd716ea6880001dc8e3d",65,600,16,17,10,"blue","2246"
"5c2fcd716ea6880001dc8e3d",66,400,18,16,20,"blue","2653"
"5c2fcd716ea6880001dc8e3d",67,500,15,14,10,"blue","1846"
"5c2fcd716ea6880001dc8e3d",68,500,32,23,20,"blue","1546"
"5c2fcd716ea6880001dc8e3d",69,600,25,21,10,"blue","2393"
"5c2fcd716ea6880001dc8e3d",70,600,20,21,20,"blue","2361"
"5c2fcd716ea6880001dc8e3d",71,400,23,22,20,"blue","2363"
"5c2fcd716ea6880001dc8e3d",72,400,22,22,20,"blue","2001"
"5c2fcd716ea6880001dc8e3d",73,400,19,21,10,"blue","2743"
"5c2fcd716ea6880001dc8e3d",74,500,36,28,10,"blue","2168"
"5c2fcd716ea6880001dc8e3d",75,400,24,22,2,"blue","1959"
"5c2fcd716ea6880001dc8e3d",76,500,21,23,20,"blue","2212"
"5c2fcd716ea6880001dc8e3d",77,500,26,22,2,"blue","2268"
"5c2fcd716ea6880001dc8e3d",78,400,35,25,2,"blue","2186"
"5c2fcd716ea6880001dc8e3d",79,400,21,21,20,"blue","1858"
"5c2fcd716ea6880001dc8e3d",80,400,22,15,2,"blue","2230"
"5c2fcd716ea6880001dc8e3d",81,400,30,23,10,"blue","2597"
"5c2fcd716ea6880001dc8e3d",82,600,21,22,10,"blue","1987"
"5c2fcd716ea6880001dc8e3d",83,500,21,18,2,"blue","3003"
"5c2fcd716ea6880001dc8e3d",84,400,31,26,10,"blue","2288"
"5c2fcd716ea6880001dc8e3d",85,400,18,17,10,"blue","1890"
"5c2fcd716ea6880001dc8e3d",86,500,23,14,2,"blue","2791"
"5c2fcd716ea6880001dc8e3d",87,400,29,24,20,"blue","2169"
"5c2fcd716ea6880001dc8e3d",88,600,35,27,10,"blue","1881"
"5c2fcd716ea6880001dc8e3d",89,500,16,14,2,"blue","2295"
"5c2fcd716ea6880001dc8e3d",90,500,18,17,20,"blue","2136"
"5c2fcd716ea6880001dc8e3d",91,500,17,20,20,"blue","2175"
"5c2fcd716ea6880001dc8e3d",92,600,15,23,10,"blue","1862"
"5c2fcd716ea6880001dc8e3d",93,600,28,24,20,"blue","2103"
"5c2fcd716ea6880001dc8e3d",94,600,16,19,20,"blue","2166"
"5c2fcd716ea6880001dc8e3d",95,600,29,20,2,"blue","2381"
"5c2fcd716ea6880001dc8e3d",96,600,20,26,20,"blue","1985"
"5c2fcd716ea6880001dc8e3d",97,400,28,27,10,"blue","2202"
"5c2fcd716ea6880001dc8e3d",98,400,34,24,2,"blue","2071"
"5c2fcd716ea6880001dc8e3d",99,500,15,19,20,"blue","1968"
"5c2fcd716ea6880001dc8e3d",100,600,24,21,2,"blue","2335"
"5c2fcd716ea6880001dc8e3d",101,600,29,27,20,"blue","1840"
"5c2fcd716ea6880001dc8e3d",102,400,23,18,10,"blue","2736"
"5c2fcd716ea6880001dc8e3d",103,400,30,25,2,"blue","1810"
"5c2fcd716ea6880001dc8e3d",104,400,28,22,2,"blue","2275"
"5c2fcd716ea6880001dc8e3d",105,500,19,23,10,"blue","2159"
"5c2fcd716ea6880001dc8e3d",106,500,23,23,2,"blue","2039"
"5c2fcd716ea6880001dc8e3d",107,400,29,29,20,"blue","1974"
"5c2fcd716ea6880001dc8e3d",108,600,16,24,10,"blue","2025"
"5c4a4b329ba9e00001ffc4f3",13,400,18,14,2,"blue","4823"
"5c4a4b329ba9e00001ffc4f3",14,400,34,22,20,"blue","3302"
"5c4a4b329ba9e00001ffc4f3",15,600,28,20,20,"blue","3248"
"5c4a4b329ba9e00001ffc4f3",16,400,36,24,2,"blue","3139"
"5c4a4b329ba9e00001ffc4f3",17,600,17,13,2,"blue","4273"
"5c4a4b329ba9e00001ffc4f3",18,600,22,20,2,"blue","5327"
"5c4a4b329ba9e00001ffc4f3",19,600,18,18,20,"blue","5204"
"5c4a4b329ba9e00001ffc4f3",20,400,25,14,2,"blue","5338"
"5c4a4b329ba9e00001ffc4f3",21,500,30,21,2,"blue","4160"
"5c4a4b329ba9e00001ffc4f3",22,400,18,23,20,"blue","2648"
"5c4a4b329ba9e00001ffc4f3",23,400,31,27,20,"blue","3073"
"5c4a4b329ba9e00001ffc4f3",24,400,28,27,20,"blue","3905"
"5c4a4b329ba9e00001ffc4f3",25,400,20,20,20,"blue","3933"
"5c4a4b329ba9e00001ffc4f3",26,600,14,15,20,"blue","3223"
"5c4a4b329ba9e00001ffc4f3",27,500,25,14,2,"blue","5258"
"5c4a4b329ba9e00001ffc4f3",28,600,36,12,2,"blue","2886"
"5c4a4b329ba9e00001ffc4f3",29,500,29,34,20,"blue","4064"
"5c4a4b329ba9e00001ffc4f3",30,400,14,32,2,"blue","4326"
"5c4a4b329ba9e00001ffc4f3",31,400,34,37,20,"blue","3874"
"5c4a4b329ba9e00001ffc4f3",32,500,22,20,20,"blue","2614"
"5c4a4b329ba9e00001ffc4f3",33,400,29,22,2,"blue","3168"
"5c4a4b329ba9e00001ffc4f3",34,600,14,18,20,"blue","2837"
"5c4a4b329ba9e00001ffc4f3",35,500,34,36,20,"blue","2463"
"5c4a4b329ba9e00001ffc4f3",36,500,17,21,20,"blue","5253"
"5c4a4b329ba9e00001ffc4f3",37,500,15,16,20,"blue","3863"
"5c4a4b329ba9e00001ffc4f3",38,400,28,23,2,"blue","3505"
"5c4a4b329ba9e00001ffc4f3",39,500,32,27,20,"blue","3135"
"5c4a4b329ba9e00001ffc4f3",40,500,36,35,2,"blue","5656"
"5c4a4b329ba9e00001ffc4f3",41,500,36,31,2,"blue","3822"
"5c4a4b329ba9e00001ffc4f3",42,600,16,13,2,"blue","2850"
"5c4a4b329ba9e00001ffc4f3",43,400,21,15,2,"blue","2685"
"5c4a4b329ba9e00001ffc4f3",44,600,24,14,2,"blue","2842"
"5c4a4b329ba9e00001ffc4f3",45,400,31,30,10,"blue","2611"
"5c4a4b329ba9e00001ffc4f3",46,600,31,24,10,"blue","2680"
"5c4a4b329ba9e00001ffc4f3",47,500,35,34,10,"blue","2684"
"5c4a4b329ba9e00001ffc4f3",48,500,29,22,10,"blue","3258"
"5c4a4b329ba9e00001ffc4f3",49,600,23,33,10,"blue","2228"
"5c4a4b329ba9e00001ffc4f3",50,400,25,32,10,"blue","2233"
"5c4a4b329ba9e00001ffc4f3",51,500,19,21,10,"blue","3914"
"5c4a4b329ba9e00001ffc4f3",52,500,15,10,10,"blue","3969"
"5c4a4b329ba9e00001ffc4f3",53,400,15,13,10,"blue","3348"
"5c4a4b329ba9e00001ffc4f3",54,500,27,24,10,"blue","2589"
"5c4a4b329ba9e00001ffc4f3",55,500,33,36,10,"blue","3552"
"5c4a4b329ba9e00001ffc4f3",56,400,29,38,10,"blue","2962"
"5c4a4b329ba9e00001ffc4f3",57,500,30,24,10,"blue","2026"
"5c4a4b329ba9e00001ffc4f3",58,400,26,36,10,"blue","2446"
"5c4a4b329ba9e00001ffc4f3",59,600,24,18,10,"blue","2628"
"5c4a4b329ba9e00001ffc4f3",60,600,30,24,10,"blue","2849"
"5c4a4b329ba9e00001ffc4f3",61,600,17,14,20,"red","2687"
"5c4a4b329ba9e00001ffc4f3",62,600,28,30,20,"red","3317"
"5c4a4b329ba9e00001ffc4f3",63,400,29,18,20,"red","3842"
"5c4a4b329ba9e00001ffc4f3",64,500,35,31,2,"red","6202"
"5c4a4b329ba9e00001ffc4f3",65,500,28,23,20,"red","2769"
"5c4a4b329ba9e00001ffc4f3",66,600,26,19,20,"red","4495"
"5c4a4b329ba9e00001ffc4f3",67,600,14,13,20,"red","3467"
"5c4a4b329ba9e00001ffc4f3",68,400,35,40,20,"red","4587"
"5c4a4b329ba9e00001ffc4f3",69,600,16,19,20,"red","5279"
"5c4a4b329ba9e00001ffc4f3",70,400,31,30,2,"red","2841"
"5c4a4b329ba9e00001ffc4f3",71,400,24,28,10,"red","3199"
"5c4a4b329ba9e00001ffc4f3",72,500,32,27,20,"red","2903"
"5c4a4b329ba9e00001ffc4f3",73,600,33,38,20,"red","1856"
"5c4a4b329ba9e00001ffc4f3",74,500,23,23,20,"red","4454"
"5c4a4b329ba9e00001ffc4f3",75,400,25,22,10,"red","2988"
"5c4a4b329ba9e00001ffc4f3",76,400,19,19,20,"red","4204"
"5c4a4b329ba9e00001ffc4f3",77,400,14,10,2,"red","2702"
"5c4a4b329ba9e00001ffc4f3",78,500,15,8,2,"red","2488"
"5c4a4b329ba9e00001ffc4f3",79,500,19,15,20,"red","4224"
"5c4a4b329ba9e00001ffc4f3",80,600,26,18,20,"red","3678"
"5c4a4b329ba9e00001ffc4f3",81,600,35,30,2,"red","2406"
"5c4a4b329ba9e00001ffc4f3",82,500,35,41,20,"red","2063"
"5c4a4b329ba9e00001ffc4f3",83,600,27,19,2,"red","3836"
"5c4a4b329ba9e00001ffc4f3",84,400,31,34,20,"red","2594"
"5c4a4b329ba9e00001ffc4f3",85,400,25,20,2,"red","3050"
"5c4a4b329ba9e00001ffc4f3",86,500,34,20,2,"red","4172"
"5c4a4b329ba9e00001ffc4f3",87,500,16,13,2,"red","3487"
"5c4a4b329ba9e00001ffc4f3",88,500,19,19,10,"red","3483"
"5c4a4b329ba9e00001ffc4f3",89,500,36,37,10,"red","2750"
"5c4a4b329ba9e00001ffc4f3",90,400,29,34,2,"red","2470"
"5c4a4b329ba9e00001ffc4f3",91,600,15,15,10,"red","3177"
"5c4a4b329ba9e00001ffc4f3",92,600,26,23,10,"red","3406"
"5c4a4b329ba9e00001ffc4f3",93,400,27,23,2,"red","2308"
"5c4a4b329ba9e00001ffc4f3",94,600,22,20,10,"red","2754"
"5c4a4b329ba9e00001ffc4f3",95,400,19,22,10,"red","2167"
"5c4a4b329ba9e00001ffc4f3",96,500,14,8,2,"red","3794"
"5c4a4b329ba9e00001ffc4f3",97,600,33,25,2,"red","3189"
"5c4a4b329ba9e00001ffc4f3",98,600,15,18,2,"red","2910"
"5c4a4b329ba9e00001ffc4f3",99,600,17,7,10,"red","3444"
"5c4a4b329ba9e00001ffc4f3",100,600,35,23,2,"red","3327"
"5c4a4b329ba9e00001ffc4f3",101,400,20,26,10,"red","2180"
"5c4a4b329ba9e00001ffc4f3",102,600,36,34,10,"red","2208"
"5c4a4b329ba9e00001ffc4f3",103,400,30,22,2,"red","2673"
"5c4a4b329ba9e00001ffc4f3",104,600,22,19,10,"red","3620"
"5c4a4b329ba9e00001ffc4f3",105,600,16,14,10,"red","2274"
"5c4a4b329ba9e00001ffc4f3",106,500,17,12,10,"red","2759"
"5c4a4b329ba9e00001ffc4f3",107,400,17,12,10,"red","3648"
"5c4a4b329ba9e00001ffc4f3",108,600,31,39,10,"red","3292"
"5caf7f17a85c43001737b4b3",13,600,30,19,2,"blue","2533"
"5caf7f17a85c43001737b4b3",14,400,29,26,2,"blue","2227"
"5caf7f17a85c43001737b4b3",15,600,18,10,20,"blue","1621"
"5caf7f17a85c43001737b4b3",16,400,24,15,2,"blue","2547"
"5caf7f17a85c43001737b4b3",17,400,26,24,2,"blue","4201"
"5caf7f17a85c43001737b4b3",18,600,28,13,10,"blue","3657"
"5caf7f17a85c43001737b4b3",19,500,23,29,10,"blue","4248"
"5caf7f17a85c43001737b4b3",20,500,27,10,20,"blue","2908"
"5caf7f17a85c43001737b4b3",21,600,23,21,10,"blue","3376"
"5caf7f17a85c43001737b4b3",22,500,27,11,20,"blue","3153"
"5caf7f17a85c43001737b4b3",23,400,16,24,10,"blue","3086"
"5caf7f17a85c43001737b4b3",24,500,30,13,2,"blue","4153"
"5caf7f17a85c43001737b4b3",25,500,21,37,10,"blue","2712"
"5caf7f17a85c43001737b4b3",26,400,17,12,20,"blue","2119"
"5caf7f17a85c43001737b4b3",27,400,25,9,20,"blue","3565"
"5caf7f17a85c43001737b4b3",28,500,34,18,2,"blue","2793"
"5caf7f17a85c43001737b4b3",29,600,18,5,2,"blue","2396"
"5caf7f17a85c43001737b4b3",30,400,36,23,2,"blue","2361"
"5caf7f17a85c43001737b4b3",31,400,19,9,20,"blue","2418"
"5caf7f17a85c43001737b4b3",32,400,34,23,2,"blue","2641"
"5caf7f17a85c43001737b4b3",33,600,19,17,10,"blue","2659"
"5caf7f17a85c43001737b4b3",34,400,22,22,2,"blue","3004"
"5caf7f17a85c43001737b4b3",35,400,36,22,10,"blue","5420"
"5caf7f17a85c43001737b4b3",36,600,20,9,2,"blue","3175"
"5caf7f17a85c43001737b4b3",37,400,22,21,20,"blue","2698"
"5caf7f17a85c43001737b4b3",38,600,26,12,2,"blue","2740"
"5caf7f17a85c43001737b4b3",39,500,20,11,10,"blue","4665"
"5caf7f17a85c43001737b4b3",40,400,30,28,10,"blue","3864"
"5caf7f17a85c43001737b4b3",41,600,30,9,10,"blue","2357"
"5caf7f17a85c43001737b4b3",42,400,30,19,20,"blue","2669"
"5caf7f17a85c43001737b4b3",43,400,15,11,2,"blue","4036"
"5caf7f17a85c43001737b4b3",44,600,20,25,20,"blue","2498"
"5caf7f17a85c43001737b4b3",45,400,31,16,10,"blue","8439"
"5caf7f17a85c43001737b4b3",46,600,34,12,2,"blue","13268"
"5caf7f17a85c43001737b4b3",47,600,19,26,10,"blue","3006"
"5caf7f17a85c43001737b4b3",48,500,31,15,20,"blue","3222"
"5caf7f17a85c43001737b4b3",49,500,35,27,20,"blue","2397"
"5caf7f17a85c43001737b4b3",50,600,19,15,2,"blue","1909"
"5caf7f17a85c43001737b4b3",51,600,22,23,10,"blue","3150"
"5caf7f17a85c43001737b4b3",52,600,29,30,20,"blue","2375"
"5caf7f17a85c43001737b4b3",53,400,25,28,20,"blue","2563"
"5caf7f17a85c43001737b4b3",54,500,22,16,2,"blue","1429"
"5caf7f17a85c43001737b4b3",55,400,25,21,20,"blue","2433"
"5caf7f17a85c43001737b4b3",56,400,32,15,20,"blue","3382"
"5caf7f17a85c43001737b4b3",57,500,26,16,10,"blue","4673"
"5caf7f17a85c43001737b4b3",58,600,28,27,10,"blue","2718"
"5caf7f17a85c43001737b4b3",59,500,30,14,20,"blue","3327"
"5caf7f17a85c43001737b4b3",60,500,33,25,10,"blue","3173"
"5caf7f17a85c43001737b4b3",61,400,31,26,2,"red","3803"
"5caf7f17a85c43001737b4b3",62,500,26,25,2,"red","4173"
"5caf7f17a85c43001737b4b3",63,400,31,39,20,"red","2051"
"5caf7f17a85c43001737b4b3",64,500,36,35,2,"red","2455"
"5caf7f17a85c43001737b4b3",65,500,21,19,2,"red","4058"
"5caf7f17a85c43001737b4b3",66,600,17,33,10,"red","2917"
"5caf7f17a85c43001737b4b3",67,600,19,22,10,"red","1754"
"5caf7f17a85c43001737b4b3",68,400,34,31,10,"red","2426"
"5caf7f17a85c43001737b4b3",69,400,36,34,10,"red","2901"
"5caf7f17a85c43001737b4b3",70,500,24,18,2,"red","2254"
"5caf7f17a85c43001737b4b3",71,400,15,10,20,"red","3013"
"5caf7f17a85c43001737b4b3",72,500,29,31,2,"red","3400"
"5caf7f17a85c43001737b4b3",73,600,29,23,10,"red","9524"
"5caf7f17a85c43001737b4b3",74,600,35,34,10,"red","1960"
"5caf7f17a85c43001737b4b3",75,400,28,25,20,"red","2104"
"5caf7f17a85c43001737b4b3",76,600,26,30,10,"red","3284"
"5caf7f17a85c43001737b4b3",77,400,33,23,2,"red","3495"
"5caf7f17a85c43001737b4b3",78,500,15,7,20,"red","2628"
"5caf7f17a85c43001737b4b3",79,400,32,30,10,"red","3081"
"5caf7f17a85c43001737b4b3",80,600,18,5,20,"red","2743"
"5caf7f17a85c43001737b4b3",81,600,26,29,2,"red","2651"
"5caf7f17a85c43001737b4b3",82,500,29,15,20,"red","3228"
"5caf7f17a85c43001737b4b3",83,400,14,12,10,"red","2392"
"5caf7f17a85c43001737b4b3",84,500,24,21,10,"red","2287"
"5caf7f17a85c43001737b4b3",85,600,14,13,10,"red","3089"
"5caf7f17a85c43001737b4b3",86,500,31,33,20,"red","2419"
"5caf7f17a85c43001737b4b3",87,500,15,7,2,"red","2006"
"5caf7f17a85c43001737b4b3",88,500,28,25,20,"red","3184"
"5caf7f17a85c43001737b4b3",89,500,20,11,2,"red","2484"
"5caf7f17a85c43001737b4b3",90,500,18,28,10,"red","3786"
"5caf7f17a85c43001737b4b3",91,500,36,41,2,"red","2183"
"5caf7f17a85c43001737b4b3",92,500,21,14,20,"red","3003"
"5caf7f17a85c43001737b4b3",93,600,21,27,10,"red","2179"
"5caf7f17a85c43001737b4b3",94,600,27,13,2,"red","2014"
"5caf7f17a85c43001737b4b3",95,400,26,33,10,"red","1641"
"5caf7f17a85c43001737b4b3",96,500,31,21,2,"red","1721"
"5caf7f17a85c43001737b4b3",97,400,22,15,20,"red","2905"
"5caf7f17a85c43001737b4b3",98,400,18,21,20,"red","3269"
"5caf7f17a85c43001737b4b3",99,500,34,34,2,"red","3026"
"5caf7f17a85c43001737b4b3",100,400,21,13,20,"red","2047"
"5caf7f17a85c43001737b4b3",101,400,33,28,2,"red","2297"
"5caf7f17a85c43001737b4b3",102,600,31,22,20,"red","3115"
"5caf7f17a85c43001737b4b3",103,400,15,8,20,"red","2380"
"5caf7f17a85c43001737b4b3",104,500,17,9,20,"red","2531"
"5caf7f17a85c43001737b4b3",105,600,31,23,20,"red","2145"
"5caf7f17a85c43001737b4b3",106,400,28,16,10,"red","2812"
"5caf7f17a85c43001737b4b3",107,500,15,6,2,"red","1670"
"5caf7f17a85c43001737b4b3",108,500,19,26,10,"red","1894"
"5d17ce93ac37cd0019535088",13,500,20,21,20,"red","1632"
"5d17ce93ac37cd0019535088",14,600,16,13,2,"red","2219"
"5d17ce93ac37cd0019535088",15,500,35,30,20,"red","1896"
"5d17ce93ac37cd0019535088",16,500,30,26,2,"red","1201"
"5d17ce93ac37cd0019535088",17,600,34,34,20,"red","1407"
"5d17ce93ac37cd0019535088",18,500,16,15,20,"red","1350"
"5d17ce93ac37cd0019535088",19,400,17,21,20,"red","1754"
"5d17ce93ac37cd0019535088",20,500,32,21,2,"red","901"
"5d17ce93ac37cd0019535088",21,600,20,14,2,"red","1174"
"5d17ce93ac37cd0019535088",22,400,25,21,2,"red","1042"
"5d17ce93ac37cd0019535088",23,400,33,34,2,"red","1193"
"5d17ce93ac37cd0019535088",24,600,17,23,20,"red","1560"
"5d17ce93ac37cd0019535088",25,400,30,25,2,"red","1195"
"5d17ce93ac37cd0019535088",26,400,35,42,20,"red","1428"
"5d17ce93ac37cd0019535088",27,400,32,41,20,"red","1276"
"5d17ce93ac37cd0019535088",28,600,32,29,20,"red","985"
"5d17ce93ac37cd0019535088",29,600,29,36,20,"red","1140"
"5d17ce93ac37cd0019535088",30,400,19,24,20,"red","975"
"5d17ce93ac37cd0019535088",31,400,20,21,20,"red","819"
"5d17ce93ac37cd0019535088",32,600,16,21,20,"red","1565"
"5d17ce93ac37cd0019535088",33,500,25,24,20,"red","1562"
"5d17ce93ac37cd0019535088",34,500,29,18,2,"red","1320"
"5d17ce93ac37cd0019535088",35,600,30,30,20,"red","1671"
"5d17ce93ac37cd0019535088",36,500,23,17,2,"red","1106"
"5d17ce93ac37cd0019535088",37,400,21,16,2,"red","1233"
"5d17ce93ac37cd0019535088",38,500,32,35,20,"red","1107"
"5d17ce93ac37cd0019535088",39,600,14,16,2,"red","1412"
"5d17ce93ac37cd0019535088",40,600,26,19,2,"red","2110"
"5d17ce93ac37cd0019535088",41,500,26,20,2,"red","1501"
"5d17ce93ac37cd0019535088",42,500,17,22,2,"red","1496"
"5d17ce93ac37cd0019535088",43,400,21,17,2,"red","1545"
"5d17ce93ac37cd0019535088",44,600,29,26,2,"red","930"
"5d17ce93ac37cd0019535088",45,400,32,27,10,"red","1516"
"5d17ce93ac37cd0019535088",46,600,24,26,10,"red","1135"
"5d17ce93ac37cd0019535088",47,500,21,27,10,"red","1602"
"5d17ce93ac37cd0019535088",48,500,28,30,10,"red","1429"
"5d17ce93ac37cd0019535088",49,500,27,26,10,"red","1184"
"5d17ce93ac37cd0019535088",50,600,36,43,10,"red","1073"
"5d17ce93ac37cd0019535088",51,500,17,18,10,"red","1181"
"5d17ce93ac37cd0019535088",52,500,29,34,10,"red","920"
"5d17ce93ac37cd0019535088",53,400,32,43,10,"red","805"
"5d17ce93ac37cd0019535088",54,600,20,23,10,"red","1428"
"5d17ce93ac37cd0019535088",55,500,23,22,10,"red","902"
"5d17ce93ac37cd0019535088",56,600,35,44,10,"red","1242"
"5d17ce93ac37cd0019535088",57,600,29,34,10,"red","1397"
"5d17ce93ac37cd0019535088",58,500,28,43,10,"red","1185"
"5d17ce93ac37cd0019535088",59,500,21,20,10,"red","846"
"5d17ce93ac37cd0019535088",60,500,16,14,10,"red","1033"
"5d17ce93ac37cd0019535088",61,500,19,15,2,"blue","2881"
"5d17ce93ac37cd0019535088",62,500,28,29,2,"blue","1617"
"5d17ce93ac37cd0019535088",63,400,32,34,2,"blue","1938"
"5d17ce93ac37cd0019535088",64,400,34,35,2,"blue","2268"
"5d17ce93ac37cd0019535088",65,400,30,33,10,"blue","1306"
"5d17ce93ac37cd0019535088",66,600,27,23,10,"blue","1907"
"5d17ce93ac37cd0019535088",67,400,14,19,10,"blue","1333"
"5d17ce93ac37cd0019535088",68,500,36,21,10,"blue","943"
"5d17ce93ac37cd0019535088",69,400,18,17,2,"blue","1032"
"5d17ce93ac37cd0019535088",70,600,31,30,10,"blue","1351"
"5d17ce93ac37cd0019535088",71,400,32,39,10,"blue","1084"
"5d17ce93ac37cd0019535088",72,600,21,21,2,"blue","841"
"5d17ce93ac37cd0019535088",73,500,36,34,2,"blue","907"
"5d17ce93ac37cd0019535088",74,600,21,21,2,"blue","1238"
"5d17ce93ac37cd0019535088",75,500,36,36,10,"blue","1666"
"5d17ce93ac37cd0019535088",76,400,17,24,2,"blue","1246"
"5d17ce93ac37cd0019535088",77,400,34,32,10,"blue","1349"
"5d17ce93ac37cd0019535088",78,600,16,18,2,"blue","1308"
"5d17ce93ac37cd0019535088",79,600,18,15,2,"blue","1008"
"5d17ce93ac37cd0019535088",80,600,16,35,10,"blue","805"
"5d17ce93ac37cd0019535088",81,400,26,31,10,"blue","1114"
"5d17ce93ac37cd0019535088",82,400,22,19,2,"blue","1068"
"5d17ce93ac37cd0019535088",83,400,17,18,10,"blue","1295"
"5d17ce93ac37cd0019535088",84,600,30,36,10,"blue","1001"
"5d17ce93ac37cd0019535088",85,600,24,21,2,"blue","951"
"5d17ce93ac37cd0019535088",86,400,32,40,10,"blue","1407"
"5d17ce93ac37cd0019535088",87,600,33,48,10,"blue","1519"
"5d17ce93ac37cd0019535088",88,400,15,27,10,"blue","1204"
"5d17ce93ac37cd0019535088",89,600,29,25,10,"blue","1088"
"5d17ce93ac37cd0019535088",90,400,22,22,2,"blue","1430"
"5d17ce93ac37cd0019535088",91,400,22,20,2,"blue","1277"
"5d17ce93ac37cd0019535088",92,400,33,20,2,"blue","1577"
"5d17ce93ac37cd0019535088",93,600,26,31,20,"blue","1595"
"5d17ce93ac37cd0019535088",94,600,15,24,20,"blue","2495"
"5d17ce93ac37cd0019535088",95,400,30,28,20,"blue","1451"
"5d17ce93ac37cd0019535088",96,400,14,19,20,"blue","1040"
"5d17ce93ac37cd0019535088",97,500,31,32,20,"blue","892"
"5d17ce93ac37cd0019535088",98,400,25,36,20,"blue","845"
"5d17ce93ac37cd0019535088",99,500,17,29,20,"blue","1097"
"5d17ce93ac37cd0019535088",100,500,27,38,20,"blue","1011"
"5d17ce93ac37cd0019535088",101,600,31,23,20,"blue","855"
"5d17ce93ac37cd0019535088",102,400,24,24,20,"blue","1012"
"5d17ce93ac37cd0019535088",103,500,31,26,20,"blue","904"
"5d17ce93ac37cd0019535088",104,500,15,19,20,"blue","737"
"5d17ce93ac37cd0019535088",105,500,21,37,20,"blue","1150"
"5d17ce93ac37cd0019535088",106,500,21,38,20,"blue","1250"
"5d17ce93ac37cd0019535088",107,600,25,45,20,"blue","1163"
"5d17ce93ac37cd0019535088",108,400,20,27,20,"blue","1040"
"5d6eea19b26c1100010cb6f3",13,600,20,12,20,"blue","3825"
"5d6eea19b26c1100010cb6f3",14,400,26,19,2,"blue","2151"
"5d6eea19b26c1100010cb6f3",15,400,31,26,2,"blue","1877"
"5d6eea19b26c1100010cb6f3",16,600,20,16,20,"blue","1751"
"5d6eea19b26c1100010cb6f3",17,400,20,15,20,"blue","2303"
"5d6eea19b26c1100010cb6f3",18,400,32,30,10,"blue","2131"
"5d6eea19b26c1100010cb6f3",19,600,25,21,2,"blue","2261"
"5d6eea19b26c1100010cb6f3",20,600,26,17,20,"blue","2036"
"5d6eea19b26c1100010cb6f3",21,600,14,9,10,"blue","1901"
"5d6eea19b26c1100010cb6f3",22,400,24,18,20,"blue","1560"
"5d6eea19b26c1100010cb6f3",23,600,26,24,20,"blue","2149"
"5d6eea19b26c1100010cb6f3",24,600,18,12,2,"blue","2012"
"5d6eea19b26c1100010cb6f3",25,500,22,21,10,"blue","1449"
"5d6eea19b26c1100010cb6f3",26,600,32,27,2,"blue","2022"
"5d6eea19b26c1100010cb6f3",27,600,30,29,10,"blue","2659"
"5d6eea19b26c1100010cb6f3",28,600,30,28,10,"blue","2311"
"5d6eea19b26c1100010cb6f3",29,400,34,35,20,"blue","1532"
"5d6eea19b26c1100010cb6f3",30,500,31,31,20,"blue","1750"
"5d6eea19b26c1100010cb6f3",31,500,27,26,20,"blue","2663"
"5d6eea19b26c1100010cb6f3",32,600,32,31,10,"blue","2533"
"5d6eea19b26c1100010cb6f3",33,500,29,30,20,"blue","2982"
"5d6eea19b26c1100010cb6f3",34,600,16,12,10,"blue","2597"
"5d6eea19b26c1100010cb6f3",35,600,23,20,20,"blue","2362"
"5d6eea19b26c1100010cb6f3",36,400,18,13,2,"blue","1863"
"5d6eea19b26c1100010cb6f3",37,400,20,23,10,"blue","1563"
"5d6eea19b26c1100010cb6f3",38,500,16,17,10,"blue","2031"
"5d6eea19b26c1100010cb6f3",39,500,20,15,20,"blue","1845"
"5d6eea19b26c1100010cb6f3",40,500,35,33,20,"blue","1286"
"5d6eea19b26c1100010cb6f3",41,500,22,24,10,"blue","1974"
"5d6eea19b26c1100010cb6f3",42,600,19,17,2,"blue","1321"
"5d6eea19b26c1100010cb6f3",43,500,22,19,10,"blue","2547"
"5d6eea19b26c1100010cb6f3",44,600,22,22,20,"blue","2261"
"5d6eea19b26c1100010cb6f3",45,400,14,13,10,"blue","1878"
"5d6eea19b26c1100010cb6f3",46,400,16,10,2,"blue","1333"
"5d6eea19b26c1100010cb6f3",47,400,29,26,20,"blue","1456"
"5d6eea19b26c1100010cb6f3",48,400,29,25,2,"blue","2184"
"5d6eea19b26c1100010cb6f3",49,500,34,30,2,"blue","1570"
"5d6eea19b26c1100010cb6f3",50,600,33,30,2,"blue","1650"
"5d6eea19b26c1100010cb6f3",51,600,23,23,2,"blue","1645"
"5d6eea19b26c1100010cb6f3",52,600,32,30,2,"blue","1644"
"5d6eea19b26c1100010cb6f3",53,400,21,18,2,"blue","2218"
"5d6eea19b26c1100010cb6f3",54,400,15,10,10,"blue","1827"
"5d6eea19b26c1100010cb6f3",55,500,18,15,10,"blue","1568"
"5d6eea19b26c1100010cb6f3",56,400,36,30,2,"blue","1510"
"5d6eea19b26c1100010cb6f3",57,400,26,22,2,"blue","1718"
"5d6eea19b26c1100010cb6f3",58,600,18,14,20,"blue","1762"
"5d6eea19b26c1100010cb6f3",59,500,16,14,10,"blue","1578"
"5d6eea19b26c1100010cb6f3",60,400,18,13,10,"blue","1529"
"5d6eea19b26c1100010cb6f3",61,400,27,17,2,"red","1871"
"5d6eea19b26c1100010cb6f3",62,500,36,33,2,"red","1916"
"5d6eea19b26c1100010cb6f3",63,600,32,29,20,"red","2079"
"5d6eea19b26c1100010cb6f3",64,400,14,18,2,"red","1031"
"5d6eea19b26c1100010cb6f3",65,600,33,32,20,"red","1612"
"5d6eea19b26c1100010cb6f3",66,500,26,28,2,"red","1335"
"5d6eea19b26c1100010cb6f3",67,500,15,13,20,"red","1896"
"5d6eea19b26c1100010cb6f3",68,500,31,30,10,"red","1612"
"5d6eea19b26c1100010cb6f3",69,500,36,37,2,"red","1414"
"5d6eea19b26c1100010cb6f3",70,600,22,20,2,"red","1965"
"5d6eea19b26c1100010cb6f3",71,500,28,29,10,"red","1978"
"5d6eea19b26c1100010cb6f3",72,400,20,18,20,"red","1748"
"5d6eea19b26c1100010cb6f3",73,600,27,27,20,"red","1328"
"5d6eea19b26c1100010cb6f3",74,500,28,25,20,"red","1468"
"5d6eea19b26c1100010cb6f3",75,500,26,29,10,"red","2680"
"5d6eea19b26c1100010cb6f3",76,600,31,34,2,"red","1261"
"5d6eea19b26c1100010cb6f3",77,500,32,37,10,"red","1706"
"5d6eea19b26c1100010cb6f3",78,400,30,30,20,"red","1244"
"5d6eea19b26c1100010cb6f3",79,500,20,22,10,"red","1801"
"5d6eea19b26c1100010cb6f3",80,400,34,38,10,"red","1812"
"5d6eea19b26c1100010cb6f3",81,600,35,37,20,"red","2138"
"5d6eea19b26c1100010cb6f3",82,500,35,28,2,"red","3177"
"5d6eea19b26c1100010cb6f3",83,600,30,31,10,"red","1633"
"5d6eea19b26c1100010cb6f3",84,600,36,36,10,"red","1565"
"5d6eea19b26c1100010cb6f3",85,400,16,12,10,"red","1864"
"5d6eea19b26c1100010cb6f3",86,600,26,22,2,"red","2381"
"5d6eea19b26c1100010cb6f3",87,600,23,23,2,"red","2896"
"5d6eea19b26c1100010cb6f3",88,400,24,24,2,"red","2079"
"5d6eea19b26c1100010cb6f3",89,400,19,17,10,"red","1754"
"5d6eea19b26c1100010cb6f3",90,600,30,28,20,"red","1315"
"5d6eea19b26c1100010cb6f3",91,600,36,33,10,"red","1498"
"5d6eea19b26c1100010cb6f3",92,400,19,17,10,"red","2146"
"5d6eea19b26c1100010cb6f3",93,500,32,30,2,"red","2001"
"5d6eea19b26c1100010cb6f3",94,400,23,17,2,"red","2029"
"5d6eea19b26c1100010cb6f3",95,500,15,12,20,"red","2445"
"5d6eea19b26c1100010cb6f3",96,600,33,29,2,"red","2429"
"5d6eea19b26c1100010cb6f3",97,500,34,36,20,"red","1848"
"5d6eea19b26c1100010cb6f3",98,500,31,32,10,"red","2061"
"5d6eea19b26c1100010cb6f3",99,600,36,34,2,"red","1564"
"5d6eea19b26c1100010cb6f3",100,500,26,31,20,"red","2529"
"5d6eea19b26c1100010cb6f3",101,400,23,25,10,"red","1602"
"5d6eea19b26c1100010cb6f3",102,600,18,16,2,"red","1397"
"5d6eea19b26c1100010cb6f3",103,400,17,18,10,"red","1962"
"5d6eea19b26c1100010cb6f3",104,600,28,30,20,"red","2049"
"5d6eea19b26c1100010cb6f3",105,400,14,13,10,"red","1329"
"5d6eea19b26c1100010cb6f3",106,400,30,26,20,"red","2444"
"5d6eea19b26c1100010cb6f3",107,600,35,38,20,"red","1282"
"5d6eea19b26c1100010cb6f3",108,400,31,29,20,"red","1933"
"5d88db42c1d06e001a1fdcab",13,600,27,19,2,"red","2752"
"5d88db42c1d06e001a1fdcab",14,400,29,22,2,"red","4200"
"5d88db42c1d06e001a1fdcab",15,400,28,26,20,"red","2776"
"5d88db42c1d06e001a1fdcab",16,600,16,12,20,"red","3656"
"5d88db42c1d06e001a1fdcab",17,400,20,16,20,"red","3026"
"5d88db42c1d06e001a1fdcab",18,500,30,25,20,"red","1790"
"5d88db42c1d06e001a1fdcab",19,500,16,5,2,"red","4713"
"5d88db42c1d06e001a1fdcab",20,600,24,15,10,"red","5468"
"5d88db42c1d06e001a1fdcab",21,600,21,0,2,"red","782"
"5d88db42c1d06e001a1fdcab",22,400,24,8,2,"red","4096"
"5d88db42c1d06e001a1fdcab",23,500,28,17,20,"red","2319"
"5d88db42c1d06e001a1fdcab",24,600,34,21,20,"red","3346"
"5d88db42c1d06e001a1fdcab",25,500,20,18,10,"red","3303"
"5d88db42c1d06e001a1fdcab",26,600,14,11,20,"red","2283"
"5d88db42c1d06e001a1fdcab",27,600,16,8,20,"red","4280"
"5d88db42c1d06e001a1fdcab",28,400,31,17,2,"red","3202"
"5d88db42c1d06e001a1fdcab",29,600,30,17,2,"red","2618"
"5d88db42c1d06e001a1fdcab",30,500,24,13,10,"red","5001"
"5d88db42c1d06e001a1fdcab",31,400,18,15,10,"red","3209"
"5d88db42c1d06e001a1fdcab",32,500,14,4,2,"red","2865"
"5d88db42c1d06e001a1fdcab",33,600,31,25,20,"red","2231"
"5d88db42c1d06e001a1fdcab",34,600,19,18,10,"red","3011"
"5d88db42c1d06e001a1fdcab",35,600,21,10,2,"red","2281"
"5d88db42c1d06e001a1fdcab",36,600,23,8,2,"red","3309"
"5d88db42c1d06e001a1fdcab",37,500,26,18,2,"red","2518"
"5d88db42c1d06e001a1fdcab",38,600,20,13,10,"red","2006"
"5d88db42c1d06e001a1fdcab",39,400,16,5,10,"red","2879"
"5d88db42c1d06e001a1fdcab",40,600,19,7,20,"red","3861"
"5d88db42c1d06e001a1fdcab",41,400,14,9,10,"red","2933"
"5d88db42c1d06e001a1fdcab",42,400,25,14,2,"red","10610"
"5d88db42c1d06e001a1fdcab",43,500,16,10,10,"red","4080"
"5d88db42c1d06e001a1fdcab",44,600,14,7,10,"red","3835"
"5d88db42c1d06e001a1fdcab",45,400,16,14,10,"red","4417"
"5d88db42c1d06e001a1fdcab",46,600,17,5,10,"red","3295"
"5d88db42c1d06e001a1fdcab",47,400,21,10,10,"red","3567"
"5d88db42c1d06e001a1fdcab",48,600,27,13,20,"red","2745"
"5d88db42c1d06e001a1fdcab",49,600,25,15,2,"red","3262"
"5d88db42c1d06e001a1fdcab",50,600,22,16,2,"red","4304"
"5d88db42c1d06e001a1fdcab",51,600,34,21,2,"red","3206"
"5d88db42c1d06e001a1fdcab",52,500,19,8,20,"red","4651"
"5d88db42c1d06e001a1fdcab",53,500,15,6,2,"red","3465"
"5d88db42c1d06e001a1fdcab",54,600,35,22,10,"red","2167"
"5d88db42c1d06e001a1fdcab",55,600,20,10,10,"red","3604"
"5d88db42c1d06e001a1fdcab",56,600,33,24,20,"red","3400"
"5d88db42c1d06e001a1fdcab",57,500,23,16,20,"red","4178"
"5d88db42c1d06e001a1fdcab",58,500,28,25,20,"red","3069"
"5d88db42c1d06e001a1fdcab",59,500,18,8,10,"red","4038"
"5d88db42c1d06e001a1fdcab",60,500,34,24,20,"red","5147"
"5d88db42c1d06e001a1fdcab",61,600,30,19,2,"blue","3086"
"5d88db42c1d06e001a1fdcab",62,600,16,13,10,"blue","2762"
"5d88db42c1d06e001a1fdcab",63,500,18,17,10,"blue","3564"
"5d88db42c1d06e001a1fdcab",64,400,18,9,2,"blue","4004"
"5d88db42c1d06e001a1fdcab",65,600,34,28,2,"blue","2395"
"5d88db42c1d06e001a1fdcab",66,400,26,20,10,"blue","2614"
"5d88db42c1d06e001a1fdcab",67,400,14,6,10,"blue","1713"
"5d88db42c1d06e001a1fdcab",68,500,31,25,10,"blue","3800"
"5d88db42c1d06e001a1fdcab",69,600,24,16,20,"blue","3638"
"5d88db42c1d06e001a1fdcab",70,600,16,12,10,"blue","6487"
"5d88db42c1d06e001a1fdcab",71,500,14,8,2,"blue","5950"
"5d88db42c1d06e001a1fdcab",72,500,26,20,2,"blue","3789"
"5d88db42c1d06e001a1fdcab",73,400,16,11,2,"blue","3727"
"5d88db42c1d06e001a1fdcab",74,400,19,21,20,"blue","3462"
"5d88db42c1d06e001a1fdcab",75,400,15,10,20,"blue","2625"
"5d88db42c1d06e001a1fdcab",76,400,18,12,2,"blue","2253"
"5d88db42c1d06e001a1fdcab",77,600,22,12,10,"blue","4012"
"5d88db42c1d06e001a1fdcab",78,600,19,19,20,"blue","2979"
"5d88db42c1d06e001a1fdcab",79,400,28,21,20,"blue","3902"
"5d88db42c1d06e001a1fdcab",80,400,14,12,10,"blue","3000"
"5d88db42c1d06e001a1fdcab",81,400,27,22,20,"blue","1921"
"5d88db42c1d06e001a1fdcab",82,400,20,19,20,"blue","3794"
"5d88db42c1d06e001a1fdcab",83,400,23,17,2,"blue","3254"
"5d88db42c1d06e001a1fdcab",84,600,24,18,10,"blue","5315"
"5d88db42c1d06e001a1fdcab",85,400,20,11,2,"blue","3233"
"5d88db42c1d06e001a1fdcab",86,400,18,19,10,"blue","1804"
"5d88db42c1d06e001a1fdcab",87,500,35,27,2,"blue","1938"
"5d88db42c1d06e001a1fdcab",88,400,31,21,2,"blue","4245"
"5d88db42c1d06e001a1fdcab",89,400,24,23,10,"blue","2961"
"5d88db42c1d06e001a1fdcab",90,400,36,28,10,"blue","4636"
"5d88db42c1d06e001a1fdcab",91,500,17,16,20,"blue","2567"
"5d88db42c1d06e001a1fdcab",92,600,15,16,10,"blue","1653"
"5d88db42c1d06e001a1fdcab",93,400,26,23,20,"blue","2094"
"5d88db42c1d06e001a1fdcab",94,600,17,14,10,"blue","3379"
"5d88db42c1d06e001a1fdcab",95,500,29,20,2,"blue","2194"
"5d88db42c1d06e001a1fdcab",96,400,36,30,20,"blue","3137"
"5d88db42c1d06e001a1fdcab",97,500,21,20,2,"blue","3549"
"5d88db42c1d06e001a1fdcab",98,400,25,21,2,"blue","1973"
"5d88db42c1d06e001a1fdcab",99,600,26,20,20,"blue","2852"
"5d88db42c1d06e001a1fdcab",100,400,24,19,10,"blue","2447"
"5d88db42c1d06e001a1fdcab",101,500,36,28,20,"blue","2764"
"5d88db42c1d06e001a1fdcab",102,600,16,16,2,"blue","4179"
"5d88db42c1d06e001a1fdcab",103,600,27,22,2,"blue","3727"
"5d88db42c1d06e001a1fdcab",104,600,22,19,20,"blue","2306"
"5d88db42c1d06e001a1fdcab",105,500,19,13,20,"blue","3968"
"5d88db42c1d06e001a1fdcab",106,500,28,26,20,"blue","2275"
"5d88db42c1d06e001a1fdcab",107,600,23,23,10,"blue","3396"
"5d88db42c1d06e001a1fdcab",108,400,21,20,20,"blue","2947"
"5d982c7ef65bb80019cc6731",13,600,26,16,2,"red","4118"
"5d982c7ef65bb80019cc6731",14,500,28,18,10,"red","5060"
"5d982c7ef65bb80019cc6731",15,600,30,21,20,"red","4853"
"5d982c7ef65bb80019cc6731",16,400,32,27,2,"red","6729"
"5d982c7ef65bb80019cc6731",17,400,35,35,2,"red","4886"
"5d982c7ef65bb80019cc6731",18,400,32,35,20,"red","4151"
"5d982c7ef65bb80019cc6731",19,500,26,17,2,"red","4486"
"5d982c7ef65bb80019cc6731",20,600,22,23,10,"red","5206"
"5d982c7ef65bb80019cc6731",21,400,28,24,10,"red","8083"
"5d982c7ef65bb80019cc6731",22,400,24,19,10,"red","4022"
"5d982c7ef65bb80019cc6731",23,500,29,28,10,"red","4829"
"5d982c7ef65bb80019cc6731",24,600,16,12,10,"red","3431"
"5d982c7ef65bb80019cc6731",25,500,15,12,20,"red","3324"
"5d982c7ef65bb80019cc6731",26,400,32,34,2,"red","2880"
"5d982c7ef65bb80019cc6731",27,400,29,27,10,"red","2983"
"5d982c7ef65bb80019cc6731",28,400,31,28,2,"red","4338"
"5d982c7ef65bb80019cc6731",29,600,23,9,2,"red","2548"
"5d982c7ef65bb80019cc6731",30,500,22,15,10,"red","3489"
"5d982c7ef65bb80019cc6731",31,400,19,16,20,"red","5710"
"5d982c7ef65bb80019cc6731",32,600,14,7,20,"red","4020"
"5d982c7ef65bb80019cc6731",33,500,19,12,10,"red","3145"
"5d982c7ef65bb80019cc6731",34,600,18,8,2,"red","3132"
"5d982c7ef65bb80019cc6731",35,500,35,43,20,"red","3260"
"5d982c7ef65bb80019cc6731",36,400,36,44,20,"red","4749"
"5d982c7ef65bb80019cc6731",37,400,25,28,20,"red","3487"
"5d982c7ef65bb80019cc6731",38,600,34,30,20,"red","4055"
"5d982c7ef65bb80019cc6731",39,600,31,26,20,"red","3645"
"5d982c7ef65bb80019cc6731",40,400,31,17,2,"red","3223"
"5d982c7ef65bb80019cc6731",41,600,31,26,10,"red","5833"
"5d982c7ef65bb80019cc6731",42,600,22,12,2,"red","3177"
"5d982c7ef65bb80019cc6731",43,600,24,18,10,"red","4402"
"5d982c7ef65bb80019cc6731",44,400,35,30,2,"red","3581"
"5d982c7ef65bb80019cc6731",45,400,35,42,20,"red","3314"
"5d982c7ef65bb80019cc6731",46,600,15,10,10,"red","2843"
"5d982c7ef65bb80019cc6731",47,600,27,28,20,"red","3005"
"5d982c7ef65bb80019cc6731",48,400,33,37,10,"red","2619"
"5d982c7ef65bb80019cc6731",49,600,30,31,20,"red","2933"
"5d982c7ef65bb80019cc6731",50,600,24,23,20,"red","5110"
"5d982c7ef65bb80019cc6731",51,600,17,6,2,"red","9579"
"5d982c7ef65bb80019cc6731",52,600,32,34,2,"red","2502"
"5d982c7ef65bb80019cc6731",53,600,30,32,10,"red","3522"
"5d982c7ef65bb80019cc6731",54,400,33,32,20,"red","2818"
"5d982c7ef65bb80019cc6731",55,600,29,25,10,"red","3204"
"5d982c7ef65bb80019cc6731",56,500,24,14,2,"red","4938"
"5d982c7ef65bb80019cc6731",57,600,26,10,2,"red","2372"
"5d982c7ef65bb80019cc6731",58,400,17,4,20,"red","2624"
"5d982c7ef65bb80019cc6731",59,400,14,7,2,"red","3618"
"5d982c7ef65bb80019cc6731",60,600,21,8,10,"red","2220"
"5d982c7ef65bb80019cc6731",61,500,17,17,20,"blue","2991"
"5d982c7ef65bb80019cc6731",62,400,30,26,10,"blue","3221"
"5d982c7ef65bb80019cc6731",63,500,28,24,20,"blue","5490"
"5d982c7ef65bb80019cc6731",64,400,20,18,2,"blue","2913"
"5d982c7ef65bb80019cc6731",65,500,28,24,10,"blue","2930"
"5d982c7ef65bb80019cc6731",66,400,25,28,2,"blue","4347"
"5d982c7ef65bb80019cc6731",67,400,33,32,20,"blue","2974"
"5d982c7ef65bb80019cc6731",68,400,14,14,20,"blue","3387"
"5d982c7ef65bb80019cc6731",69,500,16,15,10,"blue","3095"
"5d982c7ef65bb80019cc6731",70,600,29,32,10,"blue","5278"
"5d982c7ef65bb80019cc6731",71,600,31,29,10,"blue","4638"
"5d982c7ef65bb80019cc6731",72,600,25,19,2,"blue","2804"
"5d982c7ef65bb80019cc6731",73,400,25,27,20,"blue","3456"
"5d982c7ef65bb80019cc6731",74,600,26,21,10,"blue","3480"
"5d982c7ef65bb80019cc6731",75,500,31,35,20,"blue","3482"
"5d982c7ef65bb80019cc6731",76,600,29,19,2,"blue","4116"
"5d982c7ef65bb80019cc6731",77,400,29,23,2,"blue","3632"
"5d982c7ef65bb80019cc6731",78,500,31,22,2,"blue","2936"
"5d982c7ef65bb80019cc6731",79,600,36,38,10,"blue","2820"
"5d982c7ef65bb80019cc6731",80,600,23,27,10,"blue","3102"
"5d982c7ef65bb80019cc6731",81,500,21,23,20,"blue","3652"
"5d982c7ef65bb80019cc6731",82,500,26,26,2,"blue","4862"
"5d982c7ef65bb80019cc6731",83,600,17,18,20,"blue","3314"
"5d982c7ef65bb80019cc6731",84,500,17,15,20,"blue","3994"
"5d982c7ef65bb80019cc6731",85,600,33,31,10,"blue","7150"
"5d982c7ef65bb80019cc6731",86,500,35,37,10,"blue","4191"
"5d982c7ef65bb80019cc6731",87,600,24,12,2,"blue","3792"
"5d982c7ef65bb80019cc6731",88,600,19,20,20,"blue","2409"
"5d982c7ef65bb80019cc6731",89,500,16,11,2,"blue","2610"
"5d982c7ef65bb80019cc6731",90,500,24,20,10,"blue","3279"
"5d982c7ef65bb80019cc6731",91,500,32,33,2,"blue","2038"
"5d982c7ef65bb80019cc6731",92,500,15,11,10,"blue","2806"
"5d982c7ef65bb80019cc6731",93,500,25,20,10,"blue","3011"
"5d982c7ef65bb80019cc6731",94,500,19,14,2,"blue","2123"
"5d982c7ef65bb80019cc6731",95,500,21,19,2,"blue","3363"
"5d982c7ef65bb80019cc6731",96,400,15,13,20,"blue","4076"
"5d982c7ef65bb80019cc6731",97,400,28,25,2,"blue","2745"
"5d982c7ef65bb80019cc6731",98,500,15,18,10,"blue","4508"
"5d982c7ef65bb80019cc6731",99,400,35,37,20,"blue","2730"
"5d982c7ef65bb80019cc6731",100,600,35,31,2,"blue","3065"
"5d982c7ef65bb80019cc6731",101,500,16,13,20,"blue","3233"
"5d982c7ef65bb80019cc6731",102,400,35,42,10,"blue","2082"
"5d982c7ef65bb80019cc6731",103,400,33,35,20,"blue","2390"
"5d982c7ef65bb80019cc6731",104,600,35,30,10,"blue","4383"
"5d982c7ef65bb80019cc6731",105,500,20,13,2,"blue","2370"
"5d982c7ef65bb80019cc6731",106,500,17,15,20,"blue","4081"
"5d982c7ef65bb80019cc6731",107,500,14,7,2,"blue","3029"
"5d982c7ef65bb80019cc6731",108,500,26,26,20,"blue","2958"
"5e84bd7c34d5d9072128fac1",13,400,29,21,10,"blue","3093"
"5e84bd7c34d5d9072128fac1",14,400,15,10,2,"blue","4093"
"5e84bd7c34d5d9072128fac1",15,500,31,26,2,"blue","2857"
"5e84bd7c34d5d9072128fac1",16,500,35,31,10,"blue","2437"
"5e84bd7c34d5d9072128fac1",17,500,20,25,10,"blue","3150"
"5e84bd7c34d5d9072128fac1",18,400,23,24,10,"blue","2117"
"5e84bd7c34d5d9072128fac1",19,500,34,28,10,"blue","2262"
"5e84bd7c34d5d9072128fac1",20,500,20,20,10,"blue","1849"
"5e84bd7c34d5d9072128fac1",21,600,17,20,10,"blue","2246"
"5e84bd7c34d5d9072128fac1",22,400,26,24,10,"blue","2521"
"5e84bd7c34d5d9072128fac1",23,400,20,21,10,"blue","2508"
"5e84bd7c34d5d9072128fac1",24,400,18,19,2,"blue","3878"
"5e84bd7c34d5d9072128fac1",25,600,28,24,2,"blue","4123"
"5e84bd7c34d5d9072128fac1",26,500,19,21,2,"blue","2246"
"5e84bd7c34d5d9072128fac1",27,500,27,26,10,"blue","3403"
"5e84bd7c34d5d9072128fac1",28,500,21,21,2,"blue","2556"
"5e84bd7c34d5d9072128fac1",29,600,17,17,2,"blue","2968"
"5e84bd7c34d5d9072128fac1",30,400,24,19,2,"blue","3337"
"5e84bd7c34d5d9072128fac1",31,500,19,19,2,"blue","2515"
"5e84bd7c34d5d9072128fac1",32,400,18,18,10,"blue","3069"
"5e84bd7c34d5d9072128fac1",33,400,36,30,2,"blue","4176"
"5e84bd7c34d5d9072128fac1",34,500,14,19,10,"blue","3983"
"5e84bd7c34d5d9072128fac1",35,400,20,20,10,"blue","3095"
"5e84bd7c34d5d9072128fac1",36,500,25,21,2,"blue","2911"
"5e84bd7c34d5d9072128fac1",37,600,34,28,10,"blue","3549"
"5e84bd7c34d5d9072128fac1",38,400,18,19,2,"blue","3074"
"5e84bd7c34d5d9072128fac1",39,600,17,23,10,"blue","3043"
"5e84bd7c34d5d9072128fac1",40,600,21,24,2,"blue","2651"
"5e84bd7c34d5d9072128fac1",41,400,35,31,10,"blue","3443"
"5e84bd7c34d5d9072128fac1",42,600,22,19,2,"blue","2798"
"5e84bd7c34d5d9072128fac1",43,400,23,20,2,"blue","2057"
"5e84bd7c34d5d9072128fac1",44,600,16,17,2,"blue","3860"
"5e84bd7c34d5d9072128fac1",45,600,26,24,20,"blue","2842"
"5e84bd7c34d5d9072128fac1",46,600,25,24,20,"blue","3073"
"5e84bd7c34d5d9072128fac1",47,400,19,20,20,"blue","2677"
"5e84bd7c34d5d9072128fac1",48,500,18,18,20,"blue","2934"
"5e84bd7c34d5d9072128fac1",49,500,18,21,20,"blue","2660"
"5e84bd7c34d5d9072128fac1",50,500,32,27,20,"blue","2922"
"5e84bd7c34d5d9072128fac1",51,600,34,28,20,"blue","4658"
"5e84bd7c34d5d9072128fac1",52,600,30,24,20,"blue","2968"
"5e84bd7c34d5d9072128fac1",53,500,32,26,20,"blue","2712"
"5e84bd7c34d5d9072128fac1",54,500,20,19,20,"blue","2580"
"5e84bd7c34d5d9072128fac1",55,500,21,21,20,"blue","2826"
"5e84bd7c34d5d9072128fac1",56,400,19,18,20,"blue","3602"
"5e84bd7c34d5d9072128fac1",57,400,33,25,20,"blue","3177"
"5e84bd7c34d5d9072128fac1",58,400,18,18,20,"blue","3049"
"5e84bd7c34d5d9072128fac1",59,400,14,12,20,"blue","2742"
"5e84bd7c34d5d9072128fac1",60,400,21,17,20,"blue","2800"
"5e84bd7c34d5d9072128fac1",61,500,32,29,2,"red","2631"
"5e84bd7c34d5d9072128fac1",62,500,33,30,2,"red","2248"
"5e84bd7c34d5d9072128fac1",63,400,29,27,2,"red","2643"
"5e84bd7c34d5d9072128fac1",64,400,31,26,2,"red","2281"
"5e84bd7c34d5d9072128fac1",65,500,29,28,2,"red","2823"
"5e84bd7c34d5d9072128fac1",66,500,35,32,2,"red","2334"
"5e84bd7c34d5d9072128fac1",67,600,31,29,2,"red","1972"
"5e84bd7c34d5d9072128fac1",68,500,31,26,2,"red","2144"
"5e84bd7c34d5d9072128fac1",69,600,23,21,2,"red","2602"
"5e84bd7c34d5d9072128fac1",70,600,23,19,2,"red","2897"
"5e84bd7c34d5d9072128fac1",71,400,35,28,2,"red","2513"
"5e84bd7c34d5d9072128fac1",72,500,20,20,2,"red","2457"
"5e84bd7c34d5d9072128fac1",73,400,33,25,2,"red","2709"
"5e84bd7c34d5d9072128fac1",74,500,34,29,2,"red","2645"
"5e84bd7c34d5d9072128fac1",75,400,14,14,2,"red","2756"
"5e84bd7c34d5d9072128fac1",76,500,20,15,2,"red","2657"
"5e84bd7c34d5d9072128fac1",77,400,30,26,10,"red","2547"
"5e84bd7c34d5d9072128fac1",78,400,36,33,10,"red","2851"
"5e84bd7c34d5d9072128fac1",79,500,31,33,10,"red","2391"
"5e84bd7c34d5d9072128fac1",80,600,35,32,10,"red","2402"
"5e84bd7c34d5d9072128fac1",81,600,21,21,10,"red","2661"
"5e84bd7c34d5d9072128fac1",82,500,34,29,10,"red","3381"
"5e84bd7c34d5d9072128fac1",83,600,29,30,10,"red","2254"
"5e84bd7c34d5d9072128fac1",84,600,28,31,10,"red","2436"
"5e84bd7c34d5d9072128fac1",85,400,35,34,10,"red","2189"
"5e84bd7c34d5d9072128fac1",86,600,18,19,10,"red","1862"
"5e84bd7c34d5d9072128fac1",87,500,25,24,10,"red","1768"
"5e84bd7c34d5d9072128fac1",88,400,36,32,10,"red","2716"
"5e84bd7c34d5d9072128fac1",89,500,29,27,10,"red","1743"
"5e84bd7c34d5d9072128fac1",90,500,16,18,10,"red","2477"
"5e84bd7c34d5d9072128fac1",91,600,36,32,10,"red","2440"
"5e84bd7c34d5d9072128fac1",92,600,26,27,10,"red","3608"
"5e84bd7c34d5d9072128fac1",93,600,29,23,20,"red","3017"
"5e84bd7c34d5d9072128fac1",94,400,33,26,20,"red","3781"
"5e84bd7c34d5d9072128fac1",95,600,15,19,20,"red","3903"
"5e84bd7c34d5d9072128fac1",96,500,25,24,20,"red","2277"
"5e84bd7c34d5d9072128fac1",97,400,28,24,20,"red","1233"
"5e84bd7c34d5d9072128fac1",98,500,28,26,20,"red","1670"
"5e84bd7c34d5d9072128fac1",99,500,27,24,20,"red","2273"
"5e84bd7c34d5d9072128fac1",100,400,21,19,20,"red","2042"
"5e84bd7c34d5d9072128fac1",101,400,25,23,20,"red","2061"
"5e84bd7c34d5d9072128fac1",102,500,30,29,20,"red","2009"
"5e84bd7c34d5d9072128fac1",103,600,21,22,20,"red","2064"
"5e84bd7c34d5d9072128fac1",104,500,25,24,20,"red","2002"
"5e84bd7c34d5d9072128fac1",105,400,30,28,20,"red","1984"
"5e84bd7c34d5d9072128fac1",106,500,26,25,20,"red","2729"
"5e84bd7c34d5d9072128fac1",107,600,30,28,20,"red","1853"
"5e84bd7c34d5d9072128fac1",108,600,33,31,20,"red","2039"
"5e8a1827052175000938eb91",13,500,29,19,2,"red","1177"
"5e8a1827052175000938eb91",14,500,35,12,2,"red","1733"
"5e8a1827052175000938eb91",15,500,30,21,2,"red","14023"
"5e8a1827052175000938eb91",16,500,20,9,2,"red","2104"
"5e8a1827052175000938eb91",17,600,17,16,20,"red","1525"
"5e8a1827052175000938eb91",18,400,34,22,2,"red","1965"
"5e8a1827052175000938eb91",19,600,22,13,20,"red","1879"
"5e8a1827052175000938eb91",20,500,35,24,20,"red","1628"
"5e8a1827052175000938eb91",21,500,34,20,2,"red","1219"
"5e8a1827052175000938eb91",22,600,24,20,2,"red","1398"
"5e8a1827052175000938eb91",23,600,14,12,20,"red","1288"
"5e8a1827052175000938eb91",24,600,33,18,2,"red","1426"
"5e8a1827052175000938eb91",25,500,28,21,20,"red","1411"
"5e8a1827052175000938eb91",26,400,28,19,2,"red","2294"
"5e8a1827052175000938eb91",27,400,25,27,20,"red","1755"
"5e8a1827052175000938eb91",28,500,22,23,20,"red","1346"
"5e8a1827052175000938eb91",29,500,18,10,2,"red","1065"
"5e8a1827052175000938eb91",30,400,30,20,20,"red","1215"
"5e8a1827052175000938eb91",31,400,35,22,2,"red","1040"
"5e8a1827052175000938eb91",32,500,29,18,2,"red","1313"
"5e8a1827052175000938eb91",33,500,22,17,20,"red","1227"
"5e8a1827052175000938eb91",34,400,25,21,20,"red","1074"
"5e8a1827052175000938eb91",35,500,28,16,2,"red","1314"
"5e8a1827052175000938eb91",36,500,18,17,20,"red","1089"
"5e8a1827052175000938eb91",37,600,22,13,2,"red","1074"
"5e8a1827052175000938eb91",38,600,21,18,2,"red","1082"
"5e8a1827052175000938eb91",39,500,31,23,2,"red","967"
"5e8a1827052175000938eb91",40,600,31,25,10,"red","1230"
"5e8a1827052175000938eb91",41,500,33,21,20,"red","1443"
"5e8a1827052175000938eb91",42,500,16,20,10,"red","912"
"5e8a1827052175000938eb91",43,500,16,20,20,"red","1436"
"5e8a1827052175000938eb91",44,500,36,24,10,"red","1173"
"5e8a1827052175000938eb91",45,400,34,23,10,"red","1134"
"5e8a1827052175000938eb91",46,500,21,22,20,"red","1683"
"5e8a1827052175000938eb91",47,500,22,17,20,"red","1194"
"5e8a1827052175000938eb91",48,400,29,24,20,"red","1150"
"5e8a1827052175000938eb91",49,400,20,23,10,"red","1482"
"5e8a1827052175000938eb91",50,600,31,24,10,"red","1296"
"5e8a1827052175000938eb91",51,400,15,13,10,"red","1363"
"5e8a1827052175000938eb91",52,400,33,25,10,"red","1555"
"5e8a1827052175000938eb91",53,500,27,22,10,"red","1026"
"5e8a1827052175000938eb91",54,400,35,29,10,"red","936"
"5e8a1827052175000938eb91",55,500,20,24,10,"red","1306"
"5e8a1827052175000938eb91",56,500,32,29,10,"red","1208"
"5e8a1827052175000938eb91",57,600,22,28,10,"red","1150"
"5e8a1827052175000938eb91",58,600,17,18,10,"red","1022"
"5e8a1827052175000938eb91",59,400,22,22,10,"red","1130"
"5e8a1827052175000938eb91",60,500,29,21,10,"red","965"
"5e8a1827052175000938eb91",61,600,36,19,2,"blue","1519"
"5e8a1827052175000938eb91",62,600,18,15,2,"blue","1137"
"5e8a1827052175000938eb91",63,500,15,23,2,"blue","1636"
"5e8a1827052175000938eb91",64,400,30,23,2,"blue","1749"
"5e8a1827052175000938eb91",65,400,17,17,2,"blue","1160"
"5e8a1827052175000938eb91",66,500,23,18,2,"blue","1774"
"5e8a1827052175000938eb91",67,600,27,14,2,"blue","1504"
"5e8a1827052175000938eb91",68,400,19,15,2,"blue","911"
"5e8a1827052175000938eb91",69,500,14,12,2,"blue","1569"
"5e8a1827052175000938eb91",70,600,28,22,2,"blue","1166"
"5e8a1827052175000938eb91",71,400,23,17,2,"blue","937"
"5e8a1827052175000938eb91",72,500,25,21,2,"blue","1135"
"5e8a1827052175000938eb91",73,500,26,21,2,"blue","1125"
"5e8a1827052175000938eb91",74,400,15,19,2,"blue","1247"
"5e8a1827052175000938eb91",75,400,27,24,2,"blue","1033"
"5e8a1827052175000938eb91",76,500,26,20,2,"blue","971"
"5e8a1827052175000938eb91",77,500,24,17,10,"blue","1145"
"5e8a1827052175000938eb91",78,600,35,22,10,"blue","859"
"5e8a1827052175000938eb91",79,400,15,18,10,"blue","866"
"5e8a1827052175000938eb91",80,500,32,22,10,"blue","771"
"5e8a1827052175000938eb91",81,500,22,28,10,"blue","1171"
"5e8a1827052175000938eb91",82,600,24,22,10,"blue","845"
"5e8a1827052175000938eb91",83,600,22,16,10,"blue","891"
"5e8a1827052175000938eb91",84,400,17,20,10,"blue","1181"
"5e8a1827052175000938eb91",85,400,19,21,10,"blue","1024"
"5e8a1827052175000938eb91",86,400,31,24,10,"blue","1162"
"5e8a1827052175000938eb91",87,400,30,24,10,"blue","971"
"5e8a1827052175000938eb91",88,500,19,21,10,"blue","1969"
"5e8a1827052175000938eb91",89,400,19,13,10,"blue","985"
"5e8a1827052175000938eb91",90,400,23,17,10,"blue","1287"
"5e8a1827052175000938eb91",91,500,30,19,10,"blue","1299"
"5e8a1827052175000938eb91",92,400,24,22,10,"blue","1040"
"5e8a1827052175000938eb91",93,600,33,20,20,"blue","897"
"5e8a1827052175000938eb91",94,600,18,19,20,"blue","3361"
"5e8a1827052175000938eb91",95,400,28,18,20,"blue","1635"
"5e8a1827052175000938eb91",96,600,36,22,20,"blue","1567"
"5e8a1827052175000938eb91",97,400,25,17,20,"blue","1137"
"5e8a1827052175000938eb91",98,500,15,14,20,"blue","1134"
"5e8a1827052175000938eb91",99,600,14,19,20,"blue","838"
"5e8a1827052175000938eb91",100,500,28,17,20,"blue","897"
"5e8a1827052175000938eb91",101,600,25,18,20,"blue","970"
"5e8a1827052175000938eb91",102,600,33,20,20,"blue","790"
"5e8a1827052175000938eb91",103,500,28,17,20,"blue","955"
"5e8a1827052175000938eb91",104,400,32,22,20,"blue","857"
"5e8a1827052175000938eb91",105,600,35,22,20,"blue","781"
"5e8a1827052175000938eb91",106,500,14,10,20,"blue","903"
"5e8a1827052175000938eb91",107,600,17,17,20,"blue","1143"
"5e8a1827052175000938eb91",108,400,36,24,20,"blue","1113"
"5ee92b925f0f482bb1e73668",13,500,36,27,10,"blue","2782"
"5ee92b925f0f482bb1e73668",14,400,18,26,10,"blue","1835"
"5ee92b925f0f482bb1e73668",15,500,15,14,2,"blue","2003"
"5ee92b925f0f482bb1e73668",16,500,14,17,10,"blue","1829"
"5ee92b925f0f482bb1e73668",17,400,29,25,10,"blue","2232"
"5ee92b925f0f482bb1e73668",18,600,20,22,10,"blue","1811"
"5ee92b925f0f482bb1e73668",19,400,27,27,10,"blue","1675"
"5ee92b925f0f482bb1e73668",20,600,21,20,2,"blue","3432"
"5ee92b925f0f482bb1e73668",21,400,14,15,10,"blue","2789"
"5ee92b925f0f482bb1e73668",22,400,25,24,10,"blue","1992"
"5ee92b925f0f482bb1e73668",23,400,25,27,2,"blue","2401"
"5ee92b925f0f482bb1e73668",24,500,21,25,10,"blue","1681"
"5ee92b925f0f482bb1e73668",25,600,16,19,2,"blue","1832"
"5ee92b925f0f482bb1e73668",26,500,31,29,10,"blue","1738"
"5ee92b925f0f482bb1e73668",27,500,20,19,2,"blue","2566"
"5ee92b925f0f482bb1e73668",28,600,35,32,10,"blue","2303"
"5ee92b925f0f482bb1e73668",29,500,27,32,2,"blue","1629"
"5ee92b925f0f482bb1e73668",30,500,28,28,10,"blue","1865"
"5ee92b925f0f482bb1e73668",31,600,27,27,10,"blue","1674"
"5ee92b925f0f482bb1e73668",32,600,29,31,2,"blue","1595"
"5ee92b925f0f482bb1e73668",33,600,28,27,2,"blue","1955"
"5ee92b925f0f482bb1e73668",34,400,21,25,10,"blue","1505"
"5ee92b925f0f482bb1e73668",35,500,14,17,2,"blue","2656"
"5ee92b925f0f482bb1e73668",36,600,24,21,2,"blue","1829"
"5ee92b925f0f482bb1e73668",37,400,32,32,2,"blue","1970"
"5ee92b925f0f482bb1e73668",38,500,30,30,2,"blue","2440"
"5ee92b925f0f482bb1e73668",39,600,26,28,10,"blue","1992"
"5ee92b925f0f482bb1e73668",40,400,36,37,10,"blue","1868"
"5ee92b925f0f482bb1e73668",41,600,27,28,2,"blue","2159"
"5ee92b925f0f482bb1e73668",42,600,18,22,2,"blue","2578"
"5ee92b925f0f482bb1e73668",43,400,36,29,2,"blue","1629"
"5ee92b925f0f482bb1e73668",44,500,22,23,2,"blue","2456"
"5ee92b925f0f482bb1e73668",45,500,21,22,20,"blue","3072"
"5ee92b925f0f482bb1e73668",46,600,33,29,20,"blue","2186"
"5ee92b925f0f482bb1e73668",47,400,33,31,20,"blue","1920"
"5ee92b925f0f482bb1e73668",48,600,18,29,20,"blue","2236"
"5ee92b925f0f482bb1e73668",49,500,36,34,20,"blue","1202"
"5ee92b925f0f482bb1e73668",50,500,22,30,20,"blue","1426"
"5ee92b925f0f482bb1e73668",51,500,17,23,20,"blue","1315"
"5ee92b925f0f482bb1e73668",52,400,16,23,20,"blue","1352"
"5ee92b925f0f482bb1e73668",53,400,28,19,20,"blue","1966"
"5ee92b925f0f482bb1e73668",54,500,20,18,20,"blue","1260"
"5ee92b925f0f482bb1e73668",55,400,35,35,20,"blue","1505"
"5ee92b925f0f482bb1e73668",56,400,27,27,20,"blue","1700"
"5ee92b925f0f482bb1e73668",57,600,22,13,20,"blue","1595"
"5ee92b925f0f482bb1e73668",58,500,26,28,20,"blue","1574"
"5ee92b925f0f482bb1e73668",59,500,28,26,20,"blue","1935"
"5ee92b925f0f482bb1e73668",60,400,27,30,20,"blue","1654"
"5ee92b925f0f482bb1e73668",61,400,15,13,2,"red","1946"
"5ee92b925f0f482bb1e73668",62,500,36,33,2,"red","1532"
"5ee92b925f0f482bb1e73668",63,400,23,21,2,"red","1200"
"5ee92b925f0f482bb1e73668",64,400,19,20,2,"red","1264"
"5ee92b925f0f482bb1e73668",65,600,14,24,2,"red","3084"
"5ee92b925f0f482bb1e73668",66,500,31,28,2,"red","1534"
"5ee92b925f0f482bb1e73668",67,500,14,10,2,"red","1935"
"5ee92b925f0f482bb1e73668",68,400,25,18,2,"red","1061"
"5ee92b925f0f482bb1e73668",69,400,35,34,2,"red","1714"
"5ee92b925f0f482bb1e73668",70,400,25,22,2,"red","1207"
"5ee92b925f0f482bb1e73668",71,600,25,26,2,"red","1452"
"5ee92b925f0f482bb1e73668",72,400,14,24,2,"red","2358"
"5ee92b925f0f482bb1e73668",73,400,24,29,2,"red","1585"
"5ee92b925f0f482bb1e73668",74,600,30,32,2,"red","1879"
"5ee92b925f0f482bb1e73668",75,600,23,26,2,"red","1336"
"5ee92b925f0f482bb1e73668",76,500,24,29,2,"red","2853"
"5ee92b925f0f482bb1e73668",77,500,23,29,10,"red","1337"
"5ee92b925f0f482bb1e73668",78,400,36,37,10,"red","1438"
"5ee92b925f0f482bb1e73668",79,400,28,31,10,"red","1905"
"5ee92b925f0f482bb1e73668",80,500,23,30,10,"red","1656"
"5ee92b925f0f482bb1e73668",81,400,28,36,10,"red","1301"
"5ee92b925f0f482bb1e73668",82,500,22,25,10,"red","1195"
"5ee92b925f0f482bb1e73668",83,600,29,30,10,"red","1253"
"5ee92b925f0f482bb1e73668",84,500,15,22,10,"red","1319"
"5ee92b925f0f482bb1e73668",85,600,16,16,10,"red","2431"
"5ee92b925f0f482bb1e73668",86,400,19,20,10,"red","2555"
"5ee92b925f0f482bb1e73668",87,500,23,28,10,"red","2031"
"5ee92b925f0f482bb1e73668",88,500,34,36,10,"red","1648"
"5ee92b925f0f482bb1e73668",89,500,27,30,10,"red","1605"
"5ee92b925f0f482bb1e73668",90,600,14,14,10,"red","1553"
"5ee92b925f0f482bb1e73668",91,500,20,27,10,"red","1739"
"5ee92b925f0f482bb1e73668",92,400,27,26,10,"red","1171"
"5ee92b925f0f482bb1e73668",93,500,27,26,20,"red","1676"
"5ee92b925f0f482bb1e73668",94,400,32,29,20,"red","1540"
"5ee92b925f0f482bb1e73668",95,500,16,15,20,"red","1348"
"5ee92b925f0f482bb1e73668",96,400,28,22,20,"red","1452"
"5ee92b925f0f482bb1e73668",97,500,29,33,20,"red","1380"
"5ee92b925f0f482bb1e73668",98,400,21,18,20,"red","1019"
"5ee92b925f0f482bb1e73668",99,600,20,12,20,"red","1210"
"5ee92b925f0f482bb1e73668",100,500,14,15,20,"red","1179"
"5ee92b925f0f482bb1e73668",101,400,35,33,20,"red","1228"
"5ee92b925f0f482bb1e73668",102,500,19,24,20,"red","1380"
"5ee92b925f0f482bb1e73668",103,600,25,21,20,"red","1475"
"5ee92b925f0f482bb1e73668",104,400,25,27,20,"red","1600"
"5ee92b925f0f482bb1e73668",105,500,19,17,20,"red","1156"
"5ee92b925f0f482bb1e73668",106,600,31,34,20,"red","1380"
"5ee92b925f0f482bb1e73668",107,400,27,26,20,"red","2809"
"5ee92b925f0f482bb1e73668",108,400,19,21,20,"red","1883"
"5ef4d8b87faaa00c0dea0c4e",13,400,34,29,20,"blue","5064"
"5ef4d8b87faaa00c0dea0c4e",14,500,30,27,10,"blue","4295"
"5ef4d8b87faaa00c0dea0c4e",15,600,18,15,2,"blue","5543"
"5ef4d8b87faaa00c0dea0c4e",16,600,23,26,2,"blue","5286"
"5ef4d8b87faaa00c0dea0c4e",17,600,28,25,2,"blue","3518"
"5ef4d8b87faaa00c0dea0c4e",18,500,25,24,2,"blue","4414"
"5ef4d8b87faaa00c0dea0c4e",19,500,24,18,20,"blue","6497"
"5ef4d8b87faaa00c0dea0c4e",20,600,26,22,2,"blue","3132"
"5ef4d8b87faaa00c0dea0c4e",21,400,36,31,10,"blue","4980"
"5ef4d8b87faaa00c0dea0c4e",22,600,23,15,20,"blue","3756"
"5ef4d8b87faaa00c0dea0c4e",23,400,21,20,10,"blue","5489"
"5ef4d8b87faaa00c0dea0c4e",24,600,27,23,20,"blue","5126"
"5ef4d8b87faaa00c0dea0c4e",25,600,22,17,20,"blue","4649"
"5ef4d8b87faaa00c0dea0c4e",26,600,23,20,10,"blue","4537"
"5ef4d8b87faaa00c0dea0c4e",27,400,22,21,2,"blue","4469"
"5ef4d8b87faaa00c0dea0c4e",28,400,28,20,20,"blue","4096"
"5ef4d8b87faaa00c0dea0c4e",29,500,29,26,2,"blue","3694"
"5ef4d8b87faaa00c0dea0c4e",30,600,33,27,10,"blue","4489"
"5ef4d8b87faaa00c0dea0c4e",31,500,34,30,10,"blue","4925"
"5ef4d8b87faaa00c0dea0c4e",32,600,17,13,10,"blue","3683"
"5ef4d8b87faaa00c0dea0c4e",33,600,31,27,10,"blue","3519"
"5ef4d8b87faaa00c0dea0c4e",34,400,33,30,20,"blue","5893"
"5ef4d8b87faaa00c0dea0c4e",35,400,23,21,2,"blue","3391"
"5ef4d8b87faaa00c0dea0c4e",36,400,26,21,10,"blue","2233"
"5ef4d8b87faaa00c0dea0c4e",37,400,20,20,10,"blue","2968"
"5ef4d8b87faaa00c0dea0c4e",38,600,15,15,2,"blue","2932"
"5ef4d8b87faaa00c0dea0c4e",39,500,23,15,20,"blue","6334"
"5ef4d8b87faaa00c0dea0c4e",40,500,14,14,2,"blue","4844"
"5ef4d8b87faaa00c0dea0c4e",41,500,32,23,20,"blue","4745"
"5ef4d8b87faaa00c0dea0c4e",42,500,23,18,2,"blue","2782"
"5ef4d8b87faaa00c0dea0c4e",43,500,35,30,20,"blue","5369"
"5ef4d8b87faaa00c0dea0c4e",44,600,18,11,20,"blue","4928"
"5ef4d8b87faaa00c0dea0c4e",45,600,36,31,10,"blue","6281"
"5ef4d8b87faaa00c0dea0c4e",46,400,27,24,10,"blue","3643"
"5ef4d8b87faaa00c0dea0c4e",47,600,33,32,2,"blue","3309"
"5ef4d8b87faaa00c0dea0c4e",48,500,27,24,10,"blue","3667"
"5ef4d8b87faaa00c0dea0c4e",49,600,17,16,10,"blue","4173"
"5ef4d8b87faaa00c0dea0c4e",50,400,23,16,20,"blue","4202"
"5ef4d8b87faaa00c0dea0c4e",51,600,33,32,10,"blue","4130"
"5ef4d8b87faaa00c0dea0c4e",52,600,17,13,2,"blue","5409"
"5ef4d8b87faaa00c0dea0c4e",53,500,16,12,10,"blue","5043"
"5ef4d8b87faaa00c0dea0c4e",54,500,36,34,20,"blue","6603"
"5ef4d8b87faaa00c0dea0c4e",55,600,15,15,2,"blue","3533"
"5ef4d8b87faaa00c0dea0c4e",56,400,21,15,20,"blue","4350"
"5ef4d8b87faaa00c0dea0c4e",57,600,25,21,20,"blue","3320"
"5ef4d8b87faaa00c0dea0c4e",58,400,16,17,20,"blue","4187"
"5ef4d8b87faaa00c0dea0c4e",59,600,16,13,2,"blue","3128"
"5ef4d8b87faaa00c0dea0c4e",60,600,32,31,2,"blue","5213"
"5ef4d8b87faaa00c0dea0c4e",61,500,23,24,2,"red","4650"
"5ef4d8b87faaa00c0dea0c4e",62,500,20,17,10,"red","2361"
"5ef4d8b87faaa00c0dea0c4e",63,500,31,25,2,"red","5149"
"5ef4d8b87faaa00c0dea0c4e",64,400,35,28,10,"red","6583"
"5ef4d8b87faaa00c0dea0c4e",65,400,19,15,2,"red","3150"
"5ef4d8b87faaa00c0dea0c4e",66,400,32,27,2,"red","5758"
"5ef4d8b87faaa00c0dea0c4e",67,400,20,18,20,"red","4016"
"5ef4d8b87faaa00c0dea0c4e",68,400,27,26,10,"red","6462"
"5ef4d8b87faaa00c0dea0c4e",69,500,30,27,2,"red","4714"
"5ef4d8b87faaa00c0dea0c4e",70,600,30,28,2,"red","5330"
"5ef4d8b87faaa00c0dea0c4e",71,600,26,22,10,"red","4209"
"5ef4d8b87faaa00c0dea0c4e",72,400,26,19,20,"red","4960"
"5ef4d8b87faaa00c0dea0c4e",73,400,28,21,20,"red","2985"
"5ef4d8b87faaa00c0dea0c4e",74,500,14,13,20,"red","5315"
"5ef4d8b87faaa00c0dea0c4e",75,600,19,16,20,"red","3562"
"5ef4d8b87faaa00c0dea0c4e",76,400,19,15,2,"red","4646"
"5ef4d8b87faaa00c0dea0c4e",77,500,19,18,20,"red","4730"
"5ef4d8b87faaa00c0dea0c4e",78,400,25,24,10,"red","2652"
"5ef4d8b87faaa00c0dea0c4e",79,500,27,22,20,"red","3211"
"5ef4d8b87faaa00c0dea0c4e",80,600,16,16,20,"red","5170"
"5ef4d8b87faaa00c0dea0c4e",81,400,35,27,10,"red","6530"
"5ef4d8b87faaa00c0dea0c4e",82,500,31,27,2,"red","4213"
"5ef4d8b87faaa00c0dea0c4e",83,500,25,24,10,"red","4475"
"5ef4d8b87faaa00c0dea0c4e",84,500,33,31,10,"red","4577"
"5ef4d8b87faaa00c0dea0c4e",85,400,15,13,2,"red","5447"
"5ef4d8b87faaa00c0dea0c4e",86,600,24,20,10,"red","2002"
"5ef4d8b87faaa00c0dea0c4e",87,400,29,28,2,"red","5100"
"5ef4d8b87faaa00c0dea0c4e",88,400,31,29,20,"red","4437"
"5ef4d8b87faaa00c0dea0c4e",89,500,16,15,20,"red","3064"
"5ef4d8b87faaa00c0dea0c4e",90,600,17,16,20,"red","2962"
"5ef4d8b87faaa00c0dea0c4e",91,400,20,17,2,"red","3628"
"5ef4d8b87faaa00c0dea0c4e",92,600,26,22,20,"red","4478"
"5ef4d8b87faaa00c0dea0c4e",93,500,25,24,10,"red","4260"
"5ef4d8b87faaa00c0dea0c4e",94,600,25,22,20,"red","2827"
"5ef4d8b87faaa00c0dea0c4e",95,600,22,18,20,"red","2769"
"5ef4d8b87faaa00c0dea0c4e",96,600,14,13,2,"red","5794"
"5ef4d8b87faaa00c0dea0c4e",97,600,32,27,10,"red","3594"
"5ef4d8b87faaa00c0dea0c4e",98,600,30,26,10,"red","4000"
"5ef4d8b87faaa00c0dea0c4e",99,400,25,18,20,"red","4781"
"5ef4d8b87faaa00c0dea0c4e",100,600,16,14,2,"red","3997"
"5ef4d8b87faaa00c0dea0c4e",101,600,20,16,2,"red","3461"
"5ef4d8b87faaa00c0dea0c4e",102,500,22,20,10,"red","3856"
"5ef4d8b87faaa00c0dea0c4e",103,500,31,23,20,"red","7263"
"5ef4d8b87faaa00c0dea0c4e",104,400,32,22,10,"red","4848"
"5ef4d8b87faaa00c0dea0c4e",105,600,18,16,10,"red","2779"
"5ef4d8b87faaa00c0dea0c4e",106,500,29,25,2,"red","2821"
"5ef4d8b87faaa00c0dea0c4e",107,600,29,26,10,"red","2575"
"5ef4d8b87faaa00c0dea0c4e",108,600,31,29,2,"red","6082"
"60a2a8570a0f9cc00d6b9d1a",13,400,33,30,2,"blue","2277"
"60a2a8570a0f9cc00d6b9d1a",14,600,19,34,2,"blue","1931"
"60a2a8570a0f9cc00d6b9d1a",15,600,26,24,20,"blue","1821"
"60a2a8570a0f9cc00d6b9d1a",16,600,14,18,20,"blue","1401"
"60a2a8570a0f9cc00d6b9d1a",17,600,15,17,20,"blue","1659"
"60a2a8570a0f9cc00d6b9d1a",18,500,28,43,20,"blue","1294"
"60a2a8570a0f9cc00d6b9d1a",19,400,23,41,10,"blue","2040"
"60a2a8570a0f9cc00d6b9d1a",20,400,33,40,10,"blue","1258"
"60a2a8570a0f9cc00d6b9d1a",21,400,15,16,20,"blue","2105"
"60a2a8570a0f9cc00d6b9d1a",22,500,27,26,20,"blue","1210"
"60a2a8570a0f9cc00d6b9d1a",23,600,21,20,2,"blue","1149"
"60a2a8570a0f9cc00d6b9d1a",24,400,26,25,20,"blue","1625"
"60a2a8570a0f9cc00d6b9d1a",25,500,33,33,10,"blue","1309"
"60a2a8570a0f9cc00d6b9d1a",26,500,32,30,10,"blue","1530"
"60a2a8570a0f9cc00d6b9d1a",27,600,31,48,2,"blue","2570"
"60a2a8570a0f9cc00d6b9d1a",28,500,16,27,2,"blue","1502"
"60a2a8570a0f9cc00d6b9d1a",29,600,22,27,2,"blue","1264"
"60a2a8570a0f9cc00d6b9d1a",30,600,35,34,10,"blue","1450"
"60a2a8570a0f9cc00d6b9d1a",31,600,32,36,10,"blue","1076"
"60a2a8570a0f9cc00d6b9d1a",32,600,33,32,2,"blue","1039"
"60a2a8570a0f9cc00d6b9d1a",33,400,34,38,2,"blue","979"
"60a2a8570a0f9cc00d6b9d1a",34,400,35,35,20,"blue","1190"
"60a2a8570a0f9cc00d6b9d1a",35,500,30,37,10,"blue","1302"
"60a2a8570a0f9cc00d6b9d1a",36,500,31,39,2,"blue","1516"
"60a2a8570a0f9cc00d6b9d1a",37,600,32,40,20,"blue","1163"
"60a2a8570a0f9cc00d6b9d1a",38,400,17,29,10,"blue","1597"
"60a2a8570a0f9cc00d6b9d1a",39,500,16,21,10,"blue","2031"
"60a2a8570a0f9cc00d6b9d1a",40,500,30,39,2,"blue","1387"
"60a2a8570a0f9cc00d6b9d1a",41,600,14,26,10,"blue","1126"
"60a2a8570a0f9cc00d6b9d1a",42,600,17,19,10,"blue","1158"
"60a2a8570a0f9cc00d6b9d1a",43,600,30,48,20,"blue","1178"
"60a2a8570a0f9cc00d6b9d1a",44,400,14,18,20,"blue","1318"
"60a2a8570a0f9cc00d6b9d1a",45,400,34,37,10,"blue","1542"
"60a2a8570a0f9cc00d6b9d1a",46,600,31,36,10,"blue","1750"
"60a2a8570a0f9cc00d6b9d1a",47,400,23,18,2,"blue","1699"
"60a2a8570a0f9cc00d6b9d1a",48,400,22,24,20,"blue","1161"
"60a2a8570a0f9cc00d6b9d1a",49,400,23,33,2,"blue","1595"
"60a2a8570a0f9cc00d6b9d1a",50,400,22,24,10,"blue","2956"
"60a2a8570a0f9cc00d6b9d1a",51,500,21,29,10,"blue","1348"
"60a2a8570a0f9cc00d6b9d1a",52,500,30,34,2,"blue","1266"
"60a2a8570a0f9cc00d6b9d1a",53,600,14,21,20,"blue","1548"
"60a2a8570a0f9cc00d6b9d1a",54,600,29,37,20,"blue","2609"
"60a2a8570a0f9cc00d6b9d1a",55,600,31,39,20,"blue","1319"
"60a2a8570a0f9cc00d6b9d1a",56,500,31,48,2,"blue","1120"
"60a2a8570a0f9cc00d6b9d1a",57,400,15,39,2,"blue","1978"
"60a2a8570a0f9cc00d6b9d1a",58,600,19,28,2,"blue","1405"
"60a2a8570a0f9cc00d6b9d1a",59,600,23,34,10,"blue","1967"
"60a2a8570a0f9cc00d6b9d1a",60,600,15,24,20,"blue","1285"
"60a2a8570a0f9cc00d6b9d1a",61,500,17,18,2,"red","1345"
"60a2a8570a0f9cc00d6b9d1a",62,400,32,37,2,"red","2219"
"60a2a8570a0f9cc00d6b9d1a",63,600,34,35,20,"red","1586"
"60a2a8570a0f9cc00d6b9d1a",64,400,18,24,20,"red","1253"
"60a2a8570a0f9cc00d6b9d1a",65,400,36,48,10,"red","1599"
"60a2a8570a0f9cc00d6b9d1a",66,400,23,17,20,"red","2076"
"60a2a8570a0f9cc00d6b9d1a",67,400,15,19,20,"red","1713"
"60a2a8570a0f9cc00d6b9d1a",68,400,26,28,2,"red","1484"
"60a2a8570a0f9cc00d6b9d1a",69,600,25,36,10,"red","1573"
"60a2a8570a0f9cc00d6b9d1a",70,400,32,45,2,"red","1341"
"60a2a8570a0f9cc00d6b9d1a",71,500,19,26,20,"red","2114"
"60a2a8570a0f9cc00d6b9d1a",72,400,24,38,10,"red","1176"
"60a2a8570a0f9cc00d6b9d1a",73,500,19,24,2,"red","1383"
"60a2a8570a0f9cc00d6b9d1a",74,600,30,29,20,"red","1382"
"60a2a8570a0f9cc00d6b9d1a",75,600,29,36,2,"red","1429"
"60a2a8570a0f9cc00d6b9d1a",76,500,14,21,20,"red","2346"
"60a2a8570a0f9cc00d6b9d1a",77,400,27,40,2,"red","1656"
"60a2a8570a0f9cc00d6b9d1a",78,500,21,29,10,"red","1274"
"60a2a8570a0f9cc00d6b9d1a",79,600,14,24,20,"red","1995"
"60a2a8570a0f9cc00d6b9d1a",80,600,18,18,10,"red","1351"
"60a2a8570a0f9cc00d6b9d1a",81,400,24,22,2,"red","1560"
"60a2a8570a0f9cc00d6b9d1a",82,500,28,31,10,"red","2015"
"60a2a8570a0f9cc00d6b9d1a",83,500,26,39,2,"red","1170"
"60a2a8570a0f9cc00d6b9d1a",84,600,29,31,20,"red","1670"
"60a2a8570a0f9cc00d6b9d1a",85,500,22,33,20,"red","1630"
"60a2a8570a0f9cc00d6b9d1a",86,400,28,38,20,"red","1478"
"60a2a8570a0f9cc00d6b9d1a",87,500,36,35,20,"red","1549"
"60a2a8570a0f9cc00d6b9d1a",88,400,28,31,10,"red","1115"
"60a2a8570a0f9cc00d6b9d1a",89,400,31,32,10,"red","1659"
"60a2a8570a0f9cc00d6b9d1a",90,400,18,18,20,"red","2011"
"60a2a8570a0f9cc00d6b9d1a",91,600,21,25,10,"red","1299"
"60a2a8570a0f9cc00d6b9d1a",92,500,20,25,10,"red","1120"
"60a2a8570a0f9cc00d6b9d1a",93,600,27,40,10,"red","1208"
"60a2a8570a0f9cc00d6b9d1a",94,600,18,28,2,"red","1263"
"60a2a8570a0f9cc00d6b9d1a",95,600,15,19,2,"red","1000"
"60a2a8570a0f9cc00d6b9d1a",96,600,21,27,20,"red","2691"
"60a2a8570a0f9cc00d6b9d1a",97,500,19,29,2,"red","1353"
"60a2a8570a0f9cc00d6b9d1a",98,400,30,38,10,"red","1975"
"60a2a8570a0f9cc00d6b9d1a",99,400,26,37,10,"red","2022"
"60a2a8570a0f9cc00d6b9d1a",100,600,22,36,10,"red","1452"
"60a2a8570a0f9cc00d6b9d1a",101,600,23,35,10,"red","1183"
"60a2a8570a0f9cc00d6b9d1a",102,400,35,31,20,"red","1698"
"60a2a8570a0f9cc00d6b9d1a",103,400,25,21,20,"red","1315"
"60a2a8570a0f9cc00d6b9d1a",104,500,28,42,2,"red","1752"
"60a2a8570a0f9cc00d6b9d1a",105,500,31,39,2,"red","1676"
"60a2a8570a0f9cc00d6b9d1a",106,500,23,34,2,"red","1890"
"60a2a8570a0f9cc00d6b9d1a",107,600,35,42,2,"red","1690"
"60a2a8570a0f9cc00d6b9d1a",108,400,34,45,10,"red","1715"
"60bd80a54df9675c7f842774",13,600,34,28,2,"blue","1685"
"60bd80a54df9675c7f842774",14,500,26,26,20,"blue","2227"
"60bd80a54df9675c7f842774",15,400,15,18,20,"blue","3074"
"60bd80a54df9675c7f842774",16,600,28,25,2,"blue","2267"
"60bd80a54df9675c7f842774",17,600,14,17,10,"blue","1777"
"60bd80a54df9675c7f842774",18,500,32,23,2,"blue","1585"
"60bd80a54df9675c7f842774",19,400,19,18,20,"blue","1620"
"60bd80a54df9675c7f842774",20,500,31,23,10,"blue","1304"
"60bd80a54df9675c7f842774",21,400,24,19,2,"blue","1767"
"60bd80a54df9675c7f842774",22,400,20,13,20,"blue","2244"
"60bd80a54df9675c7f842774",23,500,22,12,10,"blue","2239"
"60bd80a54df9675c7f842774",24,400,23,18,2,"blue","1722"
"60bd80a54df9675c7f842774",25,600,30,20,20,"blue","1786"
"60bd80a54df9675c7f842774",26,600,25,21,2,"blue","1343"
"60bd80a54df9675c7f842774",27,400,16,13,10,"blue","1573"
"60bd80a54df9675c7f842774",28,500,28,20,2,"blue","1457"
"60bd80a54df9675c7f842774",29,500,23,15,20,"blue","1659"
"60bd80a54df9675c7f842774",30,500,20,13,10,"blue","1455"
"60bd80a54df9675c7f842774",31,500,25,12,10,"blue","1073"
"60bd80a54df9675c7f842774",32,400,18,7,20,"blue","1326"
"60bd80a54df9675c7f842774",33,600,18,5,20,"blue","2019"
"60bd80a54df9675c7f842774",34,600,17,8,2,"blue","1424"
"60bd80a54df9675c7f842774",35,600,30,26,20,"blue","1371"
"60bd80a54df9675c7f842774",36,600,23,22,10,"blue","2106"
"60bd80a54df9675c7f842774",37,500,28,22,20,"blue","2636"
"60bd80a54df9675c7f842774",38,600,20,20,10,"blue","1590"
"60bd80a54df9675c7f842774",39,500,36,31,10,"blue","1677"
"60bd80a54df9675c7f842774",40,600,30,25,2,"blue","1373"
"60bd80a54df9675c7f842774",41,500,33,30,2,"blue","1295"
"60bd80a54df9675c7f842774",42,400,14,16,10,"blue","1186"
"60bd80a54df9675c7f842774",43,600,32,24,2,"blue","1268"
"60bd80a54df9675c7f842774",44,400,17,16,2,"blue","1205"
"60bd80a54df9675c7f842774",45,500,21,21,10,"blue","1100"
"60bd80a54df9675c7f842774",46,400,32,25,2,"blue","2297"
"60bd80a54df9675c7f842774",47,600,17,23,20,"blue","2127"
"60bd80a54df9675c7f842774",48,400,22,13,20,"blue","2586"
"60bd80a54df9675c7f842774",49,600,33,31,10,"blue","3303"
"60bd80a54df9675c7f842774",50,400,19,18,20,"blue","1170"
"60bd80a54df9675c7f842774",51,600,20,19,10,"blue","1483"
"60bd80a54df9675c7f842774",52,400,18,18,10,"blue","1725"
"60bd80a54df9675c7f842774",53,500,17,9,2,"blue","1691"
"60bd80a54df9675c7f842774",54,500,17,7,10,"blue","1761"
"60bd80a54df9675c7f842774",55,400,30,26,20,"blue","2135"
"60bd80a54df9675c7f842774",56,600,22,15,20,"blue","1791"
"60bd80a54df9675c7f842774",57,400,17,16,10,"blue","1257"
"60bd80a54df9675c7f842774",58,500,26,23,2,"blue","1098"
"60bd80a54df9675c7f842774",59,400,32,30,20,"blue","1310"
"60bd80a54df9675c7f842774",60,600,17,14,2,"blue","1352"
"60bd80a54df9675c7f842774",61,400,14,11,20,"red","2977"
"60bd80a54df9675c7f842774",62,500,14,5,20,"red","1520"
"60bd80a54df9675c7f842774",63,400,35,30,20,"red","1549"
"60bd80a54df9675c7f842774",64,400,27,19,20,"red","1743"
"60bd80a54df9675c7f842774",65,600,35,25,2,"red","1444"
"60bd80a54df9675c7f842774",66,500,17,13,20,"red","1230"
"60bd80a54df9675c7f842774",67,600,33,30,10,"red","1974"
"60bd80a54df9675c7f842774",68,400,33,29,2,"red","1311"
"60bd80a54df9675c7f842774",69,600,23,19,2,"red","1229"
"60bd80a54df9675c7f842774",70,400,36,25,10,"red","1230"
"60bd80a54df9675c7f842774",71,500,16,8,20,"red","1683"
"60bd80a54df9675c7f842774",72,600,24,11,20,"red","1852"
"60bd80a54df9675c7f842774",73,400,34,23,10,"red","1694"
"60bd80a54df9675c7f842774",74,400,21,11,2,"red","1479"
"60bd80a54df9675c7f842774",75,400,27,17,2,"red","1204"
"60bd80a54df9675c7f842774",76,500,34,25,20,"red","1880"
"60bd80a54df9675c7f842774",77,400,24,21,10,"red","1356"
"60bd80a54df9675c7f842774",78,400,14,11,2,"red","1434"
"60bd80a54df9675c7f842774",79,400,31,22,2,"red","1494"
"60bd80a54df9675c7f842774",80,500,34,27,10,"red","1395"
"60bd80a54df9675c7f842774",81,400,29,21,2,"red","1214"
"60bd80a54df9675c7f842774",82,600,16,11,2,"red","1106"
"60bd80a54df9675c7f842774",83,600,28,24,10,"red","1240"
"60bd80a54df9675c7f842774",84,400,15,6,20,"red","1234"
"60bd80a54df9675c7f842774",85,400,34,29,10,"red","1534"
"60bd80a54df9675c7f842774",86,500,19,5,2,"red","2111"
"60bd80a54df9675c7f842774",87,600,31,19,2,"red","3478"
"60bd80a54df9675c7f842774",88,500,34,31,10,"red","1441"
"60bd80a54df9675c7f842774",89,600,16,6,10,"red","1427"
"60bd80a54df9675c7f842774",90,400,26,16,10,"red","1378"
"60bd80a54df9675c7f842774",91,600,31,25,2,"red","1355"
"60bd80a54df9675c7f842774",92,600,32,32,10,"red","1307"
"60bd80a54df9675c7f842774",93,500,19,7,10,"red","1896"
"60bd80a54df9675c7f842774",94,600,23,24,20,"red","2014"
"60bd80a54df9675c7f842774",95,500,33,33,20,"red","1731"
"60bd80a54df9675c7f842774",96,500,24,15,20,"red","1579"
"60bd80a54df9675c7f842774",97,500,24,14,20,"red","1275"
"60bd80a54df9675c7f842774",98,500,15,5,2,"red","1662"
"60bd80a54df9675c7f842774",99,500,34,30,20,"red","1272"
"60bd80a54df9675c7f842774",100,400,21,19,10,"red","1228"
"60bd80a54df9675c7f842774",101,600,34,28,20,"red","1254"
"60bd80a54df9675c7f842774",102,400,29,24,2,"red","1525"
"60bd80a54df9675c7f842774",103,600,33,33,2,"red","1150"
"60bd80a54df9675c7f842774",104,600,20,9,10,"red","1253"
"60bd80a54df9675c7f842774",105,600,20,11,20,"red","1621"
"60bd80a54df9675c7f842774",106,600,22,10,10,"red","2360"
"60bd80a54df9675c7f842774",107,500,29,29,2,"red","2219"
"60bd80a54df9675c7f842774",108,500,16,10,10,"red","1900"
"60c770aa2d2928bfda4c7cd4",13,500,28,23,2,"blue","2501"
"60c770aa2d2928bfda4c7cd4",14,500,34,20,20,"blue","1564"
"60c770aa2d2928bfda4c7cd4",15,500,23,24,20,"blue","1222"
"60c770aa2d2928bfda4c7cd4",16,400,22,21,20,"blue","2048"
"60c770aa2d2928bfda4c7cd4",17,500,21,18,20,"blue","1884"
"60c770aa2d2928bfda4c7cd4",18,400,33,25,20,"blue","1149"
"60c770aa2d2928bfda4c7cd4",19,500,18,20,2,"blue","1092"
"60c770aa2d2928bfda4c7cd4",20,500,29,16,2,"blue","1811"
"60c770aa2d2928bfda4c7cd4",21,400,25,13,20,"blue","1159"
"60c770aa2d2928bfda4c7cd4",22,500,26,13,2,"blue","1229"
"60c770aa2d2928bfda4c7cd4",23,400,28,12,2,"blue","1161"
"60c770aa2d2928bfda4c7cd4",24,600,32,16,2,"blue","2032"
"60c770aa2d2928bfda4c7cd4",25,400,17,12,2,"blue","1769"
"60c770aa2d2928bfda4c7cd4",26,500,35,17,20,"blue","1601"
"60c770aa2d2928bfda4c7cd4",27,400,20,15,2,"blue","1169"
"60c770aa2d2928bfda4c7cd4",28,400,31,15,20,"blue","1422"
"60c770aa2d2928bfda4c7cd4",29,500,29,18,20,"blue","1564"
"60c770aa2d2928bfda4c7cd4",30,400,31,20,2,"blue","1024"
"60c770aa2d2928bfda4c7cd4",31,500,31,22,2,"blue","2098"
"60c770aa2d2928bfda4c7cd4",32,600,24,18,20,"blue","1201"
"60c770aa2d2928bfda4c7cd4",33,600,22,18,2,"blue","989"
"60c770aa2d2928bfda4c7cd4",34,400,33,23,20,"blue","1211"
"60c770aa2d2928bfda4c7cd4",35,600,14,24,2,"blue","960"
"60c770aa2d2928bfda4c7cd4",36,500,15,19,2,"blue","915"
"60c770aa2d2928bfda4c7cd4",37,600,35,17,2,"blue","1325"
"60c770aa2d2928bfda4c7cd4",38,400,16,19,2,"blue","1283"
"60c770aa2d2928bfda4c7cd4",39,500,15,20,20,"blue","874"
"60c770aa2d2928bfda4c7cd4",40,400,31,16,20,"blue","1078"
"60c770aa2d2928bfda4c7cd4",41,600,28,14,2,"blue","1913"
"60c770aa2d2928bfda4c7cd4",42,500,31,20,20,"blue","1316"
"60c770aa2d2928bfda4c7cd4",43,600,24,16,20,"blue","1416"
"60c770aa2d2928bfda4c7cd4",44,600,24,17,20,"blue","5246"
"60c770aa2d2928bfda4c7cd4",45,600,23,13,10,"blue","1479"
"60c770aa2d2928bfda4c7cd4",46,400,17,12,10,"blue","1697"
"60c770aa2d2928bfda4c7cd4",47,600,19,14,10,"blue","1054"
"60c770aa2d2928bfda4c7cd4",48,500,26,14,10,"blue","1061"
"60c770aa2d2928bfda4c7cd4",49,500,28,16,10,"blue","1240"
"60c770aa2d2928bfda4c7cd4",50,500,27,13,10,"blue","1292"
"60c770aa2d2928bfda4c7cd4",51,500,25,13,10,"blue","1262"
"60c770aa2d2928bfda4c7cd4",52,400,14,17,10,"blue","1065"
"60c770aa2d2928bfda4c7cd4",53,600,27,13,10,"blue","1596"
"60c770aa2d2928bfda4c7cd4",54,500,25,22,10,"blue","1089"
"60c770aa2d2928bfda4c7cd4",55,400,15,18,10,"blue","1271"
"60c770aa2d2928bfda4c7cd4",56,600,17,6,10,"blue","1552"
"60c770aa2d2928bfda4c7cd4",57,600,30,20,10,"blue","1065"
"60c770aa2d2928bfda4c7cd4",58,600,18,12,10,"blue","1014"
"60c770aa2d2928bfda4c7cd4",59,400,23,13,10,"blue","1063"
"60c770aa2d2928bfda4c7cd4",60,400,32,13,10,"blue","1041"
"60c770aa2d2928bfda4c7cd4",61,600,31,14,10,"red","1127"
"60c770aa2d2928bfda4c7cd4",62,400,22,16,2,"red","814"
"60c770aa2d2928bfda4c7cd4",63,400,21,13,2,"red","1502"
"60c770aa2d2928bfda4c7cd4",64,400,17,12,10,"red","1556"
"60c770aa2d2928bfda4c7cd4",65,400,26,16,10,"red","1297"
"60c770aa2d2928bfda4c7cd4",66,500,25,16,10,"red","4054"
"60c770aa2d2928bfda4c7cd4",67,400,31,17,2,"red","1790"
"60c770aa2d2928bfda4c7cd4",68,400,22,14,10,"red","1148"
"60c770aa2d2928bfda4c7cd4",69,500,17,17,10,"red","1012"
"60c770aa2d2928bfda4c7cd4",70,600,33,18,10,"red","1058"
"60c770aa2d2928bfda4c7cd4",71,500,20,19,2,"red","1933"
"60c770aa2d2928bfda4c7cd4",72,400,35,19,2,"red","2067"
"60c770aa2d2928bfda4c7cd4",73,400,22,15,10,"red","2099"
"60c770aa2d2928bfda4c7cd4",74,600,20,19,2,"red","1623"
"60c770aa2d2928bfda4c7cd4",75,600,23,23,2,"red","1117"
"60c770aa2d2928bfda4c7cd4",76,400,20,14,10,"red","1402"
"60c770aa2d2928bfda4c7cd4",77,400,27,16,10,"red","1005"
"60c770aa2d2928bfda4c7cd4",78,500,16,12,2,"red","1272"
"60c770aa2d2928bfda4c7cd4",79,600,34,23,10,"red","1220"
"60c770aa2d2928bfda4c7cd4",80,400,34,18,10,"red","1107"
"60c770aa2d2928bfda4c7cd4",81,500,20,25,10,"red","1225"
"60c770aa2d2928bfda4c7cd4",82,600,36,14,10,"red","1313"
"60c770aa2d2928bfda4c7cd4",83,400,31,18,2,"red","1622"
"60c770aa2d2928bfda4c7cd4",84,600,36,22,2,"red","898"
"60c770aa2d2928bfda4c7cd4",85,400,20,19,10,"red","1112"
"60c770aa2d2928bfda4c7cd4",86,400,31,13,2,"red","1635"
"60c770aa2d2928bfda4c7cd4",87,600,31,13,2,"red","1045"
"60c770aa2d2928bfda4c7cd4",88,500,34,18,2,"red","1016"
"60c770aa2d2928bfda4c7cd4",89,500,18,15,10,"red","833"
"60c770aa2d2928bfda4c7cd4",90,500,28,21,2,"red","1010"
"60c770aa2d2928bfda4c7cd4",91,400,24,11,2,"red","892"
"60c770aa2d2928bfda4c7cd4",92,500,23,16,2,"red","923"
"60c770aa2d2928bfda4c7cd4",93,400,33,23,20,"red","957"
"60c770aa2d2928bfda4c7cd4",94,400,15,9,20,"red","1045"
"60c770aa2d2928bfda4c7cd4",95,500,22,14,20,"red","1763"
"60c770aa2d2928bfda4c7cd4",96,500,19,13,20,"red","943"
"60c770aa2d2928bfda4c7cd4",97,600,35,18,20,"red","931"
"60c770aa2d2928bfda4c7cd4",98,500,35,27,20,"red","977"
"60c770aa2d2928bfda4c7cd4",99,500,29,23,20,"red","905"
"60c770aa2d2928bfda4c7cd4",100,400,35,14,20,"red","1378"
"60c770aa2d2928bfda4c7cd4",101,500,19,22,20,"red","924"
"60c770aa2d2928bfda4c7cd4",102,500,32,16,20,"red","960"
"60c770aa2d2928bfda4c7cd4",103,600,23,19,20,"red","1343"
"60c770aa2d2928bfda4c7cd4",104,500,29,23,20,"red","1578"
"60c770aa2d2928bfda4c7cd4",105,600,27,15,20,"red","1206"
"60c770aa2d2928bfda4c7cd4",106,400,22,17,20,"red","1097"
"60c770aa2d2928bfda4c7cd4",107,500,17,20,20,"red","1152"
"60c770aa2d2928bfda4c7cd4",108,500,17,22,20,"red","2244"
"612517df29cd32c6632b4a44",13,500,25,20,2,"blue","2640"
"612517df29cd32c6632b4a44",14,400,31,28,10,"blue","3756"
"612517df29cd32c6632b4a44",15,400,29,30,20,"blue","2627"
"612517df29cd32c6632b4a44",16,400,19,19,10,"blue","2915"
"612517df29cd32c6632b4a44",17,400,21,23,10,"blue","2789"
"612517df29cd32c6632b4a44",18,600,32,30,20,"blue","2450"
"612517df29cd32c6632b4a44",19,400,27,23,20,"blue","3476"
"612517df29cd32c6632b4a44",20,600,24,20,2,"blue","2771"
"612517df29cd32c6632b4a44",21,600,23,18,20,"blue","2961"
"612517df29cd32c6632b4a44",22,400,19,19,20,"blue","2623"
"612517df29cd32c6632b4a44",23,600,25,27,20,"blue","2846"
"612517df29cd32c6632b4a44",24,500,29,33,10,"blue","2797"
"612517df29cd32c6632b4a44",25,400,33,37,10,"blue","2985"
"612517df29cd32c6632b4a44",26,500,36,41,20,"blue","3498"
"612517df29cd32c6632b4a44",27,500,16,9,10,"blue","3568"
"612517df29cd32c6632b4a44",28,500,35,35,2,"blue","3406"
"612517df29cd32c6632b4a44",29,500,17,15,10,"blue","3458"
"612517df29cd32c6632b4a44",30,400,21,18,2,"blue","2160"
"612517df29cd32c6632b4a44",31,500,29,32,20,"blue","2848"
"612517df29cd32c6632b4a44",32,600,21,14,2,"blue","2168"
"612517df29cd32c6632b4a44",33,500,24,27,10,"blue","3428"
"612517df29cd32c6632b4a44",34,400,31,26,2,"blue","2568"
"612517df29cd32c6632b4a44",35,400,35,39,10,"blue","2917"
"612517df29cd32c6632b4a44",36,500,17,8,2,"blue","2930"
"612517df29cd32c6632b4a44",37,500,15,9,2,"blue","2504"
"612517df29cd32c6632b4a44",38,500,23,17,10,"blue","2529"
"612517df29cd32c6632b4a44",39,600,33,33,2,"blue","2404"
"612517df29cd32c6632b4a44",40,600,32,40,10,"blue","2365"
"612517df29cd32c6632b4a44",41,500,21,8,2,"blue","2734"
"612517df29cd32c6632b4a44",42,600,29,25,20,"blue","2462"
"612517df29cd32c6632b4a44",43,400,25,20,2,"blue","2489"
"612517df29cd32c6632b4a44",44,500,17,16,2,"blue","2475"
"612517df29cd32c6632b4a44",45,600,16,16,2,"blue","2162"
"612517df29cd32c6632b4a44",46,400,17,11,2,"blue","2361"
"612517df29cd32c6632b4a44",47,600,26,20,20,"blue","2334"
"612517df29cd32c6632b4a44",48,600,23,21,2,"blue","2346"
"612517df29cd32c6632b4a44",49,600,23,22,10,"blue","2273"
"612517df29cd32c6632b4a44",50,500,32,33,20,"blue","2647"
"612517df29cd32c6632b4a44",51,600,19,20,20,"blue","2241"
"612517df29cd32c6632b4a44",52,400,31,34,20,"blue","2283"
"612517df29cd32c6632b4a44",53,500,20,20,10,"blue","2110"
"612517df29cd32c6632b4a44",54,500,30,38,20,"blue","2205"
"612517df29cd32c6632b4a44",55,500,30,38,10,"blue","2179"
"612517df29cd32c6632b4a44",56,500,15,23,20,"blue","8176"
"612517df29cd32c6632b4a44",57,400,22,10,20,"blue","2749"
"612517df29cd32c6632b4a44",58,500,34,39,10,"blue","2285"
"612517df29cd32c6632b4a44",59,500,25,19,2,"blue","2091"
"612517df29cd32c6632b4a44",60,500,24,21,10,"blue","2078"
"612517df29cd32c6632b4a44",61,600,16,10,2,"red","2453"
"612517df29cd32c6632b4a44",62,500,22,21,10,"red","2260"
"612517df29cd32c6632b4a44",63,400,35,38,20,"red","2280"
"612517df29cd32c6632b4a44",64,600,18,19,20,"red","2082"
"612517df29cd32c6632b4a44",65,500,30,27,2,"red","2949"
"612517df29cd32c6632b4a44",66,500,30,36,10,"red","2099"
"612517df29cd32c6632b4a44",67,400,23,16,20,"red","2383"
"612517df29cd32c6632b4a44",68,400,18,10,2,"red","2249"
"612517df29cd32c6632b4a44",69,400,17,10,20,"red","2037"
"612517df29cd32c6632b4a44",70,400,25,17,20,"red","2284"
"612517df29cd32c6632b4a44",71,600,18,7,2,"red","2744"
"612517df29cd32c6632b4a44",72,600,15,5,2,"red","1999"
"612517df29cd32c6632b4a44",73,400,23,14,20,"red","1984"
"612517df29cd32c6632b4a44",74,600,35,37,20,"red","2431"
"612517df29cd32c6632b4a44",75,600,19,12,20,"red","3155"
"612517df29cd32c6632b4a44",76,400,14,5,2,"red","2204"
"612517df29cd32c6632b4a44",77,600,15,9,10,"red","2514"
"612517df29cd32c6632b4a44",78,400,16,11,20,"red","2862"
"612517df29cd32c6632b4a44",79,500,19,16,20,"red","1738"
"612517df29cd32c6632b4a44",80,400,31,22,10,"red","2152"
"612517df29cd32c6632b4a44",81,400,14,6,20,"red","2044"
"612517df29cd32c6632b4a44",82,400,25,16,20,"red","1977"
"612517df29cd32c6632b4a44",83,500,17,13,10,"red","1899"
"612517df29cd32c6632b4a44",84,500,32,28,10,"red","3357"
"612517df29cd32c6632b4a44",85,500,34,29,2,"red","3070"
"612517df29cd32c6632b4a44",86,600,26,25,10,"red","3015"
"612517df29cd32c6632b4a44",87,500,15,5,2,"red","3111"
"612517df29cd32c6632b4a44",88,600,16,8,10,"red","2440"
"612517df29cd32c6632b4a44",89,500,17,10,2,"red","2537"
"612517df29cd32c6632b4a44",90,500,28,20,10,"red","2253"
"612517df29cd32c6632b4a44",91,400,14,1,2,"red","2181"
"612517df29cd32c6632b4a44",92,600,14,5,2,"red","2139"
"612517df29cd32c6632b4a44",93,500,15,5,20,"red","2323"
"612517df29cd32c6632b4a44",94,600,16,6,2,"red","3333"
"612517df29cd32c6632b4a44",95,400,29,19,10,"red","2494"
"612517df29cd32c6632b4a44",96,500,16,17,20,"red","2941"
"612517df29cd32c6632b4a44",97,500,26,25,10,"red","2287"
"612517df29cd32c6632b4a44",98,500,15,17,10,"red","2946"
"612517df29cd32c6632b4a44",99,600,25,23,2,"red","2281"
"612517df29cd32c6632b4a44",100,400,33,39,20,"red","2551"
"612517df29cd32c6632b4a44",101,600,30,37,2,"red","2285"
"612517df29cd32c6632b4a44",102,400,30,35,2,"red","2342"
"612517df29cd32c6632b4a44",103,500,29,33,10,"red","3683"
"612517df29cd32c6632b4a44",104,600,29,33,2,"red","2244"
"612517df29cd32c6632b4a44",105,600,14,3,10,"red","3786"
"612517df29cd32c6632b4a44",106,600,36,30,20,"red","3200"
"612517df29cd32c6632b4a44",107,400,20,20,10,"red","2309"
"612517df29cd32c6632b4a44",108,400,33,33,10,"red","2899"
"615dd5ed4fd5b2c64eee7e99",13,400,25,28,2,"blue","3810"
"615dd5ed4fd5b2c64eee7e99",14,600,26,21,2,"blue","4097"
"615dd5ed4fd5b2c64eee7e99",15,600,31,32,2,"blue","2042"
"615dd5ed4fd5b2c64eee7e99",16,600,30,34,2,"blue","2285"
"615dd5ed4fd5b2c64eee7e99",17,600,23,19,2,"blue","3692"
"615dd5ed4fd5b2c64eee7e99",18,600,15,8,20,"blue","3120"
"615dd5ed4fd5b2c64eee7e99",19,600,25,24,20,"blue","3383"
"615dd5ed4fd5b2c64eee7e99",20,600,17,19,2,"blue","2659"
"615dd5ed4fd5b2c64eee7e99",21,400,32,33,10,"blue","2607"
"615dd5ed4fd5b2c64eee7e99",22,600,30,27,20,"blue","2320"
"615dd5ed4fd5b2c64eee7e99",23,600,31,29,2,"blue","2242"
"615dd5ed4fd5b2c64eee7e99",24,600,29,30,10,"blue","2030"
"615dd5ed4fd5b2c64eee7e99",25,400,26,21,2,"blue","2689"
"615dd5ed4fd5b2c64eee7e99",26,500,36,32,20,"blue","3406"
"615dd5ed4fd5b2c64eee7e99",27,400,32,30,10,"blue","4603"
"615dd5ed4fd5b2c64eee7e99",28,500,19,15,20,"blue","5275"
"615dd5ed4fd5b2c64eee7e99",29,500,27,27,20,"blue","2786"
"615dd5ed4fd5b2c64eee7e99",30,500,30,24,2,"blue","3135"
"615dd5ed4fd5b2c64eee7e99",31,500,17,10,20,"blue","3690"
"615dd5ed4fd5b2c64eee7e99",32,600,30,26,2,"blue","2182"
"615dd5ed4fd5b2c64eee7e99",33,600,35,37,10,"blue","2829"
"615dd5ed4fd5b2c64eee7e99",34,400,16,11,2,"blue","2628"
"615dd5ed4fd5b2c64eee7e99",35,500,35,39,20,"blue","2646"
"615dd5ed4fd5b2c64eee7e99",36,600,19,12,20,"blue","2663"
"615dd5ed4fd5b2c64eee7e99",37,500,30,28,20,"blue","5555"
"615dd5ed4fd5b2c64eee7e99",38,500,36,35,10,"blue","2090"
"615dd5ed4fd5b2c64eee7e99",39,500,17,9,10,"blue","3087"
"615dd5ed4fd5b2c64eee7e99",40,400,15,7,20,"blue","3010"
"615dd5ed4fd5b2c64eee7e99",41,600,34,37,2,"blue","2742"
"615dd5ed4fd5b2c64eee7e99",42,500,27,32,20,"blue","2428"
"615dd5ed4fd5b2c64eee7e99",43,500,26,20,10,"blue","2047"
"615dd5ed4fd5b2c64eee7e99",44,600,20,18,2,"blue","3343"
"615dd5ed4fd5b2c64eee7e99",45,600,23,28,10,"blue","2170"
"615dd5ed4fd5b2c64eee7e99",46,400,17,11,2,"blue","2360"
"615dd5ed4fd5b2c64eee7e99",47,400,24,29,10,"blue","2878"
"615dd5ed4fd5b2c64eee7e99",48,400,33,39,10,"blue","2212"
"615dd5ed4fd5b2c64eee7e99",49,400,32,36,20,"blue","1693"
"615dd5ed4fd5b2c64eee7e99",50,400,29,39,10,"blue","4241"
"615dd5ed4fd5b2c64eee7e99",51,600,15,11,10,"blue","3662"
"615dd5ed4fd5b2c64eee7e99",52,400,14,10,20,"blue","3109"
"615dd5ed4fd5b2c64eee7e99",53,400,17,19,2,"blue","3906"
"615dd5ed4fd5b2c64eee7e99",54,600,15,16,10,"blue","3126"
"615dd5ed4fd5b2c64eee7e99",55,500,29,26,10,"blue","3119"
"615dd5ed4fd5b2c64eee7e99",56,400,26,28,20,"blue","2007"
"615dd5ed4fd5b2c64eee7e99",57,600,32,40,2,"blue","2539"
"615dd5ed4fd5b2c64eee7e99",58,500,33,43,20,"blue","2746"
"615dd5ed4fd5b2c64eee7e99",59,500,19,14,10,"blue","2853"
"615dd5ed4fd5b2c64eee7e99",60,400,29,36,10,"blue","1562"
"615dd5ed4fd5b2c64eee7e99",61,600,18,21,2,"red","2570"
"615dd5ed4fd5b2c64eee7e99",62,600,27,24,2,"red","3127"
"615dd5ed4fd5b2c64eee7e99",63,600,21,18,10,"red","2534"
"615dd5ed4fd5b2c64eee7e99",64,400,20,19,20,"red","3368"
"615dd5ed4fd5b2c64eee7e99",65,400,29,27,2,"red","2416"
"615dd5ed4fd5b2c64eee7e99",66,600,36,36,20,"red","2246"
"615dd5ed4fd5b2c64eee7e99",67,500,35,39,2,"red","2156"
"615dd5ed4fd5b2c64eee7e99",68,400,31,27,2,"red","1894"
"615dd5ed4fd5b2c64eee7e99",69,400,26,24,10,"red","1847"
"615dd5ed4fd5b2c64eee7e99",70,500,17,13,2,"red","1887"
"615dd5ed4fd5b2c64eee7e99",71,600,36,31,20,"red","2015"
"615dd5ed4fd5b2c64eee7e99",72,600,15,13,20,"red","3174"
"615dd5ed4fd5b2c64eee7e99",73,400,35,30,20,"red","2304"
"615dd5ed4fd5b2c64eee7e99",74,400,20,22,2,"red","2431"
"615dd5ed4fd5b2c64eee7e99",75,400,21,20,2,"red","3271"
"615dd5ed4fd5b2c64eee7e99",76,600,15,16,10,"red","2187"
"615dd5ed4fd5b2c64eee7e99",77,500,22,16,10,"red","1668"
"615dd5ed4fd5b2c64eee7e99",78,500,24,25,10,"red","2680"
"615dd5ed4fd5b2c64eee7e99",79,400,25,26,10,"red","2966"
"615dd5ed4fd5b2c64eee7e99",80,400,16,10,20,"red","2447"
"615dd5ed4fd5b2c64eee7e99",81,400,27,26,2,"red","2434"
"615dd5ed4fd5b2c64eee7e99",82,600,25,29,10,"red","2321"
"615dd5ed4fd5b2c64eee7e99",83,600,29,30,20,"red","2168"
"615dd5ed4fd5b2c64eee7e99",84,600,24,32,20,"red","2719"
"615dd5ed4fd5b2c64eee7e99",85,600,33,32,2,"red","1902"
"615dd5ed4fd5b2c64eee7e99",86,400,35,34,10,"red","3336"
"615dd5ed4fd5b2c64eee7e99",87,400,19,16,20,"red","2951"
"615dd5ed4fd5b2c64eee7e99",88,500,27,30,2,"red","2080"
"615dd5ed4fd5b2c64eee7e99",89,500,15,19,10,"red","2706"
"615dd5ed4fd5b2c64eee7e99",90,400,27,21,20,"red","2239"
"615dd5ed4fd5b2c64eee7e99",91,500,15,11,10,"red","1940"
"615dd5ed4fd5b2c64eee7e99",92,500,35,28,2,"red","2664"
"615dd5ed4fd5b2c64eee7e99",93,400,32,33,10,"red","2167"
"615dd5ed4fd5b2c64eee7e99",94,400,34,36,20,"red","1903"
"615dd5ed4fd5b2c64eee7e99",95,500,23,23,2,"red","2084"
"615dd5ed4fd5b2c64eee7e99",96,400,28,24,10,"red","3006"
"615dd5ed4fd5b2c64eee7e99",97,600,29,27,20,"red","2044"
"615dd5ed4fd5b2c64eee7e99",98,400,34,31,2,"red","1440"
"615dd5ed4fd5b2c64eee7e99",99,600,20,23,20,"red","2280"
"615dd5ed4fd5b2c64eee7e99",100,600,15,12,2,"red","2037"
"615dd5ed4fd5b2c64eee7e99",101,600,35,38,10,"red","2077"
"615dd5ed4fd5b2c64eee7e99",102,400,17,14,10,"red","1606"
"615dd5ed4fd5b2c64eee7e99",103,600,29,35,10,"red","2032"
"615dd5ed4fd5b2c64eee7e99",104,600,32,32,20,"red","2003"
"615dd5ed4fd5b2c64eee7e99",105,400,17,7,20,"red","4264"
"615dd5ed4fd5b2c64eee7e99",106,600,22,23,2,"red","1795"
"615dd5ed4fd5b2c64eee7e99",107,500,35,32,10,"red","2673"
"615dd5ed4fd5b2c64eee7e99",108,500,26,25,20,"red","1318"
"62b146e365eca239ef0dbbfb",13,600,15,8,2,"red","3223"
"62b146e365eca239ef0dbbfb",14,400,36,23,10,"red","2606"
"62b146e365eca239ef0dbbfb",15,400,32,30,20,"red","2791"
"62b146e365eca239ef0dbbfb",16,500,22,23,20,"red","2442"
"62b146e365eca239ef0dbbfb",17,600,25,20,10,"red","2075"
"62b146e365eca239ef0dbbfb",18,600,23,22,10,"red","2124"
"62b146e365eca239ef0dbbfb",19,400,20,13,2,"red","1741"
"62b146e365eca239ef0dbbfb",20,600,24,21,20,"red","2141"
"62b146e365eca239ef0dbbfb",21,500,25,22,20,"red","2157"
"62b146e365eca239ef0dbbfb",22,600,36,31,20,"red","2240"
"62b146e365eca239ef0dbbfb",23,400,16,17,20,"red","2742"
"62b146e365eca239ef0dbbfb",24,500,28,22,20,"red","2172"
"62b146e365eca239ef0dbbfb",25,600,26,22,20,"red","2591"
"62b146e365eca239ef0dbbfb",26,600,21,15,2,"red","2658"
"62b146e365eca239ef0dbbfb",27,500,34,28,10,"red","2424"
"62b146e365eca239ef0dbbfb",28,600,22,11,2,"red","2208"
"62b146e365eca239ef0dbbfb",29,500,27,12,2,"red","2541"
"62b146e365eca239ef0dbbfb",30,500,33,26,2,"red","4224"
"62b146e365eca239ef0dbbfb",31,500,17,16,20,"red","1758"
"62b146e365eca239ef0dbbfb",32,500,34,25,10,"red","1791"
"62b146e365eca239ef0dbbfb",33,600,17,13,2,"red","2308"
"62b146e365eca239ef0dbbfb",34,600,19,16,10,"red","2707"
"62b146e365eca239ef0dbbfb",35,500,26,11,2,"red","2724"
"62b146e365eca239ef0dbbfb",36,600,14,11,20,"red","1692"
"62b146e365eca239ef0dbbfb",37,400,30,15,2,"red","2825"
"62b146e365eca239ef0dbbfb",38,600,30,21,20,"red","2607"
"62b146e365eca239ef0dbbfb",39,600,33,28,20,"red","2092"
"62b146e365eca239ef0dbbfb",40,600,27,20,2,"red","5359"
"62b146e365eca239ef0dbbfb",41,600,30,26,10,"red","1592"
"62b146e365eca239ef0dbbfb",42,500,17,8,2,"red","2241"
"62b146e365eca239ef0dbbfb",43,400,29,14,2,"red","2425"
"62b146e365eca239ef0dbbfb",44,400,31,9,10,"red","3491"
"62b146e365eca239ef0dbbfb",45,500,30,22,10,"red","1674"
"62b146e365eca239ef0dbbfb",46,400,15,12,10,"red","1907"
"62b146e365eca239ef0dbbfb",47,600,22,23,10,"red","2092"
"62b146e365eca239ef0dbbfb",48,400,21,26,20,"red","2224"
"62b146e365eca239ef0dbbfb",49,400,14,6,2,"red","1477"
"62b146e365eca239ef0dbbfb",50,600,25,18,20,"red","2523"
"62b146e365eca239ef0dbbfb",51,400,21,20,20,"red","2425"
"62b146e365eca239ef0dbbfb",52,500,26,15,10,"red","4724"
"62b146e365eca239ef0dbbfb",53,600,17,9,20,"red","2141"
"62b146e365eca239ef0dbbfb",54,500,34,26,10,"red","2873"
"62b146e365eca239ef0dbbfb",55,500,35,35,2,"red","3310"
"62b146e365eca239ef0dbbfb",56,400,16,7,2,"red","1606"
"62b146e365eca239ef0dbbfb",57,500,30,20,10,"red","1374"
"62b146e365eca239ef0dbbfb",58,500,29,25,10,"red","1926"
"62b146e365eca239ef0dbbfb",59,400,16,12,10,"red","1625"
"62b146e365eca239ef0dbbfb",60,500,25,7,2,"red","1592"
"62b146e365eca239ef0dbbfb",61,600,30,28,20,"blue","2439"
"62b146e365eca239ef0dbbfb",62,600,18,15,10,"blue","1524"
"62b146e365eca239ef0dbbfb",63,600,35,34,2,"blue","1775"
"62b146e365eca239ef0dbbfb",64,600,16,13,10,"blue","2226"
"62b146e365eca239ef0dbbfb",65,500,15,12,2,"blue","1724"
"62b146e365eca239ef0dbbfb",66,600,29,30,20,"blue","3207"
"62b146e365eca239ef0dbbfb",67,600,21,24,20,"blue","2873"
"62b146e365eca239ef0dbbfb",68,400,35,37,20,"blue","2357"
"62b146e365eca239ef0dbbfb",69,400,36,26,2,"blue","1877"
"62b146e365eca239ef0dbbfb",70,600,18,21,2,"blue","2375"
"62b146e365eca239ef0dbbfb",71,400,31,29,20,"blue","2140"
"62b146e365eca239ef0dbbfb",72,600,30,29,20,"blue","2142"
"62b146e365eca239ef0dbbfb",73,500,18,12,2,"blue","2290"
"62b146e365eca239ef0dbbfb",74,600,23,22,20,"blue","2224"
"62b146e365eca239ef0dbbfb",75,400,24,24,20,"blue","2207"
"62b146e365eca239ef0dbbfb",76,400,17,25,20,"blue","1642"
"62b146e365eca239ef0dbbfb",77,500,35,17,2,"blue","2007"
"62b146e365eca239ef0dbbfb",78,500,32,22,2,"blue","1925"
"62b146e365eca239ef0dbbfb",79,600,19,13,2,"blue","1990"
"62b146e365eca239ef0dbbfb",80,600,14,17,2,"blue","2324"
"62b146e365eca239ef0dbbfb",81,600,34,22,2,"blue","1941"
"62b146e365eca239ef0dbbfb",82,500,15,20,20,"blue","2640"
"62b146e365eca239ef0dbbfb",83,600,22,21,10,"blue","3325"
"62b146e365eca239ef0dbbfb",84,600,15,18,10,"blue","2657"
"62b146e365eca239ef0dbbfb",85,400,23,16,10,"blue","2141"
"62b146e365eca239ef0dbbfb",86,500,23,22,10,"blue","1841"
"62b146e365eca239ef0dbbfb",87,600,22,12,2,"blue","2158"
"62b146e365eca239ef0dbbfb",88,500,29,20,10,"blue","1691"
"62b146e365eca239ef0dbbfb",89,500,33,24,10,"blue","2324"
"62b146e365eca239ef0dbbfb",90,600,23,18,2,"blue","2273"
"62b146e365eca239ef0dbbfb",91,500,33,22,10,"blue","2507"
"62b146e365eca239ef0dbbfb",92,500,25,25,20,"blue","2628"
"62b146e365eca239ef0dbbfb",93,500,36,32,10,"blue","2274"
"62b146e365eca239ef0dbbfb",94,400,17,16,20,"blue","2675"
"62b146e365eca239ef0dbbfb",95,600,22,22,20,"blue","1973"
"62b146e365eca239ef0dbbfb",96,500,24,20,20,"blue","1891"
"62b146e365eca239ef0dbbfb",97,400,17,24,20,"blue","2092"
"62b146e365eca239ef0dbbfb",98,600,17,12,2,"blue","1642"
"62b146e365eca239ef0dbbfb",99,400,30,23,20,"blue","2058"
"62b146e365eca239ef0dbbfb",100,600,14,12,2,"blue","1706"
"62b146e365eca239ef0dbbfb",101,400,26,21,10,"blue","1857"
"62b146e365eca239ef0dbbfb",102,400,29,23,2,"blue","1741"
"62b146e365eca239ef0dbbfb",103,500,17,23,10,"blue","1875"
"62b146e365eca239ef0dbbfb",104,400,14,11,2,"blue","1624"
"62b146e365eca239ef0dbbfb",105,400,31,23,10,"blue","2056"
"62b146e365eca239ef0dbbfb",106,600,21,25,10,"blue","2373"
"62b146e365eca239ef0dbbfb",107,600,30,29,10,"blue","2109"
"62b146e365eca239ef0dbbfb",108,500,15,22,10,"blue","1724"
"63cdba9e0c27bf2817c222d0",13,500,25,34,10,"red","3218"
"63cdba9e0c27bf2817c222d0",14,500,25,31,20,"red","3052"
"63cdba9e0c27bf2817c222d0",15,400,18,23,10,"red","2214"
"63cdba9e0c27bf2817c222d0",16,400,31,38,2,"red","3693"
"63cdba9e0c27bf2817c222d0",17,500,26,31,2,"red","3138"
"63cdba9e0c27bf2817c222d0",18,500,15,18,2,"red","2256"
"63cdba9e0c27bf2817c222d0",19,600,23,21,2,"red","2542"
"63cdba9e0c27bf2817c222d0",20,600,35,36,10,"red","3001"
"63cdba9e0c27bf2817c222d0",21,600,26,22,2,"red","2314"
"63cdba9e0c27bf2817c222d0",22,500,22,32,10,"red","2428"
"63cdba9e0c27bf2817c222d0",23,400,32,32,20,"red","3341"
"63cdba9e0c27bf2817c222d0",24,500,27,35,20,"red","4732"
"63cdba9e0c27bf2817c222d0",25,500,23,25,10,"red","4827"
"63cdba9e0c27bf2817c222d0",26,400,21,21,2,"red","2038"
"63cdba9e0c27bf2817c222d0",27,500,33,37,20,"red","2895"
"63cdba9e0c27bf2817c222d0",28,500,19,34,20,"red","4128"
"63cdba9e0c27bf2817c222d0",29,500,33,33,2,"red","2868"
"63cdba9e0c27bf2817c222d0",30,600,31,22,20,"red","101797"
"63cdba9e0c27bf2817c222d0",31,400,34,36,20,"red","1998"
"63cdba9e0c27bf2817c222d0",32,600,16,14,20,"red","1573"
"63cdba9e0c27bf2817c222d0",33,600,28,21,2,"red","2081"
"63cdba9e0c27bf2817c222d0",34,400,24,25,10,"red","1842"
"63cdba9e0c27bf2817c222d0",35,500,19,15,2,"red","1871"
"63cdba9e0c27bf2817c222d0",36,500,34,31,2,"red","2267"
"63cdba9e0c27bf2817c222d0",37,600,21,20,10,"red","2954"
"63cdba9e0c27bf2817c222d0",38,400,34,32,10,"red","2242"
"63cdba9e0c27bf2817c222d0",39,400,18,30,10,"red","1779"
"63cdba9e0c27bf2817c222d0",40,500,15,14,10,"red","2965"
"63cdba9e0c27bf2817c222d0",41,600,36,40,20,"red","2460"
"63cdba9e0c27bf2817c222d0",42,400,19,12,20,"red","4185"
"63cdba9e0c27bf2817c222d0",43,400,21,18,2,"red","2369"
"63cdba9e0c27bf2817c222d0",44,400,22,18,20,"red","3193"
"63cdba9e0c27bf2817c222d0",45,500,19,18,2,"red","2023"
"63cdba9e0c27bf2817c222d0",46,500,32,27,10,"red","2142"
"63cdba9e0c27bf2817c222d0",47,600,22,23,2,"red","2232"
"63cdba9e0c27bf2817c222d0",48,400,22,20,2,"red","2310"
"63cdba9e0c27bf2817c222d0",49,500,26,17,2,"red","2018"
"63cdba9e0c27bf2817c222d0",50,600,31,30,10,"red","1899"
"63cdba9e0c27bf2817c222d0",51,600,33,35,20,"red","1741"
"63cdba9e0c27bf2817c222d0",52,400,22,26,20,"red","5173"
"63cdba9e0c27bf2817c222d0",53,400,21,28,10,"red","1889"
"63cdba9e0c27bf2817c222d0",54,400,14,24,10,"red","43949"
"63cdba9e0c27bf2817c222d0",55,400,26,25,10,"red","2563"
"63cdba9e0c27bf2817c222d0",56,500,18,27,20,"red","64582"
"63cdba9e0c27bf2817c222d0",57,400,19,27,2,"red","19096"
"63cdba9e0c27bf2817c222d0",58,400,34,35,20,"red","1880"
"63cdba9e0c27bf2817c222d0",59,400,31,36,20,"red","2010"
"63cdba9e0c27bf2817c222d0",60,500,33,34,10,"red","1935"
"63cdba9e0c27bf2817c222d0",61,400,29,27,20,"blue","2486"
"63cdba9e0c27bf2817c222d0",62,400,16,15,20,"blue","2468"
"63cdba9e0c27bf2817c222d0",63,600,20,11,2,"blue","2334"
"63cdba9e0c27bf2817c222d0",64,500,19,17,20,"blue","1971"
"63cdba9e0c27bf2817c222d0",65,500,34,13,2,"blue","58088"
"63cdba9e0c27bf2817c222d0",66,500,33,34,2,"blue","3130"
"63cdba9e0c27bf2817c222d0",67,400,24,16,2,"blue","1963"
"63cdba9e0c27bf2817c222d0",68,500,22,22,2,"blue","2321"
"63cdba9e0c27bf2817c222d0",69,500,36,0,20,"blue","2577"
"63cdba9e0c27bf2817c222d0",70,400,33,24,10,"blue","2476"
"63cdba9e0c27bf2817c222d0",71,400,36,29,10,"blue","2472"
"63cdba9e0c27bf2817c222d0",72,500,25,22,10,"blue","2336"
"63cdba9e0c27bf2817c222d0",73,500,19,20,10,"blue","7124"
"63cdba9e0c27bf2817c222d0",74,600,31,27,10,"blue","2692"
"63cdba9e0c27bf2817c222d0",75,600,15,16,10,"blue","1800"
"63cdba9e0c27bf2817c222d0",76,400,33,27,2,"blue","1511"
"63cdba9e0c27bf2817c222d0",77,600,27,24,10,"blue","1963"
"63cdba9e0c27bf2817c222d0",78,600,27,22,2,"blue","12206"
"63cdba9e0c27bf2817c222d0",79,500,35,26,20,"blue","3120"
"63cdba9e0c27bf2817c222d0",80,500,18,17,10,"blue","2218"
"63cdba9e0c27bf2817c222d0",81,500,16,20,2,"blue","2177"
"63cdba9e0c27bf2817c222d0",82,400,16,25,20,"blue","2068"
"63cdba9e0c27bf2817c222d0",83,500,20,24,10,"blue","1828"
"63cdba9e0c27bf2817c222d0",84,600,28,26,20,"blue","2280"
"63cdba9e0c27bf2817c222d0",85,600,22,19,2,"blue","2115"
"63cdba9e0c27bf2817c222d0",86,500,24,20,10,"blue","2458"
"63cdba9e0c27bf2817c222d0",87,500,35,17,2,"blue","2327"
"63cdba9e0c27bf2817c222d0",88,500,18,21,20,"blue","1631"
"63cdba9e0c27bf2817c222d0",89,500,35,36,20,"blue","1969"
"63cdba9e0c27bf2817c222d0",90,400,20,23,2,"blue","20581"
"63cdba9e0c27bf2817c222d0",91,400,16,18,10,"blue","2602"
"63cdba9e0c27bf2817c222d0",92,500,17,20,20,"blue","2066"
"63cdba9e0c27bf2817c222d0",93,600,28,22,10,"blue","73632"
"63cdba9e0c27bf2817c222d0",94,600,27,26,20,"blue","2613"
"63cdba9e0c27bf2817c222d0",95,500,19,18,20,"blue","1908"
"63cdba9e0c27bf2817c222d0",96,500,20,16,2,"blue","2618"
"63cdba9e0c27bf2817c222d0",97,500,27,25,2,"blue","3008"
"63cdba9e0c27bf2817c222d0",98,600,31,26,10,"blue","2856"
"63cdba9e0c27bf2817c222d0",99,600,17,18,20,"blue","2320"
"63cdba9e0c27bf2817c222d0",100,400,18,25,10,"blue","15528"
"63cdba9e0c27bf2817c222d0",101,500,17,23,2,"blue","96353"
"63cdba9e0c27bf2817c222d0",102,600,34,27,2,"blue","2143"
"63cdba9e0c27bf2817c222d0",103,500,30,30,2,"blue","1602"
"63cdba9e0c27bf2817c222d0",104,400,30,32,20,"blue","1973"
"63cdba9e0c27bf2817c222d0",105,400,29,26,10,"blue","1623"
"63cdba9e0c27bf2817c222d0",106,500,33,31,20,"blue","1646"
"63cdba9e0c27bf2817c222d0",107,500,15,13,20,"blue","1361"
"63cdba9e0c27bf2817c222d0",108,500,16,20,10,"blue","1506"
"641dfbd1cf0e57384c37a037",13,600,28,18,2,"red","2914"
"641dfbd1cf0e57384c37a037",14,600,18,12,2,"red","3872"
"641dfbd1cf0e57384c37a037",15,500,23,18,20,"red","5673"
"641dfbd1cf0e57384c37a037",16,500,24,14,2,"red","3600"
"641dfbd1cf0e57384c37a037",17,600,14,15,2,"red","3269"
"641dfbd1cf0e57384c37a037",18,500,17,14,2,"red","2809"
"641dfbd1cf0e57384c37a037",19,600,17,13,10,"red","2710"
"641dfbd1cf0e57384c37a037",20,500,27,22,10,"red","4024"
"641dfbd1cf0e57384c37a037",21,500,36,24,2,"red","3334"
"641dfbd1cf0e57384c37a037",22,600,36,34,10,"red","2946"
"641dfbd1cf0e57384c37a037",23,400,26,25,10,"red","4063"
"641dfbd1cf0e57384c37a037",24,400,35,35,2,"red","4237"
"641dfbd1cf0e57384c37a037",25,500,29,24,10,"red","2408"
"641dfbd1cf0e57384c37a037",26,500,23,20,20,"red","2622"
"641dfbd1cf0e57384c37a037",27,600,24,24,2,"red","2025"
"641dfbd1cf0e57384c37a037",28,600,16,17,2,"red","2530"
"641dfbd1cf0e57384c37a037",29,400,20,10,20,"red","2658"
"641dfbd1cf0e57384c37a037",30,600,36,37,20,"red","2164"
"641dfbd1cf0e57384c37a037",31,600,32,41,20,"red","2014"
"641dfbd1cf0e57384c37a037",32,600,17,20,10,"red","3931"
"641dfbd1cf0e57384c37a037",33,400,22,18,20,"red","2874"
"641dfbd1cf0e57384c37a037",34,600,18,16,20,"red","2522"
"641dfbd1cf0e57384c37a037",35,600,15,11,10,"red","3969"
"641dfbd1cf0e57384c37a037",36,600,28,19,2,"red","2595"
"641dfbd1cf0e57384c37a037",37,600,30,23,20,"red","2670"
"641dfbd1cf0e57384c37a037",38,500,35,26,20,"red","2344"
"641dfbd1cf0e57384c37a037",39,400,25,25,2,"red","2294"
"641dfbd1cf0e57384c37a037",40,500,17,14,2,"red","1455"
"641dfbd1cf0e57384c37a037",41,400,21,17,20,"red","2465"
"641dfbd1cf0e57384c37a037",42,600,19,13,20,"red","2729"
"641dfbd1cf0e57384c37a037",43,500,17,13,10,"red","2789"
"641dfbd1cf0e57384c37a037",44,500,29,19,20,"red","2710"
"641dfbd1cf0e57384c37a037",45,500,27,21,10,"red","1888"
"641dfbd1cf0e57384c37a037",46,600,14,15,10,"red","1834"
"641dfbd1cf0e57384c37a037",47,400,33,23,10,"red","2391"
"641dfbd1cf0e57384c37a037",48,500,25,18,2,"red","3283"
"641dfbd1cf0e57384c37a037",49,500,18,23,10,"red","2733"
"641dfbd1cf0e57384c37a037",50,400,21,16,2,"red","4643"
"641dfbd1cf0e57384c37a037",51,400,24,23,20,"red","3667"
"641dfbd1cf0e57384c37a037",52,500,21,16,2,"red","3245"
"641dfbd1cf0e57384c37a037",53,500,31,25,20,"red","2478"
"641dfbd1cf0e57384c37a037",54,600,31,22,10,"red","2437"
"641dfbd1cf0e57384c37a037",55,400,26,12,2,"red","3087"
"641dfbd1cf0e57384c37a037",56,600,28,18,20,"red","2173"
"641dfbd1cf0e57384c37a037",57,600,27,23,10,"red","2890"
"641dfbd1cf0e57384c37a037",58,400,33,29,10,"red","2498"
"641dfbd1cf0e57384c37a037",59,500,26,20,10,"red","6070"
"641dfbd1cf0e57384c37a037",60,600,19,11,20,"red","3363"
"641dfbd1cf0e57384c37a037",61,600,29,19,2,"blue","2762"
"641dfbd1cf0e57384c37a037",62,500,23,19,2,"blue","2372"
"641dfbd1cf0e57384c37a037",63,600,20,19,2,"blue","2300"
"641dfbd1cf0e57384c37a037",64,400,26,18,2,"blue","2677"
"641dfbd1cf0e57384c37a037",65,600,21,20,2,"blue","4903"
"641dfbd1cf0e57384c37a037",66,600,32,14,20,"blue","6599"
"641dfbd1cf0e57384c37a037",67,600,33,29,10,"blue","2708"
"641dfbd1cf0e57384c37a037",68,400,23,23,10,"blue","2038"
"641dfbd1cf0e57384c37a037",69,500,14,6,2,"blue","3156"
"641dfbd1cf0e57384c37a037",70,500,26,19,10,"blue","3030"
"641dfbd1cf0e57384c37a037",71,400,15,9,20,"blue","2474"
"641dfbd1cf0e57384c37a037",72,500,33,26,2,"blue","2513"
"641dfbd1cf0e57384c37a037",73,500,30,23,2,"blue","4184"
"641dfbd1cf0e57384c37a037",74,600,20,20,2,"blue","2051"
"641dfbd1cf0e57384c37a037",75,500,22,13,2,"blue","2122"
"641dfbd1cf0e57384c37a037",76,500,31,24,2,"blue","1799"
"641dfbd1cf0e57384c37a037",77,600,31,16,2,"blue","2276"
"641dfbd1cf0e57384c37a037",78,600,32,23,10,"blue","2965"
"641dfbd1cf0e57384c37a037",79,600,30,19,20,"blue","2688"
"641dfbd1cf0e57384c37a037",80,500,35,24,2,"blue","2685"
"641dfbd1cf0e57384c37a037",81,500,35,22,10,"blue","2984"
"641dfbd1cf0e57384c37a037",82,600,18,13,20,"blue","3690"
"641dfbd1cf0e57384c37a037",83,500,36,28,10,"blue","1964"
"641dfbd1cf0e57384c37a037",84,400,15,10,20,"blue","2270"
"641dfbd1cf0e57384c37a037",85,600,19,17,20,"blue","2183"
"641dfbd1cf0e57384c37a037",86,600,19,13,2,"blue","2184"
"641dfbd1cf0e57384c37a037",87,400,30,21,10,"blue","3712"
"641dfbd1cf0e57384c37a037",88,500,29,19,20,"blue","12069"
"641dfbd1cf0e57384c37a037",89,600,28,22,10,"blue","3517"
"641dfbd1cf0e57384c37a037",90,500,30,20,20,"blue","3558"
"641dfbd1cf0e57384c37a037",91,600,21,11,20,"blue","4952"
"641dfbd1cf0e57384c37a037",92,500,33,20,2,"blue","2103"
"641dfbd1cf0e57384c37a037",93,600,21,7,10,"blue","2967"
"641dfbd1cf0e57384c37a037",94,400,15,14,20,"blue","7372"
"641dfbd1cf0e57384c37a037",95,400,22,19,20,"blue","2240"
"641dfbd1cf0e57384c37a037",96,600,28,19,20,"blue","2149"
"641dfbd1cf0e57384c37a037",97,600,25,24,10,"blue","2165"
"641dfbd1cf0e57384c37a037",98,600,21,18,10,"blue","3531"
"641dfbd1cf0e57384c37a037",99,500,30,25,10,"blue","6542"
"641dfbd1cf0e57384c37a037",100,600,24,21,10,"blue","3165"
"641dfbd1cf0e57384c37a037",101,400,23,24,20,"blue","3980"
"641dfbd1cf0e57384c37a037",102,600,33,33,20,"blue","2278"
"641dfbd1cf0e57384c37a037",103,500,31,26,10,"blue","2986"
"641dfbd1cf0e57384c37a037",104,400,16,16,20,"blue","2223"
"641dfbd1cf0e57384c37a037",105,600,14,8,2,"blue","2461"
"641dfbd1cf0e57384c37a037",106,500,35,32,10,"blue","1967"
"641dfbd1cf0e57384c37a037",107,500,17,12,20,"blue","2016"
"641dfbd1cf0e57384c37a037",108,500,28,24,10,"blue","2115"
"6475e3b08c14ba10d9e6f70f",13,600,27,18,2,"red","10999"
"6475e3b08c14ba10d9e6f70f",14,500,28,22,20,"red","4218"
"6475e3b08c14ba10d9e6f70f",15,600,21,18,10,"red","7424"
"6475e3b08c14ba10d9e6f70f",16,400,29,11,10,"red","5650"
"6475e3b08c14ba10d9e6f70f",17,400,28,27,20,"red","8718"
"6475e3b08c14ba10d9e6f70f",18,400,20,27,2,"red","7770"
"6475e3b08c14ba10d9e6f70f",19,400,19,5,20,"red","5340"
"6475e3b08c14ba10d9e6f70f",20,600,15,11,2,"red","5424"
"64f9db6943940e98c173b596",13,400,27,12,2,"red","5653"
"64f9db6943940e98c173b596",14,400,17,8,2,"red","3074"
"64f9db6943940e98c173b596",15,500,23,22,20,"red","4691"
"64f9db6943940e98c173b596",16,600,20,11,2,"red","5015"
"64f9db6943940e98c173b596",17,600,32,33,10,"red","4261"
"64f9db6943940e98c173b596",18,600,32,34,20,"red","3708"
"64f9db6943940e98c173b596",19,400,23,16,20,"red","4560"
"64f9db6943940e98c173b596",20,400,28,38,10,"red","3288"
"64f9db6943940e98c173b596",21,600,26,18,20,"red","4100"
"64f9db6943940e98c173b596",22,600,20,8,20,"red","4364"
"64f9db6943940e98c173b596",23,500,28,32,2,"red","3326"
"64f9db6943940e98c173b596",24,600,36,39,10,"red","8026"
"64f9db6943940e98c173b596",25,400,18,7,2,"red","8813"
"64f9db6943940e98c173b596",26,400,20,12,2,"red","3540"
"64f9db6943940e98c173b596",27,500,28,31,2,"red","3399"
"64f9db6943940e98c173b596",28,600,17,33,10,"red","3368"
"64f9db6943940e98c173b596",29,600,33,43,10,"red","3335"
"64f9db6943940e98c173b596",30,600,25,25,2,"red","3249"
"64f9db6943940e98c173b596",31,600,20,22,2,"red","2807"
"64f9db6943940e98c173b596",32,400,29,24,20,"red","3890"
"64f9db6943940e98c173b596",33,400,20,16,2,"red","3468"
"64f9db6943940e98c173b596",34,500,16,5,20,"red","2803"
"64f9db6943940e98c173b596",35,500,20,5,2,"red","4399"
"64f9db6943940e98c173b596",36,500,18,6,2,"red","4193"
"64f9db6943940e98c173b596",37,400,34,35,20,"red","4049"
"64f9db6943940e98c173b596",38,500,20,13,10,"red","3491"
"64f9db6943940e98c173b596",39,600,16,11,20,"red","3985"
"64f9db6943940e98c173b596",40,500,29,32,10,"red","18164"
"64f9db6943940e98c173b596",41,600,21,17,20,"red","33282"
"64f9db6943940e98c173b596",42,600,29,13,10,"red","5896"
"64f9db6943940e98c173b596",43,600,14,7,20,"red","1974"
"64f9db6943940e98c173b596",44,400,18,17,10,"red","6197"
"64f9db6943940e98c173b596",45,500,33,34,2,"red","3830"
"64f9db6943940e98c173b596",46,400,17,9,2,"red","3295"
"64f9db6943940e98c173b596",47,500,27,28,2,"red","1945"
"64f9db6943940e98c173b596",48,400,19,11,2,"red","4484"
"64f9db6943940e98c173b596",49,400,18,17,20,"red","5563"
"64f9db6943940e98c173b596",50,500,34,33,10,"red","4203"
"64f9db6943940e98c173b596",51,400,29,31,10,"red","3519"
"64f9db6943940e98c173b596",52,400,28,34,10,"red","3177"
"64f9db6943940e98c173b596",53,500,30,38,20,"red","3516"
"64f9db6943940e98c173b596",54,500,26,32,20,"red","3137"
"64f9db6943940e98c173b596",55,500,14,7,10,"red","2068"
"64f9db6943940e98c173b596",56,400,21,9,20,"red","7786"
"64f9db6943940e98c173b596",57,600,22,24,10,"red","2486"
"64f9db6943940e98c173b596",58,400,28,25,10,"red","1767"
"64f9db6943940e98c173b596",59,400,25,18,20,"red","2889"
"64f9db6943940e98c173b596",60,500,35,34,10,"red","2817"
"64f9db6943940e98c173b596",61,400,28,31,10,"blue","3390"
"64f9db6943940e98c173b596",62,400,23,23,20,"blue","2575"
"64f9db6943940e98c173b596",63,400,35,32,2,"blue","2529"
"64f9db6943940e98c173b596",64,600,15,17,20,"blue","2697"
"64f9db6943940e98c173b596",65,400,35,28,20,"blue","3127"
"64f9db6943940e98c173b596",66,400,29,30,10,"blue","3004"
"64f9db6943940e98c173b596",67,400,35,33,2,"blue","2329"
"64f9db6943940e98c173b596",68,600,29,22,20,"blue","4652"
"64f9db6943940e98c173b596",69,500,27,21,10,"blue","3031"
"64f9db6943940e98c173b596",70,500,16,29,10,"blue","2972"
"64f9db6943940e98c173b596",71,500,18,19,10,"blue","2628"
"64f9db6943940e98c173b596",72,600,19,12,20,"blue","2513"
"64f9db6943940e98c173b596",73,400,26,30,10,"blue","2918"
"64f9db6943940e98c173b596",74,600,25,29,20,"blue","3416"
"64f9db6943940e98c173b596",75,500,25,6,2,"blue","2601"
"64f9db6943940e98c173b596",76,600,27,21,20,"blue","3339"
"64f9db6943940e98c173b596",77,400,32,34,2,"blue","2408"
"64f9db6943940e98c173b596",78,400,18,15,20,"blue","3602"
"64f9db6943940e98c173b596",79,600,24,15,2,"blue","10532"
"64f9db6943940e98c173b596",80,500,22,19,10,"blue","3353"
"64f9db6943940e98c173b596",81,500,32,37,2,"blue","2885"
"64f9db6943940e98c173b596",82,400,15,5,2,"blue","3171"
"64f9db6943940e98c173b596",83,500,28,35,2,"blue","2957"
"64f9db6943940e98c173b596",84,400,22,15,2,"blue","2456"
"64f9db6943940e98c173b596",85,600,14,17,10,"blue","3589"
"64f9db6943940e98c173b596",86,600,20,14,20,"blue","3406"
"64f9db6943940e98c173b596",87,600,29,37,10,"blue","3036"
"64f9db6943940e98c173b596",88,400,35,35,20,"blue","2651"
"64f9db6943940e98c173b596",89,400,34,32,20,"blue","2609"
"64f9db6943940e98c173b596",90,500,24,31,10,"blue","2822"
"64f9db6943940e98c173b596",91,500,24,15,2,"blue","2602"
"64f9db6943940e98c173b596",92,500,32,22,20,"blue","2183"
"64f9db6943940e98c173b596",93,500,36,26,2,"blue","3220"
"64f9db6943940e98c173b596",94,400,28,19,20,"blue","2949"
"64f9db6943940e98c173b596",95,600,33,24,10,"blue","2790"
"64f9db6943940e98c173b596",96,600,28,13,10,"blue","2378"
"64f9db6943940e98c173b596",97,400,32,31,10,"blue","2551"
"64f9db6943940e98c173b596",98,400,35,31,2,"blue","3068"
"64f9db6943940e98c173b596",99,500,14,4,20,"blue","1931"
"64f9db6943940e98c173b596",100,500,30,28,2,"blue","2550"
"64f9db6943940e98c173b596",101,600,26,16,10,"blue","2727"
"64f9db6943940e98c173b596",102,600,27,22,20,"blue","3037"
"64f9db6943940e98c173b596",103,500,32,29,2,"blue","2895"
"64f9db6943940e98c173b596",104,600,18,15,10,"blue","2734"
"64f9db6943940e98c173b596",105,500,24,26,2,"blue","3501"
"64f9db6943940e98c173b596",106,400,30,28,10,"blue","4113"
"64f9db6943940e98c173b596",107,400,22,27,20,"blue","3470"
"64f9db6943940e98c173b596",108,400,22,9,2,"blue","2730"
"65465ac216a26bebcc8d8b02",13,400,21,5,2,"blue","3893"
"65465ac216a26bebcc8d8b02",14,500,15,10,20,"blue","3385"
"65465ac216a26bebcc8d8b02",15,600,35,34,20,"blue","3783"
"65465ac216a26bebcc8d8b02",16,400,36,39,2,"blue","3836"
"65465ac216a26bebcc8d8b02",17,600,28,25,10,"blue","3909"
"65465ac216a26bebcc8d8b02",18,500,35,40,10,"blue","3294"
"65465ac216a26bebcc8d8b02",19,600,28,19,20,"blue","3822"
"65465ac216a26bebcc8d8b02",20,400,31,30,10,"blue","3275"
"65465ac216a26bebcc8d8b02",21,500,30,15,20,"blue","3910"
"65465ac216a26bebcc8d8b02",22,500,34,30,2,"blue","3201"
"65465ac216a26bebcc8d8b02",23,400,29,30,10,"blue","3453"
"65465ac216a26bebcc8d8b02",24,400,28,27,20,"blue","3121"
"65465ac216a26bebcc8d8b02",25,400,28,25,20,"blue","3844"
"65465ac216a26bebcc8d8b02",26,500,14,8,20,"blue","2538"
"65465ac216a26bebcc8d8b02",27,400,33,19,10,"blue","2404"
"65465ac216a26bebcc8d8b02",28,400,14,14,20,"blue","3482"
"65465ac216a26bebcc8d8b02",29,400,23,17,20,"blue","3023"
"65465ac216a26bebcc8d8b02",30,400,29,28,10,"blue","2801"
"65465ac216a26bebcc8d8b02",31,500,23,15,20,"blue","2267"
"65465ac216a26bebcc8d8b02",32,500,22,22,20,"blue","3993"
"65465ac216a26bebcc8d8b02",33,600,19,18,20,"blue","3835"
"65465ac216a26bebcc8d8b02",34,600,22,25,20,"blue","2651"
"65465ac216a26bebcc8d8b02",35,600,22,20,10,"blue","3205"
"65465ac216a26bebcc8d8b02",36,600,14,19,20,"blue","5318"
"65465ac216a26bebcc8d8b02",37,600,18,17,20,"blue","2609"
"65465ac216a26bebcc8d8b02",38,500,23,27,20,"blue","4339"
"65465ac216a26bebcc8d8b02",39,400,14,12,10,"blue","2676"
"65465ac216a26bebcc8d8b02",40,500,33,33,10,"blue","3506"
"65465ac216a26bebcc8d8b02",41,500,27,31,10,"blue","2967"
"65465ac216a26bebcc8d8b02",42,600,17,29,10,"blue","3756"
"65465ac216a26bebcc8d8b02",43,400,31,31,2,"blue","2212"
"65465ac216a26bebcc8d8b02",44,400,28,31,2,"blue","3200"
"65465ac216a26bebcc8d8b02",45,500,25,25,2,"blue","2845"
"65465ac216a26bebcc8d8b02",46,500,17,21,2,"blue","3503"
"65465ac216a26bebcc8d8b02",47,400,36,34,10,"blue","4034"
"65465ac216a26bebcc8d8b02",48,600,32,21,2,"blue","3755"
"65465ac216a26bebcc8d8b02",49,600,34,37,2,"blue","4247"
"65465ac216a26bebcc8d8b02",50,600,25,29,10,"blue","3046"
"65465ac216a26bebcc8d8b02",51,400,31,28,2,"blue","2962"
"65465ac216a26bebcc8d8b02",52,600,17,22,10,"blue","3074"
"65465ac216a26bebcc8d8b02",53,600,18,20,10,"blue","3413"
"65465ac216a26bebcc8d8b02",54,400,36,36,10,"blue","3830"
"65465ac216a26bebcc8d8b02",55,400,30,31,2,"blue","3275"
"65465ac216a26bebcc8d8b02",56,400,33,28,2,"blue","4806"
"65465ac216a26bebcc8d8b02",57,400,29,23,2,"blue","3685"
"65465ac216a26bebcc8d8b02",58,400,22,20,2,"blue","3803"
"65465ac216a26bebcc8d8b02",59,400,21,17,2,"blue","2615"
"65465ac216a26bebcc8d8b02",60,600,35,36,2,"blue","2258"
"65465ac216a26bebcc8d8b02",61,400,22,20,10,"red","2911"
"65465ac216a26bebcc8d8b02",62,400,14,15,10,"red","3294"
"65465ac216a26bebcc8d8b02",63,600,23,22,20,"red","2905"
"65465ac216a26bebcc8d8b02",64,600,32,34,20,"red","2426"
"65465ac216a26bebcc8d8b02",65,500,14,20,10,"red","2729"
"65465ac216a26bebcc8d8b02",66,600,29,34,20,"red","2411"
"65465ac216a26bebcc8d8b02",67,500,23,20,20,"red","2611"
"65465ac216a26bebcc8d8b02",68,400,26,15,2,"red","5009"
"65465ac216a26bebcc8d8b02",69,500,34,33,20,"red","4070"
"65465ac216a26bebcc8d8b02",70,400,26,24,20,"red","3220"
"65465ac216a26bebcc8d8b02",71,500,23,19,2,"red","3695"
"65465ac216a26bebcc8d8b02",72,500,36,30,20,"red","3251"
"65465ac216a26bebcc8d8b02",73,500,17,14,2,"red","2655"
"65465ac216a26bebcc8d8b02",74,600,30,29,20,"red","2741"
"65465ac216a26bebcc8d8b02",75,400,23,26,20,"red","2642"
"65465ac216a26bebcc8d8b02",76,600,24,22,2,"red","2593"
"65465ac216a26bebcc8d8b02",77,500,19,21,10,"red","2967"
"65465ac216a26bebcc8d8b02",78,600,34,35,20,"red","2427"
"65465ac216a26bebcc8d8b02",79,500,19,18,2,"red","2229"
"65465ac216a26bebcc8d8b02",80,600,33,31,20,"red","3653"
"65465ac216a26bebcc8d8b02",81,500,22,28,20,"red","4648"
"65465ac216a26bebcc8d8b02",82,400,19,15,20,"red","2653"
"65465ac216a26bebcc8d8b02",83,400,25,21,20,"red","3019"
"65465ac216a26bebcc8d8b02",84,600,14,13,10,"red","2522"
"65465ac216a26bebcc8d8b02",85,500,28,24,20,"red","2854"
"65465ac216a26bebcc8d8b02",86,500,36,36,20,"red","2384"
"65465ac216a26bebcc8d8b02",87,500,20,17,10,"red","3459"
"65465ac216a26bebcc8d8b02",88,600,17,19,2,"red","2089"
"65465ac216a26bebcc8d8b02",89,500,19,15,2,"red","4367"
"65465ac216a26bebcc8d8b02",90,600,21,20,2,"red","4101"
"65465ac216a26bebcc8d8b02",91,600,22,16,2,"red","2377"
"65465ac216a26bebcc8d8b02",92,600,22,19,2,"red","2847"
"65465ac216a26bebcc8d8b02",93,500,19,17,2,"red","2861"
"65465ac216a26bebcc8d8b02",94,400,27,28,10,"red","2746"
"65465ac216a26bebcc8d8b02",95,400,24,22,10,"red","3890"
"65465ac216a26bebcc8d8b02",96,400,16,13,2,"red","3171"
"65465ac216a26bebcc8d8b02",97,500,27,25,10,"red","2688"
"65465ac216a26bebcc8d8b02",98,500,33,35,10,"red","4091"
"65465ac216a26bebcc8d8b02",99,400,20,19,2,"red","2752"
"65465ac216a26bebcc8d8b02",100,500,17,16,2,"red","3360"
"65465ac216a26bebcc8d8b02",101,400,17,15,2,"red","2794"
"65465ac216a26bebcc8d8b02",102,600,26,26,2,"red","4005"
"65465ac216a26bebcc8d8b02",103,500,36,34,10,"red","2414"
"65465ac216a26bebcc8d8b02",104,600,30,35,10,"red","2910"
"65465ac216a26bebcc8d8b02",105,400,31,34,10,"red","3587"
"65465ac216a26bebcc8d8b02",106,400,31,29,10,"red","2692"
"65465ac216a26bebcc8d8b02",107,500,35,34,10,"red","3024"
"65465ac216a26bebcc8d8b02",108,500,15,14,10,"red","4399"
"656a02c7b6729e5b80412a8f",13,400,22,18,2,"blue","3097"
"656a02c7b6729e5b80412a8f",14,400,33,27,2,"blue","3789"
"656a02c7b6729e5b80412a8f",15,400,34,30,10,"blue","3197"
"656a02c7b6729e5b80412a8f",16,600,30,31,20,"blue","3846"
"656a02c7b6729e5b80412a8f",17,600,23,23,2,"blue","3219"
"656a02c7b6729e5b80412a8f",18,400,33,30,20,"blue","3534"
"656a02c7b6729e5b80412a8f",19,600,28,32,20,"blue","3950"
"656a02c7b6729e5b80412a8f",20,400,21,22,2,"blue","3343"
"656a02c7b6729e5b80412a8f",21,400,33,30,20,"blue","3394"
"656a02c7b6729e5b80412a8f",22,600,22,23,2,"blue","3898"
"656a02c7b6729e5b80412a8f",23,400,31,29,10,"blue","3602"
"656a02c7b6729e5b80412a8f",24,500,16,18,20,"blue","3649"
"656a02c7b6729e5b80412a8f",25,500,36,30,10,"blue","3220"
"656a02c7b6729e5b80412a8f",26,400,25,26,10,"blue","3985"
"656a02c7b6729e5b80412a8f",27,400,24,25,20,"blue","3448"
"656a02c7b6729e5b80412a8f",28,600,14,19,10,"blue","3471"
"656a02c7b6729e5b80412a8f",29,500,25,27,10,"blue","3204"
"656a02c7b6729e5b80412a8f",30,600,27,26,10,"blue","3582"
"656a02c7b6729e5b80412a8f",31,500,22,21,2,"blue","3502"
"656a02c7b6729e5b80412a8f",32,400,25,22,2,"blue","3268"
"656a02c7b6729e5b80412a8f",33,500,34,27,10,"blue","4730"
"656a02c7b6729e5b80412a8f",34,400,26,27,2,"blue","2839"
"656a02c7b6729e5b80412a8f",35,400,29,26,2,"blue","4297"
"656a02c7b6729e5b80412a8f",36,400,28,28,10,"blue","3435"
"656a02c7b6729e5b80412a8f",37,600,14,19,10,"blue","3502"
"656a02c7b6729e5b80412a8f",38,400,33,28,2,"blue","3851"
"656a02c7b6729e5b80412a8f",39,600,25,27,2,"blue","4082"
"656a02c7b6729e5b80412a8f",40,500,19,17,2,"blue","2713"
"656a02c7b6729e5b80412a8f",41,500,33,31,10,"blue","3190"
"656a02c7b6729e5b80412a8f",42,400,34,35,20,"blue","2952"
"656a02c7b6729e5b80412a8f",43,600,16,19,10,"blue","4169"
"656a02c7b6729e5b80412a8f",44,400,17,13,2,"blue","2817"
"656a02c7b6729e5b80412a8f",45,400,14,10,20,"blue","2825"
"656a02c7b6729e5b80412a8f",46,400,34,26,2,"blue","2301"
"656a02c7b6729e5b80412a8f",47,600,17,19,10,"blue","3149"
"656a02c7b6729e5b80412a8f",48,500,32,26,2,"blue","3131"
"656a02c7b6729e5b80412a8f",49,600,29,29,20,"blue","3305"
"656a02c7b6729e5b80412a8f",50,400,20,21,20,"blue","3056"
"656a02c7b6729e5b80412a8f",51,600,21,26,20,"blue","3267"
"656a02c7b6729e5b80412a8f",52,600,27,29,20,"blue","2521"
"656a02c7b6729e5b80412a8f",53,500,36,35,10,"blue","2692"
"656a02c7b6729e5b80412a8f",54,600,24,28,20,"blue","3825"
"656a02c7b6729e5b80412a8f",55,600,29,29,10,"blue","4132"
"656a02c7b6729e5b80412a8f",56,400,22,22,10,"blue","4778"
"656a02c7b6729e5b80412a8f",57,500,20,22,20,"blue","3672"
"656a02c7b6729e5b80412a8f",58,400,23,18,2,"blue","2542"
"656a02c7b6729e5b80412a8f",59,500,17,17,20,"blue","3153"
"656a02c7b6729e5b80412a8f",60,400,36,33,20,"blue","2682"
"656a02c7b6729e5b80412a8f",61,600,33,23,2,"red","3773"
"656a02c7b6729e5b80412a8f",62,500,28,23,10,"red","4737"
"656a02c7b6729e5b80412a8f",63,600,21,21,20,"red","2731"
"656a02c7b6729e5b80412a8f",64,400,24,23,20,"red","2310"
"656a02c7b6729e5b80412a8f",65,600,25,25,20,"red","3562"
"656a02c7b6729e5b80412a8f",66,400,24,19,2,"red","2523"
"656a02c7b6729e5b80412a8f",67,600,24,18,2,"red","3233"
"656a02c7b6729e5b80412a8f",68,600,17,17,2,"red","3301"
"656a02c7b6729e5b80412a8f",69,600,27,26,20,"red","2588"
"656a02c7b6729e5b80412a8f",70,400,18,16,20,"red","2494"
"656a02c7b6729e5b80412a8f",71,400,28,27,20,"red","2638"
"656a02c7b6729e5b80412a8f",72,400,31,25,10,"red","4433"
"656a02c7b6729e5b80412a8f",73,600,19,23,20,"red","2884"
"656a02c7b6729e5b80412a8f",74,600,22,23,10,"red","3138"
"656a02c7b6729e5b80412a8f",75,400,33,30,10,"red","2598"
"656a02c7b6729e5b80412a8f",76,500,32,27,2,"red","2763"
"656a02c7b6729e5b80412a8f",77,500,15,16,20,"red","3104"
"656a02c7b6729e5b80412a8f",78,500,24,20,2,"red","2641"
"656a02c7b6729e5b80412a8f",79,500,27,29,10,"red","2480"
"656a02c7b6729e5b80412a8f",80,400,15,15,10,"red","2110"
"656a02c7b6729e5b80412a8f",81,600,30,24,2,"red","3500"
"656a02c7b6729e5b80412a8f",82,400,21,19,2,"red","2605"
"656a02c7b6729e5b80412a8f",83,500,33,33,2,"red","2807"
"656a02c7b6729e5b80412a8f",84,500,19,18,10,"red","2704"
"656a02c7b6729e5b80412a8f",85,500,32,36,10,"red","2735"
"656a02c7b6729e5b80412a8f",86,600,17,22,10,"red","3449"
"656a02c7b6729e5b80412a8f",87,600,33,35,20,"red","2430"
"656a02c7b6729e5b80412a8f",88,500,14,12,20,"red","2717"
"656a02c7b6729e5b80412a8f",89,500,25,20,20,"red","3023"
"656a02c7b6729e5b80412a8f",90,400,33,38,20,"red","2079"
"656a02c7b6729e5b80412a8f",91,400,22,24,20,"red","2258"
"656a02c7b6729e5b80412a8f",92,400,17,22,2,"red","2931"
"656a02c7b6729e5b80412a8f",93,600,35,33,2,"red","2230"
"656a02c7b6729e5b80412a8f",94,400,21,23,20,"red","2264"
"656a02c7b6729e5b80412a8f",95,400,21,25,10,"red","3315"
"656a02c7b6729e5b80412a8f",96,500,22,18,10,"red","2878"
"656a02c7b6729e5b80412a8f",97,500,35,35,2,"red","2363"
"656a02c7b6729e5b80412a8f",98,600,23,20,2,"red","2519"
"656a02c7b6729e5b80412a8f",99,400,23,19,2,"red","4292"
"656a02c7b6729e5b80412a8f",100,600,16,17,10,"red","3216"
"656a02c7b6729e5b80412a8f",101,400,18,16,20,"red","3689"
"656a02c7b6729e5b80412a8f",102,600,27,29,10,"red","2657"
"656a02c7b6729e5b80412a8f",103,600,32,32,20,"red","2017"
"656a02c7b6729e5b80412a8f",104,400,30,33,10,"red","2872"
"656a02c7b6729e5b80412a8f",105,400,25,29,10,"red","2759"
"656a02c7b6729e5b80412a8f",106,400,16,16,2,"red","1859"
"656a02c7b6729e5b80412a8f",107,500,23,13,2,"red","3560"
"656a02c7b6729e5b80412a8f",108,500,14,11,10,"red","2289"
"657f8d99678be2d216a85c3d",13,500,16,11,10,"red","2257"
"657f8d99678be2d216a85c3d",14,600,31,28,10,"red","1790"
"657f8d99678be2d216a85c3d",15,400,23,15,20,"red","2940"
"657f8d99678be2d216a85c3d",16,500,17,16,10,"red","1806"
"657f8d99678be2d216a85c3d",17,500,21,13,20,"red","1984"
"657f8d99678be2d216a85c3d",18,400,35,28,10,"red","2097"
"657f8d99678be2d216a85c3d",19,600,15,11,10,"red","2433"
"657f8d99678be2d216a85c3d",20,400,24,13,2,"red","2097"
"657f8d99678be2d216a85c3d",21,600,33,27,20,"red","2483"
"657f8d99678be2d216a85c3d",22,500,14,16,10,"red","2141"
"657f8d99678be2d216a85c3d",23,600,32,24,20,"red","2052"
"657f8d99678be2d216a85c3d",24,500,14,14,20,"red","1674"
"657f8d99678be2d216a85c3d",25,500,26,24,20,"red","2222"
"657f8d99678be2d216a85c3d",26,400,20,12,2,"red","1581"
"657f8d99678be2d216a85c3d",27,600,24,13,2,"red","1497"
"657f8d99678be2d216a85c3d",28,400,23,14,2,"red","1519"
"657f8d99678be2d216a85c3d",29,500,24,18,10,"red","1738"
"657f8d99678be2d216a85c3d",30,600,20,17,20,"red","2314"
"657f8d99678be2d216a85c3d",31,600,29,26,2,"red","1634"
"657f8d99678be2d216a85c3d",32,400,30,29,2,"red","1873"
"657f8d99678be2d216a85c3d",33,500,28,27,10,"red","1612"
"657f8d99678be2d216a85c3d",34,600,21,24,20,"red","1324"
"657f8d99678be2d216a85c3d",35,600,20,14,2,"red","1958"
"657f8d99678be2d216a85c3d",36,500,14,9,2,"red","1765"
"657f8d99678be2d216a85c3d",37,400,23,16,10,"red","2007"
"657f8d99678be2d216a85c3d",38,500,31,26,10,"red","2575"
"657f8d99678be2d216a85c3d",39,500,24,20,20,"red","2364"
"657f8d99678be2d216a85c3d",40,500,14,8,2,"red","2643"
"657f8d99678be2d216a85c3d",41,600,17,12,10,"red","1975"
"657f8d99678be2d216a85c3d",42,600,14,9,10,"red","1692"
"657f8d99678be2d216a85c3d",43,500,22,13,20,"red","1788"
"657f8d99678be2d216a85c3d",44,400,21,15,2,"red","1266"
"657f8d99678be2d216a85c3d",45,600,24,22,10,"red","1380"
"657f8d99678be2d216a85c3d",46,500,15,20,20,"red","1859"
"657f8d99678be2d216a85c3d",47,600,32,29,20,"red","2206"
"657f8d99678be2d216a85c3d",48,400,23,4,2,"red","1439"
"657f8d99678be2d216a85c3d",49,400,36,32,10,"red","3560"
"657f8d99678be2d216a85c3d",50,600,36,30,2,"red","2429"
"657f8d99678be2d216a85c3d",51,500,27,22,20,"red","1751"
"657f8d99678be2d216a85c3d",52,600,34,20,20,"red","2205"
"657f8d99678be2d216a85c3d",53,600,24,15,20,"red","1704"
"657f8d99678be2d216a85c3d",54,500,24,12,2,"red","1235"
"657f8d99678be2d216a85c3d",55,500,14,12,10,"red","2683"
"657f8d99678be2d216a85c3d",56,600,26,17,2,"red","2177"
"657f8d99678be2d216a85c3d",57,400,15,12,2,"red","3048"
"657f8d99678be2d216a85c3d",58,600,31,33,10,"red","3763"
"657f8d99678be2d216a85c3d",59,400,29,15,2,"red","1529"
"657f8d99678be2d216a85c3d",60,600,29,22,20,"red","6331"
"657f8d99678be2d216a85c3d",61,400,29,24,20,"blue","3090"
"657f8d99678be2d216a85c3d",62,400,31,27,10,"blue","2080"
"657f8d99678be2d216a85c3d",63,600,35,29,10,"blue","1944"
"657f8d99678be2d216a85c3d",64,500,32,33,2,"blue","3516"
"657f8d99678be2d216a85c3d",65,600,21,20,10,"blue","2548"
"657f8d99678be2d216a85c3d",66,500,33,26,2,"blue","2586"
"657f8d99678be2d216a85c3d",67,400,26,29,10,"blue","2989"
"657f8d99678be2d216a85c3d",68,500,35,26,20,"blue","2582"
"657f8d99678be2d216a85c3d",69,500,29,26,20,"blue","2467"
"657f8d99678be2d216a85c3d",70,600,26,23,20,"blue","2708"
"657f8d99678be2d216a85c3d",71,600,36,28,10,"blue","4195"
"657f8d99678be2d216a85c3d",72,400,15,15,20,"blue","2257"
"657f8d99678be2d216a85c3d",73,600,27,17,2,"blue","1473"
"657f8d99678be2d216a85c3d",74,600,15,11,20,"blue","1423"
"657f8d99678be2d216a85c3d",75,400,19,10,20,"blue","2190"
"657f8d99678be2d216a85c3d",76,600,30,20,2,"blue","1727"
"657f8d99678be2d216a85c3d",77,600,25,19,20,"blue","3068"
"657f8d99678be2d216a85c3d",78,600,31,27,10,"blue","1812"
"657f8d99678be2d216a85c3d",79,400,14,11,2,"blue","1832"
"657f8d99678be2d216a85c3d",80,400,27,24,10,"blue","1804"
"657f8d99678be2d216a85c3d",81,500,28,14,20,"blue","5781"
"657f8d99678be2d216a85c3d",82,500,25,22,20,"blue","1788"
"657f8d99678be2d216a85c3d",83,400,24,18,2,"blue","1745"
"657f8d99678be2d216a85c3d",84,500,18,17,2,"blue","1522"
"657f8d99678be2d216a85c3d",85,400,28,19,20,"blue","2566"
"657f8d99678be2d216a85c3d",86,600,30,25,10,"blue","1638"
"657f8d99678be2d216a85c3d",87,500,22,20,10,"blue","2005"
"657f8d99678be2d216a85c3d",88,500,27,25,2,"blue","2250"
"657f8d99678be2d216a85c3d",89,500,19,16,2,"blue","2433"
"657f8d99678be2d216a85c3d",90,400,15,10,2,"blue","1829"
"657f8d99678be2d216a85c3d",91,500,24,18,10,"blue","1767"
"657f8d99678be2d216a85c3d",92,400,31,27,20,"blue","2549"
"657f8d99678be2d216a85c3d",93,400,20,20,10,"blue","1861"
"657f8d99678be2d216a85c3d",94,600,20,12,10,"blue","2078"
"657f8d99678be2d216a85c3d",95,600,33,29,2,"blue","2039"
"657f8d99678be2d216a85c3d",96,500,26,24,2,"blue","2991"
"657f8d99678be2d216a85c3d",97,600,30,24,10,"blue","2284"
"657f8d99678be2d216a85c3d",98,500,27,23,2,"blue","2974"
"657f8d99678be2d216a85c3d",99,600,19,26,2,"blue","4960"
"657f8d99678be2d216a85c3d",100,500,18,15,20,"blue","3055"
"657f8d99678be2d216a85c3d",101,600,30,23,10,"blue","1684"
"657f8d99678be2d216a85c3d",102,600,36,30,20,"blue","2763"
"657f8d99678be2d216a85c3d",103,400,19,17,2,"blue","3616"
"657f8d99678be2d216a85c3d",104,500,25,20,20,"blue","1381"
"657f8d99678be2d216a85c3d",105,600,19,18,10,"blue","1604"
"657f8d99678be2d216a85c3d",106,500,27,23,20,"blue","1344"
"657f8d99678be2d216a85c3d",107,500,22,20,2,"blue","1853"
"657f8d99678be2d216a85c3d",108,600,16,15,10,"blue","2607"
"65fb1a5882c2d4825dab5e81",13,400,29,23,2,"blue","5952"
"65fb1a5882c2d4825dab5e81",14,600,25,24,10,"blue","5244"
"65fb1a5882c2d4825dab5e81",15,500,28,24,2,"blue","3756"
"65fb1a5882c2d4825dab5e81",16,400,26,22,20,"blue","3187"
"65fb1a5882c2d4825dab5e81",17,600,31,25,10,"blue","5555"
"65fb1a5882c2d4825dab5e81",18,600,29,34,2,"blue","3361"
"65fb1a5882c2d4825dab5e81",19,400,25,30,10,"blue","3021"
"65fb1a5882c2d4825dab5e81",20,400,17,23,10,"blue","1988"
"65fb1a5882c2d4825dab5e81",21,500,36,31,10,"blue","2661"
"65fb1a5882c2d4825dab5e81",22,500,31,29,2,"blue","2883"
"65fb1a5882c2d4825dab5e81",23,400,14,19,20,"blue","3495"
"65fb1a5882c2d4825dab5e81",24,500,17,25,20,"blue","3442"
"65fb1a5882c2d4825dab5e81",25,400,22,25,20,"blue","2759"
"65fb1a5882c2d4825dab5e81",26,400,16,20,10,"blue","3680"
"65fb1a5882c2d4825dab5e81",27,600,27,32,10,"blue","2428"
"65fb1a5882c2d4825dab5e81",28,400,31,32,2,"blue","2203"
"65fb1a5882c2d4825dab5e81",29,400,22,24,2,"blue","2626"
"65fb1a5882c2d4825dab5e81",30,500,19,20,2,"blue","2753"
"65fb1a5882c2d4825dab5e81",31,400,18,20,2,"blue","1980"
"65fb1a5882c2d4825dab5e81",32,500,26,26,20,"blue","3345"
"65fb1a5882c2d4825dab5e81",33,500,20,26,10,"blue","2815"
"65fb1a5882c2d4825dab5e81",34,500,29,30,2,"blue","1919"
"65fb1a5882c2d4825dab5e81",35,600,19,21,20,"blue","2406"
"65fb1a5882c2d4825dab5e81",36,600,28,24,2,"blue","3202"
"65fb1a5882c2d4825dab5e81",37,500,30,26,20,"blue","1856"
"65fb1a5882c2d4825dab5e81",38,500,21,23,10,"blue","2108"
"65fb1a5882c2d4825dab5e81",39,400,28,26,2,"blue","1750"
"65fb1a5882c2d4825dab5e81",40,400,35,35,10,"blue","2176"
"65fb1a5882c2d4825dab5e81",41,600,33,31,10,"blue","2237"
"65fb1a5882c2d4825dab5e81",42,500,14,17,20,"blue","2279"
"65fb1a5882c2d4825dab5e81",43,400,27,23,10,"blue","2130"
"65fb1a5882c2d4825dab5e81",44,600,26,24,10,"blue","1754"
"65fb1a5882c2d4825dab5e81",45,500,17,19,20,"blue","1830"
"65fb1a5882c2d4825dab5e81",46,600,19,20,20,"blue","2853"
"65fb1a5882c2d4825dab5e81",47,600,27,21,2,"blue","2886"
"65fb1a5882c2d4825dab5e81",48,500,36,28,20,"blue","2721"
"65fb1a5882c2d4825dab5e81",49,400,20,14,2,"blue","2633"
"65fb1a5882c2d4825dab5e81",50,400,28,14,2,"blue","4992"
"65fb1a5882c2d4825dab5e81",51,400,28,24,20,"blue","1855"
"65fb1a5882c2d4825dab5e81",52,400,25,24,10,"blue","3185"
"65fb1a5882c2d4825dab5e81",53,400,26,19,2,"blue","2273"
"65fb1a5882c2d4825dab5e81",54,500,27,24,20,"blue","2037"
"65fb1a5882c2d4825dab5e81",55,500,21,14,2,"blue","1853"
"65fb1a5882c2d4825dab5e81",56,500,26,15,20,"blue","3390"
"65fb1a5882c2d4825dab5e81",57,500,34,28,10,"blue","2720"
"65fb1a5882c2d4825dab5e81",58,500,19,21,10,"blue","1796"
"65fb1a5882c2d4825dab5e81",59,600,19,17,20,"blue","1620"
"65fb1a5882c2d4825dab5e81",60,600,20,19,20,"blue","1991"
"65fb1a5882c2d4825dab5e81",61,500,19,10,2,"red","5073"
"65fb1a5882c2d4825dab5e81",62,500,30,12,2,"red","2263"
"65fb1a5882c2d4825dab5e81",63,400,31,24,10,"red","2396"
"65fb1a5882c2d4825dab5e81",64,400,26,22,10,"red","1698"
"65fb1a5882c2d4825dab5e81",65,600,32,32,2,"red","1854"
"65fb1a5882c2d4825dab5e81",66,500,29,29,20,"red","5201"
"65fb1a5882c2d4825dab5e81",67,600,16,14,10,"red","1426"
"65fb1a5882c2d4825dab5e81",68,600,20,16,20,"red","1705"
"65fb1a5882c2d4825dab5e81",69,400,36,36,20,"red","1844"
"65fb1a5882c2d4825dab5e81",70,400,29,27,2,"red","2465"
"65fb1a5882c2d4825dab5e81",71,500,31,24,10,"red","1799"
"65fb1a5882c2d4825dab5e81",72,500,14,5,20,"red","1661"
"65fb1a5882c2d4825dab5e81",73,500,20,12,2,"red","2901"
"65fb1a5882c2d4825dab5e81",74,400,30,29,20,"red","2092"
"65fb1a5882c2d4825dab5e81",75,600,18,15,2,"red","1965"
"65fb1a5882c2d4825dab5e81",76,500,26,16,20,"red","1970"
"65fb1a5882c2d4825dab5e81",77,600,27,21,10,"red","2724"
"65fb1a5882c2d4825dab5e81",78,500,24,20,2,"red","2206"
"65fb1a5882c2d4825dab5e81",79,400,33,35,10,"red","2042"
"65fb1a5882c2d4825dab5e81",80,400,24,27,20,"red","2705"
"65fb1a5882c2d4825dab5e81",81,500,33,28,10,"red","2473"
"65fb1a5882c2d4825dab5e81",82,500,24,30,20,"red","1787"
"65fb1a5882c2d4825dab5e81",83,600,14,11,10,"red","1708"
"65fb1a5882c2d4825dab5e81",84,500,15,9,20,"red","1986"
"65fb1a5882c2d4825dab5e81",85,500,33,33,2,"red","2080"
"65fb1a5882c2d4825dab5e81",86,400,24,33,2,"red","1569"
"65fb1a5882c2d4825dab5e81",87,500,33,35,2,"red","1964"
"65fb1a5882c2d4825dab5e81",88,600,20,14,2,"red","1884"
"65fb1a5882c2d4825dab5e81",89,600,36,36,20,"red","2689"
"65fb1a5882c2d4825dab5e81",90,600,26,25,10,"red","3313"
"65fb1a5882c2d4825dab5e81",91,500,26,23,10,"red","1960"
"65fb1a5882c2d4825dab5e81",92,400,30,24,2,"red","1312"
"65fb1a5882c2d4825dab5e81",93,600,26,20,20,"red","1890"
"65fb1a5882c2d4825dab5e81",94,400,23,15,2,"red","1537"
"65fb1a5882c2d4825dab5e81",95,400,20,15,20,"red","2173"
"65fb1a5882c2d4825dab5e81",96,400,17,5,20,"red","1922"
"65fb1a5882c2d4825dab5e81",97,400,31,29,20,"red","1448"
"65fb1a5882c2d4825dab5e81",98,600,35,32,10,"red","1907"
"65fb1a5882c2d4825dab5e81",99,400,25,29,10,"red","1945"
"65fb1a5882c2d4825dab5e81",100,400,19,10,2,"red","1517"
"65fb1a5882c2d4825dab5e81",101,500,23,18,10,"red","1946"
"65fb1a5882c2d4825dab5e81",102,600,17,15,10,"red","2512"
"65fb1a5882c2d4825dab5e81",103,400,20,15,2,"red","2234"
"65fb1a5882c2d4825dab5e81",104,500,31,21,10,"red","2592"
"65fb1a5882c2d4825dab5e81",105,600,22,13,20,"red","2439"
"65fb1a5882c2d4825dab5e81",106,500,24,15,2,"red","1448"
"65fb1a5882c2d4825dab5e81",107,400,36,37,10,"red","2836"
"65fb1a5882c2d4825dab5e81",108,500,22,17,20,"red","2073"
"663bc254f4b7b1bf2cdd0a70",13,400,30,32,2,"red","5098"
"663bc254f4b7b1bf2cdd0a70",14,500,34,34,10,"red","4795"
"663bc254f4b7b1bf2cdd0a70",15,500,30,35,2,"red","4182"
"663bc254f4b7b1bf2cdd0a70",16,400,18,20,2,"red","3229"
"663bc254f4b7b1bf2cdd0a70",17,600,18,19,2,"red","3588"
"663bc254f4b7b1bf2cdd0a70",18,500,33,21,2,"red","7073"
"663bc254f4b7b1bf2cdd0a70",19,600,34,35,20,"red","8357"
"663bc254f4b7b1bf2cdd0a70",20,600,32,35,20,"red","4294"
"663bc254f4b7b1bf2cdd0a70",21,600,31,38,20,"red","5635"
"663bc254f4b7b1bf2cdd0a70",22,600,28,33,20,"red","4534"
"663bc254f4b7b1bf2cdd0a70",23,400,35,33,20,"red","6092"
"663bc254f4b7b1bf2cdd0a70",24,400,18,21,10,"red","3983"
"663bc254f4b7b1bf2cdd0a70",25,500,17,17,10,"red","19126"
"663bc254f4b7b1bf2cdd0a70",26,400,21,22,10,"red","7764"
"663bc254f4b7b1bf2cdd0a70",27,600,25,24,2,"red","4715"
"663bc254f4b7b1bf2cdd0a70",28,600,22,30,20,"red","4324"
"663bc254f4b7b1bf2cdd0a70",29,500,29,31,20,"red","3310"
"663bc254f4b7b1bf2cdd0a70",30,500,33,34,20,"red","11848"
"663bc254f4b7b1bf2cdd0a70",31,400,33,31,10,"red","40360"
"663bc254f4b7b1bf2cdd0a70",32,400,31,24,20,"red","13100"
"663bc254f4b7b1bf2cdd0a70",33,400,28,25,2,"red","14114"
"663bc254f4b7b1bf2cdd0a70",34,500,25,18,10,"red","37818"
"663bc254f4b7b1bf2cdd0a70",35,500,24,16,2,"red","9102"
"663bc254f4b7b1bf2cdd0a70",36,600,25,24,10,"red","2721"
"663bc254f4b7b1bf2cdd0a70",37,400,23,24,20,"red","4458"
"663bc254f4b7b1bf2cdd0a70",38,500,35,34,2,"red","8170"
"663bc254f4b7b1bf2cdd0a70",39,600,16,16,2,"red","4307"
"663bc254f4b7b1bf2cdd0a70",40,500,18,20,10,"red","5268"
"663bc254f4b7b1bf2cdd0a70",41,600,17,17,2,"red","6973"
"663bc254f4b7b1bf2cdd0a70",42,400,34,30,20,"red","4262"
"663bc254f4b7b1bf2cdd0a70",43,600,26,29,20,"red","3464"
"663bc254f4b7b1bf2cdd0a70",44,500,27,29,10,"red","16291"
"663bc254f4b7b1bf2cdd0a70",45,600,20,22,10,"red","47295"
"663bc254f4b7b1bf2cdd0a70",46,500,23,19,2,"red","3738"
"663bc254f4b7b1bf2cdd0a70",47,500,16,18,10,"red","15496"
"663bc254f4b7b1bf2cdd0a70",48,500,30,30,10,"red","3224"
"663bc254f4b7b1bf2cdd0a70",49,600,16,18,2,"red","2698"
"663bc254f4b7b1bf2cdd0a70",50,500,23,25,20,"red","5260"
"663bc254f4b7b1bf2cdd0a70",51,400,29,24,20,"red","12771"
"663bc254f4b7b1bf2cdd0a70",52,400,29,28,10,"red","22838"
"663bc254f4b7b1bf2cdd0a70",53,600,17,24,20,"red","10810"
"663bc254f4b7b1bf2cdd0a70",54,600,16,14,10,"red","4485"
"663bc254f4b7b1bf2cdd0a70",55,500,19,13,2,"red","2485"
"663bc254f4b7b1bf2cdd0a70",56,500,36,33,10,"red","4031"
"663bc254f4b7b1bf2cdd0a70",57,600,18,12,2,"red","2902"
"663bc254f4b7b1bf2cdd0a70",58,500,22,24,20,"red","3664"
"663bc254f4b7b1bf2cdd0a70",59,600,25,14,10,"red","2561"
"663bc254f4b7b1bf2cdd0a70",60,500,15,15,2,"red","2294"
"663bc254f4b7b1bf2cdd0a70",61,400,25,16,2,"blue","2252"
"663bc254f4b7b1bf2cdd0a70",62,600,36,30,2,"blue","2327"
"663bc254f4b7b1bf2cdd0a70",63,500,34,32,2,"blue","1685"
"663bc254f4b7b1bf2cdd0a70",64,500,30,30,10,"blue","2142"
"663bc254f4b7b1bf2cdd0a70",65,400,35,34,10,"blue","1784"
"663bc254f4b7b1bf2cdd0a70",66,600,14,16,10,"blue","1522"
"663bc254f4b7b1bf2cdd0a70",67,500,28,34,20,"blue","1944"
"663bc254f4b7b1bf2cdd0a70",68,500,24,25,10,"blue","2178"
"663bc254f4b7b1bf2cdd0a70",69,400,22,24,20,"blue","1805"
"663bc254f4b7b1bf2cdd0a70",70,600,30,31,10,"blue","2694"
"663bc254f4b7b1bf2cdd0a70",71,400,28,24,2,"blue","1745"
"663bc254f4b7b1bf2cdd0a70",72,600,26,20,10,"blue","1882"
"663bc254f4b7b1bf2cdd0a70",73,400,33,30,20,"blue","1509"
"663bc254f4b7b1bf2cdd0a70",74,600,34,27,20,"blue","1313"
"663bc254f4b7b1bf2cdd0a70",75,600,29,39,10,"blue","1715"
"663bc254f4b7b1bf2cdd0a70",76,400,33,33,2,"blue","1619"
"663bc254f4b7b1bf2cdd0a70",77,500,28,31,2,"blue","1355"
"663bc254f4b7b1bf2cdd0a70",78,400,36,40,10,"blue","1785"
"663bc254f4b7b1bf2cdd0a70",79,500,15,23,20,"blue","1211"
"663bc254f4b7b1bf2cdd0a70",80,500,34,25,10,"blue","2930"
"663bc254f4b7b1bf2cdd0a70",81,400,19,17,20,"blue","2212"
"663bc254f4b7b1bf2cdd0a70",82,400,26,28,20,"blue","2040"
"663bc254f4b7b1bf2cdd0a70",83,400,32,29,10,"blue","2665"
"663bc254f4b7b1bf2cdd0a70",84,400,15,34,10,"blue","2099"
"663bc254f4b7b1bf2cdd0a70",85,500,23,25,20,"blue","2674"
"663bc254f4b7b1bf2cdd0a70",86,400,28,23,10,"blue","2002"
"663bc254f4b7b1bf2cdd0a70",87,500,28,30,20,"blue","2386"
"663bc254f4b7b1bf2cdd0a70",88,400,30,39,10,"blue","1762"
"663bc254f4b7b1bf2cdd0a70",89,400,28,36,2,"blue","1508"
"663bc254f4b7b1bf2cdd0a70",90,400,25,19,2,"blue","1478"
"663bc254f4b7b1bf2cdd0a70",91,600,24,35,20,"blue","1652"
"663bc254f4b7b1bf2cdd0a70",92,400,32,30,2,"blue","1833"
"663bc254f4b7b1bf2cdd0a70",93,500,17,16,2,"blue","1596"
"663bc254f4b7b1bf2cdd0a70",94,400,25,25,10,"blue","1754"
"663bc254f4b7b1bf2cdd0a70",95,600,17,19,20,"blue","1771"
"663bc254f4b7b1bf2cdd0a70",96,400,17,30,2,"blue","2833"
"663bc254f4b7b1bf2cdd0a70",97,400,19,12,2,"blue","1406"
"663bc254f4b7b1bf2cdd0a70",98,400,27,24,10,"blue","2271"
"663bc254f4b7b1bf2cdd0a70",99,400,30,37,20,"blue","2627"
"663bc254f4b7b1bf2cdd0a70",100,500,27,19,2,"blue","1448"
"663bc254f4b7b1bf2cdd0a70",101,400,16,19,20,"blue","2527"
"663bc254f4b7b1bf2cdd0a70",102,400,22,15,20,"blue","1803"
"663bc254f4b7b1bf2cdd0a70",103,400,31,35,20,"blue","2693"
"663bc254f4b7b1bf2cdd0a70",104,600,31,41,10,"blue","1697"
"663bc254f4b7b1bf2cdd0a70",105,600,33,22,2,"blue","1446"
"663bc254f4b7b1bf2cdd0a70",106,500,31,39,20,"blue","2556"
"663bc254f4b7b1bf2cdd0a70",107,500,35,38,2,"blue","1466"
"663bc254f4b7b1bf2cdd0a70",108,600,34,37,2,"blue","2504"
"6643b0fe98e091c70e7988e4",13,600,17,20,10,"blue","3364"
"6643b0fe98e091c70e7988e4",14,600,26,31,10,"blue","3044"
"6643b0fe98e091c70e7988e4",15,400,35,32,20,"blue","1757"
"6643b0fe98e091c70e7988e4",16,400,20,21,20,"blue","3173"
"6643b0fe98e091c70e7988e4",17,600,29,21,10,"blue","1592"
"6643b0fe98e091c70e7988e4",18,600,36,34,10,"blue","1888"
"6643b0fe98e091c70e7988e4",19,600,30,28,2,"blue","2147"
"6643b0fe98e091c70e7988e4",20,500,35,35,2,"blue","2250"
"6643b0fe98e091c70e7988e4",21,400,19,17,2,"blue","2808"
"6643b0fe98e091c70e7988e4",22,600,19,17,10,"blue","3410"
"6643b0fe98e091c70e7988e4",23,600,16,19,10,"blue","3145"
"6643b0fe98e091c70e7988e4",24,600,25,26,20,"blue","2029"
"6643b0fe98e091c70e7988e4",25,500,29,29,20,"blue","2805"
"6643b0fe98e091c70e7988e4",26,400,19,30,20,"blue","1687"
"6643b0fe98e091c70e7988e4",27,600,34,34,2,"blue","2012"
"6643b0fe98e091c70e7988e4",28,500,15,19,2,"blue","2851"
"6643b0fe98e091c70e7988e4",29,600,26,17,20,"blue","1704"
"6643b0fe98e091c70e7988e4",30,500,21,19,10,"blue","1490"
"6643b0fe98e091c70e7988e4",31,600,27,30,2,"blue","2517"
"6643b0fe98e091c70e7988e4",32,600,34,31,20,"blue","2804"
"6643b0fe98e091c70e7988e4",33,400,27,24,2,"blue","1887"
"6643b0fe98e091c70e7988e4",34,600,14,19,20,"blue","2623"
"6643b0fe98e091c70e7988e4",35,500,16,20,20,"blue","2390"
"6643b0fe98e091c70e7988e4",36,500,29,32,20,"blue","1678"
"6643b0fe98e091c70e7988e4",37,400,14,25,2,"blue","1910"
"6643b0fe98e091c70e7988e4",38,400,22,20,2,"blue","2386"
"6643b0fe98e091c70e7988e4",39,400,34,27,20,"blue","1465"
"6643b0fe98e091c70e7988e4",40,400,35,30,2,"blue","1426"
"6643b0fe98e091c70e7988e4",41,600,20,16,10,"blue","2475"
"6643b0fe98e091c70e7988e4",42,500,27,23,20,"blue","1773"
"6643b0fe98e091c70e7988e4",43,400,23,18,10,"blue","1524"
"6643b0fe98e091c70e7988e4",44,600,22,17,20,"blue","1313"
"6643b0fe98e091c70e7988e4",45,400,31,28,2,"blue","1550"
"6643b0fe98e091c70e7988e4",46,500,28,27,2,"blue","26953"
"6643b0fe98e091c70e7988e4",47,500,23,25,10,"blue","1726"
"6643b0fe98e091c70e7988e4",48,500,25,26,10,"blue","1272"
"6643b0fe98e091c70e7988e4",49,500,33,37,2,"blue","1648"
"6643b0fe98e091c70e7988e4",50,600,22,20,10,"blue","1531"
"6643b0fe98e091c70e7988e4",51,600,25,24,2,"blue","1558"
"6643b0fe98e091c70e7988e4",52,400,33,32,2,"blue","2552"
"6643b0fe98e091c70e7988e4",53,600,31,27,20,"blue","1405"
"6643b0fe98e091c70e7988e4",54,600,32,25,20,"blue","1779"
"6643b0fe98e091c70e7988e4",55,400,23,19,10,"blue","1716"
"6643b0fe98e091c70e7988e4",56,600,22,17,2,"blue","1834"
"6643b0fe98e091c70e7988e4",57,600,15,13,10,"blue","2214"
"6643b0fe98e091c70e7988e4",58,500,35,36,10,"blue","1761"
"6643b0fe98e091c70e7988e4",59,400,24,24,10,"blue","2900"
"6643b0fe98e091c70e7988e4",60,400,26,19,20,"blue","1581"
"6643b0fe98e091c70e7988e4",61,500,33,28,10,"red","1936"
"6643b0fe98e091c70e7988e4",62,400,33,26,20,"red","1902"
"6643b0fe98e091c70e7988e4",63,500,26,27,2,"red","2528"
"6643b0fe98e091c70e7988e4",64,500,19,16,2,"red","2016"
"6643b0fe98e091c70e7988e4",65,600,15,10,2,"red","1702"
"6643b0fe98e091c70e7988e4",66,400,33,29,2,"red","1166"
"6643b0fe98e091c70e7988e4",67,500,17,25,20,"red","1713"
"6643b0fe98e091c70e7988e4",68,600,20,22,2,"red","1398"
"6643b0fe98e091c70e7988e4",69,600,35,33,10,"red","2556"
"6643b0fe98e091c70e7988e4",70,400,24,26,20,"red","1904"
"6643b0fe98e091c70e7988e4",71,600,16,17,20,"red","1305"
"6643b0fe98e091c70e7988e4",72,400,36,33,20,"red","2486"
"6643b0fe98e091c70e7988e4",73,400,14,8,20,"red","3943"
"6643b0fe98e091c70e7988e4",74,400,19,26,10,"red","1396"
"6643b0fe98e091c70e7988e4",75,500,27,25,20,"red","1481"
"6643b0fe98e091c70e7988e4",76,400,34,38,20,"red","2397"
"6643b0fe98e091c70e7988e4",77,600,24,17,2,"red","1418"
"6643b0fe98e091c70e7988e4",78,600,21,17,10,"red","1638"
"6643b0fe98e091c70e7988e4",79,500,17,8,2,"red","1906"
"6643b0fe98e091c70e7988e4",80,500,32,36,20,"red","2368"
"6643b0fe98e091c70e7988e4",81,400,20,7,2,"red","2264"
"6643b0fe98e091c70e7988e4",82,400,35,36,2,"red","2140"
"6643b0fe98e091c70e7988e4",83,400,36,42,10,"red","3453"
"6643b0fe98e091c70e7988e4",84,500,25,32,20,"red","2147"
"6643b0fe98e091c70e7988e4",85,400,17,17,10,"red","1452"
"6643b0fe98e091c70e7988e4",86,500,31,33,10,"red","2154"
"6643b0fe98e091c70e7988e4",87,600,20,21,10,"red","2889"
"6643b0fe98e091c70e7988e4",88,400,24,28,10,"red","1734"
"6643b0fe98e091c70e7988e4",89,500,27,28,20,"red","3344"
"6643b0fe98e091c70e7988e4",90,600,24,23,2,"red","1422"
"6643b0fe98e091c70e7988e4",91,400,29,32,10,"red","1332"
"6643b0fe98e091c70e7988e4",92,600,23,25,10,"red","1871"
"6643b0fe98e091c70e7988e4",93,600,32,32,20,"red","2706"
"6643b0fe98e091c70e7988e4",94,500,21,19,10,"red","1537"
"6643b0fe98e091c70e7988e4",95,500,14,8,2,"red","2960"
"6643b0fe98e091c70e7988e4",96,400,21,14,10,"red","1754"
"6643b0fe98e091c70e7988e4",97,500,21,19,20,"red","2147"
"6643b0fe98e091c70e7988e4",98,600,33,21,2,"red","2858"
"6643b0fe98e091c70e7988e4",99,600,36,35,10,"red","2381"
"6643b0fe98e091c70e7988e4",100,500,30,33,10,"red","1361"
"6643b0fe98e091c70e7988e4",101,400,27,25,2,"red","2939"
"6643b0fe98e091c70e7988e4",102,400,22,22,2,"red","1811"
"6643b0fe98e091c70e7988e4",103,600,33,39,2,"red","1823"
"6643b0fe98e091c70e7988e4",104,600,27,31,20,"red","2692"
"6643b0fe98e091c70e7988e4",105,500,34,33,20,"red","2512"
"6643b0fe98e091c70e7988e4",106,400,33,37,10,"red","2366"
"6643b0fe98e091c70e7988e4",107,400,32,34,2,"red","1728"
"6643b0fe98e091c70e7988e4",108,400,28,30,20,"red","2549"
"66562875b665d8e2b1b6fc66",13,600,34,24,10,"blue","2400"
"66562875b665d8e2b1b6fc66",14,500,35,28,2,"blue","1878"
"66562875b665d8e2b1b6fc66",15,500,33,27,10,"blue","2255"
"66562875b665d8e2b1b6fc66",16,600,27,32,2,"blue","1807"
"66562875b665d8e2b1b6fc66",17,600,19,19,20,"blue","1696"
"66562875b665d8e2b1b6fc66",18,600,36,25,20,"blue","1977"
"66562875b665d8e2b1b6fc66",19,400,18,26,10,"blue","2186"
"66562875b665d8e2b1b6fc66",20,600,19,17,2,"blue","1897"
"66562875b665d8e2b1b6fc66",21,400,24,28,20,"blue","2574"
"66562875b665d8e2b1b6fc66",22,600,35,30,2,"blue","2364"
"66562875b665d8e2b1b6fc66",23,500,23,25,2,"blue","1856"
"66562875b665d8e2b1b6fc66",24,400,33,34,10,"blue","2379"
"66562875b665d8e2b1b6fc66",25,600,24,34,10,"blue","2554"
"66562875b665d8e2b1b6fc66",26,400,29,32,20,"blue","3438"
"66562875b665d8e2b1b6fc66",27,500,28,29,10,"blue","2357"
"66562875b665d8e2b1b6fc66",28,400,21,24,20,"blue","2148"
"66562875b665d8e2b1b6fc66",29,600,20,24,2,"blue","1866"
"66562875b665d8e2b1b6fc66",30,500,31,27,20,"blue","2385"
"66562875b665d8e2b1b6fc66",31,600,15,24,10,"blue","1828"
"66562875b665d8e2b1b6fc66",32,600,23,22,10,"blue","2237"
"66562875b665d8e2b1b6fc66",33,400,18,19,2,"blue","1619"
"66562875b665d8e2b1b6fc66",34,500,29,31,20,"blue","2181"
"66562875b665d8e2b1b6fc66",35,600,25,27,20,"blue","1759"
"66562875b665d8e2b1b6fc66",36,500,21,24,10,"blue","1531"
"66562875b665d8e2b1b6fc66",37,500,36,30,2,"blue","3160"
"66562875b665d8e2b1b6fc66",38,500,30,30,10,"blue","2505"
"66562875b665d8e2b1b6fc66",39,500,30,34,2,"blue","2057"
"66562875b665d8e2b1b6fc66",40,400,15,22,20,"blue","2554"
"66562875b665d8e2b1b6fc66",41,600,23,21,20,"blue","1769"
"66562875b665d8e2b1b6fc66",42,500,27,29,2,"blue","1818"
"66562875b665d8e2b1b6fc66",43,400,32,32,2,"blue","2049"
"66562875b665d8e2b1b6fc66",44,600,31,26,2,"blue","1629"
"66562875b665d8e2b1b6fc66",45,400,36,35,20,"blue","3132"
"66562875b665d8e2b1b6fc66",46,500,35,41,20,"blue","1342"
"66562875b665d8e2b1b6fc66",47,500,20,24,10,"blue","1909"
"66562875b665d8e2b1b6fc66",48,400,21,27,20,"blue","1470"
"66562875b665d8e2b1b6fc66",49,600,31,31,2,"blue","1452"
"66562875b665d8e2b1b6fc66",50,400,28,36,2,"blue","1504"
"66562875b665d8e2b1b6fc66",51,400,15,13,2,"blue","1560"
"66562875b665d8e2b1b6fc66",52,600,19,18,10,"blue","2087"
"66562875b665d8e2b1b6fc66",53,600,35,34,10,"blue","1800"
"66562875b665d8e2b1b6fc66",54,500,16,14,20,"blue","1938"
"66562875b665d8e2b1b6fc66",55,400,33,31,20,"blue","1602"
"66562875b665d8e2b1b6fc66",56,600,27,27,10,"blue","1729"
"66562875b665d8e2b1b6fc66",57,400,36,33,10,"blue","1521"
"66562875b665d8e2b1b6fc66",58,400,16,20,20,"blue","1701"
"66562875b665d8e2b1b6fc66",59,600,15,11,2,"blue","1374"
"66562875b665d8e2b1b6fc66",60,600,17,17,10,"blue","1481"
"66562875b665d8e2b1b6fc66",61,400,28,24,10,"red","1909"
"66562875b665d8e2b1b6fc66",62,600,17,13,2,"red","2305"
"66562875b665d8e2b1b6fc66",63,400,22,18,20,"red","2735"
"66562875b665d8e2b1b6fc66",64,600,26,21,2,"red","1720"
"66562875b665d8e2b1b6fc66",65,400,24,21,2,"red","2883"
"66562875b665d8e2b1b6fc66",66,600,15,15,10,"red","2344"
"66562875b665d8e2b1b6fc66",67,400,24,24,20,"red","1880"
"66562875b665d8e2b1b6fc66",68,500,28,28,10,"red","1841"
"66562875b665d8e2b1b6fc66",69,500,24,21,10,"red","1840"
"66562875b665d8e2b1b6fc66",70,400,22,22,2,"red","1572"
"66562875b665d8e2b1b6fc66",71,500,16,15,10,"red","2475"
"66562875b665d8e2b1b6fc66",72,600,20,15,2,"red","2215"
"66562875b665d8e2b1b6fc66",73,600,20,16,20,"red","1641"
"66562875b665d8e2b1b6fc66",74,600,22,18,10,"red","1877"
"66562875b665d8e2b1b6fc66",75,600,27,27,20,"red","2466"
"66562875b665d8e2b1b6fc66",76,600,24,27,10,"red","1550"
"66562875b665d8e2b1b6fc66",77,400,15,8,20,"red","1460"
"66562875b665d8e2b1b6fc66",78,500,15,14,20,"red","1929"
"66562875b665d8e2b1b6fc66",79,600,18,12,2,"red","1909"
"66562875b665d8e2b1b6fc66",80,600,28,29,20,"red","1023"
"66562875b665d8e2b1b6fc66",81,400,17,20,20,"red","4325"
"66562875b665d8e2b1b6fc66",82,500,17,17,2,"red","2238"
"66562875b665d8e2b1b6fc66",83,600,29,27,20,"red","1978"
"66562875b665d8e2b1b6fc66",84,400,32,32,20,"red","2645"
"66562875b665d8e2b1b6fc66",85,400,19,15,20,"red","3937"
"66562875b665d8e2b1b6fc66",86,500,24,23,2,"red","2355"
"66562875b665d8e2b1b6fc66",87,400,22,21,10,"red","1959"
"66562875b665d8e2b1b6fc66",88,400,16,13,10,"red","1753"
"66562875b665d8e2b1b6fc66",89,600,14,11,2,"red","1769"
"66562875b665d8e2b1b6fc66",90,600,15,16,20,"red","1918"
"66562875b665d8e2b1b6fc66",91,400,34,31,2,"red","2567"
"66562875b665d8e2b1b6fc66",92,600,35,35,10,"red","5596"
"66562875b665d8e2b1b6fc66",93,600,26,30,20,"red","2922"
"66562875b665d8e2b1b6fc66",94,400,36,30,20,"red","1977"
"66562875b665d8e2b1b6fc66",95,500,23,29,2,"red","2197"
"66562875b665d8e2b1b6fc66",96,600,20,27,10,"red","2585"
"66562875b665d8e2b1b6fc66",97,400,24,29,20,"red","2136"
"66562875b665d8e2b1b6fc66",98,400,22,31,2,"red","1859"
"66562875b665d8e2b1b6fc66",99,600,32,34,10,"red","2098"
"66562875b665d8e2b1b6fc66",100,400,24,19,2,"red","1839"
"66562875b665d8e2b1b6fc66",101,500,23,27,10,"red","1977"
"66562875b665d8e2b1b6fc66",102,400,31,32,2,"red","2340"
"66562875b665d8e2b1b6fc66",103,600,15,21,10,"red","1658"
"66562875b665d8e2b1b6fc66",104,600,18,16,2,"red","1650"
"66562875b665d8e2b1b6fc66",105,400,27,28,10,"red","2158"
"66562875b665d8e2b1b6fc66",106,500,15,13,2,"red","1461"
"66562875b665d8e2b1b6fc66",107,600,33,28,20,"red","1737"
"66562875b665d8e2b1b6fc66",108,500,25,31,10,"red","2515"
"6667a6558073abc1cd0e6daf",13,500,33,32,10,"blue","4137"
"6667a6558073abc1cd0e6daf",14,500,31,28,10,"blue","2574"
"6667a6558073abc1cd0e6daf",15,500,25,25,2,"blue","2908"
"6667a6558073abc1cd0e6daf",16,400,16,17,20,"blue","2609"
"6667a6558073abc1cd0e6daf",17,600,19,22,2,"blue","2113"
"6667a6558073abc1cd0e6daf",18,400,16,18,10,"blue","3409"
"6667a6558073abc1cd0e6daf",19,600,33,33,2,"blue","2979"
"6667a6558073abc1cd0e6daf",20,600,26,27,10,"blue","3499"
"6667a6558073abc1cd0e6daf",21,600,24,22,10,"blue","3624"
"6667a6558073abc1cd0e6daf",22,600,22,23,20,"blue","2985"
"6667a6558073abc1cd0e6daf",23,500,24,18,20,"blue","2830"
"6667a6558073abc1cd0e6daf",24,600,31,28,2,"blue","2273"
"6667a6558073abc1cd0e6daf",25,500,18,20,2,"blue","3848"
"6667a6558073abc1cd0e6daf",26,500,28,25,10,"blue","2825"
"6667a6558073abc1cd0e6daf",27,500,30,26,10,"blue","4361"
"6667a6558073abc1cd0e6daf",28,500,24,24,20,"blue","2398"
"6667a6558073abc1cd0e6daf",29,500,18,17,2,"blue","3206"
"6667a6558073abc1cd0e6daf",30,400,27,24,10,"blue","2839"
"6667a6558073abc1cd0e6daf",31,600,30,25,2,"blue","2309"
"6667a6558073abc1cd0e6daf",32,500,34,33,20,"blue","2615"
"6667a6558073abc1cd0e6daf",33,600,22,22,10,"blue","2965"
"6667a6558073abc1cd0e6daf",34,400,24,24,10,"blue","2663"
"6667a6558073abc1cd0e6daf",35,600,25,25,10,"blue","2216"
"6667a6558073abc1cd0e6daf",36,400,33,30,2,"blue","2728"
"6667a6558073abc1cd0e6daf",37,500,36,34,2,"blue","1624"
"6667a6558073abc1cd0e6daf",38,500,20,18,20,"blue","2707"
"6667a6558073abc1cd0e6daf",39,400,35,29,2,"blue","2189"
"6667a6558073abc1cd0e6daf",40,400,14,16,20,"blue","2474"
"6667a6558073abc1cd0e6daf",41,600,22,22,2,"blue","2094"
"6667a6558073abc1cd0e6daf",42,500,20,19,2,"blue","1684"
"6667a6558073abc1cd0e6daf",43,500,31,30,10,"blue","2435"
"6667a6558073abc1cd0e6daf",44,600,25,25,2,"blue","2008"
"6667a6558073abc1cd0e6daf",45,600,16,18,20,"blue","2662"
"6667a6558073abc1cd0e6daf",46,600,29,24,20,"blue","2460"
"6667a6558073abc1cd0e6daf",47,400,24,21,10,"blue","2977"
"6667a6558073abc1cd0e6daf",48,400,20,19,10,"blue","2749"
"6667a6558073abc1cd0e6daf",49,500,14,12,10,"blue","2023"
"6667a6558073abc1cd0e6daf",50,600,25,20,20,"blue","2126"
"6667a6558073abc1cd0e6daf",51,500,19,15,20,"blue","2506"
"6667a6558073abc1cd0e6daf",52,400,20,20,2,"blue","2128"
"6667a6558073abc1cd0e6daf",53,600,34,33,20,"blue","1560"
"6667a6558073abc1cd0e6daf",54,400,27,23,20,"blue","1994"
"6667a6558073abc1cd0e6daf",55,400,18,20,2,"blue","2136"
"6667a6558073abc1cd0e6daf",56,500,26,23,20,"blue","3112"
"6667a6558073abc1cd0e6daf",57,600,21,21,2,"blue","2035"
"6667a6558073abc1cd0e6daf",58,400,19,15,20,"blue","2784"
"6667a6558073abc1cd0e6daf",59,400,19,15,10,"blue","1822"
"6667a6558073abc1cd0e6daf",60,500,20,14,20,"blue","2248"
"6667a6558073abc1cd0e6daf",61,500,19,23,10,"red","2295"
"6667a6558073abc1cd0e6daf",62,400,24,29,10,"red","3282"
"6667a6558073abc1cd0e6daf",63,500,36,46,20,"red","1760"
"6667a6558073abc1cd0e6daf",64,400,31,37,2,"red","1496"
"6667a6558073abc1cd0e6daf",65,400,20,27,10,"red","2405"
"6667a6558073abc1cd0e6daf",66,500,20,23,2,"red","1453"
"6667a6558073abc1cd0e6daf",67,500,17,29,10,"red","1644"
"6667a6558073abc1cd0e6daf",68,500,27,35,10,"red","1771"
"6667a6558073abc1cd0e6daf",69,400,19,16,2,"red","2257"
"6667a6558073abc1cd0e6daf",70,500,20,23,10,"red","2321"
"6667a6558073abc1cd0e6daf",71,400,25,26,2,"red","2662"
"6667a6558073abc1cd0e6daf",72,500,32,32,2,"red","2387"
"6667a6558073abc1cd0e6daf",73,500,18,22,20,"red","2504"
"6667a6558073abc1cd0e6daf",74,400,19,22,2,"red","1829"
"6667a6558073abc1cd0e6daf",75,600,30,39,10,"red","2368"
"6667a6558073abc1cd0e6daf",76,400,29,48,20,"red","1424"
"6667a6558073abc1cd0e6daf",77,500,31,44,20,"red","3903"
"6667a6558073abc1cd0e6daf",78,500,31,43,20,"red","2098"
"6667a6558073abc1cd0e6daf",79,600,33,41,10,"red","1864"
"6667a6558073abc1cd0e6daf",80,400,30,28,2,"red","2205"
"6667a6558073abc1cd0e6daf",81,600,21,21,10,"red","1870"
"6667a6558073abc1cd0e6daf",82,400,21,22,2,"red","2193"
"6667a6558073abc1cd0e6daf",83,600,25,27,2,"red","3278"
"6667a6558073abc1cd0e6daf",84,400,34,40,10,"red","1671"
"6667a6558073abc1cd0e6daf",85,400,22,30,2,"red","2986"
"6667a6558073abc1cd0e6daf",86,500,24,27,2,"red","2546"
"6667a6558073abc1cd0e6daf",87,600,17,19,20,"red","2431"
"6667a6558073abc1cd0e6daf",88,500,19,21,20,"red","2206"
"6667a6558073abc1cd0e6daf",89,500,32,37,10,"red","1730"
"6667a6558073abc1cd0e6daf",90,400,33,48,20,"red","1839"
"6667a6558073abc1cd0e6daf",91,400,34,46,20,"red","2846"
"6667a6558073abc1cd0e6daf",92,400,27,27,20,"red","1562"
"6667a6558073abc1cd0e6daf",93,500,26,27,10,"red","1608"
"6667a6558073abc1cd0e6daf",94,600,26,27,2,"red","1642"
"6667a6558073abc1cd0e6daf",95,500,18,23,20,"red","2872"
"6667a6558073abc1cd0e6daf",96,600,16,19,20,"red","1809"
"6667a6558073abc1cd0e6daf",97,400,27,27,10,"red","1864"
"6667a6558073abc1cd0e6daf",98,600,20,21,2,"red","1878"
"6667a6558073abc1cd0e6daf",99,600,15,17,2,"red","2123"
"6667a6558073abc1cd0e6daf",100,600,17,17,2,"red","2501"
"6667a6558073abc1cd0e6daf",101,600,25,29,10,"red","2488"
"6667a6558073abc1cd0e6daf",102,500,26,28,20,"red","1956"
"6667a6558073abc1cd0e6daf",103,400,19,24,20,"red","2651"
"6667a6558073abc1cd0e6daf",104,600,28,28,2,"red","2025"
"6667a6558073abc1cd0e6daf",105,500,16,21,10,"red","1866"
"6667a6558073abc1cd0e6daf",106,500,30,35,20,"red","1722"
"6667a6558073abc1cd0e6daf",107,400,36,45,20,"red","1728"
"6667a6558073abc1cd0e6daf",108,600,15,20,10,"red","1805"
"6677878aeb0f9e2e3f5fcc28",13,500,36,37,10,"red","5216"
"6677878aeb0f9e2e3f5fcc28",14,500,23,37,20,"red","39106"
"6677878aeb0f9e2e3f5fcc28",15,600,20,11,2,"red","11429"
"6677878aeb0f9e2e3f5fcc28",16,400,32,27,20,"red","8304"
"6677878aeb0f9e2e3f5fcc28",17,500,21,23,10,"red","8309"
"6677878aeb0f9e2e3f5fcc28",18,400,23,22,10,"red","27298"
"6677878aeb0f9e2e3f5fcc28",19,500,24,21,20,"red","8350"
"6677878aeb0f9e2e3f5fcc28",20,600,33,20,10,"red","96392"
"6677878aeb0f9e2e3f5fcc28",21,500,28,24,2,"red","6636"
"6677878aeb0f9e2e3f5fcc28",22,500,30,31,10,"red","3770"
"6677878aeb0f9e2e3f5fcc28",23,500,18,17,20,"red","4892"
"6677878aeb0f9e2e3f5fcc28",24,600,17,19,10,"red","4275"
"6677878aeb0f9e2e3f5fcc28",25,500,34,24,10,"red","7585"
"6677878aeb0f9e2e3f5fcc28",26,600,29,29,20,"red","6578"
"6677878aeb0f9e2e3f5fcc28",27,400,34,35,2,"red","4279"
"6677878aeb0f9e2e3f5fcc28",28,400,33,36,20,"red","5508"
"6677878aeb0f9e2e3f5fcc28",29,400,33,34,10,"red","6414"
"6677878aeb0f9e2e3f5fcc28",30,500,25,35,20,"red","13150"
"6677878aeb0f9e2e3f5fcc28",31,500,35,31,2,"red","14524"
"6677878aeb0f9e2e3f5fcc28",32,400,29,31,10,"red","11541"
"6677878aeb0f9e2e3f5fcc28",33,500,17,29,10,"red","8470"
"6677878aeb0f9e2e3f5fcc28",34,600,18,21,2,"red","5866"
"6677878aeb0f9e2e3f5fcc28",35,600,26,27,2,"red","4628"
"6677878aeb0f9e2e3f5fcc28",36,500,21,20,20,"red","6527"
"6677878aeb0f9e2e3f5fcc28",37,500,28,24,10,"red","11063"
"6677878aeb0f9e2e3f5fcc28",38,400,15,11,2,"red","10150"
"6677878aeb0f9e2e3f5fcc28",39,600,17,18,2,"red","33246"
"6677878aeb0f9e2e3f5fcc28",40,600,17,14,10,"red","7166"
"6677878aeb0f9e2e3f5fcc28",41,500,26,24,20,"red","22785"
"6677878aeb0f9e2e3f5fcc28",42,600,25,20,20,"red","60956"
"6677878aeb0f9e2e3f5fcc28",43,500,30,21,2,"red","32374"
"6677878aeb0f9e2e3f5fcc28",44,500,36,29,2,"red","17629"
"6677878aeb0f9e2e3f5fcc28",45,500,32,33,20,"red","28290"
"6677878aeb0f9e2e3f5fcc28",46,600,23,29,2,"red","3562"
"6677878aeb0f9e2e3f5fcc28",47,400,24,25,2,"red","3384"
"6677878aeb0f9e2e3f5fcc28",48,500,24,28,20,"red","4397"
"6677878aeb0f9e2e3f5fcc28",49,400,19,27,20,"red","24472"
"6677878aeb0f9e2e3f5fcc28",50,600,22,24,10,"red","9159"
"6677878aeb0f9e2e3f5fcc28",51,500,30,26,2,"red","4136"
"6677878aeb0f9e2e3f5fcc28",52,500,15,16,2,"red","3280"
"6677878aeb0f9e2e3f5fcc28",53,600,36,32,20,"red","3802"
"6677878aeb0f9e2e3f5fcc28",54,500,28,25,2,"red","4242"
"6677878aeb0f9e2e3f5fcc28",55,500,24,30,20,"red","12510"
"6677878aeb0f9e2e3f5fcc28",56,600,35,37,2,"red","4180"
"6677878aeb0f9e2e3f5fcc28",57,400,14,18,10,"red","3648"
"6677878aeb0f9e2e3f5fcc28",58,600,21,25,20,"red","5505"
"6677878aeb0f9e2e3f5fcc28",59,600,32,30,10,"red","3549"
"6677878aeb0f9e2e3f5fcc28",60,400,19,29,10,"red","6336"
"6677878aeb0f9e2e3f5fcc28",61,400,32,22,10,"blue","5256"
"6677878aeb0f9e2e3f5fcc28",62,500,25,17,2,"blue","4219"
"6677878aeb0f9e2e3f5fcc28",63,400,23,17,2,"blue","4500"
"6677878aeb0f9e2e3f5fcc28",64,400,36,23,2,"blue","4224"
"6677878aeb0f9e2e3f5fcc28",65,600,24,23,2,"blue","5206"
"6677878aeb0f9e2e3f5fcc28",66,600,34,25,10,"blue","5550"
"6677878aeb0f9e2e3f5fcc28",67,400,21,22,10,"blue","8436"
"6677878aeb0f9e2e3f5fcc28",68,500,14,25,20,"blue","35196"
"6677878aeb0f9e2e3f5fcc28",69,400,34,24,20,"blue","10203"
"6677878aeb0f9e2e3f5fcc28",70,600,21,26,10,"blue","11881"
"6677878aeb0f9e2e3f5fcc28",71,400,24,24,10,"blue","6753"
"6677878aeb0f9e2e3f5fcc28",72,400,32,23,20,"blue","7404"
"6677878aeb0f9e2e3f5fcc28",73,400,22,17,2,"blue","9411"
"6677878aeb0f9e2e3f5fcc28",74,600,22,22,10,"blue","16327"
"6677878aeb0f9e2e3f5fcc28",75,400,35,31,2,"blue","5444"
"6677878aeb0f9e2e3f5fcc28",76,600,25,30,20,"blue","6796"
"6677878aeb0f9e2e3f5fcc28",77,500,26,33,10,"blue","17693"
"6677878aeb0f9e2e3f5fcc28",78,400,22,24,20,"blue","38893"
"6677878aeb0f9e2e3f5fcc28",79,600,15,28,20,"blue","26013"
"6677878aeb0f9e2e3f5fcc28",80,500,31,23,20,"blue","10463"
"6677878aeb0f9e2e3f5fcc28",81,500,21,27,20,"blue","12302"
"6677878aeb0f9e2e3f5fcc28",82,500,25,19,2,"blue","8791"
"6677878aeb0f9e2e3f5fcc28",83,500,15,14,10,"blue","5965"
"6677878aeb0f9e2e3f5fcc28",84,500,31,22,20,"blue","34806"
"6677878aeb0f9e2e3f5fcc28",85,600,34,26,2,"blue","13680"
"6677878aeb0f9e2e3f5fcc28",86,600,29,21,2,"blue","8200"
"6677878aeb0f9e2e3f5fcc28",87,500,21,18,10,"blue","6263"
"6677878aeb0f9e2e3f5fcc28",88,600,27,21,20,"blue","5118"
"6677878aeb0f9e2e3f5fcc28",89,600,31,18,2,"blue","6887"
"6677878aeb0f9e2e3f5fcc28",90,400,23,23,20,"blue","23217"
"6677878aeb0f9e2e3f5fcc28",91,500,23,16,2,"blue","16686"
"6677878aeb0f9e2e3f5fcc28",92,500,22,23,2,"blue","3771"
"6677878aeb0f9e2e3f5fcc28",93,400,25,27,10,"blue","4301"
"6677878aeb0f9e2e3f5fcc28",94,500,28,29,20,"blue","5446"
"6677878aeb0f9e2e3f5fcc28",95,500,26,28,10,"blue","8486"
"6677878aeb0f9e2e3f5fcc28",96,500,29,26,10,"blue","7394"
"6677878aeb0f9e2e3f5fcc28",97,400,26,28,10,"blue","16025"
"6677878aeb0f9e2e3f5fcc28",98,400,28,27,10,"blue","14926"
"6677878aeb0f9e2e3f5fcc28",99,500,22,15,2,"blue","11742"
"6677878aeb0f9e2e3f5fcc28",100,600,23,20,10,"blue","11103"
"6677878aeb0f9e2e3f5fcc28",101,600,17,21,20,"blue","14307"
"6677878aeb0f9e2e3f5fcc28",102,500,29,20,2,"blue","16654"
"6677878aeb0f9e2e3f5fcc28",103,400,33,26,10,"blue","9673"
"6677878aeb0f9e2e3f5fcc28",104,400,17,26,20,"blue","12432"
"6677878aeb0f9e2e3f5fcc28",105,400,17,31,20,"blue","8007"
"6677878aeb0f9e2e3f5fcc28",106,500,31,29,2,"blue","17896"
"6677878aeb0f9e2e3f5fcc28",107,600,30,25,2,"blue","24879"
"6677878aeb0f9e2e3f5fcc28",108,600,26,29,20,"blue","20629"
"668ebf594982c57c983cd910",13,600,25,16,20,"red","4402"
"668ebf594982c57c983cd910",14,400,17,9,10,"red","2029"
"668ebf594982c57c983cd910",15,400,30,21,10,"red","3774"
"668ebf594982c57c983cd910",16,400,36,30,10,"red","2858"
"668ebf594982c57c983cd910",17,400,20,25,10,"red","3182"
"668ebf594982c57c983cd910",18,500,36,33,20,"red","2313"
"668ebf594982c57c983cd910",19,500,15,12,2,"red","3374"
"668ebf594982c57c983cd910",20,600,29,20,20,"red","2657"
"668ebf594982c57c983cd910",21,500,19,13,2,"red","3015"
"668ebf594982c57c983cd910",22,400,19,17,2,"red","2929"
"668ebf594982c57c983cd910",23,400,21,16,2,"red","2997"
"668ebf594982c57c983cd910",24,600,15,12,10,"red","3131"
"668ebf594982c57c983cd910",25,500,20,19,20,"red","2228"
"668ebf594982c57c983cd910",26,400,32,25,20,"red","2680"
"668ebf594982c57c983cd910",27,600,22,8,2,"red","2579"
"668ebf594982c57c983cd910",28,400,27,22,2,"red","1685"
"668ebf594982c57c983cd910",29,600,35,31,20,"red","2157"
"668ebf594982c57c983cd910",30,400,15,15,10,"red","2010"
"668ebf594982c57c983cd910",31,600,34,24,2,"red","3038"
"668ebf594982c57c983cd910",32,400,28,26,20,"red","2329"
"668ebf594982c57c983cd910",33,600,18,18,20,"red","2748"
"668ebf594982c57c983cd910",34,400,27,24,10,"red","2264"
"668ebf594982c57c983cd910",35,500,35,34,10,"red","1851"
"668ebf594982c57c983cd910",36,600,23,18,20,"red","2300"
"668ebf594982c57c983cd910",37,500,34,25,10,"red","1775"
"668ebf594982c57c983cd910",38,500,19,18,20,"red","2097"
"668ebf594982c57c983cd910",39,600,17,17,10,"red","1782"
"668ebf594982c57c983cd910",40,400,30,12,2,"red","3039"
"668ebf594982c57c983cd910",41,600,31,21,2,"red","3344"
"668ebf594982c57c983cd910",42,400,34,28,2,"red","2707"
"668ebf594982c57c983cd910",43,400,28,24,2,"red","2018"
"668ebf594982c57c983cd910",44,600,29,23,10,"red","3211"
"668ebf594982c57c983cd910",45,600,14,8,2,"red","2458"
"668ebf594982c57c983cd910",46,500,25,20,20,"red","2333"
"668ebf594982c57c983cd910",47,400,27,13,2,"red","1613"
"668ebf594982c57c983cd910",48,600,19,12,2,"red","1575"
"668ebf594982c57c983cd910",49,600,15,11,20,"red","3478"
"668ebf594982c57c983cd910",50,400,24,24,10,"red","2011"
"668ebf594982c57c983cd910",51,400,31,27,20,"red","2457"
"668ebf594982c57c983cd910",52,600,28,9,2,"red","3478"
"668ebf594982c57c983cd910",53,600,19,12,10,"red","2011"
"668ebf594982c57c983cd910",54,500,15,18,10,"red","1903"
"668ebf594982c57c983cd910",55,400,26,23,10,"red","2822"
"668ebf594982c57c983cd910",56,500,25,20,10,"red","3690"
"668ebf594982c57c983cd910",57,600,17,6,20,"red","2480"
"668ebf594982c57c983cd910",58,400,28,19,20,"red","2009"
"668ebf594982c57c983cd910",59,500,14,11,20,"red","2112"
"668ebf594982c57c983cd910",60,600,22,14,2,"red","1869"
"668ebf594982c57c983cd910",61,500,28,20,2,"blue","4332"
"668ebf594982c57c983cd910",62,600,33,26,10,"blue","3125"
"668ebf594982c57c983cd910",63,500,20,11,20,"blue","1996"
"668ebf594982c57c983cd910",64,600,28,22,20,"blue","3488"
"668ebf594982c57c983cd910",65,500,34,28,20,"blue","2155"
"668ebf594982c57c983cd910",66,400,20,12,10,"blue","1821"
"668ebf594982c57c983cd910",67,400,26,11,2,"blue","2287"
"668ebf594982c57c983cd910",68,400,20,19,10,"blue","2377"
"668ebf594982c57c983cd910",69,400,19,16,2,"blue","1662"
"668ebf594982c57c983cd910",70,400,31,26,2,"blue","2968"
"668ebf594982c57c983cd910",71,500,15,12,20,"blue","2181"
"668ebf594982c57c983cd910",72,500,23,19,2,"blue","2493"
"668ebf594982c57c983cd910",73,600,24,15,20,"blue","2954"
"668ebf594982c57c983cd910",74,500,32,24,10,"blue","2748"
"668ebf594982c57c983cd910",75,400,22,0,10,"blue","633"
"668ebf594982c57c983cd910",76,500,36,24,10,"blue","2733"
"668ebf594982c57c983cd910",77,600,23,12,2,"blue","4581"
"668ebf594982c57c983cd910",78,500,17,0,2,"blue","585"
"668ebf594982c57c983cd910",79,600,15,8,10,"blue","2637"
"668ebf594982c57c983cd910",80,500,20,12,10,"blue","3118"
"668ebf594982c57c983cd910",81,400,34,29,20,"blue","3134"
"668ebf594982c57c983cd910",82,500,25,24,20,"blue","2723"
"668ebf594982c57c983cd910",83,500,15,7,2,"blue","3500"
"668ebf594982c57c983cd910",84,600,21,6,2,"blue","2409"
"668ebf594982c57c983cd910",85,400,24,13,20,"blue","2167"
"668ebf594982c57c983cd910",86,600,30,27,10,"blue","1972"
"668ebf594982c57c983cd910",87,600,26,14,2,"blue","1652"
"668ebf594982c57c983cd910",88,600,16,15,10,"blue","2210"
"668ebf594982c57c983cd910",89,400,33,30,20,"blue","2069"
"668ebf594982c57c983cd910",90,400,14,12,2,"blue","1350"
"668ebf594982c57c983cd910",91,600,17,12,20,"blue","2915"
"668ebf594982c57c983cd910",92,400,31,30,10,"blue","2173"
"668ebf594982c57c983cd910",93,400,19,14,2,"blue","1784"
"668ebf594982c57c983cd910",94,400,27,7,2,"blue","2198"
"668ebf594982c57c983cd910",95,500,14,7,10,"blue","2406"
"668ebf594982c57c983cd910",96,500,34,25,10,"blue","2608"
"668ebf594982c57c983cd910",97,600,23,11,2,"blue","1259"
"668ebf594982c57c983cd910",98,600,33,27,20,"blue","2645"
"668ebf594982c57c983cd910",99,600,22,13,20,"blue","1896"
"668ebf594982c57c983cd910",100,500,19,9,2,"blue","2522"
"668ebf594982c57c983cd910",101,500,34,27,20,"blue","2542"
"668ebf594982c57c983cd910",102,600,24,23,10,"blue","2055"
"668ebf594982c57c983cd910",103,500,31,26,10,"blue","2316"
"668ebf594982c57c983cd910",104,500,33,31,20,"blue","2419"
"668ebf594982c57c983cd910",105,500,30,28,20,"blue","1934"
"668ebf594982c57c983cd910",106,500,30,26,2,"blue","2268"
"668ebf594982c57c983cd910",107,600,15,19,20,"blue","2217"
"668ebf594982c57c983cd910",108,600,29,23,10,"blue","2108"
"66a02d45a7db35d93c9f6a81",13,500,25,13,2,"blue","2181"
"66a02d45a7db35d93c9f6a81",14,400,34,26,2,"blue","1696"
"66a02d45a7db35d93c9f6a81",15,400,18,14,20,"blue","1625"
"66a02d45a7db35d93c9f6a81",16,400,23,14,2,"blue","1938"
"66a02d45a7db35d93c9f6a81",17,400,26,15,2,"blue","1657"
"66a02d45a7db35d93c9f6a81",18,400,28,14,2,"blue","1068"
"66a02d45a7db35d93c9f6a81",19,500,14,11,20,"blue","1973"
"66a02d45a7db35d93c9f6a81",20,600,28,21,20,"blue","1408"
"66a02d45a7db35d93c9f6a81",21,400,27,16,10,"blue","2136"
"66a02d45a7db35d93c9f6a81",22,400,15,12,20,"blue","1676"
"66a02d45a7db35d93c9f6a81",23,500,35,31,20,"blue","1463"
"66a02d45a7db35d93c9f6a81",24,400,27,23,10,"blue","1325"
"66a02d45a7db35d93c9f6a81",25,600,19,15,10,"blue","2207"
"66a02d45a7db35d93c9f6a81",26,400,31,20,10,"blue","2012"
"66a02d45a7db35d93c9f6a81",27,600,27,23,10,"blue","1777"
"66a02d45a7db35d93c9f6a81",28,500,27,23,10,"blue","1334"
"66a02d45a7db35d93c9f6a81",29,400,22,16,20,"blue","1974"
"66a02d45a7db35d93c9f6a81",30,500,29,18,2,"blue","2087"
"66a02d45a7db35d93c9f6a81",31,500,16,17,20,"blue","2322"
"66a02d45a7db35d93c9f6a81",32,600,26,19,10,"blue","1125"
"66a02d45a7db35d93c9f6a81",33,500,17,13,2,"blue","1220"
"66a02d45a7db35d93c9f6a81",34,500,24,16,10,"blue","2465"
"66a02d45a7db35d93c9f6a81",35,600,21,13,2,"blue","1446"
"66a02d45a7db35d93c9f6a81",36,500,31,21,20,"blue","1591"
"66a02d45a7db35d93c9f6a81",37,400,21,15,2,"blue","1354"
"66a02d45a7db35d93c9f6a81",38,500,30,15,2,"blue","1395"
"66a02d45a7db35d93c9f6a81",39,600,23,19,20,"blue","1428"
"66a02d45a7db35d93c9f6a81",40,500,15,11,2,"blue","1413"
"66a02d45a7db35d93c9f6a81",41,400,32,19,10,"blue","1491"
"66a02d45a7db35d93c9f6a81",42,500,31,21,20,"blue","1651"
"66a02d45a7db35d93c9f6a81",43,600,21,15,2,"blue","1262"
"66a02d45a7db35d93c9f6a81",44,500,30,23,20,"blue","1084"
"66a02d45a7db35d93c9f6a81",45,400,23,19,20,"blue","1784"
"66a02d45a7db35d93c9f6a81",46,400,24,15,10,"blue","1718"
"66a02d45a7db35d93c9f6a81",47,500,14,12,2,"blue","1589"
"66a02d45a7db35d93c9f6a81",48,500,16,14,10,"blue","1964"
"66a02d45a7db35d93c9f6a81",49,600,16,16,10,"blue","1686"
"66a02d45a7db35d93c9f6a81",50,600,33,16,2,"blue","1308"
"66a02d45a7db35d93c9f6a81",51,500,35,15,10,"blue","1628"
"66a02d45a7db35d93c9f6a81",52,600,34,12,20,"blue","2188"
"66a02d45a7db35d93c9f6a81",53,500,26,14,20,"blue","1927"
"66a02d45a7db35d93c9f6a81",54,500,15,12,2,"blue","1474"
"66a02d45a7db35d93c9f6a81",55,600,28,16,20,"blue","1340"
"66a02d45a7db35d93c9f6a81",56,400,17,14,10,"blue","1490"
"66a02d45a7db35d93c9f6a81",57,600,31,16,10,"blue","1657"
"66a02d45a7db35d93c9f6a81",58,400,14,19,10,"blue","1322"
"66a02d45a7db35d93c9f6a81",59,500,32,14,2,"blue","1293"
"66a02d45a7db35d93c9f6a81",60,600,14,14,20,"blue","1558"
"66a02d45a7db35d93c9f6a81",61,500,31,18,10,"red","1262"
"66a02d45a7db35d93c9f6a81",62,600,20,18,20,"red","1621"
"66a02d45a7db35d93c9f6a81",63,500,28,18,10,"red","1478"
"66a02d45a7db35d93c9f6a81",64,500,23,19,10,"red","1560"
"66a02d45a7db35d93c9f6a81",65,400,18,20,20,"red","1333"
"66a02d45a7db35d93c9f6a81",66,500,16,13,20,"red","1366"
"66a02d45a7db35d93c9f6a81",67,500,22,16,10,"red","1609"
"66a02d45a7db35d93c9f6a81",68,600,25,18,2,"red","1794"
"66a02d45a7db35d93c9f6a81",69,400,22,13,2,"red","1936"
"66a02d45a7db35d93c9f6a81",70,400,18,19,2,"red","1757"
"66a02d45a7db35d93c9f6a81",71,400,25,27,10,"red","1404"
"66a02d45a7db35d93c9f6a81",72,600,18,13,10,"red","1252"
"66a02d45a7db35d93c9f6a81",73,400,36,19,10,"red","1759"
"66a02d45a7db35d93c9f6a81",74,600,19,15,10,"red","1199"
"66a02d45a7db35d93c9f6a81",75,600,16,17,20,"red","1253"
"66a02d45a7db35d93c9f6a81",76,400,24,17,2,"red","1819"
"66a02d45a7db35d93c9f6a81",77,400,25,18,20,"red","1964"
"66a02d45a7db35d93c9f6a81",78,600,23,19,20,"red","1314"
"66a02d45a7db35d93c9f6a81",79,400,14,15,10,"red","1312"
"66a02d45a7db35d93c9f6a81",80,600,24,12,2,"red","1346"
"66a02d45a7db35d93c9f6a81",81,500,15,18,20,"red","1401"
"66a02d45a7db35d93c9f6a81",82,600,26,17,20,"red","1636"
"66a02d45a7db35d93c9f6a81",83,500,30,18,2,"red","1111"
"66a02d45a7db35d93c9f6a81",84,400,24,15,2,"red","1851"
"66a02d45a7db35d93c9f6a81",85,400,28,17,2,"red","1777"
"66a02d45a7db35d93c9f6a81",86,500,15,15,10,"red","1283"
"66a02d45a7db35d93c9f6a81",87,500,17,14,20,"red","1508"
"66a02d45a7db35d93c9f6a81",88,400,35,23,20,"red","1519"
"66a02d45a7db35d93c9f6a81",89,400,14,18,2,"red","1434"
"66a02d45a7db35d93c9f6a81",90,600,21,24,20,"red","1714"
"66a02d45a7db35d93c9f6a81",91,500,33,23,20,"red","1745"
"66a02d45a7db35d93c9f6a81",92,600,31,15,10,"red","2756"
"66a02d45a7db35d93c9f6a81",93,600,36,17,2,"red","1145"
"66a02d45a7db35d93c9f6a81",94,500,17,7,2,"red","1087"
"66a02d45a7db35d93c9f6a81",95,500,20,15,20,"red","1016"
"66a02d45a7db35d93c9f6a81",96,400,32,22,10,"red","1683"
"66a02d45a7db35d93c9f6a81",97,500,22,10,2,"red","1170"
"66a02d45a7db35d93c9f6a81",98,600,19,14,2,"red","2911"
"66a02d45a7db35d93c9f6a81",99,400,36,23,2,"red","1501"
"66a02d45a7db35d93c9f6a81",100,500,25,21,2,"red","2601"
"66a02d45a7db35d93c9f6a81",101,400,25,20,10,"red","1654"
"66a02d45a7db35d93c9f6a81",102,600,28,15,10,"red","2387"
"66a02d45a7db35d93c9f6a81",103,500,31,18,20,"red","3148"
"66a02d45a7db35d93c9f6a81",104,500,32,19,20,"red","3846"
"66a02d45a7db35d93c9f6a81",105,600,22,19,10,"red","2223"
"66a02d45a7db35d93c9f6a81",106,600,26,19,20,"red","1882"
"66a02d45a7db35d93c9f6a81",107,500,18,14,10,"red","969"
"66a02d45a7db35d93c9f6a81",108,500,32,24,2,"red","1717"
"66a6bbb40b48d0e4f326767e",13,400,29,26,10,"blue","2720"
"66a6bbb40b48d0e4f326767e",14,600,15,14,20,"blue","1787"
"66a6bbb40b48d0e4f326767e",15,600,33,33,2,"blue","1131"
"66a6bbb40b48d0e4f326767e",16,500,36,31,10,"blue","1535"
"66a6bbb40b48d0e4f326767e",17,500,29,32,2,"blue","1045"
"66a6bbb40b48d0e4f326767e",18,600,24,28,2,"blue","1408"
"66a6bbb40b48d0e4f326767e",19,600,28,27,20,"blue","1519"
"66a6bbb40b48d0e4f326767e",20,400,22,26,2,"blue","837"
"66a6bbb40b48d0e4f326767e",21,500,32,29,10,"blue","1271"
"66a6bbb40b48d0e4f326767e",22,400,14,21,10,"blue","1289"
"66a6bbb40b48d0e4f326767e",23,600,17,17,10,"blue","1472"
"66a6bbb40b48d0e4f326767e",24,600,29,27,10,"blue","1394"
"66a6bbb40b48d0e4f326767e",25,500,14,19,2,"blue","949"
"66a6bbb40b48d0e4f326767e",26,600,35,27,2,"blue","1050"
"66a6bbb40b48d0e4f326767e",27,600,16,18,2,"blue","1213"
"66a6bbb40b48d0e4f326767e",28,600,22,22,10,"blue","1269"
"66a6bbb40b48d0e4f326767e",29,400,14,12,2,"blue","999"
"66a6bbb40b48d0e4f326767e",30,400,16,15,2,"blue","1431"
"66a6bbb40b48d0e4f326767e",31,600,36,36,10,"blue","2426"
"66a6bbb40b48d0e4f326767e",32,500,35,32,2,"blue","1158"
"66a6bbb40b48d0e4f326767e",33,500,17,25,10,"blue","1098"
"66a6bbb40b48d0e4f326767e",34,400,27,30,20,"blue","1175"
"66a6bbb40b48d0e4f326767e",35,600,32,37,10,"blue","1101"
"66a6bbb40b48d0e4f326767e",36,500,14,25,20,"blue","1510"
"66a6bbb40b48d0e4f326767e",37,600,18,22,10,"blue","1606"
"66a6bbb40b48d0e4f326767e",38,400,34,38,20,"blue","1393"
"66a6bbb40b48d0e4f326767e",39,400,24,27,2,"blue","3960"
"66a6bbb40b48d0e4f326767e",40,600,18,20,20,"blue","1274"
"66a6bbb40b48d0e4f326767e",41,600,28,24,2,"blue","1194"
"66a6bbb40b48d0e4f326767e",42,400,17,16,2,"blue","812"
"66a6bbb40b48d0e4f326767e",43,600,35,35,10,"blue","1233"
"66a6bbb40b48d0e4f326767e",44,400,34,33,10,"blue","1031"
"66a6bbb40b48d0e4f326767e",45,600,17,20,20,"blue","1017"
"66a6bbb40b48d0e4f326767e",46,400,26,23,20,"blue","1094"
"66a6bbb40b48d0e4f326767e",47,600,26,24,2,"blue","965"
"66a6bbb40b48d0e4f326767e",48,600,35,35,20,"blue","1780"
"66a6bbb40b48d0e4f326767e",49,400,28,32,20,"blue","973"
"66a6bbb40b48d0e4f326767e",50,600,22,22,10,"blue","737"
"66a6bbb40b48d0e4f326767e",51,600,29,18,2,"blue","697"
"66a6bbb40b48d0e4f326767e",52,600,27,26,10,"blue","956"
"66a6bbb40b48d0e4f326767e",53,400,15,21,10,"blue","1110"
"66a6bbb40b48d0e4f326767e",54,600,29,23,20,"blue","2108"
"66a6bbb40b48d0e4f326767e",55,400,17,15,20,"blue","1237"
"66a6bbb40b48d0e4f326767e",56,500,20,15,20,"blue","1228"
"66a6bbb40b48d0e4f326767e",57,400,30,31,20,"blue","1076"
"66a6bbb40b48d0e4f326767e",58,400,18,16,20,"blue","858"
"66a6bbb40b48d0e4f326767e",59,500,21,15,2,"blue","953"
"66a6bbb40b48d0e4f326767e",60,500,15,13,20,"blue","1194"
"66a6bbb40b48d0e4f326767e",61,600,23,24,20,"red","1023"
"66a6bbb40b48d0e4f326767e",62,500,16,22,10,"red","896"
"66a6bbb40b48d0e4f326767e",63,400,14,23,20,"red","890"
"66a6bbb40b48d0e4f326767e",64,500,32,28,2,"red","1145"
"66a6bbb40b48d0e4f326767e",65,500,28,29,10,"red","1046"
"66a6bbb40b48d0e4f326767e",66,400,23,29,20,"red","1445"
"66a6bbb40b48d0e4f326767e",67,600,15,23,10,"red","916"
"66a6bbb40b48d0e4f326767e",68,400,21,19,10,"red","1032"
"66a6bbb40b48d0e4f326767e",69,600,21,15,20,"red","806"
"66a6bbb40b48d0e4f326767e",70,500,30,19,2,"red","3686"
"66a6bbb40b48d0e4f326767e",71,600,30,24,20,"red","3346"
"66a6bbb40b48d0e4f326767e",72,500,20,15,2,"red","793"
"66a6bbb40b48d0e4f326767e",73,400,34,30,2,"red","971"
"66a6bbb40b48d0e4f326767e",74,400,14,14,2,"red","1069"
"66a6bbb40b48d0e4f326767e",75,500,34,35,10,"red","1180"
"66a6bbb40b48d0e4f326767e",76,400,32,36,20,"red","1291"
"66a6bbb40b48d0e4f326767e",77,400,21,18,10,"red","791"
"66a6bbb40b48d0e4f326767e",78,500,15,14,2,"red","835"
"66a6bbb40b48d0e4f326767e",79,600,34,39,20,"red","1142"
"66a6bbb40b48d0e4f326767e",80,500,25,17,2,"red","898"
"66a6bbb40b48d0e4f326767e",81,500,21,14,2,"red","977"
"66a6bbb40b48d0e4f326767e",82,500,16,17,20,"red","1235"
"66a6bbb40b48d0e4f326767e",83,600,26,25,20,"red","1432"
"66a6bbb40b48d0e4f326767e",84,400,18,22,2,"red","1287"
"66a6bbb40b48d0e4f326767e",85,400,34,34,10,"red","1131"
"66a6bbb40b48d0e4f326767e",86,600,35,36,2,"red","941"
"66a6bbb40b48d0e4f326767e",87,400,19,22,20,"red","997"
"66a6bbb40b48d0e4f326767e",88,600,24,26,10,"red","812"
"66a6bbb40b48d0e4f326767e",89,400,21,19,2,"red","909"
"66a6bbb40b48d0e4f326767e",90,600,36,38,10,"red","1110"
"66a6bbb40b48d0e4f326767e",91,400,26,22,2,"red","1338"
"66a6bbb40b48d0e4f326767e",92,400,35,42,10,"red","1069"
"66a6bbb40b48d0e4f326767e",93,400,19,16,20,"red","992"
"66a6bbb40b48d0e4f326767e",94,500,21,17,2,"red","880"
"66a6bbb40b48d0e4f326767e",95,500,19,19,2,"red","778"
"66a6bbb40b48d0e4f326767e",96,600,31,38,20,"red","895"
"66a6bbb40b48d0e4f326767e",97,600,19,20,10,"red","886"
"66a6bbb40b48d0e4f326767e",98,600,18,15,2,"red","1087"
"66a6bbb40b48d0e4f326767e",99,500,35,38,2,"red","1005"
"66a6bbb40b48d0e4f326767e",100,500,35,42,10,"red","1371"
"66a6bbb40b48d0e4f326767e",101,400,14,13,10,"red","883"
"66a6bbb40b48d0e4f326767e",102,600,27,33,20,"red","963"
"66a6bbb40b48d0e4f326767e",103,600,29,38,20,"red","923"
"66a6bbb40b48d0e4f326767e",104,500,22,31,20,"red","899"
"66a6bbb40b48d0e4f326767e",105,500,25,28,10,"red","816"
"66a6bbb40b48d0e4f326767e",106,400,35,38,20,"red","885"
"66a6bbb40b48d0e4f326767e",107,500,26,27,10,"red","867"
"66a6bbb40b48d0e4f326767e",108,500,26,28,10,"red","852"
"66a926551ab3748f5d5348aa",13,500,23,4,2,"blue","2203"
"66a926551ab3748f5d5348aa",14,500,30,16,10,"blue","2907"
"66a926551ab3748f5d5348aa",15,500,27,20,20,"blue","3068"
"66a926551ab3748f5d5348aa",16,600,36,22,10,"blue","2996"
"66a926551ab3748f5d5348aa",17,600,35,21,10,"blue","4571"
"66a926551ab3748f5d5348aa",18,500,31,27,20,"blue","2622"
"66a926551ab3748f5d5348aa",19,600,20,17,10,"blue","4370"
"66a926551ab3748f5d5348aa",20,600,29,17,2,"blue","3718"
"66a926551ab3748f5d5348aa",21,600,29,21,2,"blue","2396"
"66a926551ab3748f5d5348aa",22,500,17,10,2,"blue","2469"
"66a926551ab3748f5d5348aa",23,600,28,23,2,"blue","2320"
"66a926551ab3748f5d5348aa",24,500,23,14,20,"blue","3049"
"66a926551ab3748f5d5348aa",25,500,22,20,2,"blue","2127"
"66a926551ab3748f5d5348aa",26,400,19,21,10,"blue","4008"
"66a926551ab3748f5d5348aa",27,400,23,16,2,"blue","2172"
"66a926551ab3748f5d5348aa",28,600,28,18,2,"blue","1941"
"66a926551ab3748f5d5348aa",29,500,20,15,2,"blue","2235"
"66a926551ab3748f5d5348aa",30,500,30,22,10,"blue","2551"
"66a926551ab3748f5d5348aa",31,400,30,21,20,"blue","4971"
"66a926551ab3748f5d5348aa",32,500,20,20,20,"blue","5282"
"66a926551ab3748f5d5348aa",33,500,36,28,20,"blue","2371"
"66a926551ab3748f5d5348aa",34,400,28,25,10,"blue","2951"
"66a926551ab3748f5d5348aa",35,600,32,29,10,"blue","2451"
"66a926551ab3748f5d5348aa",36,600,21,16,10,"blue","4932"
"66a926551ab3748f5d5348aa",37,600,18,24,20,"blue","3994"
"66a926551ab3748f5d5348aa",38,400,24,18,2,"blue","2822"
"66a926551ab3748f5d5348aa",39,500,15,10,2,"blue","5120"
"66a926551ab3748f5d5348aa",40,400,24,18,2,"blue","2924"
"66a926551ab3748f5d5348aa",41,500,27,24,10,"blue","2998"
"66a926551ab3748f5d5348aa",42,400,20,18,10,"blue","3509"
"66a926551ab3748f5d5348aa",43,600,26,23,10,"blue","2620"
"66a926551ab3748f5d5348aa",44,500,30,18,20,"blue","3895"
"66a926551ab3748f5d5348aa",45,500,16,15,20,"blue","2207"
"66a926551ab3748f5d5348aa",46,500,17,20,20,"blue","2757"
"66a926551ab3748f5d5348aa",47,500,24,14,20,"blue","1528"
"66a926551ab3748f5d5348aa",48,500,17,17,10,"blue","2717"
"66a926551ab3748f5d5348aa",49,500,16,17,20,"blue","3090"
"66a926551ab3748f5d5348aa",50,500,33,32,20,"blue","2852"
"66a926551ab3748f5d5348aa",51,600,28,22,2,"blue","3135"
"66a926551ab3748f5d5348aa",52,500,28,22,20,"blue","2961"
"66a926551ab3748f5d5348aa",53,500,20,19,2,"blue","1445"
"66a926551ab3748f5d5348aa",54,600,24,23,20,"blue","5669"
"66a926551ab3748f5d5348aa",55,600,24,19,10,"blue","3262"
"66a926551ab3748f5d5348aa",56,500,20,16,20,"blue","2687"
"66a926551ab3748f5d5348aa",57,500,16,13,2,"blue","2257"
"66a926551ab3748f5d5348aa",58,400,30,28,2,"blue","2640"
"66a926551ab3748f5d5348aa",59,600,33,28,10,"blue","2990"
"66a926551ab3748f5d5348aa",60,500,34,32,10,"blue","2794"
"66a926551ab3748f5d5348aa",61,400,36,23,20,"red","2056"
"66a926551ab3748f5d5348aa",62,400,20,13,2,"red","2016"
"66a926551ab3748f5d5348aa",63,400,24,15,2,"red","2050"
"66a926551ab3748f5d5348aa",64,500,22,19,20,"red","1987"
"66a926551ab3748f5d5348aa",65,400,15,13,2,"red","1969"
"66a926551ab3748f5d5348aa",66,500,16,0,2,"red","1607"
"66a926551ab3748f5d5348aa",67,500,32,9,2,"red","4274"
"66a926551ab3748f5d5348aa",68,500,16,17,20,"red","1947"
"66a926551ab3748f5d5348aa",69,600,25,18,10,"red","2537"
"66a926551ab3748f5d5348aa",70,400,14,14,10,"red","2235"
"66a926551ab3748f5d5348aa",71,500,21,13,10,"red","1608"
"66a926551ab3748f5d5348aa",72,400,33,24,2,"red","1968"
"66a926551ab3748f5d5348aa",73,400,19,21,20,"red","1794"
"66a926551ab3748f5d5348aa",74,500,31,20,2,"red","5143"
"66a926551ab3748f5d5348aa",75,600,20,19,10,"red","2602"
"66a926551ab3748f5d5348aa",76,400,21,17,10,"red","2567"
"66a926551ab3748f5d5348aa",77,400,18,16,20,"red","1807"
"66a926551ab3748f5d5348aa",78,500,24,25,20,"red","1533"
"66a926551ab3748f5d5348aa",79,500,34,31,10,"red","2956"
"66a926551ab3748f5d5348aa",80,400,17,14,2,"red","2043"
"66a926551ab3748f5d5348aa",81,500,17,16,20,"red","1860"
"66a926551ab3748f5d5348aa",82,500,34,27,10,"red","1791"
"66a926551ab3748f5d5348aa",83,600,35,32,2,"red","1727"
"66a926551ab3748f5d5348aa",84,600,27,22,10,"red","2121"
"66a926551ab3748f5d5348aa",85,600,23,20,2,"red","3111"
"66a926551ab3748f5d5348aa",86,500,19,12,2,"red","1713"
"66a926551ab3748f5d5348aa",87,600,27,23,10,"red","1881"
"66a926551ab3748f5d5348aa",88,600,28,23,2,"red","3363"
"66a926551ab3748f5d5348aa",89,400,33,28,10,"red","4201"
"66a926551ab3748f5d5348aa",90,600,31,29,20,"red","3295"
"66a926551ab3748f5d5348aa",91,500,28,29,2,"red","1893"
"66a926551ab3748f5d5348aa",92,600,24,21,20,"red","1878"
"66a926551ab3748f5d5348aa",93,400,18,22,10,"red","1736"
"66a926551ab3748f5d5348aa",94,500,31,28,20,"red","2739"
"66a926551ab3748f5d5348aa",95,600,33,32,20,"red","2177"
"66a926551ab3748f5d5348aa",96,600,19,22,10,"red","2682"
"66a926551ab3748f5d5348aa",97,400,15,16,10,"red","2144"
"66a926551ab3748f5d5348aa",98,400,14,9,2,"red","1814"
"66a926551ab3748f5d5348aa",99,500,24,16,10,"red","2914"
"66a926551ab3748f5d5348aa",100,600,33,25,2,"red","2072"
"66a926551ab3748f5d5348aa",101,400,31,28,20,"red","2159"
"66a926551ab3748f5d5348aa",102,400,21,23,20,"red","2239"
"66a926551ab3748f5d5348aa",103,400,20,14,2,"red","2251"
"66a926551ab3748f5d5348aa",104,400,14,13,20,"red","1767"
"66a926551ab3748f5d5348aa",105,500,28,30,10,"red","1936"
"66a926551ab3748f5d5348aa",106,400,18,21,20,"red","1954"
"66a926551ab3748f5d5348aa",107,400,27,26,20,"red","3098"
"66a926551ab3748f5d5348aa",108,600,29,24,10,"red","2088"
"66d804534578af1dec99f245",13,400,19,21,2,"red","2146"
"66d804534578af1dec99f245",14,600,22,25,10,"red","2700"
"66d804534578af1dec99f245",15,400,32,33,20,"red","2581"
"66d804534578af1dec99f245",16,500,29,29,10,"red","2769"
"66d804534578af1dec99f245",17,600,22,24,2,"red","2099"
"66d804534578af1dec99f245",18,500,23,24,2,"red","2630"
"66d804534578af1dec99f245",19,500,29,27,10,"red","2532"
"66d804534578af1dec99f245",20,600,23,22,20,"red","1819"
"66d804534578af1dec99f245",21,600,28,20,2,"red","3120"
"66d804534578af1dec99f245",22,500,24,24,20,"red","2043"
"66d804534578af1dec99f245",23,500,25,27,2,"red","3188"
"66d804534578af1dec99f245",24,400,22,24,2,"red","2579"
"66d804534578af1dec99f245",25,500,28,29,10,"red","2813"
"66d804534578af1dec99f245",26,600,32,34,10,"red","1312"
"66d804534578af1dec99f245",27,600,25,19,2,"red","3340"
"66d804534578af1dec99f245",28,500,16,16,20,"red","2147"
"66d804534578af1dec99f245",29,600,20,19,10,"red","3314"
"66d804534578af1dec99f245",30,400,27,26,20,"red","1518"
"66d804534578af1dec99f245",31,400,36,32,2,"red","3225"
"66d804534578af1dec99f245",32,500,22,25,10,"red","2509"
"66d804534578af1dec99f245",33,600,28,21,20,"red","4903"
"66d804534578af1dec99f245",34,600,15,16,20,"red","1679"
"66d804534578af1dec99f245",35,500,16,7,2,"red","2568"
"66d804534578af1dec99f245",36,500,23,13,20,"red","2463"
"66d804534578af1dec99f245",37,500,28,27,10,"red","3101"
"66d804534578af1dec99f245",38,500,27,28,10,"red","1927"
"66d804534578af1dec99f245",39,500,22,20,20,"red","2807"
"66d804534578af1dec99f245",40,500,26,17,2,"red","3064"
"66d804534578af1dec99f245",41,600,31,22,2,"red","2135"
"66d804534578af1dec99f245",42,500,27,26,2,"red","2628"
"66d804534578af1dec99f245",43,600,35,33,10,"red","2999"
"66d804534578af1dec99f245",44,500,15,8,10,"red","2386"
"66d804534578af1dec99f245",45,500,18,7,20,"red","3905"
"66d804534578af1dec99f245",46,600,19,13,20,"red","2710"
"66d804534578af1dec99f245",47,500,17,11,10,"red","2257"
"66d804534578af1dec99f245",48,600,28,27,10,"red","2618"
"66d804534578af1dec99f245",49,500,17,11,10,"red","1604"
"66d804534578af1dec99f245",50,400,29,26,2,"red","2432"
"66d804534578af1dec99f245",51,600,32,22,20,"red","2593"
"66d804534578af1dec99f245",52,400,26,22,20,"red","2995"
"66d804534578af1dec99f245",53,400,23,17,2,"red","2470"
"66d804534578af1dec99f245",54,600,30,27,10,"red","2270"
"66d804534578af1dec99f245",55,600,36,33,2,"red","3336"
"66d804534578af1dec99f245",56,400,29,29,10,"red","1854"
"66d804534578af1dec99f245",57,600,22,12,2,"red","3332"
"66d804534578af1dec99f245",58,600,15,13,20,"red","2528"
"66d804534578af1dec99f245",59,600,36,33,20,"red","2614"
"66d804534578af1dec99f245",60,600,16,15,20,"red","2391"
"66d804534578af1dec99f245",61,600,26,22,10,"blue","3197"
"66d804534578af1dec99f245",62,500,27,21,2,"blue","3426"
"66d804534578af1dec99f245",63,500,19,14,10,"blue","3078"
"66d804534578af1dec99f245",64,400,23,14,2,"blue","2975"
"66d804534578af1dec99f245",65,600,14,11,10,"blue","2730"
"66d804534578af1dec99f245",66,500,15,20,20,"blue","2725"
"66d804534578af1dec99f245",67,400,32,26,20,"blue","3647"
"66d804534578af1dec99f245",68,500,28,23,10,"blue","2243"
"66d804534578af1dec99f245",69,400,16,15,2,"blue","4162"
"66d804534578af1dec99f245",70,500,26,12,2,"blue","1799"
"66d804534578af1dec99f245",71,600,19,10,10,"blue","2381"
"66d804534578af1dec99f245",72,600,14,14,10,"blue","2639"
"66d804534578af1dec99f245",73,500,30,27,20,"blue","2633"
"66d804534578af1dec99f245",74,500,28,27,2,"blue","4714"
"66d804534578af1dec99f245",75,600,35,31,20,"blue","1626"
"66d804534578af1dec99f245",76,500,25,14,2,"blue","1522"
"66d804534578af1dec99f245",77,400,29,19,2,"blue","2475"
"66d804534578af1dec99f245",78,400,28,21,20,"blue","2364"
"66d804534578af1dec99f245",79,600,23,18,10,"blue","2426"
"66d804534578af1dec99f245",80,500,34,30,20,"blue","2040"
"66d804534578af1dec99f245",81,600,21,22,20,"blue","2385"
"66d804534578af1dec99f245",82,600,31,17,2,"blue","2103"
"66d804534578af1dec99f245",83,400,21,18,20,"blue","3046"
"66d804534578af1dec99f245",84,500,16,8,20,"blue","2195"
"66d804534578af1dec99f245",85,600,32,24,2,"blue","3577"
"66d804534578af1dec99f245",86,600,18,12,2,"blue","3772"
"66d804534578af1dec99f245",87,400,33,28,20,"blue","2322"
"66d804534578af1dec99f245",88,500,17,18,10,"blue","2647"
"66d804534578af1dec99f245",89,400,17,7,2,"blue","1320"
"66d804534578af1dec99f245",90,400,20,15,10,"blue","2984"
"66d804534578af1dec99f245",91,400,24,15,20,"blue","3443"
"66d804534578af1dec99f245",92,500,36,23,10,"blue","1566"
"66d804534578af1dec99f245",93,500,17,9,2,"blue","2282"
"66d804534578af1dec99f245",94,600,26,22,20,"blue","2940"
"66d804534578af1dec99f245",95,400,14,6,2,"blue","1731"
"66d804534578af1dec99f245",96,400,26,22,2,"blue","3682"
"66d804534578af1dec99f245",97,400,31,22,10,"blue","2334"
"66d804534578af1dec99f245",98,600,15,13,10,"blue","2325"
"66d804534578af1dec99f245",99,500,18,12,20,"blue","2343"
"66d804534578af1dec99f245",100,600,20,14,20,"blue","1754"
"66d804534578af1dec99f245",101,400,27,23,20,"blue","2367"
"66d804534578af1dec99f245",102,600,14,10,2,"blue","1888"
"66d804534578af1dec99f245",103,600,16,11,10,"blue","2743"
"66d804534578af1dec99f245",104,600,20,13,10,"blue","2930"
"66d804534578af1dec99f245",105,400,28,20,20,"blue","2001"
"66d804534578af1dec99f245",106,400,14,7,2,"blue","1610"
"66d804534578af1dec99f245",107,600,24,21,10,"blue","2051"
"66d804534578af1dec99f245",108,600,21,19,10,"blue","2245"
"66e5312010b7e7f8074c81a7",13,400,30,30,2,"blue","4123"
"66e5312010b7e7f8074c81a7",14,500,22,36,2,"blue","5347"
"66e5312010b7e7f8074c81a7",15,400,25,33,10,"blue","4469"
"66e5312010b7e7f8074c81a7",16,400,32,25,2,"blue","3094"
"66e5312010b7e7f8074c81a7",17,400,23,32,20,"blue","3219"
"66e5312010b7e7f8074c81a7",18,400,18,30,20,"blue","4290"
"66e5312010b7e7f8074c81a7",19,500,32,30,10,"blue","4944"
"66e5312010b7e7f8074c81a7",20,500,29,36,10,"blue","5262"
"66e5312010b7e7f8074c81a7",21,400,16,12,20,"blue","4590"
"66e5312010b7e7f8074c81a7",22,500,16,16,20,"blue","2826"
"66e5312010b7e7f8074c81a7",23,500,26,39,10,"blue","2632"
"66e5312010b7e7f8074c81a7",24,600,20,15,10,"blue","2572"
"66e5312010b7e7f8074c81a7",25,600,23,12,20,"blue","1396"
"66e5312010b7e7f8074c81a7",26,400,24,21,2,"blue","4283"
"66e5312010b7e7f8074c81a7",27,600,18,12,20,"blue","3723"
"66e5312010b7e7f8074c81a7",28,500,16,19,10,"blue","1398"
"66e5312010b7e7f8074c81a7",29,600,22,13,2,"blue","3917"
"66e5312010b7e7f8074c81a7",30,600,15,10,2,"blue","1763"
"66e5312010b7e7f8074c81a7",31,400,30,43,20,"blue","3776"
"66e5312010b7e7f8074c81a7",32,600,33,37,10,"blue","2463"
"66e5312010b7e7f8074c81a7",33,500,36,45,20,"blue","3566"
"66e5312010b7e7f8074c81a7",34,600,31,40,20,"blue","4052"
"66e5312010b7e7f8074c81a7",35,500,36,30,10,"blue","3079"
"66e5312010b7e7f8074c81a7",36,400,31,31,2,"blue","2201"
"66e5312010b7e7f8074c81a7",37,500,23,26,10,"blue","3933"
"66e5312010b7e7f8074c81a7",38,500,29,10,2,"blue","2604"
"66e5312010b7e7f8074c81a7",39,500,28,32,20,"blue","2363"
"66e5312010b7e7f8074c81a7",40,500,18,21,20,"blue","1775"
"66e5312010b7e7f8074c81a7",41,500,26,16,2,"blue","2284"
"66e5312010b7e7f8074c81a7",42,400,22,24,10,"blue","4804"
"66e5312010b7e7f8074c81a7",43,600,31,32,2,"blue","2772"
"66e5312010b7e7f8074c81a7",44,500,23,29,2,"blue","4350"
"66e5312010b7e7f8074c81a7",45,400,33,35,20,"blue","4425"
"66e5312010b7e7f8074c81a7",46,600,17,23,10,"blue","3290"
"66e5312010b7e7f8074c81a7",47,500,18,36,10,"blue","2884"
"66e5312010b7e7f8074c81a7",48,500,31,29,2,"blue","4589"
"66e5312010b7e7f8074c81a7",49,400,22,11,20,"blue","2531"
"66e5312010b7e7f8074c81a7",50,500,17,14,2,"blue","2754"
"66e5312010b7e7f8074c81a7",51,600,19,17,10,"blue","2967"
"66e5312010b7e7f8074c81a7",52,400,18,18,20,"blue","3625"
"66e5312010b7e7f8074c81a7",53,600,23,13,2,"blue","2321"
"66e5312010b7e7f8074c81a7",54,400,24,33,2,"blue","3261"
"66e5312010b7e7f8074c81a7",55,500,30,25,2,"blue","2477"
"66e5312010b7e7f8074c81a7",56,400,29,37,10,"blue","4068"
"66e5312010b7e7f8074c81a7",57,400,20,15,10,"blue","3156"
"66e5312010b7e7f8074c81a7",58,500,20,15,20,"blue","2423"
"66e5312010b7e7f8074c81a7",59,500,28,34,10,"blue","3917"
"66e5312010b7e7f8074c81a7",60,600,35,48,20,"blue","3773"
"66e5312010b7e7f8074c81a7",61,500,35,33,20,"red","2589"
"66e5312010b7e7f8074c81a7",62,600,22,14,2,"red","2160"
"66e5312010b7e7f8074c81a7",63,500,28,20,20,"red","3694"
"66e5312010b7e7f8074c81a7",64,400,27,21,20,"red","2730"
"66e5312010b7e7f8074c81a7",65,500,21,15,2,"red","2016"
"66e5312010b7e7f8074c81a7",66,600,21,20,2,"red","1840"
"66e5312010b7e7f8074c81a7",67,400,14,12,20,"red","1541"
"66e5312010b7e7f8074c81a7",68,500,15,14,10,"red","1866"
"66e5312010b7e7f8074c81a7",69,400,14,17,2,"red","2084"
"66e5312010b7e7f8074c81a7",70,400,28,29,2,"red","1610"
"66e5312010b7e7f8074c81a7",71,400,31,38,20,"red","1622"
"66e5312010b7e7f8074c81a7",72,500,28,21,2,"red","2524"
"66e5312010b7e7f8074c81a7",73,500,19,23,10,"red","1667"
"66e5312010b7e7f8074c81a7",74,400,24,16,20,"red","2602"
"66e5312010b7e7f8074c81a7",75,600,29,29,2,"red","1445"
"66e5312010b7e7f8074c81a7",76,600,34,38,20,"red","2219"
"66e5312010b7e7f8074c81a7",77,600,27,16,10,"red","1537"
"66e5312010b7e7f8074c81a7",78,400,36,37,10,"red","1797"
"66e5312010b7e7f8074c81a7",79,600,35,38,10,"red","1852"
"66e5312010b7e7f8074c81a7",80,600,22,24,20,"red","1760"
"66e5312010b7e7f8074c81a7",81,500,21,22,20,"red","2174"
"66e5312010b7e7f8074c81a7",82,600,31,30,10,"red","2357"
"66e5312010b7e7f8074c81a7",83,500,26,20,2,"red","1916"
"66e5312010b7e7f8074c81a7",84,400,28,15,10,"red","2449"
"66e5312010b7e7f8074c81a7",85,400,32,32,2,"red","2681"
"66e5312010b7e7f8074c81a7",86,500,24,17,10,"red","1449"
"66e5312010b7e7f8074c81a7",87,500,15,24,20,"red","3166"
"66e5312010b7e7f8074c81a7",88,500,29,34,10,"red","2910"
"66e5312010b7e7f8074c81a7",89,500,18,34,20,"red","2876"
"66e5312010b7e7f8074c81a7",90,400,26,39,10,"red","2195"
"66e5312010b7e7f8074c81a7",91,600,21,15,2,"red","2203"
"66e5312010b7e7f8074c81a7",92,500,26,30,20,"red","1719"
"66e5312010b7e7f8074c81a7",93,400,17,5,2,"red","2321"
"66e5312010b7e7f8074c81a7",94,400,28,19,20,"red","2686"
"66e5312010b7e7f8074c81a7",95,600,32,30,10,"red","2133"
"66e5312010b7e7f8074c81a7",96,600,20,18,10,"red","4736"
"66e5312010b7e7f8074c81a7",97,500,28,33,10,"red","2701"
"66e5312010b7e7f8074c81a7",98,400,27,36,20,"red","1562"
"66e5312010b7e7f8074c81a7",99,400,34,41,20,"red","1423"
"66e5312010b7e7f8074c81a7",100,500,17,28,10,"red","3736"
"66e5312010b7e7f8074c81a7",101,500,31,25,2,"red","2897"
"66e5312010b7e7f8074c81a7",102,500,30,25,20,"red","2980"
"66e5312010b7e7f8074c81a7",103,400,17,9,2,"red","1777"
"66e5312010b7e7f8074c81a7",104,600,26,29,2,"red","2900"
"66e5312010b7e7f8074c81a7",105,400,34,33,2,"red","1451"
"66e5312010b7e7f8074c81a7",106,500,21,22,2,"red","3348"
"66e5312010b7e7f8074c81a7",107,400,29,15,10,"red","1371"
"66e5312010b7e7f8074c81a7",108,400,36,30,10,"red","2321"
"67164c92298409e37c670b3d",13,400,27,13,20,"blue","3242"
"67164c92298409e37c670b3d",14,600,15,8,10,"blue","2321"
"67164c92298409e37c670b3d",15,500,15,2,20,"blue","2841"
"67164c92298409e37c670b3d",16,600,18,15,10,"blue","2467"
"67164c92298409e37c670b3d",17,500,28,21,20,"blue","3814"
"67164c92298409e37c670b3d",18,500,26,31,10,"blue","2921"
"67164c92298409e37c670b3d",19,600,24,13,10,"blue","2184"
"67164c92298409e37c670b3d",20,600,33,23,2,"blue","2027"
"67164c92298409e37c670b3d",21,500,33,33,10,"blue","2665"
"67164c92298409e37c670b3d",22,600,23,17,20,"blue","2623"
"67164c92298409e37c670b3d",23,400,29,15,2,"blue","1898"
"67164c92298409e37c670b3d",24,400,32,20,2,"blue","2343"
"67164c92298409e37c670b3d",25,400,25,18,20,"blue","1695"
"67164c92298409e37c670b3d",26,400,16,7,10,"blue","2471"
"67164c92298409e37c670b3d",27,500,22,23,2,"blue","1691"
"67164c92298409e37c670b3d",28,600,19,17,10,"blue","2609"
"67164c92298409e37c670b3d",29,500,25,14,20,"blue","2214"
"67164c92298409e37c670b3d",30,400,15,6,20,"blue","2123"
"67164c92298409e37c670b3d",31,600,26,20,20,"blue","2023"
"67164c92298409e37c670b3d",32,600,16,9,2,"blue","1837"
"67164c92298409e37c670b3d",33,600,25,10,20,"blue","1876"
"67164c92298409e37c670b3d",34,600,22,6,20,"blue","1445"
"67164c92298409e37c670b3d",35,400,28,39,10,"blue","1778"
"67164c92298409e37c670b3d",36,400,20,15,10,"blue","1960"
"67164c92298409e37c670b3d",37,400,28,20,2,"blue","2639"
"67164c92298409e37c670b3d",38,400,28,29,20,"blue","2146"
"67164c92298409e37c670b3d",39,400,24,16,2,"blue","2504"
"67164c92298409e37c670b3d",40,600,20,14,10,"blue","1944"
"67164c92298409e37c670b3d",41,400,24,30,10,"blue","2053"
"67164c92298409e37c670b3d",42,600,32,48,2,"blue","1426"
"67164c92298409e37c670b3d",43,400,34,48,2,"blue","1291"
"67164c92298409e37c670b3d",44,500,23,24,2,"blue","2018"
"67164c92298409e37c670b3d",45,600,14,9,10,"blue","1884"
"67164c92298409e37c670b3d",46,400,23,6,10,"blue","1281"
"67164c92298409e37c670b3d",47,500,31,19,2,"blue","1392"
"67164c92298409e37c670b3d",48,500,30,19,20,"blue","1721"
"67164c92298409e37c670b3d",49,400,18,6,2,"blue","1615"
"67164c92298409e37c670b3d",50,400,17,4,2,"blue","1570"
"67164c92298409e37c670b3d",51,600,27,9,2,"blue","1555"
"67164c92298409e37c670b3d",52,400,17,8,2,"blue","1227"
"67164c92298409e37c670b3d",53,600,24,21,10,"blue","1191"
"67164c92298409e37c670b3d",54,500,22,14,10,"blue","1178"
"67164c92298409e37c670b3d",55,400,31,38,20,"blue","1281"
"67164c92298409e37c670b3d",56,400,14,8,2,"blue","1212"
"67164c92298409e37c670b3d",57,400,22,13,20,"blue","1597"
"67164c92298409e37c670b3d",58,500,36,26,20,"blue","1562"
"67164c92298409e37c670b3d",59,600,30,31,10,"blue","1367"
"67164c92298409e37c670b3d",60,500,20,7,20,"blue","1336"
"67164c92298409e37c670b3d",61,400,24,8,2,"red","1348"
"67164c92298409e37c670b3d",62,600,27,25,2,"red","1233"
"67164c92298409e37c670b3d",63,400,20,11,2,"red","1168"
"67164c92298409e37c670b3d",64,400,22,15,20,"red","1453"
"67164c92298409e37c670b3d",65,500,34,29,2,"red","1344"
"67164c92298409e37c670b3d",66,600,23,16,2,"red","1602"
"67164c92298409e37c670b3d",67,600,27,21,10,"red","1441"
"67164c92298409e37c670b3d",68,600,28,15,20,"red","1248"
"67164c92298409e37c670b3d",69,400,19,11,2,"red","1875"
"67164c92298409e37c670b3d",70,600,18,5,20,"red","1896"
"67164c92298409e37c670b3d",71,600,25,13,20,"red","2285"
"67164c92298409e37c670b3d",72,600,21,10,20,"red","1371"
"67164c92298409e37c670b3d",73,500,28,26,2,"red","1639"
"67164c92298409e37c670b3d",74,500,36,0,20,"red","690"
"67164c92298409e37c670b3d",75,600,25,12,10,"red","1890"
"67164c92298409e37c670b3d",76,500,22,5,20,"red","2000"
"67164c92298409e37c670b3d",77,400,22,13,10,"red","1379"
"67164c92298409e37c670b3d",78,600,24,18,2,"red","1359"
"67164c92298409e37c670b3d",79,600,32,33,2,"red","1076"
"67164c92298409e37c670b3d",80,500,16,8,10,"red","1237"
"67164c92298409e37c670b3d",81,600,30,32,10,"red","1028"
"67164c92298409e37c670b3d",82,600,28,15,10,"red","1703"
"67164c92298409e37c670b3d",83,400,34,34,20,"red","1164"
"67164c92298409e37c670b3d",84,500,26,12,10,"red","1889"
"67164c92298409e37c670b3d",85,400,36,34,2,"red","1024"
"67164c92298409e37c670b3d",86,500,19,12,10,"red","1073"
"67164c92298409e37c670b3d",87,600,29,28,10,"red","1055"
"67164c92298409e37c670b3d",88,600,20,12,20,"red","1131"
"67164c92298409e37c670b3d",89,500,24,24,2,"red","1090"
"67164c92298409e37c670b3d",90,600,26,19,10,"red","1316"
"67164c92298409e37c670b3d",91,400,36,44,2,"red","1083"
"67164c92298409e37c670b3d",92,500,27,13,10,"red","1164"
"67164c92298409e37c670b3d",93,400,32,31,2,"red","863"
"67164c92298409e37c670b3d",94,400,30,40,2,"red","951"
"67164c92298409e37c670b3d",95,400,15,9,20,"red","985"
"67164c92298409e37c670b3d",96,400,22,14,20,"red","1432"
"67164c92298409e37c670b3d",97,600,14,11,10,"red","1030"
"67164c92298409e37c670b3d",98,600,32,29,20,"red","1015"
"67164c92298409e37c670b3d",99,600,19,22,10,"red","944"
"67164c92298409e37c670b3d",100,500,20,15,10,"red","805"
"67164c92298409e37c670b3d",101,400,23,21,10,"red","847"
"67164c92298409e37c670b3d",102,500,36,48,20,"red","1548"
"67164c92298409e37c670b3d",103,600,27,9,20,"red","812"
"67164c92298409e37c670b3d",104,400,19,12,2,"red","1818"
"67164c92298409e37c670b3d",105,500,14,3,20,"red","980"
"67164c92298409e37c670b3d",106,400,18,2,2,"red","925"
"67164c92298409e37c670b3d",107,500,22,12,10,"red","1044"
"67164c92298409e37c670b3d",108,600,23,11,20,"red","789"
"672268205351c30413c9837e",13,400,23,17,2,"blue","3334"
"672268205351c30413c9837e",14,400,35,22,20,"blue","2981"
"672268205351c30413c9837e",15,500,23,22,10,"blue","3759"
"672268205351c30413c9837e",16,400,17,17,20,"blue","2948"
"672268205351c30413c9837e",17,400,36,24,20,"blue","3634"
"672268205351c30413c9837e",18,400,31,29,20,"blue","3537"
"672268205351c30413c9837e",19,600,15,18,10,"blue","3249"
"672268205351c30413c9837e",20,600,14,10,20,"blue","3393"
"672268205351c30413c9837e",21,400,15,7,20,"blue","2765"
"672268205351c30413c9837e",22,500,27,20,10,"blue","4430"
"672268205351c30413c9837e",23,400,34,18,2,"blue","3033"
"672268205351c30413c9837e",24,400,31,26,20,"blue","4478"
"672268205351c30413c9837e",25,600,33,22,20,"blue","3910"
"672268205351c30413c9837e",26,500,15,13,2,"blue","2103"
"672268205351c30413c9837e",27,600,23,15,20,"blue","3601"
"672268205351c30413c9837e",28,400,23,16,2,"blue","3662"
"672268205351c30413c9837e",29,500,16,13,20,"blue","4475"
"672268205351c30413c9837e",30,600,15,12,20,"blue","5002"
"672268205351c30413c9837e",31,600,25,18,20,"blue","3770"
"672268205351c30413c9837e",32,400,30,25,20,"blue","2826"
"672268205351c30413c9837e",33,600,36,23,2,"blue","4492"
"672268205351c30413c9837e",34,600,16,19,20,"blue","5962"
"672268205351c30413c9837e",35,400,16,10,20,"blue","2154"
"672268205351c30413c9837e",36,600,21,24,20,"blue","2177"
"672268205351c30413c9837e",37,500,24,24,10,"blue","1922"
"672268205351c30413c9837e",38,500,26,21,2,"blue","2390"
"672268205351c30413c9837e",39,400,15,14,2,"blue","5981"
"672268205351c30413c9837e",40,600,24,10,2,"blue","8406"
"672268205351c30413c9837e",41,400,30,29,10,"blue","2001"
"672268205351c30413c9837e",42,400,18,13,2,"blue","2347"
"672268205351c30413c9837e",43,500,26,20,2,"blue","2070"
"672268205351c30413c9837e",44,600,23,22,10,"blue","2947"
"672268205351c30413c9837e",45,600,22,19,10,"blue","2449"
"672268205351c30413c9837e",46,600,15,17,10,"blue","3533"
"672268205351c30413c9837e",47,500,30,20,2,"blue","1553"
"672268205351c30413c9837e",48,600,32,29,10,"blue","2864"
"672268205351c30413c9837e",49,400,32,21,10,"blue","2662"
"672268205351c30413c9837e",50,400,17,17,2,"blue","63632"
"672268205351c30413c9837e",51,500,34,27,2,"blue","2629"
"672268205351c30413c9837e",52,400,34,30,10,"blue","3518"
"672268205351c30413c9837e",53,500,21,18,2,"blue","2442"
"672268205351c30413c9837e",54,400,24,24,2,"blue","3005"
"672268205351c30413c9837e",55,600,16,17,2,"blue","2124"
"672268205351c30413c9837e",56,500,36,29,10,"blue","2020"
"672268205351c30413c9837e",57,500,18,17,10,"blue","1444"
"672268205351c30413c9837e",58,600,21,8,10,"blue","317078"
"672268205351c30413c9837e",59,400,20,11,10,"blue","4477"
"672268205351c30413c9837e",60,600,23,18,10,"blue","8278"
"672268205351c30413c9837e",61,400,33,27,2,"red","3456"
"672268205351c30413c9837e",62,600,26,32,20,"red","2573"
"672268205351c30413c9837e",63,400,19,19,2,"red","2357"
"672268205351c30413c9837e",64,400,24,23,10,"red","3173"
"672268205351c30413c9837e",65,600,25,28,10,"red","2434"
"672268205351c30413c9837e",66,500,34,28,2,"red","2267"
"672268205351c30413c9837e",67,400,14,11,20,"red","2306"
"672268205351c30413c9837e",68,600,30,24,20,"red","1960"
"672268205351c30413c9837e",69,400,18,13,20,"red","3237"
"672268205351c30413c9837e",70,600,32,27,2,"red","2430"
"672268205351c30413c9837e",71,600,36,36,10,"red","2198"
"672268205351c30413c9837e",72,600,14,9,20,"red","2773"
"672268205351c30413c9837e",73,400,14,9,2,"red","1957"
"672268205351c30413c9837e",74,600,18,10,2,"red","1783"
"672268205351c30413c9837e",75,400,16,11,20,"red","2702"
"672268205351c30413c9837e",76,600,30,15,20,"red","43447"
"672268205351c30413c9837e",77,500,36,35,20,"red","1878"
"672268205351c30413c9837e",78,500,36,30,20,"red","2635"
"672268205351c30413c9837e",79,600,32,27,10,"red","1710"
"672268205351c30413c9837e",80,400,22,23,2,"red","1958"
"672268205351c30413c9837e",81,400,20,15,20,"red","1778"
"672268205351c30413c9837e",82,500,32,24,20,"red","2470"
"672268205351c30413c9837e",83,400,33,28,10,"red","3042"
"672268205351c30413c9837e",84,500,25,26,10,"red","1816"
"672268205351c30413c9837e",85,400,36,34,20,"red","2583"
"672268205351c30413c9837e",86,600,24,20,10,"red","2444"
"672268205351c30413c9837e",87,500,16,13,10,"red","2359"
"672268205351c30413c9837e",88,400,17,16,10,"red","1955"
"672268205351c30413c9837e",89,600,24,20,10,"red","2810"
"672268205351c30413c9837e",90,600,35,35,20,"red","232698"
"672268205351c30413c9837e",91,500,35,26,20,"red","2372"
"672268205351c30413c9837e",92,400,23,16,20,"red","2361"
"672268205351c30413c9837e",93,400,18,11,10,"red","1869"
"672268205351c30413c9837e",94,600,17,9,20,"red","1678"
"672268205351c30413c9837e",95,600,25,10,2,"red","1534"
"672268205351c30413c9837e",96,400,19,15,10,"red","1945"
"672268205351c30413c9837e",97,600,33,31,10,"red","2353"
"672268205351c30413c9837e",98,400,33,33,10,"red","2302"
"672268205351c30413c9837e",99,500,14,8,2,"red","1999"
"672268205351c30413c9837e",100,600,19,14,10,"red","2591"
"672268205351c30413c9837e",101,400,18,9,2,"red","1826"
"672268205351c30413c9837e",102,400,34,22,2,"red","2129"
"672268205351c30413c9837e",103,600,36,34,2,"red","1669"
"672268205351c30413c9837e",104,400,26,18,10,"red","4201"
"672268205351c30413c9837e",105,500,18,10,2,"red","1870"
"672268205351c30413c9837e",106,500,25,19,2,"red","2315"
"672268205351c30413c9837e",107,500,26,23,2,"red","2277"
"672268205351c30413c9837e",108,400,19,18,2,"red","2332"
"67246794a85893f571f01fcc",13,500,26,16,20,"red","3906"
"67246794a85893f571f01fcc",14,600,25,15,2,"red","16106"
"67246794a85893f571f01fcc",15,400,15,12,2,"red","11250"
"67246794a85893f571f01fcc",16,600,17,10,20,"red","4603"
"67246794a85893f571f01fcc",17,600,21,12,20,"red","6010"
"67246794a85893f571f01fcc",18,400,20,8,10,"red","8847"
"67246794a85893f571f01fcc",19,500,36,13,2,"red","7108"
"67246794a85893f571f01fcc",20,600,21,12,20,"red","9669"
"67246794a85893f571f01fcc",21,600,17,9,20,"red","28173"
"67246794a85893f571f01fcc",22,600,35,12,2,"red","5790"
"67246794a85893f571f01fcc",23,500,15,11,10,"red","7332"
"67246794a85893f571f01fcc",24,600,26,13,10,"red","6209"
"67246794a85893f571f01fcc",25,500,29,5,20,"red","15481"
"67246794a85893f571f01fcc",26,600,23,16,10,"red","33091"
"67246794a85893f571f01fcc",27,600,19,10,20,"red","12950"
"67246794a85893f571f01fcc",28,600,35,14,10,"red","7219"
"67246794a85893f571f01fcc",29,500,25,13,2,"red","5431"
"67246794a85893f571f01fcc",30,600,14,15,10,"red","6797"
"67246794a85893f571f01fcc",31,500,36,10,10,"red","17011"
"67246794a85893f571f01fcc",32,500,24,8,10,"red","6819"
"67246794a85893f571f01fcc",33,400,35,10,10,"red","24053"
"67246794a85893f571f01fcc",34,400,28,11,10,"red","5648"
"67246794a85893f571f01fcc",35,400,21,11,20,"red","26363"
"67246794a85893f571f01fcc",36,500,31,9,2,"red","10799"
"67246794a85893f571f01fcc",37,400,20,12,10,"red","5115"
"67246794a85893f571f01fcc",38,600,20,8,20,"red","7981"
"67246794a85893f571f01fcc",39,400,28,12,2,"red","19454"
"67246794a85893f571f01fcc",40,400,18,6,10,"red","58186"
"67246794a85893f571f01fcc",41,600,22,13,2,"red","9681"
"67246794a85893f571f01fcc",42,600,35,7,20,"red","23748"
"67246794a85893f571f01fcc",43,400,34,10,10,"red","120025"
"67246794a85893f571f01fcc",44,600,22,11,10,"red","65286"
"67246794a85893f571f01fcc",45,500,24,9,10,"red","39547"
"67246794a85893f571f01fcc",46,600,34,8,2,"red","103316"
"67246794a85893f571f01fcc",47,500,29,4,20,"red","37705"
"67246794a85893f571f01fcc",48,600,36,1,2,"red","39607"
"67246794a85893f571f01fcc",49,400,35,0,2,"red","8335"
"67246794a85893f571f01fcc",50,500,29,0,2,"red","3976"
"67246794a85893f571f01fcc",51,400,31,0,20,"red","2289"
"67246794a85893f571f01fcc",52,400,29,1,10,"red","5751"
"67246794a85893f571f01fcc",53,600,26,0,2,"red","8083"
"67246794a85893f571f01fcc",54,600,34,3,20,"red","8221"
"67246794a85893f571f01fcc",55,600,20,1,2,"red","6768"
"67246794a85893f571f01fcc",56,600,31,4,20,"red","8241"
"67246794a85893f571f01fcc",57,500,14,0,2,"red","4046"
"67246794a85893f571f01fcc",58,400,15,7,20,"red","4755"
"67246794a85893f571f01fcc",59,400,16,3,2,"red","9462"
"67246794a85893f571f01fcc",60,500,15,7,20,"red","21438"
"67246794a85893f571f01fcc",61,400,18,0,2,"blue","13036"
"67246794a85893f571f01fcc",62,400,20,4,20,"blue","49856"
"67246794a85893f571f01fcc",63,600,27,0,20,"blue","2700"
"67246794a85893f571f01fcc",64,500,36,2,2,"blue","11982"
"67246794a85893f571f01fcc",65,400,30,3,10,"blue","7171"
"67246794a85893f571f01fcc",66,500,22,1,20,"blue","7626"
"67246794a85893f571f01fcc",67,500,18,3,2,"blue","8862"
"67246794a85893f571f01fcc",68,600,20,0,10,"blue","3137"
"67246794a85893f571f01fcc",69,600,28,0,10,"blue","5917"
"67246794a85893f571f01fcc",70,400,22,0,2,"blue","2693"
"67246794a85893f571f01fcc",71,500,23,0,2,"blue","22268"
"67246794a85893f571f01fcc",72,500,34,1,20,"blue","2558"
"67246794a85893f571f01fcc",73,400,17,0,10,"blue","3402"
"67246794a85893f571f01fcc",74,400,20,1,2,"blue","14396"
"67246794a85893f571f01fcc",75,600,21,0,20,"blue","2998"
"67246794a85893f571f01fcc",76,500,15,0,10,"blue","7862"
"67246794a85893f571f01fcc",77,400,20,0,2,"blue","9938"
"67246794a85893f571f01fcc",78,500,36,0,20,"blue","3755"
"67246794a85893f571f01fcc",79,600,22,1,20,"blue","9961"
"67246794a85893f571f01fcc",80,400,26,0,10,"blue","9161"
"67246794a85893f571f01fcc",81,600,34,1,10,"blue","5081"
"67246794a85893f571f01fcc",82,600,25,8,2,"blue","17729"
"67246794a85893f571f01fcc",83,600,33,0,2,"blue","3116"
"67246794a85893f571f01fcc",84,400,20,1,20,"blue","3476"
"67246794a85893f571f01fcc",85,400,25,0,10,"blue","8835"
"67246794a85893f571f01fcc",86,600,16,0,20,"blue","7147"
"67246794a85893f571f01fcc",87,400,28,15,10,"blue","9455"
"67246794a85893f571f01fcc",88,400,22,3,20,"blue","6619"
"67246794a85893f571f01fcc",89,600,36,4,10,"blue","5490"
"67246794a85893f571f01fcc",90,400,28,0,20,"blue","2661"
"67246794a85893f571f01fcc",91,600,17,3,20,"blue","2960"
"67246794a85893f571f01fcc",92,400,21,0,2,"blue","9997"
"67246794a85893f571f01fcc",93,400,22,9,2,"blue","8122"
"67246794a85893f571f01fcc",94,500,26,0,20,"blue","1954"
"67246794a85893f571f01fcc",95,500,16,0,10,"blue","9647"
"67246794a85893f571f01fcc",96,400,16,2,2,"blue","3255"
"67246794a85893f571f01fcc",97,600,17,0,2,"blue","4400"
"67246794a85893f571f01fcc",98,500,18,2,2,"blue","5528"
"67246794a85893f571f01fcc",99,400,22,3,10,"blue","17008"
"67246794a85893f571f01fcc",100,500,28,0,2,"blue","29000"
"67246794a85893f571f01fcc",101,400,18,9,10,"blue","7122"
"67246794a85893f571f01fcc",102,500,23,1,20,"blue","7461"
"67246794a85893f571f01fcc",103,500,28,0,10,"blue","3033"
"67246794a85893f571f01fcc",104,400,33,5,2,"blue","32715"
"67246794a85893f571f01fcc",105,500,22,4,20,"blue","16918"
"67246794a85893f571f01fcc",106,400,29,2,10,"blue","6653"
"67246794a85893f571f01fcc",107,600,22,6,20,"blue","24285"
"67246794a85893f571f01fcc",108,400,17,7,10,"blue","20555"
"67322550bd5dfa0cd2958366",13,600,23,26,20,"red","3355"
"67322550bd5dfa0cd2958366",14,600,31,29,20,"red","2794"
"67322550bd5dfa0cd2958366",15,600,31,34,10,"red","1826"
"67322550bd5dfa0cd2958366",16,500,26,26,2,"red","3243"
"67322550bd5dfa0cd2958366",17,400,25,29,10,"red","2161"
"67322550bd5dfa0cd2958366",18,500,18,14,2,"red","1877"
"67322550bd5dfa0cd2958366",19,400,30,35,20,"red","3694"
"67322550bd5dfa0cd2958366",20,400,15,15,2,"red","2542"
"67322550bd5dfa0cd2958366",21,400,20,21,10,"red","1576"
"67322550bd5dfa0cd2958366",22,400,24,25,10,"red","1144"
"67322550bd5dfa0cd2958366",23,500,17,25,20,"red","1843"
"67322550bd5dfa0cd2958366",24,500,15,17,10,"red","2245"
"67322550bd5dfa0cd2958366",25,500,31,35,10,"red","2861"
"67322550bd5dfa0cd2958366",26,600,14,16,2,"red","1658"
"67322550bd5dfa0cd2958366",27,500,26,28,2,"red","1912"
"67322550bd5dfa0cd2958366",28,600,33,34,2,"red","2328"
"67322550bd5dfa0cd2958366",29,500,27,32,20,"red","1578"
"67322550bd5dfa0cd2958366",30,500,30,31,20,"red","1712"
"67322550bd5dfa0cd2958366",31,400,14,16,2,"red","1627"
"67322550bd5dfa0cd2958366",32,400,30,33,10,"red","2526"
"67322550bd5dfa0cd2958366",33,600,18,22,20,"red","2178"
"67322550bd5dfa0cd2958366",34,400,36,38,10,"red","1629"
"67322550bd5dfa0cd2958366",35,500,15,18,2,"red","2026"
"67322550bd5dfa0cd2958366",36,400,18,25,10,"red","2009"
"67322550bd5dfa0cd2958366",37,400,23,21,2,"red","1809"
"67322550bd5dfa0cd2958366",38,500,21,26,20,"red","1276"
"67322550bd5dfa0cd2958366",39,400,31,39,20,"red","2045"
"67322550bd5dfa0cd2958366",40,600,33,37,20,"red","1658"
"67322550bd5dfa0cd2958366",41,600,29,36,10,"red","1978"
"67322550bd5dfa0cd2958366",42,500,31,30,20,"red","2810"
"67322550bd5dfa0cd2958366",43,500,29,34,20,"red","1626"
"67322550bd5dfa0cd2958366",44,600,20,26,10,"red","1275"
"67322550bd5dfa0cd2958366",45,500,27,25,2,"red","1278"
"67322550bd5dfa0cd2958366",46,400,23,31,20,"red","1444"
"67322550bd5dfa0cd2958366",47,500,23,25,10,"red","1945"
"67322550bd5dfa0cd2958366",48,500,23,30,2,"red","1326"
"67322550bd5dfa0cd2958366",49,400,30,25,2,"red","2243"
"67322550bd5dfa0cd2958366",50,600,25,25,2,"red","2242"
"67322550bd5dfa0cd2958366",51,500,26,26,10,"red","1592"
"67322550bd5dfa0cd2958366",52,500,21,21,20,"red","1361"
"67322550bd5dfa0cd2958366",53,600,32,30,2,"red","2061"
"67322550bd5dfa0cd2958366",54,600,30,27,2,"red","1626"
"67322550bd5dfa0cd2958366",55,600,26,24,20,"red","1209"
"67322550bd5dfa0cd2958366",56,600,21,20,20,"red","1642"
"67322550bd5dfa0cd2958366",57,400,15,16,10,"red","1996"
"67322550bd5dfa0cd2958366",58,500,28,27,2,"red","2362"
"67322550bd5dfa0cd2958366",59,600,26,28,10,"red","1443"
"67322550bd5dfa0cd2958366",60,400,20,21,10,"red","1627"
"67322550bd5dfa0cd2958366",61,400,31,30,10,"blue","2383"
"67322550bd5dfa0cd2958366",62,500,24,26,10,"blue","2062"
"67322550bd5dfa0cd2958366",63,600,20,19,20,"blue","1393"
"67322550bd5dfa0cd2958366",64,500,21,18,2,"blue","1344"
"67322550bd5dfa0cd2958366",65,600,32,33,10,"blue","3578"
"67322550bd5dfa0cd2958366",66,400,34,36,2,"blue","2108"
"67322550bd5dfa0cd2958366",67,600,32,35,2,"blue","2314"
"67322550bd5dfa0cd2958366",68,500,17,20,10,"blue","1841"
"67322550bd5dfa0cd2958366",69,400,20,18,2,"blue","2042"
"67322550bd5dfa0cd2958366",70,500,30,28,10,"blue","2277"
"67322550bd5dfa0cd2958366",71,600,17,17,20,"blue","3293"
"67322550bd5dfa0cd2958366",72,600,36,40,2,"blue","1993"
"67322550bd5dfa0cd2958366",73,600,25,25,10,"blue","1925"
"67322550bd5dfa0cd2958366",74,600,21,22,20,"blue","1325"
"67322550bd5dfa0cd2958366",75,400,26,25,10,"blue","1893"
"67322550bd5dfa0cd2958366",76,500,15,18,10,"blue","2044"
"67322550bd5dfa0cd2958366",77,400,27,22,20,"blue","2092"
"67322550bd5dfa0cd2958366",78,500,23,18,2,"blue","1494"
"67322550bd5dfa0cd2958366",79,400,23,22,20,"blue","3025"
"67322550bd5dfa0cd2958366",80,500,31,27,20,"blue","2176"
"67322550bd5dfa0cd2958366",81,600,32,29,2,"blue","2576"
"67322550bd5dfa0cd2958366",82,600,31,29,20,"blue","1293"
"67322550bd5dfa0cd2958366",83,400,31,28,10,"blue","1426"
"67322550bd5dfa0cd2958366",84,600,35,32,20,"blue","1543"
"67322550bd5dfa0cd2958366",85,400,21,18,2,"blue","1543"
"67322550bd5dfa0cd2958366",86,600,30,29,10,"blue","1342"
"67322550bd5dfa0cd2958366",87,400,14,10,2,"blue","1744"
"67322550bd5dfa0cd2958366",88,600,35,34,10,"blue","2459"
"67322550bd5dfa0cd2958366",89,600,18,23,10,"blue","2459"
"67322550bd5dfa0cd2958366",90,500,36,32,2,"blue","1943"
"67322550bd5dfa0cd2958366",91,400,19,22,20,"blue","1792"
"67322550bd5dfa0cd2958366",92,600,17,16,2,"blue","1693"
"67322550bd5dfa0cd2958366",93,500,28,33,10,"blue","2611"
"67322550bd5dfa0cd2958366",94,400,15,15,20,"blue","2209"
"67322550bd5dfa0cd2958366",95,500,23,19,20,"blue","2326"
"67322550bd5dfa0cd2958366",96,600,36,36,2,"blue","1943"
"67322550bd5dfa0cd2958366",97,400,36,38,10,"blue","1759"
"67322550bd5dfa0cd2958366",98,500,23,20,20,"blue","1761"
"67322550bd5dfa0cd2958366",99,400,23,22,2,"blue","1541"
"67322550bd5dfa0cd2958366",100,500,28,21,20,"blue","1293"
"67322550bd5dfa0cd2958366",101,600,24,19,2,"blue","1443"
"67322550bd5dfa0cd2958366",102,600,21,21,10,"blue","1343"
"67322550bd5dfa0cd2958366",103,400,14,11,10,"blue","1860"
"67322550bd5dfa0cd2958366",104,400,15,14,20,"blue","1210"
"67322550bd5dfa0cd2958366",105,400,31,38,20,"blue","2759"
"67322550bd5dfa0cd2958366",106,600,23,17,2,"blue","1643"
"67322550bd5dfa0cd2958366",107,500,26,18,2,"blue","1409"
"67322550bd5dfa0cd2958366",108,500,31,25,20,"blue","1109"
"67d9625169884c7fdecaf0a6",13,400,22,16,2,"red","8078"
"67d9625169884c7fdecaf0a6",14,400,18,13,20,"red","2357"
"67d9625169884c7fdecaf0a6",15,500,35,13,2,"red","2468"
"67d9625169884c7fdecaf0a6",16,400,18,19,2,"red","1795"
"67d9625169884c7fdecaf0a6",17,600,25,12,20,"red","19831"
"67d9625169884c7fdecaf0a6",18,600,17,13,20,"red","1951"
"67d9625169884c7fdecaf0a6",19,400,16,17,2,"red","3062"
"67d9625169884c7fdecaf0a6",20,400,25,27,10,"red","1807"
"67d9625169884c7fdecaf0a6",21,600,34,16,10,"red","1827"
"67d9625169884c7fdecaf0a6",22,500,31,14,2,"red","6796"
"67d9625169884c7fdecaf0a6",23,600,27,12,20,"red","3377"
"67d9625169884c7fdecaf0a6",24,500,24,19,2,"red","2357"
"67d9625169884c7fdecaf0a6",25,400,23,27,20,"red","2045"
"67d9625169884c7fdecaf0a6",26,400,31,16,20,"red","4719"
"67d9625169884c7fdecaf0a6",27,400,34,18,10,"red","1593"
"67d9625169884c7fdecaf0a6",28,500,17,21,10,"red","3339"
"67d9625169884c7fdecaf0a6",29,400,20,14,2,"red","2439"
"67d9625169884c7fdecaf0a6",30,400,34,31,2,"red","2470"
"67d9625169884c7fdecaf0a6",31,600,31,18,10,"red","3294"
"67d9625169884c7fdecaf0a6",32,600,24,18,20,"red","7382"
"67d9625169884c7fdecaf0a6",33,500,21,21,20,"red","2250"
"67d9625169884c7fdecaf0a6",34,500,14,24,10,"red","2141"
"67d9625169884c7fdecaf0a6",35,500,33,22,20,"red","4123"
"67d9625169884c7fdecaf0a6",36,600,31,29,20,"red","2282"
"67d9625169884c7fdecaf0a6",37,600,32,34,10,"red","2892"
"67d9625169884c7fdecaf0a6",38,400,18,28,20,"red","3667"
"67d9625169884c7fdecaf0a6",39,400,35,20,2,"red","47521"
"67d9625169884c7fdecaf0a6",40,400,16,21,10,"red","3389"
"67d9625169884c7fdecaf0a6",41,400,32,25,20,"red","3096"
"67d9625169884c7fdecaf0a6",42,500,31,25,20,"red","2169"
"67d9625169884c7fdecaf0a6",43,500,25,23,10,"red","1610"
"67d9625169884c7fdecaf0a6",44,600,27,24,10,"red","3729"
"67d9625169884c7fdecaf0a6",45,600,29,16,2,"red","3366"
"67d9625169884c7fdecaf0a6",46,500,29,24,10,"red","2160"
"67d9625169884c7fdecaf0a6",47,500,20,24,2,"red","3861"
"67d9625169884c7fdecaf0a6",48,400,32,20,10,"red","2886"
"67d9625169884c7fdecaf0a6",49,400,16,22,20,"red","1990"
"67d9625169884c7fdecaf0a6",50,600,27,22,2,"red","1483"
"67d9625169884c7fdecaf0a6",51,400,30,21,2,"red","1766"
"67d9625169884c7fdecaf0a6",52,500,24,25,2,"red","1923"
"67d9625169884c7fdecaf0a6",53,600,36,21,2,"red","2252"
"67d9625169884c7fdecaf0a6",54,500,34,20,20,"red","4372"
"67d9625169884c7fdecaf0a6",55,600,32,23,20,"red","4469"
"67d9625169884c7fdecaf0a6",56,500,20,17,2,"red","3717"
"67d9625169884c7fdecaf0a6",57,500,14,17,10,"red","1762"
"67d9625169884c7fdecaf0a6",58,600,20,20,10,"red","12375"
"67d9625169884c7fdecaf0a6",59,400,35,20,10,"red","5471"
"67d9625169884c7fdecaf0a6",60,500,25,17,10,"red","10663"
"67d9625169884c7fdecaf0a6",61,600,28,19,2,"blue","2797"
"67d9625169884c7fdecaf0a6",62,500,31,22,2,"blue","3205"
"67d9625169884c7fdecaf0a6",63,500,21,20,2,"blue","2989"
"67d9625169884c7fdecaf0a6",64,500,32,21,2,"blue","2094"
"67d9625169884c7fdecaf0a6",65,600,17,21,10,"blue","2489"
"67d9625169884c7fdecaf0a6",66,600,17,18,2,"blue","3045"
"67d9625169884c7fdecaf0a6",67,400,33,17,2,"blue","3068"
"67d9625169884c7fdecaf0a6",68,500,33,23,20,"blue","4557"
"67d9625169884c7fdecaf0a6",69,400,24,18,2,"blue","2735"
"67d9625169884c7fdecaf0a6",70,500,24,22,10,"blue","1579"
"67d9625169884c7fdecaf0a6",71,500,34,19,2,"blue","2172"
"67d9625169884c7fdecaf0a6",72,400,22,17,10,"blue","5705"
"67d9625169884c7fdecaf0a6",73,400,19,15,20,"blue","1953"
"67d9625169884c7fdecaf0a6",74,600,30,19,10,"blue","2421"
"67d9625169884c7fdecaf0a6",75,400,36,21,10,"blue","1875"
"67d9625169884c7fdecaf0a6",76,400,36,25,20,"blue","3455"
"67d9625169884c7fdecaf0a6",77,500,25,20,2,"blue","1939"
"67d9625169884c7fdecaf0a6",78,500,14,22,20,"blue","3503"
"67d9625169884c7fdecaf0a6",79,500,14,24,20,"blue","2391"
"67d9625169884c7fdecaf0a6",80,400,16,20,2,"blue","2795"
"67d9625169884c7fdecaf0a6",81,500,33,20,10,"blue","1475"
"67d9625169884c7fdecaf0a6",82,600,32,19,2,"blue","1892"
"67d9625169884c7fdecaf0a6",83,600,26,21,20,"blue","3091"
"67d9625169884c7fdecaf0a6",84,600,30,14,20,"blue","2045"
"67d9625169884c7fdecaf0a6",85,500,31,18,10,"blue","4376"
"67d9625169884c7fdecaf0a6",86,500,33,22,20,"blue","2375"
"67d9625169884c7fdecaf0a6",87,600,24,25,20,"blue","2189"
"67d9625169884c7fdecaf0a6",88,400,36,20,20,"blue","6701"
"67d9625169884c7fdecaf0a6",89,600,33,19,10,"blue","1812"
"67d9625169884c7fdecaf0a6",90,600,17,23,10,"blue","2923"
"67d9625169884c7fdecaf0a6",91,500,16,21,20,"blue","3801"
"67d9625169884c7fdecaf0a6",92,600,25,23,20,"blue","2711"
"67d9625169884c7fdecaf0a6",93,500,33,27,10,"blue","2048"
"67d9625169884c7fdecaf0a6",94,500,28,24,20,"blue","2295"
"67d9625169884c7fdecaf0a6",95,400,29,24,20,"blue","3078"
"67d9625169884c7fdecaf0a6",96,500,14,24,10,"blue","1830"
"67d9625169884c7fdecaf0a6",97,600,29,25,10,"blue","3391"
"67d9625169884c7fdecaf0a6",98,600,16,18,2,"blue","2700"
"67d9625169884c7fdecaf0a6",99,600,27,24,10,"blue","2236"
"67d9625169884c7fdecaf0a6",100,400,30,21,10,"blue","2906"
"67d9625169884c7fdecaf0a6",101,600,28,24,2,"blue","2109"
"67d9625169884c7fdecaf0a6",102,600,22,23,2,"blue","2121"
"67d9625169884c7fdecaf0a6",103,400,28,16,2,"blue","1862"
"67d9625169884c7fdecaf0a6",104,400,14,21,10,"blue","13641"
"67d9625169884c7fdecaf0a6",105,600,18,21,10,"blue","3700"
"67d9625169884c7fdecaf0a6",106,500,19,23,2,"blue","5782"
"67d9625169884c7fdecaf0a6",107,600,17,18,20,"blue","3778"
"67d9625169884c7fdecaf0a6",108,500,31,19,20,"blue","2687"
"67db7e4c396dc0b285673810",13,600,22,9,2,"red","5451"
"67db7e4c396dc0b285673810",14,400,17,13,10,"red","8329"
"67db7e4c396dc0b285673810",15,600,29,25,20,"red","6333"
"67db7e4c396dc0b285673810",16,600,34,36,10,"red","6280"
"67db7e4c396dc0b285673810",17,600,34,45,2,"red","4241"
"67db7e4c396dc0b285673810",18,600,28,16,2,"red","10007"
"67db7e4c396dc0b285673810",19,600,18,16,10,"red","51308"
"67db7e4c396dc0b285673810",20,600,17,12,10,"red","85076"
"67db7e4c396dc0b285673810",21,600,19,8,20,"red","7430"
"67db7e4c396dc0b285673810",22,500,19,10,20,"red","7372"
"67db7e4c396dc0b285673810",23,500,15,18,10,"red","8270"
"67db7e4c396dc0b285673810",24,600,25,18,2,"red","68512"
"67db7e4c396dc0b285673810",25,500,29,25,20,"red","6423"
"67db7e4c396dc0b285673810",26,600,17,27,20,"red","7257"
"67db7e4c396dc0b285673810",27,500,16,19,2,"red","110082"
"67db7e4c396dc0b285673810",28,400,30,32,2,"red","4081"
"67db7e4c396dc0b285673810",29,500,19,24,10,"red","8308"
"67db7e4c396dc0b285673810",30,600,29,32,10,"red","6552"
"67db7e4c396dc0b285673810",31,600,32,33,20,"red","15605"
"67db7e4c396dc0b285673810",32,600,14,11,2,"red","6256"
"67db7e4c396dc0b285673810",33,400,34,40,10,"red","4108"
"67db7e4c396dc0b285673810",34,600,36,35,2,"red","7378"
"67db7e4c396dc0b285673810",35,400,28,28,2,"red","66787"
"67db7e4c396dc0b285673810",36,500,33,33,10,"red","6317"
"67db7e4c396dc0b285673810",37,600,31,26,20,"red","7098"
"67db7e4c396dc0b285673810",38,500,24,20,20,"red","17947"
"67db7e4c396dc0b285673810",39,600,26,27,2,"red","47507"
"67db7e4c396dc0b285673810",40,600,35,25,20,"red","131586"
"67db7e4c396dc0b285673810",41,400,20,17,20,"red","4663"
"67db7e4c396dc0b285673810",42,400,35,35,2,"red","6297"
"67db7e4c396dc0b285673810",43,600,15,25,10,"red","7110"
"67db7e4c396dc0b285673810",44,500,31,29,10,"red","6323"
"67db7e4c396dc0b285673810",45,500,16,13,20,"red","5936"
"67db7e4c396dc0b285673810",46,500,16,8,20,"red","7361"
"67db7e4c396dc0b285673810",47,500,23,24,10,"red","6778"
"67db7e4c396dc0b285673810",48,400,26,14,10,"red","9201"
"67db7e4c396dc0b285673810",49,400,26,18,20,"red","14399"
"67db7e4c396dc0b285673810",50,500,23,25,20,"red","9495"
"67db7e4c396dc0b285673810",51,400,29,29,2,"red","6484"
"67db7e4c396dc0b285673810",52,600,16,22,10,"red","12034"
"67db7e4c396dc0b285673810",53,500,14,15,20,"red","21410"
"67db7e4c396dc0b285673810",54,600,18,16,2,"red","30833"
"67db7e4c396dc0b285673810",55,400,31,27,10,"red","9516"
"67db7e4c396dc0b285673810",56,500,16,12,2,"red","6126"
"67db7e4c396dc0b285673810",57,600,29,23,2,"red","10231"
"67db7e4c396dc0b285673810",58,600,26,26,20,"red","11569"
"67db7e4c396dc0b285673810",59,600,33,27,10,"red","5637"
"67db7e4c396dc0b285673810",60,500,15,12,2,"red","5844"
"67db7e4c396dc0b285673810",61,500,21,20,20,"blue","4399"
"67db7e4c396dc0b285673810",62,400,20,23,2,"blue","5139"
"67db7e4c396dc0b285673810",63,500,35,40,2,"blue","3390"
"67db7e4c396dc0b285673810",64,500,17,10,10,"blue","6529"
"67db7e4c396dc0b285673810",65,400,17,15,2,"blue","13413"
"67db7e4c396dc0b285673810",66,500,31,21,10,"blue","8362"
"67db7e4c396dc0b285673810",67,500,32,26,10,"blue","11809"
"67db7e4c396dc0b285673810",68,500,15,18,10,"blue","19237"
"67db7e4c396dc0b285673810",69,400,29,19,20,"blue","8719"
"67db7e4c396dc0b285673810",70,600,26,21,20,"blue","6679"
"67db7e4c396dc0b285673810",71,500,15,18,10,"blue","10678"
"67db7e4c396dc0b285673810",72,500,15,20,10,"blue","74079"
"67db7e4c396dc0b285673810",73,400,18,20,2,"blue","8431"
"67db7e4c396dc0b285673810",74,500,17,18,2,"blue","4401"
"67db7e4c396dc0b285673810",75,400,22,17,20,"blue","5577"
"67db7e4c396dc0b285673810",76,400,15,13,2,"blue","6150"
"67db7e4c396dc0b285673810",77,400,29,22,20,"blue","5704"
"67db7e4c396dc0b285673810",78,400,34,21,10,"blue","5869"
"67db7e4c396dc0b285673810",79,400,33,31,10,"blue","4096"
"67db7e4c396dc0b285673810",80,500,29,29,2,"blue","10275"
"67db7e4c396dc0b285673810",81,400,30,32,20,"blue","5259"
"67db7e4c396dc0b285673810",82,500,15,22,2,"blue","16599"
"67db7e4c396dc0b285673810",83,600,34,27,2,"blue","6558"
"67db7e4c396dc0b285673810",84,400,30,26,20,"blue","7449"
"67db7e4c396dc0b285673810",85,600,17,24,10,"blue","7187"
"67db7e4c396dc0b285673810",86,500,14,10,2,"blue","10279"
"67db7e4c396dc0b285673810",87,600,23,26,10,"blue","10874"
"67db7e4c396dc0b285673810",88,500,25,26,20,"blue","27965"
"67db7e4c396dc0b285673810",89,400,35,32,10,"blue","6584"
"67db7e4c396dc0b285673810",90,500,21,18,10,"blue","8274"
"67db7e4c396dc0b285673810",91,400,34,20,10,"blue","5784"
"67db7e4c396dc0b285673810",92,400,32,21,20,"blue","7738"
"67db7e4c396dc0b285673810",93,600,34,20,2,"blue","14305"
"67db7e4c396dc0b285673810",94,600,18,16,20,"blue","7895"
"67db7e4c396dc0b285673810",95,500,35,24,10,"blue","10284"
"67db7e4c396dc0b285673810",96,400,14,21,10,"blue","15765"
"67db7e4c396dc0b285673810",97,600,14,19,20,"blue","17921"
"67db7e4c396dc0b285673810",98,500,31,23,20,"blue","7622"
"67db7e4c396dc0b285673810",99,600,22,18,20,"blue","19814"
"67db7e4c396dc0b285673810",100,400,17,12,20,"blue","43162"
"67db7e4c396dc0b285673810",101,600,19,10,2,"blue","4993"
"67db7e4c396dc0b285673810",102,400,26,22,2,"blue","6713"
"67db7e4c396dc0b285673810",103,400,20,18,2,"blue","12613"
"67db7e4c396dc0b285673810",104,600,19,20,2,"blue","10688"
"67db7e4c396dc0b285673810",105,500,34,20,20,"blue","5531"
"67db7e4c396dc0b285673810",106,400,27,19,2,"blue","12917"
"67db7e4c396dc0b285673810",107,600,31,20,10,"blue","10003"
"67db7e4c396dc0b285673810",108,500,30,16,20,"blue","6719"
"67dd46602623d4bf857f7fa2",13,600,33,35,20,"red","3198"
"67dd46602623d4bf857f7fa2",14,600,21,24,20,"red","3238"
"67dd46602623d4bf857f7fa2",15,500,27,26,10,"red","3611"
"67dd46602623d4bf857f7fa2",16,400,31,23,20,"red","2618"
"67dd46602623d4bf857f7fa2",17,400,19,21,2,"red","15276"
"67dd46602623d4bf857f7fa2",18,600,22,23,20,"red","3631"
"67dd46602623d4bf857f7fa2",19,500,21,22,20,"red","3287"
"67dd46602623d4bf857f7fa2",20,600,20,17,20,"red","2584"
"67dd46602623d4bf857f7fa2",21,500,18,16,2,"red","9513"
"67dd46602623d4bf857f7fa2",22,600,32,37,2,"red","3449"
"67dd46602623d4bf857f7fa2",23,500,14,28,20,"red","8682"
"67dd46602623d4bf857f7fa2",24,500,33,36,10,"red","2650"
"67dd46602623d4bf857f7fa2",25,600,22,35,10,"red","5439"
"67dd46602623d4bf857f7fa2",26,400,32,36,20,"red","4096"
"67dd46602623d4bf857f7fa2",27,600,19,17,20,"red","3482"
"67dd46602623d4bf857f7fa2",28,600,30,32,10,"red","90106"
"67dd46602623d4bf857f7fa2",29,400,22,22,10,"red","7309"
"67dd46602623d4bf857f7fa2",30,500,24,23,2,"red","13454"
"67dd46602623d4bf857f7fa2",31,500,29,23,10,"red","4601"
"67dd46602623d4bf857f7fa2",32,400,34,32,2,"red","3301"
"67dd46602623d4bf857f7fa2",33,400,14,17,2,"red","3699"
"67dd46602623d4bf857f7fa2",34,500,14,22,2,"red","2085"
"67dd46602623d4bf857f7fa2",35,400,29,34,2,"red","2574"
"67dd46602623d4bf857f7fa2",36,400,26,31,10,"red","4515"
"67dd46602623d4bf857f7fa2",37,400,34,37,20,"red","6293"
"67dd46602623d4bf857f7fa2",38,400,18,27,20,"red","7787"
"67dd46602623d4bf857f7fa2",39,500,22,30,10,"red","3300"
"67dd46602623d4bf857f7fa2",40,600,14,21,20,"red","79699"
"67dd46602623d4bf857f7fa2",41,400,32,18,2,"red","4310"
"67dd46602623d4bf857f7fa2",42,600,15,20,10,"red","3339"
"67dd46602623d4bf857f7fa2",43,500,31,21,10,"red","3017"
"67dd46602623d4bf857f7fa2",44,400,22,27,20,"red","2552"
"67dd46602623d4bf857f7fa2",45,500,25,21,20,"red","4056"
"67dd46602623d4bf857f7fa2",46,500,22,22,10,"red","3846"
"67dd46602623d4bf857f7fa2",47,400,17,23,10,"red","4888"
"67dd46602623d4bf857f7fa2",48,500,35,27,20,"red","4091"
"67dd46602623d4bf857f7fa2",49,400,15,20,10,"red","4255"
"67dd46602623d4bf857f7fa2",50,500,32,35,2,"red","2749"
"67dd46602623d4bf857f7fa2",51,400,26,18,10,"red","3895"
"67dd46602623d4bf857f7fa2",52,400,29,19,10,"red","332901"
"67dd46602623d4bf857f7fa2",53,400,18,16,10,"red","5432"
"67dd46602623d4bf857f7fa2",54,400,15,18,2,"red","14906"
"67dd46602623d4bf857f7fa2",55,400,22,20,2,"red","20847"
"67dd46602623d4bf857f7fa2",56,500,17,18,2,"red","10758"
"67dd46602623d4bf857f7fa2",57,600,22,12,2,"red","21399"
"67dd46602623d4bf857f7fa2",58,400,25,14,2,"red","2853"
"67dd46602623d4bf857f7fa2",59,500,21,23,20,"red","71236"
"67dd46602623d4bf857f7fa2",60,600,16,16,2,"red","3208"
"67dd46602623d4bf857f7fa2",61,500,27,18,10,"blue","4983"
"67dd46602623d4bf857f7fa2",62,600,32,16,2,"blue","3174"
"67dd46602623d4bf857f7fa2",63,600,18,13,20,"blue","2814"
"67dd46602623d4bf857f7fa2",64,500,14,19,20,"blue","3664"
"67dd46602623d4bf857f7fa2",65,500,24,21,20,"blue","2644"
"67dd46602623d4bf857f7fa2",66,600,16,20,20,"blue","4716"
"67dd46602623d4bf857f7fa2",67,600,24,18,10,"blue","5434"
"67dd46602623d4bf857f7fa2",68,400,22,19,20,"blue","4299"
"67dd46602623d4bf857f7fa2",69,600,28,26,2,"blue","6079"
"67dd46602623d4bf857f7fa2",70,400,33,20,20,"blue","2886"
"67dd46602623d4bf857f7fa2",71,500,15,18,2,"blue","5983"
"67dd46602623d4bf857f7fa2",72,600,14,10,10,"blue","3987"
"67dd46602623d4bf857f7fa2",73,500,32,18,2,"blue","85344"
"67dd46602623d4bf857f7fa2",74,600,26,19,2,"blue","3848"
"67dd46602623d4bf857f7fa2",75,400,35,20,20,"blue","4760"
"67dd46602623d4bf857f7fa2",76,500,29,23,10,"blue","16023"
"67dd46602623d4bf857f7fa2",77,500,30,20,10,"blue","3932"
"67dd46602623d4bf857f7fa2",78,400,21,22,2,"blue","4028"
"67dd46602623d4bf857f7fa2",79,400,29,18,10,"blue","3821"
"67dd46602623d4bf857f7fa2",80,500,16,26,20,"blue","57130"
"67dd46602623d4bf857f7fa2",81,500,14,23,10,"blue","4477"
"67dd46602623d4bf857f7fa2",82,600,28,26,2,"blue","4200"
"67dd46602623d4bf857f7fa2",83,600,31,21,20,"blue","111488"
"67dd46602623d4bf857f7fa2",84,600,14,14,2,"blue","1897"
"67dd46602623d4bf857f7fa2",85,500,33,17,20,"blue","4440"
"67dd46602623d4bf857f7fa2",86,600,20,21,10,"blue","4881"
"67dd46602623d4bf857f7fa2",87,600,19,21,2,"blue","7278"
"67dd46602623d4bf857f7fa2",88,500,20,17,10,"blue","2514"
"67dd46602623d4bf857f7fa2",89,500,20,21,2,"blue","18695"
"67dd46602623d4bf857f7fa2",90,500,35,15,2,"blue","3298"
"67dd46602623d4bf857f7fa2",91,500,14,17,10,"blue","3661"
"67dd46602623d4bf857f7fa2",92,600,22,14,20,"blue","4548"
"67dd46602623d4bf857f7fa2",93,500,19,18,10,"blue","3520"
"67dd46602623d4bf857f7fa2",94,500,21,16,10,"blue","158361"
"67dd46602623d4bf857f7fa2",95,500,32,13,2,"blue","15273"
"67dd46602623d4bf857f7fa2",96,600,31,15,20,"blue","3880"
"67dd46602623d4bf857f7fa2",97,400,30,20,2,"blue","5268"
"67dd46602623d4bf857f7fa2",98,500,23,18,10,"blue","3621"
"67dd46602623d4bf857f7fa2",99,600,34,19,2,"blue","4642"
"67dd46602623d4bf857f7fa2",100,600,31,21,20,"blue","2719"
"67dd46602623d4bf857f7fa2",101,400,16,18,20,"blue","4234"
"67dd46602623d4bf857f7fa2",102,600,25,15,2,"blue","2457"
"67dd46602623d4bf857f7fa2",103,400,33,20,10,"blue","6373"
"67dd46602623d4bf857f7fa2",104,600,31,21,20,"blue","3532"
"67dd46602623d4bf857f7fa2",105,400,34,22,2,"blue","4046"
"67dd46602623d4bf857f7fa2",106,500,18,17,20,"blue","5914"
"67dd46602623d4bf857f7fa2",107,400,23,21,10,"blue","3345"
"67dd46602623d4bf857f7fa2",108,600,16,21,10,"blue","3126"
"67e081d172ca42eb59502aef",13,600,14,18,10,"blue","3086"
"67e081d172ca42eb59502aef",14,500,34,31,2,"blue","6184"
"67e081d172ca42eb59502aef",15,500,25,28,20,"blue","2434"
"67e081d172ca42eb59502aef",16,600,16,25,20,"blue","2459"
"67e081d172ca42eb59502aef",17,600,25,25,2,"blue","2142"
"67e081d172ca42eb59502aef",18,500,28,23,2,"blue","1786"
"67e081d172ca42eb59502aef",19,500,30,18,20,"blue","21253"
"67e081d172ca42eb59502aef",20,500,19,26,10,"blue","18282"
"67ee52fbbc516336cfa87256",13,600,14,16,10,"red","4400"
"67ee52fbbc516336cfa87256",14,600,26,25,10,"red","6360"
"67ee52fbbc516336cfa87256",15,600,29,30,20,"red","4614"
"67ee52fbbc516336cfa87256",16,600,34,38,20,"red","7073"
"67ee52fbbc516336cfa87256",17,600,19,11,10,"red","4265"
"67ee52fbbc516336cfa87256",18,600,19,12,20,"red","3312"
"67f054713cbdd6e7fdab28d4",13,600,30,30,10,"blue","4272"
"67f054713cbdd6e7fdab28d4",14,500,33,23,20,"blue","3821"
"67f054713cbdd6e7fdab28d4",15,600,35,31,2,"blue","3924"
"67f054713cbdd6e7fdab28d4",16,600,22,21,2,"blue","4377"
"67f054713cbdd6e7fdab28d4",17,400,24,21,2,"blue","4631"
"67f054713cbdd6e7fdab28d4",18,600,31,29,2,"blue","3308"
"67f054713cbdd6e7fdab28d4",19,400,21,22,2,"blue","5022"
"67f054713cbdd6e7fdab28d4",20,400,14,20,2,"blue","4192"
"67f054713cbdd6e7fdab28d4",21,400,16,26,10,"blue","5388"
"67f054713cbdd6e7fdab28d4",22,400,36,36,10,"blue","3807"
"67f054713cbdd6e7fdab28d4",23,500,22,35,10,"blue","3738"
"67f054713cbdd6e7fdab28d4",24,500,35,36,2,"blue","3175"
"67f054713cbdd6e7fdab28d4",25,500,24,29,10,"blue","2792"
"67f054713cbdd6e7fdab28d4",26,400,32,26,2,"blue","2510"
"67f054713cbdd6e7fdab28d4",27,500,26,25,2,"blue","3411"
"67f054713cbdd6e7fdab28d4",28,600,22,28,10,"blue","2716"
"67f054713cbdd6e7fdab28d4",29,600,24,22,20,"blue","2588"
"67f054713cbdd6e7fdab28d4",30,400,23,23,20,"blue","3640"
"67f054713cbdd6e7fdab28d4",31,600,27,25,20,"blue","2569"
"67f054713cbdd6e7fdab28d4",32,400,16,20,10,"blue","4653"
"67f054713cbdd6e7fdab28d4",33,600,25,20,2,"blue","3750"
"67f054713cbdd6e7fdab28d4",34,600,32,27,2,"blue","3833"
"67f054713cbdd6e7fdab28d4",35,500,23,24,2,"blue","5226"
"67f054713cbdd6e7fdab28d4",36,600,28,23,10,"blue","5918"
"67f054713cbdd6e7fdab28d4",37,400,18,20,10,"blue","2927"
"67f054713cbdd6e7fdab28d4",38,400,32,34,2,"blue","2868"
"67f054713cbdd6e7fdab28d4",39,600,26,32,20,"blue","2564"
"67f054713cbdd6e7fdab28d4",40,500,28,33,10,"blue","3104"
"67f054713cbdd6e7fdab28d4",41,600,26,32,20,"blue","3322"
"67f054713cbdd6e7fdab28d4",42,400,25,31,10,"blue","3193"
"67f054713cbdd6e7fdab28d4",43,600,25,34,10,"blue","3432"
"67f054713cbdd6e7fdab28d4",44,400,34,38,20,"blue","2986"
"67f054713cbdd6e7fdab28d4",45,600,14,29,20,"blue","3734"
"67f054713cbdd6e7fdab28d4",46,600,27,28,20,"blue","3605"
"67f054713cbdd6e7fdab28d4",47,500,26,23,20,"blue","2763"
"67f054713cbdd6e7fdab28d4",48,500,27,28,10,"blue","3271"
"67f054713cbdd6e7fdab28d4",49,400,36,31,20,"blue","3200"
"67f054713cbdd6e7fdab28d4",50,600,34,30,10,"blue","3147"
"67f054713cbdd6e7fdab28d4",51,400,16,22,10,"blue","2481"
"67f054713cbdd6e7fdab28d4",52,400,21,25,2,"blue","4421"
"67f054713cbdd6e7fdab28d4",53,600,20,30,20,"blue","3489"
"67f054713cbdd6e7fdab28d4",54,400,26,29,10,"blue","3020"
"67f054713cbdd6e7fdab28d4",55,400,25,25,2,"blue","4509"
"67f054713cbdd6e7fdab28d4",56,400,17,22,20,"blue","3741"
"67f054713cbdd6e7fdab28d4",57,400,24,30,20,"blue","3262"
"67f054713cbdd6e7fdab28d4",58,600,25,28,20,"blue","4039"
"67f054713cbdd6e7fdab28d4",59,400,23,26,2,"blue","4385"
"67f054713cbdd6e7fdab28d4",60,600,33,34,20,"blue","3922"
"67f054713cbdd6e7fdab28d4",61,400,23,14,2,"red","3541"
"67f054713cbdd6e7fdab28d4",62,400,16,19,2,"red","2229"
"67f054713cbdd6e7fdab28d4",63,400,31,35,20,"red","3509"
"67f054713cbdd6e7fdab28d4",64,600,17,23,10,"red","2541"
"67f054713cbdd6e7fdab28d4",65,400,14,15,2,"red","2843"
"67f054713cbdd6e7fdab28d4",66,400,17,19,20,"red","3263"
"67f054713cbdd6e7fdab28d4",67,600,30,33,10,"red","2477"
"67f054713cbdd6e7fdab28d4",68,400,31,38,20,"red","3779"
"67f054713cbdd6e7fdab28d4",69,600,22,29,10,"red","3160"
"67f054713cbdd6e7fdab28d4",70,600,16,25,10,"red","3247"
"67f054713cbdd6e7fdab28d4",71,500,14,22,10,"red","3149"
"67f054713cbdd6e7fdab28d4",72,400,30,35,10,"red","4346"
"67f054713cbdd6e7fdab28d4",73,400,17,19,2,"red","3371"
"67f054713cbdd6e7fdab28d4",74,500,29,26,2,"red","4170"
"67f054713cbdd6e7fdab28d4",75,500,29,29,20,"red","2787"
"67f054713cbdd6e7fdab28d4",76,400,30,28,20,"red","2372"
"67f054713cbdd6e7fdab28d4",77,500,32,33,2,"red","4692"
"67f054713cbdd6e7fdab28d4",78,400,35,37,10,"red","3407"
"67f054713cbdd6e7fdab28d4",79,400,18,22,20,"red","4373"
"67f054713cbdd6e7fdab28d4",80,400,23,18,2,"red","4954"
"67f054713cbdd6e7fdab28d4",81,400,18,22,10,"red","4342"
"67f054713cbdd6e7fdab28d4",82,600,26,26,20,"red","4009"
"67f054713cbdd6e7fdab28d4",83,500,24,16,2,"red","3269"
"67f054713cbdd6e7fdab28d4",84,400,23,27,10,"red","5593"
"67f054713cbdd6e7fdab28d4",85,400,36,40,20,"red","3970"
"67f054713cbdd6e7fdab28d4",86,400,36,37,20,"red","4105"
"67f054713cbdd6e7fdab28d4",87,600,20,26,20,"red","5224"
"67f054713cbdd6e7fdab28d4",88,600,19,23,2,"red","7834"
"67f054713cbdd6e7fdab28d4",89,400,15,20,20,"red","3784"
"67f054713cbdd6e7fdab28d4",90,600,33,29,2,"red","3178"
"67f054713cbdd6e7fdab28d4",91,400,35,40,10,"red","4065"
"67f054713cbdd6e7fdab28d4",92,400,31,27,10,"red","3929"
"67f054713cbdd6e7fdab28d4",93,500,35,26,2,"red","3762"
"67f054713cbdd6e7fdab28d4",94,500,20,30,10,"red","5946"
"67f054713cbdd6e7fdab28d4",95,500,26,26,20,"red","3048"
"67f054713cbdd6e7fdab28d4",96,600,30,32,20,"red","2866"
"67f054713cbdd6e7fdab28d4",97,500,21,12,2,"red","2162"
"67f054713cbdd6e7fdab28d4",98,400,16,16,2,"red","3942"
"67f054713cbdd6e7fdab28d4",99,600,22,24,10,"red","3109"
"67f054713cbdd6e7fdab28d4",100,500,31,24,20,"red","2940"
"67f054713cbdd6e7fdab28d4",101,400,26,30,2,"red","3774"
"67f054713cbdd6e7fdab28d4",102,400,15,17,10,"red","3694"
"67f054713cbdd6e7fdab28d4",103,600,26,32,10,"red","3686"
"67f054713cbdd6e7fdab28d4",104,400,14,10,2,"red","2937"
"67f054713cbdd6e7fdab28d4",105,400,31,36,10,"red","3861"
"67f054713cbdd6e7fdab28d4",106,400,36,43,20,"red","3668"
"67f054713cbdd6e7fdab28d4",107,500,25,32,20,"red","2835"
"67f054713cbdd6e7fdab28d4",108,600,26,36,2,"red","3292"
"68423451060859f8ce31ee5a",13,400,20,10,2,"red","10064"
"68423451060859f8ce31ee5a",14,500,28,26,10,"red","19641"
"68423451060859f8ce31ee5a",15,600,16,10,2,"red","6199"
"68423451060859f8ce31ee5a",16,400,35,25,10,"red","6005"
"68423451060859f8ce31ee5a",17,400,15,11,10,"red","3518"
"68423451060859f8ce31ee5a",18,500,30,25,2,"red","7094"
"68423451060859f8ce31ee5a",19,600,28,30,2,"red","6215"
"68423451060859f8ce31ee5a",20,600,25,30,20,"red","9008"
"68423451060859f8ce31ee5a",21,500,22,21,20,"red","3409"
"68423451060859f8ce31ee5a",22,400,28,26,20,"red","6846"
"68423451060859f8ce31ee5a",23,600,21,24,20,"red","6262"
"68423451060859f8ce31ee5a",24,500,29,27,20,"red","5499"
"68423451060859f8ce31ee5a",25,500,27,21,20,"red","4796"
"68423451060859f8ce31ee5a",26,400,36,39,2,"red","4902"
"68423451060859f8ce31ee5a",27,500,18,9,2,"red","3327"
"68423451060859f8ce31ee5a",28,600,35,23,10,"red","6845"
"68423451060859f8ce31ee5a",29,500,14,30,10,"red","12525"
"68423451060859f8ce31ee5a",30,500,23,35,2,"red","11238"
"68423451060859f8ce31ee5a",31,600,15,6,10,"red","4249"
"68423451060859f8ce31ee5a",32,600,25,23,20,"red","8083"
"68423451060859f8ce31ee5a",33,400,19,21,2,"red","15080"
"68423451060859f8ce31ee5a",34,400,31,23,10,"red","3737"
"68423451060859f8ce31ee5a",35,500,18,28,10,"red","4633"
"68423451060859f8ce31ee5a",36,400,15,19,20,"red","10414"
"68423451060859f8ce31ee5a",37,500,16,20,2,"red","5793"
"68423451060859f8ce31ee5a",38,600,21,25,2,"red","3508"
"68423451060859f8ce31ee5a",39,400,27,33,10,"red","5922"
"68423451060859f8ce31ee5a",40,400,19,22,2,"red","5498"
"68423451060859f8ce31ee5a",41,400,34,35,10,"red","4009"
"68423451060859f8ce31ee5a",42,400,28,29,10,"red","2245"
"68423451060859f8ce31ee5a",43,500,30,37,20,"red","3983"
"68423451060859f8ce31ee5a",44,400,22,18,2,"red","3333"
"68423451060859f8ce31ee5a",45,400,34,27,20,"red","3036"
"68423451060859f8ce31ee5a",46,400,32,23,10,"red","3883"
"68423451060859f8ce31ee5a",47,400,35,25,20,"red","4094"
"68423451060859f8ce31ee5a",48,400,31,25,2,"red","4747"
"68423451060859f8ce31ee5a",49,600,14,22,20,"red","4287"
"68423451060859f8ce31ee5a",50,500,36,24,10,"red","4163"
"68423451060859f8ce31ee5a",51,400,31,23,20,"red","6011"
"68423451060859f8ce31ee5a",52,600,26,30,10,"red","3691"
"68423451060859f8ce31ee5a",53,600,28,21,20,"red","3008"
"68423451060859f8ce31ee5a",54,600,14,21,20,"red","5309"
"68423451060859f8ce31ee5a",55,400,18,23,10,"red","7859"
"68423451060859f8ce31ee5a",56,600,14,14,2,"red","6007"
"68423451060859f8ce31ee5a",57,500,17,16,2,"red","8710"
"68423451060859f8ce31ee5a",58,500,17,14,10,"red","3151"
"68423451060859f8ce31ee5a",59,600,21,15,20,"red","2633"
"68423451060859f8ce31ee5a",60,400,24,14,2,"red","4735"
"68423451060859f8ce31ee5a",61,600,24,19,20,"blue","4925"
"68423451060859f8ce31ee5a",62,500,17,20,2,"blue","6175"
"68423451060859f8ce31ee5a",63,400,21,20,10,"blue","2587"
"68423451060859f8ce31ee5a",64,600,28,15,20,"blue","2470"
"68423451060859f8ce31ee5a",65,500,36,35,2,"blue","10922"
"68423451060859f8ce31ee5a",66,600,16,14,20,"blue","2437"
"68423451060859f8ce31ee5a",67,600,36,13,10,"blue","1897"
"68423451060859f8ce31ee5a",68,600,19,19,2,"blue","1744"
"68423451060859f8ce31ee5a",69,400,17,19,20,"blue","2540"
"68423451060859f8ce31ee5a",70,600,29,22,2,"blue","4866"
"68423451060859f8ce31ee5a",71,600,35,31,10,"blue","1826"
"68423451060859f8ce31ee5a",72,600,22,24,20,"blue","3153"
"68423451060859f8ce31ee5a",73,500,34,29,10,"blue","2391"
"68423451060859f8ce31ee5a",74,500,26,35,2,"blue","5616"
"68423451060859f8ce31ee5a",75,400,25,24,2,"blue","3219"
"68423451060859f8ce31ee5a",76,400,26,25,10,"blue","3252"
"68423451060859f8ce31ee5a",77,600,28,23,2,"blue","4555"
"68423451060859f8ce31ee5a",78,400,14,24,20,"blue","3514"
"68423451060859f8ce31ee5a",79,400,19,18,20,"blue","13530"
"68423451060859f8ce31ee5a",80,400,16,10,10,"blue","1815"
"68423451060859f8ce31ee5a",81,600,18,16,2,"blue","2981"
"68423451060859f8ce31ee5a",82,600,19,12,10,"blue","2104"
"68423451060859f8ce31ee5a",83,500,17,13,20,"blue","4950"
"68423451060859f8ce31ee5a",84,500,34,14,20,"blue","3229"
"68423451060859f8ce31ee5a",85,500,28,22,10,"blue","3255"
"68423451060859f8ce31ee5a",86,500,24,28,20,"blue","6971"
"68423451060859f8ce31ee5a",87,400,26,27,10,"blue","3092"
"68423451060859f8ce31ee5a",88,500,26,24,20,"blue","1842"
"68423451060859f8ce31ee5a",89,400,24,29,20,"blue","4861"
"68423451060859f8ce31ee5a",90,600,36,25,10,"blue","3950"
"68423451060859f8ce31ee5a",91,400,26,32,10,"blue","1796"
"68423451060859f8ce31ee5a",92,400,32,25,2,"blue","4020"
"68423451060859f8ce31ee5a",93,500,24,22,2,"blue","2490"
"68423451060859f8ce31ee5a",94,600,31,27,20,"blue","2026"
"68423451060859f8ce31ee5a",95,600,22,25,20,"blue","2086"
"68423451060859f8ce31ee5a",96,600,25,19,10,"blue","3683"
"68423451060859f8ce31ee5a",97,600,25,17,2,"blue","2322"
"68423451060859f8ce31ee5a",98,500,21,27,10,"blue","3821"
"68423451060859f8ce31ee5a",99,500,21,22,2,"blue","6454"
"68423451060859f8ce31ee5a",100,500,22,17,2,"blue","1864"
"68423451060859f8ce31ee5a",101,600,27,23,2,"blue","2362"
"68423451060859f8ce31ee5a",102,400,22,21,2,"blue","2493"
"68423451060859f8ce31ee5a",103,400,29,25,2,"blue","2848"
"68423451060859f8ce31ee5a",104,400,31,25,10,"blue","2374"
"68423451060859f8ce31ee5a",105,400,34,32,20,"blue","2115"
"68423451060859f8ce31ee5a",106,400,36,37,10,"blue","2706"
"68423451060859f8ce31ee5a",107,600,19,12,20,"blue","1691"
"68423451060859f8ce31ee5a",108,600,23,17,10,"blue","1728"
